unix,date,open,high,low,close,volume_base
1451883600,2016-01-04,77.79,78.65,76.54,77.76,1479238.0
1451970000,2016-01-05,78.33,78.51,77.0,77.24,766164.0
1452056400,2016-01-06,75.02,75.51,73.71,74.4,2378370.0
1452142800,2016-01-07,72.81,73.77,71.03,71.75,1697848.0
1452229200,2016-01-08,72.16,72.83,70.7,71.07,1494670.0
1452488400,2016-01-11,71.23,71.87,68.65,70.25,1794811.0
1452574800,2016-01-12,71.3,73.76,70.38,71.9,2045115.0
1452661200,2016-01-13,71.81,72.89,68.9,71.26,2297157.0
1452747600,2016-01-14,71.91,72.37,69.54,70.5,6628940.0
1452834000,2016-01-15,68.45,69.25,67.47,67.87,3201205.0
1453179600,2016-01-19,68.5,68.86,65.11,66.1,3400863.0
1453266000,2016-01-20,65.05,68.25,62.82,67.49,2939972.0
1453352400,2016-01-21,67.49,69.9,65.76,68.6,2377150.0
1453438800,2016-01-22,69.75,70.7,69.0,69.47,1112925.0
1453698000,2016-01-25,69.43,69.53,67.21,67.37,1168607.0
1453784400,2016-01-26,67.41,67.525,65.24,66.65,1666836.0
1453870800,2016-01-27,65.44,66.47,63.7,64.5,1933586.0
1453957200,2016-01-28,63.24,63.9,60.17,62.03,4983466.0
1454043600,2016-01-29,62.96,64.2,62.05,63.01,2246389.0
1454302800,2016-02-01,62.56,65.9,62.5,64.84,2356375.0
1454389200,2016-02-02,64.22,64.84,61.69,61.79,2759097.0
1454475600,2016-02-03,62.41,63.5,60.574,63.06,1810079.0
1454562000,2016-02-04,62.99,65.08,62.36,64.84,1915461.0
1454648400,2016-02-05,61.49,61.49,53.13,54.24,8579378.0
1454907600,2016-02-08,51.94,52.3,47.6075,48.97,6120093.0
1454994000,2016-02-09,48.36,52.21,47.32,48.9,5637989.0
1455080400,2016-02-10,49.74,51.93,49.3,49.96,2888889.0
1455166800,2016-02-11,49.2,50.625,47.88,50.33,3016903.0
1455253200,2016-02-12,50.92,52.42,48.57,49.25,2266003.0
1455598800,2016-02-16,49.37,51.63,48.86,50.53,2079514.0
1455685200,2016-02-17,50.69,55.88,50.69,54.78,3995233.0
1455771600,2016-02-18,54.53,55.64,53.45,54.04,2108762.0
1455858000,2016-02-19,54.72,58.19,54.72,57.12,3596079.0
1456117200,2016-02-22,57.77,59.24,56.84,57.32,2145298.0
1456203600,2016-02-23,57.09,57.6499,56.4,56.53,1797053.0
1456290000,2016-02-24,56.08,58.62,54.35,57.56,3756412.0
1456376400,2016-02-25,59.04,61.4,57.26,59.38,3624175.0
1456462800,2016-02-26,60.0,61.18,58.65,59.52,4039976.0
1456722000,2016-02-29,59.48,61.74,59.0,60.45,4711926.0
1456808400,2016-03-01,65.3,71.9,63.61,71.74,12432780.0
1456894800,2016-03-02,70.89,72.13,70.06,71.91,4981303.0
1456981200,2016-03-03,71.8,74.44,70.57,74.3,3261321.0
1457067600,2016-03-04,73.19,75.5,72.81,73.11,3355175.0
1457326800,2016-03-07,72.41,74.67,71.302,72.55,3890417.0
1457413200,2016-03-08,71.57,72.51,70.55,71.23,3276070.0
1457499600,2016-03-09,71.71,72.98,71.16,72.88,1709244.0
1457586000,2016-03-10,73.65,73.94,69.32,71.69,3148352.0
1457672400,2016-03-11,72.48,72.86,70.4701,71.19,2672783.0
1457928000,2016-03-14,70.99,72.7599,70.57,72.55,1687264.0
1458014400,2016-03-15,71.76,71.99,69.34,70.27,2851057.0
1458100800,2016-03-16,69.79,72.34,69.0608,71.39,3142655.0
1458187200,2016-03-17,70.96,71.93,69.56,70.16,2221107.0
1458273600,2016-03-18,70.4,72.31,69.89,72.0,2446681.0
1458532800,2016-03-21,72.0,73.99,71.68,73.03,1981112.0
1458619200,2016-03-22,72.17,73.1684,71.62,72.0,1460666.0
1458705600,2016-03-23,72.18,72.48,70.95,71.26,1356475.0
1458792000,2016-03-24,70.92,72.19,70.27,72.05,1795359.0
1459137600,2016-03-28,72.07,72.54,71.02,72.2,1353692.0
1459224000,2016-03-29,71.93,74.53,71.43,74.34,2032731.0
1459310400,2016-03-30,74.65,76.6,74.41,76.14,2440565.0
1459396800,2016-03-31,75.88,77.41,75.36,76.84,2337803.0
1459483200,2016-04-01,76.44,78.94,76.0,78.6,2851785.0
1459742400,2016-04-04,78.6,80.0,78.37,78.92,1721320.0
1459828800,2016-04-05,78.31,79.06,77.53,78.13,1503850.0
1459915200,2016-04-06,77.91,79.29,77.16,79.01,1811591.0
1460001600,2016-04-07,78.41,78.84,77.18,77.98,2053191.0
1460088000,2016-04-08,78.38,78.97,77.01,78.29,1160309.0
1460347200,2016-04-11,78.98,78.99,76.96,77.03,1094883.0
1460433600,2016-04-12,77.0,77.264,75.04,76.41,1356457.0
1460520000,2016-04-13,77.0,79.0,76.69,78.87,1329981.0
1460606400,2016-04-14,78.57,78.92,77.5,77.67,1298772.0
1460692800,2016-04-15,77.35,77.64,75.51,76.8,2321252.0
1460952000,2016-04-18,76.43,78.76,76.23,77.66,1473628.0
1461038400,2016-04-19,78.0,78.03,74.78,75.38,1780255.0
1461124800,2016-04-20,75.74,76.817,74.32,76.26,1327771.0
1461211200,2016-04-21,78.24,79.9,77.2999,77.44,2036561.0
1461297600,2016-04-22,76.81,77.49,75.2,76.95,1369743.0
1461556800,2016-04-25,75.44,76.7,75.33,76.23,1303071.0
1461643200,2016-04-26,76.45,76.7,75.5,76.26,1042632.0
1461729600,2016-04-27,76.14,76.69,75.25,75.93,765751.0
1461816000,2016-04-28,75.82,76.91,74.9,75.17,830895.0
1461902400,2016-04-29,75.59,76.26,73.77,74.98,1042369.0
1462161600,2016-05-02,74.95,75.56,74.07,75.45,1077898.0
1462248000,2016-05-03,74.45,74.79,71.39,72.4,1928642.0
1462334400,2016-05-04,72.12,72.28,70.55,71.27,1326582.0
1462420800,2016-05-05,71.41,72.95,71.12,71.52,1508042.0
1462507200,2016-05-06,70.58,71.82,69.19,70.97,2113961.0
1462766400,2016-05-09,69.1,70.95,69.0,70.23,1431820.0
1462852800,2016-05-10,70.27,72.68,70.24,72.61,1248439.0
1462939200,2016-05-11,72.26,72.8,71.57,71.61,863910.0
1463025600,2016-05-12,72.0,72.16,70.46,71.05,1348178.0
1463112000,2016-05-13,70.67,71.71,70.21,70.65,1168489.0
1463371200,2016-05-16,70.75,72.71,70.51,72.41,1267009.0
1463457600,2016-05-17,72.28,73.23,71.6328,71.83,1161427.0
1463544000,2016-05-18,71.54,73.66,71.4,72.72,859075.0
1463630400,2016-05-19,73.1,75.42,72.7,73.58,2217247.0
1463716800,2016-05-20,74.21,75.32,73.56,75.26,1506288.0
1463976000,2016-05-23,75.03,75.87,74.62,75.19,972397.0
1464062400,2016-05-24,75.19,77.24,75.0,76.94,1138693.0
1464148800,2016-05-25,77.47,78.57,77.26,77.82,1473120.0
1464235200,2016-05-26,77.87,78.93,77.82,78.0,1284651.0
1464321600,2016-05-27,75.63,76.4,73.6,76.03,3620440.0
1464667200,2016-05-31,75.99,77.14,75.411,75.84,5169945.0
1464753600,2016-06-01,74.5,77.99,73.5,77.38,5150620.0
1464840000,2016-06-02,77.0,78.2,76.46,78.18,2782445.0
1464926400,2016-06-03,77.63,80.16,77.18,80.14,3348029.0
1465185600,2016-06-06,80.25,82.0,79.83,81.84,2342743.0
1465272000,2016-06-07,81.64,82.0,80.82,81.32,1413748.0
1465358400,2016-06-08,81.57,81.61,80.43,80.46,1266166.0
1465444800,2016-06-09,79.67,80.51,79.18,79.89,1256509.0
1465531200,2016-06-10,79.23,79.35,77.32,77.63,1367627.0
1465790400,2016-06-13,77.32,79.94,77.32,78.89,1997630.0
1465876800,2016-06-14,78.42,81.22,78.33,80.85,2207809.0
1465963200,2016-06-15,80.39,81.56,80.01,80.23,1728898.0
1466049600,2016-06-16,79.55,79.68,78.12,79.3,1637033.0
1466136000,2016-06-17,79.0,79.255,78.28,78.6,1923688.0
1466395200,2016-06-20,79.51,80.39,79.09,79.33,1483796.0
1466481600,2016-06-21,79.55,80.07,79.01,79.41,1036113.0
1466568000,2016-06-22,79.12,79.46,78.12,78.21,1020448.0
1466654400,2016-06-23,79.07,80.39,78.73,80.33,1079016.0
1466740800,2016-06-24,76.88,78.0,73.39,74.03,4829686.0
1467000000,2016-06-27,72.98,73.01,69.15,69.46,3488843.0
1467086400,2016-06-28,71.17,73.0,70.01,70.72,1738419.0
1467172800,2016-06-29,71.5,73.97,71.48,73.89,1535249.0
1467259200,2016-06-30,74.1,74.71,73.027,74.67,1636977.0
1467345600,2016-07-01,74.26,75.66,73.68,74.34,1149125.0
1467691200,2016-07-05,73.99,74.12,71.82,72.65,1937709.0
1467777600,2016-07-06,72.34,73.41,71.295,72.6,1200435.0
1467864000,2016-07-07,73.13,73.91,72.71,73.79,1078924.0
1467950400,2016-07-08,74.55,76.1,73.98,75.71,1130705.0
1468209600,2016-07-11,75.9,78.08,75.9,77.57,1486156.0
1468296000,2016-07-12,78.0,82.22,77.13,80.48,3817941.0
1468382400,2016-07-13,80.23,81.14,79.295,79.73,1451786.0
1468468800,2016-07-14,80.35,80.71,79.42,79.94,1372889.0
1468555200,2016-07-15,80.0,80.0,78.31,78.85,1391480.0
1468814400,2016-07-18,78.58,78.96,78.25,78.41,1045825.0
1468900800,2016-07-19,78.07,79.2,77.831,78.96,1019793.0
1468987200,2016-07-20,78.2,80.5,77.8,79.82,1152766.0
1469073600,2016-07-21,79.6,80.3,77.9,78.18,794224.0
1469160000,2016-07-22,78.77,80.17,78.05,79.97,814752.0
1469419200,2016-07-25,79.99,81.0,79.37,80.03,912226.0
1469505600,2016-07-26,79.99,80.24,79.27,80.1,890091.0
1469592000,2016-07-27,80.55,81.67,80.395,81.24,1741044.0
1469678400,2016-07-28,83.62,85.0,82.86,83.09,2604193.0
1469764800,2016-07-29,82.72,83.5,80.811,83.34,2085496.0
1470024000,2016-08-01,83.34,83.39,82.16,82.74,838001.0
1470110400,2016-08-02,82.54,82.65,79.62,80.39,1316734.0
1470196800,2016-08-03,79.8,82.06,79.43,82.03,819830.0
1470283200,2016-08-04,81.78,82.72,81.78,82.34,644478.0
1470369600,2016-08-05,82.51,83.2,82.51,83.09,476265.0
1470628800,2016-08-08,83.09,83.45,82.445,82.62,581527.0
1470715200,2016-08-09,83.04,83.28,82.74,83.05,869346.0
1470801600,2016-08-10,82.99,83.05,81.63,82.51,853890.0
1470888000,2016-08-11,83.0,83.88,82.43,83.65,708577.0
1470974400,2016-08-12,83.55,83.939,83.14,83.49,452041.0
1471233600,2016-08-15,84.46,84.48,82.73,83.65,1201413.0
1471320000,2016-08-16,83.17,83.46,81.69,82.25,1372804.0
1471406400,2016-08-17,82.25,82.68,80.35,80.7,1518353.0
1471492800,2016-08-18,80.67,81.92,79.82,81.37,1250967.0
1471579200,2016-08-19,81.0,82.45,79.97,82.08,1287250.0
1471838400,2016-08-22,79.39,79.98,78.34,79.24,2236520.0
1471924800,2016-08-23,80.11,81.15,79.79,79.95,2204145.0
1472011200,2016-08-24,80.44,81.3999,79.07,79.65,3479802.0
1472097600,2016-08-25,85.36,85.96,82.49,85.33,10093425.0
1472184000,2016-08-26,84.8,84.83,82.13,83.08,3025987.0
1472443200,2016-08-29,83.25,83.75,82.82,83.36,1064595.0
1472529600,2016-08-30,83.19,85.0,83.18,84.97,1361033.0
1472616000,2016-08-31,84.79,85.1,84.27,84.79,1632325.0
1472702400,2016-09-01,84.0462,87.94,84.0,87.89,3688710.0
1472788800,2016-09-02,87.29,89.4,86.85,88.98,2539069.0
1473134400,2016-09-06,89.34,90.3,88.98,90.1,2147239.0
1473220800,2016-09-07,89.98,90.73,88.885,89.28,2090544.0
1473307200,2016-09-08,88.84,89.7,88.43,88.73,2617916.0
1473393600,2016-09-09,88.07,88.62,86.7,87.22,1571713.0
1473652800,2016-09-12,86.41,87.86,86.03,87.51,1781853.0
1473739200,2016-09-13,87.0,87.45,85.37,86.67,1566876.0
1473825600,2016-09-14,86.44,87.38,85.86,86.73,1604919.0
1473912000,2016-09-15,86.94,88.94,86.46,88.5,1510303.0
1473998400,2016-09-16,87.7,89.06,86.99,88.93,1947704.0
1474257600,2016-09-19,89.28,90.15,88.37,88.65,1565839.0
1474344000,2016-09-20,89.23,89.62,88.12,88.69,941881.0
1474430400,2016-09-21,89.36,90.73,88.81,90.52,957334.0
1474516800,2016-09-22,89.98,90.88,89.97,90.28,1244604.0
1474603200,2016-09-23,90.28,90.28,89.27,89.51,811634.0
1474862400,2016-09-26,88.99,88.99,87.82,88.32,1553639.0
1474948800,2016-09-27,88.32,89.86,88.01,89.79,1139560.0
1475035200,2016-09-28,90.58,90.95,89.265,90.88,1930231.0
1475121600,2016-09-29,90.7,91.39,90.21,90.36,1410392.0
1475208000,2016-09-30,91.0,92.46,90.7,91.69,1621134.0
1475467200,2016-10-03,91.56,92.11,90.25,91.18,1072432.0
1475553600,2016-10-04,91.18,91.75,90.22,90.49,1393903.0
1475640000,2016-10-05,90.79,92.5,90.61,92.05,1758016.0
1475726400,2016-10-06,92.79,93.0,91.0901,91.56,1449719.0
1475812800,2016-10-07,91.13,91.62,90.135,91.04,1094785.0
1476072000,2016-10-10,91.45,93.35,91.45,91.78,872010.0
1476158400,2016-10-11,91.46,91.6,87.85,88.29,1390324.0
1476244800,2016-10-12,87.94,88.27,87.02,87.62,1044786.0
1476331200,2016-10-13,86.9,87.56,86.24,87.15,935574.0
1476417600,2016-10-14,87.95,89.09,86.77,87.01,1197472.0
1476676800,2016-10-17,87.01,87.44,85.93,86.08,1313972.0
1476763200,2016-10-18,87.38,87.72,86.47,86.54,982546.0
1476849600,2016-10-19,87.02,87.94,86.6401,87.3,1073894.0
1476936000,2016-10-20,86.85,88.29,86.8,88.07,911453.0
1477022400,2016-10-21,87.82,88.51,87.09,88.48,666860.0
1477281600,2016-10-24,89.07,89.35,88.29,88.54,911535.0
1477368000,2016-10-25,88.36,88.84,87.52,87.71,824941.0
1477454400,2016-10-26,87.14,87.75,86.31,86.68,858975.0
1477540800,2016-10-27,87.9,88.49,85.51,85.76,1482353.0
1477627200,2016-10-28,85.92,87.39,85.92,86.2,888597.0
1477886400,2016-10-31,86.58,87.05,85.53,86.68,1225446.0
1477972800,2016-11-01,87.22,87.26,84.37,84.96,1133209.0
1478059200,2016-11-02,84.09,84.93,82.38,83.1,1165638.0
1478145600,2016-11-03,83.1,83.82,82.63,83.0,656018.0
1478232000,2016-11-04,83.06,83.78,82.3,82.77,947492.0
1478494800,2016-11-07,84.28,86.15,84.1,85.59,791831.0
1478581200,2016-11-08,85.09,86.76,84.67,85.7,1148993.0
1478667600,2016-11-09,83.75,86.59,83.75,84.97,1267504.0
1478754000,2016-11-10,85.38,86.78,81.26,82.08,2023002.0
1478840400,2016-11-11,82.0,83.03,81.47,82.74,1293845.0
1479099600,2016-11-14,83.07,83.34,80.43,80.52,2032876.0
1479186000,2016-11-15,81.26,82.295,80.34,81.41,1600045.0
1479272400,2016-11-16,80.14,81.73,78.05,80.92,2003420.0
1479358800,2016-11-17,80.92,83.39,80.83,83.14,980451.0
1479445200,2016-11-18,83.82,84.61,82.4801,82.75,1376717.0
1479704400,2016-11-21,82.79,84.14,82.33,83.85,1117719.0
1479790800,2016-11-22,83.02,83.835,81.56,83.15,1653238.0
1479877200,2016-11-23,82.77,83.3,82.31,83.13,1256928.0
1480050000,2016-11-25,83.42,84.11,83.0,83.64,536879.0
1480309200,2016-11-28,83.61,84.39,83.14,83.18,1269532.0
1480395600,2016-11-29,83.29,84.58,83.0,84.05,1651553.0
1480482000,2016-11-30,84.93,85.98,83.92,84.32,1823461.0
1480568400,2016-12-01,84.43,84.84,79.88,81.6,4555995.0
1480654800,2016-12-02,68.92,74.3096,67.03,71.4,23314555.0
1480914000,2016-12-05,71.45,74.35,71.4,73.68,6378027.0
1481000400,2016-12-06,73.85,73.85,72.05,73.5,2771392.0
1481086800,2016-12-07,73.06,73.38,72.075,72.7,3155787.0
1481173200,2016-12-08,72.86,73.2,71.44,71.81,3686028.0
1481259600,2016-12-09,71.99,72.41,70.06,70.65,2652873.0
1481518800,2016-12-12,70.6,71.02,69.7,70.02,2595969.0
1481605200,2016-12-13,70.4,71.59,70.09,70.56,2020580.0
1481691600,2016-12-14,70.6,70.77,68.51,68.92,2691366.0
1481778000,2016-12-15,68.92,69.63,68.5315,69.41,2179573.0
1481864400,2016-12-16,68.17,69.54,68.17,69.0,3419002.0
1482123600,2016-12-19,68.82,69.43,68.67,69.13,2128698.0
1482210000,2016-12-20,69.38,69.38,68.01,68.66,1890728.0
1482296400,2016-12-21,68.58,68.85,67.36,67.9,1739926.0
1482382800,2016-12-22,67.98,68.32,66.11,66.55,2369278.0
1482469200,2016-12-23,66.69,67.49,66.61,67.47,1535075.0
1482814800,2016-12-27,67.86,68.48,67.56,68.1,1412176.0
1482901200,2016-12-28,68.05,68.11,66.68,66.93,1578609.0
1482987600,2016-12-29,66.7,67.29,66.57,67.04,1259875.0
1483074000,2016-12-30,67.28,67.28,65.79,66.09,1042728.0
1483419600,2017-01-03,66.75,69.1,66.75,68.38,1630445.0
1483506000,2017-01-04,68.67,71.45,68.67,71.36,2647516.0
1483592400,2017-01-05,71.38,72.42,70.93,72.28,3012348.0
1483678800,2017-01-06,72.59,73.95,71.56,73.85,2057811.0
1483938000,2017-01-09,73.9,74.78,72.97,74.76,2551225.0
1484024400,2017-01-10,74.91,75.0,73.31,74.35,1425537.0
1484110800,2017-01-11,76.7,81.77,76.5,81.7,7976507.0
1484197200,2017-01-12,80.51,80.91,78.16,80.12,2979150.0
1484283600,2017-01-13,80.13,81.16,79.91,80.89,1457283.0
1484629200,2017-01-17,80.83,81.07,79.11,80.99,2260186.0
1484715600,2017-01-18,81.12,82.24,80.38,82.11,2065037.0
1484802000,2017-01-19,82.25,82.97,81.56,82.04,1258476.0
1484888400,2017-01-20,82.04,82.47,80.75,81.78,1329076.0
1485147600,2017-01-23,82.0,82.23,81.38,82.08,1104339.0
1485234000,2017-01-24,82.56,82.97,82.08,82.63,1143911.0
1485320400,2017-01-25,83.68,85.18,83.52,84.73,1268782.0
1485406800,2017-01-26,85.06,85.91,83.64,84.1,1063535.0
1485493200,2017-01-27,84.61,85.2,84.29,84.77,1122225.0
1485752400,2017-01-30,84.11,84.11,81.39,82.71,1934040.0
1485838800,2017-01-31,82.73,83.25,81.3,83.09,1332446.0
1485925200,2017-02-01,83.92,84.415,81.5,82.38,1513015.0
1486011600,2017-02-02,82.49,83.25,81.46,82.67,1611373.0
1486098000,2017-02-03,83.5,84.57,83.36,84.4,1239607.0
1486357200,2017-02-06,83.86,85.44,83.65,85.37,1183445.0
1486443600,2017-02-07,88.0,88.0,85.93,86.05,2487672.0
1486530000,2017-02-08,85.9,87.0,85.71,85.8,1088081.0
1486616400,2017-02-09,85.89,86.645,85.7,86.0,1469786.0
1486702800,2017-02-10,86.0,86.316,85.1,85.52,1273624.0
1486962000,2017-02-13,85.6,86.26,85.21,85.41,1631715.0
1487048400,2017-02-14,85.3,86.25,85.05,86.24,859300.0
1487134800,2017-02-15,86.14,87.15,85.37,87.06,1166727.0
1487221200,2017-02-16,87.13,87.87,84.8,85.5,1782264.0
1487307600,2017-02-17,87.43,89.45,86.72,88.43,2232141.0
1487653200,2017-02-21,88.4,88.77,87.93,88.64,1124236.0
1487739600,2017-02-22,88.16,88.63,87.91,88.22,681698.0
1487826000,2017-02-23,88.4,88.83,87.32,88.19,1623397.0
1487912400,2017-02-24,87.35,89.76,87.35,89.66,2388049.0
1488171600,2017-02-27,89.59,92.46,89.23,90.19,6673936.0
1488258000,2017-02-28,82.2,85.3,82.2,82.93,7687488.0
1488344400,2017-03-01,83.4,85.4,81.59,84.95,4613318.0
1488430800,2017-03-02,84.95,85.48,83.93,84.0,1718702.0
1488517200,2017-03-03,83.97,84.45,83.49,83.94,1251410.0
1488776400,2017-03-06,83.55,83.58,82.3,82.67,1624266.0
1488862800,2017-03-07,82.72,83.49,82.19,82.8,1664796.0
1488949200,2017-03-08,82.9,83.63,82.61,82.89,992016.0
1489035600,2017-03-09,82.87,83.032,81.66,82.23,926426.0
1489122000,2017-03-10,82.86,83.0,82.11,82.65,1351444.0
1489377600,2017-03-13,82.86,84.57,82.82,84.49,1691533.0
1489464000,2017-03-14,83.94,84.48,82.63,83.96,965920.0
1489550400,2017-03-15,84.11,84.11,82.19,83.58,1324303.0
1489636800,2017-03-16,83.82,85.41,83.5,85.04,1256052.0
1489723200,2017-03-17,85.04,86.32,84.84,84.96,1819628.0
1489982400,2017-03-20,85.32,86.25,84.79,85.5,922176.0
1490068800,2017-03-21,85.83,86.19,81.6,81.82,1772536.0
1490155200,2017-03-22,81.91,82.49,80.61,81.45,1826704.0
1490241600,2017-03-23,81.82,81.93,81.0,81.47,1324904.0
1490328000,2017-03-24,81.84,83.8679,81.69,82.95,1289464.0
1490587200,2017-03-27,81.86,83.37,81.31,82.92,1016024.0
1490673600,2017-03-28,82.92,84.18,82.4,83.73,671142.0
1490760000,2017-03-29,83.81,84.9,83.27,84.58,962595.0
1490846400,2017-03-30,84.31,84.83,83.64,83.7,596102.0
1490932800,2017-03-31,83.85,84.0,83.26,83.28,788276.0
1491192000,2017-04-03,83.27,83.52,81.36,82.32,1347659.0
1491278400,2017-04-04,81.97,83.365,81.97,82.29,836134.0
1491364800,2017-04-05,82.58,84.34,82.34,82.4,1280373.0
1491451200,2017-04-06,82.43,83.34,81.98,82.97,756983.0
1491537600,2017-04-07,83.0,83.255,82.3,82.52,1244356.0
1491796800,2017-04-10,82.48,82.734,81.73,81.86,983984.0
1491883200,2017-04-11,81.72,82.02,80.76,81.31,1416482.0
1491969600,2017-04-12,82.55,85.71,82.48,83.45,2993159.0
1492056000,2017-04-13,83.12,84.52,83.1,83.6,1346193.0
1492401600,2017-04-17,83.52,84.115,82.57,83.76,2021461.0
1492488000,2017-04-18,83.04,83.81,82.85,83.58,1235057.0
1492574400,2017-04-19,83.8,84.9325,83.8,84.35,1336270.0
1492660800,2017-04-20,84.52,85.94,84.28,85.71,1153589.0
1492747200,2017-04-21,85.845,85.91,84.91,85.0,1155680.0
1493006400,2017-04-24,85.7,87.08,85.46,86.88,1017523.0
1493092800,2017-04-25,87.25,88.43,86.87,86.87,1200654.0
1493179200,2017-04-26,86.97,86.97,86.03,86.62,657855.0
1493265600,2017-04-27,86.69,87.54,86.25,86.83,779684.0
1493352000,2017-04-28,86.85,87.78,86.31,87.4,891035.0
1493611200,2017-05-01,87.62,88.87,87.09,88.65,1019498.0
1493697600,2017-05-02,88.65,89.73,87.9,89.35,1603483.0
1493784000,2017-05-03,89.17,89.41,88.431,89.27,979534.0
1493870400,2017-05-04,89.31,91.52,89.2,90.65,1958933.0
1493956800,2017-05-05,90.6,92.0,90.34,91.86,1611178.0
1494216000,2017-05-08,91.46,91.91,90.215,90.26,2292856.0
1494302400,2017-05-09,90.32,90.41,89.66,89.78,1207860.0
1494388800,2017-05-10,90.34,90.4899,89.6,90.17,725651.0
1494475200,2017-05-11,90.07,90.07,88.64,89.07,1288664.0
1494561600,2017-05-12,89.34,91.23,88.8,90.89,1103281.0
1494820800,2017-05-15,92.0,96.03,91.76,95.72,3846950.0
1494907200,2017-05-16,95.58,96.8008,95.1,96.53,2404893.0
1494993600,2017-05-17,95.73,96.29,93.48,93.75,1578754.0
1495080000,2017-05-18,93.35,95.55,92.95,95.44,1904013.0
1495166400,2017-05-19,96.12,99.48,95.77,97.82,2903538.0
1495425600,2017-05-22,98.12,100.4025,98.08,99.49,1463661.0
1495512000,2017-05-23,99.51,99.91,97.93,98.44,1592808.0
1495598400,2017-05-24,99.0,99.5,98.05,99.42,822803.0
1495684800,2017-05-25,100.0,101.33,99.52,100.5,1108498.0
1495771200,2017-05-26,100.0,100.73,99.1,99.99,2075246.0
1496116800,2017-05-30,100.01,101.07,99.0,99.31,1637218.0
1496203200,2017-05-31,99.57,100.85,99.01,99.98,3027586.0
1496289600,2017-06-01,100.12,101.61,99.57,101.5,4081685.0
1496376000,2017-06-02,99.27,104.53,99.2,104.41,5313020.0
1496635200,2017-06-05,102.85,103.9,102.38,102.87,2775713.0
1496721600,2017-06-06,102.51,103.81,102.37,102.66,1479088.0
1496808000,2017-06-07,103.0,103.09,101.39,102.5,1724752.0
1496894400,2017-06-08,102.35,103.0,101.3239,102.84,1951699.0
1496980800,2017-06-09,102.96,104.2,96.51,97.97,3406540.0
1497240000,2017-06-12,96.55,98.81,92.7948,97.35,3523355.0
1497326400,2017-06-13,98.43,100.34,97.5,98.67,1296172.0
1497412800,2017-06-14,99.6,100.38,97.29,98.58,1902878.0
1497499200,2017-06-15,97.07,99.19,96.3,98.27,2412370.0
1497585600,2017-06-16,98.17,99.39,97.46,98.39,1911764.0
1497844800,2017-06-19,98.82,100.66,98.58,100.21,1212454.0
1497931200,2017-06-20,100.15,100.82,98.72,98.94,1122076.0
1498017600,2017-06-21,99.71,102.31,99.4,102.24,1351809.0
1498104000,2017-06-22,102.56,103.38,101.2,102.83,1412563.0
1498190400,2017-06-23,102.91,104.315,102.81,103.33,1969242.0
1498449600,2017-06-26,103.68,104.8,101.63,102.23,1259327.0
1498536000,2017-06-27,101.93,102.46,98.21,98.36,2241745.0
1498622400,2017-06-28,99.09,99.3,96.63,98.94,2091483.0
1498708800,2017-06-29,98.57,98.714,95.79,96.45,1565563.0
1498795200,2017-06-30,97.1,98.25,96.04,97.0,1141634.0
1499054400,2017-07-03,97.72,97.82,94.4,95.53,562128.0
1499227200,2017-07-05,95.67,97.51,95.6,96.95,1259171.0
1499313600,2017-07-06,95.98,96.96,95.432,95.64,819734.0
1499400000,2017-07-07,96.42,97.77,95.905,97.1,1229583.0
1499659200,2017-07-10,97.45,98.68,96.87,98.41,1177414.0
1499745600,2017-07-11,98.05,99.7795,97.7501,99.38,1386375.0
1499832000,2017-07-12,100.45,103.31,100.08,102.95,2483406.0
1499918400,2017-07-13,103.68,104.11,102.0709,102.22,1284593.0
1500004800,2017-07-14,102.74,104.6393,102.65,103.78,1148939.0
1500264000,2017-07-17,103.78,104.0,101.95,102.89,1640962.0
1500350400,2017-07-18,102.14,103.0448,101.81,102.54,959076.0
1500436800,2017-07-19,102.92,103.35,102.23,102.7,901043.0
1500523200,2017-07-20,102.75,103.51,101.73,103.13,799044.0
1500609600,2017-07-21,102.52,103.32,102.0,102.64,627123.0
1500868800,2017-07-24,102.75,103.9,102.35,103.65,810289.0
1500955200,2017-07-25,103.64,104.32,102.77,103.83,652108.0
1501041600,2017-07-26,104.44,106.26,104.08,105.2,940803.0
1501128000,2017-07-27,105.66,106.75,101.011,102.68,1310797.0
1501214400,2017-07-28,102.3,103.98,101.85,103.25,1031438.0
1501473600,2017-07-31,103.36,103.6672,101.23,102.11,922018.0
1501560000,2017-08-01,103.13,103.6249,102.2,103.51,894740.0
1501646400,2017-08-02,104.0,104.0,98.2,100.08,1538450.0
1501732800,2017-08-03,100.29,101.22,99.21,100.91,1110597.0
1501819200,2017-08-04,101.0,102.18,100.805,101.17,857710.0
1502078400,2017-08-07,101.03,101.99,100.31,100.8,674969.0
1502164800,2017-08-08,100.54,101.94,99.1,101.11,1124257.0
1502251200,2017-08-09,100.19,101.92,99.615,101.16,650697.0
1502337600,2017-08-10,100.17,100.63,96.83,98.14,1641693.0
1502424000,2017-08-11,98.17,99.96,98.08,99.38,911304.0
1502683200,2017-08-14,100.59,102.78,100.08,102.37,727161.0
1502769600,2017-08-15,102.53,102.53,101.13,101.9,824343.0
1502856000,2017-08-16,102.12,106.59,102.12,106.2,1745534.0
1502942400,2017-08-17,105.77,106.19,102.76,102.9,1002939.0
1503028800,2017-08-18,102.72,103.33,101.26,101.4,1811847.0
1503288000,2017-08-21,101.44,102.44,100.785,101.32,1048164.0
1503374400,2017-08-22,102.2,105.1,101.57,104.89,1333859.0
1503460800,2017-08-23,103.74,106.0,103.59,103.79,1207365.0
1503547200,2017-08-24,104.33,105.28,104.02,104.37,811693.0
1503633600,2017-08-25,105.4,105.6,103.21,103.57,743390.0
1503892800,2017-08-28,104.02,104.31,102.45,103.5,1216581.0
1503979200,2017-08-29,102.61,105.14,102.445,104.41,1168203.0
1504065600,2017-08-30,104.28,107.88,104.17,107.54,3505268.0
1504152000,2017-08-31,109.44,111.45,107.21,109.69,5095747.0
1504238400,2017-09-01,109.6,109.69,108.11,108.84,1881343.0
1504584000,2017-09-05,108.05,108.4199,106.11,108.16,1701550.0
1504670400,2017-09-06,108.16,108.9699,106.17,108.5,1513501.0
1504756800,2017-09-07,109.09,110.33,108.32,109.82,1847139.0
1504843200,2017-09-08,109.75,110.95,107.71,107.9,1388706.0
1505102400,2017-09-11,108.97,109.28,107.75,108.27,1487523.0
1505188800,2017-09-12,108.3,109.25,105.3,106.98,3876151.0
1505275200,2017-09-13,107.29,107.87,106.62,107.02,5613367.0
1505361600,2017-09-14,106.6,106.8,105.12,105.55,1662246.0
1505448000,2017-09-15,105.61,105.97,103.75,105.04,2514212.0
1505707200,2017-09-18,105.1,106.91,105.08,106.56,2206048.0
1505793600,2017-09-19,106.82,107.25,105.82,106.28,1497295.0
1505880000,2017-09-20,105.79,105.8099,103.875,105.0,2456313.0
1505966400,2017-09-21,104.57,104.83,102.6,103.83,1645187.0
1506052800,2017-09-22,103.38,104.52,103.27,103.89,1319170.0
1506312000,2017-09-25,103.96,104.24,99.8,100.27,3318361.0
1506398400,2017-09-26,100.92,101.47,98.46,99.8,2411540.0
1506484800,2017-09-27,100.27,101.4,99.7,100.72,2175740.0
1506571200,2017-09-28,100.47,101.97,99.95,101.85,1573455.0
1506657600,2017-09-29,102.19,105.66,102.09,105.39,2301074.0
1506916800,2017-10-02,105.3,105.849,102.78,103.29,1675680.0
1507003200,2017-10-03,103.19,105.28,103.161,104.52,1140992.0
1507089600,2017-10-04,104.95,105.59,103.69,105.26,927311.0
1507176000,2017-10-05,105.91,107.53,104.995,107.03,1606170.0
1507262400,2017-10-06,106.7,110.59,106.231,110.23,2342727.0
1507521600,2017-10-09,110.23,110.23,108.06,108.69,1434501.0
1507608000,2017-10-10,109.63,110.17,107.56,108.31,1424124.0
1507694400,2017-10-11,108.18,109.53,106.28,108.51,2067365.0
1507780800,2017-10-12,108.46,109.04,107.19,108.64,1755918.0
1507867200,2017-10-13,108.65,109.74,108.09,109.36,1675126.0
1508126400,2017-10-16,109.36,110.29,106.87,107.23,1786999.0
1508212800,2017-10-17,106.8,107.81,106.23,107.62,2123164.0
1508299200,2017-10-18,107.51,107.78,105.89,107.18,1156663.0
1508385600,2017-10-19,106.79,107.58,105.403,106.77,1429752.0
1508472000,2017-10-20,107.01,109.43,106.82,108.56,1141567.0
1508731200,2017-10-23,109.22,109.22,107.33,107.75,2064933.0
1508817600,2017-10-24,108.1,108.27,106.79,107.18,1071415.0
1508904000,2017-10-25,107.04,107.91,104.512,105.8,1803238.0
1508990400,2017-10-26,104.74,107.68,104.56,107.12,782437.0
1509076800,2017-10-27,108.02,109.55,107.11,108.51,1021293.0
1509336000,2017-10-30,108.6,109.26,107.695,108.42,1120925.0
1509422400,2017-10-31,108.12,111.83,107.895,110.99,1946062.0
1509508800,2017-11-01,111.94,111.94,108.55,110.27,1133331.0
1509595200,2017-11-02,109.92,111.66,109.18,110.6,882474.0
1509681600,2017-11-03,107.66,110.93,107.44,109.76,1144533.0
1509944400,2017-11-06,110.0,110.6,108.3,108.42,1176596.0
1510030800,2017-11-07,108.25,108.98,107.57,108.53,829910.0
1510117200,2017-11-08,108.14,111.87,107.77,110.88,1351240.0
1510203600,2017-11-09,108.42,109.36,104.5,106.15,2195619.0
1510290000,2017-11-10,105.79,107.5,104.85,107.31,1268457.0
1510549200,2017-11-13,106.58,106.99,105.51,106.17,1413082.0
1510635600,2017-11-14,106.04,107.55,105.55,107.47,1002430.0
1510722000,2017-11-15,106.59,107.35,105.26,106.61,721620.0
1510808400,2017-11-16,107.04,109.79,106.98,109.34,1087353.0
1510894800,2017-11-17,110.0,112.8,109.84,111.68,1944689.0
1511154000,2017-11-20,111.89,114.12,111.43,113.8,2130748.0
1511240400,2017-11-21,113.96,116.32,113.6,115.29,1652010.0
1511326800,2017-11-22,115.4,116.1,114.25,115.15,863870.0
1511499600,2017-11-24,115.43,116.62,115.42,116.14,531484.0
1511758800,2017-11-27,116.37,116.89,114.44,114.94,1535464.0
1511845200,2017-11-28,115.31,115.5869,113.36,114.76,1206244.0
1511931600,2017-11-29,114.0,114.2399,105.63,106.54,5166730.0
1512018000,2017-11-30,105.49,107.7,102.11,103.0,7117971.0
1512104400,2017-12-01,102.63,103.88,98.57,100.52,3751210.0
1512363600,2017-12-04,101.38,101.7,96.5,96.58,3584547.0
1512450000,2017-12-05,96.48,99.68,95.35,99.2,3975279.0
1512536400,2017-12-06,98.67,102.53,98.18,102.35,3858109.0
1512622800,2017-12-07,102.75,104.81,102.36,104.2,4259437.0
1512709200,2017-12-08,105.0,106.35,103.85,104.85,2425020.0
1512968400,2017-12-11,105.16,106.83,103.3,104.81,3271453.0
1513054800,2017-12-12,104.56,105.43,102.26,102.49,3292371.0
1513141200,2017-12-13,103.34,103.71,100.85,101.47,1941027.0
1513227600,2017-12-14,102.04,103.72,101.47,103.35,2418835.0
1513314000,2017-12-15,103.55,104.05,101.67,103.47,9154384.0
1513573200,2017-12-18,104.04,104.195,102.17,103.65,2944789.0
1513659600,2017-12-19,103.5,104.3,102.37,102.93,2165305.0
1513746000,2017-12-20,103.01,103.5936,101.04,102.0,1254031.0
1513832400,2017-12-21,102.2,103.09,101.54,102.89,1257147.0
1513918800,2017-12-22,102.22,102.87,100.79,102.32,1026844.0
1514264400,2017-12-26,102.14,103.36,101.5,102.93,903515.0
1514350800,2017-12-27,102.63,103.8,102.0,103.06,1024444.0
1514437200,2017-12-28,103.32,103.32,101.73,102.2,986869.0
1514523600,2017-12-29,102.02,102.65,101.15,101.74,840751.0
1514869200,2018-01-02,102.05,103.6,100.24,103.4,1692940.0
1514955600,2018-01-03,103.88,105.9,102.02,105.17,2122316.0
1515042000,2018-01-04,107.54,110.19,107.31,109.25,2909981.0
1515128400,2018-01-05,109.94,109.94,108.3,109.32,1094110.0
1515387600,2018-01-08,108.72,110.06,108.107,109.94,1788848.0
1515474000,2018-01-09,109.95,109.98,108.64,109.7,1276882.0
1515560400,2018-01-10,111.9,114.48,111.76,114.14,3194341.0
1515646800,2018-01-11,113.58,114.77,112.55,114.24,1456216.0
1515733200,2018-01-12,114.3,114.88,112.71,112.9,1277233.0
1516078800,2018-01-16,112.93,114.4,108.86,110.09,2253680.0
1516165200,2018-01-17,110.1,113.13,109.74,112.26,1477148.0
1516251600,2018-01-18,111.61,113.72,111.36,113.28,1334456.0
1516338000,2018-01-19,113.3,114.11,113.03,114.11,1076381.0
1516597200,2018-01-22,114.0,115.32,113.09,115.3,1062797.0
1516683600,2018-01-23,115.3,117.6,114.8,117.21,1621609.0
1516770000,2018-01-24,117.0,117.49,114.4413,115.81,1711381.0
1516856400,2018-01-25,117.01,117.35,115.14,115.32,963242.0
1516942800,2018-01-26,115.84,118.87,115.3203,118.81,1020450.0
1517202000,2018-01-29,117.76,118.72,116.36,116.52,1142704.0
1517288400,2018-01-30,118.66,121.73,116.48,120.26,3406331.0
1517374800,2018-01-31,120.7,121.98,119.162,119.97,1455053.0
1517461200,2018-02-01,119.03,121.42,118.26,119.03,1140121.0
1517547600,2018-02-02,118.57,118.95,115.73,117.47,1252801.0
1517806800,2018-02-05,116.22,119.97,114.75,114.75,1685786.0
1517893200,2018-02-06,113.0,116.64,112.0,116.07,2236032.0
1517979600,2018-02-07,116.87,119.89,116.41,117.75,2015314.0
1518066000,2018-02-08,117.71,118.97,110.6,110.97,2263380.0
1518152400,2018-02-09,112.1,113.93,107.75,112.96,1889555.0
1518411600,2018-02-12,115.13,117.36,113.75,115.63,1588218.0
1518498000,2018-02-13,114.99,116.82,114.62,116.63,1698061.0
1518584400,2018-02-14,115.85,121.15,115.2,120.71,1517568.0
1518670800,2018-02-15,121.5,125.0,119.91,124.31,2236641.0
1518757200,2018-02-16,123.55,125.0,122.56,124.01,1387222.0
1519102800,2018-02-20,124.29,127.55,123.51,126.02,1845886.0
1519189200,2018-02-21,126.57,128.32,125.575,125.67,2017417.0
1519275600,2018-02-22,126.33,128.25,124.23,124.36,1369813.0
1519362000,2018-02-23,125.47,127.46,124.64,127.33,1304057.0
1519621200,2018-02-26,128.81,129.0,126.23,127.8,2031790.0
1519707600,2018-02-27,128.19,131.18,127.42,128.21,3367138.0
1519794000,2018-02-28,125.2,129.89,125.0,126.67,3536057.0
1519880400,2018-03-01,127.93,128.01,122.5,123.95,2567434.0
1519966800,2018-03-02,122.39,131.38,121.77,131.28,2605507.0
1520226000,2018-03-05,129.52,134.17,128.855,132.92,2865418.0
1520312400,2018-03-06,133.32,135.98,132.65,135.95,2735540.0
1520398800,2018-03-07,134.67,138.54,134.67,137.58,2741893.0
1520485200,2018-03-08,138.04,139.9,136.55,136.94,1372854.0
1520571600,2018-03-09,138.0,138.7312,136.17,137.62,2275025.0
1520827200,2018-03-12,137.4,139.5,137.17,139.07,1306803.0
1520913600,2018-03-13,140.0,140.0,136.79,137.34,1494196.0
1521000000,2018-03-14,137.88,139.29,135.88,138.79,1062837.0
1521086400,2018-03-15,139.03,139.06,135.9,136.42,1682382.0
1521172800,2018-03-16,137.08,137.08,134.47,135.33,2022480.0
1521432000,2018-03-19,133.61,134.34,129.51,131.6,2590733.0
1521518400,2018-03-20,131.69,133.92,130.77,133.08,1568093.0
1521604800,2018-03-21,133.3,135.52,132.28,133.43,1145018.0
1521691200,2018-03-22,131.89,133.56,130.41,131.22,1090815.0
1521777600,2018-03-23,131.14,132.26,127.61,127.64,1140259.0
1522036800,2018-03-26,129.69,132.43,129.5,131.74,1737699.0
1522123200,2018-03-27,133.0,133.0,125.2109,126.44,1756561.0
1522209600,2018-03-28,125.77,126.75,122.51,123.77,1689860.0
1522296000,2018-03-29,125.08,129.0,123.125,127.11,1555650.0
1522641600,2018-04-02,125.84,127.29,123.4,125.24,1175596.0
1522728000,2018-04-03,126.0,126.82,123.24,125.01,1228709.0
1522814400,2018-04-04,122.73,126.46,122.55,126.04,2084523.0
1522900800,2018-04-05,127.48,127.76,125.095,126.0,1863435.0
1522987200,2018-04-06,124.74,126.17,121.93,122.58,1408852.0
1523246400,2018-04-09,123.8,126.18,123.22,123.29,1158469.0
1523332800,2018-04-10,127.15,127.48,124.415,126.5,1243364.0
1523419200,2018-04-11,126.39,128.55,125.32,126.63,852075.0
1523505600,2018-04-12,127.6,129.06,126.86,128.23,1236462.0
1523592000,2018-04-13,128.9,128.9,123.61,124.71,1260113.0
1523851200,2018-04-16,125.95,127.97,125.12,126.83,1489269.0
1523937600,2018-04-17,126.79,133.37,125.84,132.57,3256346.0
1524024000,2018-04-18,131.01,133.56,129.7,132.6,1786182.0
1524110400,2018-04-19,131.66,132.77,130.88,131.97,1636956.0
1524196800,2018-04-20,131.55,132.41,129.81,130.53,2038811.0
1524456000,2018-04-23,130.98,132.53,128.85,129.83,1180247.0
1524542400,2018-04-24,130.44,132.99,123.535,125.56,1934907.0
1524628800,2018-04-25,125.31,126.96,120.65,122.58,1845587.0
1524715200,2018-04-26,123.84,126.78,122.96,125.93,1446891.0
1524801600,2018-04-27,127.2,127.2,123.17,124.24,1804158.0
1525060800,2018-04-30,124.88,125.85,123.44,124.84,1217346.0
1525147200,2018-05-01,123.97,125.775,123.15,125.62,938197.0
1525233600,2018-05-02,124.72,126.37,124.72,126.37,77334.0
1525320000,2018-05-03,126.11,128.7,126.11,128.7,49458.0
1525406400,2018-05-04,127.96,132.58,127.96,130.05,2212387.0
1525665600,2018-05-07,130.11,134.05,130.05,133.13,1191594.0
1525752000,2018-05-08,132.64,136.2,132.54,134.79,1371650.0
1525838400,2018-05-09,135.56,137.54,134.56,136.5,1880049.0
1525924800,2018-05-10,136.95,138.65,136.77,138.01,1255646.0
1526011200,2018-05-11,138.23,138.34,134.74,135.74,1324708.0
1526270400,2018-05-14,135.8,137.515,133.36,133.96,1187981.0
1526356800,2018-05-15,133.12,133.9515,131.41,133.43,1027756.0
1526443200,2018-05-16,132.82,135.28,132.375,133.97,888681.0
1526529600,2018-05-17,133.26,134.39,131.64,132.92,1052188.0
1526616000,2018-05-18,133.0,134.91,132.3,134.48,1980970.0
1526875200,2018-05-21,135.82,136.04,130.67,131.7,1293091.0
1526961600,2018-05-22,132.3,133.07,130.07,130.35,1524628.0
1527048000,2018-05-23,127.81,129.69,126.3499,129.52,2621932.0
1527134400,2018-05-24,129.9,132.22,129.23,130.5,1631682.0
1527220800,2018-05-25,131.08,132.7,130.5,130.79,1374199.0
1527566400,2018-05-29,130.2,130.94,129.37,130.41,1775002.0
1527652800,2018-05-30,132.06,134.26,131.44,131.78,2219062.0
1527739200,2018-05-31,132.04,134.08,130.61,130.96,3000960.0
1527825600,2018-06-01,125.83,127.45,123.62,126.29,5817745.0
1528084800,2018-06-04,127.33,128.18,123.9,128.15,3082571.0
1528171200,2018-06-05,128.34,129.87,127.835,128.71,1820756.0
1528257600,2018-06-06,128.82,129.71,127.28,128.31,2473055.0
1528344000,2018-06-07,128.32,128.86,121.8571,123.37,3252217.0
1528430400,2018-06-08,123.01,124.98,122.32,123.9,2279012.0
1528689600,2018-06-11,123.31,124.28,121.68,123.24,2223337.0
1528776000,2018-06-12,123.75,127.37,123.69,126.59,3345317.0
1528862400,2018-06-13,127.24,127.94,125.23,126.44,1664258.0
1528948800,2018-06-14,127.71,130.75,126.94,128.2,2788888.0
1529035200,2018-06-15,127.99,128.645,125.91,128.09,2606212.0
1529294400,2018-06-18,126.23,132.32,126.23,131.13,2354385.0
1529380800,2018-06-19,129.5,130.29,127.41,129.56,2000286.0
1529467200,2018-06-20,130.1,131.61,128.17,128.18,1765934.0
1529553600,2018-06-21,128.32,129.89,124.67,125.76,1678859.0
1529640000,2018-06-22,125.32,125.74,122.5,124.01,2970629.0
1529899200,2018-06-25,122.7,123.41,119.04,120.72,2595277.0
1529985600,2018-06-26,120.76,123.55,120.42,121.82,2347863.0
1530072000,2018-06-27,123.08,124.53,117.53,117.72,2567796.0
1530158400,2018-06-28,117.9,120.69,117.24,119.91,2271019.0
1530244800,2018-06-29,120.71,122.18,120.54,121.12,1599414.0
1530504000,2018-07-02,120.0,124.38,119.6,124.26,1367517.0
1530590400,2018-07-03,124.11,124.86,123.0,123.74,982469.0
1530763200,2018-07-05,124.12,126.57,123.23,126.39,3100323.0
1530849600,2018-07-06,126.21,129.55,125.99,128.75,1980235.0
1531108800,2018-07-09,128.98,129.94,125.69,129.1,3187536.0
1531195200,2018-07-10,129.15,130.57,128.76,129.14,1893148.0
1531281600,2018-07-11,128.25,132.0,127.0,131.62,1576557.0
1531368000,2018-07-12,132.01,137.43,131.53,137.31,2721889.0
1531454400,2018-07-13,137.0,137.16,133.38,134.76,2153240.0
1531713600,2018-07-16,135.25,135.606,132.44,132.88,1350547.0
1531800000,2018-07-17,130.73,133.68,129.32,133.2,1525515.0
1531886400,2018-07-18,133.02,133.84,131.78,133.19,1813650.0
1531972800,2018-07-19,132.53,135.5,131.86,132.98,858904.0
1532059200,2018-07-20,133.03,133.59,132.12,132.33,1113528.0
1532318400,2018-07-23,132.18,134.03,130.7233,133.92,1438980.0
1532404800,2018-07-24,134.81,134.83,129.6,130.91,1609361.0
1532491200,2018-07-25,131.32,134.14,131.32,133.67,1253470.0
1532577600,2018-07-26,132.8,135.78,131.55,134.41,1487570.0
1532664000,2018-07-27,134.35,134.52,128.25,130.55,1970287.0
1532923200,2018-07-30,130.47,130.47,122.3,123.93,2185945.0
1533009600,2018-07-31,124.63,126.16,122.3,124.02,1455621.0
1533096000,2018-08-01,123.61,127.26,122.9202,126.28,1529859.0
1533182400,2018-08-02,125.33,131.16,125.01,130.78,1273946.0
1533268800,2018-08-03,130.8,130.99,127.68,129.16,869572.0
1533528000,2018-08-06,129.09,132.13,128.53,131.55,835971.0
1533614400,2018-08-07,131.54,133.55,131.03,132.75,2050704.0
1533700800,2018-08-08,132.76,135.295,131.73,135.01,1386901.0
1533787200,2018-08-09,135.0,138.13,134.09,136.53,1293538.0
1533873600,2018-08-10,135.93,138.54,135.06,137.17,1091520.0
1534132800,2018-08-13,137.0,139.38,136.9,137.09,1465261.0
1534219200,2018-08-14,137.48,138.78,135.52,137.4,1140860.0
1534305600,2018-08-15,136.55,142.5,135.85,139.2,4337158.0
1534392000,2018-08-16,139.73,141.83,139.16,140.05,2012058.0
1534478400,2018-08-17,139.45,142.77,138.64,142.65,1598546.0
1534737600,2018-08-20,142.7,144.22,141.6561,143.29,2280503.0
1534824000,2018-08-21,144.0,147.8,143.8481,145.01,1884093.0
1534910400,2018-08-22,144.39,146.97,144.39,146.14,1090859.0
1534996800,2018-08-23,146.14,147.73,145.2,145.68,1244256.0
1535083200,2018-08-24,147.65,151.7215,147.5,151.0,1995374.0
1535342400,2018-08-27,151.55,152.8,149.69,151.68,1371481.0
1535428800,2018-08-28,152.0,153.22,150.91,152.26,3050052.0
1535515200,2018-08-29,152.98,154.58,152.28,153.78,1933136.0
1535601600,2018-08-30,154.0,155.81,152.88,153.81,1655035.0
1535688000,2018-08-31,152.89,155.35,152.5,154.54,1756145.0
1536033600,2018-09-04,154.42,157.12,152.4,156.69,3495635.0
1536120000,2018-09-05,153.0,155.47,141.02,142.21,6865111.0
1536206400,2018-09-06,143.3,146.24,143.03,144.52,2547339.0
1536292800,2018-09-07,144.0,147.432,142.14,144.93,2570033.0
1536552000,2018-09-10,145.19,145.26,141.41,143.66,2059627.0
1536638400,2018-09-11,143.8,147.8,143.26,146.15,1883057.0
1536724800,2018-09-12,147.0,148.42,144.15,148.21,1637282.0
1536811200,2018-09-13,148.96,152.18,148.775,150.54,1717884.0
1536897600,2018-09-14,151.79,153.08,150.47,151.07,883259.0
1537156800,2018-09-17,151.47,151.47,144.54,144.73,1908073.0
1537243200,2018-09-18,145.0,147.36,143.31,143.68,1807773.0
1537329600,2018-09-19,143.2,143.77,138.4,140.66,2156433.0
1537416000,2018-09-20,140.84,142.38,139.52,141.66,1356328.0
1537502400,2018-09-21,141.76,142.79,138.48,138.63,2165552.0
1537761600,2018-09-24,137.65,141.64,135.83,141.5,1541873.0
1537848000,2018-09-25,142.0,144.82,141.25,143.79,1643165.0
1537934400,2018-09-26,143.78,145.71,142.795,144.51,1522390.0
1538020800,2018-09-27,145.25,147.3,145.02,145.97,1115502.0
1538107200,2018-09-28,145.93,147.19,144.49,145.98,1229527.0
1538366400,2018-10-01,147.19,148.39,145.52,145.87,1693051.0
1538452800,2018-10-02,145.5,145.65,141.81,142.9,1596300.0
1538539200,2018-10-03,144.63,147.4774,143.3759,145.66,1659956.0
1538625600,2018-10-04,144.45,145.61,137.9,139.76,1912170.0
1538712000,2018-10-05,139.76,142.0,135.83,139.97,1505547.0
1538971200,2018-10-08,138.43,138.78,130.58,132.42,3114334.0
1539057600,2018-10-09,131.55,134.27,129.79,131.67,3237957.0
1539144000,2018-10-10,131.26,131.32,122.89,124.3,4275519.0
1539230400,2018-10-11,124.05,127.275,121.78,124.75,2835936.0
1539316800,2018-10-12,127.33,130.35,125.01,128.31,2180615.0
1539576000,2018-10-15,127.51,128.5479,125.22,127.0,2322834.0
1539662400,2018-10-16,130.37,134.61,129.18,134.19,2285101.0
1539748800,2018-10-17,138.15,139.12,134.54,137.25,2686928.0
1539835200,2018-10-18,136.19,136.77,129.18,130.43,2249798.0
1539921600,2018-10-19,131.78,132.538,126.89,127.7,1978432.0
1540180800,2018-10-22,128.37,130.1797,125.8279,129.72,1684993.0
1540267200,2018-10-23,126.8,130.31,126.3,128.78,1767644.0
1540353600,2018-10-24,128.89,130.42,122.02,122.11,2037894.0
1540440000,2018-10-25,124.0,126.8,122.68,125.84,1486691.0
1540526400,2018-10-26,122.51,125.07,118.62,120.65,2914575.0
1540785600,2018-10-29,126.0,128.74,120.07,122.75,2742335.0
1540872000,2018-10-30,122.11,129.7488,121.03,128.02,3170009.0
1540958400,2018-10-31,130.81,134.3122,130.015,133.02,2007491.0
1541044800,2018-11-01,133.55,137.99,132.11,137.89,2442554.0
1541131200,2018-11-02,138.0,140.4,132.57,132.84,2607045.0
1541394000,2018-11-05,132.85,133.36,128.38,130.32,2116528.0
1541480400,2018-11-06,131.5,136.04,131.0403,134.98,1800005.0
1541566800,2018-11-07,137.0,145.18,136.61,144.24,3061890.0
1541653200,2018-11-08,144.23,146.88,142.37,145.99,1691503.0
1541739600,2018-11-09,143.7,144.99,138.23,139.93,1927525.0
1541998800,2018-11-12,138.59,139.68,131.86,133.1,2690968.0
1542085200,2018-11-13,133.55,136.84,131.75,135.06,1852868.0
1542171600,2018-11-14,136.21,139.08,131.91,132.39,1911220.0
1542258000,2018-11-15,131.86,136.29,130.73,136.18,1895794.0
1542344400,2018-11-16,134.4,136.415,132.52,134.23,1494190.0
1542603600,2018-11-19,133.55,133.97,123.7,124.07,2842638.0
1542690000,2018-11-20,119.73,128.6,117.72,126.81,3075309.0
1542776400,2018-11-21,129.98,134.06,128.69,133.1,1835880.0
1542949200,2018-11-23,130.87,135.87,130.21,135.26,693905.0
1543208400,2018-11-26,138.42,141.15,136.12,140.23,2231303.0
1543294800,2018-11-27,137.84,140.475,136.61,138.7405,1763190.0
1543381200,2018-11-28,145.0,147.44,140.81,145.83,3315704.0
1543467600,2018-11-29,143.37,146.5769,143.11,145.3,3510413.0
1543554000,2018-11-30,155.15,166.36,152.01,164.0,9953395.0
1543813200,2018-12-03,164.49,167.88,162.08,167.8,4438536.0
1543899600,2018-12-04,165.23,172.67,164.21,165.02,4979239.0
1544072400,2018-12-06,160.21,169.49,158.11,168.13,4503535.0
1544158800,2018-12-07,166.965,167.329,158.85,160.43,4234772.0
1544418000,2018-12-10,159.88,164.98,158.0,159.68,2760163.0
1544504400,2018-12-11,164.32,165.42,161.52,162.94,2587901.0
1544590800,2018-12-12,167.05,170.47,165.07,165.52,3351755.0
1544677200,2018-12-13,166.57,167.1903,161.4053,164.65,1752285.0
1544763600,2018-12-14,161.03,164.0,159.305,162.03,2262866.0
1545022800,2018-12-17,160.14,161.08,153.68,153.76,3725239.0
1545109200,2018-12-18,155.08,157.41,153.59,155.71,3494656.0
1545195600,2018-12-19,156.53,160.76,152.6205,155.69,2762039.0
1545282000,2018-12-20,155.32,157.4,145.56,152.06,4676614.0
1545368400,2018-12-21,153.55,154.31,142.01,144.93,5225996.0
1545627600,2018-12-24,142.89,147.94,141.7001,142.41,895933.0
1545800400,2018-12-26,143.84,153.9,143.49,153.81,2333245.0
1545886800,2018-12-27,151.54,159.14,150.79,158.49,2061913.0
1545973200,2018-12-28,159.27,162.21,154.146,159.56,1917601.0
1546232400,2018-12-31,160.79,161.9445,158.27,159.68,1566758.0
1546405200,2019-01-02,155.96,160.0,155.35,159.74,1933846.0
1546491600,2019-01-03,156.6,158.8,152.32,154.02,1928352.0
1546578000,2019-01-04,157.76,165.0,155.58,163.35,3335564.0
1546837200,2019-01-07,164.11,166.94,162.77,163.5,3602933.0
1546923600,2019-01-08,165.12,167.0,161.14,166.95,2321464.0
1547010000,2019-01-09,168.0,169.08,165.43,166.18,2613665.0
1547096400,2019-01-10,165.01,168.1,164.02,167.96,1901150.0
1547182800,2019-01-11,167.17,169.51,166.26,167.46,1563319.0
1547442000,2019-01-14,165.39,166.93,163.14,163.33,2051339.0
1547528400,2019-01-15,164.39,166.52,163.7,164.47,3147656.0
1547614800,2019-01-16,163.86,165.56,162.13,165.34,2585556.0
1547701200,2019-01-17,163.89,168.48,163.6,166.58,1737594.0
1547787600,2019-01-18,168.5,172.14,166.96,172.08,2277357.0
1548133200,2019-01-22,170.24,172.44,169.06,170.77,1704313.0
1548219600,2019-01-23,171.14,176.14,170.5172,171.66,2148301.0
1548306000,2019-01-24,172.0,173.685,170.2,171.2,1295002.0
1548392400,2019-01-25,173.11,176.12,171.637,175.58,1431097.0
1548651600,2019-01-28,174.48,174.98,170.67,172.5,1093201.0
1548738000,2019-01-29,172.89,173.5,164.48,166.69,2724535.0
1548824400,2019-01-30,168.4,172.66,167.36,172.62,1957213.0
1548910800,2019-01-31,180.5,184.98,179.29,181.53,3595521.0
1548997200,2019-02-01,180.67,186.9484,180.33,186.06,2551038.0
1549256400,2019-02-04,186.05,189.19,185.0,186.78,1878304.0
1549342800,2019-02-05,188.21,190.35,187.5,189.29,2222802.0
1549429200,2019-02-06,188.6,189.57,184.69,188.48,1301389.0
1549515600,2019-02-07,186.26,187.34,183.145,186.61,1431559.0
1549602000,2019-02-08,184.98,189.97,184.79,189.41,1680397.0
1549861200,2019-02-11,192.66,192.9,188.39,190.3,2039922.0
1549947600,2019-02-12,192.89,193.08,188.81,189.52,2218097.0
1550034000,2019-02-13,190.17,191.08,186.26,187.75,1771187.0
1550120400,2019-02-14,186.98,189.8,186.98,188.54,1562799.0
1550206800,2019-02-15,193.0,193.37,187.9061,190.79,1804605.0
1550552400,2019-02-19,190.19,192.92,190.01,192.74,1431659.0
1550638800,2019-02-20,192.49,193.73,187.18,188.65,1921924.0
1550725200,2019-02-21,188.42,190.68,187.22,189.47,1412591.0
1550811600,2019-02-22,190.44,194.81,190.2767,194.7,1363947.0
1551070800,2019-02-25,196.14,198.97,195.2,196.23,2030753.0
1551157200,2019-02-26,195.39,197.79,194.43,195.12,2154120.0
1551243600,2019-02-27,196.01,198.14,193.85,197.45,1540663.0
1551330000,2019-02-28,197.54,199.45,195.71,197.93,3121731.0
1551416400,2019-03-01,199.85,200.0,187.13,189.14,5691720.0
1551675600,2019-03-04,189.35,190.3,175.51,179.22,6208913.0
1551762000,2019-03-05,180.33,183.23,178.36,181.96,3744388.0
1551848400,2019-03-06,182.85,183.99,179.78,182.43,1523375.0
1551934800,2019-03-07,181.26,184.95,180.21,181.75,1961544.0
1552021200,2019-03-08,178.42,181.82,176.4708,181.61,1709907.0
1552276800,2019-03-11,182.24,186.25,181.995,185.5,2088132.0
1552363200,2019-03-12,186.54,188.85,184.7399,187.34,1768467.0
1552449600,2019-03-13,188.5,190.74,186.12,186.16,2286422.0
1552536000,2019-03-14,185.96,188.7899,184.8,187.04,2148571.0
1552622400,2019-03-15,185.27,187.77,184.17,186.69,3359115.0
1552881600,2019-03-18,186.36,190.4,185.885,187.51,2309528.0
1552968000,2019-03-19,188.61,192.08,186.81,191.53,2794703.0
1553054400,2019-03-20,192.0,195.22,189.7439,192.71,1353994.0
1553140800,2019-03-21,191.61,197.86,191.01,197.58,1087869.0
1553227200,2019-03-22,196.25,196.953,190.71,191.08,1440475.0
1553486400,2019-03-25,190.62,191.71,188.1511,190.7,1221939.0
1553572800,2019-03-26,192.19,194.37,190.91,192.64,965331.0
1553659200,2019-03-27,192.0,192.7684,185.43,189.68,1314736.0
1553745600,2019-03-28,190.07,192.45,188.76,190.2,889435.0
1553832000,2019-03-29,191.89,194.21,190.77,192.85,1270953.0
1554091200,2019-04-01,193.51,196.88,190.08,192.75,1289466.0
1554177600,2019-04-02,192.94,194.17,191.0,193.78,769842.0
1554264000,2019-04-03,194.51,194.91,191.88,193.5,1468826.0
1554350400,2019-04-04,193.1,193.18,179.08,185.47,3882041.0
1554436800,2019-04-05,186.64,187.43,183.08,186.29,1783848.0
1554696000,2019-04-08,185.89,187.22,182.5,187.11,882858.0
1554782400,2019-04-09,185.55,190.96,184.55,190.8,1835380.0
1554868800,2019-04-10,191.91,196.73,190.6849,195.1,1764900.0
1554955200,2019-04-11,195.03,196.73,193.76,195.87,947768.0
1555041600,2019-04-12,196.5,197.4,193.828,195.75,899815.0
1555300800,2019-04-15,195.02,195.64,191.27,192.91,1823562.0
1555387200,2019-04-16,192.38,198.59,192.38,195.79,2368611.0
1555473600,2019-04-17,195.69,196.0,189.81,191.02,1616793.0
1555560000,2019-04-18,191.01,191.01,184.25,187.83,2932188.0
1555905600,2019-04-22,187.71,189.98,186.79,189.37,1102770.0
1555992000,2019-04-23,190.82,195.5,189.69,195.2,1549300.0
1556078400,2019-04-24,195.79,197.71,194.96,195.37,1441378.0
1556164800,2019-04-25,197.01,199.36,195.8,198.82,1722097.0
1556251200,2019-04-26,199.95,204.62,198.3151,204.41,1576579.0
1556510400,2019-04-29,205.0,206.48,203.6,204.51,1064573.0
1556596800,2019-04-30,204.48,208.33,203.05,205.63,1057509.0
1556683200,2019-05-01,206.5,206.85,201.18,201.18,1152589.0
1556769600,2019-05-02,200.17,201.79,194.81,198.65,1370383.0
1556856000,2019-05-03,200.78,203.79,198.05,203.12,855070.0
1557115200,2019-05-06,196.69,203.28,195.04,202.98,1136230.0
1557201600,2019-05-07,200.66,201.99,195.11,198.54,1317616.0
1557288000,2019-05-08,198.04,200.0537,195.66,196.92,2304815.0
1557374400,2019-05-09,194.55,200.52,191.25,200.35,1360069.0
1557460800,2019-05-10,198.78,204.23,197.34,203.53,1189849.0
1557720000,2019-05-13,198.49,200.9858,193.8432,194.08,2337772.0
1557806400,2019-05-14,196.25,202.11,195.375,201.28,1221048.0
1557892800,2019-05-15,200.03,206.82,199.29,204.99,1463068.0
1557979200,2019-05-16,205.0,213.98,204.415,212.0,2609292.0
1558065600,2019-05-17,210.53,212.25,207.81,210.38,2970472.0
1558324800,2019-05-20,208.14,209.36,202.67,202.81,1630620.0
1558411200,2019-05-21,205.81,208.1,205.675,206.83,1502153.0
1558497600,2019-05-22,205.13,210.87,205.13,210.41,2240633.0
1558584000,2019-05-23,209.18,209.9,202.44,205.32,1625184.0
1558670400,2019-05-24,207.02,213.13,206.5,210.72,1758481.0
1559016000,2019-05-28,212.5,217.6294,211.63,212.87,4051374.0
1559102400,2019-05-29,209.85,210.0,199.36,203.23,5628576.0
1559188800,2019-05-30,203.33,208.3543,203.01,207.91,1762732.0
1559275200,2019-05-31,203.9,207.8,203.05,204.12,1807224.0
1559534400,2019-06-03,203.85,204.79,190.38,191.88,3237962.0
1559620800,2019-06-04,193.52,195.99,189.62,195.79,3325807.0
1559707200,2019-06-05,193.52,195.99,189.62,195.79,3325807.0
1559793600,2019-06-06,199.13,205.3,198.29,204.11,1386031.0
1559880000,2019-06-07,204.85,211.82,204.19,211.47,1969787.0
1560139200,2019-06-10,213.68,217.0,213.303,213.69,1750644.0
1560225600,2019-06-11,216.02,216.68,203.65,205.77,1948866.0
1560312000,2019-06-12,205.17,214.03,205.07,209.45,1425973.0
1560398400,2019-06-13,207.81,210.77,205.34,208.46,1646988.0
1560484800,2019-06-14,207.99,209.9,205.095,208.0,1117907.0
1560744000,2019-06-17,209.0,212.45,207.04,209.03,1530378.0
1560830400,2019-06-18,212.0,215.48,211.31,213.24,1704798.0
1560916800,2019-06-19,213.5,216.21,211.0,215.76,1061412.0
1561003200,2019-06-20,219.33,221.0,215.5812,220.11,2037321.0
1561089600,2019-06-21,218.27,219.02,215.84,216.33,2286171.0
1561348800,2019-06-24,217.5,218.27,208.25,209.07,2478508.0
1561435200,2019-06-25,209.66,210.09,203.025,204.52,1638755.0
1561521600,2019-06-26,207.39,209.66,203.07,204.58,1416856.0
1561608000,2019-06-27,205.08,207.59,203.27,206.26,1143418.0
1561694400,2019-06-28,206.87,208.95,204.71,205.58,4779579.0
1561953600,2019-07-01,210.35,213.66,208.5014,213.47,1626236.0
1562040000,2019-07-02,213.4,214.1,211.02,213.96,1222578.0
1562126400,2019-07-03,214.96,217.55,213.54,216.8,1169614.0
1562299200,2019-07-05,214.21,216.5296,211.55,216.01,1012879.0
1562558400,2019-07-08,213.89,215.46,212.15,215.27,1685721.0
1562644800,2019-07-09,214.0,219.59,213.33,218.74,1429032.0
1562731200,2019-07-10,219.32,222.06,218.45,219.23,1167333.0
1562817600,2019-07-11,219.5,224.425,219.5,224.3,1932174.0
1562904000,2019-07-12,223.76,226.83,220.89,222.17,1793826.0
1563163200,2019-07-15,221.66,221.99,217.1,218.0,2033163.0
1563249600,2019-07-16,216.25,218.295,212.34,213.5,1894761.0
1563336000,2019-07-17,213.97,218.785,213.66,218.01,1417628.0
1563422400,2019-07-18,217.18,219.37,215.71,217.88,1224741.0
1563508800,2019-07-19,220.0,221.5,214.01,214.24,1006410.0
1563768000,2019-07-22,214.95,216.46,214.05,214.34,1145374.0
1563854400,2019-07-23,216.47,216.47,208.36,211.97,1256618.0
1563940800,2019-07-24,212.08,215.15,210.671,214.59,1082559.0
1564027200,2019-07-25,213.04,216.26,210.825,215.01,1053750.0
1564113600,2019-07-26,216.27,218.9499,215.47,215.89,981411.0
1564372800,2019-07-29,216.58,217.0,205.44,212.5,1642424.0
1564459200,2019-07-30,210.5,215.65,205.27,205.97,2331699.0
1564545600,2019-07-31,206.45,208.69,199.68,199.98,2298774.0
1564632000,2019-08-01,201.0,206.76,200.0,203.86,1805475.0
1564718400,2019-08-02,202.41,202.4904,194.89,195.83,2757473.0
1564977600,2019-08-05,190.7,191.64,185.32,187.84,2894668.0
1565064000,2019-08-06,189.56,191.6996,185.65,187.33,1279276.0
1565150400,2019-08-07,185.0,189.636,183.11,187.15,1195961.0
1565236800,2019-08-08,188.22,192.82,188.22,192.79,1732875.0
1565323200,2019-08-09,191.66,194.6,189.36,191.52,1127161.0
1565582400,2019-08-12,190.01,192.26,189.1,189.74,1195917.0
1565668800,2019-08-13,192.55,193.7,189.68,192.15,1099257.0
1565755200,2019-08-14,188.17,189.25,183.73,185.77,1315241.0
1565841600,2019-08-15,185.28,187.1,182.72,185.99,1458591.0
1565928000,2019-08-16,187.88,192.75,187.7,192.39,1860120.0
1566187200,2019-08-19,194.54,195.5,187.4,187.64,2135257.0
1566273600,2019-08-20,187.32,187.73,184.11,186.15,1182538.0
1566360000,2019-08-21,188.18,193.12,187.9,190.92,1485553.0
1566446400,2019-08-22,191.7,194.155,189.1101,193.37,1284325.0
1566532800,2019-08-23,196.55,199.42,191.56,192.13,2532690.0
1566792000,2019-08-26,193.5,193.98,189.52,193.86,1507431.0
1566878400,2019-08-27,194.25,196.43,186.09,188.35,3048538.0
1566964800,2019-08-28,186.66,186.66,182.28,185.31,1783363.0
1567051200,2019-08-29,187.36,189.21,184.51,187.65,2955666.0
1567137600,2019-08-30,184.0,190.31,173.2,177.28,8386349.0
1567483200,2019-09-03,174.46,178.22,173.62,174.98,3775494.0
1567569600,2019-09-04,176.42,177.92,172.95,173.67,2808177.0
1567656000,2019-09-05,176.0,177.83,173.51,175.9,2026873.0
1567742400,2019-09-06,176.08,177.5,172.21,172.3,1493617.0
1568001600,2019-09-09,172.87,173.5,166.0,171.04,3586303.0
1568088000,2019-09-10,168.5,174.015,166.57,173.89,2938125.0
1568174400,2019-09-11,173.88,175.32,171.15,172.56,1900775.0
1568260800,2019-09-12,173.81,174.39,170.19,170.38,1825182.0
1568347200,2019-09-13,170.26,171.98,167.14,167.56,1921167.0
1568606400,2019-09-16,166.24,174.1,165.8303,173.0,2142853.0
1568692800,2019-09-17,173.01,175.56,172.5006,175.07,1515558.0
1568779200,2019-09-18,173.93,176.479,172.22,175.51,1994533.0
1568865600,2019-09-19,175.5,176.81,172.08,172.74,1821941.0
1568952000,2019-09-20,172.94,175.52,172.19,174.97,3018461.0
1569211200,2019-09-23,174.93,175.63,173.27,174.45,1372296.0
1569297600,2019-09-24,175.01,176.75,166.6,167.51,2207286.0
1569384000,2019-09-25,167.52,170.15,163.26,169.98,2643291.0
1569470400,2019-09-26,170.0,175.92,169.8001,174.44,3274143.0
1569556800,2019-09-27,174.79,174.79,165.07,168.65,2314826.0
1569816000,2019-09-30,169.0,171.08,167.72,169.96,1636335.0
1569902400,2019-10-01,170.07,171.415,168.54,168.74,1524028.0
1569988800,2019-10-02,166.92,167.87,164.635,165.81,1986998.0
1570075200,2019-10-03,165.99,172.32,163.75,172.09,2044771.0
1570161600,2019-10-04,173.15,175.46,170.1,173.88,1701428.0
1570420800,2019-10-07,171.46,179.17,171.46,177.84,2150042.0
1570507200,2019-10-08,176.4,176.55,169.3,169.49,2425694.0
1570593600,2019-10-09,171.88,173.85,170.7,173.29,1002003.0
1570680000,2019-10-10,171.87,175.19,171.37,174.32,943171.0
1570766400,2019-10-11,180.16,183.09,177.72,180.44,2800770.0
1571025600,2019-10-14,179.1,181.72,178.2401,180.24,1045373.0
1571112000,2019-10-15,180.45,185.62,180.3,180.96,3455667.0
1571198400,2019-10-16,168.0,168.02,156.8601,160.46,11051628.0
1571284800,2019-10-17,159.1,160.66,156.3701,157.83,3583565.0
1571371200,2019-10-18,157.94,158.63,151.06,154.54,4274280.0
1571630400,2019-10-21,154.89,155.63,152.66,154.09,2232871.0
1571716800,2019-10-22,157.84,157.84,152.68,153.02,2315917.0
1571803200,2019-10-23,152.53,157.17,151.965,152.29,2902796.0
1571889600,2019-10-24,154.99,158.87,154.4077,158.59,2514571.0
1571976000,2019-10-25,157.78,160.95,156.2,160.75,1309591.0
1572235200,2019-10-28,161.31,162.24,158.85,159.4,1534092.0
1572321600,2019-10-29,159.77,161.47,157.95,158.11,1028866.0
1572408000,2019-10-30,159.71,164.55,157.87,164.1,1503747.0
1572494400,2019-10-31,163.68,164.1,159.0,162.16,1260431.0
1572580800,2019-11-01,163.63,165.71,161.8201,165.33,1179020.0
1572843600,2019-11-04,166.89,167.66,162.45,165.19,2112107.0
1572930000,2019-11-05,165.44,165.89,159.47,161.38,1382883.0
1573016400,2019-11-06,160.63,162.5,159.81,161.55,1328244.0
1573102800,2019-11-07,161.49,162.86,159.86,160.44,1185819.0
1573189200,2019-11-08,159.48,162.92,158.7901,162.42,1507773.0
1573448400,2019-11-11,162.1,165.34,160.95,163.97,1676016.0
1573534800,2019-11-12,163.93,165.14,163.03,163.71,1120496.0
1573621200,2019-11-13,164.0,166.73,163.415,166.38,1847044.0
1573707600,2019-11-14,165.84,166.3,163.83,164.8,2200534.0
1573794000,2019-11-15,165.9,166.09,162.525,165.98,1676041.0
1574053200,2019-11-18,162.54,164.8,161.38,164.0,3617065.0
1574139600,2019-11-19,165.0,167.55,163.96,166.89,2120444.0
1574226000,2019-11-20,166.97,173.4024,166.97,172.56,2924438.0
1574312400,2019-11-21,172.6,174.37,169.36,171.51,1739706.0
1574398800,2019-11-22,172.3,173.69,170.35,172.84,1287042.0
1574658000,2019-11-25,174.98,178.24,174.76,176.45,2428363.0
1574744400,2019-11-26,176.45,179.13,176.45,177.99,2986659.0
1574830800,2019-11-27,179.0,179.81,177.12,179.68,1947851.0
1575003600,2019-11-29,179.0,180.03,178.34,179.12,723551.0
1575262800,2019-12-02,178.56,178.65,169.5,171.93,2305205.0
1575349200,2019-12-03,169.0,174.4928,167.49,173.5,2891075.0
1575435600,2019-12-04,164.56,168.54,162.07,165.39,6301844.0
1575522000,2019-12-05,164.38,165.29,159.6874,160.97,4398651.0
1575608400,2019-12-06,162.06,166.48,161.51,166.22,2385977.0
1575867600,2019-12-09,165.31,167.59,163.06,163.63,1708176.0
1575954000,2019-12-10,164.6,166.06,162.62,163.22,2289348.0
1576040400,2019-12-11,163.13,165.01,161.38,165.0,2056478.0
1576126800,2019-12-12,164.42,164.42,159.6201,159.74,2550362.0
1576213200,2019-12-13,160.0,160.61,157.61,159.46,4569756.0
1576472400,2019-12-16,160.4,160.9263,159.57,160.45,2778614.0
1576558800,2019-12-17,161.24,161.25,158.8,159.61,1932328.0
1576645200,2019-12-18,160.07,162.45,160.01,161.48,2190324.0
1576731600,2019-12-19,161.39,162.27,159.95,161.57,1784675.0
1576818000,2019-12-20,162.25,167.56,161.95,167.16,4561187.0
1577077200,2019-12-23,167.33,167.44,163.9,165.61,1830973.0
1577163600,2019-12-24,164.87,166.5,164.51,166.19,441954.0
1577336400,2019-12-26,166.67,167.82,164.68,165.36,1171558.0
1577422800,2019-12-27,166.42,167.44,164.24,165.85,1230523.0
1577682000,2019-12-30,165.5,166.02,161.7301,163.84,1369733.0
1577768400,2019-12-31,162.89,165.07,162.6,164.45,901400.0
1577941200,2020-01-02,166.1,168.72,165.71,167.46,1729179.0
1578027600,2020-01-03,165.0,168.86,164.96,168.44,1353563.0
1578286800,2020-01-06,166.99,170.44,166.35,169.49,1782300.0
1578373200,2020-01-07,169.51,173.22,168.82,172.95,2559556.0
1578459600,2020-01-08,172.96,179.61,172.0505,178.71,3014917.0
1578546000,2020-01-09,179.26,180.99,177.27,179.48,3633631.0
1578632400,2020-01-10,180.98,182.65,179.59,180.11,2206198.0
1578891600,2020-01-13,180.92,182.58,180.4801,181.92,1751839.0
1578978000,2020-01-14,181.64,182.82,179.25,179.98,1331646.0
1579064400,2020-01-15,180.73,181.185,178.4,179.18,2182005.0
1579150800,2020-01-16,178.87,182.98,178.18,182.78,2171073.0
1579237200,2020-01-17,183.0,183.8,180.42,181.06,1889458.0
1579582800,2020-01-21,180.3,183.54,179.7425,182.31,1338779.0
1579669200,2020-01-22,183.06,184.59,182.28,182.41,2218924.0
1579755600,2020-01-23,183.05,184.59,181.25,184.38,2046825.0
1579842000,2020-01-24,185.0,188.3,184.52,186.07,2124067.0
1580101200,2020-01-27,182.0,184.92,181.21,183.96,1376017.0
1580187600,2020-01-28,184.62,187.33,184.62,186.68,1500098.0
1580274000,2020-01-29,187.54,187.9,183.48,183.61,1413053.0
1580360400,2020-01-30,183.5,189.35,183.01,188.15,1453258.0
1580446800,2020-01-31,187.87,188.51,183.29,184.63,1269440.0
1580706000,2020-02-03,185.6,189.28,184.29,188.57,1720615.0
1580792400,2020-02-04,190.0,195.99,188.87,194.7,1977718.0
1580878800,2020-02-05,197.0,197.8685,187.7,188.47,1983990.0
1580965200,2020-02-06,187.09,190.33,184.32,187.5,1458886.0
1581051600,2020-02-07,190.07,193.775,188.01,192.08,2263243.0
1581310800,2020-02-10,191.92,195.6,190.91,194.86,1041848.0
1581397200,2020-02-11,196.0,196.6351,192.02,193.07,1031848.0
1581483600,2020-02-12,194.26,195.0773,191.29,194.4,1710058.0
1581570000,2020-02-13,194.5,196.5,194.23,194.67,1007289.0
1581656400,2020-02-14,196.87,198.96,194.86,196.99,1316180.0
1582002000,2020-02-18,196.88,199.9,195.33,199.38,2176214.0
1582088400,2020-02-19,200.4,202.0,197.44,197.58,2081369.0
1582174800,2020-02-20,196.0,196.26,187.51,190.56,3562581.0
1582261200,2020-02-21,190.0,191.305,182.76,183.86,3292989.0
1582520400,2020-02-24,175.0,179.855,173.88,177.105,3030294.0
1582606800,2020-02-25,179.49,180.72,174.22,175.47,2230123.0
1582693200,2020-02-26,177.2,180.7,174.52,175.36,1798946.0
1582779600,2020-02-27,168.89,176.5,166.81,171.2,3804766.0
1582866000,2020-02-28,170.45,173.8,164.7,173.25,4573106.0
1583125200,2020-03-02,174.85,176.37,167.6919,172.89,3711895.0
1583211600,2020-03-03,172.49,172.825,162.9,166.56,3623376.0
1583298000,2020-03-04,169.7,171.16,166.42,170.89,1725485.0
1583384400,2020-03-05,166.64,169.19,163.02,165.31,1955957.0
1583470800,2020-03-06,161.36,161.36,153.39,158.68,2917022.0
1583726400,2020-03-09,148.75,151.5,142.8,142.97,3542410.0
1583812800,2020-03-10,148.62,150.32,143.5954,150.31,3007436.0
1583899200,2020-03-11,145.68,149.35,139.325,142.03,2190730.0
1583985600,2020-03-12,131.79,138.365,128.63,131.29,4212212.0
1584072000,2020-03-13,137.17,140.24,125.04,137.76,4065214.0
1584331200,2020-03-16,124.2,130.72,116.14,120.19,4988043.0
1584417600,2020-03-17,121.34,126.87,113.08,124.02,5071149.0
1584504000,2020-03-18,116.905,120.055,107.75,113.87,4639410.0
1584590400,2020-03-19,114.0,129.5,109.05,126.74,4172524.0
1584676800,2020-03-20,129.83,138.71,124.6301,125.0,6601691.0
1584936000,2020-03-23,125.66,131.58,123.0,127.15,4293361.0
1585022400,2020-03-24,132.21,136.96,128.82,132.39,4767701.0
1585108800,2020-03-25,134.84,142.2,132.39,135.73,3614218.0
1585195200,2020-03-26,136.98,146.67,136.94,145.28,2989476.0
1585281600,2020-03-27,140.3,142.14,135.02,136.21,2174341.0
1585540800,2020-03-30,136.8,141.87,136.35,137.3,2214599.0
1585627200,2020-03-31,136.0,136.8491,128.1985,130.22,4119291.0
1585713600,2020-04-01,125.01,126.42,121.04,126.28,5286427.0
1585800000,2020-04-02,124.36,127.76,119.56,122.37,3232965.0
1585886400,2020-04-03,120.73,122.845,115.5,116.08,3311623.0
1586145600,2020-04-06,121.17,130.69,118.985,130.31,3020790.0
1586232000,2020-04-07,136.96,140.86,131.56,131.8,3634293.0
1586318400,2020-04-08,134.0,146.11,132.27,142.11,4758427.0
1586404800,2020-04-09,145.45,148.85,143.0,145.41,3105872.0
1586750400,2020-04-13,144.16,145.235,138.72,141.18,2440385.0
1586836800,2020-04-14,149.71,151.305,145.51,149.45,2639021.0
1586923200,2020-04-15,145.21,147.78,144.39,146.07,3244968.0
1587009600,2020-04-16,145.71,146.75,141.8,142.58,2434207.0
1587096000,2020-04-17,146.21,150.3199,145.68,149.3,3284308.0
1587355200,2020-04-20,148.01,153.66,147.05,150.9,1413711.0
1587441600,2020-04-21,148.31,149.72,137.62,140.15,3660721.0
1587528000,2020-04-22,143.88,146.88,141.32,145.82,1355775.0
1587614400,2020-04-23,146.0,147.75,142.85,143.6,1376040.0
1587700800,2020-04-24,140.81,145.73,140.5,144.96,2165098.0
1587960000,2020-04-27,146.8,148.65,144.47,148.1,1339140.0
1588046400,2020-04-28,150.0,150.69,144.625,145.07,1388326.0
1588132800,2020-04-29,148.28,156.88,147.3389,154.77,2207352.0
1588219200,2020-04-30,155.46,158.58,153.01,153.85,2507698.0
1588305600,2020-05-01,150.44,150.995,145.56,146.66,1796658.0
1588564800,2020-05-04,145.67,149.48,144.81,148.47,1609336.0
1588651200,2020-05-05,148.85,152.65,148.8,152.18,2388418.0
1588737600,2020-05-06,153.69,155.0,150.74,152.28,1364083.0
1588824000,2020-05-07,155.0,162.045,154.225,160.66,2269577.0
1588910400,2020-05-08,163.0,165.79,160.15,165.55,1879662.0
1589169600,2020-05-11,165.85,168.75,163.75,166.58,2701565.0
1589256000,2020-05-12,167.59,168.42,159.58,159.73,2119552.0
1589342400,2020-05-13,160.34,160.845,149.83,153.76,3429942.0
1589428800,2020-05-14,153.54,155.69,149.2374,155.23,1787497.0
1589515200,2020-05-15,154.0,156.75,153.25,154.3,2294177.0
1589774400,2020-05-18,157.48,157.48,149.835,150.56,3443183.0
1589860800,2020-05-19,152.39,159.88,151.7,157.42,3918704.0
1589947200,2020-05-20,159.55,161.11,157.8,159.54,1744870.0
1590033600,2020-05-21,159.68,164.22,157.89,163.83,2864160.0
1590120000,2020-05-22,164.04,169.62,162.8875,168.15,2768849.0
1590465600,2020-05-26,171.18,172.83,167.04,168.34,4528656.0
1590552000,2020-05-27,170.0,170.93,162.66,170.38,4253206.0
1590638400,2020-05-28,180.08,187.0,178.0082,182.56,8764545.0
1590724800,2020-05-29,181.65,183.7987,178.79,183.43,3251791.0
1590984000,2020-06-01,181.99,182.56,176.2967,177.96,3085171.0
1591070400,2020-06-02,178.71,179.47,174.5101,178.83,2386083.0
1591156800,2020-06-03,179.02,182.19,178.0,181.71,2069318.0
1591243200,2020-06-04,181.0,182.74,174.8,175.3,1874429.0
1591329600,2020-06-05,172.8,181.5,171.3,178.67,1927463.0
1591588800,2020-06-08,178.18,182.61,177.2701,181.23,1460651.0
1591675200,2020-06-09,180.0,181.7,177.8,179.76,1100407.0
1591761600,2020-06-10,180.39,185.02,178.705,183.05,2100237.0
1591848000,2020-06-11,178.88,180.28,173.49,173.5,2182535.0
1591934400,2020-06-12,178.35,179.2,169.7,173.55,1777385.0
1592193600,2020-06-15,171.02,178.9,170.29,178.0,3271700.0
1592280000,2020-06-16,181.0,184.301,178.54,181.14,1854485.0
1592366400,2020-06-17,181.73,185.82,181.32,182.56,1706543.0
1592452800,2020-06-18,182.38,188.25,182.32,187.81,1927604.0
1592539200,2020-06-19,189.5,190.34,181.14,183.56,6175475.0
1592798400,2020-06-22,183.85,186.34,183.5,184.94,1243838.0
1592884800,2020-06-23,185.82,188.69,184.49,185.34,1839176.0
1592971200,2020-06-24,184.5,185.71,178.31,180.07,1657425.0
1593057600,2020-06-25,179.65,186.56,178.95,186.26,1969817.0
1593144000,2020-06-26,185.72,188.43,182.4,187.48,3545754.0
1593403200,2020-06-29,186.26,188.03,181.66,186.18,1855266.0
1593489600,2020-06-30,186.18,188.69,185.02,187.36,2086014.0
1593576000,2020-07-01,187.37,192.95,186.1707,191.47,2416542.0
1593662400,2020-07-02,193.97,194.0,188.2,188.45,1888422.0
1594008000,2020-07-06,191.54,194.65,190.395,190.79,2210636.0
1594094400,2020-07-07,190.47,193.5,189.29,191.6,1629171.0
1594180800,2020-07-08,193.62,199.615,192.8,198.3,2577789.0
1594267200,2020-07-09,199.44,200.0,193.94,197.56,1654287.0
1594353600,2020-07-10,196.86,196.89,193.36,195.88,1010119.0
1594612800,2020-07-13,196.53,197.16,184.2598,184.77,1931097.0
1594699200,2020-07-14,182.01,186.17,178.26,185.68,1837999.0
1594785600,2020-07-15,186.65,186.87,180.14,183.23,2305101.0
1594872000,2020-07-16,179.81,182.77,178.97,181.71,1290282.0
1594958400,2020-07-17,181.4,184.09,179.8801,182.83,1078155.0
1595217600,2020-07-20,183.2,194.85,183.1601,193.99,2098962.0
1595304000,2020-07-21,193.17,193.74,187.06,188.5,1210874.0
1595390400,2020-07-22,189.98,191.86,186.35,188.565,1652531.0
1595476800,2020-07-23,187.39,190.78,183.96,185.37,1026780.0
1595563200,2020-07-24,183.37,184.97,181.2101,182.78,1084387.0
1595822400,2020-07-27,184.33,184.74,179.34,183.76,1409912.0
1595908800,2020-07-28,183.0,183.94,180.08,180.38,1505127.0
1595995200,2020-07-29,183.0,184.71,180.71,183.91,948758.0
1596081600,2020-07-30,180.0,181.49,177.51,180.58,1659716.0
1596168000,2020-07-31,181.21,181.445,176.8,180.92,1569931.0
1596427200,2020-08-03,182.47,182.78,179.55,181.59,1369721.0
1596513600,2020-08-04,181.35,182.34,179.4,181.49,923950.0
1596600000,2020-08-05,181.82,184.88,181.025,183.99,832579.0
1596686400,2020-08-06,183.98,184.22,180.55,183.69,1149300.0
1596772800,2020-08-07,184.46,184.46,174.52,177.47,1755039.0
1597032000,2020-08-10,177.56,181.74,174.9,181.05,1733764.0
1597118400,2020-08-11,178.85,180.39,175.82,177.55,1208361.0
1597204800,2020-08-12,178.025,181.06,176.25,178.25,1053751.0
1597291200,2020-08-13,179.56,185.87,179.255,183.76,1015212.0
1597377600,2020-08-14,183.92,185.48,181.08,181.58,641781.0
1597636800,2020-08-17,181.94,186.06,181.81,185.24,1115099.0
1597723200,2020-08-18,186.57,192.0,184.9542,191.56,2031183.0
1597809600,2020-08-19,191.77,193.96,190.2,191.2,1327965.0
1597896000,2020-08-20,190.94,194.89,189.75,194.32,1235877.0
1597982400,2020-08-21,191.63,193.31,190.52,192.65,1122665.0
1598241600,2020-08-24,194.15,194.66,190.945,191.6,1466402.0
1598328000,2020-08-25,191.5,194.57,189.32,194.03,1988924.0
1598414400,2020-08-26,200.95,214.95,199.43,213.62,6574108.0
1598500800,2020-08-27,211.7,219.29,209.0,216.63,5738670.0
1598587200,2020-08-28,240.01,248.75,238.08,243.88,11622840.0
1598846400,2020-08-31,241.13,246.9,238.31,239.71,4085780.0
1598932800,2020-09-01,241.7,244.75,238.0,241.75,2565451.0
1599019200,2020-09-02,242.8,243.38,232.12,233.48,3581835.0
1599105600,2020-09-03,230.26,233.23,219.89,223.0,3403899.0
1599192000,2020-09-04,223.0257,223.32,210.53,215.8,2713420.0
1599537600,2020-09-08,208.89,214.6,207.1,208.58,2575701.0
1599624000,2020-09-09,213.08,213.78,206.27,210.75,2336280.0
1599710400,2020-09-10,211.11,216.33,205.38,207.31,2007620.0
1599796800,2020-09-11,210.251,210.51,201.39,206.2,1749930.0
1600056000,2020-09-14,209.6,211.39,205.14,208.41,1596292.0
1600142400,2020-09-15,210.7,212.94,206.0,207.63,1787268.0
1600228800,2020-09-16,209.55,210.295,204.18,205.62,1889027.0
1600315200,2020-09-17,198.9,203.38,195.88,203.19,2907320.0
1600401600,2020-09-18,203.87,205.17,196.2,200.45,2848392.0
1600660800,2020-09-21,197.73,203.91,195.81,203.55,1525948.0
1600747200,2020-09-22,206.675,212.43,203.78,211.8,1944745.0
1600833600,2020-09-23,211.59,213.9,206.73,207.39,1936728.0
1600920000,2020-09-24,206.56,211.05,204.165,208.69,1273998.0
1601006400,2020-09-25,209.64,216.13,207.79,215.78,1299743.0
1601265600,2020-09-28,218.54,221.5,215.25,220.34,2583328.0
1601352000,2020-09-29,221.28,222.88,219.7,220.78,1790979.0
1601438400,2020-09-30,220.52,222.5,214.0,215.13,2419510.0
1601524800,2020-10-01,222.75,222.75,216.7,220.52,2563292.0
1601611200,2020-10-02,219.29,225.55,218.0008,218.98,1837094.0
1601870400,2020-10-05,219.67,224.58,217.58,222.04,1484700.0
1601956800,2020-10-06,223.18,225.69,215.72,217.01,1605699.0
1602043200,2020-10-07,227.29,230.27,223.6,227.21,2626775.0
1602129600,2020-10-08,229.23,229.595,222.6,224.04,925116.0
1602216000,2020-10-09,226.0,226.68,224.325,225.73,922362.0
1602475200,2020-10-12,229.36,230.14,224.755,228.19,1525167.0
1602561600,2020-10-13,228.51,236.84,228.04,232.9,1970533.0
1602648000,2020-10-14,236.6,236.6,227.55,230.54,1353005.0
1602734400,2020-10-15,224.13,228.21,222.51,226.67,2022027.0
1602820800,2020-10-16,227.15,231.1,227.15,229.45,1336780.0
1603080000,2020-10-19,229.76,231.85,226.51,227.64,1514700.0
1603166400,2020-10-20,230.785,233.78,224.34,224.43,2021202.0
1603252800,2020-10-21,225.91,226.945,222.1,224.31,1449721.0
1603339200,2020-10-22,224.43,225.98,218.21,220.85,722727.0
1603425600,2020-10-23,221.49,224.27,219.03,224.14,767419.0
1603684800,2020-10-26,218.65,222.82,208.88,210.33,4089242.0
1603771200,2020-10-27,211.8,216.16,211.51,214.17,1332781.0
1603857600,2020-10-28,210.01,212.3665,207.23,209.7,1229966.0
1603944000,2020-10-29,211.53,218.29,211.53,217.63,1880931.0
1604030400,2020-10-30,215.17,217.85,208.155,210.12,2152523.0
1604293200,2020-11-02,209.73,212.5,201.615,205.48,1495334.0
1604379600,2020-11-03,206.51,209.88,205.055,209.18,1174377.0
1604466000,2020-11-04,219.11,224.78,213.51,215.24,2900382.0
1604552400,2020-11-05,226.26,231.43,223.42,225.23,2123865.0
1604638800,2020-11-06,224.99,227.81,219.22,225.0,1348799.0
1604898000,2020-11-09,222.68,228.95,218.59,223.4,1971387.0
1604984400,2020-11-10,221.06,222.1939,209.99,213.9,1652680.0
1605070800,2020-11-11,216.43,221.55,214.39,218.62,1281774.0
1605157200,2020-11-12,220.14,224.385,218.61,219.81,1158332.0
1605243600,2020-11-13,220.83,223.795,218.47,222.0,1186174.0
1605502800,2020-11-16,219.08,225.81,218.885,224.97,1782926.0
1605589200,2020-11-17,224.93,228.24,221.9,226.78,1653442.0
1605675600,2020-11-18,226.5,228.2,222.36,223.61,2764661.0
1605762000,2020-11-19,224.27,231.94,223.46,230.8,4264461.0
1605848400,2020-11-20,220.22,222.45,209.05,209.4,12581835.0
1606107600,2020-11-23,210.47,212.24,204.86,207.1,4676677.0
1606194000,2020-11-24,208.44,213.28,205.1386,213.14,3489158.0
1606280400,2020-11-25,214.0,216.9,209.53,214.88,2778515.0
1606453200,2020-11-27,215.0,224.69,214.0,223.86,2147487.0
1606712400,2020-11-30,223.44,225.1,218.54,224.79,2867101.0
1606798800,2020-12-01,223.44,229.16,222.9,225.7,3121882.0
1606885200,2020-12-02,222.21,226.07,219.78,225.43,1970571.0
1606971600,2020-12-03,224.0,226.79,223.36,224.17,1381897.0
1607058000,2020-12-04,224.82,226.49,221.31,222.18,1470559.0
1607317200,2020-12-07,222.06,228.6,221.41,227.12,1718942.0
1607403600,2020-12-08,228.0,230.71,225.06,228.17,1800822.0
1607490000,2020-12-09,228.05,228.83,218.31,219.48,2343733.0
1607576400,2020-12-10,217.45,222.0,215.77,218.29,2985846.0
1607662800,2020-12-11,219.09,220.22,214.7667,219.24,1950308.0
1607922000,2020-12-14,219.01,224.1,218.66,220.37,2767426.0
1608008400,2020-12-15,221.68,225.15,218.76,220.25,2127866.0
1608094800,2020-12-16,223.99,231.0,222.72,230.59,2064144.0
1608181200,2020-12-17,232.2585,240.82,232.0,239.81,2945556.0
1608267600,2020-12-18,241.98,244.7694,239.01,241.39,5563461.0
1608526800,2020-12-21,238.73,242.74,236.1,242.32,1971314.0
1608613200,2020-12-22,242.0,258.37,241.94,257.71,4407231.0
1608699600,2020-12-23,256.28,259.01,248.69,248.76,1779841.0
1608786000,2020-12-24,247.87,251.35,245.43,248.76,653263.0
1609131600,2020-12-28,250.75,251.02,241.54,241.92,1266151.0
1609218000,2020-12-29,242.8,243.67,235.52,237.72,1501568.0
1609304400,2020-12-30,237.78,239.87,236.82,236.93,1237409.0
1609390800,2020-12-31,238.0,242.5,236.93,239.61,1470047.0
1609736400,2021-01-04,240.11,240.68,224.4,228.08,3627659.0
1609822800,2021-01-05,226.57,227.305,223.52,225.36,3057072.0
1609909200,2021-01-06,221.75,224.89,217.8494,220.0,2487790.0
1609995600,2021-01-07,222.87,228.0,222.61,226.21,2156700.0
1610082000,2021-01-08,226.0,229.43,224.84,227.65,1987305.0
1610341200,2021-01-11,226.95,229.91,224.075,228.83,1944580.0
1610427600,2021-01-12,229.16,229.56,222.53,225.62,1546594.0
1610514000,2021-01-13,228.0,231.695,227.05,229.07,1811939.0
1610600400,2021-01-14,229.9,235.6875,227.02,227.33,1586035.0
1610686800,2021-01-15,228.42,231.98,222.35,222.56,2408078.0
1611032400,2021-01-19,223.5,225.65,218.23,221.04,2162922.0
1611118800,2021-01-20,223.91,228.68,221.25,226.79,2761703.0
1611205200,2021-01-21,227.43,231.97,225.59,229.39,1587077.0
1611291600,2021-01-22,231.9165,236.06,230.53,235.53,1957010.0
1611550800,2021-01-25,237.59,240.6,230.35,234.99,2072438.0
1611637200,2021-01-26,235.23,236.56,232.73,235.6,1869889.0
1611723600,2021-01-27,229.17,232.465,221.265,223.45,2722200.0
1611810000,2021-01-28,223.56,230.215,221.7979,228.56,2154906.0
1611896400,2021-01-29,225.5035,228.985,222.8,227.53,2982659.0
1612155600,2021-02-01,228.52,241.65,228.52,236.69,4237874.0
1612242000,2021-02-02,238.9,259.1,237.71,257.76,5817867.0
1612328400,2021-02-03,253.71,261.62,253.37,258.63,3947004.0
1612414800,2021-02-04,259.0,265.5,258.27,264.19,1847358.0
1612501200,2021-02-05,264.19,266.18,261.28,263.95,2264846.0
1612760400,2021-02-08,269.0,273.34,268.53,272.79,2225447.0
1612846800,2021-02-09,270.22,275.87,267.43,275.37,1685011.0
1612933200,2021-02-10,276.0,277.41,272.2,274.09,1349641.0
1613019600,2021-02-11,274.43,278.14,273.68,275.99,1633758.0
1613106000,2021-02-12,276.83,282.11,273.99,281.36,1840435.0
1613451600,2021-02-16,280.15,282.77,272.21,274.87,2493629.0
1613538000,2021-02-17,268.08,272.6762,266.09,271.05,1763625.0
1613624400,2021-02-18,268.71,274.31,266.44,272.79,1523295.0
1613710800,2021-02-19,268.71,274.31,266.44,272.79,1523295.0
1613970000,2021-02-22,271.37,273.39,266.55,269.95,2027147.0
1614056400,2021-02-23,260.59,265.51,254.17,261.73,2063215.0
1614142800,2021-02-24,261.15,263.165,255.23,262.78,1991169.0
1614229200,2021-02-25,261.0,264.94,249.58,251.19,2457084.0
1614315600,2021-02-26,251.18,258.67,242.815,245.18,4821819.0
1614574800,2021-03-01,248.67,253.52,244.75,252.8,2944046.0
1614661200,2021-03-02,256.78,256.78,247.74,247.96,1432855.0
1614747600,2021-03-03,245.83,246.65,235.88,236.7,2042241.0
1614834000,2021-03-04,234.675,237.18,226.435,230.35,2518041.0
1614920400,2021-03-05,234.53,237.58,222.53,237.02,2820798.0
1615179600,2021-03-08,236.47,240.46,230.64,231.07,1740335.0
1615266000,2021-03-09,243.93,248.0,240.94,245.92,3470601.0
1615352400,2021-03-10,250.54,252.46,242.52,242.71,2202919.0
1615438800,2021-03-11,248.29,258.99,247.67,257.27,2722558.0
1615525200,2021-03-12,250.36,252.95,246.56,252.73,1982001.0
1615780800,2021-03-15,251.09,254.955,246.867,254.88,1455017.0
1615867200,2021-03-16,256.67,260.47,254.1925,257.12,1699299.0
1615953600,2021-03-17,254.08,263.28,250.49,260.72,1548930.0
1616040000,2021-03-18,254.05,257.4,248.49,249.14,2071009.0
1616126400,2021-03-19,250.14,255.695,247.97,251.23,1997884.0
1616385600,2021-03-22,254.085,259.85,251.63,257.27,1462269.0
1616472000,2021-03-23,258.77,261.98,256.56,257.39,875112.0
1616558400,2021-03-24,256.73,258.0,245.22,246.07,1635813.0
1616644800,2021-03-25,244.16,249.92,243.11,246.15,1338203.0
1616731200,2021-03-26,246.96,251.63,243.31,249.66,1193239.0
1616990400,2021-03-29,248.6,248.84,240.42,243.12,1288017.0
1617076800,2021-03-30,242.45,244.62,237.79,243.23,935658.0
1617163200,2021-03-31,244.94,252.26,243.79,248.43,1547817.0
1617249600,2021-04-01,253.26,259.85,251.91,254.97,1546540.0
1617595200,2021-04-05,255.36,259.31,252.64,255.0,1207063.0
1617681600,2021-04-06,253.81,260.42,251.79,254.9,1192968.0
1617768000,2021-04-07,254.34,255.89,251.22,251.93,882469.0
1617854400,2021-04-08,256.15,259.03,253.71,257.04,1284237.0
1617940800,2021-04-09,255.24,258.645,253.74,257.61,1073698.0
1618200000,2021-04-12,255.09,259.985,253.08,259.51,1023306.0
1618286400,2021-04-13,260.02,268.88,260.02,265.93,1861119.0
1618372800,2021-04-14,267.96,268.16,259.26,259.85,1271895.0
1618459200,2021-04-15,262.26,263.71,254.15,260.29,3183787.0
1618545600,2021-04-16,255.64,258.48,253.89,256.35,1433532.0
1618804800,2021-04-19,254.64,257.49,251.39,254.51,1217912.0
1618891200,2021-04-20,253.81,255.51,248.59,249.92,1018046.0
1618977600,2021-04-21,249.68,252.46,248.02,251.62,687131.0
1619064000,2021-04-22,251.01,255.54,249.48,252.95,1843230.0
1619150400,2021-04-23,254.46,257.49,254.1827,254.8,1223114.0
1619409600,2021-04-26,254.8,259.24,254.28,259.24,963400.0
1619496000,2021-04-27,260.0,262.0718,258.32,261.33,1242466.0
1619582400,2021-04-28,260.23,262.69,258.46,260.89,856080.0
1619668800,2021-04-29,258.62,259.36,251.7,254.67,1366254.0
1619755200,2021-04-30,251.25,253.57,246.78,247.0,2207148.0
1620014400,2021-05-03,248.35,250.1915,243.06,243.75,1393691.0
1620100800,2021-05-04,240.26,241.4,233.24,237.16,2364632.0
1620187200,2021-05-05,238.41,239.989,234.755,235.94,1031983.0
1620273600,2021-05-06,236.01,237.98,231.14,234.93,1487265.0
1620360000,2021-05-07,236.5,242.38,235.33,236.71,1447126.0
1620619200,2021-05-10,235.19,236.58,231.38,232.29,1356266.0
1620705600,2021-05-11,226.53,239.205,225.01,236.9,1553117.0
1620792000,2021-05-12,232.32,234.7961,223.2,224.5,2964739.0
1620878400,2021-05-13,227.83,230.2502,219.86,222.58,2446889.0
1620964800,2021-05-14,225.63,229.74,222.97,228.77,1949316.0
1621224000,2021-05-17,225.84,229.68,224.71,229.45,1380314.0
1621310400,2021-05-18,230.01,230.9425,224.28,225.09,1761153.0
1621396800,2021-05-19,219.29,226.11,217.6,226.0,1871250.0
1621483200,2021-05-20,229.35,236.07,226.28,233.43,1934380.0
1621569600,2021-05-21,235.33,236.9133,231.19,231.42,1287505.0
1621828800,2021-05-24,235.63,237.0,233.24,234.0,1194144.0
1621915200,2021-05-25,236.09,237.84,234.56,236.57,2386734.0
1622001600,2021-05-26,238.53,240.75,234.97,237.07,2457687.0
1622088000,2021-05-27,232.495,233.49,226.49,229.35,5903414.0
1622174400,2021-05-28,230.9,233.0,228.35,228.72,2120997.0
1622520000,2021-06-01,229.23,229.74,224.33,226.41,2950126.0
1622606400,2021-06-02,226.4974,232.89,225.53,226.83,1676863.0
1622692800,2021-06-03,223.13,224.22,220.82,221.24,1788898.0
1622779200,2021-06-04,223.08,226.0,222.58,223.31,1869441.0
1623038400,2021-06-07,223.5,226.5,222.0,225.65,1114236.0
1623124800,2021-06-08,226.42,229.45,223.8,224.72,1513756.0
1623211200,2021-06-09,226.99,228.9799,224.29,225.46,1833467.0
1623297600,2021-06-10,225.2795,229.595,224.52,229.07,1696359.0
1623384000,2021-06-11,228.25,230.59,227.63,230.09,1176882.0
1623643200,2021-06-14,230.66,233.39,228.92,232.28,1328437.0
1623729600,2021-06-15,231.93,232.1,229.65,231.81,2072670.0
1623816000,2021-06-16,232.1,234.3825,225.995,230.2,2097436.0
1623902400,2021-06-17,229.0952,237.35,228.06,235.04,1651661.0
1623988800,2021-06-18,233.66,236.99,232.94,236.49,2906607.0
1624248000,2021-06-21,235.92,238.59,233.0,236.93,1221176.0
1624334400,2021-06-22,236.53,239.42,236.27,238.97,1337128.0
1624420800,2021-06-23,238.0,239.96,237.69,238.69,829015.0
1624507200,2021-06-24,239.225,243.37,239.225,241.71,1345341.0
1624593600,2021-06-25,242.97,243.4,240.05,243.0,1771155.0
1624852800,2021-06-28,243.36,246.33,241.3564,242.91,1132579.0
1624939200,2021-06-29,242.5,246.44,241.14,246.39,1181163.0
1625025600,2021-06-30,246.61,246.61,238.47,238.74,1432299.0
1625112000,2021-07-01,238.11,239.33,233.5701,235.51,2244875.0
1625198400,2021-07-02,236.97,239.59,236.06,238.3,1484029.0
1625544000,2021-07-06,238.56,241.7,236.2,238.55,1717740.0
1625630400,2021-07-07,239.31,243.58,238.52,238.65,1293789.0
1625716800,2021-07-08,235.07,238.92,231.74,237.09,1278049.0
1625803200,2021-07-09,236.21,241.18,233.91,239.94,1411201.0
1626062400,2021-07-12,241.54,242.46,235.48,236.39,1045523.0
1626148800,2021-07-13,233.4139,237.56,232.8314,232.99,1191975.0
1626235200,2021-07-14,234.54,235.72,231.237,232.03,1054932.0
1626321600,2021-07-15,231.34,232.04,226.16,228.7,1903100.0
1626408000,2021-07-16,230.0,231.0,226.85,227.53,1420878.0
1626667200,2021-07-19,225.71,227.87,223.69,226.15,1367912.0
1626753600,2021-07-20,227.2,233.58,225.55,230.83,1754373.0
1626840000,2021-07-21,228.61,237.62,228.12,237.36,1401562.0
1626926400,2021-07-22,237.0,239.35,237.0,237.92,1044600.0
1627012800,2021-07-23,238.81,242.06,237.725,240.4,1203482.0
1627272000,2021-07-26,240.55,240.55,237.94,238.61,963686.0
1627358400,2021-07-27,238.9,239.305,220.01,230.66,7920618.0
1627444800,2021-07-28,232.0,235.54,231.2601,234.39,1775045.0
1627531200,2021-07-29,235.21,237.44,234.245,235.25,1396042.0
1627617600,2021-07-30,233.33,235.36,233.01,234.4,1066874.0
1627876800,2021-08-02,235.1,236.32,232.42,233.65,786333.0
1627963200,2021-08-03,238.2643,238.31,231.35,235.36,2355834.0
1628049600,2021-08-04,235.17,235.79,231.75,232.23,1177186.0
1628136000,2021-08-05,231.78,236.96,230.32,236.0,2652471.0
1628222400,2021-08-06,234.62,237.1,233.4,235.72,1107283.0
1628481600,2021-08-09,236.58,236.58,233.93,234.19,1845316.0
1628568000,2021-08-10,237.61,238.0,230.05,230.7,966381.0
1628654400,2021-08-11,231.89,232.8,229.01,231.37,924201.0
1628740800,2021-08-12,230.58,236.92,230.58,235.33,1064183.0
1628827200,2021-08-13,235.39,238.98,234.58,236.68,819256.0
1629086400,2021-08-16,236.08,236.08,230.7201,232.58,1365881.0
1629172800,2021-08-17,230.43,232.62,228.065,231.36,1157794.0
1629259200,2021-08-18,231.63,233.64,230.6,231.58,1796068.0
1629345600,2021-08-19,231.16,233.14,228.59,231.9,1555280.0
1629432000,2021-08-20,232.31,238.71,232.31,235.95,1672097.0
1629691200,2021-08-23,235.66,242.82,235.62,242.62,1756679.0
1629777600,2021-08-24,245.33,245.9,242.21,245.81,1382506.0
1629864000,2021-08-25,245.36,246.79,244.2,246.11,1091361.0
1629950400,2021-08-26,247.12,248.46,245.0,246.76,3156577.0
1630036800,2021-08-27,265.0303,274.94,263.2701,269.28,7736746.0
1630296000,2021-08-30,270.8815,273.64,268.63,271.37,2084904.0
1630382400,2021-08-31,271.3,275.71,269.66,273.16,2488147.0
1630468800,2021-09-01,274.0,275.9,271.3,273.37,1924674.0
1630555200,2021-09-02,272.78,274.33,269.46,271.32,995297.0
1630641600,2021-09-03,269.685,278.23,269.685,277.74,1471764.0
1630987200,2021-09-07,276.53,277.585,273.62,274.37,1874245.0
1631073600,2021-09-08,275.14,275.63,271.5401,272.2,1076632.0
1631160000,2021-09-09,271.73,273.62,269.71,270.0,1328515.0
1631246400,2021-09-10,271.32,271.92,267.11,267.53,1350240.0
1631505600,2021-09-13,268.07,268.7872,262.19,267.75,1297201.0
1631592000,2021-09-14,268.76,271.7383,267.99,269.78,1239164.0
1631678400,2021-09-15,269.97,271.58,267.14,269.85,1158989.0
1631764800,2021-09-16,268.4914,271.4899,267.73,271.07,1097054.0
1631851200,2021-09-17,271.89,272.5452,266.35,268.51,2748605.0
1632110400,2021-09-20,266.71,267.47,262.575,267.19,2363457.0
1632196800,2021-09-21,268.5,272.41,266.75,270.18,1873002.0
1632283200,2021-09-22,271.64,274.98,269.3706,270.71,2790122.0
1632369600,2021-09-23,272.25,273.98,264.55,270.07,2004104.0
1632456000,2021-09-24,269.15,270.218,265.9,268.43,1213398.0
1632715200,2021-09-27,265.67,266.88,262.21,263.78,1213992.0
1632801600,2021-09-28,258.97,259.37,252.01,252.37,2273276.0
1632888000,2021-09-29,254.85,257.6118,246.94,249.51,1776037.0
1632974400,2021-09-30,250.33,253.61,249.02,249.89,1196050.0
1633060800,2021-10-01,250.0,256.0,247.42,254.55,1956385.0
1633320000,2021-10-04,253.82,254.02,246.45,249.68,1952982.0
1633406400,2021-10-05,250.48,253.15,249.218,252.05,874204.0
1633492800,2021-10-06,249.36,256.55,248.31,256.33,1647734.0
1633579200,2021-10-07,258.35,262.2,257.585,257.86,862502.0
1633665600,2021-10-08,258.1,259.47,254.5,255.9,1100758.0
1633924800,2021-10-11,254.85,258.93,252.59,253.67,1160407.0
1634011200,2021-10-12,255.47,260.48,254.56,257.19,1315197.0
1634097600,2021-10-13,262.72,273.55,262.61,266.6,2633004.0
1634184000,2021-10-14,269.49,273.39,268.14,271.11,1444147.0
1634270400,2021-10-15,270.86,272.35,268.15,270.99,1779876.0
1634529600,2021-10-18,267.96,273.04,267.0,272.67,971219.0
1634616000,2021-10-19,273.41,278.47,272.59,277.27,1258880.0
1634702400,2021-10-20,277.5,279.69,274.54,277.26,859384.0
1634788800,2021-10-21,277.0,281.68,275.34,281.01,1338698.0
1634875200,2021-10-22,282.27,284.8,279.045,280.79,1132705.0
1635134400,2021-10-25,279.29,284.6004,278.53,282.15,1973318.0
1635220800,2021-10-26,284.48,285.85,281.08,282.76,938005.0
1635307200,2021-10-27,283.0,286.55,280.56,283.13,1211678.0
1635393600,2021-10-28,282.94,288.58,280.935,286.74,1005001.0
1635480000,2021-10-29,288.3035,292.615,286.33,289.98,1771938.0
1635739200,2021-11-01,291.11,291.99,285.95,288.07,1021613.0
1635825600,2021-11-02,289.99,291.7192,288.53,291.28,959426.0
1635912000,2021-11-03,290.55,292.15,287.43,288.96,880363.0
1635998400,2021-11-04,289.96,292.8643,286.9,290.48,1353311.0
1636084800,2021-11-05,291.74,291.74,287.02,289.92,1105018.0
1636347600,2021-11-08,291.55,293.82,289.845,292.73,1146649.0
1636434000,2021-11-09,294.03,294.4932,290.21,293.48,1083776.0
1636520400,2021-11-10,291.99,298.22,287.87,291.01,3219255.0
1636606800,2021-11-11,291.5,298.45,291.5,295.24,1380123.0
1636693200,2021-11-12,297.13,300.78,295.75,296.45,1581805.0
1636952400,2021-11-15,297.13,298.995,294.44,295.6,1371783.0
1637038800,2021-11-16,300.46,303.33,296.02,299.84,2691473.0
1637125200,2021-11-17,304.52,307.81,298.54,300.9,2046243.0
1637211600,2021-11-18,300.04,301.78,294.0,299.09,2949529.0
1637298000,2021-11-19,287.51,297.5,279.81,286.6,6932913.0
1637557200,2021-11-22,285.51,286.71,274.36,274.75,3125312.0
1637643600,2021-11-23,273.57,280.785,268.63,274.28,2428344.0
1637730000,2021-11-24,270.51,278.52,268.365,277.88,1841577.0
1637902800,2021-11-26,276.5,282.66,276.01,277.55,1631146.0
1638162000,2021-11-29,280.33,284.82,277.13,281.59,1377111.0
1638248400,2021-11-30,282.94,284.25,272.94,274.23,2417683.0
1638334800,2021-12-01,275.8077,276.92,260.07,260.86,2732956.0
1638421200,2021-12-02,260.25,268.37,260.0,266.66,2043161.0
1638507600,2021-12-03,267.68,269.975,259.87,266.99,2624793.0
1638766800,2021-12-06,266.02,269.46,258.22,269.09,2134884.0
1638853200,2021-12-07,272.0,283.15,271.67,280.24,1969426.0
1638939600,2021-12-08,281.73,284.39,275.49,282.3,1069579.0
1639026000,2021-12-09,281.7,285.58,276.71,279.35,1492003.0
1639112400,2021-12-10,280.46,284.61,277.42,279.68,1411818.0
1639371600,2021-12-13,279.56,283.67,278.575,280.92,1354594.0
1639458000,2021-12-14,276.36,277.91,267.83,273.35,1877085.0
1639544400,2021-12-15,273.46,280.45,268.09,279.22,1905795.0
1639630800,2021-12-16,277.33,278.365,269.26,272.23,1385936.0
1639717200,2021-12-17,267.076,275.47,265.29,273.88,2903563.0
1639976400,2021-12-20,268.2,272.56,266.34,269.7,1131393.0
1640062800,2021-12-21,269.64,279.55,267.0,278.86,1564793.0
1640149200,2021-12-22,278.86,280.65,275.84,277.88,1134835.0
1640235600,2021-12-23,278.97,279.99,274.73,278.05,884092.0
1640581200,2021-12-27,278.36,280.91,276.345,279.35,1153302.0
1640667600,2021-12-28,280.73,280.73,274.73,275.8,930830.0
1640754000,2021-12-29,275.4,276.12,271.68,275.75,862584.0
1640840400,2021-12-30,277.56,279.57,276.3,276.5,1630372.0
1640926800,2021-12-31,275.52,277.29,272.8,273.18,866272.0
1641186000,2022-01-03,271.96,272.495,261.07,263.72,3023726.0
1641272400,2022-01-04,263.72,263.95,245.02,253.06,5281237.0
1641358800,2022-01-05,250.47,257.38,246.01,248.26,3124965.0
1641445200,2022-01-06,246.45,256.5,245.19,250.63,3104081.0
1641531600,2022-01-07,250.31,256.49,246.03,250.24,1275048.0
1641790800,2022-01-10,245.27,252.38,241.72,252.31,2294764.0
1641877200,2022-01-11,250.1,256.55,248.37,255.72,2580307.0
1641963600,2022-01-12,256.98,261.89,255.88,257.96,2061029.0
1642050000,2022-01-13,258.44,260.6,248.87,249.41,1916634.0
1642136400,2022-01-14,249.83,255.07,248.1,254.31,2358709.0
1642482000,2022-01-18,246.71,252.69,243.95,245.86,2507233.0
1642568400,2022-01-19,246.78,255.17,246.1,249.46,1572973.0
1642654800,2022-01-20,255.42,260.46,251.25,251.77,1975390.0
1642741200,2022-01-21,251.06,253.14,244.39,245.69,2265596.0
1643000400,2022-01-24,240.86,248.03,233.31,247.63,3023526.0
1643086800,2022-01-25,241.55,248.0,235.12,236.11,2867949.0
1643173200,2022-01-26,240.535,241.39,223.615,225.04,5053225.0
1643259600,2022-01-27,229.53,235.5,225.73,226.18,2279016.0
1643346000,2022-01-28,226.55,238.74,223.52,238.18,2607629.0
1643605200,2022-01-31,239.45,253.32,238.35,253.01,3372240.0
1643691600,2022-02-01,256.96,257.0,246.95,252.74,2062188.0
1643778000,2022-02-02,252.75,252.89,239.95,242.85,3637587.0
1643864400,2022-02-03,237.64,239.32,231.39,233.02,2946758.0
1643950800,2022-02-04,234.22,240.23,231.88,236.79,1942097.0
1644210000,2022-02-07,237.5,242.82,235.66,236.45,1930120.0
1644296400,2022-02-08,234.51,239.695,232.01,238.51,1730493.0
1644382800,2022-02-09,243.73,246.34,240.99,243.45,1784626.0
1644469200,2022-02-10,237.04,243.66,236.1,239.64,1505733.0
1644555600,2022-02-11,240.64,243.87,231.86,232.77,1533400.0
1644814800,2022-02-14,232.44,236.195,230.35,232.98,1891252.0
1644901200,2022-02-15,237.69,238.62,231.35,235.46,2141881.0
1644987600,2022-02-16,232.18,235.0,226.0,228.31,2594807.0
1645074000,2022-02-17,226.63,226.94,216.54,216.71,3038285.0
1645160400,2022-02-18,215.7839,218.34,212.23,214.47,2472179.0
1645506000,2022-02-22,214.38,225.69,213.0,218.09,3897369.0
1645592400,2022-02-23,219.18,222.08,212.69,213.01,2029888.0
1645678800,2022-02-24,206.56,223.095,205.9,222.36,2881618.0
1645765200,2022-02-25,220.24,225.375,219.08,225.23,2788079.0
1646024400,2022-02-28,225.54,231.73,223.66,229.05,4377579.0
1646110800,2022-03-01,245.98,249.88,237.72,240.33,6949982.0
1646197200,2022-03-02,239.24,249.91,235.6,248.39,4213874.0
1646283600,2022-03-03,250.0,250.0,241.77,245.37,2393548.0
1646370000,2022-03-04,245.74,248.5,237.64,240.21,2761334.0
1646629200,2022-03-07,240.84,242.05,223.155,224.41,4575732.0
1646715600,2022-03-08,220.75,226.56,215.76,219.9,3168844.0
1646802000,2022-03-09,224.77,235.43,223.83,233.53,2579322.0
1646888400,2022-03-10,228.29,232.06,226.62,228.45,1602013.0
1646974800,2022-03-11,231.38,232.29,224.69,224.91,2038148.0
1647230400,2022-03-14,224.5,229.22,218.9,220.91,2050668.0
1647316800,2022-03-15,222.12,222.85,217.15,221.42,2352286.0
1647403200,2022-03-16,223.75,228.26,219.34,227.47,2419427.0
1647489600,2022-03-17,227.03,237.65,226.03,235.3,2704809.0
1647576000,2022-03-18,234.39,245.15,232.555,243.6,3345783.0
1647835200,2022-03-21,241.43,244.73,239.9,242.84,1989532.0
1647921600,2022-03-22,242.62,248.27,241.0,244.15,2279466.0
1648008000,2022-03-23,241.85,242.44,236.205,236.78,3131369.0
1648094400,2022-03-24,238.26,241.73,233.0,241.23,2831045.0
1648180800,2022-03-25,243.57,244.0,234.8,238.09,2550325.0
1648440000,2022-03-28,237.37,246.175,237.37,244.23,2866343.0
1648526400,2022-03-29,247.95,248.92,245.06,246.26,2729207.0
1648612800,2022-03-30,245.0,246.4,240.24,241.56,1281250.0
1648699200,2022-03-31,242.86,242.86,238.4,239.46,1969759.0
1648785600,2022-04-01,237.345,242.17,235.45,237.93,2578121.0
1649044800,2022-04-04,238.24,245.83,237.4801,243.0,2162714.0
1649131200,2022-04-05,243.59,244.2,237.5,239.72,2380122.0
1649217600,2022-04-06,234.06,234.58,228.6,230.14,1845721.0
1649304000,2022-04-07,228.96,235.16,228.96,233.25,1306042.0
1649390400,2022-04-08,232.76,233.2,228.24,228.77,1407403.0
1649649600,2022-04-11,225.02,229.19,223.41,227.21,1594704.0
1649736000,2022-04-12,231.2,233.84,225.45,225.97,1535352.0
1649822400,2022-04-13,225.81,230.94,225.35,228.66,1291147.0
1649908800,2022-04-14,229.0,229.26,224.01,224.67,1615262.0
1650254400,2022-04-18,220.99,222.0,214.57,219.5,3213959.0
1650340800,2022-04-19,219.33,225.6,216.56,224.62,2048477.0
1650427200,2022-04-20,226.74,226.74,219.58,220.14,1217225.0
1650513600,2022-04-21,220.86,224.21,210.39,212.45,1834756.0
1650600000,2022-04-22,212.44,214.38,205.5519,206.13,1830978.0
1650859200,2022-04-25,204.43,210.0,204.28,209.13,1483902.0
1650945600,2022-04-26,207.76,208.2,200.67,201.9,3208198.0
1651032000,2022-04-27,202.34,209.455,202.34,206.72,2249540.0
1651118400,2022-04-28,210.185,217.45,209.32,215.46,2339264.0
1651204800,2022-04-29,213.283,217.3,205.94,206.7,2576309.0
1651464000,2022-05-02,205.78,209.37,203.14,208.41,1924554.0
1651550400,2022-05-03,207.73,209.06,200.08,201.3,3017706.0
1651636800,2022-05-04,201.95,208.82,193.59,207.76,3009943.0
1651723200,2022-05-05,204.74,205.38,193.155,195.82,2790417.0
1651809600,2022-05-06,193.42,195.3,185.56,189.46,2164883.0
1652068800,2022-05-09,185.16,185.24,175.07,176.21,6936781.0
1652155200,2022-05-10,181.8,185.52,176.18,183.67,4471044.0
1652241600,2022-05-11,179.62,186.81,172.45,173.14,3759348.0
1652328000,2022-05-12,171.71,178.26,168.9,171.92,3683653.0
1652414400,2022-05-13,175.34,184.07,174.95,182.29,4059960.0
1652673600,2022-05-16,179.44,182.62,174.64,176.06,2177043.0
1652760000,2022-05-17,173.58,176.68,169.0,173.34,4942249.0
1652846400,2022-05-18,170.99,172.28,161.62,162.95,4086395.0
1652932800,2022-05-19,163.46,167.44,161.83,164.52,4017741.0
1653019200,2022-05-20,168.6,170.4,161.04,165.99,2999987.0
1653278400,2022-05-23,167.0,167.17,162.7,165.79,2820421.0
1653364800,2022-05-24,162.98,164.09,157.49,158.77,4407329.0
1653451200,2022-05-25,159.49,165.95,158.03,164.51,3324633.0
1653537600,2022-05-26,164.53,169.96,160.68,168.15,5130169.0
1653624000,2022-05-27,156.37,159.96,149.055,158.79,13812140.0
1653969600,2022-05-31,158.35,158.69,153.5,156.3,7654527.0
1654056000,2022-06-01,158.01,162.27,155.0,156.56,5002050.0
1654142400,2022-06-02,155.7,169.9,155.37,169.44,5506279.0
1654228800,2022-06-03,166.55,168.22,162.0,162.13,3490340.0
1654488000,2022-06-06,165.66,165.82,158.81,158.86,2340019.0
1654574400,2022-06-07,156.36,160.99,156.36,159.25,2459187.0
1654660800,2022-06-08,159.25,161.27,158.57,160.04,1830745.0
1654747200,2022-06-09,158.58,159.505,153.8,153.83,1859081.0
1654833600,2022-06-10,151.09,152.0,146.55,149.28,3537528.0
1655092800,2022-06-13,145.15,146.92,140.84,142.23,4165759.0
1655179200,2022-06-14,144.18,146.015,138.73,139.38,3847398.0
1655265600,2022-06-15,142.81,145.415,139.69,142.81,5171689.0
1655352000,2022-06-16,139.1,140.75,136.27,136.86,2992867.0
1655438400,2022-06-17,136.91,141.95,136.74,139.38,6553400.0
1655784000,2022-06-21,141.83,143.69,138.44,138.6,2939726.0
1655870400,2022-06-22,136.55,139.53,135.05,136.59,6591442.0
1655956800,2022-06-23,137.84,142.61,134.53,142.19,5225529.0
1656043200,2022-06-24,145.13,152.12,144.51,152.05,4748427.0
1656302400,2022-06-27,152.29,153.08,147.51,148.05,4458823.0
1656388800,2022-06-28,148.44,149.93,143.96,144.25,3484275.0
1656475200,2022-06-29,144.52,148.045,143.0487,146.31,2460761.0
1656561600,2022-06-30,143.32,143.955,138.05,139.58,3994328.0
1656648000,2022-07-01,140.307,143.28,137.5,142.35,1835724.0
1656993600,2022-07-05,138.54,146.52,138.54,146.37,2523353.0
1657080000,2022-07-06,147.57,147.57,143.61,145.94,2488001.0
1657166400,2022-07-07,145.7,148.525,145.55,147.6,3329521.0
1657252800,2022-07-08,145.04,148.23,144.14,148.01,1899795.0
1657512000,2022-07-11,146.48,147.28,144.01,145.54,1847818.0
1657598400,2022-07-12,144.595,147.48,137.45,137.78,4204634.0
1657684800,2022-07-13,134.275,140.4789,134.1,140.05,3039471.0
1657771200,2022-07-14,139.81,140.675,137.38,137.92,2227025.0
1657857600,2022-07-15,138.95,140.74,136.0,140.71,3380902.0
1658116800,2022-07-18,142.74,143.39,138.61,138.74,2393884.0
1658203200,2022-07-19,141.42,143.03,138.47,141.84,2561172.0
1658289600,2022-07-20,143.18,147.67,142.0,147.3,2226089.0
1658376000,2022-07-21,146.75,149.83,145.43,149.78,1794314.0
1658462400,2022-07-22,149.95,152.33,145.93,148.0,1658810.0
1658721600,2022-07-25,148.33,148.33,144.55,145.44,1765763.0
1658808000,2022-07-26,145.26,145.26,140.425,140.91,2409424.0
1658894400,2022-07-27,144.92,150.46,143.12,150.1,3206633.0
1658980800,2022-07-28,149.0,153.5,147.47,152.81,3371986.0
1659067200,2022-07-29,153.5,155.85,150.44,155.1,2963832.0
1659326400,2022-08-01,152.97,156.19,151.7,155.58,1740249.0
1659412800,2022-08-02,153.44,157.61,153.38,155.06,1356467.0
1659499200,2022-08-03,157.42,160.58,156.05,160.36,2588120.0
1659585600,2022-08-04,158.96,162.6,158.12,162.54,1791550.0
1659672000,2022-08-05,158.69,163.26,158.0,161.71,1988398.0
1659931200,2022-08-08,161.63,169.22,161.35,166.8,3227842.0
1660017600,2022-08-09,164.88,166.56,163.28,166.43,2276015.0
1660104000,2022-08-10,171.68,173.05,169.74,171.33,2600600.0
1660190400,2022-08-11,172.3,172.72,165.1302,166.08,2620139.0
1660276800,2022-08-12,169.27,176.38,168.69,176.23,3934416.0
1660536000,2022-08-15,175.48,179.83,175.2,179.55,2785745.0
1660622400,2022-08-16,176.7,178.78,175.89,177.79,2220126.0
1660708800,2022-08-17,175.0,176.92,173.795,175.89,2146648.0
1660795200,2022-08-18,175.02,176.0,172.13,173.13,2206128.0
1660881600,2022-08-19,169.61,170.01,166.03,168.18,2463148.0
1661140800,2022-08-22,165.94,165.94,160.09,160.85,3051267.0
1661227200,2022-08-23,161.0,161.42,156.79,157.66,3518223.0
1661313600,2022-08-24,158.36,161.77,157.37,160.38,2888435.0
1661400000,2022-08-25,156.72,162.58,154.11,162.36,4584628.0
1661486400,2022-08-26,176.0,178.56,165.52,166.46,10226349.0
1661745600,2022-08-29,164.14,169.14,160.76,160.89,4416071.0
1661832000,2022-08-30,162.94,165.27,160.03,164.27,3629817.0
1661918400,2022-08-31,166.71,167.92,162.9,164.56,3828283.0
1662004800,2022-09-01,162.42,163.06,157.5,161.09,3801883.0
1662091200,2022-09-02,163.1,164.24,157.43,158.54,2563368.0
1662436800,2022-09-06,158.12,160.06,155.82,159.9,2509174.0
1662523200,2022-09-07,159.85,166.17,159.4901,165.77,2734617.0
1662609600,2022-09-08,165.06,169.45,164.13,167.58,2542246.0
1662696000,2022-09-09,168.52,171.29,168.0,169.96,2197592.0
1662955200,2022-09-12,170.98,172.98,169.19,169.75,3105707.0
1663041600,2022-09-13,162.13,164.09,159.83,160.11,3983574.0
1663128000,2022-09-14,161.69,163.67,159.095,160.13,2647540.0
1663214400,2022-09-15,158.57,160.78,154.14,154.33,3562478.0
1663300800,2022-09-16,151.39,156.49,149.39,152.29,6949626.0
1663560000,2022-09-19,151.6,155.03,150.8811,155.0,2227453.0
1663646400,2022-09-20,152.72,154.64,151.58,152.65,2516692.0
1663732800,2022-09-21,153.41,157.82,150.92,150.98,2741598.0
1663819200,2022-09-22,150.12,152.21,148.85,150.49,2715651.0
1663905600,2022-09-23,149.5,151.38,146.79,151.24,3360534.0
1664164800,2022-09-26,151.2,153.83,146.92,146.97,2426723.0
1664251200,2022-09-27,149.54,150.83,146.54,149.18,2333279.0
1664337600,2022-09-28,149.76,157.67,149.34,156.85,4338340.0
1664424000,2022-09-29,155.36,156.51,152.13,156.26,2636713.0
1664510400,2022-09-30,156.31,158.41,152.08,152.22,2128822.0
1664769600,2022-10-03,152.68,155.71,151.31,154.25,1922359.0
1664856000,2022-10-04,157.31,160.25,157.31,159.0,1960026.0
1664942400,2022-10-05,156.51,160.52,155.48,159.45,1381255.0
1665028800,2022-10-06,159.31,162.44,158.03,159.5,1677209.0
1665115200,2022-10-07,155.79,157.185,151.71,152.88,1709849.0
1665374400,2022-10-10,153.53,153.53,146.625,147.83,1175369.0
1665460800,2022-10-11,147.0,147.7,141.55,142.7,2303232.0
1665547200,2022-10-12,142.35,144.2,139.96,143.93,2189775.0
1665633600,2022-10-13,138.3,143.565,135.63,142.71,2756245.0
1665720000,2022-10-14,145.22,147.24,139.39,139.59,2301336.0
1665979200,2022-10-17,143.2,149.57,142.67,148.94,3614894.0
1666065600,2022-10-18,152.81,156.62,151.06,152.61,2396372.0
1666152000,2022-10-19,150.795,151.42,145.5,146.5,1694384.0
1666238400,2022-10-20,145.37,149.43,144.24,145.42,1999459.0
1666324800,2022-10-21,144.725,149.73,142.63,149.48,1617416.0
1666584000,2022-10-24,149.42,149.48,143.51,147.95,1671470.0
1666670400,2022-10-25,150.16,157.08,149.68,156.18,2533339.0
1666756800,2022-10-26,152.06,158.02,151.85,154.73,2957496.0
1666843200,2022-10-27,158.37,162.77,154.91,155.24,2423004.0
1666929600,2022-10-28,154.12,157.98,152.53,157.65,1631166.0
1667188800,2022-10-31,157.75,158.65,155.43,155.82,1413741.0
1667275200,2022-11-01,158.48,158.945,151.52,151.6,1543208.0
1667361600,2022-11-02,152.29,152.29,143.41,143.51,2404181.0
1667448000,2022-11-03,152.29,152.29,143.41,143.51,2404181.0
1667534400,2022-11-04,140.71,141.27,128.72,132.63,5551567.0
1667797200,2022-11-07,135.42,137.63,130.35,136.52,3292557.0
1667883600,2022-11-08,136.82,142.7,134.72,140.18,2178022.0
1667970000,2022-11-09,140.06,140.06,134.14,134.95,2051991.0
1668056400,2022-11-10,145.0,155.43,144.82,153.13,4680699.0
1668142800,2022-11-11,153.12,159.29,150.86,156.95,2848632.0
1668402000,2022-11-14,155.77,155.94,151.94,153.38,2227867.0
1668488400,2022-11-15,159.41,162.505,158.36,160.74,2983139.0
1668574800,2022-11-16,159.45,159.825,153.24,155.39,1735666.0
1668661200,2022-11-17,150.48,151.57,147.69,148.81,2057691.0
1668747600,2022-11-18,152.19,152.48,145.3,146.74,1827628.0
1669006800,2022-11-21,142.0,145.64,141.72,143.2,1946085.0
1669093200,2022-11-22,143.53,146.41,141.22,146.29,1421099.0
1669179600,2022-11-23,143.9,151.85,143.7,149.34,1683887.0
1669352400,2022-11-25,147.84,149.74,147.4,148.98,840555.0
1669611600,2022-11-28,148.44,150.59,144.62,145.25,3265667.0
1669698000,2022-11-29,145.25,145.82,142.13,143.3,3527502.0
1669784400,2022-11-30,157.89,167.93,155.5,167.9,9305762.0
1669870800,2022-12-01,165.61,170.93,165.0001,169.48,3593744.0
1669957200,2022-12-02,166.03,171.275,164.41,170.99,2772925.0
1670216400,2022-12-05,169.99,170.52,163.245,164.61,2691058.0
1670302800,2022-12-06,165.32,165.32,159.9,161.36,2223393.0
1670389200,2022-12-07,162.09,165.28,161.635,164.72,2216096.0
1670475600,2022-12-08,165.61,170.77,163.71,169.33,2392802.0
1670562000,2022-12-09,169.2,172.94,167.78,169.6,1799024.0
1670821200,2022-12-12,170.26,173.325,169.53,172.73,2338699.0
1670907600,2022-12-13,182.8,184.5,175.39,177.33,3565218.0
1670994000,2022-12-14,176.53,182.11,176.34,179.29,3195580.0
1671080400,2022-12-15,175.76,178.19,174.15,175.42,2567929.0
1671166800,2022-12-16,174.47,176.25,172.94,175.22,2931069.0
1671426000,2022-12-19,174.19,175.4,168.6,170.04,2388037.0
1671512400,2022-12-20,169.03,173.02,168.15,172.09,2010505.0
1671598800,2022-12-21,169.86,172.42,168.125,170.08,2818625.0
1671685200,2022-12-22,167.99,168.53,161.83,165.61,2265193.0
1671771600,2022-12-23,164.56,165.45,162.29,164.64,1214833.0
1672117200,2022-12-27,163.65,164.515,160.6,163.4,840934.0
1672203600,2022-12-28,163.34,165.0,162.55,162.99,1076768.0
1672290000,2022-12-29,163.98,168.77,163.26,167.79,2495532.0
1672376400,2022-12-30,164.28,167.4,164.27,167.33,1320980.0
1672722000,2023-01-03,170.7,173.87,167.04,169.35,2257462.0
1672808400,2023-01-04,171.31,173.16,168.99,171.22,1773062.0
1672894800,2023-01-05,167.52,167.52,157.85,160.19,3320382.0
1672981200,2023-01-06,163.2,164.73,157.9565,161.14,2127398.0
1673240400,2023-01-09,162.2,167.1,162.2,162.93,1873488.0
1673326800,2023-01-10,161.09,163.72,158.94,160.21,2024018.0
1673413200,2023-01-11,160.38,164.41,159.0,163.92,2196754.0
1673499600,2023-01-12,163.58,164.58,158.74,163.59,2290736.0
1673586000,2023-01-13,163.02,167.99,162.61,167.15,2297512.0
1673931600,2023-01-17,163.49,168.675,162.74,166.69,2907600.0
1674018000,2023-01-18,167.95,170.17,164.14,164.29,2104721.0
1674104400,2023-01-19,163.5,169.0,163.495,167.54,2178038.0
1674190800,2023-01-20,168.7,174.39,167.97,173.4,2873660.0
1674450000,2023-01-23,171.26,176.54,171.08,176.43,2278047.0
1674536400,2023-01-24,175.7,176.86,172.28,172.53,1640941.0
1674622800,2023-01-25,168.53,174.85,167.5,174.44,1324748.0
1674709200,2023-01-26,177.27,179.65,175.965,178.88,1849744.0
1674795600,2023-01-27,177.09,179.74,176.53,177.66,1324942.0
1675054800,2023-01-30,175.21,177.36,173.29,176.48,1864799.0
1675141200,2023-01-31,177.7,181.51,176.9,181.43,2289986.0
1675227600,2023-02-01,180.58,187.19,177.78,185.325,2602082.0
1675314000,2023-02-02,189.48,192.82,189.15,190.98,2684018.0
1675400400,2023-02-03,186.3,189.71,184.29,185.85,2166672.0
1675659600,2023-02-06,182.83,185.64,181.77,183.73,1942744.0
1675746000,2023-02-07,184.24,193.01,183.3901,191.75,3355987.0
1675832400,2023-02-08,191.34,192.05,187.43,188.73,1903596.0
1675918800,2023-02-09,192.23,193.64,189.52,189.77,2578593.0
1676005200,2023-02-10,186.81,189.43,184.31,186.85,1709180.0
1676264400,2023-02-13,187.84,188.59,184.835,188.25,1780252.0
1676350800,2023-02-14,187.23,192.85,186.16,189.54,1097724.0
1676437200,2023-02-15,188.94,191.15,188.0,190.93,1418676.0
1676523600,2023-02-16,186.13,190.76,185.07,187.75,1469751.0
1676610000,2023-02-17,186.63,186.98,183.03,185.8,1162431.0
1676955600,2023-02-21,184.0,184.52,181.56,181.92,1679007.0
1677042000,2023-02-22,184.83,187.35,183.87,184.37,1586390.0
1677128400,2023-02-23,186.81,188.59,183.445,187.21,1781582.0
1677214800,2023-02-24,183.99,185.33,181.49,183.13,2786887.0
1677474000,2023-02-27,185.81,186.87,182.56,184.93,4220305.0
1677560400,2023-02-28,182.0,188.77,181.7,185.47,5566386.0
1677646800,2023-03-01,185.64,188.86,183.68,184.12,2827241.0
1677733200,2023-03-02,184.29,188.46,182.72,188.17,2231800.0
1677819600,2023-03-03,188.95,191.73,188.9,191.55,2457546.0
1678078800,2023-03-06,191.0,192.67,188.53,188.82,1877183.0
1678165200,2023-03-07,189.09,190.75,185.95,186.64,1961549.0
1678251600,2023-03-08,187.03,187.275,182.86,183.49,2190567.0
1678338000,2023-03-09,184.18,186.48,180.76,181.47,1760753.0
1678424400,2023-03-10,180.84,182.005,176.22,178.27,2365211.0
1678680000,2023-03-13,176.51,181.9,174.06,181.25,2244494.0
1678766400,2023-03-14,183.11,184.935,181.275,183.41,1897576.0
1678852800,2023-03-15,182.21,184.72,180.72,184.36,1603728.0
1678939200,2023-03-16,184.86,191.99,184.24,191.72,2480068.0
1679025600,2023-03-17,191.72,192.7,188.1,188.77,3281374.0
1679284800,2023-03-20,188.75,190.7,186.72,190.64,2414460.0
1679371200,2023-03-21,191.65,192.25,188.4,190.7,2061109.0
1679457600,2023-03-22,190.25,190.25,184.22,184.29,2083406.0
1679544000,2023-03-23,187.7,190.83,186.84,188.04,1551559.0
1679630400,2023-03-24,187.12,191.44,186.26,190.43,1454842.0
1679889600,2023-03-27,190.52,191.16,185.82,188.15,1840585.0
1679976000,2023-03-28,188.3,191.15,187.6201,189.68,1761869.0
1680062400,2023-03-29,191.71,198.33,190.74,198.25,3179354.0
1680148800,2023-03-30,200.0,201.83,199.09,200.05,1956210.0
1680235200,2023-03-31,201.0,206.68,200.22,206.54,2603210.0
1680494400,2023-04-03,203.29,204.99,201.77,204.37,1911262.0
1680580800,2023-04-04,204.67,205.98,202.18,202.6,1326559.0
1680667200,2023-04-05,200.53,200.65,193.9571,197.87,3600542.0
1680753600,2023-04-06,194.95,197.45,188.64,196.81,2583400.0
1681099200,2023-04-10,195.18,197.35,194.07,196.94,1386914.0
1681185600,2023-04-11,195.99,196.98,192.635,195.98,1509619.0
1681272000,2023-04-12,194.92,195.0,188.28,191.74,3664164.0
1681358400,2023-04-13,193.33,195.58,192.84,194.85,2050298.0
1681444800,2023-04-14,191.89,194.9357,191.48,194.04,1489632.0
1681704000,2023-04-17,194.65,196.17,193.285,195.62,1058817.0
1681790400,2023-04-18,198.44,198.44,193.4298,193.54,1163029.0
1681876800,2023-04-19,192.0,193.885,190.91,192.03,1479626.0
1681963200,2023-04-20,190.23,192.69,190.02,191.05,1211939.0
1682049600,2023-04-21,191.76,192.09,190.19,190.99,922543.0
1682308800,2023-04-24,192.0,192.66,188.59,189.09,1485781.0
1682395200,2023-04-25,187.19,187.19,182.83,182.88,2345714.0
1682481600,2023-04-26,185.84,189.45,184.2,187.16,1737422.0
1682568000,2023-04-27,188.45,188.48,183.875,187.13,1463733.0
1682654400,2023-04-28,185.35,186.935,182.98,186.14,1123546.0
1682913600,2023-05-01,185.51,186.93,184.785,186.34,1096439.0
1683000000,2023-05-02,187.89,187.92,182.96,183.13,2020175.0
1683086400,2023-05-03,183.33,186.5,182.95,183.32,1323855.0
1683172800,2023-05-04,184.18,184.82,181.22,181.92,1150422.0
1683259200,2023-05-05,182.34,183.67,180.21,181.48,2883063.0
1683518400,2023-05-08,175.72,180.37,174.25,179.6,2891327.0
1683604800,2023-05-09,180.35,181.36,177.65,178.43,1916849.0
1683691200,2023-05-10,179.84,180.86,177.19,179.4,1839417.0
1683777600,2023-05-11,179.38,179.38,176.135,178.32,1848112.0
1683864000,2023-05-12,176.27,183.1,174.7,182.76,2307361.0
1684123200,2023-05-15,182.25,186.35,181.75,185.46,1523425.0
1684209600,2023-05-16,184.0,189.64,184.0,185.31,2205799.0
1684296000,2023-05-17,185.41,188.78,182.59,188.22,1635470.0
1684382400,2023-05-18,187.0,195.82,186.84,195.75,2054515.0
1684468800,2023-05-19,196.54,196.6699,194.23,195.71,1600029.0
1684728000,2023-05-22,197.02,199.07,195.99,196.41,1847675.0
1684814400,2023-05-23,194.16,196.46,192.41,192.87,1670540.0
1684900800,2023-05-24,192.3,197.1285,191.04,196.19,2241899.0
1684987200,2023-05-25,198.65,198.67,192.6835,196.41,5231801.0
1685073600,2023-05-26,214.78,218.88,211.14,216.07,6816506.0
1685419200,2023-05-30,217.37,218.7295,208.96,209.08,3847547.0
1685505600,2023-05-31,207.82,213.27,206.48,211.99,5557564.0
1685592000,2023-06-01,209.32,217.15,208.71,215.31,2826296.0
1685678400,2023-06-02,215.68,217.67,213.36,213.5,2558380.0
1685937600,2023-06-05,212.0,214.1,210.64,213.48,1390299.0
1686024000,2023-06-06,213.84,216.63,213.2194,215.0,1404456.0
1686110400,2023-06-07,213.21,214.56,202.79,203.44,2971644.0
1686196800,2023-06-08,203.14,208.0,201.42,204.49,2512772.0
1686283200,2023-06-09,205.0,207.66,201.76,204.38,1884023.0
1686542400,2023-06-12,205.54,209.835,205.16,209.65,2066920.0
1686628800,2023-06-13,212.37,214.57,211.3,214.06,1797511.0
1686715200,2023-06-14,213.93,217.99,213.345,217.31,2030695.0
1686801600,2023-06-15,216.13,224.74,216.0,224.31,2550998.0
1686888000,2023-06-16,225.34,226.055,220.08,222.4,3312332.0
1687233600,2023-06-20,220.39,224.04,219.19,223.74,1784463.0
1687320000,2023-06-21,225.16,225.585,218.25,219.83,1837816.0
1687406400,2023-06-22,217.9,221.2,217.14,221.0,1342801.0
1687492800,2023-06-23,218.61,222.475,218.0,222.25,2800880.0
1687752000,2023-06-26,221.1,224.13,219.085,219.94,2289562.0
1687838400,2023-06-27,220.52,225.33,220.52,224.22,1381162.0
1687924800,2023-06-28,227.33,229.59,222.57,222.96,2117425.0
1688011200,2023-06-29,223.74,227.995,221.0201,227.12,2445921.0
1688097600,2023-06-30,229.34,230.62,225.7,225.89,1731574.0
1688356800,2023-07-03,225.58,226.38,223.47,224.59,780266.0
1688529600,2023-07-05,220.98,222.93,220.0,222.6,1689734.0
1688616000,2023-07-06,217.9,220.29,216.79,219.3,1394697.0
1688702400,2023-07-07,218.63,221.04,217.37,218.73,1526907.0
1688961600,2023-07-10,218.0,225.23,217.91,222.4,1589479.0
1689048000,2023-07-11,222.27,223.66,219.04,221.71,1596937.0
1689134400,2023-07-12,223.87,224.025,218.33,219.08,2496646.0
1689220800,2023-07-13,220.83,221.4,218.95,219.78,2289432.0
1689307200,2023-07-14,219.23,224.16,219.19,223.91,1649365.0
1689566400,2023-07-17,223.82,230.42,222.94,228.25,1888301.0
1689652800,2023-07-18,226.49,229.46,224.23,228.35,1840770.0
1689739200,2023-07-19,230.89,234.8,230.24,231.68,1854832.0
1689825600,2023-07-20,229.04,231.11,221.79,222.32,2242219.0
1689912000,2023-07-21,223.58,226.01,222.82,225.05,4049634.0
1690171200,2023-07-24,224.14,226.61,221.2,223.12,1339882.0
1690257600,2023-07-25,223.48,228.65,223.15,227.4,1257350.0
1690344000,2023-07-26,225.63,232.0,225.63,230.05,2615070.0
1690430400,2023-07-27,233.22,234.82,228.255,229.8,2372759.0
1690516800,2023-07-28,231.82,236.27,231.75,235.0,1605489.0
1690776000,2023-07-31,235.15,238.67,234.71,237.13,1104144.0
1690862400,2023-08-01,235.84,240.18,233.51,239.8,1275527.0
1690948800,2023-08-02,236.02,236.29,226.03,229.22,1630686.0
1691035200,2023-08-03,228.45,230.6,225.82,229.34,1283150.0
1691121600,2023-08-04,230.59,233.45,227.15,230.12,1263309.0
1691380800,2023-08-07,229.3,233.73,229.05,233.55,1373997.0
1691467200,2023-08-08,230.28,230.575,226.1,227.54,1435768.0
1691553600,2023-08-09,227.75,228.65,224.0,225.56,1275875.0
1691640000,2023-08-10,229.89,230.9737,226.0,227.87,1030445.0
1691726400,2023-08-11,226.64,229.69,225.7,226.46,770661.0
1691985600,2023-08-14,225.08,229.78,224.96,228.11,934951.0
1692072000,2023-08-15,226.48,232.3999,226.3673,230.89,1381393.0
1692158400,2023-08-16,231.78,234.9,230.2112,230.41,1429375.0
1692244800,2023-08-17,231.98,232.04,222.92,224.06,1667286.0
1692331200,2023-08-18,220.23,225.56,218.44,224.42,1462326.0
1692590400,2023-08-21,224.85,228.335,224.49,227.23,1195862.0
1692676800,2023-08-22,228.0,228.955,225.725,226.26,1377862.0
1692763200,2023-08-23,226.61,231.77,226.61,230.22,1331059.0
1692849600,2023-08-24,234.37,235.69,224.87,224.87,3631694.0
1692936000,2023-08-25,228.38,239.33,226.08,236.97,5637110.0
1693195200,2023-08-28,237.33,238.5,234.7601,236.3,1879179.0
1693281600,2023-08-29,236.7,241.82,236.05,241.67,1848819.0
1693368000,2023-08-30,241.92,244.93,241.92,243.14,1644862.0
1693454400,2023-08-31,243.49,245.6,242.222,244.5,1983591.0
1693540800,2023-09-01,246.54,249.26,244.175,248.49,1070330.0
1693886400,2023-09-05,246.65,247.751,244.65,247.21,1172538.0
1693972800,2023-09-06,245.68,248.7,245.485,248.41,1165726.0
1694059200,2023-09-07,247.76,251.625,246.74,250.47,1021713.0
1694145600,2023-09-08,249.95,252.29,249.01,250.63,1118226.0
1694404800,2023-09-11,249.82,252.72,248.06,252.21,1240794.0
1694491200,2023-09-12,250.3,250.9512,246.83,247.73,1242558.0
1694577600,2023-09-13,247.65,249.82,244.88,245.19,1270417.0
1694664000,2023-09-14,246.15,246.99,242.32,245.08,1119885.0
1694750400,2023-09-15,245.08,245.08,239.59,240.86,2821793.0
1695009600,2023-09-18,240.39,244.61,239.9,244.33,1362398.0
1695096000,2023-09-19,242.53,243.4,240.18,243.1,1175472.0
1695182400,2023-09-20,243.4,244.145,237.66,237.8,1261224.0
1695268800,2023-09-21,235.3,235.86,229.71,230.17,1748101.0
1695355200,2023-09-22,230.71,232.34,230.26,230.82,1162742.0
1695614400,2023-09-25,229.64,232.155,229.01,231.59,894225.0
1695700800,2023-09-26,230.9,232.6993,228.56,229.24,1217350.0
1695787200,2023-09-27,230.72,233.84,227.02,230.81,2352193.0
1695873600,2023-09-28,202.99,215.0,202.65,211.22,9196585.0
1695960000,2023-09-29,214.95,217.32,213.64,214.85,4067316.0
1696219200,2023-10-02,214.85,216.31,212.0,213.66,2168786.0
1696305600,2023-10-03,211.41,214.8499,206.59,207.3,2929723.0
1696392000,2023-10-04,208.7,209.91,206.4,209.37,1987097.0
1696478400,2023-10-05,208.01,208.98,203.39,205.14,2444698.0
1696564800,2023-10-06,202.53,214.81,202.01,213.63,2208638.0
1696824000,2023-10-09,212.41,218.43,212.01,217.75,1486606.0
1696910400,2023-10-10,217.39,222.3,217.19,220.92,1702215.0
1696996800,2023-10-11,220.18,222.68,219.79,222.0,1360744.0
1697083200,2023-10-12,223.49,223.49,214.01,215.75,1528350.0
1697169600,2023-10-13,216.77,217.86,213.94,214.89,1206498.0
1697428800,2023-10-16,216.29,218.2,213.48,215.62,855463.0
1697515200,2023-10-17,213.29,220.2699,213.07,218.07,1423362.0
1697601600,2023-10-18,215.61,217.81,214.5691,214.61,1036632.0
1697688000,2023-10-19,217.17,218.46,212.69,213.26,1156186.0
1697774400,2023-10-20,213.95,214.48,209.805,211.16,1278555.0
1698033600,2023-10-23,210.7,212.165,208.06,209.58,1197884.0
1698120000,2023-10-24,210.63,213.46,209.14,212.37,676537.0
1698206400,2023-10-25,211.0,211.0,205.06,207.21,1294798.0
1698292800,2023-10-26,208.18,209.6516,204.46,205.98,1672418.0
1698379200,2023-10-27,206.0,207.26,203.85,206.01,1341541.0
1698638400,2023-10-30,207.43,207.55,204.78,207.2,1370480.0
1698724800,2023-10-31,207.55,213.23,206.79,211.71,1889362.0
1698811200,2023-11-01,209.46,211.98,206.99,211.46,1664266.0
1698897600,2023-11-02,215.62,216.21,211.65,212.92,1308888.0
1698984000,2023-11-03,211.63,220.95,211.63,218.41,1381488.0
1699246800,2023-11-06,218.4,218.52,214.91,218.39,972401.0
1699333200,2023-11-07,220.47,222.97,219.14,221.45,1136731.0
1699419600,2023-11-08,222.47,223.72,219.98,222.6,689001.0
1699506000,2023-11-09,223.25,232.0,220.925,225.45,2282151.0
1699592400,2023-11-10,226.55,231.82,225.06,230.01,1788851.0
1699851600,2023-11-13,225.13,227.825,223.0,226.3,1779063.0
1699938000,2023-11-14,231.0,233.24,229.05,232.42,1596640.0
1700024400,2023-11-15,233.1,235.46,230.97,231.51,1312117.0
1700110800,2023-11-16,232.0,233.34,229.75,231.95,1259603.0
1700197200,2023-11-17,232.88,232.88,230.63,231.66,1013647.0
1700456400,2023-11-20,233.76,237.7177,232.52,237.02,1236029.0
1700542800,2023-11-21,236.52,238.84,235.6,236.68,955284.0
1700629200,2023-11-22,238.01,238.99,233.9,234.26,1313725.0
1700802000,2023-11-24,234.39,236.7,233.33,236.61,860827.0
1701061200,2023-11-27,236.66,238.1082,235.575,235.83,1746627.0
1701147600,2023-11-28,235.0,237.63,234.45,237.33,2811897.0
1701234000,2023-11-29,255.09,270.65,252.562,263.49,9168991.0
1701320400,2023-11-30,264.26,271.99,260.91,270.72,4494415.0
1701406800,2023-12-01,269.21,273.63,266.28,272.92,2690124.0
1701666000,2023-12-04,269.27,272.9,265.3,269.22,3374991.0
1701752400,2023-12-05,268.02,268.615,263.6,267.76,2490389.0
1701838800,2023-12-06,267.4,271.6,266.79,267.32,1824253.0
1701925200,2023-12-07,268.92,273.92,268.14,272.38,2009465.0
1702011600,2023-12-08,270.06,274.85,269.55,273.41,1485123.0
1702270800,2023-12-11,274.59,278.9442,273.9,276.11,1949288.0
1702357200,2023-12-12,275.67,278.09,274.71,276.75,2425122.0
1702443600,2023-12-13,278.93,279.0,274.85,278.68,2687679.0
1702530000,2023-12-14,277.28,279.832,270.51,270.78,2930565.0
1702616400,2023-12-15,271.5,274.8437,269.64,272.7,3442363.0
1702875600,2023-12-18,272.37,275.12,271.865,272.75,1317133.0
1702962000,2023-12-19,273.12,275.72,271.87,273.98,1400678.0
1703048400,2023-12-20,272.7,275.2,270.09,270.15,1369073.0
1703134800,2023-12-21,272.51,273.33,270.27,272.9,1201364.0
1703221200,2023-12-22,274.01,275.81,271.33,272.57,1178360.0
1703566800,2023-12-26,272.57,274.42,272.44,273.97,798281.0
1703653200,2023-12-27,274.29,274.72,272.45,273.7,759233.0
1703739600,2023-12-28,274.14,277.0,272.71,276.08,839286.0
1703826000,2023-12-29,275.43,277.63,274.0519,276.06,975628.0
1704171600,2024-01-02,273.73,274.9299,263.88,268.28,2019577.0
1704258000,2024-01-03,267.2,270.38,266.53,268.41,1711351.0
1704344400,2024-01-04,267.55,268.57,264.1,267.08,1330098.0
1704430800,2024-01-05,264.52,268.28,264.135,265.8,1781168.0
1704690000,2024-01-08,265.55,273.57,265.11,272.94,1557771.0
1704776400,2024-01-09,269.79,277.075,269.79,275.82,1093451.0
1704862800,2024-01-10,275.74,278.56,274.805,276.81,1220555.0
1704949200,2024-01-11,278.3,279.26,275.05,278.97,827341.0
1705035600,2024-01-12,278.97,283.34,277.86,283.24,1891815.0
1705381200,2024-01-16,282.52,283.825,278.54,280.89,1077836.0
1705467600,2024-01-17,278.8,282.65,276.64,281.32,1166481.0
1705554000,2024-01-18,283.31,285.78,280.09,285.68,1192597.0
1705640400,2024-01-19,286.76,290.46,285.9401,289.99,1294010.0
1705899600,2024-01-22,291.67,293.71,289.6401,289.88,926855.0
1705986000,2024-01-23,289.98,291.43,286.76,291.32,768135.0
1706072400,2024-01-24,293.0,297.438,291.34,295.5,1486022.0
1706158800,2024-01-25,297.92,298.0,290.59,292.36,1189391.0
1706245200,2024-01-26,292.36,292.67,288.55,288.63,1296473.0
1706504400,2024-01-29,288.63,296.82,288.63,296.73,1296516.0
1706590800,2024-01-30,295.42,297.635,294.5,294.86,766884.0
1706677200,2024-01-31,292.69,294.38,288.76,291.07,1244502.0
1706763600,2024-02-01,292.7,295.255,291.1,294.0,767785.0
1706850000,2024-02-02,292.88,295.39,292.22,294.74,1348352.0
1707109200,2024-02-05,294.58,294.79,288.84,291.73,1063683.0
1707195600,2024-02-06,293.0,293.0,284.6329,288.63,1186515.0
1707282000,2024-02-07,291.34,295.99,289.0,294.42,1208127.0
1707368400,2024-02-08,295.56,299.465,293.445,298.65,1086622.0
1707454800,2024-02-09,300.0,308.95,299.17,304.89,1891954.0
1707714000,2024-02-12,301.76,304.17,298.17,299.09,1296173.0
1707800400,2024-02-13,292.21,301.47,290.305,296.75,1616631.0
1707886800,2024-02-14,299.41,303.7675,298.39,302.24,1475910.0
1707973200,2024-02-15,304.54,306.25,301.39,305.09,1752284.0
1708059600,2024-02-16,306.57,306.57,302.14,302.67,1406975.0
1708405200,2024-02-20,303.0,304.83,297.43,301.98,1594952.0
1708491600,2024-02-21,299.55,299.55,294.675,298.96,1225160.0
1708578000,2024-02-22,308.58,308.98,303.56,306.62,1778938.0
1708664400,2024-02-23,309.1,309.855,304.43,305.88,1463590.0
1708923600,2024-02-26,308.0,311.28,306.595,307.21,4568022.0
1709010000,2024-02-27,292.59,304.7899,292.57,295.05,5859179.0
1709096400,2024-02-28,294.21,295.915,289.7862,295.16,2120002.0
1709182800,2024-02-29,296.89,298.5,290.48,294.66,3206470.0
1709269200,2024-03-01,295.88,296.44,289.25,291.92,4102045.0
1709528400,2024-03-04,279.0,279.36,272.28,273.02,8220778.0
1709614800,2024-03-05,270.74,270.9,262.56,266.74,4729983.0
1709701200,2024-03-06,268.3,270.95,263.58,266.93,2772148.0
1709787600,2024-03-07,266.8,269.39,264.5,264.74,2671866.0
1709874000,2024-03-08,264.32,269.19,263.69,264.32,2448286.0
1710129600,2024-03-11,263.94,269.86,263.12,266.72,2233954.0
1710216000,2024-03-12,267.08,272.61,267.08,271.21,2037909.0
1710302400,2024-03-13,272.91,272.95,269.03,269.73,1656401.0
1710388800,2024-03-14,271.29,272.5,267.83,272.04,1385579.0
1710475200,2024-03-15,269.3,270.86,266.8,268.27,3321832.0
1710734400,2024-03-18,270.65,273.34,269.23,272.6,1720836.0
1710820800,2024-03-19,271.68,274.37,269.01,273.24,1370155.0
1710907200,2024-03-20,273.0,277.15,270.87,276.41,1641465.0
1710993600,2024-03-21,278.3,280.26,275.53,276.49,1648837.0
1711080000,2024-03-22,275.5,279.25,274.26,277.5,1542724.0
1711339200,2024-03-25,277.7,278.14,274.0,275.68,1331353.0
1711425600,2024-03-26,277.48,278.3299,275.52,277.38,1039681.0
1711512000,2024-03-27,278.45,279.99,270.47,273.62,1681549.0
1711598400,2024-03-28,274.08,275.87,272.44,272.75,1242239.0
1711944000,2024-04-01,272.77,273.43,269.3604,272.44,1334055.0
1712030400,2024-04-02,268.88,273.235,266.54,271.66,1588654.0
1712116800,2024-04-03,270.11,272.66,268.715,268.83,1208419.0
1712203200,2024-04-04,272.5,275.76,269.08,269.08,1470710.0
1712289600,2024-04-05,269.51,269.72,265.54,268.32,1464299.0
1712548800,2024-04-08,267.56,270.26,266.38,268.61,1623378.0
1712635200,2024-04-09,269.05,271.95,266.82,271.1,1235490.0
1712721600,2024-04-10,267.17,270.0,265.0,266.86,1459230.0
1712808000,2024-04-11,268.3,269.68,264.86,268.47,1103442.0
1712894400,2024-04-12,265.38,267.595,263.38,263.69,1251095.0
1713153600,2024-04-15,264.83,266.15,257.84,259.63,1367830.0
1713240000,2024-04-16,259.7,260.2,256.71,257.69,2052558.0
1713326400,2024-04-17,258.89,260.28,256.92,257.02,1258356.0
1713412800,2024-04-18,257.38,258.245,254.28,255.64,1259616.0
1713499200,2024-04-19,255.43,256.3582,250.52,252.22,1543941.0
1713758400,2024-04-22,254.35,254.82,251.0,253.53,1099089.0
1713844800,2024-04-23,256.14,259.34,255.24,256.82,1286378.0
1713931200,2024-04-24,257.99,258.94,254.43,255.74,1163484.0
1714017600,2024-04-25,254.05,256.95,250.59,254.06,1446076.0
1714104000,2024-04-26,253.09,255.54,250.64,251.04,2549113.0
1714363200,2024-04-29,251.33,252.45,248.19,248.77,2182079.0
1714449600,2024-04-30,248.76,248.76,244.36,244.73,2674300.0
1714536000,2024-05-01,245.38,249.925,241.14,244.96,2854450.0
1714622400,2024-05-02,249.58,255.2,248.7,250.85,3929132.0
1714708800,2024-05-03,253.15,258.0,252.36,255.78,3072637.0
1714968000,2024-05-06,252.29,252.29,247.18,249.91,2881529.0
1715054400,2024-05-07,249.3,251.22,247.66,249.43,1647174.0
1715140800,2024-05-08,249.44,251.28,248.04,249.63,1475208.0
1715227200,2024-05-09,250.37,250.88,245.89,245.96,2577092.0
1715313600,2024-05-10,246.28,249.67,246.09,246.34,1582077.0
1715572800,2024-05-13,246.17,248.8,246.165,247.08,2161728.0
1715659200,2024-05-14,247.25,248.96,246.12,246.88,1737340.0
1715745600,2024-05-15,247.9,252.97,247.05,251.31,2194427.0
1715832000,2024-05-16,248.96,256.89,248.49,256.57,1887293.0
1715918400,2024-05-17,257.47,259.48,256.29,257.93,2018502.0
1716177600,2024-05-20,256.03,259.8,256.002,259.5,1880373.0
1716264000,2024-05-21,258.87,259.9,256.99,258.86,1939127.0
1716350400,2024-05-22,260.0,263.02,258.88,259.88,2202134.0
1716436800,2024-05-23,263.27,263.66,260.05,260.9,4409856.0
1716523200,2024-05-24,232.19,236.95,219.39,220.91,15624346.0
1716868800,2024-05-28,219.04,219.53,211.29,215.44,7423764.0
1716955200,2024-05-29,214.99,216.06,211.19,211.58,3763653.0
1717041600,2024-05-30,207.25,209.66,204.52,207.44,7025711.0
1717128000,2024-05-31,208.08,213.06,207.86,211.45,6452146.0
1717387200,2024-06-03,210.07,211.84,207.56,210.83,3238253.0
1717473600,2024-06-04,211.85,212.82,209.04,211.12,3601969.0
1717560000,2024-06-05,211.89,215.57,211.156,212.46,2558548.0
1717646400,2024-06-06,212.78,216.77,212.37,214.95,2614926.0
1717732800,2024-06-07,213.72,217.16,213.14,215.56,2412756.0
1717992000,2024-06-10,213.38,215.08,209.84,212.73,2627992.0
1718078400,2024-06-11,213.75,214.835,212.5,214.13,1915378.0
1718164800,2024-06-12,215.26,215.27,210.49,210.93,2992204.0
1718251200,2024-06-13,211.7,211.7,207.0,207.08,1928936.0
1718337600,2024-06-14,208.07,210.88,207.11,209.48,1641813.0
1718596800,2024-06-17,207.76,213.65,207.18,212.46,2039518.0
1718683200,2024-06-18,211.0,212.85,207.37,207.69,2148263.0
1718856000,2024-06-20,210.0,216.3411,209.35,214.59,2843130.0
1718942400,2024-06-21,216.78,219.7,216.27,219.09,5458616.0
1719201600,2024-06-24,218.22,220.0,217.41,218.7,2369725.0
1719288000,2024-06-25,219.28,219.59,216.91,217.38,1567287.0
1719374400,2024-06-26,216.48,219.01,215.81,216.78,1827939.0
1719460800,2024-06-27,217.55,224.14,217.26,223.36,1974001.0
1719547200,2024-06-28,223.35,225.41,221.96,223.56,2676287.0
1719806400,2024-07-01,223.0,225.41,219.57,224.72,1496039.0
1719892800,2024-07-02,223.12,226.79,223.02,226.76,1715383.0
1719979200,2024-07-03,227.2,228.95,225.35,225.55,882828.0
1720152000,2024-07-05,224.95,229.35,224.01,229.13,1692912.0
1720411200,2024-07-08,226.51,228.99,223.825,226.54,1674117.0
1720497600,2024-07-09,225.32,226.23,221.5201,223.09,1907588.0
1720584000,2024-07-10,223.36,224.43,220.335,223.08,1769117.0
1720670400,2024-07-11,223.71,228.14,222.75,226.81,2483104.0
1720756800,2024-07-12,226.78,230.34,226.015,230.02,1687036.0
1721016000,2024-07-15,230.7,233.8599,230.0,232.47,2889508.0
1721102400,2024-07-16,233.3,237.25,232.65,235.63,1652276.0
1721188800,2024-07-17,233.6,237.48,231.27,231.63,2087295.0
1721275200,2024-07-18,232.76,235.0,229.15,230.58,1724818.0
1721361600,2024-07-19,219.33,227.97,218.46,227.49,2787426.0
1721620800,2024-07-22,228.92,229.95,225.52,228.99,2292493.0
1721707200,2024-07-23,230.0,232.24,225.83,226.04,1465217.0
1721793600,2024-07-24,225.16,225.465,220.46,220.52,1657631.0
1721880000,2024-07-25,225.16,225.465,220.46,220.52,1657631.0
1721966400,2024-07-26,228.34,231.21,227.98,228.64,1003283.0
1722225600,2024-07-29,228.63,229.99,226.34,227.13,1026158.0
1722312000,2024-07-30,228.0,229.52,224.91,226.48,1470118.0
1722398400,2024-07-31,229.65,231.24,225.89,227.12,1556922.0
1722484800,2024-08-01,227.33,228.41,220.3901,222.58,1349094.0
1722571200,2024-08-02,218.48,220.0,212.13,214.86,2456516.0
1722830400,2024-08-05,199.99,212.0,199.81,207.75,3104043.0
1722916800,2024-08-06,209.39,214.04,207.72,211.25,2431836.0
1723003200,2024-08-07,213.34,220.05,210.07,210.21,1918228.0
1723089600,2024-08-08,212.68,214.1087,210.68,212.18,2014413.0
1723176000,2024-08-09,212.5,213.46,211.4,211.95,2072777.0
1723435200,2024-08-12,211.95,213.4,209.88,210.57,2238982.0
1723521600,2024-08-13,210.49,217.45,209.73,216.39,1819172.0
1723608000,2024-08-14,216.29,223.625,216.16,222.84,2347225.0
1723694400,2024-08-15,225.85,232.71,225.3,231.56,2753667.0
1723780800,2024-08-16,232.09,232.97,230.32,231.74,1580288.0
1724040000,2024-08-19,229.94,232.7,229.505,232.63,2108079.0
1724126400,2024-08-20,232.63,234.44,231.03,232.46,1546961.0
1724212800,2024-08-21,233.0,234.535,232.29,233.51,2209926.0
1724299200,2024-08-22,234.65,236.74,230.54,231.08,5122954.0
1724385600,2024-08-23,264.99,265.7,254.51,259.95,9701850.0
1724644800,2024-08-26,260.0,262.5,257.4501,260.37,3196908.0
1724731200,2024-08-27,260.0,266.82,259.43,264.68,2588143.0
1724817600,2024-08-28,263.98,264.78,257.95,260.3,1851490.0
1724904000,2024-08-29,262.4,265.34,261.11,262.36,1435117.0
1724990400,2024-08-30,262.41,264.4499,260.35,263.19,1707434.0
1725336000,2024-09-03,262.99,265.5651,258.815,260.32,1584664.0
1725422400,2024-09-04,258.9,260.1,257.0714,258.6,1172689.0
1725508800,2024-09-05,255.75,257.28,253.2,255.79,1446906.0
1725595200,2024-09-06,257.93,259.62,251.25,254.6,2252079.0
1725854400,2024-09-09,248.705,255.83,248.3901,253.52,2741758.0
1725940800,2024-09-10,256.18,256.18,252.32,255.58,1801787.0
1726027200,2024-09-11,256.0,256.0,247.84,255.62,1912873.0
1726113600,2024-09-12,256.38,256.75,250.68,251.19,1888194.0
1726200000,2024-09-13,251.13,253.2699,249.76,250.05,1506818.0
1726459200,2024-09-16,250.22,253.39,247.44,249.21,1658361.0
1726545600,2024-09-17,251.1,253.5,247.22,248.12,1696949.0
1726632000,2024-09-18,248.09,251.44,243.49,248.47,2771314.0
1726718400,2024-09-19,256.5,257.21,247.03,247.43,2769024.0
1726804800,2024-09-20,246.49,249.17,246.18,248.29,3902043.0
1727064000,2024-09-23,248.92,249.17,244.06,245.03,1387729.0
1727150400,2024-09-24,245.06,249.3076,244.58,246.95,1350888.0
1727236800,2024-09-25,245.26,246.12,242.5,243.37,1262927.0
1727323200,2024-09-26,244.99,245.79,241.59,245.43,1516974.0
1727409600,2024-09-27,245.43,245.62,242.54,243.62,1237880.0
1727668800,2024-09-30,243.16,245.41,241.54,244.41,1188852.0
1727755200,2024-10-01,243.94,244.5,237.5353,240.66,2631614.0
1727841600,2024-10-02,240.6,240.6,233.33,237.15,2238787.0
1727928000,2024-10-03,235.36,242.48,235.0,240.94,1682528.0
1728014400,2024-10-04,244.9,246.91,241.56,242.35,1621609.0
1728273600,2024-10-07,240.03,241.62,235.0,235.47,2084284.0
1728360000,2024-10-08,235.95,239.65,234.49,239.47,1529863.0
1728446400,2024-10-09,239.65,241.5,238.69,240.77,1237169.0
1728532800,2024-10-10,238.81,246.649,238.81,245.16,1805180.0
1728619200,2024-10-11,242.75,244.4744,240.06,240.9,1713210.0
1728878400,2024-10-14,242.37,242.9685,240.12,242.47,1155691.0
1728964800,2024-10-15,242.56,247.72,242.0601,244.83,2187220.0
1729051200,2024-10-16,244.84,245.99,239.49,240.22,1299811.0
1729137600,2024-10-17,240.5,244.58,240.46,243.265,1494198.0
1729224000,2024-10-18,243.27,245.76,242.18,244.48,955750.0
1729483200,2024-10-21,243.26,244.71,242.26,243.75,898387.0
1729569600,2024-10-22,244.08,247.09,243.32,246.76,1647408.0
1729656000,2024-10-23,246.87,247.0,241.53,242.04,1875325.0
1729742400,2024-10-24,244.39,244.58,235.48,236.82,1553313.0
1729828800,2024-10-25,239.57,243.38,237.59,237.71,1339903.0
1730088000,2024-10-28,239.83,239.91,234.64,234.95,1259502.0
1730174400,2024-10-29,235.52,239.83,234.0,238.63,1110040.0
1730260800,2024-10-30,236.93,240.5,236.5101,238.28,952657.0
1730347200,2024-10-31,238.04,238.04,233.75,233.85,1415823.0
1730433600,2024-11-01,233.165,239.57,231.74,239.12,1804154.0
1730696400,2024-11-04,237.77,242.58,237.77,241.14,1203039.0
1730782800,2024-11-05,241.25,242.78,239.8,241.25,889096.0
1730869200,2024-11-06,244.44,252.35,242.5,251.8,2016886.0
1730955600,2024-11-07,252.13,258.88,251.515,257.98,2028958.0
1731042000,2024-11-08,258.68,258.88,253.92,256.54,1729654.0
1731301200,2024-11-11,257.27,264.561,255.01,264.15,2077190.0
1731387600,2024-11-12,262.34,271.97,262.34,270.32,2669361.0
1731474000,2024-11-13,270.42,278.98,270.0,276.51,2747058.0
1731560400,2024-11-14,274.59,276.48,270.89,271.49,1681884.0
1731646800,2024-11-15,266.77,269.36,258.6,259.41,2036260.0
1731906000,2024-11-18,261.03,261.14,257.22,259.36,1237351.0
1731992400,2024-11-19,258.13,260.005,256.13,259.9,1073586.0
1732078800,2024-11-20,261.02,261.305,256.79,259.44,1296583.0
1732165200,2024-11-21,263.41,269.825,261.55,268.07,2190055.0
1732251600,2024-11-22,270.32,271.5,266.06,267.75,1997732.0
1732510800,2024-11-25,272.5,276.0,267.38,267.69,3352895.0
1732597200,2024-11-26,268.9,271.2878,267.02,270.19,4189936.0
1732683600,2024-11-27,237.5,260.01,237.1821,253.4,13910270.0
1732856400,2024-11-29,254.06,255.3224,247.8,249.99,2733696.0
1733115600,2024-12-02,246.45,253.29,246.27,251.46,2673298.0
1733202000,2024-12-03,250.86,258.18,250.755,257.06,2699554.0
1733288400,2024-12-04,260.39,272.605,260.0,268.87,3636742.0
1733374800,2024-12-05,266.14,268.5,262.45,262.7,2203599.0
1733461200,2024-12-06,264.82,269.075,263.6,266.42,3269670.0
1733720400,2024-12-09,291.6,294.0,278.48,279.91,11581031.0
1733806800,2024-12-10,278.29,279.175,268.56,270.88,5642996.0
1733893200,2024-12-11,273.61,276.74,271.22,272.36,3849395.0
1733979600,2024-12-12,270.81,276.96,269.89,274.82,2480832.0
1734066000,2024-12-13,273.33,275.3,270.56,273.67,2889102.0
1734325200,2024-12-16,271.87,278.91,269.71,278.35,4197746.0
1734411600,2024-12-17,277.24,283.05,275.31,278.01,4000493.0
1734498000,2024-12-18,277.9,280.18,268.645,268.93,3996799.0
1734584400,2024-12-19,271.43,274.2,264.88,266.83,4828871.0
1734670800,2024-12-20,263.84,277.12,262.66,273.04,46874113.0
1734930000,2024-12-23,270.11,272.0,263.8625,265.39,3676099.0
1735016400,2024-12-24,266.3,269.09,264.75,269.04,850470.0
1735189200,2024-12-26,266.4,270.14,265.5,269.38,1244164.0
1735275600,2024-12-27,267.6,268.355,263.27,266.24,1602828.0
1735534800,2024-12-30,263.57,264.52,259.325,262.0,1755584.0
1735621200,2024-12-31,262.24,263.34,256.19,258.03,1587711.0
1735794000,2025-01-02,260.68,260.98,250.09,251.84,2118795.0
1735880400,2025-01-03,254.33,255.39,251.475,252.84,1423015.0
1736139600,2025-01-06,254.14,257.505,252.12,254.14,1849075.0
1736226000,2025-01-07,252.0,253.19,246.85,249.68,2226060.0
1736312400,2025-01-08,250.94,256.79,250.55,254.69,2242619.0
1736485200,2025-01-10,251.1,254.42,249.5,249.71,2011463.0
1736744400,2025-01-13,248.24,248.66,244.88,246.0,2253385.0
1736830800,2025-01-14,246.68,248.35,245.325,246.03,2210644.0
1736917200,2025-01-15,251.2,251.2,245.26,248.57,3172814.0
1737003600,2025-01-16,249.63,252.18,248.49,250.7,1683688.0
1737090000,2025-01-17,256.32,256.32,248.8079,249.64,1578270.0
1737435600,2025-01-21,250.46,252.08,247.46,250.72,1666439.0
1737522000,2025-01-22,254.35,257.66,250.6275,253.48,2012765.0
1737608400,2025-01-23,252.73,255.39,249.23,255.3,2179881.0
1737694800,2025-01-24,255.82,260.205,255.56,258.28,1789184.0
1737954000,2025-01-27,255.22,268.9365,255.22,264.2,2597687.0
1738040400,2025-01-28,265.3,274.5,262.49,270.43,2533043.0
1738126800,2025-01-29,270.91,271.97,264.215,265.4,1166534.0
1738213200,2025-01-30,262.48,264.9375,257.01,260.07,1364802.0
1738299600,2025-01-31,263.82,267.02,260.89,262.06,1668001.0
1738558800,2025-02-03,259.73,260.94,254.735,259.77,1593200.0
1738645200,2025-02-04,255.97,260.97,255.42,259.73,1453135.0
1738731600,2025-02-05,272.44,276.37,262.14,276.17,5246669.0
1738818000,2025-02-06,276.99,283.68,274.69,277.82,2713245.0
1738904400,2025-02-07,280.04,280.99,271.65,271.89,1600689.0
1739163600,2025-02-10,274.67,277.23,269.59,269.88,1672022.0
1739250000,2025-02-11,269.07,269.39,261.0,263.0,2602806.0
1739336400,2025-02-12,258.28,260.0,254.28,257.92,1791449.0
