unix,date,open,high,low,close,volume_base
1451883600,2016-01-04,60.01,60.54,59.24,60.31,2225458.0
1451970000,2016-01-05,60.39,60.8,60.01,60.39,1460109.0
1452056400,2016-01-06,59.46,59.8,58.95,59.54,3496406.0
1452142800,2016-01-07,58.36,58.69,55.97,55.98,4287168.0
1452229200,2016-01-08,56.17,56.46,54.6,55.06,2709992.0
1452488400,2016-01-11,55.3,55.55,54.07,55.23,2133530.0
1452574800,2016-01-12,55.51,56.5,54.55,54.79,2549346.0
1452661200,2016-01-13,55.07,55.07,49.85,50.87,9477538.0
1452747600,2016-01-14,51.04,52.86,50.15,52.65,4322449.0
1452834000,2016-01-15,50.99,51.36,48.95,49.4,6120057.0
1453179600,2016-01-19,49.4,49.89,47.08,47.59,3690708.0
1453266000,2016-01-20,46.81,48.45,45.12,47.9,3670030.0
1453352400,2016-01-21,47.98,48.55,46.94,47.87,2749246.0
1453438800,2016-01-22,48.64,49.34,48.355,49.03,1920385.0
1453698000,2016-01-25,48.81,49.19,47.86,47.97,1775309.0
1453784400,2016-01-26,48.29,48.67,47.3935,48.42,2144355.0
1453870800,2016-01-27,48.34,48.9,46.242,46.49,3228502.0
1453957200,2016-01-28,46.95,47.4,45.035,45.27,3285345.0
1454043600,2016-01-29,45.72,46.83,45.34,46.82,2590044.0
1454302800,2016-02-01,46.65,47.98,46.04,47.65,2296171.0
1454389200,2016-02-02,47.0,47.47,45.63,45.89,1924650.0
1454475600,2016-02-03,49.9,50.9,47.47,49.56,7034649.0
1454562000,2016-02-04,49.46,50.74,48.615,49.51,2522588.0
1454648400,2016-02-05,48.98,49.24,45.82,46.17,3675786.0
1454907600,2016-02-08,45.58,45.76,42.24,43.45,3228070.0
1454994000,2016-02-09,42.45,44.55,41.6,42.64,3351637.0
1455080400,2016-02-10,43.27,44.44,42.89,43.72,2829490.0
1455166800,2016-02-11,42.8,43.69,41.85,43.26,2589648.0
1455253200,2016-02-12,43.73,45.04,43.01,44.92,2006099.0
1455598800,2016-02-16,44.98,45.92,44.22,44.89,2760936.0
1455685200,2016-02-17,45.34,47.07,45.34,46.67,2104900.0
1455771600,2016-02-18,46.79,48.2,46.77,47.75,2973655.0
1455858000,2016-02-19,47.58,50.34,47.4,49.91,3873635.0
1456117200,2016-02-22,49.9,50.766,49.6,50.35,2275232.0
1456203600,2016-02-23,49.92,50.63,49.28,49.69,2037515.0
1456290000,2016-02-24,49.25,49.65,48.218,49.18,6711968.0
1456376400,2016-02-25,49.49,50.28,48.75,49.42,9014295.0
1456462800,2016-02-26,50.93,51.88,49.25,51.19,11335463.0
1456722000,2016-02-29,50.98,52.58,50.95,51.74,3244401.0
1456808400,2016-03-01,52.4,54.365,52.12,54.31,2933005.0
1456894800,2016-03-02,54.02,54.43,53.65,54.41,1495367.0
1456981200,2016-03-03,54.09,54.82,53.5,54.79,1627101.0
1457067600,2016-03-04,55.25,57.12,55.02,56.25,2963342.0
1457326800,2016-03-07,55.87,58.3399,55.42,58.17,2756450.0
1457413200,2016-03-08,57.67,57.945,56.03,56.86,2626781.0
1457499600,2016-03-09,57.13,57.42,55.85,56.69,2295426.0
1457586000,2016-03-10,57.0,57.0,54.57,55.95,2501340.0
1457672400,2016-03-11,56.9,57.2,56.3,56.61,3570072.0
1457928000,2016-03-14,56.21,56.95,55.98,56.7,2148594.0
1458014400,2016-03-15,56.45,56.46,55.54,56.32,1586892.0
1458100800,2016-03-16,56.22,57.5,55.94,56.97,2446628.0
1458187200,2016-03-17,56.92,57.34,56.39,57.06,1690853.0
1458273600,2016-03-18,57.69,58.61,57.3,57.81,3086847.0
1458532800,2016-03-21,57.69,58.225,57.07,58.17,1493084.0
1458619200,2016-03-22,57.8,58.6,57.0301,57.98,1481133.0
1458705600,2016-03-23,57.9,58.37,57.16,57.29,1615834.0
1458792000,2016-03-24,56.96,57.53,56.18,57.37,1240547.0
1459137600,2016-03-28,57.31,57.6,56.35,57.11,1196181.0
1459224000,2016-03-29,56.74,58.41,56.26,58.23,1067751.0
1459310400,2016-03-30,58.52,59.34,57.79,57.9,1440337.0
1459396800,2016-03-31,57.83,58.618,57.47,58.31,1484075.0
1459483200,2016-04-01,56.57,57.84,55.34,57.77,4021056.0
1459742400,2016-04-04,57.8,58.57,57.01,58.19,1447405.0
1459828800,2016-04-05,57.62,57.96,56.99,57.11,1255329.0
1459915200,2016-04-06,57.06,57.8,56.47,57.78,1698855.0
1460001600,2016-04-07,57.36,57.51,56.32,56.39,1660263.0
1460088000,2016-04-08,56.85,57.33,56.46,56.76,1249257.0
1460347200,2016-04-11,57.07,57.885,56.77,56.87,1364524.0
1460433600,2016-04-12,56.98,57.13,55.072,55.92,2676862.0
1460520000,2016-04-13,56.26,57.835,55.9749,57.71,1638602.0
1460606400,2016-04-14,57.76,58.4,57.41,58.08,1045896.0
1460692800,2016-04-15,58.0,58.52,57.44,58.42,1970339.0
1460952000,2016-04-18,58.22,59.19,58.12,59.14,1704980.0
1461038400,2016-04-19,59.18,59.44,58.68,59.13,1246162.0
1461124800,2016-04-20,59.17,59.84,58.86,59.39,1336008.0
1461211200,2016-04-21,59.44,60.49,59.42,60.07,1937257.0
1461297600,2016-04-22,60.13,60.29,59.18,59.54,1140805.0
1461556800,2016-04-25,59.36,60.0,59.31,59.99,1401287.0
1461643200,2016-04-26,60.0,61.02,59.92,61.01,1726811.0
1461729600,2016-04-27,61.0,62.42,60.84,61.4,2520491.0
1461816000,2016-04-28,60.81,62.34,60.72,61.39,2586059.0
1461902400,2016-04-29,60.93,61.24,59.14,59.82,1922746.0
1462161600,2016-05-02,60.0,61.42,59.47,61.37,1392619.0
1462248000,2016-05-03,60.87,61.2,59.7,60.34,1879392.0
1462334400,2016-05-04,59.93,60.015,58.36,58.73,2368413.0
1462420800,2016-05-05,59.07,59.39,58.34,58.46,1576638.0
1462507200,2016-05-06,58.44,59.82,58.03,58.66,2181458.0
1462766400,2016-05-09,58.67,59.34,58.49,58.79,1674825.0
1462852800,2016-05-10,58.91,59.66,58.8911,59.57,2605625.0
1462939200,2016-05-11,59.42,59.73,59.02,59.03,1965348.0
1463025600,2016-05-12,59.26,59.58,57.23,58.06,2072050.0
1463112000,2016-05-13,57.86,58.78,57.62,57.87,1644060.0
1463371200,2016-05-16,57.94,59.36,57.78,59.08,2868044.0
1463457600,2016-05-17,58.93,59.285,57.87,57.98,1990081.0
1463544000,2016-05-18,57.84,58.35,57.31,57.76,2534880.0
1463630400,2016-05-19,57.69,58.24,56.83,57.52,2341734.0
1463716800,2016-05-20,57.3,57.98,55.35,56.19,5075826.0
1463976000,2016-05-23,56.18,57.248,55.89,56.96,3412961.0
1464062400,2016-05-24,57.25,58.55,57.17,58.46,2085026.0
1464148800,2016-05-25,58.75,59.94,58.75,58.91,2214552.0
1464235200,2016-05-26,58.87,59.12,57.895,58.11,1527170.0
1464321600,2016-05-27,58.2,59.37,58.2,59.34,2025131.0
1464667200,2016-05-31,59.6,59.67,57.74,58.27,3527500.0
1464753600,2016-06-01,57.97,58.74,57.95,58.3,1583655.0
1464840000,2016-06-02,58.23,58.77,57.75,58.76,1118512.0
1464926400,2016-06-03,58.46,58.61,57.36,58.29,1250987.0
1465185600,2016-06-06,58.42,58.83,58.14,58.67,1766351.0
1465272000,2016-06-07,58.63,59.0,58.25,58.68,1446091.0
1465358400,2016-06-08,58.64,58.825,58.21,58.53,876664.0
1465444800,2016-06-09,58.23,58.45,57.66,57.79,945165.0
1465531200,2016-06-10,57.12,57.44,56.1,56.18,1574645.0
1465790400,2016-06-13,55.92,56.86,55.8,55.89,1423600.0
1465876800,2016-06-14,55.76,55.94,55.29,55.71,1609544.0
1465963200,2016-06-15,55.98,56.94,55.71,56.61,1616400.0
1466049600,2016-06-16,56.16,56.87,55.71,56.77,1523670.0
1466136000,2016-06-17,56.74,56.99,56.07,56.68,3088103.0
1466395200,2016-06-20,57.47,58.2,57.28,57.56,1210151.0
1466481600,2016-06-21,57.76,58.2,57.39,58.07,1169836.0
1466568000,2016-06-22,57.72,58.29,57.33,57.38,1271091.0
1466654400,2016-06-23,58.01,59.07,57.75,59.06,1474429.0
1466740800,2016-06-24,56.01,56.67,53.85,54.04,5079398.0
1467000000,2016-06-27,53.34,53.5388,49.82,50.54,4885949.0
1467086400,2016-06-28,51.12,51.96,50.42,51.48,2590349.0
1467172800,2016-06-29,51.82,53.68,51.55,53.22,2562399.0
1467259200,2016-06-30,53.3,54.14,52.99,54.14,2114689.0
1467345600,2016-07-01,54.12,55.22,53.6001,54.34,1607364.0
1467691200,2016-07-05,53.92,53.98,52.32,52.8,1363736.0
1467777600,2016-07-06,52.52,53.09,51.89,52.96,1208261.0
1467864000,2016-07-07,53.13,53.6,52.9375,53.53,1198287.0
1467950400,2016-07-08,53.9,55.28,53.73,55.14,1451147.0
1468209600,2016-07-11,55.62,55.9599,55.44,55.49,998516.0
1468296000,2016-07-12,55.91,57.53,55.77,57.38,1835636.0
1468382400,2016-07-13,57.57,58.0,56.84,56.87,1712224.0
1468468800,2016-07-14,57.57,58.285,56.9,58.16,1905657.0
1468555200,2016-07-15,58.4,58.44,57.44,57.98,1528828.0
1468814400,2016-07-18,57.91,58.42,57.3988,58.01,1304662.0
1468900800,2016-07-19,57.87,58.15,57.34,57.52,940147.0
1468987200,2016-07-20,57.85,58.6299,57.38,58.27,2049713.0
1469073600,2016-07-21,58.12,58.885,57.54,57.58,1228473.0
1469160000,2016-07-22,57.83,58.91,57.46,58.78,840770.0
1469419200,2016-07-25,58.75,58.99,58.11,58.22,938981.0
1469505600,2016-07-26,58.18,58.93,58.06,58.75,990921.0
1469592000,2016-07-27,58.75,59.78,58.501,59.62,1609544.0
1469678400,2016-07-28,59.49,60.25,59.12,59.45,997908.0
1469764800,2016-07-29,59.5,59.67,58.64,59.45,1358882.0
1470024000,2016-08-01,59.33,59.93,59.01,59.74,1468558.0
1470110400,2016-08-02,59.53,59.58,57.34,57.87,1521437.0
1470196800,2016-08-03,57.78,58.4,56.7989,57.95,2810079.0
1470283200,2016-08-04,58.09,58.87,57.96,58.25,1696413.0
1470369600,2016-08-05,58.44,59.48,58.25,59.33,1830929.0
1470628800,2016-08-08,59.46,59.88,59.26,59.37,1372216.0
1470715200,2016-08-09,59.52,60.495,59.405,60.34,1582270.0
1470801600,2016-08-10,60.31,60.389,59.81,60.3,946887.0
1470888000,2016-08-11,60.49,61.75,58.7809,61.71,1709117.0
1470974400,2016-08-12,61.36,61.96,60.95,61.83,1415694.0
1471233600,2016-08-15,61.9,63.21,61.4031,62.98,1674782.0
1471320000,2016-08-16,62.91,63.2592,62.61,62.65,1699613.0
1471406400,2016-08-17,62.59,62.846,61.99,62.79,1187681.0
1471492800,2016-08-18,62.89,63.76,62.72,63.5,2024089.0
1471579200,2016-08-19,63.34,63.84,62.6,63.74,1520375.0
1471838400,2016-08-22,63.33,63.59,62.68,63.29,1286130.0
1471924800,2016-08-23,63.62,64.0,63.32,63.46,1660888.0
1472011200,2016-08-24,63.31,63.79,62.96,63.17,1566460.0
1472097600,2016-08-25,63.21,63.92,63.0,63.7,3188957.0
1472184000,2016-08-26,66.0,69.21,65.06,68.87,6790990.0
1472443200,2016-08-29,68.5,68.89,67.86,68.32,3275561.0
1472529600,2016-08-30,67.8,68.75,67.52,68.03,2543419.0
1472616000,2016-08-31,67.85,68.05,67.01,67.4,2460490.0
1472702400,2016-09-01,67.42,67.67,66.78,67.37,1385374.0
1472788800,2016-09-02,67.93,68.48,67.6,68.01,1215787.0
1473134400,2016-09-06,68.2,68.2,67.05,67.69,1915305.0
1473220800,2016-09-07,67.58,68.76,67.57,68.6,2169507.0
1473307200,2016-09-08,68.41,69.15,68.16,68.81,1736518.0
1473393600,2016-09-09,68.17,68.652,66.84,66.84,2347921.0
1473652800,2016-09-12,65.92,67.47,65.39,67.35,3110352.0
1473739200,2016-09-13,66.31,66.9,65.36,65.78,2453051.0
1473825600,2016-09-14,65.76,66.24,65.06,65.51,1925487.0
1473912000,2016-09-15,65.7,67.4,65.5,67.39,2474182.0
1473998400,2016-09-16,66.9,67.99,66.36,67.6,10139822.0
1474257600,2016-09-19,67.98,69.2,67.65,68.13,2151602.0
1474344000,2016-09-20,68.67,69.57,68.32,68.79,1808971.0
1474430400,2016-09-21,68.91,71.78,68.91,71.69,3375222.0
1474516800,2016-09-22,72.26,72.62,71.76,72.35,1977052.0
1474603200,2016-09-23,72.19,72.42,71.53,71.67,1740330.0
1474862400,2016-09-26,71.27,71.64,70.58,71.08,1594996.0
1474948800,2016-09-27,70.97,71.93,70.83,71.9,1599686.0
1475035200,2016-09-28,72.2,72.69,71.55,72.65,1936807.0
1475121600,2016-09-29,72.59,72.8,71.41,71.59,1608779.0
1475208000,2016-09-30,72.03,72.59,71.41,72.33,1756101.0
1475467200,2016-10-03,71.15,72.26,70.85,71.18,2422981.0
1475553600,2016-10-04,71.32,72.53,71.0,71.42,1630087.0
1475640000,2016-10-05,71.57,73.24,71.57,73.21,1964559.0
1475726400,2016-10-06,73.18,73.4,71.76,72.83,1488240.0
1475812800,2016-10-07,72.8,72.8,71.472,72.01,1858802.0
1476072000,2016-10-10,72.0,73.07,72.0,72.21,1359084.0
1476158400,2016-10-11,72.31,72.77,69.86,70.17,1829707.0
1476244800,2016-10-12,70.43,70.6,69.76,70.33,1798255.0
1476331200,2016-10-13,69.66,69.704,68.4,69.29,1837282.0
1476417600,2016-10-14,71.23,71.23,69.29,69.46,1267256.0
1476676800,2016-10-17,69.33,69.859,68.77,68.85,1246585.0
1476763200,2016-10-18,69.92,70.32,69.551,70.13,1126068.0
1476849600,2016-10-19,70.13,70.94,69.86,70.78,1018172.0
1476936000,2016-10-20,70.75,71.4,70.07,71.13,1227751.0
1477022400,2016-10-21,70.85,71.3425,70.0,71.18,1229277.0
1477281600,2016-10-24,71.73,72.75,71.2,72.22,1430997.0
1477368000,2016-10-25,72.07,72.41,70.92,71.36,1842542.0
1477454400,2016-10-26,71.23,72.0,70.6,70.66,1204884.0
1477540800,2016-10-27,71.22,72.12,70.46,70.58,1528838.0
1477627200,2016-10-28,70.71,72.44,70.59,71.86,1571111.0
1477886400,2016-10-31,72.04,72.66,71.48,72.28,1567688.0
1477972800,2016-11-01,72.4,72.4,69.38,70.09,2065520.0
1478059200,2016-11-02,70.18,70.4,67.87,68.68,2122963.0
1478145600,2016-11-03,68.91,69.21,67.52,67.61,1501119.0
1478232000,2016-11-04,67.27,70.236,67.15,69.44,2867561.0
1478494800,2016-11-07,70.81,72.12,70.32,72.0,2806159.0
1478581200,2016-11-08,71.77,72.99,71.36,72.69,1669433.0
1478667600,2016-11-09,69.99,73.93,69.51,72.63,3188362.0
1478754000,2016-11-10,73.5,75.18,71.68,73.49,3095711.0
1478840400,2016-11-11,73.2,74.04,72.88,73.81,2895677.0
1479099600,2016-11-14,74.37,75.18,73.44,73.55,2562308.0
1479186000,2016-11-15,73.86,75.75,73.7501,75.15,2297913.0
1479272400,2016-11-16,74.92,78.42,74.7899,77.57,4275773.0
1479358800,2016-11-17,77.54,78.58,77.08,78.46,1881098.0
1479445200,2016-11-18,78.21,78.4,76.48,76.9,2410690.0
1479704400,2016-11-21,77.4,77.65,75.435,75.52,2271361.0
1479790800,2016-11-22,75.49,75.78,74.68,75.21,2065553.0
1479877200,2016-11-23,75.03,75.45,74.005,75.15,1469405.0
1480050000,2016-11-25,75.51,76.18,75.05,75.83,843156.0
1480309200,2016-11-28,75.63,76.31,74.93,75.18,1695768.0
1480395600,2016-11-29,75.31,75.98,75.03,75.26,2927199.0
1480482000,2016-11-30,72.93,74.72,70.55,72.61,8998267.0
1480568400,2016-12-01,72.73,73.24,69.0,69.22,4466437.0
1480654800,2016-12-02,69.02,70.87,68.06,70.58,3331420.0
1480914000,2016-12-05,70.76,72.41,70.15,71.18,2396275.0
1481000400,2016-12-06,71.27,77.87,70.73,76.32,7526400.0
1481086800,2016-12-07,76.26,80.915,75.42,80.34,8014119.0
1481173200,2016-12-08,80.58,82.77,80.0,81.74,4291797.0
1481259600,2016-12-09,82.66,83.08,80.66,81.11,2486700.0
1481518800,2016-12-12,81.01,81.76,77.58,78.37,3054138.0
1481605200,2016-12-13,78.99,80.34,78.8,79.67,2883523.0
1481691600,2016-12-14,79.69,79.92,76.15,76.83,3389913.0
1481778000,2016-12-15,76.86,79.43,75.97,78.92,3830956.0
1481864400,2016-12-16,79.03,79.23,76.34,76.48,6511534.0
1482123600,2016-12-19,76.85,77.08,75.42,75.7,2128784.0
1482210000,2016-12-20,76.0,76.535,74.88,76.01,1699793.0
1482296400,2016-12-21,76.05,76.28,75.27,75.63,1630056.0
1482382800,2016-12-22,75.33,75.63,74.34,74.58,2296305.0
1482469200,2016-12-23,74.6,76.05,74.45,76.0,1594651.0
1482814800,2016-12-27,76.06,76.5,75.4,75.98,1220768.0
1482901200,2016-12-28,75.93,76.02,74.51,75.02,930992.0
1482987600,2016-12-29,74.87,75.44,74.5,74.98,1065474.0
1483074000,2016-12-30,75.4,75.42,73.6,74.01,1752923.0
1483419600,2017-01-03,74.61,77.1,74.5,76.19,1984900.0
1483506000,2017-01-04,76.29,77.96,76.09,77.52,1990320.0
1483592400,2017-01-05,77.08,77.63,76.33,76.93,1448706.0
1483678800,2017-01-06,77.28,79.81,76.89,79.3,1664753.0
1483938000,2017-01-09,79.0,79.74,78.26,79.59,1680937.0
1484024400,2017-01-10,79.29,80.37,78.56,79.98,1927787.0
1484110800,2017-01-11,79.97,81.03,79.17,80.87,1849771.0
1484197200,2017-01-12,80.72,80.8559,79.24,80.65,1715914.0
1484283600,2017-01-13,80.72,81.41,80.44,81.32,1750539.0
1484629200,2017-01-17,80.97,81.23,78.29,78.62,2509907.0
1484715600,2017-01-18,79.1,80.06,78.69,79.71,1795263.0
1484802000,2017-01-19,80.26,80.78,79.65,79.98,1584122.0
1484888400,2017-01-20,80.7,81.89,80.24,81.67,3200617.0
1485147600,2017-01-23,81.39,81.91,80.91,81.54,1389658.0
1485234000,2017-01-24,81.6,82.63,81.53,82.0,1905510.0
1485320400,2017-01-25,82.79,83.96,82.43,82.65,2007576.0
1485406800,2017-01-26,82.77,82.935,81.48,81.64,1755343.0
1485493200,2017-01-27,81.53,81.98,80.89,81.76,1728286.0
1485752400,2017-01-30,81.57,81.67,79.15,81.16,2067509.0
1485838800,2017-01-31,80.88,81.35,79.8,81.34,1397368.0
1485925200,2017-02-01,81.09,81.96,80.38,81.28,1533887.0
1486011600,2017-02-02,80.82,82.87,80.04,82.77,1189305.0
1486098000,2017-02-03,83.57,84.965,83.14,84.41,1935145.0
1486357200,2017-02-06,84.45,84.55,82.33,82.82,2027328.0
1486443600,2017-02-07,82.17,85.11,81.8,84.5,3095332.0
1486530000,2017-02-08,84.44,84.89,82.58,82.93,2247268.0
1486616400,2017-02-09,83.28,84.911,83.17,83.88,1903036.0
1486702800,2017-02-10,83.97,84.46,82.38,83.23,1782460.0
1486962000,2017-02-13,83.65,84.72,82.94,84.28,4086297.0
1487048400,2017-02-14,84.25,84.59,82.81,84.54,4142822.0
1487134800,2017-02-15,84.28,84.935,83.54,84.36,2317830.0
1487221200,2017-02-16,84.44,85.46,83.83,85.14,1908070.0
1487307600,2017-02-17,84.72,86.49,83.75,86.4,2007954.0
1487653200,2017-02-21,87.0,87.52,86.76,87.15,2085531.0
1487739600,2017-02-22,86.8,87.14,86.17,86.38,1441296.0
1487826000,2017-02-23,86.69,87.37,85.92,87.1,1563652.0
1487912400,2017-02-24,86.56,87.69,85.69,87.55,1461477.0
1488171600,2017-02-27,87.47,87.9462,86.58,87.74,1647422.0
1488258000,2017-02-28,87.89,87.9,85.99,86.3,2138034.0
1488344400,2017-03-01,87.38,89.18,86.46,88.93,2630702.0
1488430800,2017-03-02,88.73,88.73,87.05,87.32,4384723.0
1488517200,2017-03-03,87.0,88.35,84.98,85.32,4897204.0
1488776400,2017-03-06,84.3,84.46,82.58,82.94,2707292.0
1488862800,2017-03-07,82.39,83.44,81.75,82.07,2412413.0
1488949200,2017-03-08,82.53,83.85,81.82,83.46,2341233.0
1489035600,2017-03-09,83.22,84.29,82.58,84.24,2028350.0
1489122000,2017-03-10,84.8,86.18,84.66,86.12,2552553.0
1489377600,2017-03-13,85.42,87.32,85.31,86.69,2568607.0
1489464000,2017-03-14,86.6,86.6,85.465,85.91,1466126.0
1489550400,2017-03-15,86.6,88.69,85.92,88.4,2527479.0
1489636800,2017-03-16,88.6,89.15,85.97,86.73,8888592.0
1489723200,2017-03-17,87.13,87.72,86.05,86.22,2954702.0
1489982400,2017-03-20,86.29,86.48,85.59,86.32,1292331.0
1490068800,2017-03-21,86.5,86.635,83.53,83.64,2704263.0
1490155200,2017-03-22,83.9,84.72,83.07,84.6,1663996.0
1490241600,2017-03-23,84.61,86.07,84.24,85.69,2336210.0
1490328000,2017-03-24,86.0,87.39,85.59,86.48,2170921.0
1490587200,2017-03-27,85.41,86.06,83.81,85.44,1888598.0
1490673600,2017-03-28,85.43,86.1,85.16,85.47,1172473.0
1490760000,2017-03-29,85.31,86.47,84.9751,86.4,2127121.0
1490846400,2017-03-30,86.14,87.25,85.775,86.32,1019342.0
1490932800,2017-03-31,86.02,86.9,85.37,86.48,1437918.0
1491192000,2017-04-03,85.24,87.12,84.66,85.39,2961305.0
1491278400,2017-04-04,85.16,85.97,84.58,84.95,1620723.0
1491364800,2017-04-05,85.09,85.79,83.24,83.54,1988711.0
1491451200,2017-04-06,83.3,84.76,82.7,84.07,1899807.0
1491537600,2017-04-07,84.07,84.95,83.55,84.79,2005171.0
1491796800,2017-04-10,84.91,85.88,84.62,85.66,1428112.0
1491883200,2017-04-11,85.35,86.08,84.48,85.99,1455674.0
1491969600,2017-04-12,85.87,86.65,84.99,85.62,2533443.0
1492056000,2017-04-13,85.2,86.18,84.1,84.91,2036536.0
1492401600,2017-04-17,85.37,86.25,85.29,85.99,1412134.0
1492488000,2017-04-18,85.39,86.53,85.08,86.41,1446518.0
1492574400,2017-04-19,86.79,88.59,86.6,87.93,2508617.0
1492660800,2017-04-20,88.3,88.82,87.16,88.41,1744548.0
1492747200,2017-04-21,88.63,88.88,88.1,88.58,2398454.0
1493006400,2017-04-24,89.7,90.94,89.64,90.14,2710579.0
1493092800,2017-04-25,90.8,90.8,89.81,90.32,1847229.0
1493179200,2017-04-26,90.31,90.54,89.44,90.23,1856427.0
1493265600,2017-04-27,90.66,90.77,90.04,90.63,1315303.0
1493352000,2017-04-28,90.77,90.77,89.2,90.07,1760683.0
1493611200,2017-05-01,91.75,92.7075,91.17,91.98,1939274.0
1493697600,2017-05-02,92.22,93.48,91.288,93.45,1866579.0
1493784000,2017-05-03,93.42,93.94,92.85,93.35,2750877.0
1493870400,2017-05-04,93.41,93.99,92.93,93.25,1615730.0
1493956800,2017-05-05,92.32,93.47,92.18,93.24,2253366.0
1494216000,2017-05-08,93.37,93.66,93.08,93.39,1423805.0
1494302400,2017-05-09,94.41,95.3,93.99,94.74,2808919.0
1494388800,2017-05-10,94.75,96.295,94.54,95.87,2417311.0
1494475200,2017-05-11,95.5,95.9,93.87,95.41,2432922.0
1494561600,2017-05-12,95.27,95.68,94.76,95.39,1572507.0
1494820800,2017-05-15,95.73,97.195,95.69,96.63,2847907.0
1494907200,2017-05-16,97.24,98.05,96.55,98.03,1906263.0
1494993600,2017-05-17,96.87,97.92,93.87,93.97,3315783.0
1495080000,2017-05-18,94.04,96.25,93.07,95.83,2954441.0
1495166400,2017-05-19,108.0,112.18,106.87,109.91,10407991.0
1495425600,2017-05-22,109.8,114.02,109.76,113.36,4458191.0
1495512000,2017-05-23,113.25,114.25,112.43,112.97,2802983.0
1495598400,2017-05-24,113.86,114.06,111.85,112.48,3455711.0
1495684800,2017-05-25,112.97,114.68,112.97,113.89,2632813.0
1495771200,2017-05-26,114.24,114.42,112.87,113.03,2314235.0
1496116800,2017-05-30,112.8,113.66,112.26,113.16,2940483.0
1496203200,2017-05-31,113.4,113.92,111.5,111.77,3799170.0
1496289600,2017-06-01,111.72,113.12,110.94,113.03,2429881.0
1496376000,2017-06-02,113.78,113.88,111.76,112.91,2376131.0
1496635200,2017-06-05,112.74,113.14,110.23,110.88,4718445.0
1496721600,2017-06-06,110.4,112.27,110.19,111.45,2539008.0
1496808000,2017-06-07,111.38,112.08,110.6,111.17,2195181.0
1496894400,2017-06-08,111.51,111.95,110.2,111.12,2124590.0
1496980800,2017-06-09,111.16,111.6999,103.62,105.95,3173773.0
1497240000,2017-06-12,104.21,108.62,100.7,107.44,5840821.0
1497326400,2017-06-13,107.6,108.24,105.17,107.55,2390073.0
1497412800,2017-06-14,108.52,108.65,105.0232,106.2,2096920.0
1497499200,2017-06-15,104.77,106.04,103.48,105.58,1907718.0
1497585600,2017-06-16,105.5,105.92,103.63,104.88,3253931.0
1497844800,2017-06-19,105.6,106.7,105.16,106.16,2579012.0
1497931200,2017-06-20,106.01,107.11,104.3,104.93,2043486.0
1498017600,2017-06-21,105.88,106.56,104.82,105.69,2728184.0
1498104000,2017-06-22,105.72,107.26,104.55,106.78,2395602.0
1498190400,2017-06-23,106.4,108.76,105.3,107.75,3969225.0
1498449600,2017-06-26,107.76,109.07,105.31,106.12,1942577.0
1498536000,2017-06-27,105.58,106.45,102.5,102.92,2366157.0
1498622400,2017-06-28,103.69,104.86,101.54,104.28,1714828.0
1498708800,2017-06-29,103.57,103.8105,100.0,101.39,2419493.0
1498795200,2017-06-30,102.32,102.37,100.75,100.82,1907038.0
1499054400,2017-07-03,101.32,101.82,99.32,99.36,1536325.0
1499227200,2017-07-05,99.37,103.04,99.22,102.6,2883472.0
1499313600,2017-07-06,101.59,103.11,100.794,102.05,2741915.0
1499400000,2017-07-07,102.29,104.28,102.29,103.32,1780362.0
1499659200,2017-07-10,103.33,104.185,102.38,103.74,1295905.0
1499745600,2017-07-11,103.47,104.73,102.98,104.3,1562725.0
1499832000,2017-07-12,105.61,107.08,104.76,106.68,2730158.0
1499918400,2017-07-13,107.49,108.5,106.38,107.07,1494548.0
1500004800,2017-07-14,107.46,108.91,107.01,108.74,1539346.0
1500264000,2017-07-17,108.9,109.0,106.56,106.94,1266299.0
1500350400,2017-07-18,106.67,107.85,106.23,107.7,913313.0
1500436800,2017-07-19,108.5,110.5,108.47,110.25,2117923.0
1500523200,2017-07-20,109.72,110.5,108.88,109.91,1358150.0
1500609600,2017-07-21,109.41,110.54,109.08,109.75,1279139.0
1500868800,2017-07-24,109.59,110.89,109.335,110.81,2076614.0
1500955200,2017-07-25,110.91,112.4,110.2,112.26,1445799.0
1501041600,2017-07-26,112.5,114.1,112.41,114.08,1972304.0
1501128000,2017-07-27,114.97,115.25,109.32,111.52,2473092.0
1501214400,2017-07-28,110.6,112.2754,110.3326,111.5,1043925.0
1501473600,2017-07-31,111.65,112.315,109.78,110.79,1532259.0
1501560000,2017-08-01,111.27,112.59,111.1,111.38,1419697.0
1501646400,2017-08-02,111.08,111.38,107.28,109.13,1854615.0
1501732800,2017-08-03,107.95,108.5,105.6,107.88,2332517.0
1501819200,2017-08-04,108.35,109.04,107.56,108.39,1809500.0
1502078400,2017-08-07,108.67,111.0,108.4,109.82,1582821.0
1502164800,2017-08-08,109.38,110.27,108.0,108.35,1301698.0
1502251200,2017-08-09,107.69,107.96,106.54,107.45,1219850.0
1502337600,2017-08-10,106.56,107.54,104.77,104.98,2027395.0
1502424000,2017-08-11,105.75,108.7577,105.1,108.01,1532308.0
1502683200,2017-08-14,109.2,110.0,108.01,108.9,1756709.0
1502769600,2017-08-15,109.02,110.1,108.12,109.8,1346503.0
1502856000,2017-08-16,110.36,110.93,109.36,110.49,1385066.0
1502942400,2017-08-17,110.07,110.82,107.73,107.89,1822842.0
1503028800,2017-08-18,107.86,110.1,107.19,108.56,1286378.0
1503288000,2017-08-21,108.37,110.3,108.37,109.75,1340381.0
1503374400,2017-08-22,110.31,112.235,109.77,111.01,1847510.0
1503460800,2017-08-23,110.91,111.34,110.05,110.65,1740714.0
1503547200,2017-08-24,110.58,111.25,109.04,110.61,3222808.0
1503633600,2017-08-25,115.0,119.73,113.54,114.97,7423605.0
1503892800,2017-08-28,115.06,115.14,110.01,111.48,3751603.0
1503979200,2017-08-29,109.65,111.895,109.25,111.27,1939684.0
1504065600,2017-08-30,111.27,113.67,110.61,113.29,1526460.0
1504152000,2017-08-31,113.63,114.7,112.815,114.46,1588553.0
1504238400,2017-09-01,114.63,115.62,113.65,113.71,1658260.0
1504584000,2017-09-05,113.46,114.81,112.52,113.77,3430856.0
1504670400,2017-09-06,114.4,114.78,112.65,113.79,2678884.0
1504756800,2017-09-07,114.14,114.465,113.19,114.05,1777985.0
1504843200,2017-09-08,114.17,115.72,114.1,114.44,3009133.0
1505102400,2017-09-11,112.98,117.125,112.22,116.48,2549867.0
1505188800,2017-09-12,116.35,116.99,114.98,116.16,1708693.0
1505275200,2017-09-13,116.04,116.5,115.25,116.18,1589644.0
1505361600,2017-09-14,115.62,116.14,114.5,115.47,1800710.0
1505448000,2017-09-15,115.62,115.62,113.88,114.13,9730687.0
1505707200,2017-09-18,113.71,114.66,112.87,113.84,2256089.0
1505793600,2017-09-19,113.77,114.06,112.97,113.08,2190901.0
1505880000,2017-09-20,113.07,113.339,111.35,112.73,1899528.0
1505966400,2017-09-21,112.82,113.0,111.37,112.29,1263895.0
1506052800,2017-09-22,111.68,112.82,111.64,111.78,1186715.0
1506312000,2017-09-25,111.67,111.83,108.65,109.82,2196675.0
1506398400,2017-09-26,110.59,111.38,108.83,110.61,1682067.0
1506484800,2017-09-27,110.21,113.47,110.21,111.96,1863880.0
1506571200,2017-09-28,111.4,111.96,110.52,111.45,1418872.0
1506657600,2017-09-29,111.25,112.76,111.0,112.26,2189698.0
1506916800,2017-10-02,110.6915,113.76,110.68,112.47,2184050.0
1507003200,2017-10-03,112.39,113.73,111.67,113.63,1153017.0
1507089600,2017-10-04,113.79,114.07,112.35,114.05,1208755.0
1507176000,2017-10-05,114.5,116.83,113.9,116.54,1767947.0
1507262400,2017-10-06,116.18,117.61,115.81,116.96,2133352.0
1507521600,2017-10-09,116.8,117.52,116.64,117.14,933301.0
1507608000,2017-10-10,117.22,117.53,116.32,117.05,1002319.0
1507694400,2017-10-11,117.02,118.66,116.93,118.57,1356254.0
1507780800,2017-10-12,118.55,119.84,118.51,118.99,1349972.0
1507867200,2017-10-13,119.77,119.77,118.4498,119.63,1338863.0
1508126400,2017-10-16,119.69,119.97,118.67,119.2,1253985.0
1508212800,2017-10-17,119.35,119.7599,118.06,118.72,1239322.0
1508299200,2017-10-18,118.5,118.86,117.7834,118.54,1081309.0
1508385600,2017-10-19,119.0,119.32,117.57,119.29,1221216.0
1508472000,2017-10-20,119.98,121.88,119.7,120.81,1762819.0
1508731200,2017-10-23,120.99,121.72,118.73,118.99,1602639.0
1508817600,2017-10-24,118.96,119.61,117.9,119.29,1426063.0
1508904000,2017-10-25,119.0,120.25,118.05,119.94,1171289.0
1508990400,2017-10-26,120.21,121.95,119.46,121.35,957661.0
1509076800,2017-10-27,121.61,123.97,121.4,123.58,1633174.0
1509336000,2017-10-30,123.04,124.28,121.9,123.91,1670051.0
1509422400,2017-10-31,124.28,125.01,123.42,124.96,1969207.0
1509508800,2017-11-01,125.63,126.44,123.4,124.78,1727653.0
1509595200,2017-11-02,125.5,125.65,123.51,124.72,1813009.0
1509681600,2017-11-03,124.5,125.5,124.1101,124.85,1428019.0
1509944400,2017-11-06,125.0,125.09,123.19,123.82,1069306.0
1510030800,2017-11-07,124.26,124.54,122.61,123.4,908054.0
1510117200,2017-11-08,123.49,124.21,123.17,123.84,998806.0
1510203600,2017-11-09,122.9,123.09,120.01,122.4,1520485.0
1510290000,2017-11-10,121.95,123.32,121.31,123.11,1021966.0
1510549200,2017-11-13,124.34,125.02,122.685,124.64,1307301.0
1510635600,2017-11-14,124.4,124.82,123.16,123.87,1296980.0
1510722000,2017-11-15,123.87,125.01,122.44,124.02,1565222.0
1510808400,2017-11-16,124.79,127.0,124.64,127.0,1653977.0
1510894800,2017-11-17,127.49,127.92,125.87,127.49,1583311.0
1511154000,2017-11-20,127.51,128.28,126.11,126.28,1861179.0
1511240400,2017-11-21,127.13,128.17,126.97,127.71,1837765.0
1511326800,2017-11-22,128.01,128.685,126.835,127.77,1601841.0
1511499600,2017-11-24,127.74,129.54,127.65,129.5,1079345.0
1511758800,2017-11-27,130.19,130.92,129.26,130.24,2496564.0
1511845200,2017-11-28,130.76,131.1,127.49,129.95,5136286.0
1511931600,2017-11-29,114.03,114.46,106.2,109.34,19748321.0
1512018000,2017-11-30,109.64,111.579,106.54,109.7,8769172.0
1512104400,2017-12-01,108.81,110.12,106.29,107.06,5102352.0
1512363600,2017-12-04,108.0,108.69,105.16,107.95,4135272.0
1512450000,2017-12-05,107.96,109.49,106.55,106.59,3099647.0
1512536400,2017-12-06,105.73,107.83,105.73,106.92,1796086.0
1512622800,2017-12-07,106.2,110.18,106.0,109.61,3214781.0
1512709200,2017-12-08,109.6,110.17,106.69,107.16,3458472.0
1512968400,2017-12-11,106.87,107.95,106.15,106.83,2600936.0
1513054800,2017-12-12,106.32,107.98,105.58,106.33,2290840.0
1513141200,2017-12-13,107.03,107.89,105.51,106.02,2195892.0
1513227600,2017-12-14,105.95,107.12,105.95,106.25,1602910.0
1513314000,2017-12-15,106.55,108.93,106.47,108.4,3312927.0
1513573200,2017-12-18,108.66,109.43,107.28,107.48,2580665.0
1513659600,2017-12-19,107.24,107.84,105.37,105.39,1975654.0
1513746000,2017-12-20,106.02,106.02,104.19,105.03,2831562.0
1513832400,2017-12-21,105.58,105.6699,103.65,104.43,4044492.0
1513918800,2017-12-22,104.85,104.85,103.78,103.89,1643484.0
1514264400,2017-12-26,103.45,104.15,103.19,103.8,1450881.0
1514350800,2017-12-27,103.97,105.199,103.48,104.58,1211853.0
1514437200,2017-12-28,104.66,105.22,104.2,105.07,946556.0
1514523600,2017-12-29,105.04,105.65,104.5301,104.83,1279530.0
1514869200,2018-01-02,105.34,107.16,104.3861,107.12,2213818.0
1514955600,2018-01-03,107.0,109.78,106.99,109.38,2061617.0
1515042000,2018-01-04,110.13,112.21,109.23,112.07,2328065.0
1515128400,2018-01-05,113.07,113.35,110.41,110.84,2523225.0
1515387600,2018-01-08,110.42,111.74,109.04,111.42,1863265.0
1515474000,2018-01-09,111.57,112.31,110.65,112.11,1908298.0
1515560400,2018-01-10,111.71,112.61,110.55,111.47,1727842.0
1515646800,2018-01-11,111.67,113.96,111.47,113.26,2820560.0
1515733200,2018-01-12,113.57,116.09,113.07,115.91,2665214.0
1516078800,2018-01-16,116.24,117.08,111.72,111.98,2848053.0
1516165200,2018-01-17,112.88,113.1,111.06,113.0,3111548.0
1516251600,2018-01-18,112.28,114.15,112.05,112.55,1748100.0
1516338000,2018-01-19,112.96,115.91,112.37,115.29,3019672.0
1516597200,2018-01-22,115.25,118.45,114.025,117.37,2993173.0
1516683600,2018-01-23,117.14,119.07,116.501,118.73,2075218.0
1516770000,2018-01-24,118.91,119.24,116.64,116.72,2343783.0
1516856400,2018-01-25,117.95,118.42,116.57,116.87,1789762.0
1516942800,2018-01-26,117.55,118.85,117.12,117.78,2004362.0
1517202000,2018-01-29,117.7,118.47,116.19,116.38,1137978.0
1517288400,2018-01-30,115.46,116.35,113.77,114.99,1656598.0
1517374800,2018-01-31,115.65,116.64,114.9,115.62,1270790.0
1517461200,2018-02-01,114.72,117.7,114.08,115.57,1709253.0
1517547600,2018-02-02,114.12,115.14,111.6,111.64,1975920.0
1517806800,2018-02-05,110.6,116.15,109.18,109.18,3067460.0
1517893200,2018-02-06,106.49,112.65,104.61,112.62,3345178.0
1517979600,2018-02-07,111.77,113.56,110.51,110.54,1724022.0
1518066000,2018-02-08,109.17,110.8,104.81,104.81,3192494.0
1518152400,2018-02-09,105.81,107.92,101.55,105.94,4077170.0
1518411600,2018-02-12,107.01,109.21,104.74,108.38,2104701.0
1518498000,2018-02-13,106.5,110.195,106.2301,109.79,1431041.0
1518584400,2018-02-14,108.36,110.34,107.41,109.92,2095896.0
1518670800,2018-02-15,111.16,114.71,110.01,113.52,2651491.0
1518757200,2018-02-16,113.58,114.53,112.1,112.95,1651077.0
1519102800,2018-02-20,112.51,115.06,112.0,114.27,1456676.0
1519189200,2018-02-21,114.18,115.72,112.32,112.37,2145382.0
1519275600,2018-02-22,112.74,114.76,111.9,112.39,1936062.0
1519362000,2018-02-23,113.67,115.04,112.38,115.03,1920286.0
1519621200,2018-02-26,115.63,117.5,114.73,116.92,2474693.0
1519707600,2018-02-27,117.0,117.57,115.14,116.12,1818762.0
1519794000,2018-02-28,117.02,119.74,116.65,117.47,3026479.0
1519880400,2018-03-01,117.95,118.98,114.01,114.74,3098426.0
1519966800,2018-03-02,113.3,116.43,111.05,116.28,2813938.0
1520226000,2018-03-05,115.18,119.3,115.05,118.87,2623282.0
1520312400,2018-03-06,119.25,120.64,118.25,119.87,4894477.0
1520398800,2018-03-07,133.01,137.9,130.06,137.7,13011452.0
1520485200,2018-03-08,137.01,137.69,133.94,137.29,5458865.0
1520571600,2018-03-09,138.44,140.0,137.35,139.36,3967792.0
1520827200,2018-03-12,139.21,141.19,138.34,138.37,2259660.0
1520913600,2018-03-13,139.74,141.26,135.07,136.0,2436003.0
1521000000,2018-03-14,136.85,137.6111,135.05,136.19,1673846.0
1521086400,2018-03-15,136.69,137.92,135.425,136.74,1431926.0
1521172800,2018-03-16,136.33,139.01,135.44,135.75,2957052.0
1521432000,2018-03-19,133.94,135.46,132.06,134.31,2186248.0
1521518400,2018-03-20,134.5,136.29,133.89,134.6,1924440.0
1521604800,2018-03-21,135.01,137.6,133.87,135.54,2417186.0
1521691200,2018-03-22,133.82,135.93,131.15,131.41,2799002.0
1521777600,2018-03-23,131.75,132.5,128.0,128.02,2988912.0
1522036800,2018-03-26,131.05,134.59,130.06,134.22,2452512.0
1522123200,2018-03-27,134.53,134.59,127.1901,128.31,3240233.0
1522209600,2018-03-28,127.71,129.39,124.38,124.55,3658742.0
1522296000,2018-03-29,125.2,128.31,123.87,125.58,4751056.0
1522641600,2018-04-02,124.56,125.8,120.8,122.75,2915220.0
1522728000,2018-04-03,124.18,126.44,122.21,124.84,2465363.0
1522814400,2018-04-04,121.72,128.05,121.36,127.5,2852490.0
1522900800,2018-04-05,128.68,129.14,126.98,128.02,2184551.0
1522987200,2018-04-06,126.69,127.96,124.96,125.75,2743713.0
1523246400,2018-04-09,126.72,129.135,126.39,127.57,2000220.0
1523332800,2018-04-10,129.25,132.37,128.19,131.73,2320273.0
1523419200,2018-04-11,130.5,132.66,130.07,130.94,1458586.0
1523505600,2018-04-12,131.54,133.04,131.12,132.17,1907482.0
1523592000,2018-04-13,133.55,133.55,127.98,129.17,2129661.0
1523851200,2018-04-16,130.49,131.15,128.77,129.72,1866256.0
1523937600,2018-04-17,131.21,133.64,130.94,132.58,2276150.0
1524024000,2018-04-18,133.19,134.73,132.08,133.87,1416254.0
1524110400,2018-04-19,133.49,134.03,131.485,132.33,1335264.0
1524196800,2018-04-20,132.47,132.47,128.96,130.09,1913382.0
1524456000,2018-04-23,130.64,132.04,128.29,129.18,1515279.0
1524542400,2018-04-24,130.64,131.28,122.05,123.68,2695494.0
1524628800,2018-04-25,123.72,124.65,120.905,123.97,2060755.0
1524715200,2018-04-26,124.62,127.55,123.97,126.98,2008719.0
1524801600,2018-04-27,127.16,127.83,125.775,126.64,1271113.0
1525060800,2018-04-30,127.32,128.09,125.81,125.9,1623929.0
1525147200,2018-05-01,125.3,127.37,125.29,127.06,1238887.0
1525233600,2018-05-02,126.82,126.82,125.26,125.26,176675.0
1525320000,2018-05-03,124.76,127.6,124.76,127.6,67886.0
1525406400,2018-05-04,126.49,130.68,125.59,129.46,1866576.0
1525665600,2018-05-07,129.76,132.12,129.63,131.57,1411249.0
1525752000,2018-05-08,131.57,133.16,130.71,132.76,1256978.0
1525838400,2018-05-09,133.07,136.37,133.07,135.32,1769492.0
1525924800,2018-05-10,135.96,137.67,134.9,136.47,1467805.0
1526011200,2018-05-11,136.56,136.94,135.33,136.21,1598873.0
1526270400,2018-05-14,136.99,138.38,133.3303,134.11,1814962.0
1526356800,2018-05-15,133.16,137.45,131.59,136.16,2232243.0
1526443200,2018-05-16,136.47,136.73,134.89,135.93,1564120.0
1526529600,2018-05-17,135.41,136.83,134.58,136.52,1515728.0
1526616000,2018-05-18,136.62,139.665,136.25,138.85,1863663.0
1526875200,2018-05-21,139.61,139.94,136.925,137.67,2591223.0
1526961600,2018-05-22,138.51,139.17,136.46,136.71,1826913.0
1527048000,2018-05-23,135.31,139.5,135.02,139.31,2064903.0
1527134400,2018-05-24,139.06,139.628,136.12,138.92,4181831.0
1527220800,2018-05-25,132.71,139.6925,131.147,132.75,6723808.0
1527566400,2018-05-29,131.65,132.24,128.14,129.62,3091999.0
1527652800,2018-05-30,130.66,132.04,128.77,129.37,2259957.0
1527739200,2018-05-31,129.51,131.2,128.99,129.1,3547659.0
1527825600,2018-06-01,130.3,133.65,129.95,133.52,2214045.0
1528084800,2018-06-04,133.45,135.67,131.99,135.57,1692742.0
1528171200,2018-06-05,135.49,138.13,134.47,136.8,1409421.0
1528257600,2018-06-06,137.21,138.0,135.76,137.93,1753771.0
1528344000,2018-06-07,137.69,137.93,132.38,134.14,2013222.0
1528430400,2018-06-08,133.72,135.35,132.97,135.13,1132659.0
1528689600,2018-06-11,135.01,136.21,134.71,135.97,1451938.0
1528776000,2018-06-12,136.53,137.91,136.38,137.36,1349262.0
1528862400,2018-06-13,137.89,139.25,136.43,137.16,1664764.0
1528948800,2018-06-14,138.14,139.44,137.76,138.41,2035540.0
1529035200,2018-06-15,138.28,138.37,135.58,137.99,2842449.0
1529294400,2018-06-18,136.36,142.48,136.15,141.26,3182608.0
1529380800,2018-06-19,139.0,141.28,138.1,141.04,2858774.0
1529467200,2018-06-20,141.1,142.936,140.66,140.94,2335780.0
1529553600,2018-06-21,141.05,141.959,137.36,137.74,2027763.0
1529640000,2018-06-22,137.69,137.955,133.37,136.51,3346894.0
1529899200,2018-06-25,134.88,135.065,128.166,129.75,2843434.0
1529985600,2018-06-26,129.74,131.75,128.76,130.17,1767844.0
1530072000,2018-06-27,130.74,131.974,126.59,127.62,2620972.0
1530158400,2018-06-28,127.95,130.865,127.2,130.24,1888393.0
1530244800,2018-06-29,130.53,132.92,130.53,131.09,1901410.0
1530504000,2018-07-02,130.02,131.96,129.01,131.9,1421937.0
1530590400,2018-07-03,131.65,133.2,131.28,131.6,1017530.0
1530763200,2018-07-05,133.01,133.81,131.31,132.8,1960849.0
1530849600,2018-07-06,133.26,135.49,132.66,135.11,1313197.0
1531108800,2018-07-09,135.13,136.52,133.36,134.97,1932898.0
1531195200,2018-07-10,134.9,136.8,133.89,134.37,1559412.0
1531281600,2018-07-11,133.51,134.03,131.65,132.22,2314914.0
1531368000,2018-07-12,133.0,137.88,132.5803,137.46,2350760.0
1531454400,2018-07-13,136.99,137.44,134.87,137.21,1071481.0
1531713600,2018-07-16,136.62,137.315,135.76,136.24,1012671.0
1531800000,2018-07-17,134.88,137.39,134.44,136.56,1239594.0
1531886400,2018-07-18,136.55,137.96,135.84,137.43,1439379.0
1531972800,2018-07-19,136.64,136.99,134.33,134.5,1721066.0
1532059200,2018-07-20,135.16,135.52,134.13,134.32,1573141.0
1532318400,2018-07-23,134.0,134.69,132.06,134.5,1498519.0
1532404800,2018-07-24,135.31,135.97,131.5,132.31,1148755.0
1532491200,2018-07-25,132.31,135.92,131.64,135.85,2248569.0
1532577600,2018-07-26,135.55,137.46,133.57,136.14,1508178.0
1532664000,2018-07-27,136.44,136.85,130.0,131.16,1911039.0
1532923200,2018-07-30,131.17,131.64,124.69,127.0,2714367.0
1533009600,2018-07-31,127.41,130.45,126.58,128.44,2105705.0
1533096000,2018-08-01,127.99,129.77,126.73,127.18,2024768.0
1533182400,2018-08-02,125.93,131.32,125.885,131.16,1558381.0
1533268800,2018-08-03,131.33,132.47,129.96,132.05,1459700.0
1533528000,2018-08-06,131.93,134.61,131.32,134.35,1429571.0
1533614400,2018-08-07,134.44,136.33,134.38,135.19,1319381.0
1533700800,2018-08-08,134.83,135.26,133.47,134.14,1059195.0
1533787200,2018-08-09,134.59,137.0,133.89,135.11,1225746.0
1533873600,2018-08-10,134.27,136.21,133.71,134.85,1151064.0
1534132800,2018-08-13,135.24,136.56,133.26,133.39,1259447.0
1534219200,2018-08-14,134.05,135.26,133.07,134.0,1140620.0
1534305600,2018-08-15,133.01,133.63,129.34,131.05,1813354.0
1534392000,2018-08-16,132.1,133.89,131.1,133.73,2779952.0
1534478400,2018-08-17,133.13,133.53,129.87,132.35,2152631.0
1534737600,2018-08-20,132.35,134.29,131.63,133.72,2709057.0
1534824000,2018-08-21,134.18,136.96,133.69,135.52,2674933.0
1534910400,2018-08-22,134.84,137.55,134.84,136.94,1976639.0
1534996800,2018-08-23,136.97,138.7,135.65,136.31,2726510.0
1535083200,2018-08-24,152.39,157.78,150.62,157.2,8770484.0
1535342400,2018-08-27,158.06,159.94,153.91,154.63,3444763.0
1535428800,2018-08-28,154.87,157.83,154.67,156.81,2299493.0
1535515200,2018-08-29,156.75,157.63,155.32,155.67,2426845.0
1535601600,2018-08-30,155.63,155.93,153.58,153.86,1968113.0
1535688000,2018-08-31,153.56,154.74,153.27,154.35,1861448.0
1536033600,2018-09-04,154.17,154.48,152.29,153.59,1620880.0
1536120000,2018-09-05,153.87,154.31,148.45,149.33,1786322.0
1536206400,2018-09-06,149.34,150.26,147.33,148.8,1701299.0
1536292800,2018-09-07,147.64,150.85,146.7101,149.17,1812390.0
1536552000,2018-09-10,149.96,151.22,148.54,150.75,1575815.0
1536638400,2018-09-11,150.29,151.73,150.07,150.87,1263141.0
1536724800,2018-09-12,150.82,150.95,147.605,150.78,1405591.0
1536811200,2018-09-13,151.6,154.06,151.112,151.38,1226840.0
1536897600,2018-09-14,151.33,153.21,150.54,151.35,1594830.0
1537156800,2018-09-17,150.23,152.0,146.29,146.72,1856451.0
1537243200,2018-09-18,146.81,150.54,146.14,148.79,1569441.0
1537329600,2018-09-19,148.32,148.98,145.9,148.4,1426847.0
1537416000,2018-09-20,149.77,153.94,148.9696,153.23,2998034.0
1537502400,2018-09-21,153.86,154.59,151.63,152.4,3504277.0
1537761600,2018-09-24,150.65,153.7,149.33,152.83,1754065.0
1537848000,2018-09-25,153.11,155.56,152.98,155.4,1596490.0
1537934400,2018-09-26,155.99,157.11,154.31,154.82,1245249.0
1538020800,2018-09-27,155.36,156.51,154.87,156.0,1176207.0
1538107200,2018-09-28,155.05,156.6683,154.83,156.11,1165824.0
1538366400,2018-10-01,155.85,156.64,154.845,155.5,1631243.0
1538452800,2018-10-02,155.73,156.26,153.1336,153.92,1569939.0
1538539200,2018-10-03,154.26,155.83,153.4398,154.87,1693013.0
1538625600,2018-10-04,153.67,154.79,149.76,152.1,5415146.0
1538712000,2018-10-05,152.0,153.375,150.43,152.0,3387168.0
1538971200,2018-10-08,151.14,152.3307,145.12,146.21,4088807.0
1539057600,2018-10-09,146.52,148.13,142.7,142.86,2706480.0
1539144000,2018-10-10,141.66,141.99,133.34,133.5,4192490.0
1539230400,2018-10-11,132.6,134.42,129.0,130.89,3203656.0
1539316800,2018-10-12,135.68,140.25,135.25,138.18,4116466.0
1539576000,2018-10-15,138.47,139.32,132.7987,134.6,2443595.0
1539662400,2018-10-16,137.3,141.8,136.62,141.42,2213523.0
1539748800,2018-10-17,141.18,142.1,138.7,141.77,1720028.0
1539835200,2018-10-18,140.76,141.45,135.76,137.29,2142647.0
1539921600,2018-10-19,137.98,140.43,133.1001,133.18,3290436.0
1540180800,2018-10-22,133.93,137.31,131.45,135.64,2084480.0
1540267200,2018-10-23,132.65,136.09,130.11,134.12,2410956.0
1540353600,2018-10-24,133.31,134.04,124.68,124.92,3917820.0
1540440000,2018-10-25,127.19,131.0,126.175,130.01,2885709.0
1540526400,2018-10-26,125.54,128.96,123.93,124.71,3459733.0
1540785600,2018-10-29,128.78,129.1596,119.93,124.13,4106453.0
1540872000,2018-10-30,123.87,126.88,122.96,125.96,2242374.0
1540958400,2018-10-31,128.28,132.5,127.67,129.25,2462676.0
1541044800,2018-11-01,130.0,135.66,127.34,135.23,2707748.0
1541131200,2018-11-02,135.51,137.29,132.71,134.13,1705082.0
1541394000,2018-11-05,134.7,134.88,131.55,133.5,1299433.0
1541480400,2018-11-06,133.12,135.7,132.01,133.7,961694.0
1541566800,2018-11-07,135.26,139.42,135.26,138.92,3182614.0
1541653200,2018-11-08,138.78,140.71,137.89,140.61,1704681.0
1541739600,2018-11-09,139.28,139.29,133.78,135.55,1790544.0
1541998800,2018-11-12,134.18,134.49,128.85,130.11,1908016.0
1542085200,2018-11-13,131.11,134.165,129.72,130.92,1657608.0
1542171600,2018-11-14,133.0,133.99,128.23,129.43,1630550.0
1542258000,2018-11-15,128.63,134.6999,127.94,134.29,1875431.0
1542344400,2018-11-16,134.8,135.96,132.53,134.04,2231638.0
1542603600,2018-11-19,134.21,134.96,125.05,125.74,2847371.0
1542690000,2018-11-20,123.17,125.9,120.1,123.05,3865858.0
1542776400,2018-11-21,136.0,139.4,132.23,135.04,6187754.0
1542949200,2018-11-23,132.89,134.735,131.7,132.69,2337704.0
1543208400,2018-11-26,134.98,139.0996,134.16,138.8,3141747.0
1543294800,2018-11-27,137.34,143.0,136.63,140.16,3790439.0
1543381200,2018-11-28,141.34,145.205,140.31,143.16,3898161.0
1543467600,2018-11-29,141.95,147.44,141.95,145.55,3445954.0
1543554000,2018-11-30,145.92,146.5,142.19,144.5,2865176.0
1543813200,2018-12-03,148.03,150.41,146.525,148.02,3129389.0
1543899600,2018-12-04,146.64,148.85,139.38,139.84,3002142.0
1544072400,2018-12-06,136.36,140.14,133.3,140.14,2882207.0
1544158800,2018-12-07,138.71,139.87,131.6201,132.57,2377334.0
1544418000,2018-12-10,132.43,135.63,130.5,135.02,1845059.0
1544504400,2018-12-11,138.28,138.9799,133.24,133.87,2349414.0
1544590800,2018-12-12,137.5,140.42,136.22,137.79,1874616.0
1544677200,2018-12-13,136.46,138.945,133.655,135.57,1606816.0
1544763600,2018-12-14,133.6,135.83,130.99,131.5,1617294.0
1545022800,2018-12-17,130.99,131.945,126.51,127.27,2450590.0
1545109200,2018-12-18,128.36,131.54,128.29,130.58,2012792.0
1545195600,2018-12-19,130.44,134.82,127.0,128.13,2922103.0
1545282000,2018-12-20,127.64,129.44,121.04,124.93,2827908.0
1545368400,2018-12-21,125.84,126.7,120.11,120.3,5094817.0
1545627600,2018-12-24,118.72,122.14,117.72,118.32,1747478.0
1545800400,2018-12-26,119.54,125.93,118.195,125.93,2026807.0
1545886800,2018-12-27,122.66,127.49,121.26,127.41,2153188.0
1545973200,2018-12-28,128.71,130.11,125.07,127.23,1335385.0
1546232400,2018-12-31,129.19,129.497,127.175,128.61,1672787.0
1546405200,2019-01-02,125.39,129.64,124.65,128.96,1677538.0
1546491600,2019-01-03,126.49,127.5,121.12,121.85,2786330.0
1546578000,2019-01-04,124.37,129.37,121.81,128.28,2681282.0
1546837200,2019-01-07,128.27,133.4,128.15,132.72,1888457.0
1546923600,2019-01-08,134.26,135.7,132.245,133.87,1511931.0
1547010000,2019-01-09,134.72,137.78,133.41,136.77,1870645.0
1547096400,2019-01-10,135.21,137.53,134.85,136.71,1647011.0
1547182800,2019-01-11,135.78,137.5,135.25,136.74,1000258.0
1547442000,2019-01-14,135.37,136.18,134.12,134.75,1031572.0
1547528400,2019-01-15,131.88,137.45,131.88,135.88,1704258.0
1547614800,2019-01-16,136.18,137.5,134.8,135.3,1599831.0
1547701200,2019-01-17,134.63,137.9,134.255,136.5,2363590.0
1547787600,2019-01-18,138.29,141.84,135.46,141.73,2994053.0
1548133200,2019-01-22,140.28,141.52,138.12,139.06,2151565.0
1548219600,2019-01-23,139.46,141.135,136.555,137.49,1798573.0
1548306000,2019-01-24,136.02,137.5,135.235,136.05,2333963.0
1548392400,2019-01-25,138.11,142.48,137.755,142.08,2244698.0
1548651600,2019-01-28,140.65,141.09,138.74,140.77,1396867.0
1548738000,2019-01-29,140.92,141.77,139.01,140.16,868766.0
1548824400,2019-01-30,141.68,146.06,140.61,146.0,1397425.0
1548910800,2019-01-31,146.2,148.57,145.86,147.2,1581359.0
1548997200,2019-02-01,147.78,149.56,146.895,149.07,1939400.0
1549256400,2019-02-04,149.06,152.65,149.0,151.59,2061664.0
1549342800,2019-02-05,151.73,153.69,151.67,152.42,1851902.0
1549429200,2019-02-06,152.16,153.14,150.79,152.28,1443514.0
1549515600,2019-02-07,151.0,151.93,149.135,150.56,2085699.0
1549602000,2019-02-08,149.12,154.41,149.12,154.31,1455627.0
1549861200,2019-02-11,155.0,156.27,153.8,154.57,1533515.0
1549947600,2019-02-12,156.4,159.61,155.89,159.54,2011864.0
1550034000,2019-02-13,159.97,161.1,159.21,160.03,2121462.0
1550120400,2019-02-14,158.84,161.05,158.005,159.94,1566307.0
1550206800,2019-02-15,161.51,161.51,159.39,160.35,1870087.0
1550552400,2019-02-19,160.43,160.97,159.0,160.68,1980060.0
1550638800,2019-02-20,160.55,161.49,158.48,159.8,1334510.0
1550725200,2019-02-21,159.64,160.68,158.85,159.83,1118769.0
1550811600,2019-02-22,160.87,161.78,160.19,161.51,1029896.0
1551070800,2019-02-25,163.54,166.29,163.49,163.94,2077978.0
1551157200,2019-02-26,163.78,164.29,161.705,163.31,1715173.0
1551243600,2019-02-27,162.59,164.32,160.66,164.28,1612392.0
1551330000,2019-02-28,164.07,164.67,162.59,163.01,2438173.0
1551416400,2019-03-01,167.77,169.05,158.4,159.77,4092934.0
1551675600,2019-03-04,161.0,161.84,153.245,157.79,4417562.0
1551762000,2019-03-05,158.2,158.2,154.165,154.71,2485401.0
1551848400,2019-03-06,154.76,155.96,152.04,153.51,1908292.0
1551934800,2019-03-07,152.9,153.97,150.88,152.77,3519597.0
1552021200,2019-03-08,150.29,152.5,149.5,152.37,1829911.0
1552276800,2019-03-11,152.39,155.28,151.86,154.04,2273984.0
1552363200,2019-03-12,154.36,155.39,152.88,154.81,1586510.0
1552449600,2019-03-13,155.34,157.09,153.21,153.38,2912241.0
1552536000,2019-03-14,153.05,154.26,151.93,153.15,2862604.0
1552622400,2019-03-15,152.7,154.68,152.46,153.28,4574467.0
1552881600,2019-03-18,153.29,155.3177,152.33,153.85,2650547.0
1552968000,2019-03-19,154.62,156.12,153.657,155.1,2872553.0
1553054400,2019-03-20,156.0,156.27,152.36,154.31,1982551.0
1553140800,2019-03-21,154.27,159.035,154.27,158.82,1796600.0
1553227200,2019-03-22,158.0,158.82,153.9449,154.22,2043363.0
1553486400,2019-03-25,153.53,155.55,152.43,154.69,1872344.0
1553572800,2019-03-26,155.49,157.39,154.86,155.91,1677984.0
1553659200,2019-03-27,155.65,156.1,151.15,153.1,1710589.0
1553745600,2019-03-28,153.74,154.525,151.2,153.03,1609058.0
1553832000,2019-03-29,154.69,155.94,153.86,155.82,1985590.0
1554091200,2019-04-01,158.22,163.97,157.29,163.82,4074928.0
1554177600,2019-04-02,163.53,164.85,163.03,164.35,2086766.0
1554264000,2019-04-03,165.55,168.56,165.0,166.65,2990563.0
1554350400,2019-04-04,166.69,168.0,163.22,165.05,2325086.0
1554436800,2019-04-05,166.04,167.15,165.1425,166.33,1364586.0
1554696000,2019-04-08,165.82,166.93,163.13,166.74,2043081.0
1554782400,2019-04-09,166.15,167.37,165.56,167.06,1415676.0
1554868800,2019-04-10,167.3,170.91,167.17,170.46,1718986.0
1554955200,2019-04-11,171.32,172.11,170.03,171.88,1782892.0
1555041600,2019-04-12,173.02,173.44,170.65,171.87,1549952.0
1555300800,2019-04-15,172.01,173.22,170.9909,172.77,1171858.0
1555387200,2019-04-16,173.0,174.4,171.34,172.67,1610311.0
1555473600,2019-04-17,173.12,173.4,167.61,168.03,2109646.0
1555560000,2019-04-18,168.35,169.38,164.81,169.2,1805967.0
1555905600,2019-04-22,168.69,172.31,167.9,172.15,1373655.0
1555992000,2019-04-23,173.0,176.205,172.5,175.28,2135038.0
1556078400,2019-04-24,175.04,177.37,175.04,176.31,1310604.0
1556164800,2019-04-25,176.76,177.475,172.915,175.32,1536367.0
1556251200,2019-04-26,175.37,177.11,174.31,176.99,1447385.0
1556510400,2019-04-29,177.29,178.555,176.35,176.68,1357726.0
1556596800,2019-04-30,176.67,178.42,175.38,178.21,1287673.0
1556683200,2019-05-01,178.93,178.95,173.9,173.97,1438941.0
1556769600,2019-05-02,173.64,174.66,171.325,173.36,1043369.0
1556856000,2019-05-03,174.72,176.88,174.06,176.7,1128083.0
1557115200,2019-05-06,171.8,175.51,169.8,175.28,1373805.0
1557201600,2019-05-07,173.0,174.21,168.87,170.72,1917336.0
1557288000,2019-05-08,170.34,172.785,169.72,171.51,1222695.0
1557374400,2019-05-09,169.23,172.01,167.46,171.42,1471773.0
1557460800,2019-05-10,170.64,174.19,167.81,173.77,1405254.0
1557720000,2019-05-13,168.05,170.71,164.6,164.93,2026231.0
1557806400,2019-05-14,166.73,170.7499,166.14,169.96,1467466.0
1557892800,2019-05-15,168.17,173.93,168.17,173.32,1579117.0
1557979200,2019-05-16,174.15,178.42,173.76,176.68,1387265.0
1558065600,2019-05-17,174.97,177.695,173.89,174.33,1419816.0
1558324800,2019-05-20,172.43,172.825,168.31,170.61,1853172.0
1558411200,2019-05-21,172.76,174.94,172.225,174.23,1570626.0
1558497600,2019-05-22,173.87,175.47,173.24,174.03,1337420.0
1558584000,2019-05-23,170.01,173.74,167.14,169.54,2725244.0
1558670400,2019-05-24,160.68,165.18,158.51,161.22,6311321.0
1559016000,2019-05-28,161.52,165.345,160.7005,161.09,3330044.0
1559102400,2019-05-29,160.0,162.29,159.26,161.52,2575969.0
1559188800,2019-05-30,161.87,163.56,161.31,162.62,1172228.0
1559275200,2019-05-31,160.0,162.47,159.795,160.91,2021224.0
1559534400,2019-06-03,161.42,161.77,153.55,154.82,3272804.0
1559620800,2019-06-04,157.58,160.05,155.81,159.91,2001533.0
1559707200,2019-06-05,157.58,160.05,155.81,159.91,2001533.0
1559793600,2019-06-06,161.09,161.48,158.37,161.16,1359851.0
1559880000,2019-06-07,162.04,166.0,161.67,165.3,1507064.0
1560139200,2019-06-10,166.38,168.15,164.99,165.12,1596706.0
1560225600,2019-06-11,166.94,167.93,162.03,163.2,1486067.0
1560312000,2019-06-12,163.46,163.81,161.72,163.77,964076.0
1560398400,2019-06-13,164.54,164.88,161.77,162.32,1241776.0
1560484800,2019-06-14,161.85,163.0,156.22,158.16,1683106.0
1560744000,2019-06-17,158.39,158.81,157.09,157.38,1642591.0
1560830400,2019-06-18,159.87,163.38,159.27,161.9,1529900.0
1560916800,2019-06-19,163.01,166.79,162.35,165.63,3672650.0
1561003200,2019-06-20,169.03,171.11,167.89,169.45,3555160.0
1561089600,2019-06-21,169.33,171.68,169.0,170.89,4349986.0
1561348800,2019-06-24,171.37,171.83,168.29,168.5,3349809.0
1561435200,2019-06-25,169.28,169.37,162.84,163.16,3156075.0
1561521600,2019-06-26,164.17,165.805,162.32,162.48,1292933.0
1561608000,2019-06-27,163.15,166.07,162.775,165.25,1729329.0
1561694400,2019-06-28,166.12,166.36,162.87,162.9,6614780.0
1561953600,2019-07-01,166.99,170.06,165.52,169.29,2505782.0
1562040000,2019-07-02,169.11,170.3198,168.4,170.1,1023219.0
1562126400,2019-07-03,170.36,172.18,168.8409,172.0,1099896.0
1562299200,2019-07-05,170.39,172.34,169.44,172.23,1332792.0
1562558400,2019-07-08,170.75,171.39,168.7698,169.87,1989788.0
1562644800,2019-07-09,168.77,171.43,168.26,171.35,1371346.0
1562731200,2019-07-10,172.51,175.28,172.0,172.74,1541515.0
1562817600,2019-07-11,173.11,174.8,171.5,173.33,1233384.0
1562904000,2019-07-12,174.46,174.46,170.93,174.19,1428449.0
1563163200,2019-07-15,174.9,174.9,172.7,173.71,902780.0
1563249600,2019-07-16,174.02,174.66,170.67,171.01,1186035.0
1563336000,2019-07-17,170.65,172.015,169.77,171.62,1193827.0
1563422400,2019-07-18,170.68,173.63,170.57,172.38,973037.0
1563508800,2019-07-19,173.3,174.35,169.21,169.31,1302570.0
1563768000,2019-07-22,170.31,172.27,170.09,170.36,1167869.0
1563854400,2019-07-23,171.45,171.45,167.97,169.74,1081874.0
1563940800,2019-07-24,169.02,173.95,167.93,173.51,1182637.0
1564027200,2019-07-25,171.91,172.76,167.15,169.92,1741661.0
1564113600,2019-07-26,170.23,171.51,167.77,167.99,1314058.0
1564372800,2019-07-29,168.31,168.62,160.7,162.77,2018392.0
1564459200,2019-07-30,162.08,162.85,160.01,160.29,1139872.0
1564545600,2019-07-31,160.28,160.6,154.285,156.17,1839738.0
1564632000,2019-08-01,156.12,158.83,153.03,153.47,2825566.0
1564718400,2019-08-02,153.23,154.27,146.1,147.76,4014669.0
1564977600,2019-08-05,143.58,144.05,141.06,143.57,3643214.0
1565064000,2019-08-06,145.26,146.67,142.055,143.67,2398950.0
1565150400,2019-08-07,141.88,144.955,140.64,144.17,1905249.0
1565236800,2019-08-08,146.48,152.22,146.19,152.09,3584571.0
1565323200,2019-08-09,151.04,152.665,149.46,151.34,2113779.0
1565582400,2019-08-12,149.53,150.36,147.845,148.87,2801903.0
1565668800,2019-08-13,148.59,154.52,148.14,151.81,1915438.0
1565755200,2019-08-14,148.52,148.67,143.61,146.92,2493001.0
1565841600,2019-08-15,144.99,144.99,141.46,142.92,3440453.0
1565928000,2019-08-16,144.71,145.32,143.535,144.13,2274012.0
1566187200,2019-08-19,146.75,146.8,145.46,146.18,2006489.0
1566273600,2019-08-20,145.72,147.42,144.53,146.56,1158496.0
1566360000,2019-08-21,147.75,148.0999,145.01,145.95,2084088.0
1566446400,2019-08-22,145.9,146.43,143.17,145.21,2748969.0
1566532800,2019-08-23,144.4,147.11,143.24,143.99,2783571.0
1566792000,2019-08-26,145.82,147.86,145.66,147.8,2142067.0
1566878400,2019-08-27,149.45,151.4,148.69,150.21,4597187.0
1566964800,2019-08-28,131.43,141.36,129.7,140.08,18756402.0
1567051200,2019-08-29,142.02,142.98,140.16,142.63,3412040.0
1567137600,2019-08-30,143.79,144.13,141.11,142.82,3208520.0
1567483200,2019-09-03,141.0,143.0,139.87,141.15,2495364.0
1567569600,2019-09-04,142.56,145.59,141.86,144.34,2042973.0
1567656000,2019-09-05,146.28,149.11,145.62,148.22,3109714.0
1567742400,2019-09-06,148.83,152.71,148.105,150.35,2214559.0
1568001600,2019-09-09,151.02,151.65,147.57,151.02,3045210.0
1568088000,2019-09-10,149.98,151.37,146.06,148.05,2202219.0
1568174400,2019-09-11,149.27,154.91,147.5547,154.67,3480507.0
1568260800,2019-09-12,155.67,159.88,155.05,155.69,3699155.0
1568347200,2019-09-13,155.53,156.14,152.87,153.48,2131949.0
1568606400,2019-09-16,152.47,155.01,152.46,153.87,1593617.0
1568692800,2019-09-17,152.25,153.86,152.0,153.67,1449728.0
1568779200,2019-09-18,152.13,152.34,148.25,151.11,2340059.0
1568865600,2019-09-19,151.39,154.19,151.39,153.38,1579408.0
1568952000,2019-09-20,153.14,154.26,151.43,153.34,2595815.0
1569211200,2019-09-23,152.46,153.53,151.7,152.37,1165979.0
1569297600,2019-09-24,152.94,153.63,148.17,149.13,2166713.0
1569384000,2019-09-25,148.85,149.14,144.92,147.43,2173410.0
1569470400,2019-09-26,146.86,149.8899,145.72,149.07,1207315.0
1569556800,2019-09-27,149.37,149.985,143.7001,145.19,1898840.0
1569816000,2019-09-30,145.74,147.97,144.7,147.7,1355482.0
1569902400,2019-10-01,148.5,149.49,144.99,145.71,1731956.0
1569988800,2019-10-02,143.99,144.12,141.68,142.84,1783682.0
1570075200,2019-10-03,142.37,145.08,140.26,144.77,1575133.0
1570161600,2019-10-04,145.88,147.39,144.25,146.89,1332912.0
1570420800,2019-10-07,145.98,148.51,145.98,147.56,1179902.0
1570507200,2019-10-08,146.17,148.0,145.31,145.65,1846598.0
1570593600,2019-10-09,147.32,148.7,146.29,148.37,923385.0
1570680000,2019-10-10,147.95,149.09,144.5,144.73,1571984.0
1570766400,2019-10-11,147.16,152.26,146.7001,150.32,1990435.0
1571025600,2019-10-14,149.71,150.4332,148.58,150.27,904583.0
1571112000,2019-10-15,150.56,151.26,149.37,150.0,1316371.0
1571198400,2019-10-16,147.85,148.17,143.26,145.38,3114770.0
1571284800,2019-10-17,146.02,146.82,144.03,144.27,1554531.0
1571371200,2019-10-18,144.02,144.485,138.9,139.67,3245518.0
1571630400,2019-10-21,140.9,142.365,139.2,141.49,2134184.0
1571716800,2019-10-22,142.02,142.58,139.71,140.07,1398399.0
1571803200,2019-10-23,139.57,142.8031,138.62,141.94,1772525.0
1571889600,2019-10-24,143.0,146.1,142.52,145.37,1422430.0
1571976000,2019-10-25,144.98,147.17,144.32,145.54,1151931.0
1572235200,2019-10-28,146.99,147.84,145.36,146.99,947827.0
1572321600,2019-10-29,146.98,147.92,145.39,145.59,1053337.0
1572408000,2019-10-30,146.24,149.52,144.84,148.78,1217541.0
1572494400,2019-10-31,148.76,149.045,145.34,147.36,1200727.0
1572580800,2019-11-01,148.6,151.0,147.61,150.25,1260878.0
1572843600,2019-11-04,151.15,151.7599,149.55,151.27,1108403.0
1572930000,2019-11-05,152.04,153.37,149.08,151.73,1166539.0
1573016400,2019-11-06,151.68,151.96,150.48,151.51,924023.0
1573102800,2019-11-07,152.31,153.8,151.0,151.82,722004.0
1573189200,2019-11-08,150.79,152.99,150.4339,152.96,746345.0
1573448400,2019-11-11,152.39,154.1,151.9,152.92,582008.0
1573534800,2019-11-12,154.78,158.58,154.33,158.06,1777886.0
1573621200,2019-11-13,156.84,159.33,156.0592,159.21,1086994.0
1573707600,2019-11-14,158.41,159.34,157.32,158.14,1357864.0
1573794000,2019-11-15,158.36,161.8,157.505,161.75,2091987.0
1574053200,2019-11-18,160.03,163.72,159.78,162.44,1753468.0
1574139600,2019-11-19,163.47,164.94,162.42,164.53,1406099.0
1574226000,2019-11-20,165.0,167.05,164.08,165.33,1722015.0
1574312400,2019-11-21,165.33,165.92,164.11,165.05,1368574.0
1574398800,2019-11-22,165.96,167.2,164.48,167.01,974270.0
1574658000,2019-11-25,168.0,169.29,167.67,168.88,1691516.0
1574744400,2019-11-26,169.79,172.0,168.7,170.8,3816969.0
1574830800,2019-11-27,170.53,180.62,169.7,180.18,4637971.0
1575003600,2019-11-29,178.5,181.355,176.65,180.9,1613357.0
1575262800,2019-12-02,180.75,181.19,175.07,175.63,2067177.0
1575349200,2019-12-03,172.2,175.725,170.92,175.4,1560452.0
1575435600,2019-12-04,175.09,177.33,173.61,176.4,1265548.0
1575522000,2019-12-05,177.56,177.56,175.22,176.63,1118612.0
1575608400,2019-12-06,177.93,179.92,176.73,179.32,1093973.0
1575867600,2019-12-09,179.31,181.55,178.71,178.83,1601795.0
1575954000,2019-12-10,178.5,179.81,177.66,178.46,1306737.0
1576040400,2019-12-11,179.08,179.9,177.71,179.64,1704348.0
1576126800,2019-12-12,175.76,178.95,175.315,177.9,1636293.0
1576213200,2019-12-13,178.42,179.79,177.56,179.41,1454707.0
1576472400,2019-12-16,180.13,184.872,180.01,184.37,2039811.0
1576558800,2019-12-17,184.61,185.4,180.74,181.49,1597349.0
1576645200,2019-12-18,182.0,185.08,181.495,183.75,1298268.0
1576731600,2019-12-19,184.0,184.75,182.37,183.78,1124808.0
1576818000,2019-12-20,185.75,185.75,182.62,182.84,3375403.0
1577077200,2019-12-23,183.18,183.83,181.73,182.92,1046758.0
1577163600,2019-12-24,183.2,184.0,182.82,183.91,290944.0
1577336400,2019-12-26,184.4,185.31,183.68,184.24,697521.0
1577422800,2019-12-27,185.3,185.64,183.7,185.38,744199.0
1577682000,2019-12-30,184.63,185.5,182.01,183.3,1109742.0
1577768400,2019-12-31,183.05,184.32,182.31,183.46,916935.0
1577941200,2020-01-02,184.21,187.89,181.88,187.83,1640443.0
1578027600,2020-01-03,184.49,186.41,183.78,184.95,846860.0
1578286800,2020-01-06,183.78,187.25,183.16,187.12,1383969.0
1578373200,2020-01-07,186.13,188.17,185.1,187.5,1002739.0
1578459600,2020-01-08,188.22,190.5,187.03,189.95,1517729.0
1578546000,2020-01-09,191.71,192.7,190.68,191.94,1252054.0
1578632400,2020-01-10,193.16,193.42,191.835,192.36,786995.0
1578891600,2020-01-13,190.0,193.37,190.0,192.45,1578405.0
1578978000,2020-01-14,192.25,193.13,190.63,191.11,1328719.0
1579064400,2020-01-15,190.94,192.17,190.01,190.79,1584040.0
1579150800,2020-01-16,192.51,193.12,191.5,192.5,2366870.0
1579237200,2020-01-17,192.38,194.24,191.31,193.35,3071126.0
1579582800,2020-01-21,194.01,197.5497,193.695,195.84,1752953.0
1579669200,2020-01-22,197.47,198.72,194.6199,194.73,1239668.0
1579755600,2020-01-23,195.39,198.91,193.76,198.6,1933234.0
1579842000,2020-01-24,199.43,200.9,197.91,199.19,2602357.0
1580101200,2020-01-27,195.77,197.15,192.96,195.87,2066412.0
1580187600,2020-01-28,196.26,200.43,195.675,200.03,1415094.0
1580274000,2020-01-29,200.92,201.57,198.86,199.74,964111.0
1580360400,2020-01-30,198.42,200.84,196.98,198.99,1673043.0
1580446800,2020-01-31,198.77,199.32,193.31,196.85,1803973.0
1580706000,2020-02-03,197.86,199.94,197.7788,199.26,1019605.0
1580792400,2020-02-04,202.0,204.19,200.51,203.94,1273296.0
1580878800,2020-02-05,206.72,207.19,200.79,202.08,1520285.0
1580965200,2020-02-06,203.62,206.92,202.46,206.0,1408814.0
1581051600,2020-02-07,205.58,210.13,204.64,207.01,1502700.0
1581310800,2020-02-10,207.24,207.76,205.34,206.1,1817393.0
1581397200,2020-02-11,207.35,207.99,204.52,205.8,1371072.0
1581483600,2020-02-12,206.76,207.72,205.45,207.11,1403597.0
1581570000,2020-02-13,206.34,208.47,206.34,207.51,972444.0
1581656400,2020-02-14,208.09,209.2,207.24,208.95,1095799.0
1582002000,2020-02-18,209.47,209.82,206.9,207.06,1523758.0
1582088400,2020-02-19,209.33,211.175,208.64,210.76,1793777.0
1582174800,2020-02-20,210.44,211.58,205.07,206.67,1641721.0
1582261200,2020-02-21,205.0,206.27,199.85,201.91,2091512.0
1582520400,2020-02-24,195.56,197.29,192.43,194.37,2303069.0
1582606800,2020-02-25,196.47,197.4236,185.74,186.73,2488195.0
1582693200,2020-02-26,188.59,194.15,187.66,190.67,3090064.0
1582779600,2020-02-27,184.24,188.4851,180.07,180.65,2938259.0
1582866000,2020-02-28,176.57,191.36,175.0476,190.88,4797041.0
1583125200,2020-03-02,190.67,191.97,183.27,190.83,3000400.0
1583211600,2020-03-03,187.85,190.0,177.82,180.55,3004852.0
1583298000,2020-03-04,183.9,191.68,182.13,191.42,2481230.0
1583384400,2020-03-05,185.47,192.73,182.83,184.04,2660259.0
1583470800,2020-03-06,177.83,179.68,168.55,173.42,3590314.0
1583726400,2020-03-09,157.82,164.81,156.7141,160.05,3412677.0
1583812800,2020-03-10,165.6,166.5,157.1,164.48,3721494.0
1583899200,2020-03-11,159.55,161.75,152.36,154.4,3021693.0
1583985600,2020-03-12,143.79,148.5,135.7,136.0,5399101.0
1584072000,2020-03-13,146.0,158.17,138.45,158.03,4307045.0
1584331200,2020-03-16,140.9892,153.49,135.24,148.08,4387543.0
1584417600,2020-03-17,149.69,157.95,140.0501,154.92,4488879.0
1584504000,2020-03-18,145.22,154.38,125.38,141.82,5064935.0
1584590400,2020-03-19,141.45,152.27,134.98,149.23,4031778.0
1584676800,2020-03-20,151.46,156.06,145.38,148.02,5134596.0
1584936000,2020-03-23,147.81,151.84,138.1,144.14,3567441.0
1585022400,2020-03-24,151.25,153.4,141.43,149.96,2981790.0
1585108800,2020-03-25,149.4,154.97,142.32,149.99,2752103.0
1585195200,2020-03-26,150.85,163.15,150.645,160.88,3056496.0
1585281600,2020-03-27,155.83,156.62,140.3206,141.57,3258645.0
1585540800,2020-03-30,142.74,157.18,141.29,155.91,3584284.0
1585627200,2020-03-31,154.0,158.91,152.83,156.1,4949716.0
1585713600,2020-04-01,147.53,150.47,137.86,139.22,3511013.0
1585800000,2020-04-02,136.97,142.14,135.52,137.05,2884621.0
1585886400,2020-04-03,136.89,141.54,136.28,139.0,2542560.0
1586145600,2020-04-06,146.12,153.52,144.61,152.32,3048774.0
1586232000,2020-04-07,157.73,157.8,147.265,148.7,2253236.0
1586318400,2020-04-08,150.79,161.78,149.46,159.21,3464357.0
1586404800,2020-04-09,160.71,170.8078,160.17,164.9,3896741.0
1586750400,2020-04-13,162.37,163.985,156.91,160.92,2271371.0
1586836800,2020-04-14,165.17,174.76,164.0,172.22,2084910.0
1586923200,2020-04-15,168.57,172.54,167.44,169.14,2203303.0
1587009600,2020-04-16,171.46,173.49,168.12,171.0,1993605.0
1587096000,2020-04-17,176.08,182.0,173.97,180.94,2747580.0
1587355200,2020-04-20,178.19,181.52,176.44,177.87,1362027.0
1587441600,2020-04-21,175.96,177.16,166.86,170.02,2552632.0
1587528000,2020-04-22,176.05,177.33,173.36,175.37,1141604.0
1587614400,2020-04-23,172.99,178.98,172.2222,175.55,1754122.0
1587700800,2020-04-24,177.2643,180.97,174.19,180.35,1330515.0
1587960000,2020-04-27,182.24,186.56,182.24,182.51,2061249.0
1588046400,2020-04-28,185.53,185.79,176.27,177.31,1930533.0
1588132800,2020-04-29,180.61,189.86,180.0,187.9,1735435.0
1588219200,2020-04-30,187.0,189.55,185.14,187.0,2449808.0
1588305600,2020-05-01,179.22,181.54,172.22,174.9,2246088.0
1588564800,2020-05-04,174.78,179.33,173.13,177.8,1256583.0
1588651200,2020-05-05,179.57,184.87,179.275,180.49,1072653.0
1588737600,2020-05-06,182.23,185.075,179.66,181.23,1086457.0
1588824000,2020-05-07,182.93,186.46,180.81,184.0,1755358.0
1588910400,2020-05-08,186.0,187.1575,183.25,184.29,1108950.0
1589169600,2020-05-11,183.14,186.14,182.92,184.4,1215728.0
1589256000,2020-05-12,184.37,187.12,180.97,180.97,1205858.0
1589342400,2020-05-13,180.6,182.68,173.83,176.86,1274340.0
1589428800,2020-05-14,174.53,177.98,170.57,177.87,1331129.0
1589515200,2020-05-15,176.49,181.125,175.44,180.72,1193935.0
1589774400,2020-05-18,183.84,190.81,183.04,190.1,1627565.0
1589860800,2020-05-19,190.13,198.9,190.13,194.71,1685705.0
1589947200,2020-05-20,197.97,199.59,194.32,196.64,1166355.0
1590033600,2020-05-21,196.08,197.58,193.65,194.75,1421391.0
1590120000,2020-05-22,194.03,196.9,192.51,195.78,1655034.0
1590465600,2020-05-26,199.32,203.83,198.62,199.53,1898412.0
1590552000,2020-05-27,198.65,199.82,192.51,199.81,2368828.0
1590638400,2020-05-28,196.38,208.3,194.6,202.63,4027408.0
1590724800,2020-05-29,203.6,210.71,200.34,210.38,3439999.0
1590984000,2020-06-01,210.0,221.51,209.0588,219.29,2896701.0
1591070400,2020-06-02,218.93,221.0,212.11,219.09,2692183.0
1591156800,2020-06-03,220.75,227.39,219.17,226.39,2161866.0
1591243200,2020-06-04,225.0,227.365,223.29,225.2,2332599.0
1591329600,2020-06-05,224.67,234.54,223.0,233.71,2163274.0
1591588800,2020-06-08,231.14,236.47,230.46,233.51,2470550.0
1591675200,2020-06-09,232.49,237.8,231.45,234.15,2028954.0
1591761600,2020-06-10,235.59,240.245,233.46,236.59,2018522.0
1591848000,2020-06-11,233.0,233.47,218.95,219.1,3032785.0
1591934400,2020-06-12,227.95,228.1325,218.95,222.96,2006502.0
1592193600,2020-06-15,218.96,229.75,218.76,229.0,1722292.0
1592280000,2020-06-16,234.95,241.77,234.0,240.93,2545907.0
1592366400,2020-06-17,242.29,243.76,236.42,237.04,1229751.0
1592452800,2020-06-18,237.95,239.2,236.048,238.07,1384326.0
1592539200,2020-06-19,242.11,242.98,235.4949,237.82,2629398.0
1592798400,2020-06-22,236.71,241.13,236.0,240.88,1423163.0
1592884800,2020-06-23,242.91,247.14,241.455,241.62,1630635.0
1592971200,2020-06-24,240.29,242.6747,231.4382,233.44,2035221.0
1593057600,2020-06-25,233.5,234.81,228.37,234.47,2079323.0
1593144000,2020-06-26,234.93,236.71,230.66,232.74,1814675.0
1593403200,2020-06-29,232.53,233.93,227.755,232.17,1069770.0
1593489600,2020-06-30,232.95,239.95,231.2,239.19,1866873.0
1593576000,2020-07-01,239.94,242.67,237.8,241.22,1368997.0
1593662400,2020-07-02,242.51,244.4,239.18,240.15,1328718.0
1594008000,2020-07-06,243.32,248.35,243.07,244.36,1263872.0
1594094400,2020-07-07,243.12,245.6,238.8,238.94,1179694.0
1594180800,2020-07-08,241.64,244.0,239.42,243.9,1114862.0
1594267200,2020-07-09,250.3,251.39,242.07,248.2,1730355.0
1594353600,2020-07-10,248.22,248.89,243.0038,244.24,1250658.0
1594612800,2020-07-13,246.17,246.73,231.26,231.86,2200463.0
1594699200,2020-07-14,228.86,234.68,226.55,234.6,2725936.0
1594785600,2020-07-15,236.0,237.16,231.5,235.58,1227341.0
1594872000,2020-07-16,233.86,235.385,229.25,234.03,1195021.0
1594958400,2020-07-17,235.8,238.06,232.67,237.7,1247242.0
1595217600,2020-07-20,239.05,246.96,237.425,246.04,1194770.0
1595304000,2020-07-21,246.64,247.3,237.34,239.69,1103362.0
1595390400,2020-07-22,241.4,243.91,239.06,240.74,588024.0
1595476800,2020-07-23,241.29,245.16,235.73,237.34,1310289.0
1595563200,2020-07-24,234.14,236.03,230.24,232.88,1148043.0
1595822400,2020-07-27,234.96,239.97,233.31,239.69,810469.0
1595908800,2020-07-28,238.53,240.6,234.14,234.58,688520.0
1595995200,2020-07-29,236.58,240.12,236.58,238.61,552623.0
1596081600,2020-07-30,235.29,237.65,231.42,236.1,779355.0
1596168000,2020-07-31,238.36,238.36,231.5006,236.43,1312493.0
1596427200,2020-08-03,239.42,240.46,235.84,239.48,1415901.0
1596513600,2020-08-04,239.29,241.87,236.73,239.9,1041461.0
1596600000,2020-08-05,240.07,246.36,235.24,243.2,1394600.0
1596686400,2020-08-06,243.64,244.5,239.235,243.57,830648.0
1596772800,2020-08-07,242.47,242.47,233.2,236.24,1132407.0
1597032000,2020-08-10,236.4,236.9291,227.52,231.88,1401431.0
1597118400,2020-08-11,231.17,232.79,227.55,228.79,1026899.0
1597204800,2020-08-12,229.3,233.87,229.3,231.57,1018634.0
1597291200,2020-08-13,232.88,243.25,232.57,238.19,1311822.0
1597377600,2020-08-14,237.92,239.63,233.46,234.35,916602.0
1597636800,2020-08-17,236.3,239.35,235.652,239.0,1079055.0
1597723200,2020-08-18,241.94,246.3269,240.26,242.69,1595707.0
1597809600,2020-08-19,244.4,244.98,239.17,241.42,1375724.0
1597896000,2020-08-20,240.44,250.62,239.45,249.15,1186951.0
1597982400,2020-08-21,249.33,249.9323,245.27,248.27,1232974.0
1598241600,2020-08-24,250.1,253.47,249.655,251.8,1362351.0
1598328000,2020-08-25,249.02,254.35,246.4,252.24,1680190.0
1598414400,2020-08-26,246.66,253.26,237.19,248.21,3242833.0
1598500800,2020-08-27,250.19,250.19,241.74,243.11,1250743.0
1598587200,2020-08-28,244.85,250.5,244.85,247.39,1096209.0
1598846400,2020-08-31,246.33,247.98,242.55,245.7,1427332.0
1598932800,2020-09-01,247.99,253.7,244.67,253.51,1568608.0
1599019200,2020-09-02,255.48,261.94,254.15,261.35,2505987.0
1599105600,2020-09-03,256.81,256.81,239.23,242.09,2705512.0
1599192000,2020-09-04,240.53,244.435,228.18,233.88,2871941.0
1599537600,2020-09-08,224.16,230.19,223.915,224.36,2085318.0
1599624000,2020-09-09,227.61,234.975,225.586,232.78,2219345.0
1599710400,2020-09-10,234.0,239.01,226.95,228.2,2291151.0
1599796800,2020-09-11,228.18,231.335,223.27,227.48,1135292.0
1600056000,2020-09-14,231.03,232.895,228.23,229.83,1403166.0
1600142400,2020-09-15,231.48,240.05,231.09,235.87,2119921.0
1600228800,2020-09-16,236.41,237.59,230.33,230.76,1221090.0
1600315200,2020-09-17,225.5,227.5055,220.43,226.97,2040213.0
1600401600,2020-09-18,228.32,229.34,219.89,225.13,2683364.0
1600660800,2020-09-21,220.8,227.76,218.51,227.64,1380850.0
1600747200,2020-09-22,229.41,230.075,225.72,229.56,944229.0
1600833600,2020-09-23,228.6,230.3299,221.05,221.87,1084065.0
1600920000,2020-09-24,219.49,223.9,215.829,220.96,1254487.0
1601006400,2020-09-25,221.18,228.97,219.92,227.8,1199960.0
1601265600,2020-09-28,232.5,234.34,229.1,232.15,1173823.0
1601352000,2020-09-29,232.51,234.38,230.57,232.92,1036479.0
1601438400,2020-09-30,232.29,236.71,228.945,231.01,1811952.0
1601524800,2020-10-01,232.76,238.61,232.75,233.96,1585295.0
1601611200,2020-10-02,228.77,231.14,223.51,225.56,1404486.0
1601870400,2020-10-05,226.86,230.13,225.04,228.93,1051060.0
1601956800,2020-10-06,228.32,231.57,226.5,228.01,1107071.0
1602043200,2020-10-07,229.31,234.21,229.31,233.01,1182072.0
1602129600,2020-10-08,237.23,238.0,232.26,234.31,1540138.0
1602216000,2020-10-09,234.38,238.14,233.32,237.5,1918851.0
1602475200,2020-10-12,243.46,246.12,239.92,242.12,2214532.0
1602561600,2020-10-13,242.75,247.87,242.39,244.09,1551443.0
1602648000,2020-10-14,246.88,250.74,244.53,246.7,1536194.0
1602734400,2020-10-15,244.0,253.96,242.12,252.03,2768020.0
1602820800,2020-10-16,253.21,261.45,253.17,259.97,2530836.0
1603080000,2020-10-19,262.67,268.44,258.59,259.94,2551425.0
1603166400,2020-10-20,261.41,262.58,257.17,257.34,1828410.0
1603252800,2020-10-21,257.39,259.69,253.1,254.01,973456.0
1603339200,2020-10-22,254.52,255.64,247.02,252.76,1112423.0
1603425600,2020-10-23,253.27,254.65,249.9,254.42,710234.0
1603684800,2020-10-26,251.59,254.65,246.4,249.13,1363938.0
1603771200,2020-10-27,251.01,253.8715,250.265,250.6,1338278.0
1603857600,2020-10-28,246.21,246.375,236.7007,237.62,1526828.0
1603944000,2020-10-29,238.33,245.72,238.11,242.84,1212664.0
1604030400,2020-10-30,240.13,241.5,233.32,235.54,1736565.0
1604293200,2020-11-02,237.2025,242.57,236.21,240.74,1875679.0
1604379600,2020-11-03,244.38,250.46,241.84,248.31,1144497.0
1604466000,2020-11-04,257.41,257.83,241.46,245.89,3001235.0
1604552400,2020-11-05,254.26,260.5,252.35,255.92,1692914.0
1604638800,2020-11-06,255.38,261.6,253.25,259.41,938805.0
1604898000,2020-11-09,274.24,276.68,262.26,262.61,2671104.0
1604984400,2020-11-10,259.38,259.98,245.88,247.22,1836134.0
1605070800,2020-11-11,252.8394,257.41,244.2982,246.79,2229315.0
1605157200,2020-11-12,247.98,253.03,244.69,245.71,1118602.0
1605243600,2020-11-13,254.4,256.91,248.6328,251.0,1786701.0
1605502800,2020-11-16,249.37,251.56,246.86,248.79,1243827.0
1605589200,2020-11-17,249.24,253.67,247.62,252.71,1175824.0
1605675600,2020-11-18,252.39,255.13,250.53,252.22,1035477.0
1605762000,2020-11-19,250.24,259.659,250.24,256.88,1236893.0
1605848400,2020-11-20,256.73,260.6,254.09,254.89,1684171.0
1606107600,2020-11-23,255.57,257.95,251.6,256.99,1518270.0
1606194000,2020-11-24,257.72,260.89,256.6001,258.97,1742557.0
1606280400,2020-11-25,260.99,282.4929,260.01,271.24,3299454.0
1606453200,2020-11-27,272.19,276.48,270.51,272.81,982567.0
1606712400,2020-11-30,275.0,281.35,272.2101,280.23,3689983.0
1606798800,2020-12-01,281.87,282.0,275.16,279.11,1964840.0
1606885200,2020-12-02,277.99,279.155,273.76,277.06,1552078.0
1606971600,2020-12-03,276.0,279.79,275.71,277.29,1949802.0
1607058000,2020-12-04,277.29,281.7807,276.975,278.0,1825022.0
1607317200,2020-12-07,278.18,282.2664,278.0,280.8,1555349.0
1607403600,2020-12-08,281.69,286.24,280.31,284.38,1041980.0
1607490000,2020-12-09,288.97,289.45,278.07,279.42,1642401.0
1607576400,2020-12-10,278.14,282.18,274.24,281.16,1309932.0
1607662800,2020-12-11,280.25,280.49,275.376,279.68,1418803.0
1607922000,2020-12-14,281.57,293.4799,280.05,288.33,1898817.0
1608008400,2020-12-15,288.2,290.66,287.07,287.53,1156420.0
1608094800,2020-12-16,288.74,293.1,288.74,292.17,1256146.0
1608181200,2020-12-17,294.65,297.76,292.38,297.35,1266379.0
1608267600,2020-12-18,299.83,305.95,298.73,305.0,3812281.0
1608526800,2020-12-21,302.84,303.99,296.7,300.88,1571187.0
1608613200,2020-12-22,303.3139,304.3,300.0,303.86,1453855.0
1608699600,2020-12-23,305.65,307.22,300.0,300.18,818553.0
1608786000,2020-12-24,300.4,302.76,298.7689,301.39,351888.0
1609131600,2020-12-28,304.25,305.44,298.02,299.65,783154.0
1609218000,2020-12-29,300.0,301.73,296.03,298.11,748452.0
1609304400,2020-12-30,300.25,301.51,297.94,299.41,583397.0
1609390800,2020-12-31,299.0,305.85,299.0,305.34,1123124.0
1609736400,2021-01-04,304.11,307.83,293.05,296.84,1606646.0
1609822800,2021-01-05,297.84,302.511,296.54,301.7,1762577.0
1609909200,2021-01-06,294.1469,309.95,294.1271,302.87,1750330.0
1609995600,2021-01-07,305.45,316.45,305.01,315.2,1740510.0
1610082000,2021-01-08,316.41,320.4339,315.0762,319.85,1366754.0
1610341200,2021-01-11,317.43,319.84,313.75,317.81,1356155.0
1610427600,2021-01-12,320.0,320.94,317.11,320.13,988162.0
1610514000,2021-01-13,320.75,321.13,313.07,314.33,1297301.0
1610600400,2021-01-14,314.08,316.11,310.06,311.11,1423186.0
1610686800,2021-01-15,311.74,316.35,308.03,308.51,1486110.0
1611032400,2021-01-19,314.83,315.47,310.25,310.97,1680804.0
1611118800,2021-01-20,311.52,315.26,307.42,308.58,1996364.0
1611205200,2021-01-21,309.0,309.96,305.34,306.46,2150106.0
1611291600,2021-01-22,303.0,306.5,296.505,299.17,2738146.0
1611550800,2021-01-25,301.76,302.49,289.52,293.64,2846410.0
1611637200,2021-01-26,294.0,295.94,291.32,291.75,2244497.0
1611723600,2021-01-27,285.32,285.32,272.6974,273.47,2918447.0
1611810000,2021-01-28,277.16,289.4,276.7,284.22,1892580.0
1611896400,2021-01-29,281.68,283.63,274.6301,277.43,1814736.0
1612155600,2021-02-01,280.41,287.73,279.33,286.32,1304454.0
1612242000,2021-02-02,288.62,296.765,288.62,294.61,1275736.0
1612328400,2021-02-03,294.45,295.94,292.73,292.85,970118.0
1612414800,2021-02-04,294.36,300.67,291.72,300.49,1057758.0
1612501200,2021-02-05,302.9916,307.86,301.88,305.86,1211545.0
1612760400,2021-02-08,308.33,310.07,302.12,302.81,1047049.0
1612846800,2021-02-09,308.15,308.15,302.77,304.5,1487737.0
1612933200,2021-02-10,305.56,306.2,299.65,301.71,1287687.0
1613019600,2021-02-11,304.49,305.48,298.32,300.21,1745531.0
1613106000,2021-02-12,297.93,305.5,295.32,305.14,1668152.0
1613451600,2021-02-16,307.95,316.3097,307.296,308.22,1688424.0
1613538000,2021-02-17,306.1,307.185,296.44,302.52,1002114.0
1613624400,2021-02-18,299.0,301.78,292.855,300.72,1377359.0
1613710800,2021-02-19,299.0,301.78,292.855,300.72,1377359.0
1613970000,2021-02-22,301.46,303.15,297.665,297.7,1083409.0
1614056400,2021-02-23,292.41,293.52,284.56,290.25,1635790.0
1614142800,2021-02-24,281.33,299.155,280.6247,298.91,1555085.0
1614229200,2021-02-25,294.81,298.77,282.245,284.03,1638460.0
1614315600,2021-02-26,283.45,291.98,274.82,276.0,2865884.0
1614574800,2021-03-01,279.86,284.72,278.07,284.27,2045518.0
1614661200,2021-03-02,285.55,286.9,277.33,277.92,1411226.0
1614747600,2021-03-03,275.7,276.82,267.04,269.3,1614376.0
1614834000,2021-03-04,266.8,273.28,263.02,265.44,2000953.0
1614920400,2021-03-05,270.33,270.33,255.02,267.39,2022810.0
1615179600,2021-03-08,265.21,268.28,252.6,253.1,1790114.0
1615266000,2021-03-09,262.24,266.43,260.03,263.97,2965009.0
1615352400,2021-03-10,269.76,271.75,262.32,263.64,1547758.0
1615438800,2021-03-11,270.92,276.0,269.015,274.36,2192340.0
1615525200,2021-03-12,270.07,272.0,264.4,268.11,1041911.0
1615780800,2021-03-15,267.98,273.75,266.3,273.02,982758.0
1615867200,2021-03-16,275.21,277.7,272.01,275.01,1142081.0
1615953600,2021-03-17,272.02,275.31,265.09,272.84,1221991.0
1616040000,2021-03-18,265.56,271.0,263.14,263.44,1508695.0
1616126400,2021-03-19,261.79,265.215,258.85,261.5,2962611.0
1616385600,2021-03-22,261.685,269.29,261.03,265.96,2065496.0
1616472000,2021-03-23,268.91,274.83,267.01,269.0,1439092.0
1616558400,2021-03-24,270.0,270.97,262.97,263.18,1365523.0
1616644800,2021-03-25,262.21,263.34,257.315,262.19,1020397.0
1616731200,2021-03-26,261.35,269.22,260.88,269.01,1809008.0
1616990400,2021-03-29,266.97,273.1,265.5,270.78,1435562.0
1617076800,2021-03-30,268.18,271.9,264.47,268.43,1013949.0
1617163200,2021-03-31,269.79,279.66,269.65,277.15,1962591.0
1617249600,2021-04-01,277.84,285.64,277.84,283.9,1670470.0
1617595200,2021-04-05,285.74,289.42,284.2857,288.32,1069553.0
1617681600,2021-04-06,286.86,288.63,284.6475,285.5,1083219.0
1617768000,2021-04-07,286.83,287.59,283.24,286.12,826828.0
1617854400,2021-04-08,290.0,297.76,288.645,293.43,1357257.0
1617940800,2021-04-09,292.56,297.9,290.38,297.57,1213063.0
1618200000,2021-04-12,294.0,296.25,293.0,294.5,1399865.0
1618286400,2021-04-13,295.34,298.66,293.12,295.35,1025925.0
1618372800,2021-04-14,297.24,301.41,293.79,294.35,895848.0
1618459200,2021-04-15,299.78,303.69,298.22,298.86,1115264.0
1618545600,2021-04-16,300.18,301.355,296.58,300.16,918519.0
1618804800,2021-04-19,297.27,299.46,288.85,290.2,950023.0
1618891200,2021-04-20,288.16,289.05,282.82,286.36,980451.0
1618977600,2021-04-21,285.76,289.73,284.15,288.87,899331.0
1619064000,2021-04-22,287.54,292.24,285.72,288.0,1822934.0
1619150400,2021-04-23,289.47,296.57,289.12,295.27,1233943.0
1619409600,2021-04-26,294.67,300.76,294.4,299.34,934185.0
1619496000,2021-04-27,299.41,299.97,294.25,297.87,919622.0
1619582400,2021-04-28,298.07,299.56,296.18,299.23,1072726.0
1619668800,2021-04-29,301.5,301.5,293.79,296.28,1007654.0
1619755200,2021-04-30,294.55,295.47,290.5,291.91,884554.0
1620014400,2021-05-03,292.99,293.5,286.07,287.5,716629.0
1620100800,2021-05-04,284.23,284.23,274.5,279.73,1210683.0
1620187200,2021-05-05,280.21,282.0,277.68,281.08,944216.0
1620273600,2021-05-06,280.49,284.72,277.79,284.35,1139471.0
1620360000,2021-05-07,285.66,292.6448,283.9,285.76,898706.0
1620619200,2021-05-10,285.89,286.0,275.88,276.05,957190.0
1620705600,2021-05-11,269.0,280.555,265.75,277.42,1024504.0
1620792000,2021-05-12,271.95,275.09,267.34,269.54,1133842.0
1620878400,2021-05-13,270.94,273.7,267.22,269.72,1298595.0
1620964800,2021-05-14,272.52,278.82,270.16,277.63,1163787.0
1621224000,2021-05-17,275.0,275.61,270.35,274.78,857973.0
1621310400,2021-05-18,276.35,276.9791,272.56,272.75,909878.0
1621396800,2021-05-19,267.63,274.71,266.7901,273.97,923692.0
1621483200,2021-05-20,275.21,282.97,275.21,281.16,1093391.0
1621569600,2021-05-21,283.63,285.0,279.33,281.68,1160224.0
1621828800,2021-05-24,285.29,288.515,283.83,287.48,1043393.0
1621915200,2021-05-25,288.28,291.48,287.06,289.47,1302428.0
1622001600,2021-05-26,288.72,293.49,288.09,292.51,1422206.0
1622088000,2021-05-27,290.25,291.17,284.795,286.67,3068827.0
1622174400,2021-05-28,287.0,291.5,282.15,285.86,2133748.0
1622520000,2021-06-01,287.0,287.41,280.01,281.3,1338128.0
1622606400,2021-06-02,280.84,284.0,278.35,279.67,1032241.0
1622692800,2021-06-03,276.15,278.67,271.7,274.47,1586267.0
1622779200,2021-06-04,277.97,285.33,275.859,284.78,1278954.0
1623038400,2021-06-07,283.97,283.97,276.11,278.89,1559543.0
1623124800,2021-06-08,281.99,283.39,278.255,278.66,915114.0
1623211200,2021-06-09,280.99,280.99,275.205,275.5,1370845.0
1623297600,2021-06-10,275.31,280.105,274.3373,277.5,1586431.0
1623384000,2021-06-11,278.5,281.36,277.13,277.51,1104021.0
1623643200,2021-06-14,278.29,281.28,276.76,280.52,1340814.0
1623729600,2021-06-15,281.26,281.715,275.97,276.76,1335877.0
1623816000,2021-06-16,277.0,278.315,271.25,273.71,1333192.0
1623902400,2021-06-17,272.16,278.8,271.1506,276.34,2017911.0
1623988800,2021-06-18,275.52,281.13,275.01,277.98,2140323.0
1624248000,2021-06-21,278.47,283.5,275.8672,283.22,1329274.0
1624334400,2021-06-22,283.46,286.41,282.7873,286.07,1011126.0
1624420800,2021-06-23,286.61,286.65,282.68,283.67,1013965.0
1624507200,2021-06-24,286.71,289.1,285.88,286.96,908722.0
1624593600,2021-06-25,288.86,289.895,285.6018,288.74,2441704.0
1624852800,2021-06-28,290.22,295.0,289.27,293.36,1139468.0
1624939200,2021-06-29,292.36,298.14,290.13,297.74,1309738.0
1625025600,2021-06-30,296.67,296.8702,290.93,291.9,1134068.0
1625112000,2021-07-01,291.78,295.22,290.61,293.7,869065.0
1625198400,2021-07-02,295.03,298.31,295.03,297.74,808488.0
1625544000,2021-07-06,298.19,301.0,294.12,295.6,1618803.0
1625630400,2021-07-07,296.6506,299.205,293.46,296.11,1125314.0
1625716800,2021-07-08,292.3,296.13,290.04,294.47,1292120.0
1625803200,2021-07-09,294.03,296.96,290.49,295.38,1174843.0
1626062400,2021-07-12,297.62,298.7,290.31,291.93,995739.0
1626148800,2021-07-13,292.44,297.22,290.93,296.42,1203504.0
1626235200,2021-07-14,298.5,300.725,296.14,297.1,1186863.0
1626321600,2021-07-15,297.48,298.0,292.0552,294.79,963822.0
1626408000,2021-07-16,296.78,297.63,293.08,293.33,836144.0
1626667200,2021-07-19,289.58,290.0,284.42,287.31,1175808.0
1626753600,2021-07-20,287.9,298.635,285.92,296.12,1337642.0
1626840000,2021-07-21,294.82,302.1074,294.42,301.78,975775.0
1626926400,2021-07-22,302.87,309.33,302.05,308.51,1195429.0
1627012800,2021-07-23,310.19,314.92,309.3,312.65,1184335.0
1627272000,2021-07-26,312.0,313.96,309.81,313.62,1019108.0
1627358400,2021-07-27,314.04,314.37,304.31,308.25,1186513.0
1627444800,2021-07-28,309.41,314.0925,306.07,313.13,1162624.0
1627531200,2021-07-29,313.68,322.68,312.68,320.5,1610494.0
1627617600,2021-07-30,318.3,321.725,317.005,321.13,1467587.0
1627876800,2021-08-02,321.41,324.13,319.15,322.07,983590.0
1627963200,2021-08-03,323.03,328.19,320.85,327.61,1138945.0
1628049600,2021-08-04,328.0,331.12,326.0224,329.09,1454844.0
1628136000,2021-08-05,331.1,331.5,326.75,328.82,1455421.0
1628222400,2021-08-06,327.46,334.06,326.67,332.77,983376.0
1628481600,2021-08-09,333.175,333.88,330.29,332.77,827301.0
1628568000,2021-08-10,333.0,335.67,328.77,331.28,951267.0
1628654400,2021-08-11,332.0,333.57,325.35,328.64,1153481.0
1628740800,2021-08-12,327.4,332.415,325.58,332.05,972936.0
1628827200,2021-08-13,333.94,334.0,330.25,332.78,865180.0
1629086400,2021-08-16,332.31,332.67,326.65,330.18,1020985.0
1629172800,2021-08-17,328.56,328.89,322.58,324.7,1185619.0
1629259200,2021-08-18,323.57,326.06,322.23,323.52,1007249.0
1629345600,2021-08-19,322.7,332.37,322.46,330.35,1327469.0
1629432000,2021-08-20,331.65,335.27,330.55,334.38,1031768.0
1629691200,2021-08-23,336.0,338.275,334.02,336.76,1365649.0
1629777600,2021-08-24,338.98,344.39,338.48,341.07,1109674.0
1629864000,2021-08-25,342.52,343.56,339.33,342.27,1594293.0
1629950400,2021-08-26,317.7,324.0,308.025,310.19,5650516.0
1630036800,2021-08-27,314.23,318.23,310.15,315.64,2006484.0
1630296000,2021-08-30,316.94,318.72,310.16,313.39,1553951.0
1630382400,2021-08-31,313.13,314.29,309.11,310.09,1845092.0
1630468800,2021-09-01,311.8,315.46,300.79,303.24,3223903.0
1630555200,2021-09-02,306.5,306.84,285.35,287.47,5747737.0
1630641600,2021-09-03,286.7,293.0,284.5,288.75,1997265.0
1630987200,2021-09-07,290.76,290.89,284.475,287.46,2410554.0
1631073600,2021-09-08,286.45,289.81,284.7955,289.56,1663866.0
1631160000,2021-09-09,289.81,292.5,285.7,287.68,1540621.0
1631246400,2021-09-10,288.66,290.59,284.11,284.43,1699849.0
1631505600,2021-09-13,284.51,286.29,278.46,281.28,1647815.0
1631592000,2021-09-14,282.19,282.93,278.6,279.35,1399510.0
1631678400,2021-09-15,280.58,287.3,278.56,286.62,1550970.0
1631764800,2021-09-16,287.11,291.21,285.22,290.68,1538490.0
1631851200,2021-09-17,290.87,292.2,286.54,288.15,2656301.0
1632110400,2021-09-20,282.52,286.66,279.84,283.6,1331864.0
1632196800,2021-09-21,285.72,286.17,282.09,283.19,799819.0
1632283200,2021-09-22,283.88,288.78,283.6597,286.42,1173625.0
1632369600,2021-09-23,287.86,293.32,287.4,292.16,1161670.0
1632456000,2021-09-24,290.495,295.34,290.495,294.67,1167029.0
1632715200,2021-09-27,294.0,295.29,289.34,294.06,1796796.0
1632801600,2021-09-28,288.64,291.59,283.745,287.85,2040639.0
1632888000,2021-09-29,290.42,292.88,286.9,287.99,1327564.0
1632974400,2021-09-30,290.33,292.57,284.96,285.17,1849625.0
1633060800,2021-10-01,283.8,286.51,279.79,284.06,1459863.0
1633320000,2021-10-04,282.87,283.99,271.09,272.93,1946122.0
1633406400,2021-10-05,274.93,278.85,274.35,275.98,1131604.0
1633492800,2021-10-06,272.95,278.66,271.75,277.42,1054731.0
1633579200,2021-10-07,280.13,285.4425,280.13,283.02,1055033.0
1633665600,2021-10-08,284.045,284.36,278.73,278.94,877241.0
1633924800,2021-10-11,276.65,280.3,276.41,276.54,792366.0
1634011200,2021-10-12,275.3,278.38,275.105,275.91,1290474.0
1634097600,2021-10-13,278.67,284.48,278.67,283.45,984364.0
1634184000,2021-10-14,286.85,289.94,286.01,289.17,885533.0
1634270400,2021-10-15,290.8064,291.88,289.35,291.19,1133579.0
1634529600,2021-10-18,290.21,293.05,289.36,292.67,918148.0
1634616000,2021-10-19,294.54,297.55,292.34,296.69,961191.0
1634702400,2021-10-20,297.81,299.19,295.39,298.64,1031226.0
1634788800,2021-10-21,298.25,306.35,298.11,305.68,1232745.0
1634875200,2021-10-22,306.0,312.48,305.68,308.58,1253514.0
1635134400,2021-10-25,308.69,313.45,307.27,311.79,1027332.0
1635220800,2021-10-26,312.26,315.0,311.95,312.8,1077507.0
1635307200,2021-10-27,313.37,314.98,307.53,308.51,1040522.0
1635393600,2021-10-28,309.22,317.63,308.6989,317.1,1037302.0
1635480000,2021-10-29,315.53,318.74,313.71,317.61,1269695.0
1635739200,2021-11-01,318.5,319.74,313.1769,315.01,789179.0
1635825600,2021-11-02,315.31,317.73,312.77,314.92,1242955.0
1635912000,2021-11-03,313.71,314.245,302.01,308.37,1570187.0
1635998400,2021-11-04,308.86,319.72,308.38,318.97,1086442.0
1636084800,2021-11-05,320.0,325.64,319.62,324.52,1452658.0
1636347600,2021-11-08,327.15,330.25,325.02,329.07,1040967.0
1636434000,2021-11-09,328.415,334.51,327.9,329.4,1232948.0
1636520400,2021-11-10,328.87,330.3,319.29,320.53,1290667.0
1636606800,2021-11-11,323.08,327.79,322.0256,325.21,813935.0
1636693200,2021-11-12,327.25,331.62,326.27,329.32,804391.0
1636952400,2021-11-15,330.74,332.46,325.09,326.39,996209.0
1637038800,2021-11-16,326.0,334.195,325.24,333.64,1270266.0
1637125200,2021-11-17,334.8,335.48,328.54,330.55,1521737.0
1637211600,2021-11-18,330.96,331.77,320.98,322.18,1329454.0
1637298000,2021-11-19,325.58,327.14,321.64,322.52,1553639.0
1637557200,2021-11-22,324.5,325.21,310.45,310.48,1481176.0
1637643600,2021-11-23,308.98,310.7,297.73,304.0,2441430.0
1637730000,2021-11-24,262.88,268.35,245.05,256.9,11250252.0
1637902800,2021-11-26,258.18,260.0,252.62,254.17,2335775.0
1638162000,2021-11-29,257.21,266.43,254.02,261.15,3432847.0
1638248400,2021-11-30,261.74,263.0,252.49,254.19,3600973.0
1638334800,2021-12-01,260.86,265.32,249.41,249.68,2466324.0
1638421200,2021-12-02,252.7425,258.54,250.81,257.66,2683487.0
1638507600,2021-12-03,259.61,263.49,253.05,259.02,2655956.0
1638766800,2021-12-06,259.53,267.84,254.16,265.56,2456576.0
1638853200,2021-12-07,270.59,278.55,267.28,276.7,2993464.0
1638939600,2021-12-08,277.39,278.64,273.475,276.29,2054833.0
1639026000,2021-12-09,275.48,279.9999,267.52,267.67,1758866.0
1639112400,2021-12-10,271.02,274.2284,267.68,269.0,1397465.0
1639371600,2021-12-13,267.89,273.625,265.585,268.88,1550707.0
1639458000,2021-12-14,262.8351,268.79,260.945,263.22,1316208.0
1639544400,2021-12-15,262.68,272.07,262.67,271.73,2215449.0
1639630800,2021-12-16,273.4,277.525,268.44,269.61,2212602.0
1639717200,2021-12-17,269.75,279.7,267.836,277.65,3784034.0
1639976400,2021-12-20,270.0,276.82,268.04,275.12,1852291.0
1640062800,2021-12-21,278.94,282.12,272.99,280.42,1233103.0
1640149200,2021-12-22,280.65,284.515,279.0,282.61,1107773.0
1640235600,2021-12-23,282.13,283.52,280.2,280.99,1242662.0
1640581200,2021-12-27,282.99,285.3799,281.26,284.3,817961.0
1640667600,2021-12-28,285.0,285.37,281.61,282.77,765975.0
1640754000,2021-12-29,282.77,283.39,279.26,282.57,631442.0
1640840400,2021-12-30,282.734,285.01,281.23,281.71,784665.0
1640926800,2021-12-31,281.71,283.925,280.34,281.19,768919.0
1641186000,2022-01-03,280.73,284.96,275.66,283.72,1238200.0
1641272400,2022-01-04,283.15,284.87,273.04,278.19,1548981.0
1641358800,2022-01-05,276.51,278.07,263.81,264.32,1702178.0
1641445200,2022-01-06,261.94,266.07,259.94,264.11,1833665.0
1641531600,2022-01-07,262.5,266.64,258.49,262.32,1318867.0
1641790800,2022-01-10,256.54,262.73,250.6,262.39,1849689.0
1641877200,2022-01-11,260.47,271.99,260.0,270.63,1520766.0
1641963600,2022-01-12,271.26,274.945,265.29,269.6,1322801.0
1642050000,2022-01-13,271.81,273.31,259.59,260.17,1451814.0
1642136400,2022-01-14,258.08,261.37,251.136,259.1,2009942.0
1642482000,2022-01-18,253.9,257.99,251.2,252.03,1838597.0
1642568400,2022-01-19,253.88,259.5,252.835,254.35,1748981.0
1642654800,2022-01-20,258.9,262.4873,252.14,252.41,2043008.0
1642741200,2022-01-21,250.22,250.61,238.82,239.19,3168952.0
1643000400,2022-01-24,234.25,246.29,229.615,245.35,3912257.0
1643086800,2022-01-25,240.02,240.94,230.93,233.78,3040061.0
1643173200,2022-01-26,237.1,242.55,230.86,233.28,2187745.0
1643259600,2022-01-27,235.61,239.75,228.07,228.66,1690590.0
1643346000,2022-01-28,229.61,239.78,226.4,239.54,2143566.0
1643605200,2022-01-31,239.71,249.91,239.29,249.79,1654956.0
1643691600,2022-02-01,250.8894,250.96,244.56,249.77,1620265.0
1643778000,2022-02-02,250.93,252.34,245.8596,248.0,1545657.0
1643864400,2022-02-03,242.45,245.835,236.81,237.76,1757751.0
1643950800,2022-02-04,235.515,244.6542,235.51,241.24,1630028.0
1644210000,2022-02-07,242.54,245.42,239.47,240.48,1490555.0
1644296400,2022-02-08,240.19,242.2572,237.0,241.1,1766731.0
1644382800,2022-02-09,244.35,251.42,244.2033,251.34,1583290.0
1644469200,2022-02-10,242.68,248.03,236.49,238.52,2230015.0
1644555600,2022-02-11,239.77,241.08,226.61,227.13,2038723.0
1644814800,2022-02-14,227.66,231.33,223.81,226.9,1872687.0
1644901200,2022-02-15,229.94,234.41,227.69,233.38,1547521.0
1644987600,2022-02-16,232.73,234.82,227.27,233.74,1508597.0
1645074000,2022-02-17,231.3,231.79,222.185,223.39,2447638.0
1645160400,2022-02-18,224.49,228.105,216.19,216.84,3019707.0
1645506000,2022-02-22,216.5,219.79,215.0,215.65,3586556.0
1645592400,2022-02-23,217.74,218.9,208.7394,209.02,3049531.0
1645678800,2022-02-24,204.13,218.34,199.6317,218.18,4746914.0
1645765200,2022-02-25,218.18,226.71,212.73,219.62,3055140.0
1646024400,2022-02-28,218.19,221.63,216.46,220.23,2293159.0
1646110800,2022-03-01,220.94,222.62,213.3,214.0,2167748.0
1646197200,2022-03-02,216.34,218.16,209.52,216.51,1915665.0
1646283600,2022-03-03,219.45,219.45,208.56,210.0,1912795.0
1646370000,2022-03-04,209.0,212.35,206.52,207.66,2175757.0
1646629200,2022-03-07,207.9,209.69,199.02,199.09,2179127.0
1646715600,2022-03-08,197.7,202.57,192.34,195.95,2184335.0
1646802000,2022-03-09,202.71,207.755,200.98,204.88,1879044.0
1646888400,2022-03-10,199.88,203.07,198.04,199.79,1669103.0
1646974800,2022-03-11,198.26,200.6258,192.11,192.31,2295878.0
1647230400,2022-03-14,192.31,194.165,186.29,188.7,2391511.0
1647316800,2022-03-15,190.36,193.715,188.9916,192.43,1956162.0
1647403200,2022-03-16,195.97,204.63,195.36,204.5,2676870.0
1647489600,2022-03-17,204.05,212.22,202.37,211.65,2485795.0
1647576000,2022-03-18,210.0,215.31,209.85,213.3,3542761.0
1647835200,2022-03-21,211.73,213.84,208.06,212.38,1859532.0
1647921600,2022-03-22,211.98,218.87,211.02,216.66,1707835.0
1648008000,2022-03-23,213.76,214.97,206.325,207.34,2670381.0
1648094400,2022-03-24,208.9,213.08,204.58,213.05,2716199.0
1648180800,2022-03-25,213.26,214.74,207.755,212.14,1610596.0
1648440000,2022-03-28,212.87,216.09,211.45,215.41,2031422.0
1648526400,2022-03-29,219.545,223.45,217.955,223.0,2054184.0
1648612800,2022-03-30,218.62,223.81,218.28,221.0,1996425.0
1648699200,2022-03-31,219.42,221.71,214.19,214.35,2351448.0
1648785600,2022-04-01,215.62,217.23,210.56,213.04,1545504.0
1649044800,2022-04-04,213.88,220.41,213.75,218.77,1278669.0
1649131200,2022-04-05,218.16,218.58,210.68,211.55,1620928.0
1649217600,2022-04-06,207.23,208.9784,202.58,203.94,2154047.0
1649304000,2022-04-07,202.43,206.86,201.52,204.77,1522436.0
1649390400,2022-04-08,201.94,205.47,198.2,202.25,1438700.0
1649649600,2022-04-11,198.41,202.085,197.65,199.03,1472264.0
1649736000,2022-04-12,203.4,206.23,195.24,196.14,1516169.0
1649822400,2022-04-13,196.0,202.19,195.34,201.74,1338524.0
1649908800,2022-04-14,202.97,203.17,196.22,196.73,1389472.0
1650254400,2022-04-18,195.09,198.7,193.64,196.54,1270622.0
1650340800,2022-04-19,194.35,205.735,194.35,203.8,1963378.0
1650427200,2022-04-20,205.86,207.0475,201.72,201.92,1375184.0
1650513600,2022-04-21,204.92,209.0,193.98,195.13,1702588.0
1650600000,2022-04-22,194.57,195.62,187.07,187.31,1922806.0
1650859200,2022-04-25,186.65,191.54,185.546,191.15,1935315.0
1650945600,2022-04-26,189.33,190.0,183.84,185.59,1785633.0
1651032000,2022-04-27,185.59,189.68,180.19,180.47,2150267.0
1651118400,2022-04-28,185.25,198.04,184.95,195.84,2333862.0
1651204800,2022-04-29,193.71,196.6,188.76,189.28,1696586.0
1651464000,2022-05-02,189.23,193.28,186.76,192.9,1900361.0
1651550400,2022-05-03,192.36,194.16,188.89,193.22,1843835.0
1651636800,2022-05-04,193.7,204.1,191.58,203.75,2189946.0
1651723200,2022-05-05,203.78,204.79,195.61,198.39,3917415.0
1651809600,2022-05-06,196.39,197.65,187.105,193.77,3132012.0
1652068800,2022-05-09,189.33,191.91,185.03,186.32,3256175.0
1652155200,2022-05-10,193.3,194.32,181.17,186.41,3065644.0
1652241600,2022-05-11,183.51,191.83,179.7525,180.68,2588629.0
1652328000,2022-05-12,177.48,186.64,175.41,185.05,2755478.0
1652414400,2022-05-13,187.12,197.5,186.56,197.07,1956494.0
1652673600,2022-05-16,194.45,196.38,191.66,192.58,1358358.0
1652760000,2022-05-17,197.0,198.99,189.54,195.64,1608901.0
1652846400,2022-05-18,192.09,193.945,186.395,187.98,1297253.0
1652932800,2022-05-19,187.4,196.815,186.2798,193.72,1714590.0
1653019200,2022-05-20,196.21,197.97,185.575,191.41,2502205.0
1653278400,2022-05-23,182.945,184.88,173.9,183.51,4015762.0
1653364800,2022-05-24,181.48,182.93,176.43,179.55,2589764.0
1653451200,2022-05-25,180.12,187.655,178.6,186.53,2048401.0
1653537600,2022-05-26,187.38,193.56,185.42,191.63,2489884.0
1653624000,2022-05-27,204.0,211.85,201.0,211.38,3266868.0
1653969600,2022-05-31,209.69,210.025,204.06,207.75,3040309.0
1654056000,2022-06-01,210.0,212.79,205.79,207.38,1598489.0
1654142400,2022-06-02,207.22,214.24,206.73,214.09,1713530.0
1654228800,2022-06-03,210.08,210.85,206.31,208.37,1285042.0
1654488000,2022-06-06,211.27,212.29,207.4694,208.6,1004641.0
1654574400,2022-06-07,206.51,211.13,205.1,207.17,1398488.0
1654660800,2022-06-08,206.32,207.59,203.35,203.73,996188.0
1654747200,2022-06-09,202.77,203.19,194.96,195.06,1122747.0
1654833600,2022-06-10,189.84,190.7,184.45,187.08,1950036.0
1655092800,2022-06-13,179.61,182.28,172.16,173.1,2207865.0
1655179200,2022-06-14,174.4,175.39,170.06,171.59,1801116.0
1655265600,2022-06-15,174.57,180.27,171.67,176.71,2088589.0
1655352000,2022-06-16,171.03,171.62,163.2,164.31,2439336.0
1655438400,2022-06-17,164.39,169.8102,164.39,167.77,4494173.0
1655784000,2022-06-21,170.09,172.545,166.27,166.88,1710544.0
1655870400,2022-06-22,166.08,171.13,165.01,169.15,1909171.0
1655956800,2022-06-23,173.14,183.87,171.95,183.41,2909388.0
1656043200,2022-06-24,184.32,192.99,183.25,192.48,2831146.0
1656302400,2022-06-27,191.48,193.3321,184.505,185.87,2048123.0
1656388800,2022-06-28,186.62,186.62,176.31,176.81,1794863.0
1656475200,2022-06-29,177.7,179.49,174.36,176.85,1465570.0
1656561600,2022-06-30,174.7,175.83,170.35,171.96,1961858.0
1656648000,2022-07-01,172.78,174.62,170.48,173.86,1380520.0
1656993600,2022-07-05,171.7,177.04,170.22,176.9,2043683.0
1657080000,2022-07-06,179.96,180.98,175.3,176.73,1187688.0
1657166400,2022-07-07,176.27,182.55,175.93,182.25,1250653.0
1657252800,2022-07-08,181.38,182.19,175.75,179.83,1388986.0
1657512000,2022-07-11,177.84,179.45,174.07,176.72,1168742.0
1657598400,2022-07-12,177.43,181.36,171.8,172.33,1583198.0
1657684800,2022-07-13,167.0,171.68,166.94,170.95,1249576.0
1657771200,2022-07-14,170.76,171.9,167.21,170.96,1422749.0
1657857600,2022-07-15,174.36,177.11,172.6,176.21,1673253.0
1658116800,2022-07-18,178.34,179.5,175.61,177.22,2322089.0
1658203200,2022-07-19,180.85,185.06,178.9501,184.76,1372907.0
1658289600,2022-07-20,186.31,197.07,185.53,196.38,1950397.0
1658376000,2022-07-21,196.2,199.85,195.322,199.1,1552585.0
1658462400,2022-07-22,199.19,203.55,194.48,195.95,1630225.0
1658721600,2022-07-25,194.76,196.06,192.54,195.71,1559596.0
1658808000,2022-07-26,196.34,196.92,192.17,193.07,1633889.0
1658894400,2022-07-27,196.58,204.67,194.88,203.41,1886263.0
1658980800,2022-07-28,203.3,212.62,203.215,212.16,1948135.0
1659067200,2022-07-29,211.89,217.65,211.214,216.32,2094369.0
1659326400,2022-08-01,212.01,218.34,211.88,218.14,1675832.0
1659412800,2022-08-02,214.36,217.865,213.29,216.18,2045075.0
1659499200,2022-08-03,216.64,220.35,215.99,218.44,1761234.0
1659585600,2022-08-04,218.76,222.0,216.16,221.94,1788218.0
1659672000,2022-08-05,216.46,223.12,216.14,221.7,1293557.0
1659931200,2022-08-08,222.96,224.92,219.25,220.69,906181.0
1660017600,2022-08-09,218.79,219.19,215.12,218.14,1078736.0
1660104000,2022-08-10,225.15,227.58,224.105,226.32,1370496.0
1660190400,2022-08-11,228.34,232.28,226.33,227.26,1188269.0
1660276800,2022-08-12,229.68,233.15,227.555,233.01,1132740.0
1660536000,2022-08-15,232.38,234.96,231.92,234.04,952789.0
1660622400,2022-08-16,231.25,235.005,230.18,233.64,1007649.0
1660708800,2022-08-17,230.37,231.31,227.66,228.2,1180904.0
1660795200,2022-08-18,228.83,230.5299,227.67,228.86,1153485.0
1660881600,2022-08-19,226.62,226.62,221.49,222.59,1268300.0
1661140800,2022-08-22,219.45,219.51,215.87,216.4,1489689.0
1661227200,2022-08-23,215.71,218.77,213.2,213.63,1180571.0
1661313600,2022-08-24,215.02,217.27,213.44,214.43,1908949.0
1661400000,2022-08-25,234.72,234.99,216.45,220.15,3428599.0
1661486400,2022-08-26,218.87,220.31,207.46,207.77,2187543.0
1661745600,2022-08-29,206.09,208.81,204.27,205.71,1302615.0
1661832000,2022-08-30,206.72,208.08,200.1577,202.81,1528428.0
1661918400,2022-08-31,205.83,207.0,200.87,201.74,1541072.0
1662004800,2022-09-01,200.31,202.3,195.3115,201.95,1427448.0
1662091200,2022-09-02,204.72,205.53,197.49,198.69,1272938.0
1662436800,2022-09-06,200.29,201.31,196.55,198.18,1488476.0
1662523200,2022-09-07,199.57,207.13,198.27,206.19,1502018.0
1662609600,2022-09-08,203.2,210.3,202.405,209.82,1932732.0
1662696000,2022-09-09,211.41,213.29,210.09,211.68,1260636.0
1662955200,2022-09-12,212.895,215.32,210.855,215.16,1430640.0
1663041600,2022-09-13,204.28,211.05,204.11,208.34,3412257.0
1663128000,2022-09-14,209.19,210.94,206.0,208.52,1930155.0
1663214400,2022-09-15,207.0,209.97,200.065,201.3,1804175.0
1663300800,2022-09-16,196.0,196.44,191.87,194.97,2971235.0
1663560000,2022-09-19,193.03,196.96,191.93,196.89,1113077.0
1663646400,2022-09-20,195.54,197.42,193.51,194.97,966422.0
1663732800,2022-09-21,197.4,201.22,191.94,192.42,1390111.0
1663819200,2022-09-22,189.82,191.3,187.01,187.15,1303864.0
1663905600,2022-09-23,186.63,186.82,181.67,184.56,1281240.0
1664164800,2022-09-26,185.05,188.84,183.71,183.99,1205880.0
1664251200,2022-09-27,186.35,189.66,183.0206,187.96,1804349.0
1664337600,2022-09-28,188.83,192.49,186.67,190.98,1772723.0
1664424000,2022-09-29,189.23,191.37,186.94,189.46,1549651.0
1664510400,2022-09-30,189.11,191.88,186.565,186.8,1645280.0
1664769600,2022-10-03,187.83,193.44,187.615,192.46,1961348.0
1664856000,2022-10-04,197.67,200.24,197.3,199.99,2340498.0
1664942400,2022-10-05,196.14,205.18,194.78,204.53,2156106.0
1665028800,2022-10-06,203.81,209.64,203.365,205.87,1930494.0
1665115200,2022-10-07,201.59,202.17,193.27,194.74,1507144.0
1665374400,2022-10-10,194.66,195.51,187.51,191.03,1484694.0
1665460800,2022-10-11,190.96,192.025,185.72,191.03,1671347.0
1665547200,2022-10-12,191.98,194.72,190.75,193.64,1804620.0
1665633600,2022-10-13,186.59,195.24,182.3,193.85,1861539.0
1665720000,2022-10-14,197.46,197.91,189.56,189.81,1411571.0
1665979200,2022-10-17,196.33,200.615,196.2,198.7,1507574.0
1666065600,2022-10-18,204.68,206.24,197.38,200.7,1641752.0
1666152000,2022-10-19,197.4,200.36,196.02,197.02,901787.0
1666238400,2022-10-20,197.96,203.6,196.85,197.83,861800.0
1666324800,2022-10-21,197.51,202.21,193.73,201.39,1281739.0
1666584000,2022-10-24,202.9,208.215,198.515,207.09,1192726.0
1666670400,2022-10-25,209.5,216.01,208.92,215.72,1418053.0
1666756800,2022-10-26,213.33,219.62,211.01,214.56,1352600.0
1666843200,2022-10-27,216.19,217.34,209.58,210.15,1803663.0
1666929600,2022-10-28,211.42,216.99,208.59,216.39,1244757.0
1667188800,2022-10-31,214.76,216.29,214.0,214.3,1166851.0
1667275200,2022-11-01,216.71,218.5299,212.25,214.05,1251540.0
1667361600,2022-11-02,214.41,214.41,199.12,199.38,2340666.0
1667448000,2022-11-03,214.41,214.41,199.12,199.38,2340666.0
1667534400,2022-11-04,196.0,196.3675,189.69,193.69,2832538.0
1667797200,2022-11-07,195.12,196.85,192.67,194.88,2529092.0
1667883600,2022-11-08,196.0,203.88,194.002,199.01,1526080.0
1667970000,2022-11-09,196.35,197.92,194.04,194.61,1362462.0
1668056400,2022-11-10,208.27,223.37,207.945,222.96,2292192.0
1668142800,2022-11-11,222.5,232.44,221.4,228.8,2057304.0
1668402000,2022-11-14,225.63,226.64,221.08,223.31,1663124.0
1668488400,2022-11-15,231.2,233.689,229.89,232.3,2113618.0
1668574800,2022-11-16,230.49,231.23,219.82,221.14,2516389.0
1668661200,2022-11-17,215.86,218.09,212.73,214.68,1884185.0
1668747600,2022-11-18,219.23,219.23,209.65,210.37,1823838.0
1669006800,2022-11-21,208.4,209.155,205.92,206.5,1962050.0
1669093200,2022-11-22,206.5,209.64,202.88,208.9,2803220.0
1669179600,2022-11-23,190.75,199.6745,188.01,197.07,6564509.0
1669352400,2022-11-25,196.79,200.96,196.25,200.66,1428533.0
1669611600,2022-11-28,199.84,202.98,194.79,195.35,1816413.0
1669698000,2022-11-29,195.4,196.53,190.96,195.18,1678486.0
1669784400,2022-11-30,195.32,202.81,193.93,201.95,5854384.0
1669870800,2022-12-01,202.37,208.7,202.115,206.93,1858760.0
1669957200,2022-12-02,200.9,204.06,200.19,201.11,1589904.0
1670216400,2022-12-05,198.78,199.4699,195.27,198.39,1751415.0
1670302800,2022-12-06,197.33,197.79,191.81,194.61,1307399.0
1670389200,2022-12-07,194.61,196.865,191.83,193.34,1502186.0
1670475600,2022-12-08,194.28,197.9,192.7,196.63,1574704.0
1670562000,2022-12-09,195.77,197.27,193.84,194.31,1204331.0
1670821200,2022-12-12,193.27,199.98,193.14,199.88,1612745.0
1670907600,2022-12-13,210.88,211.83,201.49,203.02,1780121.0
1670994000,2022-12-14,203.41,206.774,199.05,200.06,1600944.0
1671080400,2022-12-15,195.8,197.5,192.22,194.11,2077059.0
1671166800,2022-12-16,192.73,195.12,189.84,192.4,3301414.0
1671426000,2022-12-19,192.72,192.72,188.15,188.54,1515044.0
1671512400,2022-12-20,186.28,189.775,185.51,187.92,1132728.0
1671598800,2022-12-21,188.67,193.375,186.28,192.23,1375970.0
1671685200,2022-12-22,189.31,190.11,185.85,188.1,2219329.0
1671771600,2022-12-23,186.36,188.8,185.76,188.16,1069963.0
1672117200,2022-12-27,188.07,188.07,185.3,186.29,996619.0
1672203600,2022-12-28,184.49,187.41,181.59,181.9,1341375.0
1672290000,2022-12-29,183.47,189.275,182.85,188.12,1170061.0
1672376400,2022-12-30,184.78,186.94,183.07,186.87,1297429.0
1672722000,2023-01-03,190.62,192.9635,183.0,185.15,1360266.0
1672808400,2023-01-04,187.89,190.71,186.0,187.96,1244659.0
1672894800,2023-01-05,186.05,186.32,180.3778,182.07,1695298.0
1672981200,2023-01-06,184.23,188.6,179.61,187.19,1574525.0
1673240400,2023-01-09,190.52,199.09,190.48,192.47,1576771.0
1673326800,2023-01-10,190.23,194.3,190.23,193.43,1257416.0
1673413200,2023-01-11,195.36,200.28,194.06,199.93,1378955.0
1673499600,2023-01-12,199.58,201.8,197.09,199.96,1449116.0
1673586000,2023-01-13,197.06,201.04,197.06,200.59,1119580.0
1673931600,2023-01-17,200.14,202.6148,199.4601,200.7,1437141.0
1674018000,2023-01-18,201.38,205.47,197.67,198.02,1321554.0
1674104400,2023-01-19,195.68,199.2475,195.65,196.05,1139579.0
1674190800,2023-01-20,198.24,206.73,198.2,205.9,1586281.0
1674450000,2023-01-23,206.06,211.63,205.1,211.29,1207488.0
1674536400,2023-01-24,209.31,210.61,204.84,206.43,1013963.0
1674622800,2023-01-25,202.0,203.805,198.01,202.5,1420218.0
1674709200,2023-01-26,206.27,209.24,205.77,208.46,1038760.0
1674795600,2023-01-27,206.33,212.5,206.0,210.88,1435185.0
1675054800,2023-01-30,207.07,210.6,206.8,209.12,1294448.0
1675141200,2023-01-31,210.33,215.55,208.89,215.16,1939820.0
1675227600,2023-02-01,213.89,223.99,212.98,222.19,1542205.0
1675314000,2023-02-02,226.43,232.15,225.81,228.22,1846884.0
1675400400,2023-02-03,221.68,227.49,221.0,223.66,1377561.0
1675659600,2023-02-06,219.02,220.525,216.94,218.34,1340828.0
1675746000,2023-02-07,217.85,224.01,215.68,223.65,1208652.0
1675832400,2023-02-08,223.86,225.95,220.935,221.32,1213479.0
1675918800,2023-02-09,224.42,229.43,222.76,224.65,1797000.0
1676005200,2023-02-10,220.94,224.84,219.84,222.8,1239314.0
1676264400,2023-02-13,223.38,225.96,222.85,224.0,1217552.0
1676350800,2023-02-14,223.37,229.33,222.0838,228.04,1555218.0
1676437200,2023-02-15,226.48,229.32,225.39,229.28,1057331.0
1676523600,2023-02-16,223.75,225.386,221.18,222.13,974879.0
1676610000,2023-02-17,219.39,221.24,216.5,219.98,1385648.0
1676955600,2023-02-21,215.72,218.43,214.31,215.55,1454196.0
1677042000,2023-02-22,215.71,218.46,215.31,216.7,1612587.0
1677128400,2023-02-23,218.06,221.55,216.12,221.16,2243769.0
1677214800,2023-02-24,203.19,205.11,191.44,192.53,5248200.0
1677474000,2023-02-27,195.0,200.0,194.0828,196.68,2456026.0
1677560400,2023-02-28,195.11,201.67,195.11,198.69,2199691.0
1677646800,2023-03-01,199.48,200.13,195.175,196.38,1490765.0
1677733200,2023-03-02,195.69,201.97,195.53,201.13,1791432.0
1677819600,2023-03-03,201.75,208.12,201.75,207.46,1802149.0
1678078800,2023-03-06,208.0,211.12,206.97,208.33,1444796.0
1678165200,2023-03-07,209.0,211.51,205.07,205.48,1349845.0
1678251600,2023-03-08,205.84,207.58,203.07,204.51,1154842.0
1678338000,2023-03-09,205.71,208.75,199.9,200.49,1670615.0
1678424400,2023-03-10,201.11,201.37,193.115,194.02,1560285.0
1678680000,2023-03-13,193.33,200.3,191.04,197.87,2146641.0
1678766400,2023-03-14,200.07,202.495,196.35,199.22,2063781.0
1678852800,2023-03-15,196.165,197.42,193.16,195.79,2056988.0
1678939200,2023-03-16,196.18,202.145,195.23,200.59,1691868.0
1679025600,2023-03-17,199.3,202.71,196.9,199.11,3183994.0
1679284800,2023-03-20,200.31,202.89,198.24,200.42,1719686.0
1679371200,2023-03-21,202.0,208.62,201.575,207.15,1988579.0
1679457600,2023-03-22,206.44,207.28,198.34,198.38,1979724.0
1679544000,2023-03-23,200.92,204.67,199.11,201.14,1562019.0
1679630400,2023-03-24,201.07,202.97,198.155,200.22,1571390.0
1679889600,2023-03-27,201.55,202.82,197.26,198.75,1735072.0
1679976000,2023-03-28,196.75,197.815,195.13,197.27,1690422.0
1680062400,2023-03-29,199.61,199.94,197.615,199.16,1445317.0
1680148800,2023-03-30,201.07,202.82,200.12,201.61,1241963.0
1680235200,2023-03-31,202.78,208.38,202.01,208.16,1881147.0
1680494400,2023-04-03,205.09,207.86,204.34,207.58,1750774.0
1680580800,2023-04-04,209.0,210.89,202.13,203.32,1492134.0
1680667200,2023-04-05,201.62,202.37,195.93,197.55,1752558.0
1680753600,2023-04-06,196.89,198.3239,194.62,197.34,1380111.0
1681099200,2023-04-10,195.0,198.53,193.29,198.14,1223050.0
1681185600,2023-04-11,197.39,198.73,195.7,197.78,1162865.0
1681272000,2023-04-12,200.82,201.18,192.76,193.16,2070011.0
1681358400,2023-04-13,194.88,196.93,194.14,196.31,1698591.0
1681444800,2023-04-14,195.96,199.39,192.88,194.66,1641498.0
1681704000,2023-04-17,196.64,200.08,195.35,197.09,1358201.0
1681790400,2023-04-18,199.8,200.82,196.345,197.45,1158068.0
1681876800,2023-04-19,195.55,196.94,193.67,196.56,942952.0
1681963200,2023-04-20,194.51,196.84,193.74,194.64,1387683.0
1682049600,2023-04-21,194.41,195.16,192.27,194.09,928338.0
1682308800,2023-04-24,193.81,196.2295,192.62,195.84,1011100.0
1682395200,2023-04-25,193.82,194.1461,190.13,190.21,1124051.0
1682481600,2023-04-26,191.19,192.395,189.2,189.9,1203661.0
1682568000,2023-04-27,192.35,192.6184,188.38,190.11,1714951.0
1682654400,2023-04-28,189.42,194.9,188.445,194.79,1393150.0
1682913600,2023-05-01,194.79,197.3128,193.265,196.47,927073.0
1683000000,2023-05-02,196.56,197.025,191.78,192.42,1882512.0
1683086400,2023-05-03,193.58,197.45,193.38,193.7,1120285.0
1683172800,2023-05-04,194.57,195.38,191.765,193.03,999555.0
1683259200,2023-05-05,193.98,196.495,192.9,194.94,1296716.0
1683518400,2023-05-08,193.47,194.7,189.54,191.99,1178848.0
1683604800,2023-05-09,191.53,194.52,190.95,192.73,1111756.0
1683691200,2023-05-10,196.08,197.46,193.23,196.32,1446667.0
1683777600,2023-05-11,196.12,196.82,192.285,193.1,878315.0
1683864000,2023-05-12,193.64,194.9,192.67,194.45,1066252.0
1684123200,2023-05-15,193.73,197.005,191.26,196.91,849058.0
1684209600,2023-05-16,196.18,197.42,193.19,193.25,1170431.0
1684296000,2023-05-17,195.06,199.09,193.14,198.46,1235906.0
1684382400,2023-05-18,198.5,205.0,198.42,204.84,1591411.0
1684468800,2023-05-19,204.0,204.25,199.2501,200.89,1729334.0
1684728000,2023-05-22,201.48,204.229,199.62,203.49,1186920.0
1684814400,2023-05-23,199.27,201.83,196.51,196.64,1940869.0
1684900800,2023-05-24,193.94,198.02,192.5,196.75,1771056.0
1684987200,2023-05-25,197.84,199.51,195.67,197.56,2718328.0
1685073600,2023-05-26,200.77,202.5,193.19,198.9,3126174.0
1685419200,2023-05-30,202.2,202.88,192.98,195.04,1776300.0
1685505600,2023-05-31,195.46,200.86,194.82,199.39,3915835.0
1685592000,2023-06-01,199.21,205.39,197.0461,203.3,1785302.0
1685678400,2023-06-02,205.31,208.48,203.0,204.24,1646128.0
1685937600,2023-06-05,203.93,208.91,202.72,208.43,1341422.0
1686024000,2023-06-06,209.24,209.921,207.18,208.01,926754.0
1686110400,2023-06-07,208.25,208.465,200.33,201.16,1329799.0
1686196800,2023-06-08,201.13,201.78,198.405,200.16,1043064.0
1686283200,2023-06-09,200.65,203.35,198.01,201.39,1348358.0
1686542400,2023-06-12,202.91,208.24,202.885,208.1,1511168.0
1686628800,2023-06-13,208.62,213.55,207.37,213.29,1799630.0
1686715200,2023-06-14,212.85,214.9,209.66,213.55,1933386.0
1686801600,2023-06-15,211.41,222.15,211.39,221.43,2128045.0
1686888000,2023-06-16,223.64,223.64,212.36,213.5,3289034.0
1687233600,2023-06-20,211.63,214.03,209.2719,211.99,1730953.0
1687320000,2023-06-21,210.0,212.12,207.69,207.98,1711807.0
1687406400,2023-06-22,207.05,207.845,205.04,206.7,1889659.0
1687492800,2023-06-23,202.86,203.19,200.25,202.0,1538921.0
1687752000,2023-06-26,201.14,204.435,199.6401,200.78,1286892.0
1687838400,2023-06-27,201.76,207.25,201.05,206.85,1556838.0
1687924800,2023-06-28,206.15,208.36,203.91,206.3,1194451.0
1688011200,2023-06-29,207.02,210.5,205.36,206.18,1104265.0
1688097600,2023-06-30,207.42,207.7592,203.745,204.61,2034904.0
1688356800,2023-07-03,203.0,205.19,202.11,203.7,815784.0
1688529600,2023-07-05,202.405,203.97,200.51,203.85,1688593.0
1688616000,2023-07-06,200.0,201.19,197.5178,201.05,1685677.0
1688702400,2023-07-07,200.4,203.95,200.4,201.57,1176641.0
1688961600,2023-07-10,201.0,208.07,201.0,207.33,1097568.0
1689048000,2023-07-11,207.59,212.655,206.875,212.05,1183481.0
1689134400,2023-07-12,216.67,218.0215,214.92,215.32,1469794.0
1689220800,2023-07-13,217.98,218.84,216.52,216.59,1012111.0
1689307200,2023-07-14,215.95,216.07,210.5,214.14,1189546.0
1689566400,2023-07-17,213.49,216.12,212.7001,213.73,1428664.0
1689652800,2023-07-18,212.57,217.92,212.41,217.24,1754848.0
1689739200,2023-07-19,217.97,222.63,216.84,219.07,1869434.0
1689825600,2023-07-20,217.14,218.53,210.66,210.97,1163264.0
1689912000,2023-07-21,213.11,214.91,209.25,209.9,4646980.0
1690171200,2023-07-24,210.82,212.2,207.58,210.53,1508117.0
1690257600,2023-07-25,211.0,212.635,210.5,210.76,850443.0
1690344000,2023-07-26,208.63,213.68,208.225,212.75,1094987.0
1690430400,2023-07-27,216.0,220.25,208.45,209.46,1901944.0
1690516800,2023-07-28,213.015,215.29,208.318,209.79,1480020.0
1690776000,2023-07-31,210.83,212.18,209.12,211.99,1534597.0
1690862400,2023-08-01,211.17,213.245,209.0,212.45,757473.0
1690948800,2023-08-02,209.45,209.83,203.6825,206.78,1386732.0
1691035200,2023-08-03,203.97,206.045,202.33,202.62,1427441.0
1691121600,2023-08-04,204.91,204.91,200.535,201.57,1017645.0
1691380800,2023-08-07,202.52,204.32,201.54,203.715,849295.0
1691467200,2023-08-08,200.9,203.96,198.86,203.23,1227173.0
1691553600,2023-08-09,203.7,206.72,203.25,204.77,1949507.0
1691640000,2023-08-10,208.33,210.86,206.09,208.06,1660346.0
1691726400,2023-08-11,205.75,209.0,205.6,207.96,1167943.0
1691985600,2023-08-14,206.89,211.93,206.89,211.48,1096438.0
1692072000,2023-08-15,209.91,211.79,208.81,209.53,1289759.0
1692158400,2023-08-16,208.84,210.04,203.57,203.65,1517354.0
1692244800,2023-08-17,203.96,204.1,198.46,198.7,1533191.0
1692331200,2023-08-18,196.5,200.525,195.285,199.68,975741.0
1692590400,2023-08-21,200.4,202.92,199.74,202.02,951292.0
1692676800,2023-08-22,202.34,202.805,200.0,200.58,1041508.0
1692763200,2023-08-23,202.25,205.81,201.97,204.36,1698115.0
1692849600,2023-08-24,215.5,216.75,208.135,208.6,2648314.0
1692936000,2023-08-25,209.85,216.795,209.49,215.92,1933949.0
1693195200,2023-08-28,217.23,218.41,216.08,217.09,1098102.0
1693281600,2023-08-29,217.0,219.57,215.7,219.4,1151893.0
1693368000,2023-08-30,219.4,223.45,218.48,221.55,1331255.0
1693454400,2023-08-31,221.74,224.26,220.89,221.94,1729196.0
1693540800,2023-09-01,224.07,224.13,218.45,220.02,1160670.0
1693886400,2023-09-05,218.09,220.79,216.59,219.46,1189864.0
1693972800,2023-09-06,219.08,222.69,218.15,222.2,1709733.0
1694059200,2023-09-07,221.14,221.62,218.18,221.01,1288222.0
1694145600,2023-09-08,220.56,221.915,217.86,219.19,1002279.0
1694404800,2023-09-11,219.49,220.43,217.4953,218.74,838797.0
1694491200,2023-09-12,215.13,217.07,211.25,211.8,1574636.0
1694577600,2023-09-13,212.2,213.83,210.57,212.26,1095005.0
1694664000,2023-09-14,213.34,217.2,211.6,216.67,1137170.0
1694750400,2023-09-15,216.67,217.36,212.81,213.35,1944419.0
1695009600,2023-09-18,212.435,214.21,212.19,213.52,880354.0
1695096000,2023-09-19,212.13,212.6,209.07,212.06,1152927.0
1695182400,2023-09-20,213.12,213.43,207.605,207.73,1230387.0
1695268800,2023-09-21,206.78,207.11,203.2,204.06,1425184.0
1695355200,2023-09-22,204.55,206.28,203.79,204.04,1122775.0
1695614400,2023-09-25,203.005,205.7,202.0,205.67,1142005.0
1695700800,2023-09-26,204.05,204.58,200.26,201.66,1544613.0
1695787200,2023-09-27,202.06,203.64,200.09,202.28,1064978.0
1695873600,2023-09-28,202.28,208.565,201.95,207.89,1466283.0
1695960000,2023-09-29,209.71,210.99,206.58,206.91,1074130.0
1696219200,2023-10-02,206.06,209.4157,205.54,208.99,855233.0
1696305600,2023-10-03,207.89,209.052,201.21,203.28,1103078.0
1696392000,2023-10-04,204.28,207.62,204.05,207.06,892706.0
1696478400,2023-10-05,206.23,206.46,200.41,203.96,958649.0
1696564800,2023-10-06,202.08,211.28,201.33,210.04,1238097.0
1696824000,2023-10-09,208.1,211.05,206.61,210.56,766009.0
1696910400,2023-10-10,211.15,214.91,210.0,212.47,914161.0
1696996800,2023-10-11,214.1,215.18,211.63,213.2,965508.0
1697083200,2023-10-12,213.83,215.0,211.12,212.77,1207255.0
1697169600,2023-10-13,212.83,213.75,208.63,209.47,1313947.0
1697428800,2023-10-16,211.02,213.97,210.1,211.78,786400.0
1697515200,2023-10-17,209.32,215.44,208.225,213.99,1004248.0
1697601600,2023-10-18,211.35,212.089,209.07,209.64,1307660.0
1697688000,2023-10-19,210.33,210.93,205.2,206.07,1383573.0
1697774400,2023-10-20,206.25,206.72,201.34,202.69,1060683.0
1698033600,2023-10-23,201.62,203.17,198.82,199.72,1012618.0
1698120000,2023-10-24,201.82,205.71,201.47,205.04,998897.0
1698206400,2023-10-25,203.15,204.41,199.815,200.21,1156072.0
1698292800,2023-10-26,201.0,202.4241,192.92,196.12,1944392.0
1698379200,2023-10-27,196.25,197.11,192.88,195.15,1157420.0
1698638400,2023-10-30,196.08,198.67,194.62,197.79,1084431.0
1698724800,2023-10-31,198.29,198.625,195.32,197.63,1057758.0
1698811200,2023-11-01,198.12,199.46,195.94,198.93,1067086.0
1698897600,2023-11-02,199.51,200.28,192.01,199.24,1939986.0
1698984000,2023-11-03,200.74,205.35,200.28,203.98,1354670.0
1699246800,2023-11-06,203.17,203.33,199.84,201.99,1005558.0
1699333200,2023-11-07,204.02,206.7495,202.79,205.31,910267.0
1699419600,2023-11-08,206.16,207.92,205.36,206.93,745459.0
1699506000,2023-11-09,208.02,208.88,204.4,204.68,844796.0
1699592400,2023-11-10,205.26,211.05,203.715,210.58,1014855.0
1699851600,2023-11-13,209.26,211.97,208.42,210.1,1055695.0
1699938000,2023-11-14,214.54,218.07,213.97,217.36,1155583.0
1700024400,2023-11-15,217.21,218.26,215.52,216.11,1031469.0
1700110800,2023-11-16,216.1,217.5,213.887,215.02,1130497.0
1700197200,2023-11-17,215.3,217.54,214.325,217.33,1131111.0
1700456400,2023-11-20,217.49,221.965,217.18,219.7,1522700.0
1700542800,2023-11-21,219.0,221.99,216.63,217.67,2112011.0
1700629200,2023-11-22,201.25,208.55,200.05,202.66,4289409.0
1700802000,2023-11-24,202.66,203.57,201.11,203.42,912477.0
1701061200,2023-11-27,202.21,203.015,200.8476,202.26,1441402.0
1701147600,2023-11-28,201.8,207.65,201.8,207.37,1573209.0
1701234000,2023-11-29,210.03,217.385,210.03,213.85,2799538.0
1701320400,2023-11-30,215.22,218.78,212.7,218.43,3073676.0
1701406800,2023-12-01,218.27,225.255,217.0,224.93,1977264.0
1701666000,2023-12-04,222.94,224.28,217.96,221.31,1747106.0
1701752400,2023-12-05,220.01,220.84,216.79,220.45,1386581.0
1701838800,2023-12-06,221.71,221.97,218.575,219.55,1463005.0
1701925200,2023-12-07,220.0,224.46,219.045,223.84,1330422.0
1702011600,2023-12-08,222.07,225.31,221.895,224.01,1073730.0
1702270800,2023-12-11,224.51,228.28,224.51,226.09,1486999.0
1702357200,2023-12-12,224.83,228.95,224.2525,227.94,1369313.0
1702443600,2023-12-13,228.99,235.0,227.9,234.91,2051456.0
1702530000,2023-12-14,235.36,242.635,235.255,240.81,3303631.0
1702616400,2023-12-15,241.35,243.172,238.89,242.29,3179508.0
1702875600,2023-12-18,240.79,242.47,236.35,239.14,1764866.0
1702962000,2023-12-19,239.65,240.8,237.75,238.16,1528819.0
1703048400,2023-12-20,237.33,241.56,235.715,236.71,1353579.0
1703134800,2023-12-21,240.65,242.649,239.06,241.89,1024336.0
1703221200,2023-12-22,243.74,244.0313,240.305,242.76,719925.0
1703566800,2023-12-26,242.49,245.355,241.96,245.07,595012.0
1703653200,2023-12-27,245.36,245.88,244.38,245.11,771953.0
1703739600,2023-12-28,245.63,245.85,244.02,244.91,537238.0
1703826000,2023-12-29,243.72,245.4,242.785,243.48,721532.0
1704171600,2024-01-02,240.79,241.2,232.215,234.12,1443502.0
1704258000,2024-01-03,231.71,231.71,227.04,227.19,1278943.0
1704344400,2024-01-04,227.19,229.57,225.45,228.92,1552831.0
1704430800,2024-01-05,228.77,231.86,228.41,229.52,1138296.0
1704690000,2024-01-08,231.0,235.95,230.78,235.45,1447519.0
1704776400,2024-01-09,233.5,236.675,232.63,235.96,878484.0
1704862800,2024-01-10,236.19,239.175,235.77,238.82,964952.0
1704949200,2024-01-11,239.53,241.02,237.34,240.65,1035455.0
1705035600,2024-01-12,242.47,243.34,239.83,242.44,1012639.0
1705381200,2024-01-16,240.28,242.68,240.13,241.5,1364854.0
1705467600,2024-01-17,239.66,240.442,235.96,238.47,1330398.0
1705554000,2024-01-18,238.35,241.94,237.85,241.18,1042706.0
1705640400,2024-01-19,242.37,249.05,241.73,248.64,1205727.0
1705899600,2024-01-22,250.0,252.8081,249.81,250.79,1441035.0
1705986000,2024-01-23,251.18,253.24,249.31,252.78,1030099.0
1706072400,2024-01-24,255.0,256.48,252.5,252.66,1174455.0
1706158800,2024-01-25,255.62,255.8,250.53,251.75,1116132.0
1706245200,2024-01-26,252.4,254.285,250.86,253.07,940236.0
1706504400,2024-01-29,253.05,257.63,252.685,257.23,937343.0
1706590800,2024-01-30,255.63,257.56,255.04,256.47,1204411.0
1706677200,2024-01-31,255.02,256.93,251.73,253.81,2017382.0
1706763600,2024-02-01,253.48,255.77,251.37,255.07,1214059.0
1706850000,2024-02-02,254.5,259.2488,254.05,256.45,1592890.0
1707109200,2024-02-05,255.84,256.42,251.74,252.81,1336118.0
1707195600,2024-02-06,254.07,254.91,252.7,253.98,865174.0
1707282000,2024-02-07,256.81,261.0,255.185,258.43,1125207.0
1707368400,2024-02-08,258.08,262.9175,258.02,261.51,771127.0
1707454800,2024-02-09,262.85,269.53,262.85,266.68,1828625.0
1707714000,2024-02-12,265.91,267.31,261.5114,262.04,1055527.0
1707800400,2024-02-13,254.14,258.7276,252.75,256.76,1341584.0
1707886800,2024-02-14,259.41,263.03,259.13,262.17,925541.0
1707973200,2024-02-15,264.74,264.94,259.59,261.25,724512.0
1708059600,2024-02-16,261.0,261.435,257.2,258.3,1369454.0
1708405200,2024-02-20,256.33,256.7,251.66,255.26,1277518.0
1708491600,2024-02-21,252.0,252.68,249.13,252.52,742306.0
1708578000,2024-02-22,258.65,260.33,255.77,256.98,1077877.0
1708664400,2024-02-23,259.25,260.0,256.85,257.2,821491.0
1708923600,2024-02-26,257.84,259.135,256.14,257.35,987824.0
1709010000,2024-02-27,258.5,258.5994,255.96,256.95,951007.0
1709096400,2024-02-28,254.8,258.84,254.66,255.25,1702995.0
1709182800,2024-02-29,256.35,258.985,255.0,258.17,3331660.0
1709269200,2024-03-01,275.0,279.53,258.6,264.74,3854244.0
1709528400,2024-03-04,263.01,263.85,259.66,260.7,1945028.0
1709614800,2024-03-05,257.35,257.51,246.17,247.29,1850322.0
1709701200,2024-03-06,248.15,252.23,248.15,251.1,1008050.0
1709787600,2024-03-07,252.89,256.09,250.89,253.84,1381047.0
1709874000,2024-03-08,253.77,256.03,251.6902,251.86,881719.0
1710129600,2024-03-11,252.31,259.11,251.38,258.26,1469357.0
1710216000,2024-03-12,258.85,264.09,258.39,262.78,1437911.0
1710302400,2024-03-13,262.91,264.075,258.51,258.7,1134330.0
1710388800,2024-03-14,258.56,259.47,254.38,258.53,1227778.0
1710475200,2024-03-15,256.66,258.04,253.13,254.24,3010936.0
1710734400,2024-03-18,256.18,259.48,254.9,255.18,906396.0
1710820800,2024-03-19,253.05,257.24,251.37,256.19,857664.0
1710907200,2024-03-20,257.35,262.83,256.725,262.43,1260051.0
1710993600,2024-03-21,265.0,268.9,263.9,265.75,1693437.0
1711080000,2024-03-22,265.11,267.04,262.73,262.86,893034.0
1711339200,2024-03-25,260.59,262.82,258.33,261.57,1076582.0
1711425600,2024-03-26,262.02,264.63,261.51,261.67,939860.0
1711512000,2024-03-27,260.59,262.295,258.03,260.97,992342.0
1711598400,2024-03-28,261.31,262.95,259.74,260.42,896092.0
1711944000,2024-04-01,259.9,260.75,256.385,259.44,791578.0
1712030400,2024-04-02,249.55,252.76,247.19,248.71,1692080.0
1712116800,2024-04-03,247.59,250.85,245.5,246.38,1326077.0
1712203200,2024-04-04,248.54,252.675,243.73,244.81,1437758.0
1712289600,2024-04-05,246.0,248.28,244.07,244.74,1330014.0
1712548800,2024-04-08,244.76,247.145,244.39,245.89,1273523.0
1712635200,2024-04-09,246.86,248.45,244.6,247.93,840676.0
1712721600,2024-04-10,243.59,244.2,238.1,239.01,1285050.0
1712808000,2024-04-11,239.06,242.56,237.5401,241.06,1171342.0
1712894400,2024-04-12,236.58,238.0,234.05,236.98,1617013.0
1713153600,2024-04-15,239.95,239.95,228.91,229.62,1385762.0
1713240000,2024-04-16,230.4,230.43,227.57,228.24,2120161.0
1713326400,2024-04-17,212.77,219.5,207.43,214.92,6357444.0
1713412800,2024-04-18,214.56,214.755,206.23,210.63,4609060.0
1713499200,2024-04-19,211.55,216.84,210.2,216.5,3157485.0
1713758400,2024-04-22,218.7,219.27,214.33,217.13,1776476.0
1713844800,2024-04-23,217.13,219.35,217.13,217.93,1504576.0
1713931200,2024-04-24,217.35,218.615,214.15,215.0,2628238.0
1714017600,2024-04-25,214.33,216.8,213.535,216.4,2211585.0
1714104000,2024-04-26,215.77,219.3647,215.5,217.93,1277888.0
1714363200,2024-04-29,218.38,219.085,214.49,216.78,1437021.0
1714449600,2024-04-30,216.45,217.64,212.75,212.85,1427716.0
1714536000,2024-05-01,211.0,216.0,209.08,210.71,1687750.0
1714622400,2024-05-02,211.85,212.4,208.8,209.95,1589246.0
1714708800,2024-05-03,214.37,217.35,214.14,215.19,1197081.0
1714968000,2024-05-06,215.52,217.2,214.485,216.7,1343774.0
1715054400,2024-05-07,216.38,216.74,213.45,214.62,1860058.0
1715140800,2024-05-08,213.75,214.6799,213.0,213.95,1189663.0
1715227200,2024-05-09,214.8,218.73,213.66,218.63,1487020.0
1715313600,2024-05-10,219.43,220.73,216.61,217.77,1032861.0
1715572800,2024-05-13,219.79,219.98,216.13,216.65,1465619.0
1715659200,2024-05-14,215.76,217.055,214.74,215.83,1883340.0
1715745600,2024-05-15,219.13,221.65,217.72,220.24,1251171.0
1715832000,2024-05-16,219.95,221.26,218.43,220.43,1405406.0
1715918400,2024-05-17,220.89,221.31,219.21,221.21,1568015.0
1716177600,2024-05-20,221.4,221.98,219.84,221.4,1046066.0
1716264000,2024-05-21,219.35,220.6,218.0,220.28,898270.0
1716350400,2024-05-22,220.51,221.83,219.46,219.96,1214293.0
1716436800,2024-05-23,221.07,221.2,214.52,215.16,1759341.0
1716523200,2024-05-24,212.3,216.52,209.0,214.89,1496728.0
1716868800,2024-05-28,213.63,213.63,209.75,210.45,1845428.0
1716955200,2024-05-29,207.66,210.12,206.72,208.51,2968993.0
1717041600,2024-05-30,207.1,207.1,199.55,199.93,4026509.0
1717128000,2024-05-31,199.17,201.82,195.32,201.6,4174758.0
1717387200,2024-06-03,219.59,222.209,208.34,210.82,8148968.0
1717473600,2024-06-04,211.0,214.07,208.84,212.0,3179068.0
1717560000,2024-06-05,213.69,218.27,212.98,216.28,2465964.0
1717646400,2024-06-06,216.99,219.38,215.11,215.87,2064754.0
1717732800,2024-06-07,215.94,216.72,215.09,216.05,2411227.0
1717992000,2024-06-10,213.69,218.64,213.69,218.2,1901681.0
1718078400,2024-06-11,211.0,215.2923,205.86,211.5,3714933.0
1718164800,2024-06-12,219.44,223.29,214.5101,223.02,4046789.0
1718251200,2024-06-13,221.79,224.53,221.04,223.1,2520181.0
1718337600,2024-06-14,224.39,227.08,222.365,225.87,2562973.0
1718596800,2024-06-17,235.0,242.82,230.6,240.51,5019817.0
1718683200,2024-06-18,240.51,245.74,240.51,244.12,3377136.0
1718856000,2024-06-20,243.56,244.61,240.9,243.51,2763225.0
1718942400,2024-06-21,244.3,244.32,237.645,242.31,5677377.0
1719201600,2024-06-24,239.67,241.84,239.0,239.17,2799030.0
1719288000,2024-06-25,240.89,243.07,240.12,242.53,2760667.0
1719374400,2024-06-26,240.49,245.3494,240.49,243.28,1717459.0
1719460800,2024-06-27,243.45,246.545,242.4025,243.68,1239495.0
1719547200,2024-06-28,243.04,248.1999,243.04,247.45,2845592.0
1719806400,2024-07-01,248.62,249.0,242.2811,245.83,1172639.0
1719892800,2024-07-02,245.84,248.95,245.77,247.86,1062737.0
1719979200,2024-07-03,248.17,248.31,245.48,246.3,907920.0
1720152000,2024-07-05,246.27,248.71,245.765,247.87,1344912.0
1720411200,2024-07-08,246.1,249.33,245.4,247.96,1230197.0
1720497600,2024-07-09,243.17,245.99,241.18,243.96,1709432.0
1720584000,2024-07-10,243.68,247.33,241.42,247.05,1666348.0
1720670400,2024-07-11,247.82,252.63,247.82,248.77,1268348.0
1720756800,2024-07-12,249.12,255.55,248.63,253.45,1130333.0
1721016000,2024-07-15,253.33,255.47,252.11,253.17,870302.0
1721102400,2024-07-16,254.8,256.05,252.34,253.82,835911.0
1721188800,2024-07-17,248.5,253.0,248.08,250.18,1239686.0
1721275200,2024-07-18,249.68,249.68,240.64,242.81,1399128.0
1721361600,2024-07-19,242.95,243.54,239.62,242.45,1120472.0
1721620800,2024-07-22,245.48,245.79,242.9,245.26,712528.0
1721707200,2024-07-23,244.96,247.31,244.63,246.23,693924.0
1721793600,2024-07-24,244.59,245.23,239.01,239.45,1510935.0
1721880000,2024-07-25,244.59,245.23,239.01,239.45,1510935.0
1721966400,2024-07-26,243.8,245.3423,239.99,240.86,1267132.0
1722225600,2024-07-29,242.55,244.03,240.345,242.58,723502.0
1722312000,2024-07-30,244.19,245.63,240.06,243.34,1141886.0
1722398400,2024-07-31,246.4,250.745,243.54,247.52,1289105.0
1722484800,2024-08-01,247.09,248.61,238.57,241.78,1299610.0
1722571200,2024-08-02,236.67,238.0,230.65,231.37,2812417.0
1722830400,2024-08-05,226.7,228.25,223.03,225.72,2341177.0
1722916800,2024-08-06,230.44,236.49,229.32,234.23,2183782.0
1723003200,2024-08-07,236.56,240.03,232.36,232.57,875724.0
1723089600,2024-08-08,236.17,239.4,233.43,239.29,911309.0
1723176000,2024-08-09,238.16,242.28,237.84,240.44,876398.0
1723435200,2024-08-12,240.17,241.7477,238.01,239.57,1000099.0
1723521600,2024-08-13,242.1,245.59,241.6,244.61,1088042.0
1723608000,2024-08-14,244.61,246.935,243.79,246.22,790843.0
1723694400,2024-08-15,248.18,250.5,247.22,250.21,933858.0
1723780800,2024-08-16,248.39,249.275,246.33,248.23,1075389.0
1724040000,2024-08-19,248.5,251.44,248.0,251.11,1050162.0
1724126400,2024-08-20,250.77,251.89,249.78,250.13,871431.0
1724212800,2024-08-21,250.31,252.93,250.01,252.06,1055977.0
1724299200,2024-08-22,253.0,253.215,249.58,249.91,796927.0
1724385600,2024-08-23,254.32,255.79,251.85,255.26,1413872.0
1724644800,2024-08-26,256.93,258.82,255.82,256.21,979760.0
1724731200,2024-08-27,256.0,258.49,255.505,256.99,1059130.0
1724817600,2024-08-28,256.01,256.98,252.58,254.62,1220811.0
1724904000,2024-08-29,257.22,261.82,256.62,258.23,2225475.0
1724990400,2024-08-30,270.0,275.68,258.03,258.4,4054902.0
1725336000,2024-09-03,261.77,267.8299,256.83,257.83,2026711.0
1725422400,2024-09-04,256.56,259.42,255.37,255.79,1472541.0
1725508800,2024-09-05,257.02,257.02,249.86,251.77,2392723.0
1725595200,2024-09-06,252.7,255.0,249.61,250.37,1487904.0
1725854400,2024-09-09,251.62,256.05,251.55,255.67,1497390.0
1725940800,2024-09-10,256.18,257.85,252.23,257.61,1895842.0
1726027200,2024-09-11,255.63,259.67,251.94,258.98,2148442.0
1726113600,2024-09-12,259.13,260.625,256.61,259.47,1216673.0
1726200000,2024-09-13,260.59,264.55,260.0,263.96,1468637.0
1726459200,2024-09-16,265.5,269.0,265.0,267.73,1410404.0
1726545600,2024-09-17,268.09,270.245,266.4901,266.89,950014.0
1726632000,2024-09-18,267.97,267.97,263.57,264.21,1155962.0
1726718400,2024-09-19,270.25,272.34,267.7933,269.76,1911477.0
1726804800,2024-09-20,270.58,272.72,266.5,267.29,2551359.0
1727064000,2024-09-23,269.23,269.38,266.92,268.46,2070572.0
1727150400,2024-09-24,267.94,270.115,266.62,269.65,870049.0
1727236800,2024-09-25,268.95,270.735,267.565,268.0,1174516.0
1727323200,2024-09-26,271.13,273.49,269.73,273.36,1108009.0
1727409600,2024-09-27,273.36,274.5,271.0,271.9,614886.0
1727668800,2024-09-30,274.84,275.85,272.06,275.48,1109835.0
1727755200,2024-10-01,274.61,275.0,266.55,267.47,1043974.0
1727841600,2024-10-02,267.92,271.9899,267.435,270.17,827262.0
1727928000,2024-10-03,267.55,270.57,267.55,268.59,740033.0
1728014400,2024-10-04,272.86,273.85,267.49,271.16,846556.0
1728273600,2024-10-07,268.32,270.2362,266.015,267.23,757318.0
1728360000,2024-10-08,268.19,276.26,267.51,275.08,1412998.0
1728446400,2024-10-09,274.93,277.66,274.08,276.88,782074.0
1728532800,2024-10-10,275.0,277.91,275.0,277.71,849171.0
1728619200,2024-10-11,277.49,282.54,277.48,281.67,1332319.0
1728878400,2024-10-14,283.15,286.43,281.25,285.31,1264083.0
1728964800,2024-10-15,285.31,287.96,285.29,286.48,1602388.0
1729051200,2024-10-16,288.18,289.36,284.9,289.19,1364344.0
1729137600,2024-10-17,290.44,292.88,289.13,290.57,1808725.0
1729224000,2024-10-18,290.57,294.13,290.0,292.99,1511702.0
1729483200,2024-10-21,291.36,293.745,288.8,289.78,1254454.0
1729569600,2024-10-22,287.54,290.525,286.25,288.48,1012736.0
1729656000,2024-10-23,287.12,287.585,283.93,286.295,1209119.0
1729742400,2024-10-24,288.55,289.17,285.51,285.77,1238311.0
1729828800,2024-10-25,287.72,289.0,285.04,286.04,973419.0
1730088000,2024-10-28,286.34,288.64,286.34,286.52,1016697.0
1730174400,2024-10-29,286.32,290.2,284.4901,289.66,886987.0
1730260800,2024-10-30,288.18,291.21,287.93,288.82,751563.0
1730347200,2024-10-31,287.8,288.47,283.42,283.8,1488039.0
1730433600,2024-11-01,282.83,289.26,281.605,286.57,1047852.0
1730696400,2024-11-04,287.19,289.7563,285.32,287.62,896358.0
1730782800,2024-11-05,288.84,293.06,287.0,291.79,1009401.0
1730869200,2024-11-06,299.0,305.49,297.91,302.33,2258401.0
1730955600,2024-11-07,302.95,306.225,301.05,305.51,1057217.0
1731042000,2024-11-08,306.26,307.1729,305.02,305.56,968605.0
1731301200,2024-11-11,305.46,314.7,304.64,313.89,1557009.0
1731387600,2024-11-12,311.22,314.005,304.75,309.73,1748774.0
1731474000,2024-11-13,308.63,315.73,307.9095,313.14,1273488.0
1731560400,2024-11-14,310.225,312.88,305.98,306.65,1545643.0
1731646800,2024-11-15,305.06,305.08,297.12,299.15,2300222.0
1731906000,2024-11-18,299.36,303.01,297.0,302.05,920116.0
1731992400,2024-11-19,298.13,306.4,298.02,305.2,1348276.0
1732078800,2024-11-20,305.925,308.38,303.15,307.84,1442275.0
1732165200,2024-11-21,310.0,317.45,308.25,315.41,1602211.0
1732251600,2024-11-22,315.96,321.9,315.04,321.27,1905591.0
1732510800,2024-11-25,324.53,326.62,318.69,319.39,2967370.0
1732597200,2024-11-26,320.79,320.99,316.54,317.96,2519923.0
1732683600,2024-11-27,293.2,301.47,289.65,290.64,3442326.0
1732856400,2024-11-29,289.03,292.62,289.03,291.9,1317760.0
1733115600,2024-12-02,291.74,297.941,291.44,296.65,2073018.0
1733202000,2024-12-03,294.14,301.59,293.5,298.96,1944513.0
1733288400,2024-12-04,302.72,304.97,299.89,304.23,1528707.0
1733374800,2024-12-05,302.53,307.25,301.32,305.17,1378778.0
1733461200,2024-12-06,305.92,309.43,305.56,307.71,1377635.0
1733720400,2024-12-09,308.0,311.51,305.72,308.55,1599948.0
1733806800,2024-12-10,306.16,307.795,303.63,303.99,1110152.0
1733893200,2024-12-11,305.37,310.9,304.755,307.46,1261847.0
1733979600,2024-12-12,305.42,310.29,304.485,309.34,998087.0
1734066000,2024-12-13,308.13,308.36,302.95,303.77,1131021.0
1734325200,2024-12-16,303.93,307.14,302.37,304.89,1186216.0
1734411600,2024-12-17,302.63,303.4,299.47,302.82,1781589.0
1734498000,2024-12-18,303.71,304.07,291.47,292.83,1845067.0
1734584400,2024-12-19,293.65,297.82,290.94,293.63,1381222.0
1734670800,2024-12-20,290.7,299.735,288.54,298.12,4191162.0
1734930000,2024-12-23,297.99,298.45,294.36,297.49,876162.0
1735016400,2024-12-24,297.55,301.23,296.68,301.23,560019.0
1735189200,2024-12-26,299.43,301.7325,299.43,300.28,646806.0
1735275600,2024-12-27,298.64,298.84,294.57,297.59,1041680.0
1735534800,2024-12-30,292.99,298.9224,291.7427,297.53,1191164.0
1735621200,2024-12-31,298.55,298.55,294.9749,295.57,708130.0
1735794000,2025-01-02,297.75,298.01,291.8,293.32,975387.0
1735880400,2025-01-03,295.23,296.9999,292.49,294.06,1176263.0
1736139600,2025-01-06,293.11,296.9038,291.18,292.51,1231416.0
1736226000,2025-01-07,290.72,294.7,289.03,290.82,1018638.0
1736312400,2025-01-08,294.16,298.6938,292.75,296.37,1369285.0
1736485200,2025-01-10,291.37,292.605,284.47,284.96,2352388.0
1736744400,2025-01-13,281.42,287.04,279.8359,284.82,1869610.0
1736830800,2025-01-14,285.07,289.31,284.82,286.87,1137566.0
1736917200,2025-01-15,293.47,296.1925,290.735,290.94,1554209.0
1737003600,2025-01-16,290.44,293.35,288.69,290.08,1077281.0
1737090000,2025-01-17,296.25,296.25,290.62,291.45,1466127.0
1737435600,2025-01-21,294.62,297.75,294.05,296.91,1192088.0
1737522000,2025-01-22,297.42,302.21,297.01,301.45,1498497.0
1737608400,2025-01-23,297.61,301.5,297.5,301.08,1157580.0
1737694800,2025-01-24,301.18,302.55,300.13,300.83,764142.0
1737954000,2025-01-27,295.28,302.8499,293.57,299.07,1365493.0
1738040400,2025-01-28,306.0,314.1,301.28,309.93,2088987.0
1738126800,2025-01-29,307.3,308.0,302.2,304.17,1083711.0
1738213200,2025-01-30,306.8,311.5,306.6995,309.95,1255759.0
1738299600,2025-01-31,311.77,317.05,311.025,311.34,1285325.0
1738558800,2025-02-03,309.11,310.0,302.38,306.23,1446045.0
1738645200,2025-02-04,307.58,308.92,304.485,306.85,875167.0
1738731600,2025-02-05,306.87,311.64,303.97,311.36,947975.0
1738818000,2025-02-06,311.5,312.08,306.46,307.7,988061.0
1738904400,2025-02-07,308.5,310.19,300.14,301.15,1478097.0
1739163600,2025-02-10,303.77,308.72,301.64,304.99,1759079.0
1739250000,2025-02-11,302.06,304.28,298.0515,299.72,1375553.0
1739336400,2025-02-12,294.32,298.33,293.14,297.28,1400157.0
