start,start_unix,bottom,top,end,end_unix,direction,finished
2016-03-15,1458014400,42.285,46.09962716611066,2016-03-15,1458014400,,0
2016-03-15,1458014400,42.285,46.09962716611066,2016-03-16,1458100800,,0
2016-03-15,1458014400,42.285,46.09962716611066,2016-03-17,1458187200,,1
2016-03-18,1458273600,46.09962716611066,49.77121677396238,2016-03-18,1458273600,1.0,0
2016-03-18,1458273600,46.09962716611066,49.77121677396238,2016-03-21,1458532800,1.0,0
2016-03-18,1458273600,46.09962716611066,49.77121677396238,2016-03-22,1458619200,1.0,1
2016-03-23,1458705600,42.55116128839556,46.09962716611066,2016-03-23,1458705600,-1.0,0
2016-03-23,1458705600,42.55116128839556,46.09962716611066,2016-03-24,1458792000,-1.0,0
2016-03-23,1458705600,42.55116128839556,46.09962716611066,2016-03-28,1459137600,-1.0,0
2016-03-23,1458705600,42.55116128839556,46.09962716611066,2016-03-29,1459224000,-1.0,0
2016-03-23,1458705600,42.55116128839556,46.09962716611066,2016-03-30,1459310400,-1.0,0
2016-03-23,1458705600,42.55116128839556,46.09962716611066,2016-03-31,1459396800,-1.0,0
2016-03-23,1458705600,42.55116128839556,46.09962716611066,2016-04-01,1459483200,-1.0,0
2016-03-23,1458705600,42.55116128839556,46.09962716611066,2016-04-04,1459742400,-1.0,0
2016-03-23,1458705600,42.55116128839556,46.09962716611066,2016-04-05,1459828800,-1.0,1
2016-04-06,1459915200,46.09962716611066,49.61706795246688,2016-04-06,1459915200,1.0,1
2016-04-07,1460001600,42.582717864494164,46.09962716611066,2016-04-07,1460001600,-1.0,1
2016-04-08,1460088000,46.09962716611066,49.60318580332597,2016-04-08,1460088000,1.0,0
2016-04-08,1460088000,46.09962716611066,49.60318580332597,2016-04-11,1460347200,1.0,0
2016-04-08,1460088000,46.09962716611066,49.60318580332597,2016-04-12,1460433600,1.0,0
2016-04-08,1460088000,46.09962716611066,49.60318580332597,2016-04-13,1460520000,1.0,0
2016-04-08,1460088000,46.09962716611066,49.60318580332597,2016-04-14,1460606400,1.0,0
2016-04-08,1460088000,46.09962716611066,49.60318580332597,2016-04-15,1460692800,1.0,1
2016-04-18,1460952000,49.60318580332597,53.12020099232814,2016-04-18,1460952000,1.0,0
2016-04-18,1460952000,49.60318580332597,53.12020099232814,2016-04-19,1461038400,1.0,0
2016-04-18,1460952000,49.60318580332597,53.12020099232814,2016-04-20,1461124800,1.0,0
2016-04-18,1460952000,49.60318580332597,53.12020099232814,2016-04-21,1461211200,1.0,1
2016-04-22,1461297600,53.12020099232814,56.69022386855395,2016-04-22,1461297600,1.0,0
2016-04-22,1461297600,53.12020099232814,56.69022386855395,2016-04-25,1461556800,1.0,0
2016-04-22,1461297600,53.12020099232814,56.69022386855395,2016-04-26,1461643200,1.0,1
2016-04-27,1461729600,49.52818340520419,53.12020099232814,2016-04-27,1461729600,-1.0,0
2016-04-27,1461729600,49.52818340520419,53.12020099232814,2016-04-28,1461816000,-1.0,0
2016-04-27,1461729600,49.52818340520419,53.12020099232814,2016-04-29,1461902400,-1.0,0
2016-04-27,1461729600,49.52818340520419,53.12020099232814,2016-05-02,1462161600,-1.0,1
2016-05-03,1462248000,45.95915059840892,49.52818340520419,2016-05-03,1462248000,-1.0,0
2016-05-03,1462248000,45.95915059840892,49.52818340520419,2016-05-04,1462334400,-1.0,0
2016-05-03,1462248000,45.95915059840892,49.52818340520419,2016-05-05,1462420800,-1.0,0
2016-05-03,1462248000,45.95915059840892,49.52818340520419,2016-05-06,1462507200,-1.0,0
2016-05-03,1462248000,45.95915059840892,49.52818340520419,2016-05-09,1462766400,-1.0,1
2016-05-10,1462852800,49.52818340520419,53.21790959059836,2016-05-10,1462852800,1.0,0
2016-05-10,1462852800,49.52818340520419,53.21790959059836,2016-05-11,1462939200,1.0,0
2016-05-10,1462852800,49.52818340520419,53.21790959059836,2016-05-12,1463025600,1.0,0
2016-05-10,1462852800,49.52818340520419,53.21790959059836,2016-05-13,1463112000,1.0,0
2016-05-10,1462852800,49.52818340520419,53.21790959059836,2016-05-16,1463371200,1.0,0
2016-05-10,1462852800,49.52818340520419,53.21790959059836,2016-05-17,1463457600,1.0,0
2016-05-10,1462852800,49.52818340520419,53.21790959059836,2016-05-18,1463544000,1.0,1
2016-05-19,1463630400,46.12491608589042,49.52818340520419,2016-05-19,1463630400,-1.0,1
2016-05-20,1463716800,49.52818340520419,52.84264591599555,2016-05-20,1463716800,1.0,0
2016-05-20,1463716800,49.52818340520419,52.84264591599555,2016-05-23,1463976000,1.0,0
2016-05-20,1463716800,49.52818340520419,52.84264591599555,2016-05-24,1464062400,1.0,0
2016-05-20,1463716800,49.52818340520419,52.84264591599555,2016-05-25,1464148800,1.0,0
2016-05-20,1463716800,49.52818340520419,52.84264591599555,2016-05-26,1464235200,1.0,0
2016-05-20,1463716800,49.52818340520419,52.84264591599555,2016-05-27,1464321600,1.0,0
2016-05-20,1463716800,49.52818340520419,52.84264591599555,2016-05-31,1464667200,1.0,0
2016-05-20,1463716800,49.52818340520419,52.84264591599555,2016-06-01,1464753600,1.0,0
2016-05-20,1463716800,49.52818340520419,52.84264591599555,2016-06-02,1464840000,1.0,0
2016-05-20,1463716800,49.52818340520419,52.84264591599555,2016-06-03,1464926400,1.0,0
2016-05-20,1463716800,49.52818340520419,52.84264591599555,2016-06-06,1465185600,1.0,1
2016-06-07,1465272000,52.84264591599555,55.862469926274485,2016-06-07,1465272000,1.0,0
2016-06-07,1465272000,52.84264591599555,55.862469926274485,2016-06-08,1465358400,1.0,1
2016-06-09,1465444800,49.889011947948916,52.84264591599555,2016-06-09,1465444800,-1.0,1
2016-06-10,1465531200,46.792780406191326,49.889011947948916,2016-06-10,1465531200,-1.0,0
2016-06-10,1465531200,46.792780406191326,49.889011947948916,2016-06-13,1465790400,-1.0,0
2016-06-10,1465531200,46.792780406191326,49.889011947948916,2016-06-14,1465876800,-1.0,0
2016-06-10,1465531200,46.792780406191326,49.889011947948916,2016-06-15,1465963200,-1.0,0
2016-06-10,1465531200,46.792780406191326,49.889011947948916,2016-06-16,1466049600,-1.0,0
2016-06-10,1465531200,46.792780406191326,49.889011947948916,2016-06-17,1466136000,-1.0,1
2016-06-20,1466395200,49.889011947948916,52.91132656200208,2016-06-20,1466395200,1.0,0
2016-06-20,1466395200,49.889011947948916,52.91132656200208,2016-06-21,1466481600,1.0,0
2016-06-20,1466395200,49.889011947948916,52.91132656200208,2016-06-22,1466568000,1.0,0
2016-06-20,1466395200,49.889011947948916,52.91132656200208,2016-06-23,1466654400,1.0,1
2016-06-24,1466740800,46.75699284934488,49.889011947948916,2016-06-24,1466740800,-1.0,1
2016-06-27,1467000000,43.40511797206971,46.75699284934488,2016-06-27,1467000000,-1.0,1
2016-06-28,1467086400,46.75699284934488,50.19216237824325,2016-06-28,1467086400,1.0,0
2016-06-28,1467086400,46.75699284934488,50.19216237824325,2016-06-29,1467172800,1.0,1
2016-06-30,1467259200,50.19216237824325,53.73590549244644,2016-06-30,1467259200,1.0,0
2016-06-30,1467259200,50.19216237824325,53.73590549244644,2016-07-01,1467345600,1.0,1
2016-07-05,1467691200,46.507138978751726,50.19216237824325,2016-07-05,1467691200,-1.0,0
2016-07-05,1467691200,46.507138978751726,50.19216237824325,2016-07-06,1467777600,-1.0,0
2016-07-05,1467691200,46.507138978751726,50.19216237824325,2016-07-07,1467864000,-1.0,0
2016-07-05,1467691200,46.507138978751726,50.19216237824325,2016-07-08,1467950400,-1.0,0
2016-07-05,1467691200,46.507138978751726,50.19216237824325,2016-07-11,1468209600,-1.0,1
2016-07-12,1468296000,50.19216237824325,53.88079358671928,2016-07-12,1468296000,1.0,1
2016-07-13,1468382400,46.47129054180123,50.19216237824325,2016-07-13,1468382400,-1.0,0
2016-07-13,1468382400,46.47129054180123,50.19216237824325,2016-07-14,1468468800,-1.0,0
2016-07-13,1468382400,46.47129054180123,50.19216237824325,2016-07-15,1468555200,-1.0,0
2016-07-13,1468382400,46.47129054180123,50.19216237824325,2016-07-18,1468814400,-1.0,0
2016-07-13,1468382400,46.47129054180123,50.19216237824325,2016-07-19,1468900800,-1.0,0
2016-07-13,1468382400,46.47129054180123,50.19216237824325,2016-07-20,1468987200,-1.0,0
2016-07-13,1468382400,46.47129054180123,50.19216237824325,2016-07-21,1469073600,-1.0,0
2016-07-13,1468382400,46.47129054180123,50.19216237824325,2016-07-22,1469160000,-1.0,1
2016-07-25,1469419200,43.18410241585036,46.47129054180123,2016-07-25,1469419200,-1.0,0
2016-07-25,1469419200,43.18410241585036,46.47129054180123,2016-07-26,1469505600,-1.0,0
2016-07-25,1469419200,43.18410241585036,46.47129054180123,2016-07-27,1469592000,-1.0,0
2016-07-25,1469419200,43.18410241585036,46.47129054180123,2016-07-28,1469678400,-1.0,0
2016-07-25,1469419200,43.18410241585036,46.47129054180123,2016-07-29,1469764800,-1.0,0
2016-07-25,1469419200,43.18410241585036,46.47129054180123,2016-08-01,1470024000,-1.0,0
2016-07-25,1469419200,43.18410241585036,46.47129054180123,2016-08-02,1470110400,-1.0,0
2016-07-25,1469419200,43.18410241585036,46.47129054180123,2016-08-03,1470196800,-1.0,0
2016-07-25,1469419200,43.18410241585036,46.47129054180123,2016-08-04,1470283200,-1.0,1
2016-08-05,1470369600,46.47129054180123,49.67186990571615,2016-08-05,1470369600,1.0,0
2016-08-05,1470369600,46.47129054180123,49.67186990571615,2016-08-08,1470628800,1.0,0
2016-08-05,1470369600,46.47129054180123,49.67186990571615,2016-08-09,1470715200,1.0,0
2016-08-05,1470369600,46.47129054180123,49.67186990571615,2016-08-10,1470801600,1.0,0
2016-08-05,1470369600,46.47129054180123,49.67186990571615,2016-08-11,1470888000,1.0,0
2016-08-05,1470369600,46.47129054180123,49.67186990571615,2016-08-12,1470974400,1.0,0
2016-08-05,1470369600,46.47129054180123,49.67186990571615,2016-08-15,1471233600,1.0,0
2016-08-05,1470369600,46.47129054180123,49.67186990571615,2016-08-16,1471320000,1.0,0
2016-08-05,1470369600,46.47129054180123,49.67186990571615,2016-08-17,1471406400,1.0,1
2016-08-18,1471492800,49.67186990571615,52.39514005804429,2016-08-18,1471492800,1.0,1
2016-08-19,1471579200,47.020976192840024,49.67186990571615,2016-08-19,1471579200,-1.0,0
2016-08-19,1471579200,47.020976192840024,49.67186990571615,2016-08-22,1471838400,-1.0,0
2016-08-19,1471579200,47.020976192840024,49.67186990571615,2016-08-23,1471924800,-1.0,0
2016-08-19,1471579200,47.020976192840024,49.67186990571615,2016-08-24,1472011200,-1.0,0
2016-08-19,1471579200,47.020976192840024,49.67186990571615,2016-08-25,1472097600,-1.0,0
2016-08-19,1471579200,47.020976192840024,49.67186990571615,2016-08-26,1472184000,-1.0,0
2016-08-19,1471579200,47.020976192840024,49.67186990571615,2016-08-29,1472443200,-1.0,0
2016-08-19,1471579200,47.020976192840024,49.67186990571615,2016-08-30,1472529600,-1.0,1
2016-08-31,1472616000,44.51446568116239,47.020976192840024,2016-08-31,1472616000,-1.0,0
2016-08-31,1472616000,44.51446568116239,47.020976192840024,2016-09-01,1472702400,-1.0,0
2016-08-31,1472616000,44.51446568116239,47.020976192840024,2016-09-02,1472788800,-1.0,1
2016-09-06,1473134400,41.74174717017268,44.51446568116239,2016-09-06,1473134400,-1.0,0
2016-09-06,1473134400,41.74174717017268,44.51446568116239,2016-09-07,1473220800,-1.0,1
2016-09-08,1473307200,44.51446568116239,47.26926888706679,2016-09-08,1473307200,1.0,1
2016-09-09,1473393600,41.66071984710831,44.51446568116239,2016-09-09,1473393600,-1.0,0
2016-09-09,1473393600,41.66071984710831,44.51446568116239,2016-09-12,1473652800,-1.0,1
2016-09-13,1473739200,38.75284716366372,41.66071984710831,2016-09-13,1473739200,-1.0,0
2016-09-13,1473739200,38.75284716366372,41.66071984710831,2016-09-14,1473825600,-1.0,0
2016-09-13,1473739200,38.75284716366372,41.66071984710831,2016-09-15,1473912000,-1.0,0
2016-09-13,1473739200,38.75284716366372,41.66071984710831,2016-09-16,1473998400,-1.0,0
2016-09-13,1473739200,38.75284716366372,41.66071984710831,2016-09-19,1474257600,-1.0,0
2016-09-13,1473739200,38.75284716366372,41.66071984710831,2016-09-20,1474344000,-1.0,0
2016-09-13,1473739200,38.75284716366372,41.66071984710831,2016-09-21,1474430400,-1.0,0
2016-09-13,1473739200,38.75284716366372,41.66071984710831,2016-09-22,1474516800,-1.0,0
2016-09-13,1473739200,38.75284716366372,41.66071984710831,2016-09-23,1474603200,-1.0,0
2016-09-13,1473739200,38.75284716366372,41.66071984710831,2016-09-26,1474862400,-1.0,0
2016-09-13,1473739200,38.75284716366372,41.66071984710831,2016-09-27,1474948800,-1.0,1
2016-09-28,1475035200,41.66071984710831,44.353013728993766,2016-09-28,1475035200,1.0,1
2016-09-29,1475121600,44.353013728993766,47.28500090503026,2016-09-29,1475121600,1.0,0
2016-09-29,1475121600,44.353013728993766,47.28500090503026,2016-09-30,1475208000,1.0,0
2016-09-29,1475121600,44.353013728993766,47.28500090503026,2016-10-03,1475467200,1.0,0
2016-09-29,1475121600,44.353013728993766,47.28500090503026,2016-10-04,1475553600,1.0,0
2016-09-29,1475121600,44.353013728993766,47.28500090503026,2016-10-05,1475640000,1.0,0
2016-09-29,1475121600,44.353013728993766,47.28500090503026,2016-10-06,1475726400,1.0,0
2016-09-29,1475121600,44.353013728993766,47.28500090503026,2016-10-07,1475812800,1.0,0
2016-09-29,1475121600,44.353013728993766,47.28500090503026,2016-10-10,1476072000,1.0,0
2016-09-29,1475121600,44.353013728993766,47.28500090503026,2016-10-11,1476158400,1.0,0
2016-09-29,1475121600,44.353013728993766,47.28500090503026,2016-10-12,1476244800,1.0,0
2016-09-29,1475121600,44.353013728993766,47.28500090503026,2016-10-13,1476331200,1.0,0
2016-09-29,1475121600,44.353013728993766,47.28500090503026,2016-10-14,1476417600,1.0,1
2016-10-17,1476676800,41.76200408808036,44.353013728993766,2016-10-17,1476676800,-1.0,0
2016-10-17,1476676800,41.76200408808036,44.353013728993766,2016-10-18,1476763200,-1.0,1
2016-10-19,1476849600,44.353013728993766,46.93580265406706,2016-10-19,1476849600,1.0,0
2016-10-19,1476849600,44.353013728993766,46.93580265406706,2016-10-20,1476936000,1.0,0
2016-10-19,1476849600,44.353013728993766,46.93580265406706,2016-10-21,1477022400,1.0,0
2016-10-19,1476849600,44.353013728993766,46.93580265406706,2016-10-24,1477281600,1.0,1
2016-10-25,1477368000,41.81045020106222,44.353013728993766,2016-10-25,1477368000,-1.0,0
2016-10-25,1477368000,41.81045020106222,44.353013728993766,2016-10-26,1477454400,-1.0,0
2016-10-25,1477368000,41.81045020106222,44.353013728993766,2016-10-27,1477540800,-1.0,0
2016-10-25,1477368000,41.81045020106222,44.353013728993766,2016-10-28,1477627200,-1.0,1
2016-10-31,1477886400,38.94836255733947,41.81045020106222,2016-10-31,1477886400,-1.0,0
2016-10-31,1477886400,38.94836255733947,41.81045020106222,2016-11-01,1477972800,-1.0,0
2016-10-31,1477886400,38.94836255733947,41.81045020106222,2016-11-02,1478059200,-1.0,0
2016-10-31,1477886400,38.94836255733947,41.81045020106222,2016-11-03,1478145600,-1.0,0
2016-10-31,1477886400,38.94836255733947,41.81045020106222,2016-11-04,1478232000,-1.0,0
2016-10-31,1477886400,38.94836255733947,41.81045020106222,2016-11-07,1478494800,-1.0,0
2016-10-31,1477886400,38.94836255733947,41.81045020106222,2016-11-08,1478581200,-1.0,1
2016-11-09,1478667600,41.81045020106222,44.521814122459105,2016-11-09,1478667600,1.0,0
2016-11-09,1478667600,41.81045020106222,44.521814122459105,2016-11-10,1478754000,1.0,1
2016-11-11,1478840400,39.05592722802103,41.81045020106222,2016-11-11,1478840400,-1.0,0
2016-11-11,1478840400,39.05592722802103,41.81045020106222,2016-11-14,1479099600,-1.0,1
2016-11-15,1479186000,41.81045020106222,44.65839092781712,2016-11-15,1479186000,1.0,0
2016-11-15,1479186000,41.81045020106222,44.65839092781712,2016-11-16,1479272400,1.0,0
2016-11-15,1479186000,41.81045020106222,44.65839092781712,2016-11-17,1479358800,1.0,0
2016-11-15,1479186000,41.81045020106222,44.65839092781712,2016-11-18,1479445200,1.0,1
2016-11-21,1479704400,44.65839092781712,47.62799398635645,2016-11-21,1479704400,1.0,0
2016-11-21,1479704400,44.65839092781712,47.62799398635645,2016-11-22,1479790800,1.0,0
2016-11-21,1479704400,44.65839092781712,47.62799398635645,2016-11-23,1479877200,1.0,0
2016-11-21,1479704400,44.65839092781712,47.62799398635645,2016-11-25,1480050000,1.0,1
2016-11-28,1480309200,41.635343891297396,44.65839092781712,2016-11-28,1480309200,-1.0,0
2016-11-28,1480309200,41.635343891297396,44.65839092781712,2016-11-29,1480395600,-1.0,1
2016-11-30,1480482000,44.65839092781712,48.401110056244846,2016-11-30,1480482000,1.0,1
2016-12-01,1480568400,48.401110056244846,52.11949210407059,2016-12-01,1480568400,1.0,0
2016-12-01,1480568400,48.401110056244846,52.11949210407059,2016-12-02,1480654800,1.0,0
2016-12-01,1480568400,48.401110056244846,52.11949210407059,2016-12-05,1480914000,1.0,0
2016-12-01,1480568400,48.401110056244846,52.11949210407059,2016-12-06,1481000400,1.0,1
2016-12-07,1481086800,52.11949210407059,55.872581797634496,2016-12-07,1481086800,1.0,0
2016-12-07,1481086800,52.11949210407059,55.872581797634496,2016-12-08,1481173200,1.0,0
2016-12-07,1481086800,52.11949210407059,55.872581797634496,2016-12-09,1481259600,1.0,0
2016-12-07,1481086800,52.11949210407059,55.872581797634496,2016-12-12,1481518800,1.0,1
2016-12-13,1481605200,55.872581797634496,59.44258624208157,2016-12-13,1481605200,1.0,1
2016-12-14,1481691600,52.29657767064793,55.872581797634496,2016-12-14,1481691600,-1.0,0
2016-12-14,1481691600,52.29657767064793,55.872581797634496,2016-12-15,1481778000,-1.0,0
2016-12-14,1481691600,52.29657767064793,55.872581797634496,2016-12-16,1481864400,-1.0,0
2016-12-14,1481691600,52.29657767064793,55.872581797634496,2016-12-19,1482123600,-1.0,0
2016-12-14,1481691600,52.29657767064793,55.872581797634496,2016-12-20,1482210000,-1.0,0
2016-12-14,1481691600,52.29657767064793,55.872581797634496,2016-12-21,1482296400,-1.0,0
2016-12-14,1481691600,52.29657767064793,55.872581797634496,2016-12-22,1482382800,-1.0,0
2016-12-14,1481691600,52.29657767064793,55.872581797634496,2016-12-23,1482469200,-1.0,1
2016-12-27,1482814800,55.872581797634496,58.75443198332372,2016-12-27,1482814800,1.0,1
2016-12-28,1482901200,53.014006625208786,55.872581797634496,2016-12-28,1482901200,-1.0,0
2016-12-28,1482901200,53.014006625208786,55.872581797634496,2016-12-29,1482987600,-1.0,0
2016-12-28,1482901200,53.014006625208786,55.872581797634496,2016-12-30,1483074000,-1.0,0
2016-12-28,1482901200,53.014006625208786,55.872581797634496,2017-01-03,1483419600,-1.0,0
2016-12-28,1482901200,53.014006625208786,55.872581797634496,2017-01-04,1483506000,-1.0,0
2016-12-28,1482901200,53.014006625208786,55.872581797634496,2017-01-05,1483592400,-1.0,0
2016-12-28,1482901200,53.014006625208786,55.872581797634496,2017-01-06,1483678800,-1.0,1
2017-01-09,1483938000,50.37227614446571,53.014006625208786,2017-01-09,1483938000,-1.0,1
2017-01-10,1484024400,53.014006625208786,55.63547064304165,2017-01-10,1484024400,1.0,0
2017-01-10,1484024400,53.014006625208786,55.63547064304165,2017-01-11,1484110800,1.0,1
2017-01-12,1484197200,50.02089734452637,53.014006625208786,2017-01-12,1484197200,-1.0,0
2017-01-12,1484197200,50.02089734452637,53.014006625208786,2017-01-13,1484283600,-1.0,0
2017-01-12,1484197200,50.02089734452637,53.014006625208786,2017-01-17,1484629200,-1.0,0
2017-01-12,1484197200,50.02089734452637,53.014006625208786,2017-01-18,1484715600,-1.0,0
2017-01-12,1484197200,50.02089734452637,53.014006625208786,2017-01-19,1484802000,-1.0,0
2017-01-12,1484197200,50.02089734452637,53.014006625208786,2017-01-20,1484888400,-1.0,1
2017-01-23,1485147600,47.308063028045055,50.02089734452637,2017-01-23,1485147600,-1.0,1
2017-01-24,1485234000,50.02089734452637,52.69552920983044,2017-01-24,1485234000,1.0,1
2017-01-25,1485320400,47.28145346960115,50.02089734452637,2017-01-25,1485320400,-1.0,0
2017-01-25,1485320400,47.28145346960115,50.02089734452637,2017-01-26,1485406800,-1.0,0
2017-01-25,1485320400,47.28145346960115,50.02089734452637,2017-01-27,1485493200,-1.0,1
2017-01-30,1485752400,44.58133969656519,47.28145346960115,2017-01-30,1485752400,-1.0,0
2017-01-30,1485752400,44.58133969656519,47.28145346960115,2017-01-31,1485838800,-1.0,0
2017-01-30,1485752400,44.58133969656519,47.28145346960115,2017-02-01,1485925200,-1.0,0
2017-01-30,1485752400,44.58133969656519,47.28145346960115,2017-02-02,1486011600,-1.0,1
2017-02-03,1486098000,47.28145346960115,49.83990566326214,2017-02-03,1486098000,1.0,1
2017-02-06,1486357200,44.7013192897731,47.28145346960115,2017-02-06,1486357200,-1.0,0
2017-02-06,1486357200,44.7013192897731,47.28145346960115,2017-02-07,1486443600,-1.0,0
2017-02-06,1486357200,44.7013192897731,47.28145346960115,2017-02-08,1486530000,-1.0,0
2017-02-06,1486357200,44.7013192897731,47.28145346960115,2017-02-09,1486616400,-1.0,0
2017-02-06,1486357200,44.7013192897731,47.28145346960115,2017-02-10,1486702800,-1.0,0
2017-02-06,1486357200,44.7013192897731,47.28145346960115,2017-02-13,1486962000,-1.0,0
2017-02-06,1486357200,44.7013192897731,47.28145346960115,2017-02-14,1487048400,-1.0,1
2017-02-15,1487134800,42.37107804215058,44.7013192897731,2017-02-15,1487134800,-1.0,0
2017-02-15,1487134800,42.37107804215058,44.7013192897731,2017-02-16,1487221200,-1.0,1
2017-02-17,1487307600,44.7013192897731,46.90763954920273,2017-02-17,1487307600,1.0,0
2017-02-17,1487307600,44.7013192897731,46.90763954920273,2017-02-21,1487653200,1.0,0
2017-02-17,1487307600,44.7013192897731,46.90763954920273,2017-02-22,1487739600,1.0,0
2017-02-17,1487307600,44.7013192897731,46.90763954920273,2017-02-23,1487826000,1.0,0
2017-02-17,1487307600,44.7013192897731,46.90763954920273,2017-02-24,1487912400,1.0,0
2017-02-17,1487307600,44.7013192897731,46.90763954920273,2017-02-27,1488171600,1.0,0
2017-02-17,1487307600,44.7013192897731,46.90763954920273,2017-02-28,1488258000,1.0,0
2017-02-17,1487307600,44.7013192897731,46.90763954920273,2017-03-01,1488344400,1.0,0
2017-02-17,1487307600,44.7013192897731,46.90763954920273,2017-03-02,1488430800,1.0,1
2017-03-03,1488517200,42.630178832576284,44.7013192897731,2017-03-03,1488517200,-1.0,0
2017-03-03,1488517200,42.630178832576284,44.7013192897731,2017-03-06,1488776400,-1.0,0
2017-03-03,1488517200,42.630178832576284,44.7013192897731,2017-03-07,1488862800,-1.0,1
2017-03-08,1488949200,40.47860026681046,42.630178832576284,2017-03-08,1488949200,-1.0,0
2017-03-08,1488949200,40.47860026681046,42.630178832576284,2017-03-09,1489035600,-1.0,0
2017-03-08,1488949200,40.47860026681046,42.630178832576284,2017-03-10,1489122000,-1.0,0
2017-03-08,1488949200,40.47860026681046,42.630178832576284,2017-03-13,1489377600,-1.0,0
2017-03-08,1488949200,40.47860026681046,42.630178832576284,2017-03-14,1489464000,-1.0,1
2017-03-15,1489550400,42.630178832576284,44.91761641888498,2017-03-15,1489550400,1.0,1
2017-03-16,1489636800,40.39041535957535,42.630178832576284,2017-03-16,1489636800,-1.0,0
2017-03-16,1489636800,40.39041535957535,42.630178832576284,2017-03-17,1489723200,-1.0,0
2017-03-16,1489636800,40.39041535957535,42.630178832576284,2017-03-20,1489982400,-1.0,0
2017-03-16,1489636800,40.39041535957535,42.630178832576284,2017-03-21,1490068800,-1.0,0
2017-03-16,1489636800,40.39041535957535,42.630178832576284,2017-03-22,1490155200,-1.0,0
2017-03-16,1489636800,40.39041535957535,42.630178832576284,2017-03-23,1490241600,-1.0,1
2017-03-24,1490328000,38.38048451053603,40.39041535957535,2017-03-24,1490328000,-1.0,0
2017-03-24,1490328000,38.38048451053603,40.39041535957535,2017-03-27,1490587200,-1.0,1
2017-03-28,1490673600,40.39041535957535,42.42680471410416,2017-03-28,1490673600,1.0,1
2017-03-29,1490760000,42.42680471410416,44.607023400452334,2017-03-29,1490760000,1.0,0
2017-03-29,1490760000,42.42680471410416,44.607023400452334,2017-03-30,1490846400,1.0,1
2017-03-31,1490932800,40.21236105087537,42.42680471410416,2017-03-31,1490932800,-1.0,0
2017-03-31,1490932800,40.21236105087537,42.42680471410416,2017-04-03,1491192000,-1.0,0
2017-03-31,1490932800,40.21236105087537,42.42680471410416,2017-04-04,1491278400,-1.0,0
2017-03-31,1490932800,40.21236105087537,42.42680471410416,2017-04-05,1491364800,-1.0,0
2017-03-31,1490932800,40.21236105087537,42.42680471410416,2017-04-06,1491451200,-1.0,0
2017-03-31,1490932800,40.21236105087537,42.42680471410416,2017-04-07,1491537600,-1.0,1
2017-04-10,1491796800,42.42680471410416,44.672218315907195,2017-04-10,1491796800,1.0,1
2017-04-11,1491883200,44.672218315907195,46.91281666043859,2017-04-11,1491883200,1.0,1
2017-04-12,1491969600,42.38980556741376,44.672218315907195,2017-04-12,1491969600,-1.0,0
2017-04-12,1491969600,42.38980556741376,44.672218315907195,2017-04-13,1492056000,-1.0,0
2017-04-12,1491969600,42.38980556741376,44.672218315907195,2017-04-17,1492401600,-1.0,1
2017-04-18,1492488000,40.171225826728595,42.38980556741376,2017-04-18,1492488000,-1.0,0
2017-04-18,1492488000,40.171225826728595,42.38980556741376,2017-04-19,1492574400,-1.0,0
2017-04-18,1492488000,40.171225826728595,42.38980556741376,2017-04-20,1492660800,-1.0,0
2017-04-18,1492488000,40.171225826728595,42.38980556741376,2017-04-21,1492747200,-1.0,0
2017-04-18,1492488000,40.171225826728595,42.38980556741376,2017-04-24,1493006400,-1.0,1
2017-04-25,1493092800,42.38980556741376,44.52535598104018,2017-04-25,1493092800,1.0,0
2017-04-25,1493092800,42.38980556741376,44.52535598104018,2017-04-26,1493179200,1.0,0
2017-04-25,1493092800,42.38980556741376,44.52535598104018,2017-04-27,1493265600,1.0,0
2017-04-25,1493092800,42.38980556741376,44.52535598104018,2017-04-28,1493352000,1.0,1
2017-05-01,1493611200,40.034019349078065,42.38980556741376,2017-05-01,1493611200,-1.0,0
2017-05-01,1493611200,40.034019349078065,42.38980556741376,2017-05-02,1493697600,-1.0,0
2017-05-01,1493611200,40.034019349078065,42.38980556741376,2017-05-03,1493784000,-1.0,0
2017-05-01,1493611200,40.034019349078065,42.38980556741376,2017-05-04,1493870400,-1.0,0
2017-05-01,1493611200,40.034019349078065,42.38980556741376,2017-05-05,1493956800,-1.0,1
2017-05-08,1494216000,42.38980556741376,44.694344287077655,2017-05-08,1494216000,1.0,1
2017-05-09,1494302400,40.158591042011565,42.38980556741376,2017-05-09,1494302400,-1.0,1
2017-05-10,1494388800,42.38980556741376,44.65450476957294,2017-05-10,1494388800,1.0,0
2017-05-10,1494388800,42.38980556741376,44.65450476957294,2017-05-11,1494475200,1.0,0
2017-05-10,1494388800,42.38980556741376,44.65450476957294,2017-05-12,1494561600,1.0,0
2017-05-10,1494388800,42.38980556741376,44.65450476957294,2017-05-15,1494820800,1.0,0
2017-05-10,1494388800,42.38980556741376,44.65450476957294,2017-05-16,1494907200,1.0,1
2017-05-17,1494993600,40.19538077627895,42.38980556741376,2017-05-17,1494993600,-1.0,0
2017-05-17,1494993600,40.19538077627895,42.38980556741376,2017-05-18,1495080000,-1.0,1
2017-05-19,1495166400,42.38980556741376,44.57535551487183,2017-05-19,1495166400,1.0,0
2017-05-19,1495166400,42.38980556741376,44.57535551487183,2017-05-22,1495425600,1.0,0
2017-05-19,1495166400,42.38980556741376,44.57535551487183,2017-05-23,1495512000,1.0,0
2017-05-19,1495166400,42.38980556741376,44.57535551487183,2017-05-24,1495598400,1.0,1
2017-05-25,1495684800,40.14333675105209,42.38980556741376,2017-05-25,1495684800,-1.0,0
2017-05-25,1495684800,40.14333675105209,42.38980556741376,2017-05-26,1495771200,-1.0,0
2017-05-25,1495684800,40.14333675105209,42.38980556741376,2017-05-30,1496116800,-1.0,0
2017-05-25,1495684800,40.14333675105209,42.38980556741376,2017-05-31,1496203200,-1.0,0
2017-05-25,1495684800,40.14333675105209,42.38980556741376,2017-06-01,1496289600,-1.0,1
2017-06-02,1496376000,37.84679176192298,40.14333675105209,2017-06-02,1496376000,-1.0,1
2017-06-05,1496635200,40.14333675105209,42.38898566952912,2017-06-05,1496635200,1.0,0
2017-06-05,1496635200,40.14333675105209,42.38898566952912,2017-06-06,1496721600,1.0,1
2017-06-07,1496808000,37.74133334685506,40.14333675105209,2017-06-07,1496808000,-1.0,0
2017-06-07,1496808000,37.74133334685506,40.14333675105209,2017-06-08,1496894400,-1.0,0
2017-06-07,1496808000,37.74133334685506,40.14333675105209,2017-06-09,1496980800,-1.0,0
2017-06-07,1496808000,37.74133334685506,40.14333675105209,2017-06-12,1497240000,-1.0,1
2017-06-13,1497326400,40.14333675105209,42.58563780340714,2017-06-13,1497326400,1.0,1
2017-06-14,1497412800,37.680057202436686,40.14333675105209,2017-06-14,1497412800,-1.0,0
2017-06-14,1497412800,37.680057202436686,40.14333675105209,2017-06-15,1497499200,-1.0,0
2017-06-14,1497412800,37.680057202436686,40.14333675105209,2017-06-16,1497585600,-1.0,0
2017-06-14,1497412800,37.680057202436686,40.14333675105209,2017-06-19,1497844800,-1.0,1
2017-06-20,1497931200,35.06468644056652,37.680057202436686,2017-06-20,1497931200,-1.0,0
2017-06-20,1497931200,35.06468644056652,37.680057202436686,2017-06-21,1498017600,-1.0,0
2017-06-20,1497931200,35.06468644056652,37.680057202436686,2017-06-22,1498104000,-1.0,0
2017-06-20,1497931200,35.06468644056652,37.680057202436686,2017-06-23,1498190400,-1.0,0
2017-06-20,1497931200,35.06468644056652,37.680057202436686,2017-06-26,1498449600,-1.0,0
2017-06-20,1497931200,35.06468644056652,37.680057202436686,2017-06-27,1498536000,-1.0,0
2017-06-20,1497931200,35.06468644056652,37.680057202436686,2017-06-28,1498622400,-1.0,1
2017-06-29,1498708800,37.680057202436686,40.034666913812124,2017-06-29,1498708800,1.0,0
2017-06-29,1498708800,37.680057202436686,40.034666913812124,2017-06-30,1498795200,1.0,0
2017-06-29,1498708800,37.680057202436686,40.034666913812124,2017-07-03,1499054400,1.0,0
2017-06-29,1498708800,37.680057202436686,40.034666913812124,2017-07-05,1499227200,1.0,0
2017-06-29,1498708800,37.680057202436686,40.034666913812124,2017-07-06,1499313600,1.0,1
2017-07-07,1499400000,35.16156430222078,37.680057202436686,2017-07-07,1499400000,-1.0,0
2017-07-07,1499400000,35.16156430222078,37.680057202436686,2017-07-10,1499659200,-1.0,1
2017-07-11,1499745600,37.680057202436686,40.14347199905142,2017-07-11,1499745600,1.0,0
2017-07-11,1499745600,37.680057202436686,40.14347199905142,2017-07-12,1499832000,1.0,0
2017-07-11,1499745600,37.680057202436686,40.14347199905142,2017-07-13,1499918400,1.0,0
2017-07-11,1499745600,37.680057202436686,40.14347199905142,2017-07-14,1500004800,1.0,0
2017-07-11,1499745600,37.680057202436686,40.14347199905142,2017-07-17,1500264000,1.0,0
2017-07-11,1499745600,37.680057202436686,40.14347199905142,2017-07-18,1500350400,1.0,0
2017-07-11,1499745600,37.680057202436686,40.14347199905142,2017-07-19,1500436800,1.0,0
2017-07-11,1499745600,37.680057202436686,40.14347199905142,2017-07-20,1500523200,1.0,0
2017-07-11,1499745600,37.680057202436686,40.14347199905142,2017-07-21,1500609600,1.0,0
2017-07-11,1499745600,37.680057202436686,40.14347199905142,2017-07-24,1500868800,1.0,0
2017-07-11,1499745600,37.680057202436686,40.14347199905142,2017-07-25,1500955200,1.0,0
2017-07-11,1499745600,37.680057202436686,40.14347199905142,2017-07-26,1501041600,1.0,0
2017-07-11,1499745600,37.680057202436686,40.14347199905142,2017-07-27,1501128000,1.0,0
2017-07-11,1499745600,37.680057202436686,40.14347199905142,2017-07-28,1501214400,1.0,0
2017-07-11,1499745600,37.680057202436686,40.14347199905142,2017-07-31,1501473600,1.0,0
2017-07-11,1499745600,37.680057202436686,40.14347199905142,2017-08-01,1501560000,1.0,0
2017-07-11,1499745600,37.680057202436686,40.14347199905142,2017-08-02,1501646400,1.0,0
2017-07-11,1499745600,37.680057202436686,40.14347199905142,2017-08-03,1501732800,1.0,0
2017-07-11,1499745600,37.680057202436686,40.14347199905142,2017-08-04,1501819200,1.0,0
2017-07-11,1499745600,37.680057202436686,40.14347199905142,2017-08-07,1502078400,1.0,1
2017-08-08,1502164800,35.298864398738786,37.680057202436686,2017-08-08,1502164800,-1.0,0
2017-08-08,1502164800,35.298864398738786,37.680057202436686,2017-08-09,1502251200,-1.0,0
2017-08-08,1502164800,35.298864398738786,37.680057202436686,2017-08-10,1502337600,-1.0,0
2017-08-08,1502164800,35.298864398738786,37.680057202436686,2017-08-11,1502424000,-1.0,0
2017-08-08,1502164800,35.298864398738786,37.680057202436686,2017-08-14,1502683200,-1.0,0
2017-08-08,1502164800,35.298864398738786,37.680057202436686,2017-08-15,1502769600,-1.0,1
2017-08-16,1502856000,33.083963837054206,35.298864398738786,2017-08-16,1502856000,-1.0,0
2017-08-16,1502856000,33.083963837054206,35.298864398738786,2017-08-17,1502942400,-1.0,0
2017-08-16,1502856000,33.083963837054206,35.298864398738786,2017-08-18,1503028800,-1.0,0
2017-08-16,1502856000,33.083963837054206,35.298864398738786,2017-08-21,1503288000,-1.0,0
2017-08-16,1502856000,33.083963837054206,35.298864398738786,2017-08-22,1503374400,-1.0,0
2017-08-16,1502856000,33.083963837054206,35.298864398738786,2017-08-23,1503460800,-1.0,0
2017-08-16,1502856000,33.083963837054206,35.298864398738786,2017-08-24,1503547200,-1.0,0
2017-08-16,1502856000,33.083963837054206,35.298864398738786,2017-08-25,1503633600,-1.0,0
2017-08-16,1502856000,33.083963837054206,35.298864398738786,2017-08-28,1503892800,-1.0,0
2017-08-16,1502856000,33.083963837054206,35.298864398738786,2017-08-29,1503979200,-1.0,0
2017-08-16,1502856000,33.083963837054206,35.298864398738786,2017-08-30,1504065600,-1.0,0
2017-08-16,1502856000,33.083963837054206,35.298864398738786,2017-08-31,1504152000,-1.0,0
2017-08-16,1502856000,33.083963837054206,35.298864398738786,2017-09-01,1504238400,-1.0,0
2017-08-16,1502856000,33.083963837054206,35.298864398738786,2017-09-05,1504584000,-1.0,1
2017-09-06,1504670400,35.298864398738786,37.12819266560895,2017-09-06,1504670400,1.0,0
2017-09-06,1504670400,35.298864398738786,37.12819266560895,2017-09-07,1504756800,1.0,0
2017-09-06,1504670400,35.298864398738786,37.12819266560895,2017-09-08,1504843200,1.0,0
2017-09-06,1504670400,35.298864398738786,37.12819266560895,2017-09-11,1505102400,1.0,0
2017-09-06,1504670400,35.298864398738786,37.12819266560895,2017-09-12,1505188800,1.0,0
2017-09-06,1504670400,35.298864398738786,37.12819266560895,2017-09-13,1505275200,1.0,1
2017-09-14,1505361600,37.12819266560895,38.855272023285615,2017-09-14,1505361600,1.0,0
2017-09-14,1505361600,37.12819266560895,38.855272023285615,2017-09-15,1505448000,1.0,0
2017-09-14,1505361600,37.12819266560895,38.855272023285615,2017-09-18,1505707200,1.0,0
2017-09-14,1505361600,37.12819266560895,38.855272023285615,2017-09-19,1505793600,1.0,0
2017-09-14,1505361600,37.12819266560895,38.855272023285615,2017-09-20,1505880000,1.0,0
2017-09-14,1505361600,37.12819266560895,38.855272023285615,2017-09-21,1505966400,1.0,1
2017-09-22,1506052800,38.855272023285615,40.42695270285842,2017-09-22,1506052800,1.0,1
2017-09-25,1506312000,40.42695270285842,42.0882276196046,2017-09-25,1506312000,1.0,0
2017-09-25,1506312000,40.42695270285842,42.0882276196046,2017-09-26,1506398400,1.0,0
2017-09-25,1506312000,40.42695270285842,42.0882276196046,2017-09-27,1506484800,1.0,0
2017-09-25,1506312000,40.42695270285842,42.0882276196046,2017-09-28,1506571200,1.0,0
2017-09-25,1506312000,40.42695270285842,42.0882276196046,2017-09-29,1506657600,1.0,0
2017-09-25,1506312000,40.42695270285842,42.0882276196046,2017-10-02,1506916800,1.0,0
2017-09-25,1506312000,40.42695270285842,42.0882276196046,2017-10-03,1507003200,1.0,1
2017-10-04,1507089600,38.68097718462575,40.42695270285842,2017-10-04,1507089600,-1.0,0
2017-10-04,1507089600,38.68097718462575,40.42695270285842,2017-10-05,1507176000,-1.0,0
2017-10-04,1507089600,38.68097718462575,40.42695270285842,2017-10-06,1507262400,-1.0,0
2017-10-04,1507089600,38.68097718462575,40.42695270285842,2017-10-09,1507521600,-1.0,0
2017-10-04,1507089600,38.68097718462575,40.42695270285842,2017-10-10,1507608000,-1.0,0
2017-10-04,1507089600,38.68097718462575,40.42695270285842,2017-10-11,1507694400,-1.0,0
2017-10-04,1507089600,38.68097718462575,40.42695270285842,2017-10-12,1507780800,-1.0,0
2017-10-04,1507089600,38.68097718462575,40.42695270285842,2017-10-13,1507867200,-1.0,1
2017-10-16,1508126400,40.42695270285842,42.139533857345775,2017-10-16,1508126400,1.0,0
2017-10-16,1508126400,40.42695270285842,42.139533857345775,2017-10-17,1508212800,1.0,0
2017-10-16,1508126400,40.42695270285842,42.139533857345775,2017-10-18,1508299200,1.0,1
2017-10-19,1508385600,38.75982704819052,40.42695270285842,2017-10-19,1508385600,-1.0,0
2017-10-19,1508385600,38.75982704819052,40.42695270285842,2017-10-20,1508472000,-1.0,0
2017-10-19,1508385600,38.75982704819052,40.42695270285842,2017-10-23,1508731200,-1.0,0
2017-10-19,1508385600,38.75982704819052,40.42695270285842,2017-10-24,1508817600,-1.0,1
2017-10-25,1508904000,36.70992977041642,38.75982704819052,2017-10-25,1508904000,-1.0,1
2017-10-26,1508990400,34.56602515534047,36.70992977041642,2017-10-26,1508990400,-1.0,1
2017-10-27,1509076800,36.70992977041642,39.06712691298695,2017-10-27,1509076800,1.0,0
2017-10-27,1509076800,36.70992977041642,39.06712691298695,2017-10-30,1509336000,1.0,1
2017-10-31,1509422400,39.06712691298695,41.33066934714215,2017-10-31,1509422400,1.0,0
2017-10-31,1509422400,39.06712691298695,41.33066934714215,2017-11-01,1509508800,1.0,0
2017-10-31,1509422400,39.06712691298695,41.33066934714215,2017-11-02,1509595200,1.0,0
2017-10-31,1509422400,39.06712691298695,41.33066934714215,2017-11-03,1509681600,1.0,1
2017-11-06,1509944400,41.33066934714215,43.82498555554247,2017-11-06,1509944400,1.0,0
2017-11-06,1509944400,41.33066934714215,43.82498555554247,2017-11-07,1510030800,1.0,0
2017-11-06,1509944400,41.33066934714215,43.82498555554247,2017-11-08,1510117200,1.0,0
2017-11-06,1509944400,41.33066934714215,43.82498555554247,2017-11-09,1510203600,1.0,0
2017-11-06,1509944400,41.33066934714215,43.82498555554247,2017-11-10,1510290000,1.0,1
2017-11-13,1510549200,39.04763772719663,41.33066934714215,2017-11-13,1510549200,-1.0,0
2017-11-13,1510549200,39.04763772719663,41.33066934714215,2017-11-14,1510635600,-1.0,1
2017-11-15,1510722000,36.70092168754973,39.04763772719663,2017-11-15,1510722000,-1.0,0
2017-11-15,1510722000,36.70092168754973,39.04763772719663,2017-11-16,1510808400,-1.0,1
2017-11-17,1510894800,39.04763772719663,41.27110206750442,2017-11-17,1510894800,1.0,1
2017-11-20,1511154000,36.829992268339396,39.04763772719663,2017-11-20,1511154000,-1.0,0
2017-11-20,1511154000,36.829992268339396,39.04763772719663,2017-11-21,1511240400,-1.0,0
2017-11-20,1511154000,36.829992268339396,39.04763772719663,2017-11-22,1511326800,-1.0,1
2017-11-24,1511499600,39.04763772719663,41.165766398154844,2017-11-24,1511499600,1.0,1
2017-11-27,1511758800,36.90980396130686,39.04763772719663,2017-11-27,1511758800,-1.0,0
2017-11-27,1511758800,36.90980396130686,39.04763772719663,2017-11-28,1511845200,-1.0,1
2017-11-29,1511931600,39.04763772719663,41.15537194370363,2017-11-29,1511931600,1.0,0
2017-11-29,1511931600,39.04763772719663,41.15537194370363,2017-11-30,1512018000,1.0,1
2017-12-01,1512104400,41.15537194370363,43.360948895691806,2017-12-01,1512104400,1.0,0
2017-12-01,1512104400,41.15537194370363,43.360948895691806,2017-12-04,1512363600,1.0,1
2017-12-05,1512450000,38.99510406163219,41.15537194370363,2017-12-05,1512450000,-1.0,0
2017-12-05,1512450000,38.99510406163219,41.15537194370363,2017-12-06,1512536400,-1.0,0
2017-12-05,1512450000,38.99510406163219,41.15537194370363,2017-12-07,1512622800,-1.0,0
2017-12-05,1512450000,38.99510406163219,41.15537194370363,2017-12-08,1512709200,-1.0,0
2017-12-05,1512450000,38.99510406163219,41.15537194370363,2017-12-11,1512968400,-1.0,0
2017-12-05,1512450000,38.99510406163219,41.15537194370363,2017-12-12,1513054800,-1.0,0
2017-12-05,1512450000,38.99510406163219,41.15537194370363,2017-12-13,1513141200,-1.0,1
2017-12-14,1513227600,36.950414600738135,38.99510406163219,2017-12-14,1513227600,-1.0,0
2017-12-14,1513227600,36.950414600738135,38.99510406163219,2017-12-15,1513314000,-1.0,0
2017-12-14,1513227600,36.950414600738135,38.99510406163219,2017-12-18,1513573200,-1.0,0
2017-12-14,1513227600,36.950414600738135,38.99510406163219,2017-12-19,1513659600,-1.0,1
2017-12-20,1513746000,38.99510406163219,41.01970635475472,2017-12-20,1513746000,1.0,1
2017-12-21,1513832400,41.01970635475472,43.17997991265421,2017-12-21,1513832400,1.0,0
2017-12-21,1513832400,41.01970635475472,43.17997991265421,2017-12-22,1513918800,1.0,0
2017-12-21,1513832400,41.01970635475472,43.17997991265421,2017-12-26,1514264400,1.0,0
2017-12-21,1513832400,41.01970635475472,43.17997991265421,2017-12-27,1514350800,1.0,0
2017-12-21,1513832400,41.01970635475472,43.17997991265421,2017-12-28,1514437200,1.0,0
2017-12-21,1513832400,41.01970635475472,43.17997991265421,2017-12-29,1514523600,1.0,0
2017-12-21,1513832400,41.01970635475472,43.17997991265421,2018-01-02,1514869200,1.0,1
2018-01-03,1514955600,43.17997991265421,45.27773319823427,2018-01-03,1514955600,1.0,0
2018-01-03,1514955600,43.17997991265421,45.27773319823427,2018-01-04,1515042000,1.0,1
2018-01-05,1515128400,45.27773319823427,47.47745924549463,2018-01-05,1515128400,1.0,0
2018-01-05,1515128400,45.27773319823427,47.47745924549463,2018-01-08,1515387600,1.0,0
2018-01-05,1515128400,45.27773319823427,47.47745924549463,2018-01-09,1515474000,1.0,0
2018-01-05,1515128400,45.27773319823427,47.47745924549463,2018-01-10,1515560400,1.0,1
2018-01-11,1515646800,47.47745924549463,49.67553831764694,2018-01-11,1515646800,1.0,0
2018-01-11,1515646800,47.47745924549463,49.67553831764694,2018-01-12,1515733200,1.0,0
2018-01-11,1515646800,47.47745924549463,49.67553831764694,2018-01-16,1516078800,1.0,0
2018-01-11,1515646800,47.47745924549463,49.67553831764694,2018-01-17,1516165200,1.0,0
2018-01-11,1515646800,47.47745924549463,49.67553831764694,2018-01-18,1516251600,1.0,1
2018-01-19,1516338000,45.19810817723318,47.47745924549463,2018-01-19,1516338000,-1.0,1
2018-01-22,1516597200,47.47745924549463,49.81128523745169,2018-01-22,1516597200,1.0,0
2018-01-22,1516597200,47.47745924549463,49.81128523745169,2018-01-23,1516683600,1.0,0
2018-01-22,1516597200,47.47745924549463,49.81128523745169,2018-01-24,1516770000,1.0,0
2018-01-22,1516597200,47.47745924549463,49.81128523745169,2018-01-25,1516856400,1.0,0
2018-01-22,1516597200,47.47745924549463,49.81128523745169,2018-01-26,1516942800,1.0,1
2018-01-29,1517202000,45.29450252725276,47.47745924549463,2018-01-29,1517202000,-1.0,1
2018-01-30,1517288400,43.041185574599595,45.29450252725276,2018-01-30,1517288400,-1.0,0
2018-01-30,1517288400,43.041185574599595,45.29450252725276,2018-01-31,1517374800,-1.0,0
2018-01-30,1517288400,43.041185574599595,45.29450252725276,2018-02-01,1517461200,-1.0,1
2018-02-02,1517547600,40.6497710902778,43.041185574599595,2018-02-02,1517547600,-1.0,1
2018-02-05,1517806800,38.03317192626471,40.6497710902778,2018-02-05,1517806800,-1.0,1
2018-02-06,1517893200,40.6497710902778,43.40989888543282,2018-02-06,1517893200,1.0,1
2018-02-07,1517979600,37.76150956620529,40.6497710902778,2018-02-07,1517979600,-1.0,0
2018-02-07,1517979600,37.76150956620529,40.6497710902778,2018-02-08,1518066000,-1.0,1
2018-02-09,1518152400,34.70907998677542,37.76150956620529,2018-02-09,1518152400,-1.0,1
2018-02-12,1518411600,37.76150956620529,40.894194175675885,2018-02-12,1518411600,1.0,0
2018-02-12,1518411600,37.76150956620529,40.894194175675885,2018-02-13,1518498000,1.0,0
2018-02-12,1518411600,37.76150956620529,40.894194175675885,2018-02-14,1518584400,1.0,0
2018-02-12,1518411600,37.76150956620529,40.894194175675885,2018-02-15,1518670800,1.0,0
2018-02-12,1518411600,37.76150956620529,40.894194175675885,2018-02-16,1518757200,1.0,0
2018-02-12,1518411600,37.76150956620529,40.894194175675885,2018-02-20,1519102800,1.0,0
2018-02-12,1518411600,37.76150956620529,40.894194175675885,2018-02-21,1519189200,1.0,1
2018-02-22,1519275600,40.894194175675885,43.92222467821002,2018-02-22,1519275600,1.0,0
2018-02-22,1519275600,40.894194175675885,43.92222467821002,2018-02-23,1519362000,1.0,0
2018-02-22,1519275600,40.894194175675885,43.92222467821002,2018-02-26,1519621200,1.0,0
2018-02-22,1519275600,40.894194175675885,43.92222467821002,2018-02-27,1519707600,1.0,1
2018-02-28,1519794000,37.96267128982422,40.894194175675885,2018-02-28,1519794000,-1.0,0
2018-02-28,1519794000,37.96267128982422,40.894194175675885,2018-03-01,1519880400,-1.0,1
2018-03-02,1519966800,40.894194175675885,43.84975217419084,2018-03-02,1519966800,1.0,0
2018-03-02,1519966800,40.894194175675885,43.84975217419084,2018-03-05,1520226000,1.0,0
2018-03-02,1519966800,40.894194175675885,43.84975217419084,2018-03-06,1520312400,1.0,0
2018-03-02,1519966800,40.894194175675885,43.84975217419084,2018-03-07,1520398800,1.0,0
2018-03-02,1519966800,40.894194175675885,43.84975217419084,2018-03-08,1520485200,1.0,0
2018-03-02,1519966800,40.894194175675885,43.84975217419084,2018-03-09,1520571600,1.0,0
2018-03-02,1519966800,40.894194175675885,43.84975217419084,2018-03-12,1520827200,1.0,0
2018-03-02,1519966800,40.894194175675885,43.84975217419084,2018-03-13,1520913600,1.0,0
2018-03-02,1519966800,40.894194175675885,43.84975217419084,2018-03-14,1521000000,1.0,0
2018-03-02,1519966800,40.894194175675885,43.84975217419084,2018-03-15,1521086400,1.0,0
2018-03-02,1519966800,40.894194175675885,43.84975217419084,2018-03-16,1521172800,1.0,0
2018-03-02,1519966800,40.894194175675885,43.84975217419084,2018-03-19,1521432000,1.0,0
2018-03-02,1519966800,40.894194175675885,43.84975217419084,2018-03-20,1521518400,1.0,1
2018-03-21,1521604800,43.84975217419084,46.76658756853549,2018-03-21,1521604800,1.0,0
2018-03-21,1521604800,43.84975217419084,46.76658756853549,2018-03-22,1521691200,1.0,0
2018-03-21,1521604800,43.84975217419084,46.76658756853549,2018-03-23,1521777600,1.0,0
2018-03-21,1521604800,43.84975217419084,46.76658756853549,2018-03-26,1522036800,1.0,0
2018-03-21,1521604800,43.84975217419084,46.76658756853549,2018-03-27,1522123200,1.0,1
2018-03-28,1522209600,41.02651862181607,43.84975217419084,2018-03-28,1522209600,-1.0,1
2018-03-29,1522296000,43.84975217419084,46.73361190139598,2018-03-29,1522296000,1.0,1
2018-04-02,1522641600,40.81445385607178,43.84975217419084,2018-04-02,1522641600,-1.0,1
2018-04-03,1522728000,43.84975217419084,46.938243469587114,2018-04-03,1522728000,1.0,0
2018-04-03,1522728000,43.84975217419084,46.938243469587114,2018-04-04,1522814400,1.0,1
2018-04-05,1522900800,46.938243469587114,50.07543239265839,2018-04-05,1522900800,1.0,1
2018-04-06,1522987200,43.694710898163784,46.938243469587114,2018-04-06,1522987200,-1.0,0
2018-04-06,1522987200,43.694710898163784,46.938243469587114,2018-04-09,1523246400,-1.0,1
2018-04-10,1523332800,46.938243469587114,50.21030981943682,2018-04-10,1523332800,1.0,0
2018-04-10,1523332800,46.938243469587114,50.21030981943682,2018-04-11,1523419200,1.0,0
2018-04-10,1523332800,46.938243469587114,50.21030981943682,2018-04-12,1523505600,1.0,1
2018-04-13,1523592000,50.21030981943682,53.41658524604754,2018-04-13,1523592000,1.0,0
2018-04-13,1523592000,50.21030981943682,53.41658524604754,2018-04-16,1523851200,1.0,0
2018-04-13,1523592000,50.21030981943682,53.41658524604754,2018-04-17,1523937600,1.0,0
2018-04-13,1523592000,50.21030981943682,53.41658524604754,2018-04-18,1524024000,1.0,0
2018-04-13,1523592000,50.21030981943682,53.41658524604754,2018-04-19,1524110400,1.0,0
2018-04-13,1523592000,50.21030981943682,53.41658524604754,2018-04-20,1524196800,1.0,0
2018-04-13,1523592000,50.21030981943682,53.41658524604754,2018-04-23,1524456000,1.0,0
2018-04-13,1523592000,50.21030981943682,53.41658524604754,2018-04-24,1524542400,1.0,0
2018-04-13,1523592000,50.21030981943682,53.41658524604754,2018-04-25,1524628800,1.0,0
2018-04-13,1523592000,50.21030981943682,53.41658524604754,2018-04-26,1524715200,1.0,0
2018-04-13,1523592000,50.21030981943682,53.41658524604754,2018-04-27,1524801600,1.0,0
2018-04-13,1523592000,50.21030981943682,53.41658524604754,2018-04-30,1525060800,1.0,0
2018-04-13,1523592000,50.21030981943682,53.41658524604754,2018-05-01,1525147200,1.0,0
2018-04-13,1523592000,50.21030981943682,53.41658524604754,2018-05-02,1525233600,1.0,0
2018-04-13,1523592000,50.21030981943682,53.41658524604754,2018-05-03,1525320000,1.0,0
2018-04-13,1523592000,50.21030981943682,53.41658524604754,2018-05-04,1525406400,1.0,0
2018-04-13,1523592000,50.21030981943682,53.41658524604754,2018-05-07,1525665600,1.0,1
2018-05-08,1525752000,53.41658524604754,56.42072935218949,2018-05-08,1525752000,1.0,0
2018-05-08,1525752000,53.41658524604754,56.42072935218949,2018-05-09,1525838400,1.0,1
2018-05-10,1525924800,56.42072935218949,59.447353606975156,2018-05-10,1525924800,1.0,1
2018-05-11,1526011200,53.494578258459946,56.42072935218949,2018-05-11,1526011200,-1.0,1
2018-05-14,1526270400,56.42072935218949,59.260012510652636,2018-05-14,1526270400,1.0,0
2018-05-14,1526270400,56.42072935218949,59.260012510652636,2018-05-15,1526356800,1.0,0
2018-05-14,1526270400,56.42072935218949,59.260012510652636,2018-05-16,1526443200,1.0,0
2018-05-14,1526270400,56.42072935218949,59.260012510652636,2018-05-17,1526529600,1.0,0
2018-05-14,1526270400,56.42072935218949,59.260012510652636,2018-05-18,1526616000,1.0,0
2018-05-14,1526270400,56.42072935218949,59.260012510652636,2018-05-21,1526875200,1.0,0
2018-05-14,1526270400,56.42072935218949,59.260012510652636,2018-05-22,1526961600,1.0,0
2018-05-14,1526270400,56.42072935218949,59.260012510652636,2018-05-23,1527048000,1.0,1
2018-05-24,1527134400,53.7303206440602,56.42072935218949,2018-05-24,1527134400,-1.0,1
2018-05-25,1527220800,50.766655415083,53.7303206440602,2018-05-25,1527220800,-1.0,0
2018-05-25,1527220800,50.766655415083,53.7303206440602,2018-05-29,1527566400,-1.0,1
2018-05-30,1527652800,53.7303206440602,56.71405239761707,2018-05-30,1527652800,1.0,0
2018-05-30,1527652800,53.7303206440602,56.71405239761707,2018-05-31,1527739200,1.0,0
2018-05-30,1527652800,53.7303206440602,56.71405239761707,2018-06-01,1527825600,1.0,0
2018-05-30,1527652800,53.7303206440602,56.71405239761707,2018-06-04,1528084800,1.0,0
2018-05-30,1527652800,53.7303206440602,56.71405239761707,2018-06-05,1528171200,1.0,0
2018-05-30,1527652800,53.7303206440602,56.71405239761707,2018-06-06,1528257600,1.0,0
2018-05-30,1527652800,53.7303206440602,56.71405239761707,2018-06-07,1528344000,1.0,0
2018-05-30,1527652800,53.7303206440602,56.71405239761707,2018-06-08,1528430400,1.0,0
2018-05-30,1527652800,53.7303206440602,56.71405239761707,2018-06-11,1528689600,1.0,0
2018-05-30,1527652800,53.7303206440602,56.71405239761707,2018-06-12,1528776000,1.0,0
2018-05-30,1527652800,53.7303206440602,56.71405239761707,2018-06-13,1528862400,1.0,0
2018-05-30,1527652800,53.7303206440602,56.71405239761707,2018-06-14,1528948800,1.0,0
2018-05-30,1527652800,53.7303206440602,56.71405239761707,2018-06-15,1529035200,1.0,0
2018-05-30,1527652800,53.7303206440602,56.71405239761707,2018-06-18,1529294400,1.0,0
2018-05-30,1527652800,53.7303206440602,56.71405239761707,2018-06-19,1529380800,1.0,0
2018-05-30,1527652800,53.7303206440602,56.71405239761707,2018-06-20,1529467200,1.0,0
2018-05-30,1527652800,53.7303206440602,56.71405239761707,2018-06-21,1529553600,1.0,1
2018-06-22,1529640000,56.71405239761707,59.56271833316843,2018-06-22,1529640000,1.0,1
2018-06-25,1529899200,53.787291171747945,56.71405239761707,2018-06-25,1529899200,-1.0,1
2018-06-26,1529985600,56.71405239761707,59.668330678781246,2018-06-26,1529985600,1.0,0
2018-06-26,1529985600,56.71405239761707,59.668330678781246,2018-06-27,1530072000,1.0,0
2018-06-26,1529985600,56.71405239761707,59.668330678781246,2018-06-28,1530158400,1.0,1
2018-06-29,1530244800,59.668330678781246,62.85505275739557,2018-06-29,1530244800,1.0,1
2018-07-02,1530504000,56.425088748639375,59.668330678781246,2018-07-02,1530504000,-1.0,0
2018-07-02,1530504000,56.425088748639375,59.668330678781246,2018-07-03,1530590400,-1.0,0
2018-07-02,1530504000,56.425088748639375,59.668330678781246,2018-07-05,1530763200,-1.0,1
2018-07-06,1530849600,59.668330678781246,62.922504337863494,2018-07-06,1530849600,1.0,0
2018-07-06,1530849600,59.668330678781246,62.922504337863494,2018-07-09,1531108800,1.0,0
2018-07-06,1530849600,59.668330678781246,62.922504337863494,2018-07-10,1531195200,1.0,0
2018-07-06,1530849600,59.668330678781246,62.922504337863494,2018-07-11,1531281600,1.0,0
2018-07-06,1530849600,59.668330678781246,62.922504337863494,2018-07-12,1531368000,1.0,0
2018-07-06,1530849600,59.668330678781246,62.922504337863494,2018-07-13,1531454400,1.0,1
2018-07-16,1531713600,56.238812448810485,59.668330678781246,2018-07-16,1531713600,-1.0,0
2018-07-16,1531713600,56.238812448810485,59.668330678781246,2018-07-17,1531800000,-1.0,0
2018-07-16,1531713600,56.238812448810485,59.668330678781246,2018-07-18,1531886400,-1.0,0
2018-07-16,1531713600,56.238812448810485,59.668330678781246,2018-07-19,1531972800,-1.0,0
2018-07-16,1531713600,56.238812448810485,59.668330678781246,2018-07-20,1532059200,-1.0,0
2018-07-16,1531713600,56.238812448810485,59.668330678781246,2018-07-23,1532318400,-1.0,0
2018-07-16,1531713600,56.238812448810485,59.668330678781246,2018-07-24,1532404800,-1.0,0
2018-07-16,1531713600,56.238812448810485,59.668330678781246,2018-07-25,1532491200,-1.0,0
2018-07-16,1531713600,56.238812448810485,59.668330678781246,2018-07-26,1532577600,-1.0,0
2018-07-16,1531713600,56.238812448810485,59.668330678781246,2018-07-27,1532664000,-1.0,0
2018-07-16,1531713600,56.238812448810485,59.668330678781246,2018-07-30,1532923200,-1.0,0
2018-07-16,1531713600,56.238812448810485,59.668330678781246,2018-07-31,1533009600,-1.0,0
2018-07-16,1531713600,56.238812448810485,59.668330678781246,2018-08-01,1533096000,-1.0,0
2018-07-16,1531713600,56.238812448810485,59.668330678781246,2018-08-02,1533182400,-1.0,0
2018-07-16,1531713600,56.238812448810485,59.668330678781246,2018-08-03,1533268800,-1.0,1
2018-08-06,1533528000,59.668330678781246,62.647746546361226,2018-08-06,1533528000,1.0,0
2018-08-06,1533528000,59.668330678781246,62.647746546361226,2018-08-07,1533614400,1.0,1
2018-08-08,1533700800,56.71059965010259,59.668330678781246,2018-08-08,1533700800,-1.0,0
2018-08-08,1533700800,56.71059965010259,59.668330678781246,2018-08-09,1533787200,-1.0,0
2018-08-08,1533700800,56.71059965010259,59.668330678781246,2018-08-10,1533873600,-1.0,0
2018-08-08,1533700800,56.71059965010259,59.668330678781246,2018-08-13,1534132800,-1.0,0
2018-08-08,1533700800,56.71059965010259,59.668330678781246,2018-08-14,1534219200,-1.0,1
2018-08-15,1534305600,53.728977947033954,56.71059965010259,2018-08-15,1534305600,-1.0,0
2018-08-15,1534305600,53.728977947033954,56.71059965010259,2018-08-16,1534392000,-1.0,0
2018-08-15,1534305600,53.728977947033954,56.71059965010259,2018-08-17,1534478400,-1.0,0
2018-08-15,1534305600,53.728977947033954,56.71059965010259,2018-08-20,1534737600,-1.0,1
2018-08-21,1534824000,56.71059965010259,59.510767951366205,2018-08-21,1534824000,1.0,0
2018-08-21,1534824000,56.71059965010259,59.510767951366205,2018-08-22,1534910400,1.0,0
2018-08-21,1534824000,56.71059965010259,59.510767951366205,2018-08-23,1534996800,1.0,0
2018-08-21,1534824000,56.71059965010259,59.510767951366205,2018-08-24,1535083200,1.0,0
2018-08-21,1534824000,56.71059965010259,59.510767951366205,2018-08-27,1535342400,1.0,0
2018-08-21,1534824000,56.71059965010259,59.510767951366205,2018-08-28,1535428800,1.0,1
2018-08-29,1535515200,59.510767951366205,62.173324634281855,2018-08-29,1535515200,1.0,0
2018-08-29,1535515200,59.510767951366205,62.173324634281855,2018-08-30,1535601600,1.0,0
2018-08-29,1535515200,59.510767951366205,62.173324634281855,2018-08-31,1535688000,1.0,1
2018-09-04,1536033600,56.831156787967636,59.510767951366205,2018-09-04,1536033600,-1.0,0
2018-09-04,1536033600,56.831156787967636,59.510767951366205,2018-09-05,1536120000,-1.0,1
2018-09-06,1536206400,54.07627777462907,56.831156787967636,2018-09-06,1536206400,-1.0,0
2018-09-06,1536206400,54.07627777462907,56.831156787967636,2018-09-07,1536292800,-1.0,0
2018-09-06,1536206400,54.07627777462907,56.831156787967636,2018-09-10,1536552000,-1.0,1
2018-09-11,1536638400,56.831156787967636,59.60300124580467,2018-09-11,1536638400,1.0,0
2018-09-11,1536638400,56.831156787967636,59.60300124580467,2018-09-12,1536724800,1.0,0
2018-09-11,1536638400,56.831156787967636,59.60300124580467,2018-09-13,1536811200,1.0,0
2018-09-11,1536638400,56.831156787967636,59.60300124580467,2018-09-14,1536897600,1.0,1
2018-09-17,1537156800,59.60300124580467,62.366059907827875,2018-09-17,1537156800,1.0,0
2018-09-17,1537156800,59.60300124580467,62.366059907827875,2018-09-18,1537243200,1.0,1
2018-09-19,1537329600,62.366059907827875,65.20280946844993,2018-09-19,1537329600,1.0,0
2018-09-19,1537329600,62.366059907827875,65.20280946844993,2018-09-20,1537416000,1.0,0
2018-09-19,1537329600,62.366059907827875,65.20280946844993,2018-09-21,1537502400,1.0,0
2018-09-19,1537329600,62.366059907827875,65.20280946844993,2018-09-24,1537761600,1.0,0
2018-09-19,1537329600,62.366059907827875,65.20280946844993,2018-09-25,1537848000,1.0,0
2018-09-19,1537329600,62.366059907827875,65.20280946844993,2018-09-26,1537934400,1.0,0
2018-09-19,1537329600,62.366059907827875,65.20280946844993,2018-09-27,1538020800,1.0,0
2018-09-19,1537329600,62.366059907827875,65.20280946844993,2018-09-28,1538107200,1.0,1
2018-10-01,1538366400,65.20280946844993,68.30593637010833,2018-10-01,1538366400,1.0,0
2018-10-01,1538366400,65.20280946844993,68.30593637010833,2018-10-02,1538452800,1.0,0
2018-10-01,1538366400,65.20280946844993,68.30593637010833,2018-10-03,1538539200,1.0,0
2018-10-01,1538366400,65.20280946844993,68.30593637010833,2018-10-04,1538625600,1.0,0
2018-10-01,1538366400,65.20280946844993,68.30593637010833,2018-10-05,1538712000,1.0,1
2018-10-08,1538971200,62.282341250784945,65.20280946844993,2018-10-08,1538971200,-1.0,1
2018-10-09,1539057600,65.20280946844993,68.15638709913884,2018-10-09,1539057600,1.0,1
2018-10-10,1539144000,61.801915954238794,65.20280946844993,2018-10-10,1539144000,-1.0,1
2018-10-11,1539230400,58.30194340532846,61.801915954238794,2018-10-11,1539230400,-1.0,0
2018-10-11,1539230400,58.30194340532846,61.801915954238794,2018-10-12,1539316800,-1.0,0
2018-10-11,1539230400,58.30194340532846,61.801915954238794,2018-10-15,1539576000,-1.0,0
2018-10-11,1539230400,58.30194340532846,61.801915954238794,2018-10-16,1539662400,-1.0,0
2018-10-11,1539230400,58.30194340532846,61.801915954238794,2018-10-17,1539748800,-1.0,1
2018-10-18,1539835200,55.01591064813918,58.30194340532846,2018-10-18,1539835200,-1.0,0
2018-10-18,1539835200,55.01591064813918,58.30194340532846,2018-10-19,1539921600,-1.0,0
2018-10-18,1539835200,55.01591064813918,58.30194340532846,2018-10-22,1540180800,-1.0,0
2018-10-18,1539835200,55.01591064813918,58.30194340532846,2018-10-23,1540267200,-1.0,1
2018-10-24,1540353600,51.41034880989255,55.01591064813918,2018-10-24,1540353600,-1.0,0
2018-10-24,1540353600,51.41034880989255,55.01591064813918,2018-10-25,1540440000,-1.0,0
2018-10-24,1540353600,51.41034880989255,55.01591064813918,2018-10-26,1540526400,-1.0,1
2018-10-29,1540785600,47.72918577832262,51.41034880989255,2018-10-29,1540785600,-1.0,1
2018-10-30,1540872000,51.41034880989255,55.07157162492176,2018-10-30,1540872000,1.0,0
2018-10-30,1540872000,51.41034880989255,55.07157162492176,2018-10-31,1540958400,1.0,0
2018-10-30,1540872000,51.41034880989255,55.07157162492176,2018-11-01,1541044800,1.0,1
2018-11-02,1541131200,47.54514672366107,51.41034880989255,2018-11-02,1541131200,-1.0,1
2018-11-05,1541394000,51.41034880989255,55.30546503282178,2018-11-05,1541394000,1.0,0
2018-11-05,1541394000,51.41034880989255,55.30546503282178,2018-11-06,1541480400,1.0,0
2018-11-05,1541394000,51.41034880989255,55.30546503282178,2018-11-07,1541566800,1.0,0
2018-11-05,1541394000,51.41034880989255,55.30546503282178,2018-11-08,1541653200,1.0,0
2018-11-05,1541394000,51.41034880989255,55.30546503282178,2018-11-09,1541739600,1.0,0
2018-11-05,1541394000,51.41034880989255,55.30546503282178,2018-11-12,1541998800,1.0,1
2018-11-13,1542085200,47.54385355588476,51.41034880989255,2018-11-13,1542085200,-1.0,0
2018-11-13,1542085200,47.54385355588476,51.41034880989255,2018-11-14,1542171600,-1.0,1
2018-11-15,1542258000,51.41034880989255,55.295969717684976,2018-11-15,1542258000,1.0,0
2018-11-15,1542258000,51.41034880989255,55.295969717684976,2018-11-16,1542344400,1.0,1
2018-11-19,1542603600,47.79081853735724,51.41034880989255,2018-11-19,1542603600,-1.0,0
2018-11-19,1542603600,47.79081853735724,51.41034880989255,2018-11-20,1542690000,-1.0,0
2018-11-19,1542603600,47.79081853735724,51.41034880989255,2018-11-21,1542776400,-1.0,0
2018-11-19,1542603600,47.79081853735724,51.41034880989255,2018-11-23,1542949200,-1.0,0
2018-11-19,1542603600,47.79081853735724,51.41034880989255,2018-11-26,1543208400,-1.0,0
2018-11-19,1542603600,47.79081853735724,51.41034880989255,2018-11-27,1543294800,-1.0,0
2018-11-19,1542603600,47.79081853735724,51.41034880989255,2018-11-28,1543381200,-1.0,0
2018-11-19,1542603600,47.79081853735724,51.41034880989255,2018-11-29,1543467600,-1.0,0
2018-11-19,1542603600,47.79081853735724,51.41034880989255,2018-11-30,1543554000,-1.0,0
2018-11-19,1542603600,47.79081853735724,51.41034880989255,2018-12-03,1543813200,-1.0,0
2018-11-19,1542603600,47.79081853735724,51.41034880989255,2018-12-04,1543899600,-1.0,0
2018-11-19,1542603600,47.79081853735724,51.41034880989255,2018-12-06,1544072400,-1.0,1
2018-12-07,1544158800,44.05936811577146,47.79081853735724,2018-12-07,1544158800,-1.0,0
2018-12-07,1544158800,44.05936811577146,47.79081853735724,2018-12-10,1544418000,-1.0,0
2018-12-07,1544158800,44.05936811577146,47.79081853735724,2018-12-11,1544504400,-1.0,0
2018-12-07,1544158800,44.05936811577146,47.79081853735724,2018-12-12,1544590800,-1.0,0
2018-12-07,1544158800,44.05936811577146,47.79081853735724,2018-12-13,1544677200,-1.0,0
2018-12-07,1544158800,44.05936811577146,47.79081853735724,2018-12-14,1544763600,-1.0,0
2018-12-07,1544158800,44.05936811577146,47.79081853735724,2018-12-17,1545022800,-1.0,1
2018-12-18,1545109200,40.47109658238678,44.05936811577146,2018-12-18,1545109200,-1.0,0
2018-12-18,1545109200,40.47109658238678,44.05936811577146,2018-12-19,1545195600,-1.0,1
2018-12-20,1545282000,36.75759714798876,40.47109658238678,2018-12-20,1545282000,-1.0,0
2018-12-20,1545282000,36.75759714798876,40.47109658238678,2018-12-21,1545368400,-1.0,1
2018-12-24,1545627600,32.70175324792109,36.75759714798876,2018-12-24,1545627600,-1.0,0
2018-12-24,1545627600,32.70175324792109,36.75759714798876,2018-12-26,1545800400,-1.0,1
2018-12-27,1545886800,36.75759714798876,41.08061561284303,2018-12-27,1545886800,1.0,1
2018-12-28,1545973200,32.547937144909795,36.75759714798876,2018-12-28,1545973200,-1.0,0
2018-12-28,1545973200,32.547937144909795,36.75759714798876,2018-12-31,1546232400,-1.0,1
2019-01-02,1546405200,36.75759714798876,40.90806929350072,2019-01-02,1546405200,1.0,0
2019-01-02,1546405200,36.75759714798876,40.90806929350072,2019-01-03,1546491600,1.0,1
2019-01-04,1546578000,40.90806929350072,45.13534374549828,2019-01-04,1546578000,1.0,0
2019-01-04,1546578000,40.90806929350072,45.13534374549828,2019-01-07,1546837200,1.0,0
2019-01-04,1546578000,40.90806929350072,45.13534374549828,2019-01-08,1546923600,1.0,1
2019-01-09,1547010000,45.13534374549828,49.20603542590595,2019-01-09,1547010000,1.0,0
2019-01-09,1547010000,45.13534374549828,49.20603542590595,2019-01-10,1547096400,1.0,0
2019-01-09,1547010000,45.13534374549828,49.20603542590595,2019-01-11,1547182800,1.0,0
2019-01-09,1547010000,45.13534374549828,49.20603542590595,2019-01-14,1547442000,1.0,0
2019-01-09,1547010000,45.13534374549828,49.20603542590595,2019-01-15,1547528400,1.0,0
2019-01-09,1547010000,45.13534374549828,49.20603542590595,2019-01-16,1547614800,1.0,0
2019-01-09,1547010000,45.13534374549828,49.20603542590595,2019-01-17,1547701200,1.0,0
2019-01-09,1547010000,45.13534374549828,49.20603542590595,2019-01-18,1547787600,1.0,0
2019-01-09,1547010000,45.13534374549828,49.20603542590595,2019-01-22,1548133200,1.0,0
2019-01-09,1547010000,45.13534374549828,49.20603542590595,2019-01-23,1548219600,1.0,0
2019-01-09,1547010000,45.13534374549828,49.20603542590595,2019-01-24,1548306000,1.0,0
2019-01-09,1547010000,45.13534374549828,49.20603542590595,2019-01-25,1548392400,1.0,0
2019-01-09,1547010000,45.13534374549828,49.20603542590595,2019-01-28,1548651600,1.0,0
2019-01-09,1547010000,45.13534374549828,49.20603542590595,2019-01-29,1548738000,1.0,0
2019-01-09,1547010000,45.13534374549828,49.20603542590595,2019-01-30,1548824400,1.0,0
2019-01-09,1547010000,45.13534374549828,49.20603542590595,2019-01-31,1548910800,1.0,1
2019-02-01,1548997200,49.20603542590595,52.557714529054905,2019-02-01,1548997200,1.0,0
2019-02-01,1548997200,49.20603542590595,52.557714529054905,2019-02-04,1549256400,1.0,0
2019-02-01,1548997200,49.20603542590595,52.557714529054905,2019-02-05,1549342800,1.0,0
2019-02-01,1548997200,49.20603542590595,52.557714529054905,2019-02-06,1549429200,1.0,1
2019-02-07,1549515600,45.95516462038125,49.20603542590595,2019-02-07,1549515600,-1.0,0
2019-02-07,1549515600,45.95516462038125,49.20603542590595,2019-02-08,1549602000,-1.0,0
2019-02-07,1549515600,45.95516462038125,49.20603542590595,2019-02-11,1549861200,-1.0,1
2019-02-12,1549947600,49.20603542590595,52.439192554090276,2019-02-12,1549947600,1.0,0
2019-02-12,1549947600,49.20603542590595,52.439192554090276,2019-02-13,1550034000,1.0,0
2019-02-12,1549947600,49.20603542590595,52.439192554090276,2019-02-14,1550120400,1.0,0
2019-02-12,1549947600,49.20603542590595,52.439192554090276,2019-02-15,1550206800,1.0,0
2019-02-12,1549947600,49.20603542590595,52.439192554090276,2019-02-19,1550552400,1.0,1
2019-02-20,1550638800,52.439192554090276,55.5096873583291,2019-02-20,1550638800,1.0,1
2019-02-21,1550725200,49.45173309301136,52.439192554090276,2019-02-21,1550725200,-1.0,0
2019-02-21,1550725200,49.45173309301136,52.439192554090276,2019-02-22,1550811600,-1.0,0
2019-02-21,1550725200,49.45173309301136,52.439192554090276,2019-02-25,1551070800,-1.0,0
2019-02-21,1550725200,49.45173309301136,52.439192554090276,2019-02-26,1551157200,-1.0,1
2019-02-27,1551243600,52.439192554090276,55.33588449671509,2019-02-27,1551243600,1.0,0
2019-02-27,1551243600,52.439192554090276,55.33588449671509,2019-02-28,1551330000,1.0,0
2019-02-27,1551243600,52.439192554090276,55.33588449671509,2019-03-01,1551416400,1.0,0
2019-02-27,1551243600,52.439192554090276,55.33588449671509,2019-03-04,1551675600,1.0,0
2019-02-27,1551243600,52.439192554090276,55.33588449671509,2019-03-05,1551762000,1.0,1
2019-03-06,1551848400,49.462134673718644,52.439192554090276,2019-03-06,1551848400,-1.0,0
2019-03-06,1551848400,49.462134673718644,52.439192554090276,2019-03-07,1551934800,-1.0,0
2019-03-06,1551848400,49.462134673718644,52.439192554090276,2019-03-08,1552021200,-1.0,0
2019-03-06,1551848400,49.462134673718644,52.439192554090276,2019-03-11,1552276800,-1.0,0
2019-03-06,1551848400,49.462134673718644,52.439192554090276,2019-03-12,1552363200,-1.0,1
2019-03-13,1552449600,52.439192554090276,55.29716635142328,2019-03-13,1552449600,1.0,0
2019-03-13,1552449600,52.439192554090276,55.29716635142328,2019-03-14,1552536000,1.0,0
2019-03-13,1552449600,52.439192554090276,55.29716635142328,2019-03-15,1552622400,1.0,0
2019-03-13,1552449600,52.439192554090276,55.29716635142328,2019-03-18,1552881600,1.0,0
2019-03-13,1552449600,52.439192554090276,55.29716635142328,2019-03-19,1552968000,1.0,0
2019-03-13,1552449600,52.439192554090276,55.29716635142328,2019-03-20,1553054400,1.0,1
2019-03-21,1553140800,55.29716635142328,58.15216007437395,2019-03-21,1553140800,1.0,1
2019-03-22,1553227200,52.31310075154051,55.29716635142328,2019-03-22,1553227200,-1.0,0
2019-03-22,1553227200,52.31310075154051,55.29716635142328,2019-03-25,1553486400,-1.0,1
2019-03-26,1553572800,55.29716635142328,58.295090261526276,2019-03-26,1553572800,1.0,1
2019-03-27,1553659200,52.31923700632764,55.29716635142328,2019-03-27,1553659200,-1.0,1
2019-03-28,1553745600,55.29716635142328,58.237243600440664,2019-03-28,1553745600,1.0,1
2019-03-29,1553832000,52.35366604876428,55.29716635142328,2019-03-29,1553832000,-1.0,1
2019-04-01,1554091200,55.29716635142328,58.171845203892346,2019-04-01,1554091200,1.0,1
2019-04-02,1554177600,52.460678845559144,55.29716635142328,2019-04-02,1554177600,-1.0,0
2019-04-02,1554177600,52.460678845559144,55.29716635142328,2019-04-03,1554264000,-1.0,1
2019-04-04,1554350400,55.29716635142328,58.1043826192347,2019-04-04,1554350400,1.0,0
2019-04-04,1554350400,55.29716635142328,58.1043826192347,2019-04-05,1554436800,1.0,0
2019-04-04,1554350400,55.29716635142328,58.1043826192347,2019-04-08,1554696000,1.0,0
2019-04-04,1554350400,55.29716635142328,58.1043826192347,2019-04-09,1554782400,1.0,0
2019-04-04,1554350400,55.29716635142328,58.1043826192347,2019-04-10,1554868800,1.0,0
2019-04-04,1554350400,55.29716635142328,58.1043826192347,2019-04-11,1554955200,1.0,1
2019-04-12,1555041600,58.1043826192347,60.93222438244807,2019-04-12,1555041600,1.0,0
2019-04-12,1555041600,58.1043826192347,60.93222438244807,2019-04-15,1555300800,1.0,0
2019-04-12,1555041600,58.1043826192347,60.93222438244807,2019-04-16,1555387200,1.0,0
2019-04-12,1555041600,58.1043826192347,60.93222438244807,2019-04-17,1555473600,1.0,0
2019-04-12,1555041600,58.1043826192347,60.93222438244807,2019-04-18,1555560000,1.0,1
2019-04-22,1555905600,60.93222438244807,63.6539990518358,2019-04-22,1555905600,1.0,0
2019-04-22,1555905600,60.93222438244807,63.6539990518358,2019-04-23,1555992000,1.0,1
2019-04-24,1556078400,58.163398264455594,60.93222438244807,2019-04-24,1556078400,-1.0,0
2019-04-24,1556078400,58.163398264455594,60.93222438244807,2019-04-25,1556164800,-1.0,1
2019-04-26,1556251200,55.25390023414575,58.163398264455594,2019-04-26,1556251200,-1.0,1
2019-04-29,1556510400,58.163398264455594,60.98978929260045,2019-04-29,1556510400,1.0,0
2019-04-29,1556510400,58.163398264455594,60.98978929260045,2019-04-30,1556596800,1.0,1
2019-05-01,1556683200,55.38444885753478,58.163398264455594,2019-05-01,1556683200,-1.0,0
2019-05-01,1556683200,55.38444885753478,58.163398264455594,2019-05-02,1556769600,-1.0,0
2019-05-01,1556683200,55.38444885753478,58.163398264455594,2019-05-03,1556856000,-1.0,0
2019-05-01,1556683200,55.38444885753478,58.163398264455594,2019-05-06,1557115200,-1.0,0
2019-05-01,1556683200,55.38444885753478,58.163398264455594,2019-05-07,1557201600,-1.0,0
2019-05-01,1556683200,55.38444885753478,58.163398264455594,2019-05-08,1557288000,-1.0,0
2019-05-01,1556683200,55.38444885753478,58.163398264455594,2019-05-09,1557374400,-1.0,0
2019-05-01,1556683200,55.38444885753478,58.163398264455594,2019-05-10,1557460800,-1.0,0
2019-05-01,1556683200,55.38444885753478,58.163398264455594,2019-05-13,1557720000,-1.0,1
2019-05-14,1557806400,58.163398264455594,60.98135612817515,2019-05-14,1557806400,1.0,0
2019-05-14,1557806400,58.163398264455594,60.98135612817515,2019-05-15,1557892800,1.0,0
2019-05-14,1557806400,58.163398264455594,60.98135612817515,2019-05-16,1557979200,1.0,0
2019-05-14,1557806400,58.163398264455594,60.98135612817515,2019-05-17,1558065600,1.0,0
2019-05-14,1557806400,58.163398264455594,60.98135612817515,2019-05-20,1558324800,1.0,0
2019-05-14,1557806400,58.163398264455594,60.98135612817515,2019-05-21,1558411200,1.0,0
2019-05-14,1557806400,58.163398264455594,60.98135612817515,2019-05-22,1558497600,1.0,1
2019-05-23,1558584000,54.89065837463189,58.163398264455594,2019-05-23,1558584000,-1.0,1
2019-05-24,1558670400,51.56368561979559,54.89065837463189,2019-05-24,1558670400,-1.0,0
2019-05-24,1558670400,51.56368561979559,54.89065837463189,2019-05-28,1559016000,-1.0,0
2019-05-24,1558670400,51.56368561979559,54.89065837463189,2019-05-29,1559102400,-1.0,0
2019-05-24,1558670400,51.56368561979559,54.89065837463189,2019-05-30,1559188800,-1.0,1
2019-05-31,1559275200,48.329087305268324,51.56368561979559,2019-05-31,1559275200,-1.0,0
2019-05-31,1559275200,48.329087305268324,51.56368561979559,2019-06-03,1559534400,-1.0,0
2019-05-31,1559275200,48.329087305268324,51.56368561979559,2019-06-04,1559620800,-1.0,0
2019-05-31,1559275200,48.329087305268324,51.56368561979559,2019-06-05,1559707200,-1.0,0
2019-05-31,1559275200,48.329087305268324,51.56368561979559,2019-06-06,1559793600,-1.0,0
2019-05-31,1559275200,48.329087305268324,51.56368561979559,2019-06-07,1559880000,-1.0,1
2019-06-10,1560139200,51.56368561979559,54.58317224525897,2019-06-10,1560139200,1.0,0
2019-06-10,1560139200,51.56368561979559,54.58317224525897,2019-06-11,1560225600,1.0,0
2019-06-10,1560139200,51.56368561979559,54.58317224525897,2019-06-12,1560312000,1.0,0
2019-06-10,1560139200,51.56368561979559,54.58317224525897,2019-06-13,1560398400,1.0,0
2019-06-10,1560139200,51.56368561979559,54.58317224525897,2019-06-14,1560484800,1.0,0
2019-06-10,1560139200,51.56368561979559,54.58317224525897,2019-06-17,1560744000,1.0,0
2019-06-10,1560139200,51.56368561979559,54.58317224525897,2019-06-18,1560830400,1.0,0
2019-06-10,1560139200,51.56368561979559,54.58317224525897,2019-06-19,1560916800,1.0,1
2019-06-20,1561003200,54.58317224525897,57.645222563861616,2019-06-20,1561003200,1.0,0
2019-06-20,1561003200,54.58317224525897,57.645222563861616,2019-06-21,1561089600,1.0,0
2019-06-20,1561003200,54.58317224525897,57.645222563861616,2019-06-24,1561348800,1.0,0
2019-06-20,1561003200,54.58317224525897,57.645222563861616,2019-06-25,1561435200,1.0,1
2019-06-26,1561521600,57.645222563861616,60.702880392620735,2019-06-26,1561521600,1.0,0
2019-06-26,1561521600,57.645222563861616,60.702880392620735,2019-06-27,1561608000,1.0,0
2019-06-26,1561521600,57.645222563861616,60.702880392620735,2019-06-28,1561694400,1.0,0
2019-06-26,1561521600,57.645222563861616,60.702880392620735,2019-07-01,1561953600,1.0,1
2019-07-02,1562040000,54.46537533231255,57.645222563861616,2019-07-02,1562040000,-1.0,0
2019-07-02,1562040000,54.46537533231255,57.645222563861616,2019-07-03,1562126400,-1.0,0
2019-07-02,1562040000,54.46537533231255,57.645222563861616,2019-07-05,1562299200,-1.0,0
2019-07-02,1562040000,54.46537533231255,57.645222563861616,2019-07-08,1562558400,-1.0,0
2019-07-02,1562040000,54.46537533231255,57.645222563861616,2019-07-09,1562644800,-1.0,1
2019-07-10,1562731200,57.645222563861616,60.55543492356209,2019-07-10,1562731200,1.0,1
2019-07-11,1562817600,54.80916822985403,57.645222563861616,2019-07-11,1562817600,-1.0,1
2019-07-12,1562904000,57.645222563861616,60.41755873115437,2019-07-12,1562904000,1.0,1
2019-07-15,1563163200,54.83819612280406,57.645222563861616,2019-07-15,1563163200,-1.0,0
2019-07-15,1563163200,54.83819612280406,57.645222563861616,2019-07-16,1563249600,-1.0,1
2019-07-17,1563336000,51.92643352821871,54.83819612280406,2019-07-17,1563336000,-1.0,0
2019-07-17,1563336000,51.92643352821871,54.83819612280406,2019-07-18,1563422400,-1.0,1
2019-07-19,1563508800,54.83819612280406,57.64511387017611,2019-07-19,1563508800,1.0,0
2019-07-19,1563508800,54.83819612280406,57.64511387017611,2019-07-22,1563768000,1.0,0
2019-07-19,1563508800,54.83819612280406,57.64511387017611,2019-07-23,1563854400,1.0,0
2019-07-19,1563508800,54.83819612280406,57.64511387017611,2019-07-24,1563940800,1.0,1
2019-07-25,1564027200,52.17671190313794,54.83819612280406,2019-07-25,1564027200,-1.0,0
2019-07-25,1564027200,52.17671190313794,54.83819612280406,2019-07-26,1564113600,-1.0,1
2019-07-29,1564372800,54.83819612280406,57.41636363874065,2019-07-29,1564372800,1.0,0
2019-07-29,1564372800,54.83819612280406,57.41636363874065,2019-07-30,1564459200,1.0,1
2019-07-31,1564545600,57.41636363874065,60.55489583360435,2019-07-31,1564545600,1.0,0
2019-07-31,1564545600,57.41636363874065,60.55489583360435,2019-08-01,1564632000,1.0,1
2019-08-02,1564718400,53.99771087888369,57.41636363874065,2019-08-02,1564718400,-1.0,1
2019-08-05,1564977600,50.42981903044508,53.99771087888369,2019-08-05,1564977600,-1.0,0
2019-08-05,1564977600,50.42981903044508,53.99771087888369,2019-08-06,1565064000,-1.0,0
2019-08-05,1564977600,50.42981903044508,53.99771087888369,2019-08-07,1565150400,-1.0,1
2019-08-08,1565236800,53.99771087888369,57.75298070068384,2019-08-08,1565236800,1.0,0
2019-08-08,1565236800,53.99771087888369,57.75298070068384,2019-08-09,1565323200,1.0,0
2019-08-08,1565236800,53.99771087888369,57.75298070068384,2019-08-12,1565582400,1.0,0
2019-08-08,1565236800,53.99771087888369,57.75298070068384,2019-08-13,1565668800,1.0,0
2019-08-08,1565236800,53.99771087888369,57.75298070068384,2019-08-14,1565755200,1.0,0
2019-08-08,1565236800,53.99771087888369,57.75298070068384,2019-08-15,1565841600,1.0,0
2019-08-08,1565236800,53.99771087888369,57.75298070068384,2019-08-16,1565928000,1.0,0
2019-08-08,1565236800,53.99771087888369,57.75298070068384,2019-08-19,1566187200,1.0,0
2019-08-08,1565236800,53.99771087888369,57.75298070068384,2019-08-20,1566273600,1.0,1
2019-08-21,1566360000,57.75298070068384,61.46073983376599,2019-08-21,1566360000,1.0,0
2019-08-21,1566360000,57.75298070068384,61.46073983376599,2019-08-22,1566446400,1.0,1
2019-08-23,1566532800,53.84452512164872,57.75298070068384,2019-08-23,1566532800,-1.0,0
2019-08-23,1566532800,53.84452512164872,57.75298070068384,2019-08-26,1566792000,-1.0,0
2019-08-23,1566532800,53.84452512164872,57.75298070068384,2019-08-27,1566878400,-1.0,0
2019-08-23,1566532800,53.84452512164872,57.75298070068384,2019-08-28,1566964800,-1.0,0
2019-08-23,1566532800,53.84452512164872,57.75298070068384,2019-08-29,1567051200,-1.0,0
2019-08-23,1566532800,53.84452512164872,57.75298070068384,2019-08-30,1567137600,-1.0,1
2019-09-03,1567483200,57.75298070068384,61.35464414993051,2019-09-03,1567483200,1.0,0
2019-09-03,1567483200,57.75298070068384,61.35464414993051,2019-09-04,1567569600,1.0,0
2019-09-03,1567483200,57.75298070068384,61.35464414993051,2019-09-05,1567656000,1.0,0
2019-09-03,1567483200,57.75298070068384,61.35464414993051,2019-09-06,1567742400,1.0,0
2019-09-03,1567483200,57.75298070068384,61.35464414993051,2019-09-09,1568001600,1.0,0
2019-09-03,1567483200,57.75298070068384,61.35464414993051,2019-09-10,1568088000,1.0,0
2019-09-03,1567483200,57.75298070068384,61.35464414993051,2019-09-11,1568174400,1.0,0
2019-09-03,1567483200,57.75298070068384,61.35464414993051,2019-09-12,1568260800,1.0,0
2019-09-03,1567483200,57.75298070068384,61.35464414993051,2019-09-13,1568347200,1.0,1
2019-09-16,1568606400,61.35464414993051,65.39675986738521,2019-09-16,1568606400,1.0,0
2019-09-16,1568606400,61.35464414993051,65.39675986738521,2019-09-17,1568692800,1.0,0
2019-09-16,1568606400,61.35464414993051,65.39675986738521,2019-09-18,1568779200,1.0,1
2019-09-19,1568865600,57.02964115020457,61.35464414993051,2019-09-19,1568865600,-1.0,0
2019-09-19,1568865600,57.02964115020457,61.35464414993051,2019-09-20,1568952000,-1.0,0
2019-09-19,1568865600,57.02964115020457,61.35464414993051,2019-09-23,1569211200,-1.0,0
2019-09-19,1568865600,57.02964115020457,61.35464414993051,2019-09-24,1569297600,-1.0,0
2019-09-19,1568865600,57.02964115020457,61.35464414993051,2019-09-25,1569384000,-1.0,1
2019-09-26,1569470400,53.13625779658472,57.02964115020457,2019-09-26,1569470400,-1.0,0
2019-09-26,1569470400,53.13625779658472,57.02964115020457,2019-09-27,1569556800,-1.0,0
2019-09-26,1569470400,53.13625779658472,57.02964115020457,2019-09-30,1569816000,-1.0,0
2019-09-26,1569470400,53.13625779658472,57.02964115020457,2019-10-01,1569902400,-1.0,0
2019-09-26,1569470400,53.13625779658472,57.02964115020457,2019-10-02,1569988800,-1.0,0
2019-09-26,1569470400,53.13625779658472,57.02964115020457,2019-10-03,1570075200,-1.0,1
2019-10-04,1570161600,57.02964115020457,60.70807266174824,2019-10-04,1570161600,1.0,0
2019-10-04,1570161600,57.02964115020457,60.70807266174824,2019-10-07,1570420800,1.0,0
2019-10-04,1570161600,57.02964115020457,60.70807266174824,2019-10-08,1570507200,1.0,0
2019-10-04,1570161600,57.02964115020457,60.70807266174824,2019-10-09,1570593600,1.0,0
2019-10-04,1570161600,57.02964115020457,60.70807266174824,2019-10-10,1570680000,1.0,1
2019-10-11,1570766400,60.70807266174824,64.22353913259295,2019-10-11,1570766400,1.0,0
2019-10-11,1570766400,60.70807266174824,64.22353913259295,2019-10-14,1571025600,1.0,0
2019-10-11,1570766400,60.70807266174824,64.22353913259295,2019-10-15,1571112000,1.0,1
2019-10-16,1571198400,57.303086569749034,60.70807266174824,2019-10-16,1571198400,-1.0,0
2019-10-16,1571198400,57.303086569749034,60.70807266174824,2019-10-17,1571284800,-1.0,0
2019-10-16,1571198400,57.303086569749034,60.70807266174824,2019-10-18,1571371200,-1.0,0
2019-10-16,1571198400,57.303086569749034,60.70807266174824,2019-10-21,1571630400,-1.0,1
2019-10-22,1571716800,60.70807266174824,63.98693464044434,2019-10-22,1571716800,1.0,0
2019-10-22,1571716800,60.70807266174824,63.98693464044434,2019-10-23,1571803200,1.0,0
2019-10-22,1571716800,60.70807266174824,63.98693464044434,2019-10-24,1571889600,1.0,0
2019-10-22,1571716800,60.70807266174824,63.98693464044434,2019-10-25,1571976000,1.0,0
2019-10-22,1571716800,60.70807266174824,63.98693464044434,2019-10-28,1572235200,1.0,0
2019-10-22,1571716800,60.70807266174824,63.98693464044434,2019-10-29,1572321600,1.0,1
2019-10-30,1572408000,57.30798672729914,60.70807266174824,2019-10-30,1572408000,-1.0,0
2019-10-30,1572408000,57.30798672729914,60.70807266174824,2019-10-31,1572494400,-1.0,1
2019-11-01,1572580800,60.70807266174824,64.25490186032935,2019-11-01,1572580800,1.0,0
2019-11-01,1572580800,60.70807266174824,64.25490186032935,2019-11-04,1572843600,1.0,0
2019-11-01,1572580800,60.70807266174824,64.25490186032935,2019-11-05,1572930000,1.0,0
2019-11-01,1572580800,60.70807266174824,64.25490186032935,2019-11-06,1573016400,1.0,1
2019-11-07,1573102800,64.25490186032935,67.69763412659016,2019-11-07,1573102800,1.0,0
2019-11-07,1573102800,64.25490186032935,67.69763412659016,2019-11-08,1573189200,1.0,0
2019-11-07,1573102800,64.25490186032935,67.69763412659016,2019-11-11,1573448400,1.0,0
2019-11-07,1573102800,64.25490186032935,67.69763412659016,2019-11-12,1573534800,1.0,1
2019-11-13,1573621200,60.51634094152794,64.25490186032935,2019-11-13,1573621200,-1.0,0
2019-11-13,1573621200,60.51634094152794,64.25490186032935,2019-11-14,1573707600,-1.0,0
2019-11-13,1573621200,60.51634094152794,64.25490186032935,2019-11-15,1573794000,-1.0,0
2019-11-13,1573621200,60.51634094152794,64.25490186032935,2019-11-18,1574053200,-1.0,0
2019-11-13,1573621200,60.51634094152794,64.25490186032935,2019-11-19,1574139600,-1.0,0
2019-11-13,1573621200,60.51634094152794,64.25490186032935,2019-11-20,1574226000,-1.0,0
2019-11-13,1573621200,60.51634094152794,64.25490186032935,2019-11-21,1574312400,-1.0,1
2019-11-22,1574398800,57.035429644499565,60.51634094152794,2019-11-22,1574398800,-1.0,0
2019-11-22,1574398800,57.035429644499565,60.51634094152794,2019-11-25,1574658000,-1.0,0
2019-11-22,1574398800,57.035429644499565,60.51634094152794,2019-11-26,1574744400,-1.0,0
2019-11-22,1574398800,57.035429644499565,60.51634094152794,2019-11-27,1574830800,-1.0,1
2019-11-29,1575003600,53.810625668176485,57.035429644499565,2019-11-29,1575003600,-1.0,0
2019-11-29,1575003600,53.810625668176485,57.035429644499565,2019-12-02,1575262800,-1.0,0
2019-11-29,1575003600,53.810625668176485,57.035429644499565,2019-12-03,1575349200,-1.0,0
2019-11-29,1575003600,53.810625668176485,57.035429644499565,2019-12-04,1575435600,-1.0,0
2019-11-29,1575003600,53.810625668176485,57.035429644499565,2019-12-05,1575522000,-1.0,1
2019-12-06,1575608400,57.035429644499565,60.08005822704874,2019-12-06,1575608400,1.0,1
2019-12-09,1575867600,54.083560246418195,57.035429644499565,2019-12-09,1575867600,-1.0,0
2019-12-09,1575867600,54.083560246418195,57.035429644499565,2019-12-10,1575954000,-1.0,0
2019-12-09,1575867600,54.083560246418195,57.035429644499565,2019-12-11,1576040400,-1.0,1
2019-12-12,1576126800,57.035429644499565,59.79110933385262,2019-12-12,1576126800,1.0,0
2019-12-12,1576126800,57.035429644499565,59.79110933385262,2019-12-13,1576213200,1.0,0
2019-12-12,1576126800,57.035429644499565,59.79110933385262,2019-12-16,1576472400,1.0,0
2019-12-12,1576126800,57.035429644499565,59.79110933385262,2019-12-17,1576558800,1.0,1
2019-12-18,1576645200,59.79110933385262,62.64085016078963,2019-12-18,1576645200,1.0,1
2019-12-19,1576731600,56.916064280268245,59.79110933385262,2019-12-19,1576731600,-1.0,0
2019-12-19,1576731600,56.916064280268245,59.79110933385262,2019-12-20,1576818000,-1.0,1
2019-12-23,1577077200,59.79110933385262,62.81763287495343,2019-12-23,1577077200,1.0,0
2019-12-23,1577077200,59.79110933385262,62.81763287495343,2019-12-24,1577163600,1.0,0
2019-12-23,1577077200,59.79110933385262,62.81763287495343,2019-12-26,1577336400,1.0,0
2019-12-23,1577077200,59.79110933385262,62.81763287495343,2019-12-27,1577422800,1.0,0
2019-12-23,1577077200,59.79110933385262,62.81763287495343,2019-12-30,1577682000,1.0,0
2019-12-23,1577077200,59.79110933385262,62.81763287495343,2019-12-31,1577768400,1.0,0
2019-12-23,1577077200,59.79110933385262,62.81763287495343,2020-01-02,1577941200,1.0,1
2020-01-03,1578027600,62.81763287495343,65.5787381833745,2020-01-03,1578027600,1.0,0
2020-01-03,1578027600,62.81763287495343,65.5787381833745,2020-01-06,1578286800,1.0,0
2020-01-03,1578027600,62.81763287495343,65.5787381833745,2020-01-07,1578373200,1.0,0
2020-01-03,1578027600,62.81763287495343,65.5787381833745,2020-01-08,1578459600,1.0,0
2020-01-03,1578027600,62.81763287495343,65.5787381833745,2020-01-09,1578546000,1.0,0
2020-01-03,1578027600,62.81763287495343,65.5787381833745,2020-01-10,1578632400,1.0,0
2020-01-03,1578027600,62.81763287495343,65.5787381833745,2020-01-13,1578891600,1.0,0
2020-01-03,1578027600,62.81763287495343,65.5787381833745,2020-01-14,1578978000,1.0,0
2020-01-03,1578027600,62.81763287495343,65.5787381833745,2020-01-15,1579064400,1.0,0
2020-01-03,1578027600,62.81763287495343,65.5787381833745,2020-01-16,1579150800,1.0,0
2020-01-03,1578027600,62.81763287495343,65.5787381833745,2020-01-17,1579237200,1.0,0
2020-01-03,1578027600,62.81763287495343,65.5787381833745,2020-01-21,1579582800,1.0,1
2020-01-22,1579669200,60.242752263832415,62.81763287495343,2020-01-22,1579669200,-1.0,0
2020-01-22,1579669200,60.242752263832415,62.81763287495343,2020-01-23,1579755600,-1.0,1
2020-01-24,1579842000,57.38632969608011,60.242752263832415,2020-01-24,1579842000,-1.0,1
2020-01-27,1580101200,54.43950874031011,57.38632969608011,2020-01-27,1580101200,-1.0,0
2020-01-27,1580101200,54.43950874031011,57.38632969608011,2020-01-28,1580187600,-1.0,1
2020-01-29,1580274000,51.08027026314108,54.43950874031011,2020-01-29,1580274000,-1.0,0
2020-01-29,1580274000,51.08027026314108,54.43950874031011,2020-01-30,1580360400,-1.0,0
2020-01-29,1580274000,51.08027026314108,54.43950874031011,2020-01-31,1580446800,-1.0,0
2020-01-29,1580274000,51.08027026314108,54.43950874031011,2020-02-03,1580706000,-1.0,0
2020-01-29,1580274000,51.08027026314108,54.43950874031011,2020-02-04,1580792400,-1.0,1
2020-02-05,1580878800,54.43950874031011,57.77630410441346,2020-02-05,1580878800,1.0,1
2020-02-06,1580965200,51.06977018792843,54.43950874031011,2020-02-06,1580965200,-1.0,0
2020-02-06,1580965200,51.06977018792843,54.43950874031011,2020-02-07,1581051600,-1.0,1
2020-02-10,1581310800,47.761067048374834,51.06977018792843,2020-02-10,1581310800,-1.0,1
2020-02-11,1581397200,51.06977018792843,54.34399453179962,2020-02-11,1581397200,1.0,0
2020-02-11,1581397200,51.06977018792843,54.34399453179962,2020-02-12,1581483600,1.0,1
2020-02-13,1581570000,54.34399453179962,57.72958593034162,2020-02-13,1581570000,1.0,0
2020-02-13,1581570000,54.34399453179962,57.72958593034162,2020-02-14,1581656400,1.0,0
2020-02-13,1581570000,54.34399453179962,57.72958593034162,2020-02-18,1582002000,1.0,1
2020-02-19,1582088400,57.72958593034162,61.24556344586522,2020-02-19,1582088400,1.0,0
2020-02-19,1582088400,57.72958593034162,61.24556344586522,2020-02-20,1582174800,1.0,0
2020-02-19,1582088400,57.72958593034162,61.24556344586522,2020-02-21,1582261200,1.0,1
2020-02-24,1582520400,53.94355364112684,57.72958593034162,2020-02-24,1582520400,-1.0,1
2020-02-25,1582606800,49.96380937257026,53.94355364112684,2020-02-25,1582606800,-1.0,0
2020-02-25,1582606800,49.96380937257026,53.94355364112684,2020-02-26,1582693200,-1.0,0
2020-02-25,1582606800,49.96380937257026,53.94355364112684,2020-02-27,1582779600,-1.0,0
2020-02-25,1582606800,49.96380937257026,53.94355364112684,2020-02-28,1582866000,-1.0,0
2020-02-25,1582606800,49.96380937257026,53.94355364112684,2020-03-02,1583125200,-1.0,0
2020-02-25,1582606800,49.96380937257026,53.94355364112684,2020-03-03,1583211600,-1.0,0
2020-02-25,1582606800,49.96380937257026,53.94355364112684,2020-03-04,1583298000,-1.0,0
2020-02-25,1582606800,49.96380937257026,53.94355364112684,2020-03-05,1583384400,-1.0,1
2020-03-06,1583470800,44.936173334642305,49.96380937257026,2020-03-06,1583470800,-1.0,1
2020-03-09,1583726400,37.646082727994916,44.936173334642305,2020-03-09,1583726400,-1.0,1
2020-03-10,1583812800,30.00114145039377,37.646082727994916,2020-03-10,1583812800,-1.0,0
2020-03-10,1583812800,30.00114145039377,37.646082727994916,2020-03-11,1583899200,-1.0,0
2020-03-10,1583812800,30.00114145039377,37.646082727994916,2020-03-12,1583985600,-1.0,0
2020-03-10,1583812800,30.00114145039377,37.646082727994916,2020-03-13,1584072000,-1.0,1
2020-03-16,1584331200,22.222265830090606,30.00114145039377,2020-03-16,1584331200,-1.0,0
2020-03-16,1584331200,22.222265830090606,30.00114145039377,2020-03-17,1584417600,-1.0,0
2020-03-16,1584331200,22.222265830090606,30.00114145039377,2020-03-18,1584504000,-1.0,0
2020-03-16,1584331200,22.222265830090606,30.00114145039377,2020-03-19,1584590400,-1.0,0
2020-03-16,1584331200,22.222265830090606,30.00114145039377,2020-03-20,1584676800,-1.0,0
2020-03-16,1584331200,22.222265830090606,30.00114145039377,2020-03-23,1584936000,-1.0,1
2020-03-24,1585022400,30.00114145039377,37.65778356326233,2020-03-24,1585022400,1.0,0
2020-03-24,1585022400,30.00114145039377,37.65778356326233,2020-03-25,1585108800,1.0,0
2020-03-24,1585022400,30.00114145039377,37.65778356326233,2020-03-26,1585195200,1.0,0
2020-03-24,1585022400,30.00114145039377,37.65778356326233,2020-03-27,1585281600,1.0,1
2020-03-30,1585540800,22.738262249393173,30.00114145039377,2020-03-30,1585540800,-1.0,1
2020-03-31,1585627200,30.00114145039377,37.15281499418004,2020-03-31,1585627200,1.0,1
2020-04-01,1585713600,23.03630173116366,30.00114145039377,2020-04-01,1585713600,-1.0,1
2020-04-02,1585800000,30.00114145039377,37.12677833253601,2020-04-02,1585800000,1.0,0
2020-04-02,1585800000,30.00114145039377,37.12677833253601,2020-04-03,1585886400,1.0,0
2020-04-02,1585800000,30.00114145039377,37.12677833253601,2020-04-06,1586145600,1.0,0
2020-04-02,1585800000,30.00114145039377,37.12677833253601,2020-04-07,1586232000,1.0,0
2020-04-02,1585800000,30.00114145039377,37.12677833253601,2020-04-08,1586318400,1.0,1
2020-04-09,1586404800,37.12677833253601,44.409003203276704,2020-04-09,1586404800,1.0,1
2020-04-13,1586750400,30.012426666848228,37.12677833253601,2020-04-13,1586750400,-1.0,0
2020-04-13,1586750400,30.012426666848228,37.12677833253601,2020-04-14,1586836800,-1.0,0
2020-04-13,1586750400,30.012426666848228,37.12677833253601,2020-04-15,1586923200,-1.0,0
2020-04-13,1586750400,30.012426666848228,37.12677833253601,2020-04-16,1587009600,-1.0,0
2020-04-13,1586750400,30.012426666848228,37.12677833253601,2020-04-17,1587096000,-1.0,0
2020-04-13,1586750400,30.012426666848228,37.12677833253601,2020-04-20,1587355200,-1.0,0
2020-04-13,1586750400,30.012426666848228,37.12677833253601,2020-04-21,1587441600,-1.0,0
2020-04-13,1586750400,30.012426666848228,37.12677833253601,2020-04-22,1587528000,-1.0,1
2020-04-23,1587614400,37.12677833253601,43.68390481839406,2020-04-23,1587614400,1.0,0
2020-04-23,1587614400,37.12677833253601,43.68390481839406,2020-04-24,1587700800,1.0,0
2020-04-23,1587614400,37.12677833253601,43.68390481839406,2020-04-27,1587960000,1.0,0
2020-04-23,1587614400,37.12677833253601,43.68390481839406,2020-04-28,1588046400,1.0,1
2020-04-29,1588132800,43.68390481839406,49.921715094388226,2020-04-29,1588132800,1.0,0
2020-04-29,1588132800,43.68390481839406,49.921715094388226,2020-04-30,1588219200,1.0,1
2020-05-01,1588305600,37.42265003960318,43.68390481839406,2020-05-01,1588305600,-1.0,0
2020-05-01,1588305600,37.42265003960318,43.68390481839406,2020-05-04,1588564800,-1.0,0
2020-05-01,1588305600,37.42265003960318,43.68390481839406,2020-05-05,1588651200,-1.0,0
2020-05-01,1588305600,37.42265003960318,43.68390481839406,2020-05-06,1588737600,-1.0,0
2020-05-01,1588305600,37.42265003960318,43.68390481839406,2020-05-07,1588824000,-1.0,1
2020-05-08,1588910400,43.68390481839406,49.552222005023154,2020-05-08,1588910400,1.0,0
2020-05-08,1588910400,43.68390481839406,49.552222005023154,2020-05-11,1589169600,1.0,1
2020-05-12,1589256000,38.06340683604551,43.68390481839406,2020-05-12,1589256000,-1.0,0
2020-05-12,1589256000,38.06340683604551,43.68390481839406,2020-05-13,1589342400,-1.0,0
2020-05-12,1589256000,38.06340683604551,43.68390481839406,2020-05-14,1589428800,-1.0,0
2020-05-12,1589256000,38.06340683604551,43.68390481839406,2020-05-15,1589515200,-1.0,1
2020-05-18,1589774400,43.68390481839406,49.66799490778018,2020-05-18,1589774400,1.0,1
2020-05-19,1589860800,37.704249735392665,43.68390481839406,2020-05-19,1589860800,-1.0,1
2020-05-20,1589947200,43.68390481839406,49.536013109752496,2020-05-20,1589947200,1.0,0
2020-05-20,1589947200,43.68390481839406,49.536013109752496,2020-05-21,1590033600,1.0,0
2020-05-20,1589947200,43.68390481839406,49.536013109752496,2020-05-22,1590120000,1.0,0
2020-05-20,1589947200,43.68390481839406,49.536013109752496,2020-05-26,1590465600,1.0,0
2020-05-20,1589947200,43.68390481839406,49.536013109752496,2020-05-27,1590552000,1.0,0
2020-05-20,1589947200,43.68390481839406,49.536013109752496,2020-05-28,1590638400,1.0,0
2020-05-20,1589947200,43.68390481839406,49.536013109752496,2020-05-29,1590724800,1.0,0
2020-05-20,1589947200,43.68390481839406,49.536013109752496,2020-06-01,1590984000,1.0,0
2020-05-20,1589947200,43.68390481839406,49.536013109752496,2020-06-02,1591070400,1.0,0
2020-05-20,1589947200,43.68390481839406,49.536013109752496,2020-06-03,1591156800,1.0,0
2020-05-20,1589947200,43.68390481839406,49.536013109752496,2020-06-04,1591243200,1.0,1
2020-06-05,1591329600,49.536013109752496,54.50871180270444,2020-06-05,1591329600,1.0,1
2020-06-08,1591588800,54.50871180270444,59.48493201758839,2020-06-08,1591588800,1.0,1
2020-06-09,1591675200,49.46107874602649,54.50871180270444,2020-06-09,1591675200,-1.0,0
2020-06-09,1591675200,49.46107874602649,54.50871180270444,2020-06-10,1591761600,-1.0,1
2020-06-11,1591848000,44.01133391654397,49.46107874602649,2020-06-11,1591848000,-1.0,0
2020-06-11,1591848000,44.01133391654397,49.46107874602649,2020-06-12,1591934400,-1.0,0
2020-06-11,1591848000,44.01133391654397,49.46107874602649,2020-06-15,1592193600,-1.0,0
2020-06-11,1591848000,44.01133391654397,49.46107874602649,2020-06-16,1592280000,-1.0,0
2020-06-11,1591848000,44.01133391654397,49.46107874602649,2020-06-17,1592366400,-1.0,0
2020-06-11,1591848000,44.01133391654397,49.46107874602649,2020-06-18,1592452800,-1.0,0
2020-06-11,1591848000,44.01133391654397,49.46107874602649,2020-06-19,1592539200,-1.0,0
2020-06-11,1591848000,44.01133391654397,49.46107874602649,2020-06-22,1592798400,-1.0,0
2020-06-11,1591848000,44.01133391654397,49.46107874602649,2020-06-23,1592884800,-1.0,0
2020-06-11,1591848000,44.01133391654397,49.46107874602649,2020-06-24,1592971200,-1.0,0
2020-06-11,1591848000,44.01133391654397,49.46107874602649,2020-06-25,1593057600,-1.0,0
2020-06-11,1591848000,44.01133391654397,49.46107874602649,2020-06-26,1593144000,-1.0,0
2020-06-11,1591848000,44.01133391654397,49.46107874602649,2020-06-29,1593403200,-1.0,0
2020-06-11,1591848000,44.01133391654397,49.46107874602649,2020-06-30,1593489600,-1.0,0
2020-06-11,1591848000,44.01133391654397,49.46107874602649,2020-07-01,1593576000,-1.0,0
2020-06-11,1591848000,44.01133391654397,49.46107874602649,2020-07-02,1593662400,-1.0,0
2020-06-11,1591848000,44.01133391654397,49.46107874602649,2020-07-06,1594008000,-1.0,0
2020-06-11,1591848000,44.01133391654397,49.46107874602649,2020-07-07,1594094400,-1.0,0
2020-06-11,1591848000,44.01133391654397,49.46107874602649,2020-07-08,1594180800,-1.0,1
2020-07-09,1594267200,39.300899892396224,44.01133391654397,2020-07-09,1594267200,-1.0,0
2020-07-09,1594267200,39.300899892396224,44.01133391654397,2020-07-10,1594353600,-1.0,0
2020-07-09,1594267200,39.300899892396224,44.01133391654397,2020-07-13,1594612800,-1.0,1
2020-07-14,1594699200,44.01133391654397,48.55923754302086,2020-07-14,1594699200,1.0,0
2020-07-14,1594699200,44.01133391654397,48.55923754302086,2020-07-15,1594785600,1.0,0
2020-07-14,1594699200,44.01133391654397,48.55923754302086,2020-07-16,1594872000,1.0,0
2020-07-14,1594699200,44.01133391654397,48.55923754302086,2020-07-17,1594958400,1.0,0
2020-07-14,1594699200,44.01133391654397,48.55923754302086,2020-07-20,1595217600,1.0,1
2020-07-21,1595304000,48.55923754302086,53.03793495924901,2020-07-21,1595304000,1.0,0
2020-07-21,1595304000,48.55923754302086,53.03793495924901,2020-07-22,1595390400,1.0,1
2020-07-23,1595476800,44.18505456678333,48.55923754302086,2020-07-23,1595476800,-1.0,0
2020-07-23,1595476800,44.18505456678333,48.55923754302086,2020-07-24,1595563200,-1.0,0
2020-07-23,1595476800,44.18505456678333,48.55923754302086,2020-07-27,1595822400,-1.0,0
2020-07-23,1595476800,44.18505456678333,48.55923754302086,2020-07-28,1595908800,-1.0,0
2020-07-23,1595476800,44.18505456678333,48.55923754302086,2020-07-29,1595995200,-1.0,0
2020-07-23,1595476800,44.18505456678333,48.55923754302086,2020-07-30,1596081600,-1.0,0
2020-07-23,1595476800,44.18505456678333,48.55923754302086,2020-07-31,1596168000,-1.0,0
2020-07-23,1595476800,44.18505456678333,48.55923754302086,2020-08-03,1596427200,-1.0,0
2020-07-23,1595476800,44.18505456678333,48.55923754302086,2020-08-04,1596513600,-1.0,1
2020-08-05,1596600000,48.55923754302086,52.63524770466942,2020-08-05,1596600000,1.0,0
2020-08-05,1596600000,48.55923754302086,52.63524770466942,2020-08-06,1596686400,1.0,0
2020-08-05,1596600000,48.55923754302086,52.63524770466942,2020-08-07,1596772800,1.0,0
2020-08-05,1596600000,48.55923754302086,52.63524770466942,2020-08-10,1597032000,1.0,0
2020-08-05,1596600000,48.55923754302086,52.63524770466942,2020-08-11,1597118400,1.0,0
2020-08-05,1596600000,48.55923754302086,52.63524770466942,2020-08-12,1597204800,1.0,0
2020-08-05,1596600000,48.55923754302086,52.63524770466942,2020-08-13,1597291200,1.0,0
2020-08-05,1596600000,48.55923754302086,52.63524770466942,2020-08-14,1597377600,1.0,0
2020-08-05,1596600000,48.55923754302086,52.63524770466942,2020-08-17,1597636800,1.0,1
2020-08-18,1597723200,44.64533699593038,48.55923754302086,2020-08-18,1597723200,-1.0,0
2020-08-18,1597723200,44.64533699593038,48.55923754302086,2020-08-19,1597809600,-1.0,0
2020-08-18,1597723200,44.64533699593038,48.55923754302086,2020-08-20,1597896000,-1.0,1
2020-08-21,1597982400,41.04469213370086,44.64533699593038,2020-08-21,1597982400,-1.0,0
2020-08-21,1597982400,41.04469213370086,44.64533699593038,2020-08-24,1598241600,-1.0,1
2020-08-25,1598328000,44.64533699593038,48.07259710673032,2020-08-25,1598328000,1.0,1
2020-08-26,1598414400,41.21602403590186,44.64533699593038,2020-08-26,1598414400,-1.0,0
2020-08-26,1598414400,41.21602403590186,44.64533699593038,2020-08-27,1598500800,-1.0,0
2020-08-26,1598414400,41.21602403590186,44.64533699593038,2020-08-28,1598587200,-1.0,0
2020-08-26,1598414400,41.21602403590186,44.64533699593038,2020-08-31,1598846400,-1.0,0
2020-08-26,1598414400,41.21602403590186,44.64533699593038,2020-09-01,1598932800,-1.0,0
2020-08-26,1598414400,41.21602403590186,44.64533699593038,2020-09-02,1599019200,-1.0,0
2020-08-26,1598414400,41.21602403590186,44.64533699593038,2020-09-03,1599105600,-1.0,0
2020-08-26,1598414400,41.21602403590186,44.64533699593038,2020-09-04,1599192000,-1.0,0
2020-08-26,1598414400,41.21602403590186,44.64533699593038,2020-09-08,1599537600,-1.0,0
2020-08-26,1598414400,41.21602403590186,44.64533699593038,2020-09-09,1599624000,-1.0,1
2020-09-10,1599710400,37.88109273291757,41.21602403590186,2020-09-10,1599710400,-1.0,0
2020-09-10,1599710400,37.88109273291757,41.21602403590186,2020-09-11,1599796800,-1.0,0
2020-09-10,1599710400,37.88109273291757,41.21602403590186,2020-09-14,1600056000,-1.0,0
2020-09-10,1599710400,37.88109273291757,41.21602403590186,2020-09-15,1600142400,-1.0,1
2020-09-16,1600228800,41.21602403590186,44.42764864399573,2020-09-16,1600228800,1.0,0
2020-09-16,1600228800,41.21602403590186,44.42764864399573,2020-09-17,1600315200,1.0,1
2020-09-18,1600401600,38.09094975647398,41.21602403590186,2020-09-18,1600401600,-1.0,0
2020-09-18,1600401600,38.09094975647398,41.21602403590186,2020-09-21,1600660800,-1.0,0
2020-09-18,1600401600,38.09094975647398,41.21602403590186,2020-09-22,1600747200,-1.0,1
2020-09-23,1600833600,34.899113680707565,38.09094975647398,2020-09-23,1600833600,-1.0,0
2020-09-23,1600833600,34.899113680707565,38.09094975647398,2020-09-24,1600920000,-1.0,0
2020-09-23,1600833600,34.899113680707565,38.09094975647398,2020-09-25,1601006400,-1.0,1
2020-09-28,1601265600,38.09094975647398,41.19416763492107,2020-09-28,1601265600,1.0,0
2020-09-28,1601265600,38.09094975647398,41.19416763492107,2020-09-29,1601352000,1.0,0
2020-09-28,1601265600,38.09094975647398,41.19416763492107,2020-09-30,1601438400,1.0,1
2020-10-01,1601524800,35.077504538198376,38.09094975647398,2020-10-01,1601524800,-1.0,0
2020-10-01,1601524800,35.077504538198376,38.09094975647398,2020-10-02,1601611200,-1.0,0
2020-10-01,1601524800,35.077504538198376,38.09094975647398,2020-10-05,1601870400,-1.0,0
2020-10-01,1601524800,35.077504538198376,38.09094975647398,2020-10-06,1601956800,-1.0,0
2020-10-01,1601524800,35.077504538198376,38.09094975647398,2020-10-07,1602043200,-1.0,0
2020-10-01,1601524800,35.077504538198376,38.09094975647398,2020-10-08,1602129600,-1.0,0
2020-10-01,1601524800,35.077504538198376,38.09094975647398,2020-10-09,1602216000,-1.0,0
2020-10-01,1601524800,35.077504538198376,38.09094975647398,2020-10-12,1602475200,-1.0,0
2020-10-01,1601524800,35.077504538198376,38.09094975647398,2020-10-13,1602561600,-1.0,0
2020-10-01,1601524800,35.077504538198376,38.09094975647398,2020-10-14,1602648000,-1.0,0
2020-10-01,1601524800,35.077504538198376,38.09094975647398,2020-10-15,1602734400,-1.0,0
2020-10-01,1601524800,35.077504538198376,38.09094975647398,2020-10-16,1602820800,-1.0,1
2020-10-19,1603080000,32.08331681659015,35.077504538198376,2020-10-19,1603080000,-1.0,1
2020-10-20,1603166400,35.077504538198376,38.04682170826316,2020-10-20,1603166400,1.0,1
2020-10-21,1603252800,32.183995737423935,35.077504538198376,2020-10-21,1603252800,-1.0,1
2020-10-22,1603339200,35.077504538198376,38.02019128177464,2020-10-22,1603339200,1.0,0
2020-10-22,1603339200,35.077504538198376,38.02019128177464,2020-10-23,1603425600,1.0,0
2020-10-22,1603339200,35.077504538198376,38.02019128177464,2020-10-26,1603684800,1.0,0
2020-10-22,1603339200,35.077504538198376,38.02019128177464,2020-10-27,1603771200,1.0,1
2020-10-28,1603857600,32.14709814286097,35.077504538198376,2020-10-28,1603857600,-1.0,0
2020-10-28,1603857600,32.14709814286097,35.077504538198376,2020-10-29,1603944000,-1.0,0
2020-10-28,1603857600,32.14709814286097,35.077504538198376,2020-10-30,1604030400,-1.0,1
2020-11-02,1604293200,35.077504538198376,38.016072632424425,2020-11-02,1604293200,1.0,1
2020-11-03,1604379600,32.07626273641704,35.077504538198376,2020-11-03,1604379600,-1.0,0
2020-11-03,1604379600,32.07626273641704,35.077504538198376,2020-11-04,1604466000,-1.0,0
2020-11-03,1604379600,32.07626273641704,35.077504538198376,2020-11-05,1604552400,-1.0,0
2020-11-03,1604379600,32.07626273641704,35.077504538198376,2020-11-06,1604638800,-1.0,1
2020-11-09,1604898000,35.077504538198376,38.86279829862832,2020-11-09,1604898000,1.0,1
2020-11-10,1604984400,38.86279829862832,42.646428219027555,2020-11-10,1604984400,1.0,0
2020-11-10,1604984400,38.86279829862832,42.646428219027555,2020-11-11,1605070800,1.0,0
2020-11-10,1604984400,38.86279829862832,42.646428219027555,2020-11-12,1605157200,1.0,0
2020-11-10,1604984400,38.86279829862832,42.646428219027555,2020-11-13,1605243600,1.0,1
2020-11-16,1605502800,42.646428219027555,46.63613725059051,2020-11-16,1605502800,1.0,0
2020-11-16,1605502800,42.646428219027555,46.63613725059051,2020-11-17,1605589200,1.0,0
2020-11-16,1605502800,42.646428219027555,46.63613725059051,2020-11-18,1605675600,1.0,0
2020-11-16,1605502800,42.646428219027555,46.63613725059051,2020-11-19,1605762000,1.0,0
2020-11-16,1605502800,42.646428219027555,46.63613725059051,2020-11-20,1605848400,1.0,1
2020-11-23,1606107600,46.63613725059051,50.65389843167596,2020-11-23,1606107600,1.0,0
2020-11-23,1606107600,46.63613725059051,50.65389843167596,2020-11-24,1606194000,1.0,0
2020-11-23,1606107600,46.63613725059051,50.65389843167596,2020-11-25,1606280400,1.0,0
2020-11-23,1606107600,46.63613725059051,50.65389843167596,2020-11-27,1606453200,1.0,1
2020-11-30,1606712400,42.28847567486733,46.63613725059051,2020-11-30,1606712400,-1.0,0
2020-11-30,1606712400,42.28847567486733,46.63613725059051,2020-12-01,1606798800,-1.0,0
2020-11-30,1606712400,42.28847567486733,46.63613725059051,2020-12-02,1606885200,-1.0,1
2020-12-03,1606971600,46.63613725059051,51.091493111328056,2020-12-03,1606971600,1.0,0
2020-12-03,1606971600,46.63613725059051,51.091493111328056,2020-12-04,1607058000,1.0,0
2020-12-03,1606971600,46.63613725059051,51.091493111328056,2020-12-07,1607317200,1.0,0
2020-12-03,1606971600,46.63613725059051,51.091493111328056,2020-12-08,1607403600,1.0,0
2020-12-03,1606971600,46.63613725059051,51.091493111328056,2020-12-09,1607490000,1.0,1
2020-12-10,1607576400,51.091493111328056,55.65816182748952,2020-12-10,1607576400,1.0,0
2020-12-10,1607576400,51.091493111328056,55.65816182748952,2020-12-11,1607662800,1.0,1
2020-12-14,1607922000,46.47045733055618,51.091493111328056,2020-12-14,1607922000,-1.0,1
2020-12-15,1608008400,51.091493111328056,55.69488347918766,2020-12-15,1608008400,1.0,0
2020-12-15,1608008400,51.091493111328056,55.69488347918766,2020-12-16,1608094800,1.0,0
2020-12-15,1608008400,51.091493111328056,55.69488347918766,2020-12-17,1608181200,1.0,0
2020-12-15,1608008400,51.091493111328056,55.69488347918766,2020-12-18,1608267600,1.0,0
2020-12-15,1608008400,51.091493111328056,55.69488347918766,2020-12-21,1608526800,1.0,1
2020-12-22,1608613200,46.664278063554626,51.091493111328056,2020-12-22,1608613200,-1.0,0
2020-12-22,1608613200,46.664278063554626,51.091493111328056,2020-12-23,1608699600,-1.0,0
2020-12-22,1608613200,46.664278063554626,51.091493111328056,2020-12-24,1608786000,-1.0,0
2020-12-22,1608613200,46.664278063554626,51.091493111328056,2020-12-28,1609131600,-1.0,0
2020-12-22,1608613200,46.664278063554626,51.091493111328056,2020-12-29,1609218000,-1.0,0
2020-12-22,1608613200,46.664278063554626,51.091493111328056,2020-12-30,1609304400,-1.0,0
2020-12-22,1608613200,46.664278063554626,51.091493111328056,2020-12-31,1609390800,-1.0,0
2020-12-22,1608613200,46.664278063554626,51.091493111328056,2021-01-04,1609736400,-1.0,1
2021-01-05,1609822800,51.091493111328056,55.239616597534656,2021-01-05,1609822800,1.0,1
2021-01-06,1609909200,55.239616597534656,59.508016977583644,2021-01-06,1609909200,1.0,0
2021-01-06,1609909200,55.239616597534656,59.508016977583644,2021-01-07,1609995600,1.0,0
2021-01-06,1609909200,55.239616597534656,59.508016977583644,2021-01-08,1610082000,1.0,0
2021-01-06,1609909200,55.239616597534656,59.508016977583644,2021-01-11,1610341200,1.0,1
2021-01-12,1610427600,59.508016977583644,63.75167569412309,2021-01-12,1610427600,1.0,1
2021-01-13,1610514000,55.28847674079702,59.508016977583644,2021-01-13,1610514000,-1.0,1
2021-01-14,1610600400,59.508016977583644,63.7565900545998,2021-01-14,1610600400,1.0,1
2021-01-15,1610686800,55.134770548925786,59.508016977583644,2021-01-15,1610686800,-1.0,0
2021-01-15,1610686800,55.134770548925786,59.508016977583644,2021-01-19,1611032400,-1.0,0
2021-01-15,1610686800,55.134770548925786,59.508016977583644,2021-01-20,1611118800,-1.0,0
2021-01-15,1610686800,55.134770548925786,59.508016977583644,2021-01-21,1611205200,-1.0,0
2021-01-15,1610686800,55.134770548925786,59.508016977583644,2021-01-22,1611291600,-1.0,1
2021-01-25,1611550800,50.84628056291612,55.134770548925786,2021-01-25,1611550800,-1.0,0
2021-01-25,1611550800,50.84628056291612,55.134770548925786,2021-01-26,1611637200,-1.0,0
2021-01-25,1611550800,50.84628056291612,55.134770548925786,2021-01-27,1611723600,-1.0,0
2021-01-25,1611550800,50.84628056291612,55.134770548925786,2021-01-28,1611810000,-1.0,0
2021-01-25,1611550800,50.84628056291612,55.134770548925786,2021-01-29,1611896400,-1.0,0
2021-01-25,1611550800,50.84628056291612,55.134770548925786,2021-02-01,1612155600,-1.0,0
2021-01-25,1611550800,50.84628056291612,55.134770548925786,2021-02-02,1612242000,-1.0,0
2021-01-25,1611550800,50.84628056291612,55.134770548925786,2021-02-03,1612328400,-1.0,0
2021-01-25,1611550800,50.84628056291612,55.134770548925786,2021-02-04,1612414800,-1.0,0
2021-01-25,1611550800,50.84628056291612,55.134770548925786,2021-02-05,1612501200,-1.0,1
2021-02-08,1612760400,55.134770548925786,59.76829744906618,2021-02-08,1612760400,1.0,1
2021-02-09,1612846800,50.58920985593828,55.134770548925786,2021-02-09,1612846800,-1.0,1
2021-02-10,1612933200,55.134770548925786,59.60379119241419,2021-02-10,1612933200,1.0,1
2021-02-11,1613019600,50.640394237115125,55.134770548925786,2021-02-11,1613019600,-1.0,1
2021-02-12,1613106000,55.134770548925786,59.62569140989283,2021-02-12,1613106000,1.0,0
2021-02-12,1613106000,55.134770548925786,59.62569140989283,2021-02-16,1613451600,1.0,0
2021-02-12,1613106000,55.134770548925786,59.62569140989283,2021-02-17,1613538000,1.0,0
2021-02-12,1613106000,55.134770548925786,59.62569140989283,2021-02-18,1613624400,1.0,0
2021-02-12,1613106000,55.134770548925786,59.62569140989283,2021-02-19,1613710800,1.0,1
2021-02-22,1613970000,59.62569140989283,64.3390481273897,2021-02-22,1613970000,1.0,1
2021-02-23,1614056400,64.3390481273897,69.30973650792251,2021-02-23,1614056400,1.0,0
2021-02-23,1614056400,64.3390481273897,69.30973650792251,2021-02-24,1614142800,1.0,1
2021-02-25,1614229200,59.30554641152213,64.3390481273897,2021-02-25,1614229200,-1.0,0
2021-02-25,1614229200,59.30554641152213,64.3390481273897,2021-02-26,1614315600,-1.0,0
2021-02-25,1614229200,59.30554641152213,64.3390481273897,2021-03-01,1614574800,-1.0,0
2021-02-25,1614229200,59.30554641152213,64.3390481273897,2021-03-02,1614661200,-1.0,0
2021-02-25,1614229200,59.30554641152213,64.3390481273897,2021-03-03,1614747600,-1.0,1
2021-03-04,1614834000,64.3390481273897,69.71042981840688,2021-03-04,1614834000,1.0,1
2021-03-05,1614920400,69.71042981840688,75.29342710292282,2021-03-05,1614920400,1.0,1
2021-03-08,1615179600,64.15207519707064,69.71042981840688,2021-03-08,1615179600,-1.0,0
2021-03-08,1615179600,64.15207519707064,69.71042981840688,2021-03-09,1615266000,-1.0,0
2021-03-08,1615179600,64.15207519707064,69.71042981840688,2021-03-10,1615352400,-1.0,0
2021-03-08,1615179600,64.15207519707064,69.71042981840688,2021-03-11,1615438800,-1.0,0
2021-03-08,1615179600,64.15207519707064,69.71042981840688,2021-03-12,1615525200,-1.0,0
2021-03-08,1615179600,64.15207519707064,69.71042981840688,2021-03-15,1615780800,-1.0,0
2021-03-08,1615179600,64.15207519707064,69.71042981840688,2021-03-16,1615867200,-1.0,0
2021-03-08,1615179600,64.15207519707064,69.71042981840688,2021-03-17,1615953600,-1.0,1
2021-03-18,1616040000,59.03761205180913,64.15207519707064,2021-03-18,1616040000,-1.0,1
2021-03-19,1616126400,64.15207519707064,69.30879097481349,2021-03-19,1616126400,1.0,0
2021-03-19,1616126400,64.15207519707064,69.30879097481349,2021-03-22,1616385600,1.0,1
2021-03-23,1616472000,59.2385498580985,64.15207519707064,2021-03-23,1616472000,-1.0,1
2021-03-24,1616558400,64.15207519707064,69.0630630118305,2021-03-24,1616558400,1.0,0
2021-03-24,1616558400,64.15207519707064,69.0630630118305,2021-03-25,1616644800,1.0,0
2021-03-24,1616558400,64.15207519707064,69.0630630118305,2021-03-26,1616731200,1.0,0
2021-03-24,1616558400,64.15207519707064,69.0630630118305,2021-03-29,1616990400,1.0,0
2021-03-24,1616558400,64.15207519707064,69.0630630118305,2021-03-30,1617076800,1.0,0
2021-03-24,1616558400,64.15207519707064,69.0630630118305,2021-03-31,1617163200,1.0,1
2021-04-01,1617249600,69.0630630118305,73.80432879569462,2021-04-01,1617249600,1.0,1
2021-04-05,1617595200,64.20403049824237,69.0630630118305,2021-04-05,1617595200,-1.0,0
2021-04-05,1617595200,64.20403049824237,69.0630630118305,2021-04-06,1617681600,-1.0,1
2021-04-07,1617768000,69.0630630118305,73.836728801608,2021-04-07,1617768000,1.0,0
2021-04-07,1617768000,69.0630630118305,73.836728801608,2021-04-08,1617854400,1.0,0
2021-04-07,1617768000,69.0630630118305,73.836728801608,2021-04-09,1617940800,1.0,1
2021-04-12,1618200000,64.58710173626883,69.0630630118305,2021-04-12,1618200000,-1.0,0
2021-04-12,1618200000,64.58710173626883,69.0630630118305,2021-04-13,1618286400,-1.0,0
2021-04-12,1618200000,64.58710173626883,69.0630630118305,2021-04-14,1618372800,-1.0,0
2021-04-12,1618200000,64.58710173626883,69.0630630118305,2021-04-15,1618459200,-1.0,0
2021-04-12,1618200000,64.58710173626883,69.0630630118305,2021-04-16,1618545600,-1.0,0
2021-04-12,1618200000,64.58710173626883,69.0630630118305,2021-04-19,1618804800,-1.0,1
2021-04-20,1618891200,60.38971579581613,64.58710173626883,2021-04-20,1618891200,-1.0,0
2021-04-20,1618891200,60.38971579581613,64.58710173626883,2021-04-21,1618977600,-1.0,0
2021-04-20,1618891200,60.38971579581613,64.58710173626883,2021-04-22,1619064000,-1.0,0
2021-04-20,1618891200,60.38971579581613,64.58710173626883,2021-04-23,1619150400,-1.0,0
2021-04-20,1618891200,60.38971579581613,64.58710173626883,2021-04-26,1619409600,-1.0,1
2021-04-27,1619496000,64.58710173626883,68.45614300997269,2021-04-27,1619496000,1.0,1
2021-04-28,1619582400,68.45614300997269,72.893538478412,2021-04-28,1619582400,1.0,0
2021-04-28,1619582400,68.45614300997269,72.893538478412,2021-04-29,1619668800,1.0,0
2021-04-28,1619582400,68.45614300997269,72.893538478412,2021-04-30,1619755200,1.0,0
2021-04-28,1619582400,68.45614300997269,72.893538478412,2021-05-03,1620014400,1.0,1
2021-05-04,1620100800,72.893538478412,77.31029456894966,2021-05-04,1620100800,1.0,0
2021-05-04,1620100800,72.893538478412,77.31029456894966,2021-05-05,1620187200,1.0,0
2021-05-04,1620100800,72.893538478412,77.31029456894966,2021-05-06,1620273600,1.0,1
2021-05-07,1620360000,77.31029456894966,82.17187952919429,2021-05-07,1620360000,1.0,0
2021-05-07,1620360000,77.31029456894966,82.17187952919429,2021-05-10,1620619200,1.0,1
2021-05-11,1620705600,72.53038712873874,77.31029456894966,2021-05-11,1620705600,-1.0,0
2021-05-11,1620705600,72.53038712873874,77.31029456894966,2021-05-12,1620792000,-1.0,0
2021-05-11,1620705600,72.53038712873874,77.31029456894966,2021-05-13,1620878400,-1.0,1
2021-05-14,1620964800,77.31029456894966,82.47276710763165,2021-05-14,1620964800,1.0,0
2021-05-14,1620964800,77.31029456894966,82.47276710763165,2021-05-17,1621224000,1.0,0
2021-05-14,1620964800,77.31029456894966,82.47276710763165,2021-05-18,1621310400,1.0,0
2021-05-14,1620964800,77.31029456894966,82.47276710763165,2021-05-19,1621396800,1.0,0
2021-05-14,1620964800,77.31029456894966,82.47276710763165,2021-05-20,1621483200,1.0,0
2021-05-14,1620964800,77.31029456894966,82.47276710763165,2021-05-21,1621569600,1.0,0
2021-05-14,1620964800,77.31029456894966,82.47276710763165,2021-05-24,1621828800,1.0,0
2021-05-14,1620964800,77.31029456894966,82.47276710763165,2021-05-25,1621915200,1.0,0
2021-05-14,1620964800,77.31029456894966,82.47276710763165,2021-05-26,1622001600,1.0,0
2021-05-14,1620964800,77.31029456894966,82.47276710763165,2021-05-27,1622088000,1.0,0
2021-05-14,1620964800,77.31029456894966,82.47276710763165,2021-05-28,1622174400,1.0,1
2021-06-01,1622520000,82.47276710763165,87.24946366215498,2021-06-01,1622520000,1.0,0
2021-06-01,1622520000,82.47276710763165,87.24946366215498,2021-06-02,1622606400,1.0,0
2021-06-01,1622520000,82.47276710763165,87.24946366215498,2021-06-03,1622692800,1.0,0
2021-06-01,1622520000,82.47276710763165,87.24946366215498,2021-06-04,1622779200,1.0,0
2021-06-01,1622520000,82.47276710763165,87.24946366215498,2021-06-07,1623038400,1.0,0
2021-06-01,1622520000,82.47276710763165,87.24946366215498,2021-06-08,1623124800,1.0,0
2021-06-01,1622520000,82.47276710763165,87.24946366215498,2021-06-09,1623211200,1.0,0
2021-06-01,1622520000,82.47276710763165,87.24946366215498,2021-06-10,1623297600,1.0,0
2021-06-01,1622520000,82.47276710763165,87.24946366215498,2021-06-11,1623384000,1.0,0
2021-06-01,1622520000,82.47276710763165,87.24946366215498,2021-06-14,1623643200,1.0,0
2021-06-01,1622520000,82.47276710763165,87.24946366215498,2021-06-15,1623729600,1.0,0
2021-06-01,1622520000,82.47276710763165,87.24946366215498,2021-06-16,1623816000,1.0,1
2021-06-17,1623902400,77.9552983454684,82.47276710763165,2021-06-17,1623902400,-1.0,0
2021-06-17,1623902400,77.9552983454684,82.47276710763165,2021-06-18,1623988800,-1.0,1
2021-06-21,1624248000,82.47276710763165,87.43847231582343,2021-06-21,1624248000,1.0,0
2021-06-21,1624248000,82.47276710763165,87.43847231582343,2021-06-22,1624334400,1.0,0
2021-06-21,1624248000,82.47276710763165,87.43847231582343,2021-06-23,1624420800,1.0,0
2021-06-21,1624248000,82.47276710763165,87.43847231582343,2021-06-24,1624507200,1.0,0
2021-06-21,1624248000,82.47276710763165,87.43847231582343,2021-06-25,1624593600,1.0,1
2021-06-28,1624852800,77.71674552089482,82.47276710763165,2021-06-28,1624852800,-1.0,0
2021-06-28,1624852800,77.71674552089482,82.47276710763165,2021-06-29,1624939200,-1.0,1
2021-06-30,1625025600,82.47276710763165,87.17542857782821,2021-06-30,1625025600,1.0,0
2021-06-30,1625025600,82.47276710763165,87.17542857782821,2021-07-01,1625112000,1.0,0
2021-06-30,1625025600,82.47276710763165,87.17542857782821,2021-07-02,1625198400,1.0,1
2021-07-06,1625544000,77.87272437803186,82.47276710763165,2021-07-06,1625544000,-1.0,0
2021-07-06,1625544000,77.87272437803186,82.47276710763165,2021-07-07,1625630400,-1.0,0
2021-07-06,1625544000,77.87272437803186,82.47276710763165,2021-07-08,1625716800,-1.0,0
2021-07-06,1625544000,77.87272437803186,82.47276710763165,2021-07-09,1625803200,-1.0,0
2021-07-06,1625544000,77.87272437803186,82.47276710763165,2021-07-12,1626062400,-1.0,0
2021-07-06,1625544000,77.87272437803186,82.47276710763165,2021-07-13,1626148800,-1.0,1
2021-07-14,1626235200,73.00346837797862,77.87272437803186,2021-07-14,1626235200,-1.0,0
2021-07-14,1626235200,73.00346837797862,77.87272437803186,2021-07-15,1626321600,-1.0,1
2021-07-16,1626408000,68.10334458201436,73.00346837797862,2021-07-16,1626408000,-1.0,0
2021-07-16,1626408000,68.10334458201436,73.00346837797862,2021-07-19,1626667200,-1.0,0
2021-07-16,1626408000,68.10334458201436,73.00346837797862,2021-07-20,1626753600,-1.0,0
2021-07-16,1626408000,68.10334458201436,73.00346837797862,2021-07-21,1626840000,-1.0,0
2021-07-16,1626408000,68.10334458201436,73.00346837797862,2021-07-22,1626926400,-1.0,0
2021-07-16,1626408000,68.10334458201436,73.00346837797862,2021-07-23,1627012800,-1.0,0
2021-07-16,1626408000,68.10334458201436,73.00346837797862,2021-07-26,1627272000,-1.0,0
2021-07-16,1626408000,68.10334458201436,73.00346837797862,2021-07-27,1627358400,-1.0,1
2021-07-28,1627444800,73.00346837797862,77.74694302297503,2021-07-28,1627444800,1.0,0
2021-07-28,1627444800,73.00346837797862,77.74694302297503,2021-07-29,1627531200,1.0,1
2021-07-30,1627617600,68.41971728101743,73.00346837797862,2021-07-30,1627617600,-1.0,0
2021-07-30,1627617600,68.41971728101743,73.00346837797862,2021-08-02,1627876800,-1.0,0
2021-07-30,1627617600,68.41971728101743,73.00346837797862,2021-08-03,1627963200,-1.0,1
2021-08-04,1628049600,63.60436773290382,68.41971728101743,2021-08-04,1628049600,-1.0,1
2021-08-05,1628136000,68.41971728101743,73.18682757569435,2021-08-05,1628136000,1.0,0
2021-08-05,1628136000,68.41971728101743,73.18682757569435,2021-08-06,1628222400,1.0,1
2021-08-09,1628481600,63.894015037137834,68.41971728101743,2021-08-09,1628481600,-1.0,1
2021-08-10,1628568000,68.41971728101743,72.74558365033418,2021-08-10,1628568000,1.0,0
2021-08-10,1628568000,68.41971728101743,72.74558365033418,2021-08-11,1628654400,1.0,1
2021-08-12,1628740800,64.2252508707392,68.41971728101743,2021-08-12,1628740800,-1.0,0
2021-08-12,1628740800,64.2252508707392,68.41971728101743,2021-08-13,1628827200,-1.0,1
2021-08-16,1629086400,60.058491567999305,64.2252508707392,2021-08-16,1629086400,-1.0,0
2021-08-16,1629086400,60.058491567999305,64.2252508707392,2021-08-17,1629172800,-1.0,0
2021-08-16,1629086400,60.058491567999305,64.2252508707392,2021-08-18,1629259200,-1.0,0
2021-08-16,1629086400,60.058491567999305,64.2252508707392,2021-08-19,1629345600,-1.0,0
2021-08-16,1629086400,60.058491567999305,64.2252508707392,2021-08-20,1629432000,-1.0,0
2021-08-16,1629086400,60.058491567999305,64.2252508707392,2021-08-23,1629691200,-1.0,1
2021-08-24,1629777600,64.2252508707392,68.37961261723974,2021-08-24,1629777600,1.0,0
2021-08-24,1629777600,64.2252508707392,68.37961261723974,2021-08-25,1629864000,1.0,1
2021-08-26,1629950400,60.16047977299129,64.2252508707392,2021-08-26,1629950400,-1.0,1
2021-08-27,1630036800,64.2252508707392,68.38668117579084,2021-08-27,1630036800,1.0,0
2021-08-27,1630036800,64.2252508707392,68.38668117579084,2021-08-30,1630296000,1.0,0
2021-08-27,1630036800,64.2252508707392,68.38668117579084,2021-08-31,1630382400,1.0,0
2021-08-27,1630036800,64.2252508707392,68.38668117579084,2021-09-01,1630468800,1.0,0
2021-08-27,1630036800,64.2252508707392,68.38668117579084,2021-09-02,1630555200,1.0,0
2021-08-27,1630036800,64.2252508707392,68.38668117579084,2021-09-03,1630641600,1.0,0
2021-08-27,1630036800,64.2252508707392,68.38668117579084,2021-09-07,1630987200,1.0,0
2021-08-27,1630036800,64.2252508707392,68.38668117579084,2021-09-08,1631073600,1.0,0
2021-08-27,1630036800,64.2252508707392,68.38668117579084,2021-09-09,1631160000,1.0,0
2021-08-27,1630036800,64.2252508707392,68.38668117579084,2021-09-10,1631246400,1.0,0
2021-08-27,1630036800,64.2252508707392,68.38668117579084,2021-09-13,1631505600,1.0,0
2021-08-27,1630036800,64.2252508707392,68.38668117579084,2021-09-14,1631592000,1.0,1
2021-09-15,1631678400,68.38668117579084,72.79214103458199,2021-09-15,1631678400,1.0,0
2021-09-15,1631678400,68.38668117579084,72.79214103458199,2021-09-16,1631764800,1.0,1
2021-09-17,1631851200,64.08510609346582,68.38668117579084,2021-09-17,1631851200,-1.0,0
2021-09-17,1631851200,64.08510609346582,68.38668117579084,2021-09-20,1632110400,-1.0,0
2021-09-17,1631851200,64.08510609346582,68.38668117579084,2021-09-21,1632196800,-1.0,0
2021-09-17,1631851200,64.08510609346582,68.38668117579084,2021-09-22,1632283200,-1.0,1
2021-09-23,1632369600,68.38668117579084,73.36476343126473,2021-09-23,1632369600,1.0,0
2021-09-23,1632369600,68.38668117579084,73.36476343126473,2021-09-24,1632456000,1.0,1
2021-09-27,1632715200,73.36476343126473,78.41409966174987,2021-09-27,1632715200,1.0,0
2021-09-27,1632715200,73.36476343126473,78.41409966174987,2021-09-28,1632801600,1.0,0
2021-09-27,1632715200,73.36476343126473,78.41409966174987,2021-09-29,1632888000,1.0,0
2021-09-27,1632715200,73.36476343126473,78.41409966174987,2021-09-30,1632974400,1.0,0
2021-09-27,1632715200,73.36476343126473,78.41409966174987,2021-10-01,1633060800,1.0,1
2021-10-04,1633320000,78.41409966174987,83.28033599375722,2021-10-04,1633320000,1.0,0
2021-10-04,1633320000,78.41409966174987,83.28033599375722,2021-10-05,1633406400,1.0,0
2021-10-04,1633320000,78.41409966174987,83.28033599375722,2021-10-06,1633492800,1.0,0
2021-10-04,1633320000,78.41409966174987,83.28033599375722,2021-10-07,1633579200,1.0,1
2021-10-08,1633665600,83.28033599375722,88.32979345623279,2021-10-08,1633665600,1.0,0
2021-10-08,1633665600,83.28033599375722,88.32979345623279,2021-10-11,1633924800,1.0,0
2021-10-08,1633665600,83.28033599375722,88.32979345623279,2021-10-12,1634011200,1.0,0
2021-10-08,1633665600,83.28033599375722,88.32979345623279,2021-10-13,1634097600,1.0,0
2021-10-08,1633665600,83.28033599375722,88.32979345623279,2021-10-14,1634184000,1.0,0
2021-10-08,1633665600,83.28033599375722,88.32979345623279,2021-10-15,1634270400,1.0,0
2021-10-08,1633665600,83.28033599375722,88.32979345623279,2021-10-18,1634529600,1.0,0
2021-10-08,1633665600,83.28033599375722,88.32979345623279,2021-10-19,1634616000,1.0,0
2021-10-08,1633665600,83.28033599375722,88.32979345623279,2021-10-20,1634702400,1.0,0
2021-10-08,1633665600,83.28033599375722,88.32979345623279,2021-10-21,1634788800,1.0,0
2021-10-08,1633665600,83.28033599375722,88.32979345623279,2021-10-22,1634875200,1.0,0
2021-10-08,1633665600,83.28033599375722,88.32979345623279,2021-10-25,1635134400,1.0,0
2021-10-08,1633665600,83.28033599375722,88.32979345623279,2021-10-26,1635220800,1.0,1
2021-10-27,1635307200,78.34060507784078,83.28033599375722,2021-10-27,1635307200,-1.0,0
2021-10-27,1635307200,78.34060507784078,83.28033599375722,2021-10-28,1635393600,-1.0,0
2021-10-27,1635307200,78.34060507784078,83.28033599375722,2021-10-29,1635480000,-1.0,0
2021-10-27,1635307200,78.34060507784078,83.28033599375722,2021-11-01,1635739200,-1.0,0
2021-10-27,1635307200,78.34060507784078,83.28033599375722,2021-11-02,1635825600,-1.0,1
2021-11-03,1635912000,73.57372037770958,78.34060507784078,2021-11-03,1635912000,-1.0,0
2021-11-03,1635912000,73.57372037770958,78.34060507784078,2021-11-04,1635998400,-1.0,1
2021-11-05,1636084800,78.34060507784078,82.95243933458656,2021-11-05,1636084800,1.0,0
2021-11-05,1636084800,78.34060507784078,82.95243933458656,2021-11-08,1636347600,1.0,0
2021-11-05,1636084800,78.34060507784078,82.95243933458656,2021-11-09,1636434000,1.0,1
2021-11-10,1636520400,73.3282283059492,78.34060507784078,2021-11-10,1636520400,-1.0,0
2021-11-10,1636520400,73.3282283059492,78.34060507784078,2021-11-11,1636606800,-1.0,0
2021-11-10,1636520400,73.3282283059492,78.34060507784078,2021-11-12,1636693200,-1.0,1
2021-11-15,1636952400,78.34060507784078,83.01921723813443,2021-11-15,1636952400,1.0,1
2021-11-16,1637038800,73.67346521471096,78.34060507784078,2021-11-16,1637038800,-1.0,0
2021-11-16,1637038800,73.67346521471096,78.34060507784078,2021-11-17,1637125200,-1.0,0
2021-11-16,1637038800,73.67346521471096,78.34060507784078,2021-11-18,1637211600,-1.0,1
2021-11-19,1637298000,68.66194543362633,73.67346521471096,2021-11-19,1637298000,-1.0,1
2021-11-22,1637557200,73.67346521471096,78.76416215428954,2021-11-22,1637557200,1.0,0
2021-11-22,1637557200,73.67346521471096,78.76416215428954,2021-11-23,1637643600,1.0,0
2021-11-22,1637557200,73.67346521471096,78.76416215428954,2021-11-24,1637730000,1.0,1
2021-11-26,1637902800,67.95862367817519,73.67346521471096,2021-11-26,1637902800,-1.0,0
2021-11-26,1637902800,67.95862367817519,73.67346521471096,2021-11-29,1638162000,-1.0,0
2021-11-26,1637902800,67.95862367817519,73.67346521471096,2021-11-30,1638248400,-1.0,0
2021-11-26,1637902800,67.95862367817519,73.67346521471096,2021-12-01,1638334800,-1.0,0
2021-11-26,1637902800,67.95862367817519,73.67346521471096,2021-12-02,1638421200,-1.0,0
2021-11-26,1637902800,67.95862367817519,73.67346521471096,2021-12-03,1638507600,-1.0,0
2021-11-26,1637902800,67.95862367817519,73.67346521471096,2021-12-06,1638766800,-1.0,1
2021-12-07,1638853200,73.67346521471096,80.03926954152303,2021-12-07,1638853200,1.0,0
2021-12-07,1638853200,73.67346521471096,80.03926954152303,2021-12-08,1638939600,1.0,0
2021-12-07,1638853200,73.67346521471096,80.03926954152303,2021-12-09,1639026000,1.0,0
2021-12-07,1638853200,73.67346521471096,80.03926954152303,2021-12-10,1639112400,1.0,1
2021-12-13,1639371600,67.87421054535238,73.67346521471096,2021-12-13,1639371600,-1.0,0
2021-12-13,1639371600,67.87421054535238,73.67346521471096,2021-12-14,1639458000,-1.0,0
2021-12-13,1639371600,67.87421054535238,73.67346521471096,2021-12-15,1639544400,-1.0,0
2021-12-13,1639371600,67.87421054535238,73.67346521471096,2021-12-16,1639630800,-1.0,0
2021-12-13,1639371600,67.87421054535238,73.67346521471096,2021-12-17,1639717200,-1.0,0
2021-12-13,1639371600,67.87421054535238,73.67346521471096,2021-12-20,1639976400,-1.0,0
2021-12-13,1639371600,67.87421054535238,73.67346521471096,2021-12-21,1640062800,-1.0,0
2021-12-13,1639371600,67.87421054535238,73.67346521471096,2021-12-22,1640149200,-1.0,0
2021-12-13,1639371600,67.87421054535238,73.67346521471096,2021-12-23,1640235600,-1.0,0
2021-12-13,1639371600,67.87421054535238,73.67346521471096,2021-12-27,1640581200,-1.0,0
2021-12-13,1639371600,67.87421054535238,73.67346521471096,2021-12-28,1640667600,-1.0,0
2021-12-13,1639371600,67.87421054535238,73.67346521471096,2021-12-29,1640754000,-1.0,0
2021-12-13,1639371600,67.87421054535238,73.67346521471096,2021-12-30,1640840400,-1.0,0
2021-12-13,1639371600,67.87421054535238,73.67346521471096,2021-12-31,1640926800,-1.0,0
2021-12-13,1639371600,67.87421054535238,73.67346521471096,2022-01-03,1641186000,-1.0,1
2022-01-04,1641272400,73.67346521471096,78.75949696312627,2022-01-04,1641272400,1.0,0
2022-01-04,1641272400,73.67346521471096,78.75949696312627,2022-01-05,1641358800,1.0,1
2022-01-06,1641445200,78.75949696312627,84.14252433803539,2022-01-06,1641445200,1.0,0
2022-01-06,1641445200,78.75949696312627,84.14252433803539,2022-01-07,1641531600,1.0,0
2022-01-06,1641445200,78.75949696312627,84.14252433803539,2022-01-10,1641790800,1.0,1
2022-01-11,1641877200,84.14252433803539,89.78107285941853,2022-01-11,1641877200,1.0,0
2022-01-11,1641877200,84.14252433803539,89.78107285941853,2022-01-12,1641963600,1.0,0
2022-01-11,1641877200,84.14252433803539,89.78107285941853,2022-01-13,1642050000,1.0,0
2022-01-11,1641877200,84.14252433803539,89.78107285941853,2022-01-14,1642136400,1.0,0
2022-01-11,1641877200,84.14252433803539,89.78107285941853,2022-01-18,1642482000,1.0,0
2022-01-11,1641877200,84.14252433803539,89.78107285941853,2022-01-19,1642568400,1.0,0
2022-01-11,1641877200,84.14252433803539,89.78107285941853,2022-01-20,1642654800,1.0,1
2022-01-21,1642741200,78.46125318234613,84.14252433803539,2022-01-21,1642741200,-1.0,1
2022-01-24,1643000400,84.14252433803539,90.14184755403257,2022-01-24,1643000400,1.0,0
2022-01-24,1643000400,84.14252433803539,90.14184755403257,2022-01-25,1643086800,1.0,1
2022-01-26,1643173200,77.24540380995619,84.14252433803539,2022-01-26,1643173200,-1.0,1
2022-01-27,1643259600,84.14252433803539,91.08056482839464,2022-01-27,1643259600,1.0,0
2022-01-27,1643259600,84.14252433803539,91.08056482839464,2022-01-28,1643346000,1.0,0
2022-01-27,1643259600,84.14252433803539,91.08056482839464,2022-01-31,1643605200,1.0,0
2022-01-27,1643259600,84.14252433803539,91.08056482839464,2022-02-01,1643691600,1.0,0
2022-01-27,1643259600,84.14252433803539,91.08056482839464,2022-02-02,1643778000,1.0,0
2022-01-27,1643259600,84.14252433803539,91.08056482839464,2022-02-03,1643864400,1.0,1
2022-02-04,1643950800,91.08056482839464,97.87033169360791,2022-02-04,1643950800,1.0,1
2022-02-07,1644210000,84.43120988212517,91.08056482839464,2022-02-07,1644210000,-1.0,0
2022-02-07,1644210000,84.43120988212517,91.08056482839464,2022-02-08,1644296400,-1.0,0
2022-02-07,1644210000,84.43120988212517,91.08056482839464,2022-02-09,1644382800,-1.0,0
2022-02-07,1644210000,84.43120988212517,91.08056482839464,2022-02-10,1644469200,-1.0,1
2022-02-11,1644555600,91.08056482839464,97.50652465295738,2022-02-11,1644555600,1.0,1
2022-02-14,1644814800,84.78445927701496,91.08056482839464,2022-02-14,1644814800,-1.0,0
2022-02-14,1644814800,84.78445927701496,91.08056482839464,2022-02-15,1644901200,-1.0,0
2022-02-14,1644814800,84.78445927701496,91.08056482839464,2022-02-16,1644987600,-1.0,0
2022-02-14,1644814800,84.78445927701496,91.08056482839464,2022-02-17,1645074000,-1.0,0
2022-02-14,1644814800,84.78445927701496,91.08056482839464,2022-02-18,1645160400,-1.0,0
2022-02-14,1644814800,84.78445927701496,91.08056482839464,2022-02-22,1645506000,-1.0,0
2022-02-14,1644814800,84.78445927701496,91.08056482839464,2022-02-23,1645592400,-1.0,1
2022-02-24,1645678800,91.08056482839464,97.46835677553021,2022-02-24,1645678800,1.0,0
2022-02-24,1645678800,91.08056482839464,97.46835677553021,2022-02-25,1645765200,1.0,0
2022-02-24,1645678800,91.08056482839464,97.46835677553021,2022-02-28,1646024400,1.0,0
2022-02-24,1645678800,91.08056482839464,97.46835677553021,2022-03-01,1646110800,1.0,0
2022-02-24,1645678800,91.08056482839464,97.46835677553021,2022-03-02,1646197200,1.0,0
2022-02-24,1645678800,91.08056482839464,97.46835677553021,2022-03-03,1646283600,1.0,0
2022-02-24,1645678800,91.08056482839464,97.46835677553021,2022-03-04,1646370000,1.0,0
2022-02-24,1645678800,91.08056482839464,97.46835677553021,2022-03-07,1646629200,1.0,0
2022-02-24,1645678800,91.08056482839464,97.46835677553021,2022-03-08,1646715600,1.0,0
2022-02-24,1645678800,91.08056482839464,97.46835677553021,2022-03-09,1646802000,1.0,0
2022-02-24,1645678800,91.08056482839464,97.46835677553021,2022-03-10,1646888400,1.0,1
2022-03-11,1646974800,84.63068398252379,91.08056482839464,2022-03-11,1646974800,-1.0,0
2022-03-11,1646974800,84.63068398252379,91.08056482839464,2022-03-14,1647230400,-1.0,0
2022-03-11,1646974800,84.63068398252379,91.08056482839464,2022-03-15,1647316800,-1.0,0
2022-03-11,1646974800,84.63068398252379,91.08056482839464,2022-03-16,1647403200,-1.0,1
2022-03-17,1647489600,91.08056482839464,97.4972842900491,2022-03-17,1647489600,1.0,0
2022-03-17,1647489600,91.08056482839464,97.4972842900491,2022-03-18,1647576000,1.0,1
2022-03-21,1647835200,97.4972842900491,104.0820577034144,2022-03-21,1647835200,1.0,1
2022-03-22,1647921600,90.8608518347813,97.4972842900491,2022-03-22,1647921600,-1.0,1
2022-03-23,1648008000,97.4972842900491,104.35011442708347,2022-03-23,1648008000,1.0,0
2022-03-23,1648008000,97.4972842900491,104.35011442708347,2022-03-24,1648094400,1.0,1
2022-03-25,1648180800,104.35011442708347,111.10585061666924,2022-03-25,1648180800,1.0,1
2022-03-28,1648440000,97.6976451081824,104.35011442708347,2022-03-28,1648440000,-1.0,0
2022-03-28,1648440000,97.6976451081824,104.35011442708347,2022-03-29,1648526400,-1.0,0
2022-03-28,1648440000,97.6976451081824,104.35011442708347,2022-03-30,1648612800,-1.0,0
2022-03-28,1648440000,97.6976451081824,104.35011442708347,2022-03-31,1648699200,-1.0,1
2022-04-01,1648785600,104.35011442708347,110.65759626322293,2022-04-01,1648785600,1.0,0
2022-04-01,1648785600,104.35011442708347,110.65759626322293,2022-04-04,1649044800,1.0,1
2022-04-05,1649131200,98.05505100714689,104.35011442708347,2022-04-05,1649131200,-1.0,0
2022-04-05,1649131200,98.05505100714689,104.35011442708347,2022-04-06,1649217600,-1.0,0
2022-04-05,1649131200,98.05505100714689,104.35011442708347,2022-04-07,1649304000,-1.0,1
2022-04-08,1649390400,104.35011442708347,111.06328437373094,2022-04-08,1649390400,1.0,0
2022-04-08,1649390400,104.35011442708347,111.06328437373094,2022-04-11,1649649600,1.0,0
2022-04-08,1649390400,104.35011442708347,111.06328437373094,2022-04-12,1649736000,1.0,0
2022-04-08,1649390400,104.35011442708347,111.06328437373094,2022-04-13,1649822400,1.0,0
2022-04-08,1649390400,104.35011442708347,111.06328437373094,2022-04-14,1649908800,1.0,0
2022-04-08,1649390400,104.35011442708347,111.06328437373094,2022-04-18,1650254400,1.0,0
2022-04-08,1649390400,104.35011442708347,111.06328437373094,2022-04-19,1650340800,1.0,0
2022-04-08,1649390400,104.35011442708347,111.06328437373094,2022-04-20,1650427200,1.0,0
2022-04-08,1649390400,104.35011442708347,111.06328437373094,2022-04-21,1650513600,1.0,1
2022-04-22,1650600000,97.91824424506736,104.35011442708347,2022-04-22,1650600000,-1.0,0
2022-04-22,1650600000,97.91824424506736,104.35011442708347,2022-04-25,1650859200,-1.0,1
2022-04-26,1650945600,91.12663169016571,97.91824424506736,2022-04-26,1650945600,-1.0,1
2022-04-27,1651032000,97.91824424506736,105.01031304604746,2022-04-27,1651032000,1.0,0
2022-04-27,1651032000,97.91824424506736,105.01031304604746,2022-04-28,1651118400,1.0,0
2022-04-27,1651032000,97.91824424506736,105.01031304604746,2022-04-29,1651204800,1.0,0
2022-04-27,1651032000,97.91824424506736,105.01031304604746,2022-05-02,1651464000,1.0,0
2022-04-27,1651032000,97.91824424506736,105.01031304604746,2022-05-03,1651550400,1.0,1
2022-05-04,1651636800,105.01031304604746,112.55051791850072,2022-05-04,1651636800,1.0,0
2022-05-04,1651636800,105.01031304604746,112.55051791850072,2022-05-05,1651723200,1.0,0
2022-05-04,1651636800,105.01031304604746,112.55051791850072,2022-05-06,1651809600,1.0,1
2022-05-09,1652068800,95.88681300786239,105.01031304604746,2022-05-09,1652068800,-1.0,0
2022-05-09,1652068800,95.88681300786239,105.01031304604746,2022-05-10,1652155200,-1.0,1
2022-05-11,1652241600,105.01031304604746,114.64302481366622,2022-05-11,1652241600,1.0,1
2022-05-12,1652328000,95.47808069040147,105.01031304604746,2022-05-12,1652328000,-1.0,1
2022-05-13,1652414400,105.01031304604746,114.64724309057587,2022-05-13,1652414400,1.0,0
2022-05-13,1652414400,105.01031304604746,114.64724309057587,2022-05-16,1652673600,1.0,0
2022-05-13,1652414400,105.01031304604746,114.64724309057587,2022-05-17,1652760000,1.0,0
2022-05-13,1652414400,105.01031304604746,114.64724309057587,2022-05-18,1652846400,1.0,0
2022-05-13,1652414400,105.01031304604746,114.64724309057587,2022-05-19,1652932800,1.0,0
2022-05-13,1652414400,105.01031304604746,114.64724309057587,2022-05-20,1653019200,1.0,0
2022-05-13,1652414400,105.01031304604746,114.64724309057587,2022-05-23,1653278400,1.0,0
2022-05-13,1652414400,105.01031304604746,114.64724309057587,2022-05-24,1653364800,1.0,0
2022-05-13,1652414400,105.01031304604746,114.64724309057587,2022-05-25,1653451200,1.0,1
2022-05-26,1653537600,114.64724309057587,123.21029222568626,2022-05-26,1653537600,1.0,0
2022-05-26,1653537600,114.64724309057587,123.21029222568626,2022-05-27,1653624000,1.0,0
2022-05-26,1653537600,114.64724309057587,123.21029222568626,2022-05-31,1653969600,1.0,0
2022-05-26,1653537600,114.64724309057587,123.21029222568626,2022-06-01,1654056000,1.0,0
2022-05-26,1653537600,114.64724309057587,123.21029222568626,2022-06-02,1654142400,1.0,0
2022-05-26,1653537600,114.64724309057587,123.21029222568626,2022-06-03,1654228800,1.0,0
2022-05-26,1653537600,114.64724309057587,123.21029222568626,2022-06-06,1654488000,1.0,1
2022-06-07,1654574400,123.21029222568626,131.03407700083528,2022-06-07,1654574400,1.0,0
2022-06-07,1654574400,123.21029222568626,131.03407700083528,2022-06-08,1654660800,1.0,1
2022-06-09,1654747200,115.67925331242002,123.21029222568626,2022-06-09,1654747200,-1.0,0
2022-06-09,1654747200,115.67925331242002,123.21029222568626,2022-06-10,1654833600,-1.0,0
2022-06-09,1654747200,115.67925331242002,123.21029222568626,2022-06-13,1655092800,-1.0,1
2022-06-14,1655179200,107.0568588180884,115.67925331242002,2022-06-14,1655179200,-1.0,0
2022-06-14,1655179200,107.0568588180884,115.67925331242002,2022-06-15,1655265600,-1.0,1
2022-06-16,1655352000,97.88386560613921,107.0568588180884,2022-06-16,1655352000,-1.0,0
2022-06-16,1655352000,97.88386560613921,107.0568588180884,2022-06-17,1655438400,-1.0,0
2022-06-16,1655352000,97.88386560613921,107.0568588180884,2022-06-21,1655784000,-1.0,0
2022-06-16,1655352000,97.88386560613921,107.0568588180884,2022-06-22,1655870400,-1.0,1
2022-06-23,1655956800,87.95851718031453,97.88386560613921,2022-06-23,1655956800,-1.0,0
2022-06-23,1655956800,87.95851718031453,97.88386560613921,2022-06-24,1656043200,-1.0,1
2022-06-27,1656302400,97.88386560613921,107.67797725901865,2022-06-27,1656302400,1.0,1
2022-06-28,1656388800,107.67797725901865,117.5297952224067,2022-06-28,1656388800,1.0,1
2022-06-29,1656475200,97.70957486444402,107.67797725901865,2022-06-29,1656475200,-1.0,0
2022-06-29,1656475200,97.70957486444402,107.67797725901865,2022-06-30,1656561600,-1.0,0
2022-06-29,1656475200,97.70957486444402,107.67797725901865,2022-07-01,1656648000,-1.0,1
2022-07-05,1656993600,87.37451216004153,97.70957486444402,2022-07-05,1656993600,-1.0,0
2022-07-05,1656993600,87.37451216004153,97.70957486444402,2022-07-06,1657080000,-1.0,0
2022-07-05,1656993600,87.37451216004153,97.70957486444402,2022-07-07,1657166400,-1.0,0
2022-07-05,1656993600,87.37451216004153,97.70957486444402,2022-07-08,1657252800,-1.0,0
2022-07-05,1656993600,87.37451216004153,97.70957486444402,2022-07-11,1657512000,-1.0,0
2022-07-05,1656993600,87.37451216004153,97.70957486444402,2022-07-12,1657598400,-1.0,0
2022-07-05,1656993600,87.37451216004153,97.70957486444402,2022-07-13,1657684800,-1.0,0
2022-07-05,1656993600,87.37451216004153,97.70957486444402,2022-07-14,1657771200,-1.0,0
2022-07-05,1656993600,87.37451216004153,97.70957486444402,2022-07-15,1657857600,-1.0,0
2022-07-05,1656993600,87.37451216004153,97.70957486444402,2022-07-18,1658116800,-1.0,1
2022-07-19,1658203200,97.70957486444402,107.14735855541225,2022-07-19,1658203200,1.0,0
2022-07-19,1658203200,97.70957486444402,107.14735855541225,2022-07-20,1658289600,1.0,0
2022-07-19,1658203200,97.70957486444402,107.14735855541225,2022-07-21,1658376000,1.0,1
2022-07-22,1658462400,88.70437997776136,97.70957486444402,2022-07-22,1658462400,-1.0,1
2022-07-25,1658721600,97.70957486444402,106.70925583064934,2022-07-25,1658721600,1.0,0
2022-07-25,1658721600,97.70957486444402,106.70925583064934,2022-07-26,1658808000,1.0,0
2022-07-25,1658721600,97.70957486444402,106.70925583064934,2022-07-27,1658894400,1.0,0
2022-07-25,1658721600,97.70957486444402,106.70925583064934,2022-07-28,1658980800,1.0,1
2022-07-29,1659067200,106.70925583064934,115.69568075973592,2022-07-29,1659067200,1.0,1
2022-08-01,1659326400,97.7064326822118,106.70925583064934,2022-08-01,1659326400,-1.0,0
2022-08-01,1659326400,97.7064326822118,106.70925583064934,2022-08-02,1659412800,-1.0,0
2022-08-01,1659326400,97.7064326822118,106.70925583064934,2022-08-03,1659499200,-1.0,1
2022-08-04,1659585600,88.67005496460347,97.7064326822118,2022-08-04,1659585600,-1.0,1
2022-08-05,1659672000,97.7064326822118,106.83921199141955,2022-08-05,1659672000,1.0,0
2022-08-05,1659672000,97.7064326822118,106.83921199141955,2022-08-08,1659931200,1.0,0
2022-08-05,1659672000,97.7064326822118,106.83921199141955,2022-08-09,1660017600,1.0,0
2022-08-05,1659672000,97.7064326822118,106.83921199141955,2022-08-10,1660104000,1.0,1
2022-08-11,1660190400,106.83921199141955,115.40267070264098,2022-08-11,1660190400,1.0,0
2022-08-11,1660190400,106.83921199141955,115.40267070264098,2022-08-12,1660276800,1.0,0
2022-08-11,1660190400,106.83921199141955,115.40267070264098,2022-08-15,1660536000,1.0,1
2022-08-16,1660622400,98.33614246206332,106.83921199141955,2022-08-16,1660622400,-1.0,1
2022-08-17,1660708800,106.83921199141955,115.0910622686789,2022-08-17,1660708800,1.0,0
2022-08-17,1660708800,106.83921199141955,115.0910622686789,2022-08-18,1660795200,1.0,0
2022-08-17,1660708800,106.83921199141955,115.0910622686789,2022-08-19,1660881600,1.0,0
2022-08-17,1660708800,106.83921199141955,115.0910622686789,2022-08-22,1661140800,1.0,1
2022-08-23,1661227200,115.0910622686789,123.06908022392682,2022-08-23,1661227200,1.0,0
2022-08-23,1661227200,115.0910622686789,123.06908022392682,2022-08-24,1661313600,1.0,0
2022-08-23,1661227200,115.0910622686789,123.06908022392682,2022-08-25,1661400000,1.0,0
2022-08-23,1661227200,115.0910622686789,123.06908022392682,2022-08-26,1661486400,1.0,0
2022-08-23,1661227200,115.0910622686789,123.06908022392682,2022-08-29,1661745600,1.0,0
2022-08-23,1661227200,115.0910622686789,123.06908022392682,2022-08-30,1661832000,1.0,0
2022-08-23,1661227200,115.0910622686789,123.06908022392682,2022-08-31,1661918400,1.0,1
2022-09-01,1662004800,107.16817175851068,115.0910622686789,2022-09-01,1662004800,-1.0,1
2022-09-02,1662091200,115.0910622686789,123.10760345669225,2022-09-02,1662091200,1.0,1
2022-09-06,1662436800,107.14313116552366,115.0910622686789,2022-09-06,1662436800,-1.0,0
2022-09-06,1662436800,107.14313116552366,115.0910622686789,2022-09-07,1662523200,-1.0,0
2022-09-06,1662436800,107.14313116552366,115.0910622686789,2022-09-08,1662609600,-1.0,1
2022-09-09,1662696000,115.0910622686789,122.8082090010521,2022-09-09,1662696000,1.0,0
2022-09-09,1662696000,115.0910622686789,122.8082090010521,2022-09-12,1662955200,1.0,0
2022-09-09,1662696000,115.0910622686789,122.8082090010521,2022-09-13,1663041600,1.0,1
2022-09-14,1663128000,122.8082090010521,130.96128821789756,2022-09-14,1663128000,1.0,1
2022-09-15,1663214400,114.53163544255275,122.8082090010521,2022-09-15,1663214400,-1.0,0
2022-09-15,1663214400,114.53163544255275,122.8082090010521,2022-09-16,1663300800,-1.0,0
2022-09-15,1663214400,114.53163544255275,122.8082090010521,2022-09-19,1663560000,-1.0,0
2022-09-15,1663214400,114.53163544255275,122.8082090010521,2022-09-20,1663646400,-1.0,1
2022-09-21,1663732800,106.31749916068321,114.53163544255275,2022-09-21,1663732800,-1.0,0
2022-09-21,1663732800,106.31749916068321,114.53163544255275,2022-09-22,1663819200,-1.0,1
2022-09-23,1663905600,97.14387144825488,106.31749916068321,2022-09-23,1663905600,-1.0,0
2022-09-23,1663905600,97.14387144825488,106.31749916068321,2022-09-26,1664164800,-1.0,0
2022-09-23,1663905600,97.14387144825488,106.31749916068321,2022-09-27,1664251200,-1.0,0
2022-09-23,1663905600,97.14387144825488,106.31749916068321,2022-09-28,1664337600,-1.0,0
2022-09-23,1663905600,97.14387144825488,106.31749916068321,2022-09-29,1664424000,-1.0,0
2022-09-23,1663905600,97.14387144825488,106.31749916068321,2022-09-30,1664510400,-1.0,1
2022-10-03,1664769600,106.31749916068321,115.5428221156433,2022-10-03,1664769600,1.0,1
2022-10-04,1664856000,115.5428221156433,125.02847914524911,2022-10-04,1664856000,1.0,0
2022-10-04,1664856000,115.5428221156433,125.02847914524911,2022-10-05,1664942400,1.0,1
2022-10-06,1665028800,125.02847914524911,134.5528466860827,2022-10-06,1665028800,1.0,1
2022-10-07,1665115200,115.64828071447508,125.02847914524911,2022-10-07,1665115200,-1.0,0
2022-10-07,1665115200,115.64828071447508,125.02847914524911,2022-10-10,1665374400,-1.0,0
2022-10-07,1665115200,115.64828071447508,125.02847914524911,2022-10-11,1665460800,-1.0,0
2022-10-07,1665115200,115.64828071447508,125.02847914524911,2022-10-12,1665547200,-1.0,0
2022-10-07,1665115200,115.64828071447508,125.02847914524911,2022-10-13,1665633600,-1.0,0
2022-10-07,1665115200,115.64828071447508,125.02847914524911,2022-10-14,1665720000,-1.0,0
2022-10-07,1665115200,115.64828071447508,125.02847914524911,2022-10-17,1665979200,-1.0,0
2022-10-07,1665115200,115.64828071447508,125.02847914524911,2022-10-18,1666065600,-1.0,0
2022-10-07,1665115200,115.64828071447508,125.02847914524911,2022-10-19,1666152000,-1.0,1
2022-10-20,1666238400,125.02847914524911,134.2072507668762,2022-10-20,1666238400,1.0,0
2022-10-20,1666238400,125.02847914524911,134.2072507668762,2022-10-21,1666324800,1.0,0
2022-10-20,1666238400,125.02847914524911,134.2072507668762,2022-10-24,1666584000,1.0,0
2022-10-20,1666238400,125.02847914524911,134.2072507668762,2022-10-25,1666670400,1.0,1
2022-10-26,1666756800,134.2072507668762,143.7988446935029,2022-10-26,1666756800,1.0,0
2022-10-26,1666756800,134.2072507668762,143.7988446935029,2022-10-27,1666843200,1.0,0
2022-10-26,1666756800,134.2072507668762,143.7988446935029,2022-10-28,1666929600,1.0,0
2022-10-26,1666756800,134.2072507668762,143.7988446935029,2022-10-31,1667188800,1.0,0
2022-10-26,1666756800,134.2072507668762,143.7988446935029,2022-11-01,1667275200,1.0,0
2022-10-26,1666756800,134.2072507668762,143.7988446935029,2022-11-02,1667361600,1.0,0
2022-10-26,1666756800,134.2072507668762,143.7988446935029,2022-11-03,1667448000,1.0,0
2022-10-26,1666756800,134.2072507668762,143.7988446935029,2022-11-04,1667534400,1.0,0
2022-10-26,1666756800,134.2072507668762,143.7988446935029,2022-11-07,1667797200,1.0,0
2022-10-26,1666756800,134.2072507668762,143.7988446935029,2022-11-08,1667883600,1.0,1
2022-11-09,1667970000,124.49226890023137,134.2072507668762,2022-11-09,1667970000,-1.0,1
2022-11-10,1668056400,134.2072507668762,143.6590196430464,2022-11-10,1668056400,1.0,0
2022-11-10,1668056400,134.2072507668762,143.6590196430464,2022-11-11,1668142800,1.0,0
2022-11-10,1668056400,134.2072507668762,143.6590196430464,2022-11-14,1668402000,1.0,1
2022-11-15,1668488400,143.6590196430464,152.91341986933867,2022-11-15,1668488400,1.0,1
2022-11-16,1668574800,134.56036229006074,143.6590196430464,2022-11-16,1668574800,-1.0,0
2022-11-16,1668574800,134.56036229006074,143.6590196430464,2022-11-17,1668661200,-1.0,0
2022-11-16,1668574800,134.56036229006074,143.6590196430464,2022-11-18,1668747600,-1.0,0
2022-11-16,1668574800,134.56036229006074,143.6590196430464,2022-11-21,1669006800,-1.0,0
2022-11-16,1668574800,134.56036229006074,143.6590196430464,2022-11-22,1669093200,-1.0,0
2022-11-16,1668574800,134.56036229006074,143.6590196430464,2022-11-23,1669179600,-1.0,0
2022-11-16,1668574800,134.56036229006074,143.6590196430464,2022-11-25,1669352400,-1.0,0
2022-11-16,1668574800,134.56036229006074,143.6590196430464,2022-11-28,1669611600,-1.0,0
2022-11-16,1668574800,134.56036229006074,143.6590196430464,2022-11-29,1669698000,-1.0,0
2022-11-16,1668574800,134.56036229006074,143.6590196430464,2022-11-30,1669784400,-1.0,0
2022-11-16,1668574800,134.56036229006074,143.6590196430464,2022-12-01,1669870800,-1.0,0
2022-11-16,1668574800,134.56036229006074,143.6590196430464,2022-12-02,1669957200,-1.0,0
2022-11-16,1668574800,134.56036229006074,143.6590196430464,2022-12-05,1670216400,-1.0,1
2022-12-06,1670302800,125.24066375055622,134.56036229006074,2022-12-06,1670302800,-1.0,0
2022-12-06,1670302800,125.24066375055622,134.56036229006074,2022-12-07,1670389200,-1.0,0
2022-12-06,1670302800,125.24066375055622,134.56036229006074,2022-12-08,1670475600,-1.0,1
2022-12-09,1670562000,116.03470030620804,125.24066375055622,2022-12-09,1670562000,-1.0,1
2022-12-12,1670821200,125.24066375055622,134.4409155203081,2022-12-12,1670821200,1.0,0
2022-12-12,1670821200,125.24066375055622,134.4409155203081,2022-12-13,1670907600,1.0,0
2022-12-12,1670821200,125.24066375055622,134.4409155203081,2022-12-14,1670994000,1.0,0
2022-12-12,1670821200,125.24066375055622,134.4409155203081,2022-12-15,1671080400,1.0,0
2022-12-12,1670821200,125.24066375055622,134.4409155203081,2022-12-16,1671166800,1.0,0
2022-12-12,1670821200,125.24066375055622,134.4409155203081,2022-12-19,1671426000,1.0,0
2022-12-12,1670821200,125.24066375055622,134.4409155203081,2022-12-20,1671512400,1.0,1
2022-12-21,1671598800,134.4409155203081,142.8650093415756,2022-12-21,1671598800,1.0,1
2022-12-22,1671685200,125.62725697198829,134.4409155203081,2022-12-22,1671685200,-1.0,1
2022-12-23,1671771600,134.4409155203081,143.42345560089078,2022-12-23,1671771600,1.0,0
2022-12-23,1671771600,134.4409155203081,143.42345560089078,2022-12-27,1672117200,1.0,1
2022-12-28,1672203600,125.69841922633628,134.4409155203081,2022-12-28,1672203600,-1.0,1
2022-12-29,1672290000,134.4409155203081,143.1259477932819,2022-12-29,1672290000,1.0,0
2022-12-29,1672290000,134.4409155203081,143.1259477932819,2022-12-30,1672376400,1.0,1
2023-01-03,1672722000,125.46949483595822,134.4409155203081,2023-01-03,1672722000,-1.0,0
2023-01-03,1672722000,125.46949483595822,134.4409155203081,2023-01-04,1672808400,-1.0,1
2023-01-05,1672894800,134.4409155203081,143.58203845732407,2023-01-05,1672894800,1.0,0
2023-01-05,1672894800,134.4409155203081,143.58203845732407,2023-01-06,1672981200,1.0,0
2023-01-05,1672894800,134.4409155203081,143.58203845732407,2023-01-09,1673240400,1.0,0
2023-01-05,1672894800,134.4409155203081,143.58203845732407,2023-01-10,1673326800,1.0,0
2023-01-05,1672894800,134.4409155203081,143.58203845732407,2023-01-11,1673413200,1.0,1
2023-01-12,1673499600,143.58203845732407,152.46420525659943,2023-01-12,1673499600,1.0,0
2023-01-12,1673499600,143.58203845732407,152.46420525659943,2023-01-13,1673586000,1.0,0
2023-01-12,1673499600,143.58203845732407,152.46420525659943,2023-01-17,1673931600,1.0,0
2023-01-12,1673499600,143.58203845732407,152.46420525659943,2023-01-18,1674018000,1.0,0
2023-01-12,1673499600,143.58203845732407,152.46420525659943,2023-01-19,1674104400,1.0,0
2023-01-12,1673499600,143.58203845732407,152.46420525659943,2023-01-20,1674190800,1.0,0
2023-01-12,1673499600,143.58203845732407,152.46420525659943,2023-01-23,1674450000,1.0,0
2023-01-12,1673499600,143.58203845732407,152.46420525659943,2023-01-24,1674536400,1.0,1
2023-01-25,1674622800,152.46420525659943,160.80629855117468,2023-01-25,1674622800,1.0,0
2023-01-25,1674622800,152.46420525659943,160.80629855117468,2023-01-26,1674709200,1.0,1
2023-01-27,1674795600,144.09953297709322,152.46420525659943,2023-01-27,1674795600,-1.0,0
2023-01-27,1674795600,144.09953297709322,152.46420525659943,2023-01-30,1675054800,-1.0,0
2023-01-27,1674795600,144.09953297709322,152.46420525659943,2023-01-31,1675141200,-1.0,1
2023-02-01,1675227600,135.32195025184717,144.09953297709322,2023-02-01,1675227600,-1.0,1
2023-02-02,1675314000,126.29962343554726,135.32195025184717,2023-02-02,1675314000,-1.0,0
2023-02-02,1675314000,126.29962343554726,135.32195025184717,2023-02-03,1675400400,-1.0,0
2023-02-02,1675314000,126.29962343554726,135.32195025184717,2023-02-06,1675659600,-1.0,1
2023-02-07,1675746000,135.32195025184717,144.4276222691252,2023-02-07,1675746000,1.0,0
2023-02-07,1675746000,135.32195025184717,144.4276222691252,2023-02-08,1675832400,1.0,0
2023-02-07,1675746000,135.32195025184717,144.4276222691252,2023-02-09,1675918800,1.0,0
2023-02-07,1675746000,135.32195025184717,144.4276222691252,2023-02-10,1676005200,1.0,0
2023-02-07,1675746000,135.32195025184717,144.4276222691252,2023-02-13,1676264400,1.0,0
2023-02-07,1675746000,135.32195025184717,144.4276222691252,2023-02-14,1676350800,1.0,0
2023-02-07,1675746000,135.32195025184717,144.4276222691252,2023-02-15,1676437200,1.0,0
2023-02-07,1675746000,135.32195025184717,144.4276222691252,2023-02-16,1676523600,1.0,1
2023-02-17,1676610000,126.56426004339117,135.32195025184717,2023-02-17,1676610000,-1.0,0
2023-02-17,1676610000,126.56426004339117,135.32195025184717,2023-02-21,1676955600,-1.0,0
2023-02-17,1676610000,126.56426004339117,135.32195025184717,2023-02-22,1677042000,-1.0,0
2023-02-17,1676610000,126.56426004339117,135.32195025184717,2023-02-23,1677128400,-1.0,0
2023-02-17,1676610000,126.56426004339117,135.32195025184717,2023-02-24,1677214800,-1.0,0
2023-02-17,1676610000,126.56426004339117,135.32195025184717,2023-02-27,1677474000,-1.0,0
2023-02-17,1676610000,126.56426004339117,135.32195025184717,2023-02-28,1677560400,-1.0,0
2023-02-17,1676610000,126.56426004339117,135.32195025184717,2023-03-01,1677646800,-1.0,1
2023-03-02,1677733200,135.32195025184717,143.5938829586462,2023-03-02,1677733200,1.0,0
2023-03-02,1677733200,135.32195025184717,143.5938829586462,2023-03-03,1677819600,1.0,0
2023-03-02,1677733200,135.32195025184717,143.5938829586462,2023-03-06,1678078800,1.0,1
2023-03-07,1678165200,127.09208430547784,135.32195025184717,2023-03-07,1678165200,-1.0,0
2023-03-07,1678165200,127.09208430547784,135.32195025184717,2023-03-08,1678251600,-1.0,0
2023-03-07,1678165200,127.09208430547784,135.32195025184717,2023-03-09,1678338000,-1.0,1
2023-03-10,1678424400,118.76934834185778,127.09208430547784,2023-03-10,1678424400,-1.0,0
2023-03-10,1678424400,118.76934834185778,127.09208430547784,2023-03-13,1678680000,-1.0,0
2023-03-10,1678424400,118.76934834185778,127.09208430547784,2023-03-14,1678766400,-1.0,1
2023-03-15,1678852800,109.32800617273487,118.76934834185778,2023-03-15,1678852800,-1.0,0
2023-03-15,1678852800,109.32800617273487,118.76934834185778,2023-03-16,1678939200,-1.0,0
2023-03-15,1678852800,109.32800617273487,118.76934834185778,2023-03-17,1679025600,-1.0,0
2023-03-15,1678852800,109.32800617273487,118.76934834185778,2023-03-20,1679284800,-1.0,1
2023-03-21,1679371200,118.76934834185778,128.22388977491482,2023-03-21,1679371200,1.0,0
2023-03-21,1679371200,118.76934834185778,128.22388977491482,2023-03-22,1679457600,1.0,1
2023-03-23,1679544000,109.41838149396676,118.76934834185778,2023-03-23,1679544000,-1.0,1
2023-03-24,1679630400,118.76934834185778,128.172388986328,2023-03-24,1679630400,1.0,0
2023-03-24,1679630400,118.76934834185778,128.172388986328,2023-03-27,1679889600,1.0,0
2023-03-24,1679630400,118.76934834185778,128.172388986328,2023-03-28,1679976000,1.0,1
2023-03-29,1680062400,128.172388986328,137.18895469183133,2023-03-29,1680062400,1.0,0
2023-03-29,1680062400,128.172388986328,137.18895469183133,2023-03-30,1680148800,1.0,0
2023-03-29,1680062400,128.172388986328,137.18895469183133,2023-03-31,1680235200,1.0,1
2023-04-03,1680494400,137.18895469183133,146.47119479933525,2023-04-03,1680494400,1.0,1
2023-04-04,1680580800,127.93716030629196,137.18895469183133,2023-04-04,1680580800,-1.0,1
2023-04-05,1680667200,137.18895469183133,146.1977637641179,2023-04-05,1680667200,1.0,1
2023-04-06,1680753600,128.54720341042238,137.18895469183133,2023-04-06,1680753600,-1.0,1
2023-04-10,1681099200,137.18895469183133,145.7264380245682,2023-04-10,1681099200,1.0,0
2023-04-10,1681099200,137.18895469183133,145.7264380245682,2023-04-11,1681185600,1.0,0
2023-04-10,1681099200,137.18895469183133,145.7264380245682,2023-04-12,1681272000,1.0,0
2023-04-10,1681099200,137.18895469183133,145.7264380245682,2023-04-13,1681358400,1.0,0
2023-04-10,1681099200,137.18895469183133,145.7264380245682,2023-04-14,1681444800,1.0,0
2023-04-10,1681099200,137.18895469183133,145.7264380245682,2023-04-17,1681704000,1.0,0
2023-04-10,1681099200,137.18895469183133,145.7264380245682,2023-04-18,1681790400,1.0,0
2023-04-10,1681099200,137.18895469183133,145.7264380245682,2023-04-19,1681876800,1.0,0
2023-04-10,1681099200,137.18895469183133,145.7264380245682,2023-04-20,1681963200,1.0,0
2023-04-10,1681099200,137.18895469183133,145.7264380245682,2023-04-21,1682049600,1.0,0
2023-04-10,1681099200,137.18895469183133,145.7264380245682,2023-04-24,1682308800,1.0,1
2023-04-25,1682395200,130.28836079767245,137.18895469183133,2023-04-25,1682395200,-1.0,1
2023-04-26,1682481600,137.18895469183133,144.333363307836,2023-04-26,1682481600,1.0,0
2023-04-26,1682481600,137.18895469183133,144.333363307836,2023-04-27,1682568000,1.0,0
2023-04-26,1682481600,137.18895469183133,144.333363307836,2023-04-28,1682654400,1.0,0
2023-04-26,1682481600,137.18895469183133,144.333363307836,2023-05-01,1682913600,1.0,1
2023-05-02,1683000000,129.50099851519374,137.18895469183133,2023-05-02,1683000000,-1.0,0
2023-05-02,1683000000,129.50099851519374,137.18895469183133,2023-05-03,1683086400,-1.0,1
2023-05-04,1683172800,121.52062813839909,129.50099851519374,2023-05-04,1683172800,-1.0,1
2023-05-05,1683259200,129.50099851519374,137.76248529364594,2023-05-05,1683259200,1.0,0
2023-05-05,1683259200,129.50099851519374,137.76248529364594,2023-05-08,1683518400,1.0,0
2023-05-05,1683259200,129.50099851519374,137.76248529364594,2023-05-09,1683604800,1.0,0
2023-05-05,1683259200,129.50099851519374,137.76248529364594,2023-05-10,1683691200,1.0,1
2023-05-11,1683777600,121.59450242295684,129.50099851519374,2023-05-11,1683777600,-1.0,0
2023-05-11,1683777600,121.59450242295684,129.50099851519374,2023-05-12,1683864000,-1.0,1
2023-05-15,1684123200,129.50099851519374,136.9473242273776,2023-05-15,1684123200,1.0,1
2023-05-16,1684209600,122.00669606816587,129.50099851519374,2023-05-16,1684209600,-1.0,0
2023-05-16,1684209600,122.00669606816587,129.50099851519374,2023-05-17,1684296000,-1.0,0
2023-05-16,1684209600,122.00669606816587,129.50099851519374,2023-05-18,1684382400,-1.0,1
2023-05-19,1684468800,129.50099851519374,136.50586020474194,2023-05-19,1684468800,1.0,1
2023-05-22,1684728000,122.73291266061328,129.50099851519374,2023-05-22,1684728000,-1.0,0
2023-05-22,1684728000,122.73291266061328,129.50099851519374,2023-05-23,1684814400,-1.0,0
2023-05-22,1684728000,122.73291266061328,129.50099851519374,2023-05-24,1684900800,-1.0,0
2023-05-22,1684728000,122.73291266061328,129.50099851519374,2023-05-25,1684987200,-1.0,0
2023-05-22,1684728000,122.73291266061328,129.50099851519374,2023-05-26,1685073600,-1.0,0
2023-05-22,1684728000,122.73291266061328,129.50099851519374,2023-05-30,1685419200,-1.0,0
2023-05-22,1684728000,122.73291266061328,129.50099851519374,2023-05-31,1685505600,-1.0,0
2023-05-22,1684728000,122.73291266061328,129.50099851519374,2023-06-01,1685592000,-1.0,1
2023-06-02,1685678400,129.50099851519374,136.48438944428113,2023-06-02,1685678400,1.0,1
2023-06-05,1685937600,122.34656408104118,129.50099851519374,2023-06-05,1685937600,-1.0,0
2023-06-05,1685937600,122.34656408104118,129.50099851519374,2023-06-06,1686024000,-1.0,1
2023-06-07,1686110400,129.50099851519374,136.69036289974366,2023-06-07,1686110400,1.0,0
2023-06-07,1686110400,129.50099851519374,136.69036289974366,2023-06-08,1686196800,1.0,0
2023-06-07,1686110400,129.50099851519374,136.69036289974366,2023-06-09,1686283200,1.0,0
2023-06-07,1686110400,129.50099851519374,136.69036289974366,2023-06-12,1686542400,1.0,0
2023-06-07,1686110400,129.50099851519374,136.69036289974366,2023-06-13,1686628800,1.0,0
2023-06-07,1686110400,129.50099851519374,136.69036289974366,2023-06-14,1686715200,1.0,0
2023-06-07,1686110400,129.50099851519374,136.69036289974366,2023-06-15,1686801600,1.0,0
2023-06-07,1686110400,129.50099851519374,136.69036289974366,2023-06-16,1686888000,1.0,1
2023-06-20,1687233600,122.50641825425392,129.50099851519374,2023-06-20,1687233600,-1.0,1
2023-06-21,1687320000,129.50099851519374,136.3855373289236,2023-06-21,1687320000,1.0,0
2023-06-21,1687320000,129.50099851519374,136.3855373289236,2023-06-22,1687406400,1.0,1
2023-06-23,1687492800,122.8451155584573,129.50099851519374,2023-06-23,1687492800,-1.0,1
2023-06-26,1687752000,129.50099851519374,136.15074697502044,2023-06-26,1687752000,1.0,1
2023-06-27,1687838400,123.03951780249751,129.50099851519374,2023-06-27,1687838400,-1.0,1
2023-06-28,1687924800,129.50099851519374,135.82237346269739,2023-06-28,1687924800,1.0,0
2023-06-28,1687924800,129.50099851519374,135.82237346269739,2023-06-29,1688011200,1.0,0
2023-06-28,1687924800,129.50099851519374,135.82237346269739,2023-06-30,1688097600,1.0,0
2023-06-28,1687924800,129.50099851519374,135.82237346269739,2023-07-03,1688356800,1.0,0
2023-06-28,1687924800,129.50099851519374,135.82237346269739,2023-07-05,1688529600,1.0,1
2023-07-06,1688616000,123.19318364567607,129.50099851519374,2023-07-06,1688616000,-1.0,1
2023-07-07,1688702400,129.50099851519374,136.1283980368887,2023-07-07,1688702400,1.0,0
2023-07-07,1688702400,129.50099851519374,136.1283980368887,2023-07-10,1688961600,1.0,0
2023-07-07,1688702400,129.50099851519374,136.1283980368887,2023-07-11,1689048000,1.0,1
2023-07-12,1689134400,136.1283980368887,142.5132153653012,2023-07-12,1689134400,1.0,0
2023-07-12,1689134400,136.1283980368887,142.5132153653012,2023-07-13,1689220800,1.0,1
2023-07-14,1689307200,129.5395402384106,136.1283980368887,2023-07-14,1689307200,-1.0,0
2023-07-14,1689307200,129.5395402384106,136.1283980368887,2023-07-17,1689566400,-1.0,0
2023-07-14,1689307200,129.5395402384106,136.1283980368887,2023-07-18,1689652800,-1.0,0
2023-07-14,1689307200,129.5395402384106,136.1283980368887,2023-07-19,1689739200,-1.0,1
2023-07-20,1689825600,136.1283980368887,142.4868657477991,2023-07-20,1689825600,1.0,0
2023-07-20,1689825600,136.1283980368887,142.4868657477991,2023-07-21,1689912000,1.0,0
2023-07-20,1689825600,136.1283980368887,142.4868657477991,2023-07-24,1690171200,1.0,1
2023-07-25,1690257600,142.4868657477991,149.0082664624019,2023-07-25,1690257600,1.0,0
2023-07-25,1690257600,142.4868657477991,149.0082664624019,2023-07-26,1690344000,1.0,0
2023-07-25,1690257600,142.4868657477991,149.0082664624019,2023-07-27,1690430400,1.0,0
2023-07-25,1690257600,142.4868657477991,149.0082664624019,2023-07-28,1690516800,1.0,0
2023-07-25,1690257600,142.4868657477991,149.0082664624019,2023-07-31,1690776000,1.0,0
2023-07-25,1690257600,142.4868657477991,149.0082664624019,2023-08-01,1690862400,1.0,0
2023-07-25,1690257600,142.4868657477991,149.0082664624019,2023-08-02,1690948800,1.0,0
2023-07-25,1690257600,142.4868657477991,149.0082664624019,2023-08-03,1691035200,1.0,0
2023-07-25,1690257600,142.4868657477991,149.0082664624019,2023-08-04,1691121600,1.0,0
2023-07-25,1690257600,142.4868657477991,149.0082664624019,2023-08-07,1691380800,1.0,1
2023-08-08,1691467200,149.0082664624019,155.7750692345745,2023-08-08,1691467200,1.0,0
2023-08-08,1691467200,149.0082664624019,155.7750692345745,2023-08-09,1691553600,1.0,0
2023-08-08,1691467200,149.0082664624019,155.7750692345745,2023-08-10,1691640000,1.0,0
2023-08-08,1691467200,149.0082664624019,155.7750692345745,2023-08-11,1691726400,1.0,0
2023-08-08,1691467200,149.0082664624019,155.7750692345745,2023-08-14,1691985600,1.0,0
2023-08-08,1691467200,149.0082664624019,155.7750692345745,2023-08-15,1692072000,1.0,1
2023-08-16,1692158400,142.67486819377717,149.0082664624019,2023-08-16,1692158400,-1.0,1
2023-08-17,1692244800,149.0082664624019,155.47042199755344,2023-08-17,1692244800,1.0,0
2023-08-17,1692244800,149.0082664624019,155.47042199755344,2023-08-18,1692331200,1.0,0
2023-08-17,1692244800,149.0082664624019,155.47042199755344,2023-08-21,1692590400,1.0,1
2023-08-22,1692676800,142.6399728360433,149.0082664624019,2023-08-22,1692676800,-1.0,0
2023-08-22,1692676800,142.6399728360433,149.0082664624019,2023-08-23,1692763200,-1.0,0
2023-08-22,1692676800,142.6399728360433,149.0082664624019,2023-08-24,1692849600,-1.0,0
2023-08-22,1692676800,142.6399728360433,149.0082664624019,2023-08-25,1692936000,-1.0,1
2023-08-28,1693195200,149.0082664624019,155.08729604024518,2023-08-28,1693195200,1.0,0
2023-08-28,1693195200,149.0082664624019,155.08729604024518,2023-08-29,1693281600,1.0,0
2023-08-28,1693195200,149.0082664624019,155.08729604024518,2023-08-30,1693368000,1.0,0
2023-08-28,1693195200,149.0082664624019,155.08729604024518,2023-08-31,1693454400,1.0,0
2023-08-28,1693195200,149.0082664624019,155.08729604024518,2023-09-01,1693540800,1.0,0
2023-08-28,1693195200,149.0082664624019,155.08729604024518,2023-09-05,1693886400,1.0,0
2023-08-28,1693195200,149.0082664624019,155.08729604024518,2023-09-06,1693972800,1.0,0
2023-08-28,1693195200,149.0082664624019,155.08729604024518,2023-09-07,1694059200,1.0,1
2023-09-08,1694145600,155.08729604024518,160.4651762746941,2023-09-08,1694145600,1.0,1
2023-09-11,1694404800,149.3285501082569,155.08729604024518,2023-09-11,1694404800,-1.0,1
2023-09-12,1694491200,155.08729604024518,160.94770297709144,2023-09-12,1694491200,1.0,0
2023-09-12,1694491200,155.08729604024518,160.94770297709144,2023-09-13,1694577600,1.0,0
2023-09-12,1694491200,155.08729604024518,160.94770297709144,2023-09-14,1694664000,1.0,0
2023-09-12,1694491200,155.08729604024518,160.94770297709144,2023-09-15,1694750400,1.0,0
2023-09-12,1694491200,155.08729604024518,160.94770297709144,2023-09-18,1695009600,1.0,0
2023-09-12,1694491200,155.08729604024518,160.94770297709144,2023-09-19,1695096000,1.0,1
2023-09-20,1695182400,148.48618295141316,155.08729604024518,2023-09-20,1695182400,-1.0,1
2023-09-21,1695268800,141.57100651178342,148.48618295141316,2023-09-21,1695268800,-1.0,0
2023-09-21,1695268800,141.57100651178342,148.48618295141316,2023-09-22,1695355200,-1.0,0
2023-09-21,1695268800,141.57100651178342,148.48618295141316,2023-09-25,1695614400,-1.0,1
2023-09-26,1695700800,148.48618295141316,155.16903522468812,2023-09-26,1695700800,1.0,0
2023-09-26,1695700800,148.48618295141316,155.16903522468812,2023-09-27,1695787200,1.0,0
2023-09-26,1695700800,148.48618295141316,155.16903522468812,2023-09-28,1695873600,1.0,0
2023-09-26,1695700800,148.48618295141316,155.16903522468812,2023-09-29,1695960000,1.0,1
2023-10-02,1696219200,141.20572590807168,148.48618295141316,2023-10-02,1696219200,-1.0,0
2023-10-02,1696219200,141.20572590807168,148.48618295141316,2023-10-03,1696305600,-1.0,1
2023-10-04,1696392000,133.71631141661908,141.20572590807168,2023-10-04,1696392000,-1.0,0
2023-10-04,1696392000,133.71631141661908,141.20572590807168,2023-10-05,1696478400,-1.0,1
2023-10-06,1696564800,141.20572590807168,148.7293843216201,2023-10-06,1696564800,1.0,1
2023-10-09,1696824000,148.7293843216201,156.78920999134363,2023-10-09,1696824000,1.0,0
2023-10-09,1696824000,148.7293843216201,156.78920999134363,2023-10-10,1696910400,1.0,0
2023-10-09,1696824000,148.7293843216201,156.78920999134363,2023-10-11,1696996800,1.0,0
2023-10-09,1696824000,148.7293843216201,156.78920999134363,2023-10-12,1697083200,1.0,1
2023-10-13,1697169600,156.78920999134363,164.54049021190207,2023-10-13,1697169600,1.0,0
2023-10-13,1697169600,156.78920999134363,164.54049021190207,2023-10-16,1697428800,1.0,0
2023-10-13,1697169600,156.78920999134363,164.54049021190207,2023-10-17,1697515200,1.0,0
2023-10-13,1697169600,156.78920999134363,164.54049021190207,2023-10-18,1697601600,1.0,0
2023-10-13,1697169600,156.78920999134363,164.54049021190207,2023-10-19,1697688000,1.0,0
2023-10-13,1697169600,156.78920999134363,164.54049021190207,2023-10-20,1697774400,1.0,0
2023-10-13,1697169600,156.78920999134363,164.54049021190207,2023-10-23,1698033600,1.0,1
2023-10-24,1698120000,148.8376964596288,156.78920999134363,2023-10-24,1698120000,-1.0,0
2023-10-24,1698120000,148.8376964596288,156.78920999134363,2023-10-25,1698206400,-1.0,0
2023-10-24,1698120000,148.8376964596288,156.78920999134363,2023-10-26,1698292800,-1.0,1
2023-10-27,1698379200,140.74813697377695,148.8376964596288,2023-10-27,1698379200,-1.0,0
2023-10-27,1698379200,140.74813697377695,148.8376964596288,2023-10-30,1698638400,-1.0,0
2023-10-27,1698379200,140.74813697377695,148.8376964596288,2023-10-31,1698724800,-1.0,1
2023-11-01,1698811200,133.38919594228403,140.74813697377695,2023-11-01,1698811200,-1.0,1
2023-11-02,1698897600,140.74813697377695,148.39529650302035,2023-11-02,1698897600,1.0,0
2023-11-02,1698897600,140.74813697377695,148.39529650302035,2023-11-03,1698984000,1.0,0
2023-11-02,1698897600,140.74813697377695,148.39529650302035,2023-11-06,1699246800,1.0,1
2023-11-07,1699333200,133.53833468305254,140.74813697377695,2023-11-07,1699333200,-1.0,0
2023-11-07,1699333200,133.53833468305254,140.74813697377695,2023-11-08,1699419600,-1.0,0
2023-11-07,1699333200,133.53833468305254,140.74813697377695,2023-11-09,1699506000,-1.0,0
2023-11-07,1699333200,133.53833468305254,140.74813697377695,2023-11-10,1699592400,-1.0,0
2023-11-07,1699333200,133.53833468305254,140.74813697377695,2023-11-13,1699851600,-1.0,0
2023-11-07,1699333200,133.53833468305254,140.74813697377695,2023-11-14,1699938000,-1.0,1
2023-11-15,1700024400,140.74813697377695,146.68285471828196,2023-11-15,1700024400,1.0,1
2023-11-16,1700110800,134.78989906816517,140.74813697377695,2023-11-16,1700110800,-1.0,1
2023-11-17,1700197200,140.74813697377695,146.76164360041645,2023-11-17,1700197200,1.0,0
2023-11-17,1700197200,140.74813697377695,146.76164360041645,2023-11-20,1700456400,1.0,0
2023-11-17,1700197200,140.74813697377695,146.76164360041645,2023-11-21,1700542800,1.0,0
2023-11-17,1700197200,140.74813697377695,146.76164360041645,2023-11-22,1700629200,1.0,0
2023-11-17,1700197200,140.74813697377695,146.76164360041645,2023-11-24,1700802000,1.0,0
2023-11-17,1700197200,140.74813697377695,146.76164360041645,2023-11-27,1701061200,1.0,0
2023-11-17,1700197200,140.74813697377695,146.76164360041645,2023-11-28,1701147600,1.0,1
2023-11-29,1701234000,134.5290621198066,140.74813697377695,2023-11-29,1701234000,-1.0,0
2023-11-29,1701234000,134.5290621198066,140.74813697377695,2023-11-30,1701320400,-1.0,0
2023-11-29,1701234000,134.5290621198066,140.74813697377695,2023-12-01,1701406800,-1.0,0
2023-11-29,1701234000,134.5290621198066,140.74813697377695,2023-12-04,1701666000,-1.0,0
2023-11-29,1701234000,134.5290621198066,140.74813697377695,2023-12-05,1701752400,-1.0,1
2023-12-06,1701838800,128.27392180298324,134.5290621198066,2023-12-06,1701838800,-1.0,0
2023-12-06,1701838800,128.27392180298324,134.5290621198066,2023-12-07,1701925200,-1.0,0
2023-12-06,1701838800,128.27392180298324,134.5290621198066,2023-12-08,1702011600,-1.0,0
2023-12-06,1701838800,128.27392180298324,134.5290621198066,2023-12-11,1702270800,-1.0,0
2023-12-06,1701838800,128.27392180298324,134.5290621198066,2023-12-12,1702357200,-1.0,0
2023-12-06,1701838800,128.27392180298324,134.5290621198066,2023-12-13,1702443600,-1.0,1
2023-12-14,1702530000,134.5290621198066,141.16452123461872,2023-12-14,1702530000,1.0,1
2023-12-15,1702616400,141.16452123461872,147.85187612694426,2023-12-15,1702616400,1.0,0
2023-12-15,1702616400,141.16452123461872,147.85187612694426,2023-12-18,1702875600,1.0,0
2023-12-15,1702616400,141.16452123461872,147.85187612694426,2023-12-19,1702962000,1.0,0
2023-12-15,1702616400,141.16452123461872,147.85187612694426,2023-12-20,1703048400,1.0,0
2023-12-15,1702616400,141.16452123461872,147.85187612694426,2023-12-21,1703134800,1.0,0
2023-12-15,1702616400,141.16452123461872,147.85187612694426,2023-12-22,1703221200,1.0,0
2023-12-15,1702616400,141.16452123461872,147.85187612694426,2023-12-26,1703566800,1.0,0
2023-12-15,1702616400,141.16452123461872,147.85187612694426,2023-12-27,1703653200,1.0,0
2023-12-15,1702616400,141.16452123461872,147.85187612694426,2023-12-28,1703739600,1.0,0
2023-12-15,1702616400,141.16452123461872,147.85187612694426,2023-12-29,1703826000,1.0,0
2023-12-15,1702616400,141.16452123461872,147.85187612694426,2024-01-02,1704171600,1.0,0
2023-12-15,1702616400,141.16452123461872,147.85187612694426,2024-01-03,1704258000,1.0,0
2023-12-15,1702616400,141.16452123461872,147.85187612694426,2024-01-04,1704344400,1.0,0
2023-12-15,1702616400,141.16452123461872,147.85187612694426,2024-01-05,1704430800,1.0,1
2024-01-08,1704690000,135.26415730687398,141.16452123461872,2024-01-08,1704690000,-1.0,0
2024-01-08,1704690000,135.26415730687398,141.16452123461872,2024-01-09,1704776400,-1.0,0
2024-01-08,1704690000,135.26415730687398,141.16452123461872,2024-01-10,1704862800,-1.0,0
2024-01-08,1704690000,135.26415730687398,141.16452123461872,2024-01-11,1704949200,-1.0,0
2024-01-08,1704690000,135.26415730687398,141.16452123461872,2024-01-12,1705035600,-1.0,0
2024-01-08,1704690000,135.26415730687398,141.16452123461872,2024-01-16,1705381200,-1.0,0
2024-01-08,1704690000,135.26415730687398,141.16452123461872,2024-01-17,1705467600,-1.0,1
2024-01-18,1705554000,129.7708857373199,135.26415730687398,2024-01-18,1705554000,-1.0,0
2024-01-18,1705554000,129.7708857373199,135.26415730687398,2024-01-19,1705640400,-1.0,0
2024-01-18,1705554000,129.7708857373199,135.26415730687398,2024-01-22,1705899600,-1.0,0
2024-01-18,1705554000,129.7708857373199,135.26415730687398,2024-01-23,1705986000,-1.0,1
2024-01-24,1706072400,135.26415730687398,140.24894472092112,2024-01-24,1706072400,1.0,1
2024-01-25,1706158800,140.24894472092112,145.37653303396488,2024-01-25,1706158800,1.0,0
2024-01-25,1706158800,140.24894472092112,145.37653303396488,2024-01-26,1706245200,1.0,1
2024-01-29,1706504400,135.2532690836538,140.24894472092112,2024-01-29,1706504400,-1.0,1
2024-01-30,1706590800,140.24894472092112,145.26192924124078,2024-01-30,1706590800,1.0,1
2024-01-31,1706677200,135.14145909491,140.24894472092112,2024-01-31,1706677200,-1.0,0
2024-01-31,1706677200,135.14145909491,140.24894472092112,2024-02-01,1706763600,-1.0,1
2024-02-02,1706850000,140.24894472092112,145.60491957192048,2024-02-02,1706850000,1.0,0
2024-02-02,1706850000,140.24894472092112,145.60491957192048,2024-02-05,1707109200,1.0,0
2024-02-02,1706850000,140.24894472092112,145.60491957192048,2024-02-06,1707195600,1.0,0
2024-02-02,1706850000,140.24894472092112,145.60491957192048,2024-02-07,1707282000,1.0,0
2024-02-02,1706850000,140.24894472092112,145.60491957192048,2024-02-08,1707368400,1.0,1
2024-02-09,1707454800,134.6220397401986,140.24894472092112,2024-02-09,1707454800,-1.0,1
2024-02-12,1707714000,140.24894472092112,145.7516422030206,2024-02-12,1707714000,1.0,1
2024-02-13,1707800400,134.82943991611444,140.24894472092112,2024-02-13,1707800400,-1.0,0
2024-02-13,1707800400,134.82943991611444,140.24894472092112,2024-02-14,1707886800,-1.0,1
2024-02-15,1707973200,140.24894472092112,146.04045651690237,2024-02-15,1707973200,1.0,0
2024-02-15,1707973200,140.24894472092112,146.04045651690237,2024-02-16,1708059600,1.0,0
2024-02-15,1707973200,140.24894472092112,146.04045651690237,2024-02-20,1708405200,1.0,0
2024-02-15,1707973200,140.24894472092112,146.04045651690237,2024-02-21,1708491600,1.0,1
2024-02-22,1708578000,146.04045651690237,151.58603904514635,2024-02-22,1708578000,1.0,0
2024-02-22,1708578000,146.04045651690237,151.58603904514635,2024-02-23,1708664400,1.0,0
2024-02-22,1708578000,146.04045651690237,151.58603904514635,2024-02-26,1708923600,1.0,1
2024-02-27,1709010000,140.2902295436691,146.04045651690237,2024-02-27,1709010000,-1.0,0
2024-02-27,1709010000,140.2902295436691,146.04045651690237,2024-02-28,1709096400,-1.0,0
2024-02-27,1709010000,140.2902295436691,146.04045651690237,2024-02-29,1709182800,-1.0,0
2024-02-27,1709010000,140.2902295436691,146.04045651690237,2024-03-01,1709269200,-1.0,0
2024-02-27,1709010000,140.2902295436691,146.04045651690237,2024-03-04,1709528400,-1.0,0
2024-02-27,1709010000,140.2902295436691,146.04045651690237,2024-03-05,1709614800,-1.0,1
2024-03-06,1709701200,134.46034302523756,140.2902295436691,2024-03-06,1709701200,-1.0,1
2024-03-07,1709787600,140.2902295436691,146.01226702506983,2024-03-07,1709787600,1.0,0
2024-03-07,1709787600,140.2902295436691,146.01226702506983,2024-03-08,1709874000,1.0,0
2024-03-07,1709787600,140.2902295436691,146.01226702506983,2024-03-11,1710129600,1.0,0
2024-03-07,1709787600,140.2902295436691,146.01226702506983,2024-03-12,1710216000,1.0,0
2024-03-07,1709787600,140.2902295436691,146.01226702506983,2024-03-13,1710302400,1.0,1
2024-03-14,1710388800,146.01226702506983,151.36987775754312,2024-03-14,1710388800,1.0,0
2024-03-14,1710388800,146.01226702506983,151.36987775754312,2024-03-15,1710475200,1.0,0
2024-03-14,1710388800,146.01226702506983,151.36987775754312,2024-03-18,1710734400,1.0,0
2024-03-14,1710388800,146.01226702506983,151.36987775754312,2024-03-19,1710820800,1.0,0
2024-03-14,1710388800,146.01226702506983,151.36987775754312,2024-03-20,1710907200,1.0,0
2024-03-14,1710388800,146.01226702506983,151.36987775754312,2024-03-21,1710993600,1.0,0
2024-03-14,1710388800,146.01226702506983,151.36987775754312,2024-03-22,1711080000,1.0,0
2024-03-14,1710388800,146.01226702506983,151.36987775754312,2024-03-25,1711339200,1.0,0
2024-03-14,1710388800,146.01226702506983,151.36987775754312,2024-03-26,1711425600,1.0,0
2024-03-14,1710388800,146.01226702506983,151.36987775754312,2024-03-27,1711512000,1.0,0
2024-03-14,1710388800,146.01226702506983,151.36987775754312,2024-03-28,1711598400,1.0,1
2024-04-01,1711944000,151.36987775754312,156.06331761165177,2024-04-01,1711944000,1.0,0
2024-04-01,1711944000,151.36987775754312,156.06331761165177,2024-04-02,1712030400,1.0,0
2024-04-01,1711944000,151.36987775754312,156.06331761165177,2024-04-03,1712116800,1.0,0
2024-04-01,1711944000,151.36987775754312,156.06331761165177,2024-04-04,1712203200,1.0,0
2024-04-01,1711944000,151.36987775754312,156.06331761165177,2024-04-05,1712289600,1.0,0
2024-04-01,1711944000,151.36987775754312,156.06331761165177,2024-04-08,1712548800,1.0,0
2024-04-01,1711944000,151.36987775754312,156.06331761165177,2024-04-09,1712635200,1.0,0
2024-04-01,1711944000,151.36987775754312,156.06331761165177,2024-04-10,1712721600,1.0,0
2024-04-01,1711944000,151.36987775754312,156.06331761165177,2024-04-11,1712808000,1.0,1
2024-04-12,1712894400,146.24687059869305,151.36987775754312,2024-04-12,1712894400,-1.0,0
2024-04-12,1712894400,146.24687059869305,151.36987775754312,2024-04-15,1713153600,-1.0,0
2024-04-12,1712894400,146.24687059869305,151.36987775754312,2024-04-16,1713240000,-1.0,0
2024-04-12,1712894400,146.24687059869305,151.36987775754312,2024-04-17,1713326400,-1.0,0
2024-04-12,1712894400,146.24687059869305,151.36987775754312,2024-04-18,1713412800,-1.0,1
2024-04-19,1713499200,151.36987775754312,156.36017691308643,2024-04-19,1713499200,1.0,0
2024-04-19,1713499200,151.36987775754312,156.36017691308643,2024-04-22,1713758400,1.0,0
2024-04-19,1713499200,151.36987775754312,156.36017691308643,2024-04-23,1713844800,1.0,1
2024-04-24,1713931200,156.36017691308643,161.6283173083957,2024-04-24,1713931200,1.0,0
2024-04-24,1713931200,156.36017691308643,161.6283173083957,2024-04-25,1714017600,1.0,0
2024-04-24,1713931200,156.36017691308643,161.6283173083957,2024-04-26,1714104000,1.0,0
2024-04-24,1713931200,156.36017691308643,161.6283173083957,2024-04-29,1714363200,1.0,1
2024-04-30,1714449600,150.62917884378123,156.36017691308643,2024-04-30,1714449600,-1.0,0
2024-04-30,1714449600,150.62917884378123,156.36017691308643,2024-05-01,1714536000,-1.0,0
2024-04-30,1714449600,150.62917884378123,156.36017691308643,2024-05-02,1714622400,-1.0,0
2024-04-30,1714449600,150.62917884378123,156.36017691308643,2024-05-03,1714708800,-1.0,1
2024-05-06,1714968000,156.36017691308643,162.22104738001232,2024-05-06,1714968000,1.0,1
2024-05-07,1715054400,150.70322576522668,156.36017691308643,2024-05-07,1715054400,-1.0,0
2024-05-07,1715054400,150.70322576522668,156.36017691308643,2024-05-08,1715140800,-1.0,1
2024-05-09,1715227200,156.36017691308643,161.75921132119,2024-05-09,1715227200,1.0,0
2024-05-09,1715227200,156.36017691308643,161.75921132119,2024-05-10,1715313600,1.0,0
2024-05-09,1715227200,156.36017691308643,161.75921132119,2024-05-13,1715572800,1.0,1
2024-05-14,1715659200,151.1302313611172,156.36017691308643,2024-05-14,1715659200,-1.0,0
2024-05-14,1715659200,151.1302313611172,156.36017691308643,2024-05-15,1715745600,-1.0,0
2024-05-14,1715659200,151.1302313611172,156.36017691308643,2024-05-16,1715832000,-1.0,0
2024-05-14,1715659200,151.1302313611172,156.36017691308643,2024-05-17,1715918400,-1.0,0
2024-05-14,1715659200,151.1302313611172,156.36017691308643,2024-05-20,1716177600,-1.0,0
2024-05-14,1715659200,151.1302313611172,156.36017691308643,2024-05-21,1716264000,-1.0,1
2024-05-22,1716350400,145.9438614661124,151.1302313611172,2024-05-22,1716350400,-1.0,0
2024-05-22,1716350400,145.9438614661124,151.1302313611172,2024-05-23,1716436800,-1.0,0
2024-05-22,1716350400,145.9438614661124,151.1302313611172,2024-05-24,1716523200,-1.0,0
2024-05-22,1716350400,145.9438614661124,151.1302313611172,2024-05-28,1716868800,-1.0,0
2024-05-22,1716350400,145.9438614661124,151.1302313611172,2024-05-29,1716955200,-1.0,0
2024-05-22,1716350400,145.9438614661124,151.1302313611172,2024-05-30,1717041600,-1.0,1
2024-05-31,1717128000,151.1302313611172,156.3182357131169,2024-05-31,1717128000,1.0,1
2024-06-03,1717387200,145.16208446283179,151.1302313611172,2024-06-03,1717387200,-1.0,0
2024-06-03,1717387200,145.16208446283179,151.1302313611172,2024-06-04,1717473600,-1.0,1
2024-06-05,1717560000,139.32482514747343,145.16208446283179,2024-06-05,1717560000,-1.0,1
2024-06-06,1717646400,145.16208446283179,150.8562538270931,2024-06-06,1717646400,1.0,1
2024-06-07,1717732800,139.55964148173197,145.16208446283179,2024-06-07,1717732800,-1.0,1
2024-06-10,1717992000,145.16208446283179,150.6086386595673,2024-06-10,1717992000,1.0,0
2024-06-10,1717992000,145.16208446283179,150.6086386595673,2024-06-11,1718078400,1.0,1
2024-06-12,1718164800,139.5912596707486,145.16208446283179,2024-06-12,1718164800,-1.0,0
2024-06-12,1718164800,139.5912596707486,145.16208446283179,2024-06-13,1718251200,-1.0,0
2024-06-12,1718164800,139.5912596707486,145.16208446283179,2024-06-14,1718337600,-1.0,0
2024-06-12,1718164800,139.5912596707486,145.16208446283179,2024-06-17,1718596800,-1.0,0
2024-06-12,1718164800,139.5912596707486,145.16208446283179,2024-06-18,1718683200,-1.0,0
2024-06-12,1718164800,139.5912596707486,145.16208446283179,2024-06-20,1718856000,-1.0,0
2024-06-12,1718164800,139.5912596707486,145.16208446283179,2024-06-21,1718942400,-1.0,1
2024-06-24,1719201600,145.16208446283179,150.8508702984497,2024-06-24,1719201600,1.0,0
2024-06-24,1719201600,145.16208446283179,150.8508702984497,2024-06-25,1719288000,1.0,1
2024-06-26,1719374400,139.58039667599797,145.16208446283179,2024-06-26,1719374400,-1.0,1
2024-06-27,1719460800,145.16208446283179,150.5302231220346,2024-06-27,1719460800,1.0,0
2024-06-27,1719460800,145.16208446283179,150.5302231220346,2024-06-28,1719547200,1.0,0
2024-06-27,1719460800,145.16208446283179,150.5302231220346,2024-07-01,1719806400,1.0,0
2024-06-27,1719460800,145.16208446283179,150.5302231220346,2024-07-02,1719892800,1.0,0
2024-06-27,1719460800,145.16208446283179,150.5302231220346,2024-07-03,1719979200,1.0,1
2024-07-05,1720152000,140.17261047284362,145.16208446283179,2024-07-05,1720152000,-1.0,0
2024-07-05,1720152000,140.17261047284362,145.16208446283179,2024-07-08,1720411200,-1.0,0
2024-07-05,1720152000,140.17261047284362,145.16208446283179,2024-07-09,1720497600,-1.0,1
2024-07-10,1720584000,145.16208446283179,150.0031465459236,2024-07-10,1720584000,1.0,0
2024-07-10,1720584000,145.16208446283179,150.0031465459236,2024-07-11,1720670400,1.0,0
2024-07-10,1720584000,145.16208446283179,150.0031465459236,2024-07-12,1720756800,1.0,0
2024-07-10,1720584000,145.16208446283179,150.0031465459236,2024-07-15,1721016000,1.0,0
2024-07-10,1720584000,145.16208446283179,150.0031465459236,2024-07-16,1721102400,1.0,1
2024-07-17,1721188800,150.0031465459236,154.98253240080814,2024-07-17,1721188800,1.0,0
2024-07-17,1721188800,150.0031465459236,154.98253240080814,2024-07-18,1721275200,1.0,0
2024-07-17,1721188800,150.0031465459236,154.98253240080814,2024-07-19,1721361600,1.0,1
2024-07-22,1721620800,144.697412317359,150.0031465459236,2024-07-22,1721620800,-1.0,1
2024-07-23,1721707200,139.33223053369187,144.697412317359,2024-07-23,1721707200,-1.0,1
2024-07-24,1721793600,144.697412317359,149.98279540219278,2024-07-24,1721793600,1.0,0
2024-07-24,1721793600,144.697412317359,149.98279540219278,2024-07-25,1721880000,1.0,0
2024-07-24,1721793600,144.697412317359,149.98279540219278,2024-07-26,1721966400,1.0,0
2024-07-24,1721793600,144.697412317359,149.98279540219278,2024-07-29,1722225600,1.0,0
2024-07-24,1721793600,144.697412317359,149.98279540219278,2024-07-30,1722312000,1.0,1
2024-07-31,1722398400,149.98279540219278,155.456317077903,2024-07-31,1722398400,1.0,1
2024-08-01,1722484800,143.30466813189042,149.98279540219278,2024-08-01,1722484800,-1.0,1
2024-08-02,1722571200,136.4349785237525,143.30466813189042,2024-08-02,1722571200,-1.0,1
2024-08-05,1722830400,129.39512388762444,136.4349785237525,2024-08-05,1722830400,-1.0,0
2024-08-05,1722830400,129.39512388762444,136.4349785237525,2024-08-06,1722916800,-1.0,1
2024-08-07,1723003200,122.61468800239157,129.39512388762444,2024-08-07,1723003200,-1.0,1
2024-08-08,1723089600,129.39512388762444,136.01010006676924,2024-08-08,1723089600,1.0,0
2024-08-08,1723089600,129.39512388762444,136.01010006676924,2024-08-09,1723176000,1.0,0
2024-08-08,1723089600,129.39512388762444,136.01010006676924,2024-08-12,1723435200,1.0,0
2024-08-08,1723089600,129.39512388762444,136.01010006676924,2024-08-13,1723521600,1.0,0
2024-08-08,1723089600,129.39512388762444,136.01010006676924,2024-08-14,1723608000,1.0,0
2024-08-08,1723089600,129.39512388762444,136.01010006676924,2024-08-15,1723694400,1.0,0
2024-08-08,1723089600,129.39512388762444,136.01010006676924,2024-08-16,1723780800,1.0,1
2024-08-19,1724040000,136.01010006676924,141.64983976643487,2024-08-19,1724040000,1.0,1
2024-08-20,1724126400,130.4131989170797,136.01010006676924,2024-08-20,1724126400,-1.0,0
2024-08-20,1724126400,130.4131989170797,136.01010006676924,2024-08-21,1724212800,-1.0,0
2024-08-20,1724126400,130.4131989170797,136.01010006676924,2024-08-22,1724299200,-1.0,1
2024-08-23,1724385600,136.01010006676924,141.18476472634208,2024-08-23,1724385600,1.0,0
2024-08-23,1724385600,136.01010006676924,141.18476472634208,2024-08-26,1724644800,1.0,1
2024-08-27,1724731200,130.91037390621918,136.01010006676924,2024-08-27,1724731200,-1.0,0
2024-08-27,1724731200,130.91037390621918,136.01010006676924,2024-08-28,1724817600,-1.0,1
2024-08-29,1724904000,136.01010006676924,140.93445578683534,2024-08-29,1724904000,1.0,0
2024-08-29,1724904000,136.01010006676924,140.93445578683534,2024-08-30,1724990400,1.0,1
2024-09-03,1725336000,131.0384055938551,136.01010006676924,2024-09-03,1725336000,-1.0,1
2024-09-04,1725422400,125.8625464404348,131.0384055938551,2024-09-04,1725422400,-1.0,0
2024-09-04,1725422400,125.8625464404348,131.0384055938551,2024-09-05,1725508800,-1.0,1
2024-09-06,1725595200,120.44311686427139,125.8625464404348,2024-09-06,1725595200,-1.0,1
2024-09-09,1725854400,125.8625464404348,131.33973104687226,2024-09-09,1725854400,1.0,1
2024-09-10,1725940800,120.30344644874287,125.8625464404348,2024-09-10,1725940800,-1.0,0
2024-09-10,1725940800,120.30344644874287,125.8625464404348,2024-09-11,1726027200,-1.0,0
2024-09-10,1725940800,120.30344644874287,125.8625464404348,2024-09-12,1726113600,-1.0,1
2024-09-13,1726200000,125.8625464404348,131.14510062474497,2024-09-13,1726200000,1.0,0
2024-09-13,1726200000,125.8625464404348,131.14510062474497,2024-09-16,1726459200,1.0,0
2024-09-13,1726200000,125.8625464404348,131.14510062474497,2024-09-17,1726545600,1.0,0
2024-09-13,1726200000,125.8625464404348,131.14510062474497,2024-09-18,1726632000,1.0,1
2024-09-19,1726718400,131.14510062474497,136.4526454513298,2024-09-19,1726718400,1.0,0
2024-09-19,1726718400,131.14510062474497,136.4526454513298,2024-09-20,1726804800,1.0,0
2024-09-19,1726718400,131.14510062474497,136.4526454513298,2024-09-23,1727064000,1.0,0
2024-09-19,1726718400,131.14510062474497,136.4526454513298,2024-09-24,1727150400,1.0,1
2024-09-25,1727236800,125.88102212120245,131.14510062474497,2024-09-25,1727236800,-1.0,0
2024-09-25,1727236800,125.88102212120245,131.14510062474497,2024-09-26,1727323200,-1.0,1
2024-09-27,1727409600,131.14510062474497,136.55610708953418,2024-09-27,1727409600,1.0,0
2024-09-27,1727409600,131.14510062474497,136.55610708953418,2024-09-30,1727668800,1.0,1
2024-10-01,1727755200,136.55610708953418,142.38235245968406,2024-10-01,1727755200,1.0,0
2024-10-01,1727755200,136.55610708953418,142.38235245968406,2024-10-02,1727841600,1.0,0
2024-10-01,1727755200,136.55610708953418,142.38235245968406,2024-10-03,1727928000,1.0,0
2024-10-01,1727755200,136.55610708953418,142.38235245968406,2024-10-04,1728014400,1.0,0
2024-10-01,1727755200,136.55610708953418,142.38235245968406,2024-10-07,1728273600,1.0,1
2024-10-08,1728360000,130.91095662354707,136.55610708953418,2024-10-08,1728360000,-1.0,1
2024-10-09,1728446400,136.55610708953418,142.20946109366508,2024-10-09,1728446400,1.0,0
2024-10-09,1728446400,136.55610708953418,142.20946109366508,2024-10-10,1728532800,1.0,0
2024-10-09,1728446400,136.55610708953418,142.20946109366508,2024-10-11,1728619200,1.0,0
2024-10-09,1728446400,136.55610708953418,142.20946109366508,2024-10-14,1728878400,1.0,1
2024-10-15,1728964800,131.1953605330998,136.55610708953418,2024-10-15,1728964800,-1.0,0
2024-10-15,1728964800,131.1953605330998,136.55610708953418,2024-10-16,1729051200,-1.0,1
2024-10-17,1729137600,136.55610708953418,141.6668630489087,2024-10-17,1729137600,1.0,0
2024-10-17,1729137600,136.55610708953418,141.6668630489087,2024-10-18,1729224000,1.0,0
2024-10-17,1729137600,136.55610708953418,141.6668630489087,2024-10-21,1729483200,1.0,0
2024-10-17,1729137600,136.55610708953418,141.6668630489087,2024-10-22,1729569600,1.0,0
2024-10-17,1729137600,136.55610708953418,141.6668630489087,2024-10-23,1729656000,1.0,0
2024-10-17,1729137600,136.55610708953418,141.6668630489087,2024-10-24,1729742400,1.0,0
2024-10-17,1729137600,136.55610708953418,141.6668630489087,2024-10-25,1729828800,1.0,1
2024-10-28,1730088000,131.78909966062199,136.55610708953418,2024-10-28,1730088000,-1.0,0
2024-10-28,1730088000,131.78909966062199,136.55610708953418,2024-10-29,1730174400,-1.0,0
2024-10-28,1730088000,131.78909966062199,136.55610708953418,2024-10-30,1730260800,-1.0,0
2024-10-28,1730088000,131.78909966062199,136.55610708953418,2024-10-31,1730347200,-1.0,0
2024-10-28,1730088000,131.78909966062199,136.55610708953418,2024-11-01,1730433600,-1.0,1
2024-11-04,1730696400,136.55610708953418,141.69495983188688,2024-11-04,1730696400,1.0,0
2024-11-04,1730696400,136.55610708953418,141.69495983188688,2024-11-05,1730782800,1.0,0
2024-11-04,1730696400,136.55610708953418,141.69495983188688,2024-11-06,1730869200,1.0,0
2024-11-04,1730696400,136.55610708953418,141.69495983188688,2024-11-07,1730955600,1.0,0
2024-11-04,1730696400,136.55610708953418,141.69495983188688,2024-11-08,1731042000,1.0,0
2024-11-04,1730696400,136.55610708953418,141.69495983188688,2024-11-11,1731301200,1.0,0
2024-11-04,1730696400,136.55610708953418,141.69495983188688,2024-11-12,1731387600,1.0,0
2024-11-04,1730696400,136.55610708953418,141.69495983188688,2024-11-13,1731474000,1.0,1
2024-11-14,1731560400,141.69495983188688,146.76503915602586,2024-11-14,1731560400,1.0,0
2024-11-14,1731560400,141.69495983188688,146.76503915602586,2024-11-15,1731646800,1.0,0
2024-11-14,1731560400,141.69495983188688,146.76503915602586,2024-11-18,1731906000,1.0,0
2024-11-14,1731560400,141.69495983188688,146.76503915602586,2024-11-19,1731992400,1.0,0
2024-11-14,1731560400,141.69495983188688,146.76503915602586,2024-11-20,1732078800,1.0,0
2024-11-14,1731560400,141.69495983188688,146.76503915602586,2024-11-21,1732165200,1.0,1
2024-11-22,1732251600,146.76503915602586,151.24185159233906,2024-11-22,1732251600,1.0,1
2024-11-25,1732510800,142.03714189373503,146.76503915602586,2024-11-25,1732510800,-1.0,0
2024-11-25,1732510800,142.03714189373503,146.76503915602586,2024-11-26,1732597200,-1.0,0
2024-11-25,1732510800,142.03714189373503,146.76503915602586,2024-11-27,1732683600,-1.0,0
2024-11-25,1732510800,142.03714189373503,146.76503915602586,2024-11-29,1732856400,-1.0,0
2024-11-25,1732510800,142.03714189373503,146.76503915602586,2024-12-02,1733115600,-1.0,0
2024-11-25,1732510800,142.03714189373503,146.76503915602586,2024-12-03,1733202000,-1.0,0
2024-11-25,1732510800,142.03714189373503,146.76503915602586,2024-12-04,1733288400,-1.0,0
2024-11-25,1732510800,142.03714189373503,146.76503915602586,2024-12-05,1733374800,-1.0,1
2024-12-06,1733461200,136.9410356754203,142.03714189373503,2024-12-06,1733461200,-1.0,0
2024-12-06,1733461200,136.9410356754203,142.03714189373503,2024-12-09,1733720400,-1.0,0
2024-12-06,1733461200,136.9410356754203,142.03714189373503,2024-12-10,1733806800,-1.0,0
2024-12-06,1733461200,136.9410356754203,142.03714189373503,2024-12-11,1733893200,-1.0,0
2024-12-06,1733461200,136.9410356754203,142.03714189373503,2024-12-12,1733979600,-1.0,0
2024-12-06,1733461200,136.9410356754203,142.03714189373503,2024-12-13,1734066000,-1.0,1
2024-12-16,1734325200,131.64555970618161,136.9410356754203,2024-12-16,1734325200,-1.0,0
2024-12-16,1734325200,131.64555970618161,136.9410356754203,2024-12-17,1734411600,-1.0,1
2024-12-18,1734498000,126.04658297760336,131.64555970618161,2024-12-18,1734498000,-1.0,0
2024-12-18,1734498000,126.04658297760336,131.64555970618161,2024-12-19,1734584400,-1.0,0
2024-12-18,1734498000,126.04658297760336,131.64555970618161,2024-12-20,1734670800,-1.0,0
2024-12-18,1734498000,126.04658297760336,131.64555970618161,2024-12-23,1734930000,-1.0,0
2024-12-18,1734498000,126.04658297760336,131.64555970618161,2024-12-24,1735016400,-1.0,0
2024-12-18,1734498000,126.04658297760336,131.64555970618161,2024-12-26,1735189200,-1.0,0
2024-12-18,1734498000,126.04658297760336,131.64555970618161,2024-12-27,1735275600,-1.0,0
2024-12-18,1734498000,126.04658297760336,131.64555970618161,2024-12-30,1735534800,-1.0,1
2024-12-31,1735621200,131.64555970618161,136.75024246137434,2024-12-31,1735621200,1.0,0
2024-12-31,1735621200,131.64555970618161,136.75024246137434,2025-01-02,1735794000,1.0,0
2024-12-31,1735621200,131.64555970618161,136.75024246137434,2025-01-03,1735880400,1.0,0
2024-12-31,1735621200,131.64555970618161,136.75024246137434,2025-01-06,1736139600,1.0,1
2025-01-07,1736226000,136.75024246137434,141.89155129548146,2025-01-07,1736226000,1.0,0
2025-01-07,1736226000,136.75024246137434,141.89155129548146,2025-01-08,1736312400,1.0,0
2025-01-07,1736226000,136.75024246137434,141.89155129548146,2025-01-10,1736485200,1.0,1
2025-01-13,1736744400,141.89155129548146,147.45392720967,2025-01-13,1736744400,1.0,0
2025-01-13,1736744400,141.89155129548146,147.45392720967,2025-01-14,1736830800,1.0,1
2025-01-15,1736917200,147.45392720967,152.904394196904,2025-01-15,1736917200,1.0,0
2025-01-15,1736917200,147.45392720967,152.904394196904,2025-01-16,1737003600,1.0,0
2025-01-15,1736917200,147.45392720967,152.904394196904,2025-01-17,1737090000,1.0,0
2025-01-15,1736917200,147.45392720967,152.904394196904,2025-01-21,1737435600,1.0,1
2025-01-22,1737522000,142.01490030363112,147.45392720967,2025-01-22,1737522000,-1.0,0
2025-01-22,1737522000,142.01490030363112,147.45392720967,2025-01-23,1737608400,-1.0,0
2025-01-22,1737522000,142.01490030363112,147.45392720967,2025-01-24,1737694800,-1.0,0
2025-01-22,1737522000,142.01490030363112,147.45392720967,2025-01-27,1737954000,-1.0,0
2025-01-22,1737522000,142.01490030363112,147.45392720967,2025-01-28,1738040400,-1.0,0
2025-01-22,1737522000,142.01490030363112,147.45392720967,2025-01-29,1738126800,-1.0,0
2025-01-22,1737522000,142.01490030363112,147.45392720967,2025-01-30,1738213200,-1.0,1
2025-01-31,1738299600,136.34372525358214,142.01490030363112,2025-01-31,1738299600,-1.0,0
2025-01-31,1738299600,136.34372525358214,142.01490030363112,2025-02-03,1738558800,-1.0,0
2025-01-31,1738299600,136.34372525358214,142.01490030363112,2025-02-04,1738645200,-1.0,0
2025-01-31,1738299600,136.34372525358214,142.01490030363112,2025-02-05,1738731600,-1.0,0
2025-01-31,1738299600,136.34372525358214,142.01490030363112,2025-02-06,1738818000,-1.0,0
2025-01-31,1738299600,136.34372525358214,142.01490030363112,2025-02-07,1738904400,-1.0,1
2025-02-10,1739163600,142.01490030363112,147.73950354586967,2025-02-10,1739163600,1.0,0
2025-02-10,1739163600,142.01490030363112,147.73950354586967,2025-02-11,1739250000,1.0,0
2025-02-10,1739163600,142.01490030363112,147.73950354586967,2025-02-12,1739336400,1.0,0
