unix,date,open,high,low,close,volume_base
1451883600,2016-01-04,79.14,79.99,78.71,79.94,3874209.0
1451970000,2016-01-05,79.99,80.73,79.7,80.59,2889523.0
1452056400,2016-01-06,79.6,79.88,79.09,79.68,2621708.0
1452142800,2016-01-07,78.36,78.8,76.93,77.33,3894936.0
1452229200,2016-01-08,77.87,78.2,76.52,76.71,4476626.0
1452488400,2016-01-11,77.16,77.48,75.94,76.7,3468744.0
1452574800,2016-01-12,77.34,77.62,76.24,77.29,3570571.0
1452661200,2016-01-13,77.74,77.86,75.38,75.67,3367899.0
1452747600,2016-01-14,75.86,77.53,75.22,76.95,6035612.0
1452834000,2016-01-15,75.11,76.06,74.74,75.8,6043611.0
1453179600,2016-01-19,76.7,76.8,74.98,75.85,4177744.0
1453266000,2016-01-20,74.42,75.51,73.03,75.0,5514203.0
1453352400,2016-01-21,75.46,76.1,74.73,75.27,3293861.0
1453438800,2016-01-22,76.47,76.79,75.42,76.24,3543381.0
1453698000,2016-01-25,76.05,76.16,75.11,75.19,2736093.0
1453784400,2016-01-26,75.4,76.87,75.12,76.77,3760901.0
1453870800,2016-01-27,76.2,76.98,75.07,75.57,5599856.0
1453957200,2016-01-28,76.35,76.8,75.67,76.35,4881467.0
1454043600,2016-01-29,78.71,80.61,77.84,80.43,7992475.0
1454302800,2016-02-01,79.65,80.43,78.46,80.18,5994359.0
1454389200,2016-02-02,79.34,79.34,78.0,78.45,4144942.0
1454475600,2016-02-03,79.13,79.71,77.48,79.62,4090274.0
1454562000,2016-02-04,79.25,80.83,79.2,79.92,5412677.0
1454648400,2016-02-05,80.01,80.09,78.89,79.59,4041484.0
1454907600,2016-02-08,78.71,79.21,77.84,79.13,4037177.0
1454994000,2016-02-09,78.12,80.7,78.12,80.05,4053457.0
1455080400,2016-02-10,80.38,81.5,79.86,79.96,4400009.0
1455166800,2016-02-11,78.25,79.73,77.88,79.13,5547226.0
1455253200,2016-02-12,80.02,80.88,79.42,80.65,5126949.0
1455598800,2016-02-16,81.42,82.61,81.17,81.79,5967479.0
1455685200,2016-02-17,82.14,83.08,82.04,82.71,6634941.0
1455771600,2016-02-18,82.56,83.44,82.4,82.98,4472634.0
1455858000,2016-02-19,82.72,83.8,82.14,83.6,5956213.0
1456117200,2016-02-22,84.17,87.18,81.56,81.96,16607047.0
1456203600,2016-02-23,81.76,82.93,80.87,81.24,8500883.0
1456290000,2016-02-24,80.15,81.31,79.36,80.97,7263606.0
1456376400,2016-02-25,81.22,81.72,80.76,81.67,5258475.0
1456462800,2016-02-26,81.59,81.93,80.51,80.76,8720247.0
1456722000,2016-02-29,80.41,81.12,79.39,79.44,6499959.0
1456808400,2016-03-01,81.21,82.98,80.97,82.98,9286307.0
1456894800,2016-03-02,82.93,84.39,82.6,83.47,4602865.0
1456981200,2016-03-03,83.56,84.82,83.24,84.64,5877414.0
1457067600,2016-03-04,84.53,85.39,84.39,84.77,3264390.0
1457326800,2016-03-07,84.51,84.84,83.56,84.24,4698997.0
1457413200,2016-03-08,83.48,84.47,83.16,84.32,3653807.0
1457499600,2016-03-09,84.48,85.4,84.46,85.38,3918066.0
1457586000,2016-03-10,85.48,85.7,84.08,84.93,3442369.0
1457672400,2016-03-11,85.91,86.13,85.15,85.46,3212032.0
1457928000,2016-03-14,85.12,85.82,85.04,85.05,3340381.0
1458014400,2016-03-15,84.41,85.26,84.32,85.19,2276084.0
1458100800,2016-03-16,85.11,85.95,84.73,85.62,2980388.0
1458187200,2016-03-17,85.96,87.28,85.11,87.02,4725437.0
1458273600,2016-03-18,87.47,87.9,86.99,87.87,6865393.0
1458532800,2016-03-21,87.58,88.4,87.44,88.32,3284910.0
1458619200,2016-03-22,87.77,88.94,87.65,88.56,3589008.0
1458705600,2016-03-23,88.16,88.36,87.73,87.95,2559834.0
1458792000,2016-03-24,87.2,87.77,87.0,87.25,2845548.0
1459137600,2016-03-28,87.41,87.69,87.07,87.47,2595034.0
1459224000,2016-03-29,87.16,87.94,86.52,87.71,2796037.0
1459310400,2016-03-30,88.59,88.59,87.73,87.92,2506203.0
1459396800,2016-03-31,87.87,88.2,87.11,87.83,2961829.0
1459483200,2016-04-01,87.23,88.92,86.87,88.75,2953467.0
1459742400,2016-04-04,88.9,88.9,87.95,88.22,2606768.0
1459828800,2016-04-05,87.58,88.16,87.26,87.62,4111509.0
1459915200,2016-04-06,87.64,88.73,87.22,88.62,2811003.0
1460001600,2016-04-07,88.23,88.27,87.29,87.53,3078505.0
1460088000,2016-04-08,87.85,88.56,87.54,87.88,2658881.0
1460347200,2016-04-11,88.11,88.47,87.71,87.74,2374133.0
1460433600,2016-04-12,87.86,88.85,87.79,88.6,2434074.0
1460520000,2016-04-13,89.24,90.1,88.92,89.94,3800728.0
1460606400,2016-04-14,90.13,90.13,89.5,89.76,1980166.0
1460692800,2016-04-15,89.68,90.06,89.39,89.85,2378234.0
1460952000,2016-04-18,89.83,90.55,89.45,90.5,2841321.0
1461038400,2016-04-19,90.84,91.36,90.4,90.77,2418491.0
1461124800,2016-04-20,90.88,90.92,90.06,90.28,2832914.0
1461211200,2016-04-21,90.38,91.07,89.91,90.08,3130536.0
1461297600,2016-04-22,89.36,90.6,88.05,89.49,5470841.0
1461556800,2016-04-25,89.36,90.14,88.27,88.77,4084285.0
1461643200,2016-04-26,89.06,90.1,89.06,89.98,3332764.0
1461729600,2016-04-27,90.03,90.88,89.68,90.48,3639268.0
1461816000,2016-04-28,90.23,91.33,89.52,89.84,3313084.0
1461902400,2016-04-29,89.68,90.15,89.11,89.57,3318614.0
1462161600,2016-05-02,89.72,90.04,89.22,89.88,3336138.0
1462248000,2016-05-03,89.2,90.09,89.1,89.76,2895762.0
1462334400,2016-05-04,89.08,89.34,88.3,88.52,3689634.0
1462420800,2016-05-05,88.79,89.39,88.61,89.06,3309375.0
1462507200,2016-05-06,89.03,89.36,88.5,89.18,3675605.0
1462766400,2016-05-09,89.1,89.36,88.56,88.7,3304373.0
1462852800,2016-05-10,89.31,90.53,88.77,90.09,3180251.0
1462939200,2016-05-11,90.14,90.38,89.32,89.44,1975823.0
1463025600,2016-05-12,89.78,89.97,88.97,89.5,2645315.0
1463112000,2016-05-13,89.45,89.75,88.46,88.73,2815809.0
1463371200,2016-05-16,89.06,90.24,88.56,90.01,2844768.0
1463457600,2016-05-17,89.9,90.21,89.07,89.53,2846509.0
1463544000,2016-05-18,89.16,89.67,88.33,88.79,2733247.0
1463630400,2016-05-19,88.28,88.69,87.24,88.5,3259016.0
1463716800,2016-05-20,88.81,89.89,88.81,89.21,4957584.0
1463976000,2016-05-23,89.11,89.34,88.71,88.88,1908789.0
1464062400,2016-05-24,89.11,90.38,89.04,90.11,2405103.0
1464148800,2016-05-25,90.29,90.81,90.16,90.39,1779675.0
1464235200,2016-05-26,90.39,90.83,89.67,89.97,2248322.0
1464321600,2016-05-27,90.19,90.3,89.74,90.08,2041873.0
1464667200,2016-05-31,90.04,90.29,89.33,89.69,3837371.0
1464753600,2016-06-01,89.74,89.93,88.61,89.78,2499208.0
1464840000,2016-06-02,89.86,90.24,89.46,90.24,2433680.0
1464926400,2016-06-03,90.41,90.6,89.61,90.45,2549532.0
1465185600,2016-06-06,90.6,91.22,90.42,91.04,2068128.0
1465272000,2016-06-07,91.04,91.3,90.87,90.89,2340905.0
1465358400,2016-06-08,91.01,91.71,90.85,91.45,2879253.0
1465444800,2016-06-09,91.06,92.42,90.96,92.35,2916601.0
1465531200,2016-06-10,92.59,92.59,91.57,91.93,3701589.0
1465790400,2016-06-13,91.88,91.9,90.66,90.71,2928077.0
1465876800,2016-06-14,90.77,91.08,90.26,91.01,2310074.0
1465963200,2016-06-15,91.29,91.81,90.96,91.02,3240253.0
1466049600,2016-06-16,90.59,91.41,89.82,91.23,2435846.0
1466136000,2016-06-17,91.34,91.53,90.75,91.34,4371338.0
1466395200,2016-06-20,92.42,93.39,91.9,92.23,3302735.0
1466481600,2016-06-21,92.57,92.68,92.16,92.42,2680408.0
1466568000,2016-06-22,92.53,92.83,91.75,91.85,2588343.0
1466654400,2016-06-23,92.59,92.74,91.9,92.44,2298457.0
1466740800,2016-06-24,89.43,90.88,88.75,89.02,4408356.0
1467000000,2016-06-27,88.3,88.3,86.83,87.82,4459878.0
1467086400,2016-06-28,89.29,89.9,88.55,89.87,4173514.0
1467172800,2016-06-29,90.11,90.58,89.18,90.19,4531840.0
1467259200,2016-06-30,90.61,91.67,90.3,91.65,4170973.0
1467345600,2016-07-01,91.79,92.68,91.6,91.79,2533201.0
1467691200,2016-07-05,91.31,91.76,90.35,90.79,2894112.0
1467777600,2016-07-06,90.99,92.08,90.15,92.05,3580485.0
1467864000,2016-07-07,92.01,92.31,91.04,91.49,2437901.0
1467950400,2016-07-08,92.2,93.76,92.13,93.64,2849264.0
1468209600,2016-07-11,93.73,93.79,93.07,93.42,3324686.0
1468296000,2016-07-12,93.77,94.32,93.59,93.78,2616910.0
1468382400,2016-07-13,94.24,94.39,93.57,93.8,2153857.0
1468468800,2016-07-14,94.29,94.57,93.68,93.83,2721634.0
1468555200,2016-07-15,94.28,94.34,93.72,93.94,2861308.0
1468814400,2016-07-18,93.94,93.96,93.51,93.68,1471755.0
1468900800,2016-07-19,93.44,94.1,93.24,94.04,2484681.0
1468987200,2016-07-20,94.13,94.55,93.91,94.46,2432689.0
1469073600,2016-07-21,94.4,94.55,93.21,93.5,4516887.0
1469160000,2016-07-22,89.55,91.4,88.8,91.09,10062290.0
1469419200,2016-07-25,90.67,91.75,90.67,91.0,6091620.0
1469505600,2016-07-26,90.84,91.36,90.3,91.36,3461495.0
1469592000,2016-07-27,91.46,91.72,90.3,90.58,3940529.0
1469678400,2016-07-28,90.61,91.34,90.01,91.21,3482117.0
1469764800,2016-07-29,91.08,91.79,90.65,91.66,3704397.0
1470024000,2016-08-01,91.36,91.67,90.86,91.3,2574390.0
1470110400,2016-08-02,91.01,91.19,90.64,90.97,2358431.0
1470196800,2016-08-03,91.01,91.49,90.71,91.41,2402670.0
1470283200,2016-08-04,91.43,91.86,91.32,91.36,1473894.0
1470369600,2016-08-05,91.64,92.11,91.32,91.69,3318264.0
1470628800,2016-08-08,91.87,92.01,91.17,91.43,2212815.0
1470715200,2016-08-09,91.58,91.86,91.34,91.6,1871900.0
1470801600,2016-08-10,91.65,91.79,91.06,91.42,1958987.0
1470888000,2016-08-11,91.75,91.9,91.46,91.69,1811114.0
1470974400,2016-08-12,91.52,91.65,91.27,91.48,1602912.0
1471233600,2016-08-15,91.79,92.2,91.42,92.06,2132560.0
1471320000,2016-08-16,91.74,92.54,91.53,91.58,2175492.0
1471406400,2016-08-17,91.55,91.77,91.14,91.69,1912295.0
1471492800,2016-08-18,91.56,91.85,91.42,91.76,1997050.0
1471579200,2016-08-19,91.45,92.06,91.45,91.96,1757870.0
1471838400,2016-08-22,91.8,92.61,91.66,92.33,2618737.0
1471924800,2016-08-23,92.6,92.94,92.54,92.67,1994870.0
1472011200,2016-08-24,92.5,92.72,92.3,92.47,2017778.0
1472097600,2016-08-25,92.38,92.84,92.16,92.48,2015887.0
1472184000,2016-08-26,92.76,93.25,92.16,92.46,1942395.0
1472443200,2016-08-29,92.46,92.96,92.27,92.8,2657449.0
1472529600,2016-08-30,92.82,92.99,92.54,92.68,2126526.0
1472616000,2016-08-31,92.63,92.76,92.19,92.43,2456591.0
1472702400,2016-09-01,92.27,92.49,91.19,91.97,3213096.0
1472788800,2016-09-02,92.07,92.61,91.72,92.18,2881102.0
1473134400,2016-09-06,92.23,92.34,91.08,91.64,2530825.0
1473220800,2016-09-07,91.49,91.66,90.07,90.48,3804719.0
1473307200,2016-09-08,90.28,90.7,89.91,90.14,3006462.0
1473393600,2016-09-09,89.48,89.77,88.51,88.71,5149269.0
1473652800,2016-09-12,88.12,90.29,87.91,89.88,4260801.0
1473739200,2016-09-13,89.36,89.47,88.14,88.38,4297806.0
1473825600,2016-09-14,88.51,90.51,88.51,90.31,5014903.0
1473912000,2016-09-15,90.11,91.46,90.02,91.3,3944724.0
1473998400,2016-09-16,90.89,90.97,89.88,90.49,5288342.0
1474257600,2016-09-19,90.97,91.62,90.65,90.71,3278553.0
1474344000,2016-09-20,91.35,91.7,90.86,90.97,3222755.0
1474430400,2016-09-21,91.05,91.83,90.67,91.81,2812317.0
1474516800,2016-09-22,92.19,92.87,92.03,92.53,3363978.0
1474603200,2016-09-23,91.32,92.19,91.29,91.85,2878175.0
1474862400,2016-09-26,91.66,92.54,91.39,91.82,3032997.0
1474948800,2016-09-27,91.61,92.23,91.25,92.04,4057117.0
1475035200,2016-09-28,92.24,92.87,91.76,92.79,3968214.0
1475121600,2016-09-29,93.23,93.23,91.98,92.02,2140193.0
1475208000,2016-09-30,92.38,92.66,91.91,92.34,4599426.0
1475467200,2016-10-03,92.21,92.59,91.9,92.4,2789065.0
1475553600,2016-10-04,92.33,92.34,91.23,91.47,2873334.0
1475640000,2016-10-05,91.64,92.22,91.64,91.77,2558956.0
1475726400,2016-10-06,91.82,92.27,91.56,92.05,3695401.0
1475812800,2016-10-07,85.21,85.64,83.8,85.14,22289920.0
1476072000,2016-10-10,85.41,85.96,84.56,85.03,9054970.0
1476158400,2016-10-11,84.74,84.74,83.81,84.22,9683515.0
1476244800,2016-10-12,84.26,85.79,84.18,85.54,8130205.0
1476331200,2016-10-13,85.06,86.53,84.83,86.2,5707818.0
1476417600,2016-10-14,87.57,87.64,86.43,86.79,6149516.0
1476676800,2016-10-17,86.73,87.1,85.96,86.02,4020814.0
1476763200,2016-10-18,86.91,86.92,85.76,85.89,3597992.0
1476849600,2016-10-19,86.0,86.51,85.52,86.2,3472213.0
1476936000,2016-10-20,86.05,86.45,85.77,86.1,4523007.0
1477022400,2016-10-21,85.95,87.26,85.6,86.75,3698861.0
1477281600,2016-10-24,86.71,87.68,86.63,86.99,3824462.0
1477368000,2016-10-25,87.18,87.19,86.47,86.84,4045521.0
1477454400,2016-10-26,86.67,87.38,86.42,87.13,2497360.0
1477540800,2016-10-27,87.39,87.49,86.32,86.65,3272881.0
1477627200,2016-10-28,87.1,88.28,86.73,87.45,3195029.0
1477886400,2016-10-31,87.55,87.72,87.2,87.33,3024109.0
1477972800,2016-11-01,87.48,87.73,86.65,86.9,3355326.0
1478059200,2016-11-02,87.1,87.1,86.0,86.36,5035148.0
1478145600,2016-11-03,86.59,86.64,86.0,86.27,4290856.0
1478232000,2016-11-04,86.37,86.94,86.0,86.19,3504147.0
1478494800,2016-11-07,87.45,88.65,87.14,88.58,5254881.0
1478581200,2016-11-08,88.38,88.78,87.99,88.07,3599283.0
1478667600,2016-11-09,88.42,90.08,87.37,89.46,5214291.0
1478754000,2016-11-10,90.06,91.16,89.83,90.12,7189369.0
1478840400,2016-11-11,90.06,90.38,89.76,90.17,3789039.0
1479099600,2016-11-14,90.46,91.05,89.84,90.0,3077524.0
1479186000,2016-11-15,90.03,90.32,89.25,90.07,3117945.0
1479272400,2016-11-16,90.08,90.37,89.6,89.92,2767340.0
1479358800,2016-11-17,90.17,90.82,90.05,90.58,2442874.0
1479445200,2016-11-18,90.37,90.5,89.61,89.77,3289305.0
1479704400,2016-11-21,89.89,90.09,89.53,89.87,2809392.0
1479790800,2016-11-22,90.13,90.31,89.78,90.12,2616830.0
1479877200,2016-11-23,90.32,91.27,90.32,91.17,3089891.0
1480050000,2016-11-25,90.92,91.59,90.92,91.44,986578.0
1480309200,2016-11-28,91.43,91.46,90.78,91.18,2974266.0
1480395600,2016-11-29,90.87,91.7,90.73,90.78,3800172.0
1480482000,2016-11-30,91.09,91.9,90.73,91.26,7158226.0
1480568400,2016-12-01,90.69,91.34,90.35,91.04,4279947.0
1480654800,2016-12-02,91.26,91.3,89.84,90.06,3949584.0
1480914000,2016-12-05,90.42,91.14,90.27,90.41,3591206.0
1481000400,2016-12-06,90.78,91.03,90.23,90.56,2899928.0
1481086800,2016-12-07,90.8,93.55,90.35,93.31,8253948.0
1481173200,2016-12-08,93.18,93.82,91.97,92.63,5863631.0
1481259600,2016-12-09,92.2,93.25,92.13,93.09,3276922.0
1481518800,2016-12-12,92.95,94.03,92.65,94.03,7529302.0
1481605200,2016-12-13,94.21,94.83,93.95,94.58,4909309.0
1481691600,2016-12-14,94.38,95.0,93.13,93.31,4790634.0
1481778000,2016-12-15,93.15,94.1,93.03,93.18,4451355.0
1481864400,2016-12-16,91.02,94.17,90.98,93.21,9777918.0
1482123600,2016-12-19,93.71,94.56,93.55,93.94,4087803.0
1482210000,2016-12-20,94.07,94.58,93.95,94.28,3074690.0
1482296400,2016-12-21,94.28,94.43,93.65,93.87,3084369.0
1482382800,2016-12-22,93.98,94.11,93.39,93.64,4079935.0
1482469200,2016-12-23,93.52,94.07,93.48,93.7,1646232.0
1482814800,2016-12-27,93.71,94.15,93.55,93.73,1360200.0
1482901200,2016-12-28,93.85,94.0,92.67,92.71,3003669.0
1482987600,2016-12-29,93.0,93.37,92.75,92.91,1855809.0
1483074000,2016-12-30,93.07,93.07,92.44,92.79,2878822.0
1483419600,2017-01-03,93.41,93.63,92.55,93.05,3439858.0
1483506000,2017-01-04,93.42,93.68,92.93,93.31,3687933.0
1483592400,2017-01-05,93.33,94.07,93.08,93.51,2951530.0
1483678800,2017-01-06,93.66,95.07,93.31,94.93,4005963.0
1483938000,2017-01-09,94.72,94.82,94.15,94.15,4290973.0
1484024400,2017-01-10,93.97,94.86,93.61,94.39,4208813.0
1484110800,2017-01-11,94.14,94.6,93.81,94.52,3198888.0
1484197200,2017-01-12,94.52,94.52,93.43,94.21,3483101.0
1484283600,2017-01-13,94.24,94.76,94.19,94.56,3343374.0
1484629200,2017-01-17,94.04,94.57,93.71,93.89,3727636.0
1484715600,2017-01-18,94.12,94.75,93.87,94.56,2784809.0
1484802000,2017-01-19,94.77,95.11,93.95,94.44,2711375.0
1484888400,2017-01-20,94.79,94.86,93.8,94.36,3461058.0
1485147600,2017-01-23,94.42,94.71,93.69,94.03,2582749.0
1485234000,2017-01-24,94.22,94.57,93.92,94.48,2916883.0
1485320400,2017-01-25,94.72,95.04,94.28,94.41,4959264.0
1485406800,2017-01-26,94.49,94.59,93.93,94.48,7053763.0
1485493200,2017-01-27,95.03,95.4,93.8,94.84,4253885.0
1485752400,2017-01-30,94.58,95.4,94.32,95.4,3567498.0
1485838800,2017-01-31,95.29,95.49,94.0,94.76,4656612.0
1485925200,2017-02-01,95.08,95.25,94.06,94.51,2687624.0
1486011600,2017-02-02,94.09,94.61,93.81,94.5,2488366.0
1486098000,2017-02-03,94.9,95.6,94.44,95.46,3152519.0
1486357200,2017-02-06,95.33,95.78,95.2,95.58,3635939.0
1486443600,2017-02-07,95.85,96.24,95.64,95.88,2848744.0
1486530000,2017-02-08,95.63,96.11,95.56,95.89,2037155.0
1486616400,2017-02-09,95.91,96.89,95.82,96.64,2446231.0
1486702800,2017-02-10,96.74,97.71,96.7,97.59,3962648.0
1486962000,2017-02-13,97.88,99.16,97.79,99.01,4782839.0
1487048400,2017-02-14,98.91,99.28,98.62,99.01,3405538.0
1487134800,2017-02-15,98.8,99.69,98.65,99.54,3696193.0
1487221200,2017-02-16,99.63,99.67,98.75,99.44,5057864.0
1487307600,2017-02-17,99.25,99.76,98.77,99.76,3531273.0
1487653200,2017-02-21,99.95,100.11,99.47,99.88,2703166.0
1487739600,2017-02-22,99.85,100.7,99.45,100.68,3606736.0
1487826000,2017-02-23,100.65,100.98,99.88,100.5,3575958.0
1487912400,2017-02-24,100.04,100.67,99.53,100.67,2856837.0
1488171600,2017-02-27,100.32,100.73,100.03,100.56,4971327.0
1488258000,2017-02-28,100.65,101.23,100.04,100.24,3637283.0
1488344400,2017-03-01,100.94,102.59,100.94,102.46,4472303.0
1488430800,2017-03-02,102.09,102.54,101.31,101.72,3319762.0
1488517200,2017-03-03,101.68,101.96,101.22,101.62,2231008.0
1488776400,2017-03-06,100.73,101.9,100.66,101.52,3673907.0
1488862800,2017-03-07,101.45,101.78,101.11,101.66,2316349.0
1488949200,2017-03-08,101.78,102.43,101.47,101.93,3691531.0
1489035600,2017-03-09,101.85,102.44,101.24,101.6,2823648.0
1489122000,2017-03-10,102.35,102.55,101.85,102.29,3337666.0
1489377600,2017-03-13,102.35,102.54,101.85,102.04,3497863.0
1489464000,2017-03-14,100.68,101.93,99.94,101.22,2261655.0
1489550400,2017-03-15,101.72,102.68,101.45,102.23,4002957.0
1489636800,2017-03-16,102.64,102.64,101.63,101.74,3460131.0
1489723200,2017-03-17,102.14,102.51,101.69,102.39,5542102.0
1489982400,2017-03-20,102.26,102.39,101.7,101.85,2261178.0
1490068800,2017-03-21,102.3,102.5,100.98,101.18,2709346.0
1490155200,2017-03-22,101.35,101.4,100.27,101.05,2396241.0
1490241600,2017-03-23,101.14,101.44,100.75,101.06,2073834.0
1490328000,2017-03-24,101.13,101.48,100.07,100.46,2773525.0
1490587200,2017-03-27,99.66,100.51,99.08,100.24,3730776.0
1490673600,2017-03-28,100.01,101.29,99.47,100.87,2305157.0
1490760000,2017-03-29,100.61,101.03,100.46,100.89,1727246.0
1490846400,2017-03-30,100.75,101.23,100.64,100.98,2001827.0
1490932800,2017-03-31,100.65,101.09,100.4,100.54,3478969.0
1491192000,2017-04-03,100.43,100.83,99.27,100.11,3295860.0
1491278400,2017-04-04,100.26,100.44,99.72,99.99,1984329.0
1491364800,2017-04-05,100.27,100.74,99.44,99.49,2859240.0
1491451200,2017-04-06,99.5,100.11,99.31,99.7,2403199.0
1491537600,2017-04-07,99.82,100.22,99.51,100.06,2147755.0
1491796800,2017-04-10,100.05,100.78,100.03,100.21,2625762.0
1491883200,2017-04-11,100.19,100.48,99.53,100.28,2166087.0
1491969600,2017-04-12,100.45,100.45,99.01,99.16,3043003.0
1492056000,2017-04-13,98.87,99.42,98.63,98.63,1866999.0
1492401600,2017-04-17,99.04,99.38,98.55,99.38,2184716.0
1492488000,2017-04-18,99.21,99.59,98.79,99.1,1841464.0
1492574400,2017-04-19,99.68,99.68,98.75,98.83,2207312.0
1492660800,2017-04-20,99.4,100.32,99.06,99.66,4336568.0
1492747200,2017-04-21,102.32,103.3,101.53,102.32,7142144.0
1493006400,2017-04-24,103.34,105.27,103.34,104.5,6144206.0
1493092800,2017-04-25,104.64,105.75,103.62,104.11,7239146.0
1493179200,2017-04-26,104.31,105.34,103.98,104.75,5081303.0
1493265600,2017-04-27,104.95,105.08,104.21,104.58,3919710.0
1493352000,2017-04-28,108.5,108.7,105.43,105.59,6727672.0
1493611200,2017-05-01,105.5,106.19,105.07,105.4,3580273.0
1493697600,2017-05-02,105.26,105.94,105.24,105.63,4488158.0
1493784000,2017-05-03,105.08,105.9,104.78,105.53,4930645.0
1493870400,2017-05-04,105.71,105.82,105.2,105.64,3061556.0
1493956800,2017-05-05,106.08,106.08,105.28,105.81,4984013.0
1494216000,2017-05-08,105.86,105.86,105.33,105.58,2840394.0
1494302400,2017-05-09,105.68,106.37,105.47,106.21,3178429.0
1494388800,2017-05-10,106.11,106.33,105.65,106.07,2685819.0
1494475200,2017-05-11,106.19,106.68,105.3,106.2,2380524.0
1494561600,2017-05-12,106.05,106.11,105.69,105.87,2432364.0
1494820800,2017-05-15,105.93,106.34,105.77,106.27,2680248.0
1494907200,2017-05-16,106.32,106.48,105.8,106.29,2141137.0
1494993600,2017-05-17,105.8,106.06,105.09,105.16,3554220.0
1495080000,2017-05-18,105.05,106.16,104.4,105.55,2851446.0
1495166400,2017-05-19,106.32,106.83,105.77,106.34,3142328.0
1495425600,2017-05-22,107.07,107.13,106.4,106.7,2429637.0
1495512000,2017-05-23,106.61,107.13,106.3,106.7,2463305.0
1495598400,2017-05-24,106.95,107.37,106.61,106.94,2520194.0
1495684800,2017-05-25,107.55,108.39,106.96,108.24,2901696.0
1495771200,2017-05-26,108.2,108.54,107.51,107.84,3368335.0
1496116800,2017-05-30,107.39,107.81,107.34,107.58,3401372.0
1496203200,2017-05-31,108.02,108.02,107.6,107.63,2609006.0
1496289600,2017-06-01,108.09,108.33,107.49,108.0,2604648.0
1496376000,2017-06-02,108.15,108.93,107.95,108.47,3114823.0
1496635200,2017-06-05,108.39,108.57,108.02,108.03,2836308.0
1496721600,2017-06-06,107.99,108.18,107.38,107.43,2294846.0
1496808000,2017-06-07,107.52,107.91,107.26,107.41,2487216.0
1496894400,2017-06-08,106.95,108.11,106.95,108.08,3219920.0
1496980800,2017-06-09,108.06,108.51,107.6,108.27,2897078.0
1497240000,2017-06-12,107.9,108.64,107.31,107.85,2566580.0
1497326400,2017-06-13,108.25,108.78,107.93,108.76,3527469.0
1497412800,2017-06-14,109.04,109.13,108.31,108.64,2368639.0
1497499200,2017-06-15,107.92,108.94,107.92,108.83,3406833.0
1497585600,2017-06-16,109.0,109.52,108.64,108.95,4247213.0
1497844800,2017-06-19,109.46,109.98,109.26,109.93,3526476.0
1497931200,2017-06-20,109.38,109.61,109.04,109.18,2189760.0
1498017600,2017-06-21,109.29,109.4,108.37,108.65,2832269.0
1498104000,2017-06-22,108.94,108.94,108.2,108.5,2132017.0
1498190400,2017-06-23,108.45,108.66,108.16,108.44,7823512.0
1498449600,2017-06-26,108.77,109.26,108.49,108.66,1430481.0
1498536000,2017-06-27,108.74,108.85,107.52,107.58,2218984.0
1498622400,2017-06-28,108.61,108.75,108.04,108.42,2767305.0
1498708800,2017-06-29,108.42,108.57,106.36,107.09,2140702.0
1498795200,2017-06-30,107.98,108.34,107.38,107.87,2328966.0
1499054400,2017-07-03,108.39,108.8,108.06,108.21,1110566.0
1499227200,2017-07-05,108.12,108.45,107.84,108.28,2282976.0
1499313600,2017-07-06,108.28,108.53,107.8,107.93,1618338.0
1499400000,2017-07-07,108.27,108.96,108.05,108.54,1995215.0
1499659200,2017-07-10,108.51,109.68,108.3,109.0,2424028.0
1499745600,2017-07-11,109.17,109.17,108.03,108.62,2135091.0
1499832000,2017-07-12,109.19,109.45,108.85,109.07,2015976.0
1499918400,2017-07-13,109.12,109.69,108.97,109.52,2696597.0
1500004800,2017-07-14,109.67,110.01,109.36,109.93,2069325.0
1500264000,2017-07-17,110.0,110.0,109.25,109.46,1619194.0
1500350400,2017-07-18,109.33,109.53,109.06,109.41,2010083.0
1500436800,2017-07-19,109.66,110.2,109.5,110.18,2485834.0
1500523200,2017-07-20,110.21,110.4,109.14,109.21,3248961.0
1500609600,2017-07-21,108.2,111.21,108.2,110.35,4150108.0
1500868800,2017-07-24,110.71,111.63,110.66,111.45,4386698.0
1500955200,2017-07-25,111.68,111.68,110.48,111.07,3381827.0
1501041600,2017-07-26,111.15,112.24,110.76,112.08,3148295.0
1501128000,2017-07-27,112.08,112.25,110.35,110.86,4004742.0
1501214400,2017-07-28,110.86,111.1,110.22,110.7,2127482.0
1501473600,2017-07-31,111.28,111.76,110.08,110.16,4437150.0
1501560000,2017-08-01,110.35,110.92,109.92,110.88,3254359.0
1501646400,2017-08-02,111.16,112.4,110.76,112.26,5492241.0
1501732800,2017-08-03,112.15,112.94,111.69,112.94,2891887.0
1501819200,2017-08-04,112.89,113.36,112.59,113.33,4086425.0
1502078400,2017-08-07,113.47,113.47,111.63,112.46,3840880.0
1502164800,2017-08-08,112.35,113.01,112.09,112.22,2302310.0
1502251200,2017-08-09,112.36,112.74,111.84,112.49,2195107.0
1502337600,2017-08-10,111.95,112.07,110.9,111.07,3602414.0
1502424000,2017-08-11,110.74,111.33,110.52,110.54,2661002.0
1502683200,2017-08-14,110.99,112.23,110.87,111.9,2622539.0
1502769600,2017-08-15,112.02,112.2,111.09,111.21,1966225.0
1502856000,2017-08-16,111.66,112.67,111.55,112.28,2393660.0
1502942400,2017-08-17,111.93,112.12,110.47,110.47,4055267.0
1503028800,2017-08-18,110.37,110.51,109.65,109.74,3770610.0
1503288000,2017-08-21,109.73,110.41,109.37,110.24,1710084.0
1503374400,2017-08-22,110.6,111.54,110.5,111.33,1859674.0
1503460800,2017-08-23,110.76,111.42,110.72,110.93,1425456.0
1503547200,2017-08-24,111.11,111.45,110.74,111.03,2213798.0
1503633600,2017-08-25,111.62,111.95,111.24,111.26,2370296.0
1503892800,2017-08-28,111.52,111.79,111.07,111.3,2049486.0
1503979200,2017-08-29,110.78,111.99,110.61,111.92,2012480.0
1504065600,2017-08-30,111.92,112.33,111.47,112.25,2153331.0
1504152000,2017-08-31,112.55,112.68,111.89,112.44,3939565.0
1504238400,2017-09-01,112.47,112.65,111.92,111.92,2003221.0
1504584000,2017-09-05,111.62,111.9,110.73,111.01,3237875.0
1504670400,2017-09-06,111.59,111.59,110.73,111.04,2790661.0
1504756800,2017-09-07,110.93,111.75,110.85,111.47,2870766.0
1504843200,2017-09-08,111.64,112.29,111.14,111.87,3224673.0
1505102400,2017-09-11,112.56,113.68,112.56,113.03,2668332.0
1505188800,2017-09-12,112.98,113.09,112.51,112.77,1841994.0
1505275200,2017-09-13,112.68,112.85,112.03,112.14,2348725.0
1505361600,2017-09-14,112.02,112.02,111.29,111.58,4149353.0
1505448000,2017-09-15,111.91,113.43,111.91,112.99,5414741.0
1505707200,2017-09-18,113.28,113.31,111.64,111.95,3439866.0
1505793600,2017-09-19,112.12,112.28,111.55,112.02,4104329.0
1505880000,2017-09-20,112.23,112.89,112.07,112.78,4539765.0
1505966400,2017-09-21,112.94,114.93,112.88,114.55,4379191.0
1506052800,2017-09-22,114.5,115.52,114.26,115.27,3548304.0
1506312000,2017-09-25,115.27,115.4,114.24,114.5,3402889.0
1506398400,2017-09-26,114.71,114.99,113.97,114.04,2850607.0
1506484800,2017-09-27,114.29,114.32,113.42,113.5,3591165.0
1506571200,2017-09-28,113.44,114.32,113.27,114.32,2330757.0
1506657600,2017-09-29,113.66,115.29,113.2,115.26,4532505.0
1506916800,2017-10-02,115.32,116.02,115.26,116.01,2973878.0
1507003200,2017-10-03,116.2,116.41,115.66,116.02,2549356.0
1507089600,2017-10-04,116.18,116.33,115.55,115.92,2099521.0
1507176000,2017-10-05,116.25,116.9,115.81,116.34,2672891.0
1507262400,2017-10-06,116.15,116.82,116.0,116.79,2405780.0
1507521600,2017-10-09,118.05,118.16,116.59,116.77,2674989.0
1507608000,2017-10-10,117.11,117.26,114.01,116.54,4643363.0
1507694400,2017-10-11,116.38,116.89,115.77,116.06,3747933.0
1507780800,2017-10-12,116.03,116.63,116.03,116.44,3371706.0
1507867200,2017-10-13,117.38,117.55,116.51,116.59,2487499.0
1508126400,2017-10-16,116.68,117.0,116.29,116.9,2446739.0
1508212800,2017-10-17,116.62,117.01,115.89,116.64,2777542.0
1508299200,2017-10-18,116.6,116.86,116.37,116.64,1964110.0
1508385600,2017-10-19,116.57,116.96,115.98,116.79,2901825.0
1508472000,2017-10-20,118.03,118.69,116.59,118.2,3831548.0
1508731200,2017-10-23,118.74,119.12,118.19,118.66,3239078.0
1508817600,2017-10-24,119.21,119.54,118.63,118.82,3757950.0
1508904000,2017-10-25,119.1,119.13,118.2,118.72,3406885.0
1508990400,2017-10-26,119.07,119.13,118.07,118.6,2591720.0
1509076800,2017-10-27,118.61,119.05,118.34,118.89,2138132.0
1509336000,2017-10-30,118.47,118.52,117.53,117.62,2059778.0
1509422400,2017-10-31,117.38,117.97,117.17,117.23,2862980.0
1509508800,2017-11-01,117.58,118.07,117.29,117.86,2462585.0
1509595200,2017-11-02,117.68,118.25,116.99,118.25,2229015.0
1509681600,2017-11-03,118.14,118.29,117.73,117.89,1663596.0
1509944400,2017-11-06,118.3,118.77,118.03,118.4,2299113.0
1510030800,2017-11-07,118.57,119.58,118.49,119.51,2893512.0
1510117200,2017-11-08,119.38,119.95,119.16,119.42,3555467.0
1510203600,2017-11-09,118.94,119.09,117.6,118.27,2701138.0
1510290000,2017-11-10,117.56,119.24,117.42,118.52,3516999.0
1510549200,2017-11-13,118.46,119.53,118.12,119.31,2297732.0
1510635600,2017-11-14,119.34,120.03,118.52,119.8,2726756.0
1510722000,2017-11-15,119.28,119.89,118.9,119.03,2885013.0
1510808400,2017-11-16,119.56,120.3,119.34,120.05,2507906.0
1510894800,2017-11-17,119.64,120.14,119.49,119.73,1950870.0
1511154000,2017-11-20,119.67,121.21,119.67,120.91,4492956.0
1511240400,2017-11-21,121.17,122.34,121.17,122.07,3446745.0
1511326800,2017-11-22,122.18,122.44,121.6,121.77,2341754.0
1511499600,2017-11-24,122.08,122.95,122.01,122.32,1334977.0
1511758800,2017-11-27,122.46,123.5,122.36,122.95,2743842.0
1511845200,2017-11-28,123.47,125.15,123.43,124.85,4247096.0
1511931600,2017-11-29,125.06,125.51,124.55,125.24,3627919.0
1512018000,2017-11-30,125.81,128.07,125.4,127.47,7316218.0
1512104400,2017-12-01,127.26,127.73,124.95,126.19,3492668.0
1512363600,2017-12-04,127.35,127.66,125.68,125.68,3754580.0
1512450000,2017-12-05,125.72,126.54,125.06,125.1,2967287.0
1512536400,2017-12-06,125.29,125.65,124.89,125.05,3384339.0
1512622800,2017-12-07,125.05,125.69,124.91,125.28,2315770.0
1512709200,2017-12-08,125.79,125.96,125.11,125.59,1755629.0
1512968400,2017-12-11,125.59,125.8,125.0,125.22,4567563.0
1513054800,2017-12-12,125.38,126.37,125.05,125.65,3448308.0
1513141200,2017-12-13,125.42,127.93,125.15,127.34,5917582.0
1513227600,2017-12-14,127.42,127.85,125.19,125.24,3541782.0
1513314000,2017-12-15,126.0,126.39,125.52,126.07,5494571.0
1513573200,2017-12-18,126.68,126.94,125.87,126.35,4030813.0
1513659600,2017-12-19,126.81,127.03,125.88,125.96,5269071.0
1513746000,2017-12-20,126.63,126.84,125.95,126.46,4538981.0
1513832400,2017-12-21,126.8,126.9,125.46,125.64,5711375.0
1513918800,2017-12-22,126.04,126.1,125.15,125.45,2523334.0
1514264400,2017-12-26,125.42,126.22,125.42,125.67,1993150.0
1514350800,2017-12-27,125.88,125.94,125.31,125.83,2061169.0
1514437200,2017-12-28,125.87,126.18,125.56,125.97,1850504.0
1514523600,2017-12-29,126.17,126.45,125.34,125.34,2271254.0
1514869200,2018-01-02,125.67,125.87,124.81,125.63,3403256.0
1514955600,2018-01-03,124.97,125.54,124.07,124.59,7285545.0
1515042000,2018-01-04,124.89,126.27,124.81,126.27,5038885.0
1515128400,2018-01-05,126.77,127.7,126.28,127.16,2959474.0
1515387600,2018-01-08,127.5,127.61,126.05,126.47,3112817.0
1515474000,2018-01-09,126.69,128.13,126.53,127.51,3737616.0
1515560400,2018-01-10,127.64,128.42,126.7,128.39,2849810.0
1515646800,2018-01-11,128.42,129.14,128.33,129.07,2665934.0
1515733200,2018-01-12,129.63,130.35,128.97,130.01,2662373.0
1516078800,2018-01-16,130.07,130.65,128.55,129.05,3961102.0
1516165200,2018-01-17,129.14,129.91,128.69,129.47,3797036.0
1516251600,2018-01-18,129.87,130.48,128.95,128.96,3015378.0
1516338000,2018-01-19,129.47,129.71,128.81,129.7,4924125.0
1516597200,2018-01-22,129.71,129.93,129.14,129.58,3711653.0
1516683600,2018-01-23,130.0,131.05,129.76,130.43,4605180.0
1516770000,2018-01-24,130.96,131.28,130.06,130.75,3082913.0
1516856400,2018-01-25,131.27,132.31,130.5,132.27,4659390.0
1516942800,2018-01-26,132.98,134.94,131.59,134.85,5859374.0
1517202000,2018-01-29,134.73,134.96,131.91,131.97,4100521.0
1517288400,2018-01-30,131.06,131.59,129.14,129.93,4387479.0
1517374800,2018-01-31,130.76,131.2,130.2,130.5,3878582.0
1517461200,2018-02-01,129.95,131.43,129.48,130.48,3179904.0
1517547600,2018-02-02,129.54,130.37,127.82,128.03,4725566.0
1517806800,2018-02-05,127.05,128.74,120.14,122.74,6526024.0
1517893200,2018-02-06,120.7,124.59,120.3,123.74,5984989.0
1517979600,2018-02-07,123.73,126.3,123.42,123.57,3636903.0
1518066000,2018-02-08,123.81,123.81,119.1,119.34,3899727.0
1518152400,2018-02-09,120.16,122.03,117.57,120.88,5944048.0
1518411600,2018-02-12,121.81,123.11,120.21,122.16,3961219.0
1518498000,2018-02-13,121.66,122.15,121.04,121.37,3146137.0
1518584400,2018-02-14,120.81,123.23,120.18,122.91,3343575.0
1518670800,2018-02-15,123.89,125.75,123.24,125.39,4042044.0
1518757200,2018-02-16,125.12,126.71,124.88,125.89,3427768.0
1519102800,2018-02-20,124.98,126.94,124.69,126.14,4277608.0
1519189200,2018-02-21,126.67,128.2,125.89,125.91,4700801.0
1519275600,2018-02-22,126.49,127.13,125.48,125.91,2540885.0
1519362000,2018-02-23,126.35,127.52,126.17,127.4,4250404.0
1519621200,2018-02-26,127.78,128.71,127.39,128.53,3465881.0
1519707600,2018-02-27,128.64,128.89,126.35,126.41,3589626.0
1519794000,2018-02-28,126.81,127.28,124.0,124.1,4314165.0
1519880400,2018-03-01,124.28,124.38,120.42,120.9,5209663.0
1519966800,2018-03-02,120.17,122.2,120.01,121.66,3961592.0
1520226000,2018-03-05,121.22,122.35,120.33,121.97,3942169.0
1520312400,2018-03-06,122.67,123.13,121.81,122.64,3205663.0
1520398800,2018-03-07,121.2,124.29,120.93,123.53,4452842.0
1520485200,2018-03-08,124.35,124.76,123.33,124.2,2701568.0
1520571600,2018-03-09,124.84,126.86,124.51,126.65,3302205.0
1520827200,2018-03-12,126.81,126.86,124.78,125.02,3090560.0
1520913600,2018-03-13,125.36,126.17,124.08,124.42,2197615.0
1521000000,2018-03-14,125.36,125.36,123.27,123.54,2366663.0
1521086400,2018-03-15,123.75,124.54,123.29,124.07,2160070.0
1521172800,2018-03-16,124.42,125.2,124.25,124.65,6072363.0
1521432000,2018-03-19,124.07,124.38,122.6,123.36,2522306.0
1521518400,2018-03-20,123.88,124.75,123.32,123.59,3430341.0
1521604800,2018-03-21,123.82,125.47,123.24,124.31,3053862.0
1521691200,2018-03-22,122.86,123.42,120.24,120.63,3076335.0
1521777600,2018-03-23,120.72,121.66,117.53,117.67,4277061.0
1522036800,2018-03-26,119.46,121.0,118.54,120.68,2651252.0
1522123200,2018-03-27,121.14,121.67,117.91,118.54,3646985.0
1522209600,2018-03-28,118.18,119.13,117.02,117.66,5602139.0
1522296000,2018-03-29,118.27,119.79,117.93,118.68,3109530.0
1522641600,2018-04-02,118.13,118.79,115.12,116.98,4784309.0
1522728000,2018-04-03,117.17,118.54,116.32,118.48,3747702.0
1522814400,2018-04-04,116.47,119.15,116.25,118.95,3242553.0
1522900800,2018-04-05,119.76,120.68,119.32,120.24,2583650.0
1522987200,2018-04-06,119.23,119.84,116.2,117.23,3324375.0
1523246400,2018-04-09,117.71,119.34,117.15,117.3,2191701.0
1523332800,2018-04-10,119.1,120.79,118.76,119.6,3272166.0
1523419200,2018-04-11,118.67,119.68,118.22,118.49,2257900.0
1523505600,2018-04-12,119.17,120.86,119.17,120.29,2592603.0
1523592000,2018-04-13,120.89,121.03,119.4,120.01,1854242.0
1523851200,2018-04-16,121.05,121.66,120.27,120.52,3066169.0
1523937600,2018-04-17,121.46,122.4,121.3,122.12,2431650.0
1524024000,2018-04-18,122.62,123.39,122.02,122.68,3280188.0
1524110400,2018-04-19,122.2,123.15,121.16,121.66,3620888.0
1524196800,2018-04-20,123.82,124.48,121.5,123.66,5916818.0
1524456000,2018-04-23,123.93,124.53,121.19,122.06,5033750.0
1524542400,2018-04-24,122.27,123.26,118.96,120.91,4620699.0
1524628800,2018-04-25,121.11,121.71,119.13,120.78,3248938.0
1524715200,2018-04-26,120.99,121.56,119.96,120.56,2859150.0
1524801600,2018-04-27,120.35,120.88,119.8,120.67,2396735.0
1525060800,2018-04-30,120.75,121.31,118.76,118.82,4167390.0
1525147200,2018-05-01,118.63,118.86,116.77,118.68,2765427.0
1525233600,2018-05-02,118.7,119.39,117.2,117.43,2676082.0
1525320000,2018-05-03,116.82,118.32,114.58,117.74,4802699.0
1525406400,2018-05-04,116.68,118.77,116.25,118.17,2912312.0
1525665600,2018-05-07,118.45,119.04,117.99,118.4,2019092.0
1525752000,2018-05-08,117.9,118.54,117.28,118.45,3222838.0
1525838400,2018-05-09,118.84,119.69,118.41,119.65,2813131.0
1525924800,2018-05-10,119.91,121.06,119.66,120.97,2253943.0
1526011200,2018-05-11,120.71,121.78,120.6,121.02,1967811.0
1526270400,2018-05-14,121.43,121.91,120.55,120.97,2017850.0
1526356800,2018-05-15,120.73,121.29,120.62,121.02,3043261.0
1526443200,2018-05-16,120.84,121.47,120.5,121.18,2218646.0
1526529600,2018-05-17,121.6,121.84,120.84,121.44,2194352.0
1526616000,2018-05-18,121.44,122.78,121.14,122.45,3496796.0
1526875200,2018-05-21,123.34,124.75,123.01,124.22,2828309.0
1526961600,2018-05-22,124.74,125.85,124.23,124.53,4008975.0
1527048000,2018-05-23,123.82,124.98,123.66,124.91,3225017.0
1527134400,2018-05-24,125.0,125.73,123.65,124.71,2988086.0
1527220800,2018-05-25,124.48,125.08,123.65,124.36,2314215.0
1527566400,2018-05-29,123.48,123.96,121.74,122.33,2767299.0
1527652800,2018-05-30,122.8,124.45,122.8,124.18,2620372.0
1527739200,2018-05-31,124.45,124.45,121.96,122.09,7275502.0
1527825600,2018-06-01,123.16,124.08,122.81,123.89,2067982.0
1528084800,2018-06-04,123.82,124.23,123.16,123.93,2515602.0
1528171200,2018-06-05,124.2,124.35,123.47,123.71,2000395.0
1528257600,2018-06-06,123.85,124.64,122.76,124.64,3081240.0
1528344000,2018-06-07,124.67,125.81,124.64,125.54,2415294.0
1528430400,2018-06-08,125.29,125.79,125.2,125.35,2458626.0
1528689600,2018-06-11,125.31,125.83,125.06,125.36,1968382.0
1528776000,2018-06-12,125.42,125.87,125.1,125.68,2594010.0
1528862400,2018-06-13,125.42,125.88,124.95,125.33,2382745.0
1528948800,2018-06-14,125.76,125.87,124.06,124.81,2897444.0
1529035200,2018-06-15,124.2,124.2,122.81,124.01,4906345.0
1529294400,2018-06-18,123.04,123.91,122.62,123.78,1824357.0
1529380800,2018-06-19,122.54,122.94,121.27,121.57,3108960.0
1529467200,2018-06-20,121.5,121.99,120.68,120.96,2176622.0
1529553600,2018-06-21,120.49,120.66,118.52,118.84,3546346.0
1529640000,2018-06-22,120.02,120.02,118.76,118.86,4000012.0
1529899200,2018-06-25,118.38,119.33,117.17,118.9,3966523.0
1529985600,2018-06-26,119.28,119.8,118.79,118.87,3629769.0
1530072000,2018-06-27,119.86,120.36,118.14,118.15,3601939.0
1530158400,2018-06-28,118.74,118.9,117.49,118.15,3189473.0
1530244800,2018-06-29,118.32,120.23,118.2,118.9,3476034.0
1530504000,2018-07-02,118.52,119.66,118.05,119.53,2510942.0
1530590400,2018-07-03,119.76,121.03,119.43,119.64,1460437.0
1530763200,2018-07-05,120.44,120.6,119.09,119.62,2291079.0
1530849600,2018-07-06,119.3,120.8,119.21,120.28,2269816.0
1531108800,2018-07-09,120.51,122.18,120.31,121.69,2269738.0
1531195200,2018-07-10,121.98,122.36,121.66,122.2,2004626.0
1531281600,2018-07-11,121.3,121.3,119.19,119.29,2607956.0
1531368000,2018-07-12,120.42,122.18,120.0,122.07,3451038.0
1531454400,2018-07-13,122.03,122.61,121.39,121.75,3093416.0
1531713600,2018-07-16,121.84,121.86,120.53,120.84,2042573.0
1531800000,2018-07-17,120.84,122.71,120.36,122.57,2854405.0
1531886400,2018-07-18,122.7,123.41,122.49,123.11,3725580.0
1531972800,2018-07-19,122.09,122.97,121.59,121.79,3426246.0
1532059200,2018-07-20,123.15,127.11,123.09,126.4,7147717.0
1532318400,2018-07-23,126.39,126.94,124.75,126.87,4923251.0
1532404800,2018-07-24,127.13,128.68,126.45,128.08,4395974.0
1532491200,2018-07-25,126.71,130.6,126.71,130.44,4355029.0
1532577600,2018-07-26,130.6,131.83,130.5,131.34,5456504.0
1532664000,2018-07-27,131.35,131.84,130.72,131.53,3170201.0
1532923200,2018-07-30,131.41,131.82,129.3,129.53,3708029.0
1533009600,2018-07-31,130.04,131.95,130.04,131.78,3359259.0
1533096000,2018-08-01,132.0,132.06,129.15,129.5,3767812.0
1533182400,2018-08-02,128.5,128.97,127.8,128.69,2483877.0
1533268800,2018-08-03,128.55,128.91,127.3,127.98,3383401.0
1533528000,2018-08-06,127.76,128.11,126.95,127.92,3782524.0
1533614400,2018-08-07,128.23,129.17,127.88,129.07,1847856.0
1533700800,2018-08-08,129.03,129.15,128.01,128.11,1956924.0
1533787200,2018-08-09,127.78,128.28,126.77,127.09,2814047.0
1533873600,2018-08-10,126.64,126.81,125.9,126.37,1757498.0
1534132800,2018-08-13,126.47,126.71,125.3,125.76,2517541.0
1534219200,2018-08-14,126.04,127.84,125.81,127.23,2976390.0
1534305600,2018-08-15,126.25,126.71,124.82,126.44,2563184.0
1534392000,2018-08-16,127.08,128.14,126.95,127.82,2413757.0
1534478400,2018-08-17,127.77,128.94,127.31,128.7,2448475.0
1534737600,2018-08-20,128.86,129.24,128.41,128.95,2479204.0
1534824000,2018-08-21,129.36,130.5,129.35,130.2,2864353.0
1534910400,2018-08-22,130.04,130.04,128.48,129.5,2387446.0
1534996800,2018-08-23,130.93,131.75,130.23,130.98,4064100.0
1535083200,2018-08-24,130.88,131.43,130.31,130.64,2853438.0
1535342400,2018-08-27,131.0,132.35,131.0,132.17,2144656.0
1535428800,2018-08-28,132.72,132.97,132.03,132.79,3361569.0
1535515200,2018-08-29,132.84,133.54,132.57,132.96,2425926.0
1535601600,2018-08-30,132.63,133.0,131.89,132.25,1719893.0
1535688000,2018-08-31,131.81,132.31,131.44,131.93,2950705.0
1536033600,2018-09-04,131.88,132.44,131.22,132.41,2676236.0
1536120000,2018-09-05,132.5,134.46,132.46,134.19,4062764.0
1536206400,2018-09-06,134.75,136.62,134.75,136.04,4602841.0
1536292800,2018-09-07,135.5,136.1,134.57,135.04,3267422.0
1536552000,2018-09-10,135.69,136.23,135.29,135.5,2670501.0
1536638400,2018-09-11,135.16,135.69,134.44,135.25,3039779.0
1536724800,2018-09-12,134.92,136.53,134.87,135.94,2531624.0
1536811200,2018-09-13,136.55,137.57,136.55,137.45,2369108.0
1536897600,2018-09-14,137.31,137.69,136.67,136.95,2281170.0
1537156800,2018-09-17,136.86,138.07,136.4,137.48,3205562.0
1537243200,2018-09-18,137.48,137.92,136.53,137.8,3047738.0
1537329600,2018-09-19,137.9,138.26,137.43,137.52,1713742.0
1537416000,2018-09-20,138.1,138.42,136.8,138.13,2361867.0
1537502400,2018-09-21,138.42,139.04,137.93,138.8,3914530.0
1537761600,2018-09-24,137.65,138.45,137.06,137.24,2403340.0
1537848000,2018-09-25,137.54,137.84,136.82,137.32,2647610.0
1537934400,2018-09-26,137.62,138.31,136.62,137.49,3376472.0
1538020800,2018-09-27,137.79,137.93,136.92,137.15,2061006.0
1538107200,2018-09-28,137.17,138.27,137.0,138.02,2794740.0
1538366400,2018-10-01,139.51,140.64,138.79,139.57,2400698.0
1538452800,2018-10-02,139.12,139.74,138.86,139.23,3301989.0
1538539200,2018-10-03,139.78,139.84,138.26,138.68,2674140.0
1538625600,2018-10-04,138.36,139.09,136.56,138.12,3335893.0
1538712000,2018-10-05,138.35,138.94,137.16,137.58,2942859.0
1538971200,2018-10-08,137.54,138.36,136.84,138.24,2294196.0
1539057600,2018-10-09,137.72,137.72,134.84,134.96,4055780.0
1539144000,2018-10-10,134.79,134.79,131.24,131.33,5098009.0
1539230400,2018-10-11,131.28,132.63,128.65,128.82,5381816.0
1539316800,2018-10-12,130.09,131.88,129.37,130.98,4967254.0
1539576000,2018-10-15,130.59,132.28,130.33,130.99,3765497.0
1539662400,2018-10-16,131.7,133.93,131.49,133.8,3230311.0
1539748800,2018-10-17,133.75,134.59,131.76,132.53,3860832.0
1539835200,2018-10-18,131.8,131.97,129.17,130.14,3998507.0
1539921600,2018-10-19,130.9,132.27,127.8,128.69,7752596.0
1540180800,2018-10-22,128.94,129.33,126.71,127.97,5039576.0
1540267200,2018-10-23,125.26,127.72,123.14,126.29,5751057.0
1540353600,2018-10-24,126.35,126.48,121.59,121.88,5170460.0
1540440000,2018-10-25,123.42,124.53,122.61,123.67,3140642.0
1540526400,2018-10-26,122.21,124.17,121.4,122.46,4178349.0
1540785600,2018-10-29,125.48,126.34,120.55,122.07,5032386.0
1540872000,2018-10-30,122.42,123.83,121.73,123.72,4728748.0
1540958400,2018-10-31,125.4,126.86,124.69,125.33,5497055.0
1541044800,2018-11-01,125.86,125.95,124.18,125.01,4054070.0
1541131200,2018-11-02,126.28,126.81,124.36,125.9,5214262.0
1541394000,2018-11-05,125.99,128.22,125.91,127.37,4574513.0
1541480400,2018-11-06,127.81,129.32,127.73,128.47,3552038.0
1541566800,2018-11-07,129.85,131.19,128.73,129.98,2420278.0
1541653200,2018-11-08,129.84,131.1,129.73,130.28,3144038.0
1541739600,2018-11-09,129.9,130.42,128.8,130.09,2793299.0
1541998800,2018-11-12,129.96,130.35,128.0,128.19,2507603.0
1542085200,2018-11-13,128.03,130.49,127.35,127.8,2656993.0
1542171600,2018-11-14,128.64,129.11,127.39,127.67,3061993.0
1542258000,2018-11-15,126.74,129.18,126.36,128.59,3232938.0
1542344400,2018-11-16,128.34,129.65,127.75,129.27,3479513.0
1542603600,2018-11-19,129.16,130.34,127.88,128.33,2437527.0
1542690000,2018-11-20,126.79,127.87,124.7,125.35,3786231.0
1542776400,2018-11-21,126.13,126.81,125.33,125.39,3166768.0
1542949200,2018-11-23,124.12,125.41,123.58,124.66,1656504.0
1543208400,2018-11-26,125.19,125.82,123.58,124.63,4453069.0
1543294800,2018-11-27,123.9,125.03,123.69,124.34,3845174.0
1543381200,2018-11-28,125.03,125.67,123.65,125.57,4818426.0
1543467600,2018-11-29,125.83,127.79,125.14,126.82,2813460.0
1543554000,2018-11-30,126.96,128.0,126.47,127.7,7499236.0
1543813200,2018-12-03,130.53,131.84,129.49,129.64,4712840.0
1543899600,2018-12-04,129.05,129.88,124.01,124.16,4905562.0
1544072400,2018-12-06,122.04,123.32,119.34,123.18,6633182.0
1544158800,2018-12-07,122.55,124.59,120.18,120.7,3487223.0
1544418000,2018-12-10,120.7,121.17,118.04,120.04,3536736.0
1544504400,2018-12-11,121.64,121.99,118.45,119.05,4485317.0
1544590800,2018-12-12,120.76,122.56,120.29,120.34,5145468.0
1544677200,2018-12-13,121.05,122.0,120.0,120.8,2715244.0
1544763600,2018-12-14,119.59,120.42,118.4,118.73,3027158.0
1545022800,2018-12-17,118.2,119.37,116.24,116.94,3549757.0
1545109200,2018-12-18,118.3,119.01,116.94,117.63,3035196.0
1545195600,2018-12-19,117.84,119.88,115.0,115.96,4362211.0
1545282000,2018-12-20,115.5,116.28,112.58,113.71,5272898.0
1545368400,2018-12-21,113.13,115.26,112.54,112.64,8899759.0
1545627600,2018-12-24,111.91,112.25,108.45,108.63,3099075.0
1545800400,2018-12-26,108.79,112.78,107.45,112.75,4136151.0
1545886800,2018-12-27,111.05,114.54,110.38,114.49,3851717.0
1545973200,2018-12-28,114.97,115.8,113.34,113.79,3029870.0
1546232400,2018-12-31,114.48,115.0,113.53,114.97,2578471.0
1546405200,2019-01-02,113.29,114.94,112.69,114.72,3304029.0
1546491600,2019-01-03,114.95,115.72,112.32,113.19,3620767.0
1546578000,2019-01-04,115.4,117.51,114.91,117.15,4245520.0
1546837200,2019-01-07,116.9,118.35,115.87,117.8,3586869.0
1546923600,2019-01-08,118.4,119.11,116.88,117.55,2949762.0
1547010000,2019-01-09,118.52,118.99,117.53,118.1,2158542.0
1547096400,2019-01-10,117.67,120.03,117.19,119.87,2510930.0
1547182800,2019-01-11,119.0,119.87,118.7,119.53,2128346.0
1547442000,2019-01-14,118.64,120.12,118.33,119.75,4030664.0
1547528400,2019-01-15,119.59,120.22,118.82,119.89,2070359.0
1547614800,2019-01-16,119.76,120.7,119.43,120.1,2535297.0
1547701200,2019-01-17,119.49,122.38,119.38,121.72,2771028.0
1547787600,2019-01-18,123.38,124.02,122.14,123.44,6060650.0
1548133200,2019-01-22,122.66,122.83,120.7,121.67,3798886.0
1548219600,2019-01-23,122.54,122.95,121.16,122.47,3387197.0
1548306000,2019-01-24,122.6,123.57,122.23,122.85,3028874.0
1548392400,2019-01-25,124.0,124.18,123.06,123.31,3837509.0
1548651600,2019-01-28,122.11,122.51,120.84,122.24,4001078.0
1548738000,2019-01-29,122.57,123.75,122.26,123.34,2640341.0
1548824400,2019-01-30,123.97,125.09,122.64,124.68,3655582.0
1548910800,2019-01-31,124.26,125.36,123.78,124.99,3886651.0
1548997200,2019-02-01,129.4,129.66,125.6,125.93,6261067.0
1549256400,2019-02-04,125.73,128.8,125.69,128.73,5144785.0
1549342800,2019-02-05,129.14,129.39,128.28,129.39,3278476.0
1549429200,2019-02-06,129.65,130.09,129.04,129.57,3551259.0
1549515600,2019-02-07,128.5,129.57,128.14,128.92,3183458.0
1549602000,2019-02-08,128.77,129.35,128.08,129.32,4671614.0
1549861200,2019-02-11,129.65,129.94,128.83,129.21,3232553.0
1549947600,2019-02-12,129.83,130.97,129.62,130.84,3215964.0
1550034000,2019-02-13,131.22,132.86,131.12,131.82,2996069.0
1550120400,2019-02-14,131.34,131.96,130.49,130.98,2279109.0
1550206800,2019-02-15,132.27,133.42,131.91,133.42,3494054.0
1550552400,2019-02-19,132.8,133.79,132.61,133.38,2940983.0
1550638800,2019-02-20,133.43,134.74,133.15,134.51,2904870.0
1550725200,2019-02-21,133.95,134.51,133.05,133.51,2912139.0
1550811600,2019-02-22,134.07,134.38,133.31,134.03,3052518.0
1551070800,2019-02-25,134.9,135.32,134.49,134.78,2544295.0
1551157200,2019-02-26,134.63,135.44,134.4,134.66,2249520.0
1551243600,2019-02-27,134.61,135.38,133.95,135.25,2179026.0
1551330000,2019-02-28,134.89,135.23,134.21,134.79,3344913.0
1551416400,2019-03-01,135.6,136.35,135.29,136.23,3972148.0
1551675600,2019-03-04,137.17,137.34,134.71,135.17,4514702.0
1551762000,2019-03-05,135.18,135.77,134.39,134.86,3701068.0
1551848400,2019-03-06,134.82,135.62,134.49,134.5,4803229.0
1551934800,2019-03-07,134.35,134.59,132.66,133.4,3910484.0
1552021200,2019-03-08,132.34,132.81,131.56,132.62,3295260.0
1552276800,2019-03-11,132.11,134.06,131.71,134.02,3018148.0
1552363200,2019-03-12,134.35,135.05,133.68,134.29,2045968.0
1552449600,2019-03-13,134.99,135.99,134.6,135.64,2861135.0
1552536000,2019-03-14,135.91,136.16,135.05,135.82,3042045.0
1552622400,2019-03-15,135.74,136.49,135.63,135.91,6949511.0
1552881600,2019-03-18,136.09,137.43,135.52,137.29,2834608.0
1552968000,2019-03-19,137.9,138.37,137.06,137.56,3118810.0
1553054400,2019-03-20,137.52,137.95,136.17,136.73,2665128.0
1553140800,2019-03-21,136.8,139.03,136.57,138.62,2171402.0
1553227200,2019-03-22,137.88,138.08,136.15,136.33,2660416.0
1553486400,2019-03-25,136.23,137.56,136.14,136.42,2193116.0
1553572800,2019-03-26,137.24,138.12,136.99,137.77,2400006.0
1553659200,2019-03-27,137.64,138.48,136.65,137.45,2981686.0
1553745600,2019-03-28,137.9,138.82,137.36,138.7,2327608.0
1553832000,2019-03-29,139.27,139.53,138.21,139.03,3120999.0
1554091200,2019-04-01,139.98,141.53,139.77,141.26,2536476.0
1554177600,2019-04-02,141.13,141.33,139.86,140.89,3489777.0
1554264000,2019-04-03,141.4,141.68,140.12,140.23,3964912.0
1554350400,2019-04-04,140.21,141.16,139.8,140.91,2147324.0
1554436800,2019-04-05,141.61,141.89,141.01,141.47,1882238.0
1554696000,2019-04-08,141.03,141.82,140.46,141.78,2159467.0
1554782400,2019-04-09,141.05,141.32,140.46,140.72,2071287.0
1554868800,2019-04-10,140.68,140.68,139.29,139.95,2562625.0
1554955200,2019-04-11,140.14,140.9,139.7,140.77,1877707.0
1555041600,2019-04-12,141.65,142.28,141.2,142.14,2265791.0
1555300800,2019-04-15,142.38,142.49,141.54,141.73,2736014.0
1555387200,2019-04-16,142.24,142.53,141.84,142.48,3917704.0
1555473600,2019-04-17,142.87,144.05,142.31,142.51,3622770.0
1555560000,2019-04-18,146.94,148.61,145.13,147.91,7107881.0
1555905600,2019-04-22,147.2,148.22,146.54,147.19,3414939.0
1555992000,2019-04-23,147.2,150.48,146.99,150.31,4380495.0
1556078400,2019-04-24,150.28,150.57,149.65,149.86,4170756.0
1556164800,2019-04-25,149.34,149.56,147.52,149.1,3543714.0
1556251200,2019-04-26,148.87,150.73,148.73,150.7,2913156.0
1556510400,2019-04-29,150.39,151.46,150.28,150.96,3123215.0
1556596800,2019-04-30,151.36,152.24,150.9,151.9,4068760.0
1556683200,2019-05-01,152.02,152.52,149.45,149.55,3970500.0
1556769600,2019-05-02,149.09,150.07,148.34,149.93,4558141.0
1556856000,2019-05-03,150.11,151.91,149.95,151.82,4284099.0
1557115200,2019-05-06,149.16,151.79,148.96,151.01,3248318.0
1557201600,2019-05-07,149.33,150.28,147.74,148.6,4998505.0
1557288000,2019-05-08,148.51,149.99,148.29,149.04,3561270.0
1557374400,2019-05-09,148.05,149.17,147.14,149.07,3733325.0
1557460800,2019-05-10,148.52,150.56,147.0,150.15,2652557.0
1557720000,2019-05-13,147.4,147.77,144.62,145.95,4223471.0
1557806400,2019-05-14,146.1,148.1,145.93,147.12,2871339.0
1557892800,2019-05-15,146.1,148.73,145.69,148.19,2085474.0
1557979200,2019-05-16,148.61,150.52,148.53,149.42,3638067.0
1558065600,2019-05-17,148.09,149.79,147.72,148.68,2445239.0
1558324800,2019-05-20,148.19,148.69,146.99,147.52,2287849.0
1558411200,2019-05-21,148.6,149.23,147.91,148.38,2783965.0
1558497600,2019-05-22,148.21,149.15,147.85,148.12,2408740.0
1558584000,2019-05-23,146.79,147.07,145.35,146.33,3308814.0
1558670400,2019-05-24,147.48,147.58,146.42,146.54,2201350.0
1559016000,2019-05-28,146.7,147.37,145.01,145.29,5678370.0
1559102400,2019-05-29,143.94,145.18,143.02,144.51,2829895.0
1559188800,2019-05-30,144.77,145.72,144.7,145.46,2068707.0
1559275200,2019-05-31,143.96,145.26,143.87,144.46,2248791.0
1559534400,2019-06-03,144.61,146.8,144.47,146.36,2842745.0
1559620800,2019-06-04,148.22,148.41,146.77,147.83,2903631.0
1559707200,2019-06-05,148.22,148.41,146.77,147.83,2903631.0
1559793600,2019-06-06,148.99,150.06,148.51,149.69,2629688.0
1559880000,2019-06-07,150.39,152.31,150.28,151.45,2277209.0
1560139200,2019-06-10,152.53,152.95,150.52,150.59,3264325.0
1560225600,2019-06-11,151.65,152.46,149.8,150.91,1906076.0
1560312000,2019-06-12,151.1,152.25,150.73,152.01,1736492.0
1560398400,2019-06-13,152.6,152.62,151.51,152.26,1536924.0
1560484800,2019-06-14,150.43,152.55,150.43,151.93,1863093.0
1560744000,2019-06-17,152.43,152.54,151.24,151.54,1850751.0
1560830400,2019-06-18,152.59,155.11,152.22,154.52,3201393.0
1560916800,2019-06-19,154.42,154.87,153.2,154.22,2370893.0
1561003200,2019-06-20,155.1,155.93,153.97,154.99,5594670.0
1561089600,2019-06-21,155.51,155.52,152.59,153.25,4574848.0
1561348800,2019-06-24,153.23,154.3,153.16,153.51,2017739.0
1561435200,2019-06-25,153.87,154.22,152.65,152.92,2049507.0
1561521600,2019-06-26,153.46,153.67,152.57,152.62,2097541.0
1561608000,2019-06-27,153.05,153.52,152.28,152.84,2086678.0
1561694400,2019-06-28,153.14,154.19,152.98,153.5,4424572.0
1561953600,2019-07-01,155.29,155.61,154.44,155.45,1779373.0
1562040000,2019-07-02,155.61,156.04,154.87,155.28,1549859.0
1562126400,2019-07-03,155.25,156.91,154.92,156.85,1431616.0
1562299200,2019-07-05,155.8,156.01,153.57,155.25,1398389.0
1562558400,2019-07-08,155.0,155.01,153.68,154.45,1910379.0
1562644800,2019-07-09,153.86,154.52,153.5,154.31,2411068.0
1562731200,2019-07-10,154.84,155.56,153.3,153.38,2031620.0
1562817600,2019-07-11,153.71,153.88,152.31,153.45,2589560.0
1562904000,2019-07-12,153.64,155.78,153.64,155.74,2641486.0
1563163200,2019-07-15,155.93,155.93,153.44,153.86,1904407.0
1563249600,2019-07-16,153.86,154.64,153.24,153.66,2256731.0
1563336000,2019-07-17,153.48,153.55,148.16,148.25,5878843.0
1563422400,2019-07-18,149.99,152.87,149.19,152.87,4514715.0
1563508800,2019-07-19,153.01,153.86,152.03,152.09,3376539.0
1563768000,2019-07-22,152.12,153.41,151.6,152.61,1917590.0
1563854400,2019-07-23,154.04,154.37,152.51,153.73,2540548.0
1563940800,2019-07-24,152.98,154.13,152.8,152.94,2011152.0
1564027200,2019-07-25,153.46,153.56,152.11,152.77,2034807.0
1564113600,2019-07-26,152.56,152.74,151.8,152.63,1947585.0
1564372800,2019-07-29,152.85,153.73,152.43,153.44,1673854.0
1564459200,2019-07-30,153.17,153.81,152.4,152.9,1599079.0
1564545600,2019-07-31,152.52,152.96,149.61,151.62,3598573.0
1564632000,2019-08-01,151.12,152.81,148.8,149.06,2987137.0
1564718400,2019-08-02,148.48,148.63,146.51,147.71,2328834.0
1564977600,2019-08-05,145.22,145.93,141.45,142.44,3723347.0
1565064000,2019-08-06,143.63,145.53,143.5,144.64,3857372.0
1565150400,2019-08-07,143.27,144.04,141.61,143.65,3367716.0
1565236800,2019-08-08,144.7,147.21,144.36,146.83,2944281.0
1565323200,2019-08-09,146.73,147.41,145.28,146.53,2041694.0
1565582400,2019-08-12,145.42,146.71,144.55,144.79,1259371.0
1565668800,2019-08-13,144.99,149.49,144.62,147.68,3450412.0
1565755200,2019-08-14,145.97,146.64,144.17,144.22,2792018.0
1565841600,2019-08-15,144.31,144.82,142.35,143.39,2486610.0
1565928000,2019-08-16,144.75,146.29,144.22,145.82,2039391.0
1566187200,2019-08-19,147.86,147.86,146.24,146.56,1952571.0
1566273600,2019-08-20,146.34,146.55,144.37,144.45,1983964.0
1566360000,2019-08-21,145.8,145.8,143.84,144.73,1903516.0
1566446400,2019-08-22,145.51,145.71,142.78,143.94,2186586.0
1566532800,2019-08-23,142.66,143.39,137.39,138.28,4952841.0
1566792000,2019-08-26,139.5,139.64,136.88,138.65,3354476.0
1566878400,2019-08-27,139.71,139.79,138.06,139.15,2906202.0
1566964800,2019-08-28,138.88,141.38,138.25,140.98,2655300.0
1567051200,2019-08-29,142.69,144.91,142.21,144.56,4394939.0
1567137600,2019-08-30,145.8,146.36,145.0,145.46,3761582.0
1567483200,2019-09-03,144.1,145.32,143.72,144.5,3008514.0
1567569600,2019-09-04,145.96,148.21,145.96,147.69,4215098.0
1567656000,2019-09-05,148.99,151.06,148.9,150.54,4748387.0
1567742400,2019-09-06,151.06,151.8,150.68,151.24,3644624.0
1568001600,2019-09-09,151.89,152.63,149.38,149.92,5582279.0
1568088000,2019-09-10,148.96,149.9,147.48,149.87,4421605.0
1568174400,2019-09-11,150.03,151.42,149.51,151.35,4394812.0
1568260800,2019-09-12,151.57,151.98,148.8,149.01,3010922.0
1568347200,2019-09-13,149.27,149.49,147.99,148.19,3018705.0
1568606400,2019-09-16,147.58,147.93,146.47,146.87,2780065.0
1568692800,2019-09-17,147.11,147.38,146.03,147.09,2540923.0
1568779200,2019-09-18,146.58,148.44,146.25,148.42,2095627.0
1568865600,2019-09-19,148.52,149.12,147.15,147.36,2224012.0
1568952000,2019-09-20,148.09,149.08,147.29,148.72,6627333.0
1569211200,2019-09-23,147.33,148.28,146.87,147.69,3122260.0
1569297600,2019-09-24,148.26,148.85,145.74,146.47,3123357.0
1569384000,2019-09-25,146.62,147.81,146.03,147.5,2026501.0
1569470400,2019-09-26,147.45,148.45,147.1,147.59,2278535.0
1569556800,2019-09-27,148.32,148.87,146.95,148.48,2773885.0
1569816000,2019-09-30,149.18,149.8,148.5,149.51,2462973.0
1569902400,2019-10-01,149.82,150.36,144.93,145.08,3016388.0
1569988800,2019-10-02,143.27,143.88,140.88,142.33,4831672.0
1570075200,2019-10-03,141.92,142.73,140.35,142.72,3311886.0
1570161600,2019-10-04,143.15,144.71,143.0,144.59,3005051.0
1570420800,2019-10-07,143.9,145.42,143.62,144.19,2624822.0
1570507200,2019-10-08,142.55,142.59,140.13,140.16,3831608.0
1570593600,2019-10-09,141.94,141.97,140.27,141.24,1898157.0
1570680000,2019-10-10,141.26,143.37,141.25,142.24,1956266.0
1570766400,2019-10-11,144.06,146.11,143.8,144.5,2471635.0
1571025600,2019-10-14,144.58,145.11,143.6,144.01,1237273.0
1571112000,2019-10-15,144.49,145.64,144.14,144.6,3420326.0
1571198400,2019-10-16,144.57,145.21,143.75,144.59,3813493.0
1571284800,2019-10-17,146.9,149.32,146.32,148.02,3940717.0
1571371200,2019-10-18,147.7,147.98,143.53,146.3,4743152.0
1571630400,2019-10-21,147.54,149.54,147.19,149.28,3040489.0
1571716800,2019-10-22,149.07,150.31,148.35,149.28,3513800.0
1571803200,2019-10-23,150.16,150.22,149.33,150.08,2641253.0
1571889600,2019-10-24,150.18,151.74,149.3,151.51,2456338.0
1571976000,2019-10-25,151.31,152.07,150.79,151.66,2122211.0
1572235200,2019-10-28,151.96,153.5,151.96,152.58,2641325.0
1572321600,2019-10-29,152.07,153.14,151.66,153.01,2947144.0
1572408000,2019-10-30,153.08,154.63,152.91,154.28,2297305.0
1572494400,2019-10-31,153.9,154.28,151.66,152.63,2596035.0
1572580800,2019-11-01,154.01,155.77,153.69,155.62,3232354.0
1572843600,2019-11-04,156.05,159.05,156.05,159.05,4771857.0
1572930000,2019-11-05,158.85,160.67,158.37,159.65,5571868.0
1573016400,2019-11-06,159.65,159.92,158.8,159.77,3306277.0
1573102800,2019-11-07,160.64,160.81,158.5,158.75,2782561.0
1573189200,2019-11-08,158.75,160.14,158.65,160.12,1838863.0
1573448400,2019-11-11,159.66,160.32,158.87,159.79,1726439.0
1573534800,2019-11-12,160.44,161.8,160.02,160.83,1951848.0
1573621200,2019-11-13,159.75,161.51,159.5,160.77,2169947.0
1573707600,2019-11-14,160.44,161.07,159.06,159.54,2360367.0
1573794000,2019-11-15,160.66,161.58,160.43,161.4,3808497.0
1574053200,2019-11-18,161.13,161.13,159.3,159.67,2746497.0
1574139600,2019-11-19,160.29,160.47,158.97,159.96,3090072.0
1574226000,2019-11-20,160.67,161.35,156.78,157.38,4717497.0
1574312400,2019-11-21,157.12,157.8,155.76,156.77,3465537.0
1574398800,2019-11-22,157.08,157.65,155.99,157.0,2026212.0
1574658000,2019-11-25,157.95,158.03,156.27,156.75,2961612.0
1574744400,2019-11-26,157.63,159.57,157.24,158.53,6957480.0
1574830800,2019-11-27,158.6,159.54,158.18,159.33,1195586.0
1575003600,2019-11-29,157.79,159.11,157.79,158.56,2131016.0
1575262800,2019-12-02,158.56,158.74,154.79,154.8,3558460.0
1575349200,2019-12-03,153.26,153.91,152.09,153.23,4393471.0
1575435600,2019-12-04,154.49,156.29,153.77,153.82,3326780.0
1575522000,2019-12-05,154.23,154.79,153.3,154.53,2724380.0
1575608400,2019-12-06,155.33,156.5,155.18,155.82,2467273.0
1575867600,2019-12-09,155.57,156.08,154.74,154.96,1857692.0
1575954000,2019-12-10,154.79,155.23,154.22,154.56,2415246.0
1576040400,2019-12-11,155.08,156.47,154.69,156.31,2531600.0
1576126800,2019-12-12,156.6,158.21,155.59,157.53,2624225.0
1576213200,2019-12-13,157.5,158.77,157.03,157.17,2269659.0
1576472400,2019-12-16,158.07,158.07,156.42,156.65,3876089.0
1576558800,2019-12-17,156.44,157.4,156.13,156.92,3583790.0
1576645200,2019-12-18,156.79,157.21,154.88,155.09,4167793.0
1576731600,2019-12-19,155.42,156.85,154.96,156.74,3269866.0
1576818000,2019-12-20,157.32,157.8,156.43,156.66,5729436.0
1577077200,2019-12-23,157.52,157.52,156.13,156.68,3111802.0
1577163600,2019-12-24,156.69,157.05,156.06,156.57,729845.0
1577336400,2019-12-26,156.79,157.1,156.05,157.08,1506932.0
1577422800,2019-12-27,157.18,157.4,156.55,156.72,1631047.0
1577682000,2019-12-30,156.79,157.18,156.08,156.67,1967693.0
1577768400,2019-12-31,156.7,157.26,155.82,157.18,2156893.0
1577941200,2020-01-02,157.63,160.56,157.31,160.55,3284762.0
1578027600,2020-01-03,158.37,159.7,157.55,158.84,3224922.0
1578286800,2020-01-06,157.93,158.41,157.12,157.64,3823158.0
1578373200,2020-01-07,157.51,158.13,155.93,157.73,3506306.0
1578459600,2020-01-08,157.76,159.05,156.94,157.86,3036632.0
1578546000,2020-01-09,158.69,159.34,158.13,159.02,2000683.0
1578632400,2020-01-10,159.76,159.76,158.2,158.68,1977696.0
1578891600,2020-01-13,159.18,161.04,158.69,160.98,2515186.0
1578978000,2020-01-14,160.29,160.93,159.41,160.25,2483738.0
1579064400,2020-01-15,160.99,162.02,159.72,160.5,2934128.0
1579150800,2020-01-16,161.06,162.06,160.55,161.86,2545306.0
1579237200,2020-01-17,162.15,163.45,162.1,162.72,3218338.0
1579582800,2020-01-21,162.55,162.78,160.27,160.67,2741793.0
1579669200,2020-01-22,161.23,161.52,159.68,159.89,2277444.0
1579755600,2020-01-23,159.68,160.33,158.99,159.48,2827932.0
1579842000,2020-01-24,159.78,160.08,156.73,157.3,3248354.0
1580101200,2020-01-27,154.76,155.71,154.05,154.11,2767151.0
1580187600,2020-01-28,154.63,156.96,153.85,155.82,2419011.0
1580274000,2020-01-29,157.18,157.84,155.97,156.0,2439534.0
1580360400,2020-01-30,154.34,158.76,154.34,158.37,3467699.0
1580446800,2020-01-31,157.99,157.99,152.15,153.83,6228198.0
1580706000,2020-02-03,154.93,155.96,151.56,152.14,3969160.0
1580792400,2020-02-04,154.52,156.35,154.52,155.59,3285579.0
1580878800,2020-02-05,157.1,157.74,155.76,157.1,3159901.0
1580965200,2020-02-06,158.07,158.07,156.44,156.61,2843866.0
1581051600,2020-02-07,155.55,156.93,155.14,155.66,3549309.0
1581310800,2020-02-10,155.34,157.29,154.62,157.14,2574337.0
1581397200,2020-02-11,158.29,159.8,157.36,159.09,3164189.0
1581483600,2020-02-12,159.39,161.3,159.0,160.9,3237134.0
1581570000,2020-02-13,159.86,160.7,158.69,159.96,2153697.0
1581656400,2020-02-14,160.3,161.5,159.83,160.57,2781532.0
1582002000,2020-02-18,159.94,160.28,158.92,159.33,2144908.0
1582088400,2020-02-19,159.7,161.34,159.4,160.61,2900511.0
1582174800,2020-02-20,160.67,161.81,158.97,160.47,2683089.0
1582261200,2020-02-21,159.58,160.73,158.74,159.74,2201940.0
1582520400,2020-02-24,154.91,157.51,154.04,155.65,3738801.0
1582606800,2020-02-25,155.98,156.78,148.15,149.01,4527905.0
1582693200,2020-02-26,149.72,152.82,148.1,148.46,3778942.0
1582779600,2020-02-27,145.58,148.99,142.46,142.49,4404435.0
1582866000,2020-02-28,137.31,144.83,134.51,144.83,10740320.0
1583125200,2020-03-02,145.81,147.78,140.73,146.68,7530553.0
1583211600,2020-03-03,146.71,150.19,143.39,144.58,6730348.0
1583298000,2020-03-04,147.27,153.54,146.69,152.88,4973029.0
1583384400,2020-03-05,148.69,149.95,145.76,147.28,6010839.0
1583470800,2020-03-06,141.83,147.46,140.73,146.49,5545048.0
1583726400,2020-03-09,136.19,140.44,133.73,136.51,6346780.0
1583812800,2020-03-10,139.18,144.62,136.95,144.4,5982846.0
1583899200,2020-03-11,140.06,140.64,135.35,136.99,5240199.0
1583985600,2020-03-12,128.06,129.92,120.06,126.44,7828709.0
1584072000,2020-03-13,126.95,133.67,123.26,133.43,6901934.0
1584331200,2020-03-16,116.1,127.92,110.75,120.8,6464809.0
1584417600,2020-03-17,121.66,126.79,116.27,117.7,10000431.0
1584504000,2020-03-18,108.88,110.86,90.29,99.99,8190172.0
1584590400,2020-03-19,105.16,109.33,100.04,106.24,7308700.0
1584676800,2020-03-20,107.96,108.2,98.93,100.47,7785419.0
1584936000,2020-03-23,95.99,99.2,90.27,92.75,8536100.0
1585022400,2020-03-24,98.24,106.75,97.57,106.73,6257494.0
1585108800,2020-03-25,107.43,120.87,106.99,115.78,7705112.0
1585195200,2020-03-26,117.73,124.48,117.13,122.71,6130476.0
1585281600,2020-03-27,117.25,120.75,114.44,117.23,4420636.0
1585540800,2020-03-30,116.77,119.46,116.21,117.66,5499971.0
1585627200,2020-03-31,117.74,121.55,116.1,119.48,5945930.0
1585713600,2020-04-01,114.56,117.24,112.08,115.84,4740542.0
1585800000,2020-04-02,114.85,118.91,113.54,118.61,3829172.0
1585886400,2020-04-03,118.33,118.63,113.0,113.82,4503380.0
1586145600,2020-04-06,119.24,120.89,118.34,119.67,5748837.0
1586232000,2020-04-07,125.6,127.01,120.56,120.78,4561464.0
1586318400,2020-04-08,122.05,125.37,120.75,124.36,4344814.0
1586404800,2020-04-09,125.03,130.65,124.76,128.09,4663756.0
1586750400,2020-04-13,127.49,127.89,121.91,123.19,3296851.0
1586836800,2020-04-14,125.71,128.36,123.73,125.55,3770858.0
1586923200,2020-04-15,122.86,123.22,118.34,120.42,3769967.0
1587009600,2020-04-16,120.19,120.83,115.72,118.18,4488728.0
1587096000,2020-04-17,121.34,125.21,121.16,123.53,5235788.0
1587355200,2020-04-20,121.27,123.41,120.46,121.19,2843646.0
1587441600,2020-04-21,118.78,119.69,116.74,117.88,2665596.0
1587528000,2020-04-22,119.87,120.31,117.66,118.8,2909156.0
1587614400,2020-04-23,120.52,123.77,119.81,120.28,3083699.0
1587700800,2020-04-24,121.19,121.67,118.21,121.03,3156853.0
1587960000,2020-04-27,121.93,125.99,121.25,124.92,3373441.0
1588046400,2020-04-28,127.99,130.91,126.92,127.49,3622948.0
1588132800,2020-04-29,129.94,132.06,128.61,130.53,2942824.0
1588219200,2020-04-30,128.14,128.59,125.53,126.72,4995589.0
1588305600,2020-05-01,124.43,124.58,119.82,122.57,3950780.0
1588564800,2020-05-04,119.58,121.78,118.61,120.74,4434286.0
1588651200,2020-05-05,122.43,122.43,120.14,120.45,3311390.0
1588737600,2020-05-06,121.55,121.55,118.76,118.81,2553949.0
1588824000,2020-05-07,120.22,121.14,117.89,118.59,3526428.0
1588910400,2020-05-08,120.27,122.63,120.03,122.27,3063593.0
1589169600,2020-05-11,121.24,121.38,119.8,119.92,2520387.0
1589256000,2020-05-12,120.85,121.48,113.86,113.95,5151178.0
1589342400,2020-05-13,113.51,113.54,108.85,109.82,6025372.0
1589428800,2020-05-14,108.17,114.46,105.33,114.27,5657348.0
1589515200,2020-05-15,112.76,113.91,111.28,112.79,5845743.0
1589774400,2020-05-18,117.37,123.75,116.63,122.35,7344343.0
1589860800,2020-05-19,121.64,121.79,118.66,118.67,4702722.0
1589947200,2020-05-20,121.01,122.93,120.75,122.34,3246803.0
1590033600,2020-05-21,123.69,124.83,122.58,123.84,2547106.0
1590120000,2020-05-22,123.64,125.32,122.72,125.18,3225143.0
1590465600,2020-05-26,129.24,131.54,128.98,130.36,4820703.0
1590552000,2020-05-27,133.43,135.75,132.09,133.64,4665301.0
1590638400,2020-05-28,134.91,136.0,130.12,132.71,3782516.0
1590724800,2020-05-29,131.06,134.82,129.81,131.18,5233059.0
1590984000,2020-06-01,130.85,132.92,130.33,131.47,2231482.0
1591070400,2020-06-02,132.92,133.77,131.72,133.42,4472530.0
1591156800,2020-06-03,135.12,138.85,134.95,137.92,3300356.0
1591243200,2020-06-04,136.72,140.47,135.92,140.22,4125527.0
1591329600,2020-06-05,146.48,149.05,144.38,145.13,4922870.0
1591588800,2020-06-08,145.31,147.77,144.86,146.53,3853455.0
1591675200,2020-06-09,144.48,144.8,141.69,142.19,4005521.0
1591761600,2020-06-10,141.88,141.97,137.99,138.61,3542464.0
1591848000,2020-06-11,133.49,133.85,128.69,129.01,4543671.0
1591934400,2020-06-12,133.3,134.01,126.95,129.97,3916081.0
1592193600,2020-06-15,126.02,133.2,125.65,131.88,3589243.0
1592280000,2020-06-16,136.81,137.08,131.46,134.11,4121698.0
1592366400,2020-06-17,134.63,134.97,132.94,133.41,4127768.0
1592452800,2020-06-18,132.07,134.01,131.6,133.32,2931028.0
1592539200,2020-06-19,135.32,135.66,130.17,130.74,6933605.0
1592798400,2020-06-22,130.06,131.76,128.92,130.36,3083233.0
1592884800,2020-06-23,132.11,132.43,130.16,130.28,2757652.0
1592971200,2020-06-24,128.26,128.91,124.19,124.43,3710954.0
1593057600,2020-06-25,124.14,128.43,123.93,128.13,4474046.0
1593144000,2020-06-26,127.99,127.99,123.69,124.3,13442174.0
1593403200,2020-06-29,125.94,128.88,125.27,128.83,3455850.0
1593489600,2020-06-30,127.95,130.88,127.73,130.04,4417820.0
1593576000,2020-07-01,130.61,131.74,128.58,129.61,2827694.0
1593662400,2020-07-02,130.93,132.34,130.01,130.43,3353567.0
1594008000,2020-07-06,132.43,133.38,131.43,132.41,2534992.0
1594094400,2020-07-07,131.3,131.4,129.75,130.38,2992572.0
1594180800,2020-07-08,129.9,131.25,129.43,130.94,4083927.0
1594267200,2020-07-09,130.18,130.88,127.11,127.15,3434362.0
1594353600,2020-07-10,127.38,128.72,126.72,128.12,2580751.0
1594612800,2020-07-13,129.13,131.2,127.94,129.05,2818925.0
1594699200,2020-07-14,129.05,133.39,127.97,133.2,2940213.0
1594785600,2020-07-15,135.99,137.33,135.69,136.64,3276262.0
1594872000,2020-07-16,135.82,138.06,135.13,137.68,3878369.0
1594958400,2020-07-17,138.06,139.75,137.12,139.4,6140506.0
1595217600,2020-07-20,138.61,139.3,137.17,137.96,5203418.0
1595304000,2020-07-21,138.4,141.22,138.4,139.19,2613936.0
1595390400,2020-07-22,138.6,139.95,138.42,139.05,2065472.0
1595476800,2020-07-23,138.83,139.85,137.49,138.26,2920055.0
1595563200,2020-07-24,138.51,138.73,134.04,134.39,4683068.0
1595822400,2020-07-27,133.78,135.77,133.04,135.59,3672823.0
1595908800,2020-07-28,135.36,136.78,134.39,136.72,4229331.0
1595995200,2020-07-29,136.32,139.79,135.96,139.03,3526097.0
1596081600,2020-07-30,137.54,137.67,134.04,134.15,2924198.0
1596168000,2020-07-31,134.02,134.44,132.21,134.34,4789164.0
1596427200,2020-08-03,135.02,135.13,132.49,133.59,2318638.0
1596513600,2020-08-04,132.44,133.25,131.5,132.51,3278964.0
1596600000,2020-08-05,133.82,135.81,133.6,135.64,4390209.0
1596686400,2020-08-06,135.73,137.52,135.21,137.23,2623831.0
1596772800,2020-08-07,137.1,139.64,136.58,139.5,2732448.0
1597032000,2020-08-10,139.55,143.79,139.55,143.39,3048612.0
1597118400,2020-08-11,144.55,146.82,143.99,144.15,4054068.0
1597204800,2020-08-12,146.17,146.43,142.99,143.96,3051821.0
1597291200,2020-08-13,142.62,144.4,142.52,143.79,2743300.0
1597377600,2020-08-14,142.91,145.5,142.87,144.97,3145671.0
1597636800,2020-08-17,144.74,145.51,142.95,143.59,3242510.0
1597723200,2020-08-18,143.75,144.5,142.2,142.35,2092738.0
1597809600,2020-08-19,142.52,143.02,141.24,141.87,2378439.0
1597896000,2020-08-20,140.65,142.02,140.38,141.25,1743473.0
1597982400,2020-08-21,141.06,142.69,141.06,142.45,2744661.0
1598241600,2020-08-24,143.0,144.22,141.56,144.15,2250716.0
1598328000,2020-08-25,148.64,151.05,147.9,148.81,7673075.0
1598414400,2020-08-26,149.06,150.53,147.74,149.52,3690159.0
1598500800,2020-08-27,150.31,152.58,149.32,150.13,4679373.0
1598587200,2020-08-28,150.43,152.58,149.65,152.3,20239294.0
1598846400,2020-08-31,152.48,152.49,148.96,149.74,5739622.0
1598932800,2020-09-01,148.14,152.09,147.88,151.92,4414754.0
1599019200,2020-09-02,152.61,156.41,151.87,155.99,4620677.0
1599105600,2020-09-03,156.81,157.22,149.29,150.41,3967108.0
1599192000,2020-09-04,152.6,153.45,148.86,150.77,3691019.0
1599537600,2020-09-08,149.41,150.54,147.7,148.58,3179700.0
1599624000,2020-09-09,149.46,151.54,149.11,149.92,3083673.0
1599710400,2020-09-10,151.32,151.32,148.17,148.58,3110607.0
1599796800,2020-09-11,148.8,151.45,148.58,150.55,2436594.0
1600056000,2020-09-14,151.96,153.34,151.38,152.38,2549773.0
1600142400,2020-09-15,153.1,153.75,152.01,152.22,2174102.0
1600228800,2020-09-16,153.12,154.99,152.38,153.76,3459293.0
1600315200,2020-09-17,151.99,155.07,150.78,154.07,3059760.0
1600401600,2020-09-18,153.29,154.19,151.68,152.58,5989083.0
1600660800,2020-09-21,149.08,149.4,143.44,145.96,4901515.0
1600747200,2020-09-22,145.49,147.43,144.82,147.14,2925990.0
1600833600,2020-09-23,146.81,148.24,142.75,143.62,2926424.0
1600920000,2020-09-24,143.2,145.54,141.87,143.59,2445515.0
1601006400,2020-09-25,142.59,146.58,142.16,146.06,2855742.0
1601265600,2020-09-28,149.11,150.28,147.64,148.91,2968415.0
1601352000,2020-09-29,148.84,150.35,147.85,148.8,2404617.0
1601438400,2020-09-30,149.93,151.88,147.45,148.89,3441731.0
1601524800,2020-10-01,150.32,151.17,146.63,148.04,2733385.0
1601611200,2020-10-02,146.18,151.05,145.94,149.79,2586631.0
1601870400,2020-10-05,151.04,153.08,150.81,152.6,1950525.0
1601956800,2020-10-06,152.96,155.05,150.7,150.95,2631686.0
1602043200,2020-10-07,152.85,155.75,152.42,155.16,2267924.0
1602129600,2020-10-08,155.91,157.26,155.1,157.18,2205941.0
1602216000,2020-10-09,157.74,159.24,156.71,157.72,2876516.0
1602475200,2020-10-12,158.34,160.07,157.49,158.61,3819952.0
1602561600,2020-10-13,157.32,158.22,154.23,155.16,2538426.0
1602648000,2020-10-14,156.56,158.25,156.29,156.9,2724683.0
1602734400,2020-10-15,154.72,156.96,154.06,156.12,2844641.0
1602820800,2020-10-16,156.6,159.55,156.29,158.16,4604343.0
1603080000,2020-10-19,157.91,158.43,154.71,155.2,2502530.0
1603166400,2020-10-20,155.99,158.93,155.99,156.71,1767830.0
1603252800,2020-10-21,156.1,158.48,156.06,156.36,2359766.0
1603339200,2020-10-22,157.03,160.32,156.51,159.96,2133312.0
1603425600,2020-10-23,161.0,161.57,157.07,158.77,2158773.0
1603684800,2020-10-26,156.66,156.66,151.59,153.91,2533968.0
1603771200,2020-10-27,152.89,153.63,150.74,150.82,2202385.0
1603857600,2020-10-28,147.0,149.7,145.59,145.77,3610979.0
1603944000,2020-10-29,145.09,149.91,144.19,148.88,3492551.0
1604030400,2020-10-30,146.11,149.93,145.67,149.19,5291791.0
1604293200,2020-11-02,153.04,157.83,152.05,157.03,4625647.0
1604379600,2020-11-03,158.76,163.16,157.6,162.09,4175192.0
1604466000,2020-11-04,159.59,165.0,156.73,161.82,5073614.0
1604552400,2020-11-05,163.16,166.77,163.0,165.77,4881506.0
1604638800,2020-11-06,166.0,168.23,165.41,166.67,3424619.0
1604898000,2020-11-09,185.33,189.94,174.94,178.17,8192569.0
1604984400,2020-11-10,180.36,183.63,179.2,182.69,6133095.0
1605070800,2020-11-11,182.98,183.56,179.39,180.25,3543661.0
1605157200,2020-11-12,179.52,181.12,177.82,179.24,2960780.0
1605243600,2020-11-13,180.69,183.47,180.69,183.15,2746113.0
1605502800,2020-11-16,187.19,190.48,184.83,189.55,5590851.0
1605589200,2020-11-17,188.03,188.03,184.8,186.59,3859939.0
1605675600,2020-11-18,185.84,186.26,182.62,182.76,5043695.0
1605762000,2020-11-19,182.91,184.56,181.65,184.22,3532649.0
1605848400,2020-11-20,183.36,184.77,182.2,183.57,2636104.0
1606107600,2020-11-23,185.06,186.56,184.86,185.91,3259930.0
1606194000,2020-11-24,189.29,189.74,187.87,188.92,4527726.0
1606280400,2020-11-25,189.02,189.6,187.7,188.73,2624326.0
1606453200,2020-11-27,188.72,190.31,188.65,190.3,1545243.0
1606712400,2020-11-30,188.34,189.24,185.31,185.31,9605718.0
1606798800,2020-12-01,188.19,190.68,187.14,187.38,4228124.0
1606885200,2020-12-02,187.19,189.96,187.17,189.02,2868422.0
1606971600,2020-12-03,187.75,190.33,187.57,189.22,3289698.0
1607058000,2020-12-04,190.28,193.46,190.28,193.27,3513204.0
1607317200,2020-12-07,192.21,192.46,190.24,191.83,3007518.0
1607403600,2020-12-08,190.88,193.62,190.74,192.72,2587114.0
1607490000,2020-12-09,193.42,194.31,191.49,192.87,3416350.0
1607576400,2020-12-10,191.06,193.38,191.04,192.63,3458006.0
1607662800,2020-12-11,190.43,195.62,190.43,195.04,3753468.0
1607922000,2020-12-14,196.29,196.92,192.38,192.52,4179818.0
1608008400,2020-12-15,194.0,195.29,192.54,194.62,3054879.0
1608094800,2020-12-16,193.92,194.77,190.14,191.12,3382905.0
1608181200,2020-12-17,191.74,192.6,190.84,192.6,2592616.0
1608267600,2020-12-18,192.92,193.12,189.58,190.87,9177883.0
1608526800,2020-12-21,187.22,191.89,186.16,191.44,2996027.0
1608613200,2020-12-22,191.35,191.93,188.88,188.96,2432557.0
1608699600,2020-12-23,190.48,192.78,190.14,190.83,2606112.0
1608786000,2020-12-24,191.32,191.47,189.56,190.41,861657.0
1609131600,2020-12-28,191.74,191.95,190.27,190.78,2100065.0
1609218000,2020-12-29,192.11,192.11,188.91,190.04,1763877.0
1609304400,2020-12-30,190.84,192.28,190.44,191.7,1920708.0
1609390800,2020-12-31,191.74,193.56,190.54,193.29,1801206.0
1609736400,2021-01-04,193.42,193.57,187.53,188.97,2775776.0
1609822800,2021-01-05,188.09,191.01,188.09,189.44,2487327.0
1609909200,2021-01-06,190.34,194.45,190.14,192.89,3119360.0
1609995600,2021-01-07,193.46,194.48,191.56,193.21,2402650.0
1610082000,2021-01-08,193.38,193.93,188.72,190.86,3783088.0
1610341200,2021-01-11,189.12,190.49,188.86,189.34,3544005.0
1610427600,2021-01-12,188.85,190.36,186.53,189.82,2927930.0
1610514000,2021-01-13,189.27,189.58,187.56,188.13,2381180.0
1610600400,2021-01-14,189.05,190.64,188.27,189.57,4535937.0
1610686800,2021-01-15,188.59,188.89,186.47,187.17,5104575.0
1611032400,2021-01-19,189.06,189.71,187.61,187.89,2981872.0
1611118800,2021-01-20,188.95,189.63,187.81,189.09,2741793.0
1611205200,2021-01-21,188.85,188.85,186.38,186.5,3304148.0
1611291600,2021-01-22,185.62,185.8,183.01,183.79,3984767.0
1611550800,2021-01-25,182.93,184.07,181.84,183.45,5037069.0
1611637200,2021-01-26,185.24,186.08,182.64,182.71,2410253.0
1611723600,2021-01-27,180.41,182.44,178.59,181.18,4824674.0
1611810000,2021-01-28,182.31,186.61,181.41,184.33,4337369.0
1611896400,2021-01-29,178.37,182.6,176.8,177.54,5107036.0
1612155600,2021-02-01,179.52,179.72,177.46,177.71,3228633.0
1612242000,2021-02-02,179.78,182.54,179.49,181.86,3012711.0
1612328400,2021-02-03,181.66,181.66,179.39,180.97,2208311.0
1612414800,2021-02-04,181.59,183.07,180.68,182.28,2539073.0
1612501200,2021-02-05,183.6,185.26,182.91,184.4,2076585.0
1612760400,2021-02-08,185.22,186.2,184.07,185.26,2334686.0
1612846800,2021-02-09,185.02,185.2,182.73,183.58,2130276.0
1612933200,2021-02-10,184.47,184.79,182.82,183.71,2312208.0
1613019600,2021-02-11,183.73,184.56,182.55,183.73,2022702.0
1613106000,2021-02-12,183.88,185.19,183.25,184.99,2228344.0
1613451600,2021-02-16,186.16,186.81,183.46,184.87,2605142.0
1613538000,2021-02-17,182.98,183.74,181.62,183.47,3284823.0
1613624400,2021-02-18,183.06,186.13,182.34,184.95,1983044.0
1613710800,2021-02-19,183.06,186.13,182.34,184.95,1983044.0
1613970000,2021-02-22,184.51,185.66,183.95,185.04,2404380.0
1614056400,2021-02-23,186.3,187.05,184.45,186.33,2652748.0
1614142800,2021-02-24,186.19,192.78,184.93,191.77,3677862.0
1614229200,2021-02-25,191.66,192.12,186.46,186.95,3015121.0
1614315600,2021-02-26,187.65,187.87,184.46,184.72,4478073.0
1614574800,2021-03-01,186.53,190.01,185.94,188.25,2895338.0
1614661200,2021-03-02,188.75,189.87,187.3,188.58,3011859.0
1614747600,2021-03-03,188.16,191.2,188.16,188.97,3061666.0
1614834000,2021-03-04,189.28,189.91,183.04,185.26,3174972.0
1614920400,2021-03-05,186.71,189.38,184.2,188.58,3121793.0
1615179600,2021-03-08,189.46,193.94,189.14,189.6,3572171.0
1615266000,2021-03-09,190.78,191.65,188.5,189.52,3010199.0
1615352400,2021-03-10,189.6,194.69,189.56,194.36,5224253.0
1615438800,2021-03-11,193.34,196.05,192.8,193.98,3278155.0
1615525200,2021-03-12,194.8,196.62,194.62,195.7,2078574.0
1615780800,2021-03-15,195.69,198.09,194.17,197.36,2857381.0
1615867200,2021-03-16,197.51,197.61,192.99,193.35,2998849.0
1615953600,2021-03-17,194.9,195.75,193.47,194.47,3154646.0
1616040000,2021-03-18,194.9,199.92,194.6,196.28,4850964.0
1616126400,2021-03-19,196.6,196.8,193.68,194.36,14527798.0
1616385600,2021-03-22,192.72,194.15,191.27,193.65,4193462.0
1616472000,2021-03-23,192.09,193.85,189.76,190.41,2191851.0
1616558400,2021-03-24,191.92,196.31,191.6,193.73,2848696.0
1616644800,2021-03-25,193.69,195.4,190.1,195.24,2569461.0
1616731200,2021-03-26,196.38,199.63,195.48,199.49,2873102.0
1616990400,2021-03-29,198.69,200.53,198.22,199.81,3362740.0
1617076800,2021-03-30,199.92,200.2,198.14,199.09,2998103.0
1617163200,2021-03-31,199.18,200.07,197.86,198.16,2984159.0
1617249600,2021-04-01,198.97,198.98,196.71,197.91,2376417.0
1617595200,2021-04-05,199.65,200.93,199.34,200.16,2805557.0
1617681600,2021-04-06,200.44,201.79,199.47,200.09,2175327.0
1617768000,2021-04-07,199.21,200.72,198.35,199.46,1980111.0
1617854400,2021-04-08,199.17,200.79,197.76,200.7,2469285.0
1617940800,2021-04-09,207.68,207.8,203.85,207.2,4246195.0
1618200000,2021-04-12,205.98,209.26,205.91,208.68,2994223.0
1618286400,2021-04-13,209.24,209.91,207.77,209.05,3116720.0
1618372800,2021-04-14,208.13,210.86,208.13,209.39,2475286.0
1618459200,2021-04-15,210.17,210.61,208.65,209.81,2320270.0
1618545600,2021-04-16,211.49,212.1,210.0,211.89,5273094.0
1618804800,2021-04-19,211.52,211.52,210.84,210.84,431346.0
1618891200,2021-04-20,209.96,210.13,206.11,207.52,2264886.0
1618977600,2021-04-21,207.34,210.57,207.16,210.42,1994440.0
1619064000,2021-04-22,210.32,211.81,208.86,209.28,2771184.0
1619150400,2021-04-23,205.58,207.18,202.86,204.94,5724855.0
1619409600,2021-04-26,205.93,206.07,201.98,202.22,4168124.0
1619496000,2021-04-27,202.67,204.25,201.84,203.51,3198777.0
1619582400,2021-04-28,203.33,204.61,203.11,203.45,2420591.0
1619668800,2021-04-29,204.22,204.63,202.37,204.39,1952236.0
1619755200,2021-04-30,203.59,204.1,201.78,203.61,2523455.0
1620014400,2021-05-03,204.7,205.19,202.89,203.75,2548572.0
1620100800,2021-05-04,202.78,205.94,201.52,205.79,3113894.0
1620187200,2021-05-05,206.57,207.47,204.99,206.48,2914019.0
1620273600,2021-05-06,207.45,208.88,205.81,208.74,2424778.0
1620360000,2021-05-07,208.25,209.69,206.65,208.85,2183783.0
1620619200,2021-05-10,209.05,212.38,209.05,210.82,2617174.0
1620705600,2021-05-11,208.19,209.28,204.71,209.19,3881182.0
1620792000,2021-05-12,206.89,207.46,200.73,200.87,4779735.0
1620878400,2021-05-13,200.59,206.13,200.51,205.04,2936918.0
1620964800,2021-05-14,206.93,209.21,206.11,208.41,2425581.0
1621224000,2021-05-17,208.81,208.87,206.01,207.6,2684337.0
1621310400,2021-05-18,206.59,207.15,203.71,203.79,2654614.0
1621396800,2021-05-19,202.28,203.01,198.71,202.88,3467676.0
1621483200,2021-05-20,202.11,204.31,202.1,203.62,2447696.0
1621569600,2021-05-21,204.42,206.82,204.1,204.6,2596292.0
1621828800,2021-05-24,205.79,206.72,204.57,206.25,2039999.0
1621915200,2021-05-25,206.25,206.9,204.77,205.37,2055052.0
1622001600,2021-05-26,206.21,206.24,204.7,205.58,2003416.0
1622088000,2021-05-27,207.8,212.43,207.71,212.0,9957142.0
1622174400,2021-05-28,212.67,212.89,211.12,211.67,2888625.0
1622520000,2021-06-01,213.48,214.21,212.22,213.54,2478671.0
1622606400,2021-06-02,214.52,214.52,211.29,211.51,2706511.0
1622692800,2021-06-03,211.48,212.34,209.43,210.1,2583924.0
1622779200,2021-06-04,210.61,211.52,210.09,210.88,1485672.0
1623038400,2021-06-07,210.38,211.16,208.57,209.17,2434177.0
1623124800,2021-06-08,209.28,211.58,208.49,210.66,1996164.0
1623211200,2021-06-09,210.67,211.2,208.63,208.82,2221143.0
1623297600,2021-06-10,210.03,210.89,207.3,207.39,2513583.0
1623384000,2021-06-11,208.77,209.3,205.3,206.41,2283683.0
1623643200,2021-06-14,206.18,206.2,204.17,204.57,3124784.0
1623729600,2021-06-15,204.43,205.2,203.2,203.96,2382694.0
1623816000,2021-06-16,203.96,204.32,200.38,200.74,3445838.0
1623902400,2021-06-17,200.93,201.85,196.83,198.26,2735638.0
1623988800,2021-06-18,195.8,197.35,194.3,194.79,7354127.0
1624248000,2021-06-21,196.84,199.31,196.48,198.0,3489559.0
1624334400,2021-06-22,197.71,198.73,196.97,197.53,2498147.0
1624420800,2021-06-23,197.7,198.34,196.68,196.77,2554184.0
1624507200,2021-06-24,197.81,199.87,196.76,199.55,3750368.0
1624593600,2021-06-25,199.71,201.82,199.22,200.51,6280022.0
1624852800,2021-06-28,200.86,201.77,198.27,198.72,2886472.0
1624939200,2021-06-29,198.94,200.16,197.47,197.95,3364016.0
1625025600,2021-06-30,197.57,201.54,197.57,201.07,3283743.0
1625112000,2021-07-01,202.2,202.82,201.35,202.23,1922921.0
1625198400,2021-07-02,202.57,203.54,201.4,202.88,1873263.0
1625544000,2021-07-06,201.75,202.54,197.93,200.35,2307753.0
1625630400,2021-07-07,199.86,203.12,199.84,202.34,1777320.0
1625716800,2021-07-08,200.35,202.32,199.04,201.04,2666241.0
1625803200,2021-07-09,202.61,205.88,202.34,205.64,2444966.0
1626062400,2021-07-12,204.31,206.89,203.62,206.27,2412439.0
1626148800,2021-07-13,207.03,207.03,205.07,205.41,1626474.0
1626235200,2021-07-14,205.49,209.7,205.49,208.79,3005017.0
1626321600,2021-07-15,210.83,213.98,209.95,213.41,6013015.0
1626408000,2021-07-16,212.84,214.37,210.48,211.13,4155356.0
1626667200,2021-07-19,206.86,207.72,201.67,202.27,7036188.0
1626753600,2021-07-20,203.17,212.0,203.04,210.52,40740606.0
1626840000,2021-07-21,210.1,212.73,209.67,212.53,5134915.0
1626926400,2021-07-22,213.31,214.73,210.95,213.34,4116384.0
1627012800,2021-07-23,209.92,211.86,207.33,210.21,4225478.0
1627272000,2021-07-26,209.44,210.61,206.45,210.14,3295246.0
1627358400,2021-07-27,209.62,212.91,209.08,211.16,2630042.0
1627444800,2021-07-28,210.9,212.92,210.25,211.28,2016787.0
1627531200,2021-07-29,213.48,213.81,212.06,213.47,1722235.0
1627617600,2021-07-30,213.39,214.44,212.74,214.31,2638092.0
1627876800,2021-08-02,215.54,217.12,212.87,213.05,2241813.0
1627963200,2021-08-03,213.74,214.36,211.36,213.26,2043241.0
1628049600,2021-08-04,212.48,213.56,209.83,210.46,2588438.0
1628136000,2021-08-05,210.4,212.25,209.87,210.72,1840699.0
1628222400,2021-08-06,210.83,211.65,209.92,210.54,1559663.0
1628481600,2021-08-09,209.7,210.21,208.59,209.21,1536490.0
1628568000,2021-08-10,209.37,212.73,209.11,212.56,2597983.0
1628654400,2021-08-11,213.22,215.12,212.54,214.66,2409740.0
1628740800,2021-08-12,214.92,215.12,212.32,213.46,2245212.0
1628827200,2021-08-13,213.38,214.13,212.74,213.3,1730257.0
1629086400,2021-08-16,213.39,215.17,211.83,215.12,2337726.0
1629172800,2021-08-17,214.61,215.08,210.15,213.01,3023793.0
1629259200,2021-08-18,211.64,213.05,210.06,210.22,2908630.0
1629345600,2021-08-19,209.45,210.98,208.03,209.59,2228564.0
1629432000,2021-08-20,209.96,210.51,208.47,209.56,2465515.0
1629691200,2021-08-23,209.15,213.16,209.15,210.86,2518132.0
1629777600,2021-08-24,210.62,212.52,210.12,212.08,1451536.0
1629864000,2021-08-25,212.08,213.83,210.57,212.28,2121979.0
1629950400,2021-08-26,211.75,212.76,211.15,212.49,1466926.0
1630036800,2021-08-27,213.13,214.95,212.28,212.73,1916715.0
1630296000,2021-08-30,212.8,214.24,212.19,213.4,1590071.0
1630382400,2021-08-31,212.99,214.12,212.2,213.44,2400921.0
1630468800,2021-09-01,214.39,214.61,211.03,211.49,2783876.0
1630555200,2021-09-02,212.52,213.0,211.47,212.57,1855032.0
1630641600,2021-09-03,212.6,212.6,209.63,210.17,1882024.0
1630987200,2021-09-07,209.56,209.56,205.02,205.17,3697668.0
1631073600,2021-09-08,205.01,206.98,204.15,206.52,2600531.0
1631160000,2021-09-09,206.07,207.06,204.62,205.17,2112657.0
1631246400,2021-09-10,205.21,207.25,204.51,204.66,2648888.0
1631505600,2021-09-13,206.45,207.73,204.51,205.79,3224408.0
1631592000,2021-09-14,206.2,206.27,202.21,202.65,3164758.0
1631678400,2021-09-15,203.05,205.15,202.6,204.03,2510652.0
1631764800,2021-09-16,203.64,203.77,201.11,202.15,2997913.0
1631851200,2021-09-17,202.35,202.35,200.17,201.08,6576228.0
1632110400,2021-09-20,198.88,200.49,197.13,198.54,4620382.0
1632196800,2021-09-21,199.52,199.66,197.27,197.78,2975417.0
1632283200,2021-09-22,199.2,201.03,199.09,199.73,2682625.0
1632369600,2021-09-23,199.99,203.74,199.99,202.2,2479635.0
1632456000,2021-09-24,202.23,203.22,201.07,201.73,2210817.0
1632715200,2021-09-27,201.5,202.32,200.39,200.54,2530407.0
1632801600,2021-09-28,199.36,200.96,197.38,197.84,3165823.0
1632888000,2021-09-29,198.64,199.17,197.46,197.8,2425322.0
1632974400,2021-09-30,198.95,199.02,195.2,195.37,3390265.0
1633060800,2021-10-01,196.01,199.18,194.78,198.47,2662447.0
1633320000,2021-10-04,198.1,199.36,196.21,197.15,3085232.0
1633406400,2021-10-05,196.59,199.76,196.59,198.54,1978218.0
1633492800,2021-10-06,196.74,199.7,196.14,199.58,2088285.0
1633579200,2021-10-07,200.63,202.35,200.37,200.97,2127938.0
1633665600,2021-10-08,201.26,202.06,199.47,200.36,1562611.0
1633924800,2021-10-11,200.06,200.84,198.11,198.14,1653996.0
1634011200,2021-10-12,198.52,199.01,196.89,197.26,1641826.0
1634097600,2021-10-13,198.14,199.42,195.98,198.41,1852548.0
1634184000,2021-10-14,199.86,201.35,199.28,201.18,1676311.0
1634270400,2021-10-15,202.75,203.81,201.79,203.14,2803399.0
1634529600,2021-10-18,201.17,203.83,200.49,203.05,2232417.0
1634616000,2021-10-19,203.73,204.17,201.98,204.11,1953669.0
1634702400,2021-10-20,204.53,205.87,203.24,205.82,1904704.0
1634788800,2021-10-21,205.81,206.95,203.62,206.63,3044440.0
1634875200,2021-10-22,205.21,206.06,199.93,200.08,3795784.0
1635134400,2021-10-25,199.54,201.55,198.47,200.21,3341540.0
1635220800,2021-10-26,200.82,202.91,199.5,200.93,2692662.0
1635307200,2021-10-27,200.73,200.78,198.07,198.54,1866659.0
1635393600,2021-10-28,197.3,201.35,197.3,201.08,2217371.0
1635480000,2021-10-29,200.63,202.75,199.77,201.2,3191796.0
1635739200,2021-11-01,201.28,202.52,200.7,202.25,1981623.0
1635825600,2021-11-02,202.97,204.29,201.79,203.57,2551701.0
1635912000,2021-11-03,203.31,205.28,202.09,205.05,2338865.0
1635998400,2021-11-04,204.93,206.93,204.39,204.77,2660452.0
1636084800,2021-11-05,206.38,209.48,205.99,208.05,2601121.0
1636347600,2021-11-08,209.66,210.06,206.51,207.75,1951996.0
1636434000,2021-11-09,207.72,210.08,207.4,209.61,3166914.0
1636520400,2021-11-10,210.07,210.67,208.14,208.36,1595221.0
1636606800,2021-11-11,208.44,208.44,203.9,204.29,1800720.0
1636693200,2021-11-12,205.15,205.7,202.89,205.56,2422020.0
1636952400,2021-11-15,205.79,207.09,204.87,205.64,1454005.0
1637038800,2021-11-16,205.78,206.39,204.33,204.62,1926165.0
1637125200,2021-11-17,204.27,204.54,202.99,203.81,2592396.0
1637211600,2021-11-18,202.89,204.23,202.45,204.0,1948658.0
1637298000,2021-11-19,204.29,204.46,200.74,201.96,2486192.0
1637557200,2021-11-22,201.81,204.33,201.53,201.64,2759433.0
1637643600,2021-11-23,200.91,201.93,198.87,199.66,4441442.0
1637730000,2021-11-24,198.86,199.57,195.81,196.15,3788382.0
1637902800,2021-11-26,189.44,193.19,187.24,192.46,4273198.0
1638162000,2021-11-29,194.31,194.31,191.34,191.95,3123756.0
1638248400,2021-11-30,190.63,190.85,185.89,186.94,6941850.0
1638334800,2021-12-01,190.09,190.3,184.11,184.33,3504392.0
1638421200,2021-12-02,185.75,189.91,184.41,188.57,6575409.0
1638507600,2021-12-03,188.57,189.01,185.79,188.1,3991487.0
1638766800,2021-12-06,189.7,192.35,189.37,190.64,5205049.0
1638853200,2021-12-07,191.64,193.74,190.19,191.48,5268885.0
1638939600,2021-12-08,189.34,189.79,187.2,189.17,5632175.0
1639026000,2021-12-09,189.1,191.49,187.59,190.41,5538907.0
1639112400,2021-12-10,191.19,194.15,190.25,193.94,3887229.0
1639371600,2021-12-13,193.93,194.8,192.82,193.4,3342363.0
1639458000,2021-12-14,193.03,195.53,190.33,191.04,4204961.0
1639544400,2021-12-15,191.84,194.48,189.71,193.89,3421756.0
1639630800,2021-12-16,195.27,195.29,193.46,193.75,3531627.0
1639717200,2021-12-17,193.61,194.21,189.22,189.65,8052642.0
1639976400,2021-12-20,186.83,187.32,183.11,184.73,3866939.0
1640062800,2021-12-21,185.93,187.44,185.15,186.41,3050757.0
1640149200,2021-12-22,186.0,186.72,184.94,186.57,3701558.0
1640235600,2021-12-23,187.83,190.7,187.64,189.69,2799524.0
1640581200,2021-12-27,190.13,191.01,189.41,190.81,2938699.0
1640667600,2021-12-28,190.98,192.36,190.62,191.38,2234921.0
1640754000,2021-12-29,192.18,192.3,190.84,191.83,2054393.0
1640840400,2021-12-30,192.35,193.09,191.25,191.44,1460465.0
1640926800,2021-12-31,191.21,193.36,190.76,192.73,1938684.0
1641186000,2022-01-03,192.13,193.51,190.01,191.15,2955851.0
1641272400,2022-01-04,191.07,193.7,190.09,193.19,3796805.0
1641358800,2022-01-05,193.68,199.27,193.3,195.09,4114692.0
1641445200,2022-01-06,195.77,198.13,194.68,194.87,3927919.0
1641531600,2022-01-07,196.1,200.87,195.56,199.43,3402774.0
1641790800,2022-01-10,199.35,200.08,195.83,197.31,4345109.0
1641877200,2022-01-11,198.2,200.57,195.52,199.94,4037524.0
1641963600,2022-01-12,201.03,202.61,200.9,201.74,3622957.0
1642050000,2022-01-13,201.88,205.1,201.57,202.83,3554187.0
1642136400,2022-01-14,201.15,201.48,199.07,201.18,4015534.0
1642482000,2022-01-18,198.62,199.6,196.01,197.43,3583777.0
1642568400,2022-01-19,198.19,198.52,194.67,194.79,2967324.0
1642654800,2022-01-20,195.66,198.22,192.93,193.11,2951522.0
1642741200,2022-01-21,193.43,193.74,189.45,189.58,5320652.0
1643000400,2022-01-24,188.75,189.29,183.92,188.98,6282876.0
1643086800,2022-01-25,185.68,188.37,182.94,186.99,5776649.0
1643173200,2022-01-26,187.78,190.31,183.68,185.47,3894170.0
1643259600,2022-01-27,187.71,189.33,184.18,185.47,3127017.0
1643346000,2022-01-28,185.22,186.76,181.22,186.71,3931870.0
1643605200,2022-01-31,185.39,189.47,184.23,189.01,3998561.0
1643691600,2022-02-01,188.5,190.25,186.26,189.8,3465699.0
1643778000,2022-02-02,189.88,192.11,189.16,191.85,3139166.0
1643864400,2022-02-03,185.02,185.79,177.08,177.23,9543413.0
1643950800,2022-02-04,177.35,178.2,173.8,177.01,5983880.0
1644210000,2022-02-07,177.61,179.87,176.37,177.92,4071827.0
1644296400,2022-02-08,177.92,180.3,176.59,179.84,3002620.0
1644382800,2022-02-09,181.28,182.11,179.96,181.74,3505735.0
1644469200,2022-02-10,179.42,182.07,176.57,177.24,4278327.0
1644555600,2022-02-11,177.3,178.3,172.43,172.84,5848702.0
1644814800,2022-02-14,173.2,174.16,170.58,172.56,3534710.0
1644901200,2022-02-15,173.94,175.56,172.42,175.19,3254809.0
1644987600,2022-02-16,175.2,175.44,172.67,174.76,3572966.0
1645074000,2022-02-17,173.29,173.66,170.36,170.62,3492523.0
1645160400,2022-02-18,170.01,171.06,167.67,168.35,6398392.0
1645506000,2022-02-22,169.26,171.26,167.25,168.75,4498508.0
1645592400,2022-02-23,169.68,169.97,165.27,165.42,4086145.0
1645678800,2022-02-24,162.58,169.77,162.09,169.46,6675718.0
1645765200,2022-02-25,169.23,176.12,169.2,175.23,5525445.0
1646024400,2022-02-28,172.9,176.51,172.9,176.34,4161732.0
1646110800,2022-03-01,173.45,176.43,170.0,170.62,6397327.0
1646197200,2022-03-02,172.24,174.94,171.14,173.26,5823033.0
1646283600,2022-03-03,176.08,178.28,173.89,174.26,5715502.0
1646370000,2022-03-04,172.53,174.4,171.48,174.18,5727699.0
1646629200,2022-03-07,173.82,174.06,169.15,169.28,4103911.0
1646715600,2022-03-08,169.31,173.8,169.25,170.29,4950033.0
1646802000,2022-03-09,173.19,173.99,171.82,172.29,3470302.0
1646888400,2022-03-10,169.64,172.02,169.34,171.33,2788080.0
1646974800,2022-03-11,173.2,173.72,169.16,169.36,3218199.0
1647230400,2022-03-14,170.5,172.12,169.8,170.25,3432779.0
1647316800,2022-03-15,172.04,174.86,171.73,174.51,4497772.0
1647403200,2022-03-16,176.2,177.73,173.33,177.53,4967778.0
1647489600,2022-03-17,176.24,178.99,175.82,178.36,3649202.0
1647576000,2022-03-18,178.21,181.14,176.38,180.95,13912516.0
1647835200,2022-03-21,179.89,180.67,177.98,179.37,4129591.0
1647921600,2022-03-22,179.49,182.07,179.49,181.24,2877439.0
1648008000,2022-03-23,180.69,181.18,178.44,178.74,2228906.0
1648094400,2022-03-24,179.52,180.95,178.47,180.93,2497352.0
1648180800,2022-03-25,181.54,184.34,181.51,183.81,2910890.0
1648440000,2022-03-28,183.16,183.39,180.52,183.18,3931161.0
1648526400,2022-03-29,185.01,185.29,181.06,183.58,3747588.0
1648612800,2022-03-30,183.18,184.17,181.86,182.65,2928222.0
1648699200,2022-03-31,182.77,184.2,180.8,180.82,3985956.0
1648785600,2022-04-01,182.05,182.25,179.82,182.17,2685944.0
1649044800,2022-04-04,181.52,182.73,179.76,182.21,2558306.0
1649131200,2022-04-05,180.88,182.58,179.44,179.94,2654300.0
1649217600,2022-04-06,178.35,181.28,177.62,179.93,2999565.0
1649304000,2022-04-07,178.89,179.91,175.12,179.08,2462715.0
1649390400,2022-04-08,179.36,179.71,176.39,176.72,2911985.0
1649649600,2022-04-11,176.82,177.73,175.39,175.89,3091562.0
1649736000,2022-04-12,177.4,179.25,176.57,177.49,3399853.0
1649822400,2022-04-13,178.27,181.22,177.79,181.08,2760202.0
1649908800,2022-04-14,181.37,182.79,181.13,181.39,5058160.0
1650254400,2022-04-18,180.55,182.03,177.62,178.49,2219210.0
1650340800,2022-04-19,179.42,183.41,178.96,183.26,3839016.0
1650427200,2022-04-20,184.17,185.4,182.15,182.46,2997829.0
1650513600,2022-04-21,183.97,186.41,181.64,182.09,2796593.0
1650600000,2022-04-22,180.84,180.86,176.89,177.15,3667348.0
1650859200,2022-04-25,176.87,178.33,174.09,178.26,2737622.0
1650945600,2022-04-26,176.11,177.36,174.31,174.4,3366399.0
1651032000,2022-04-27,173.26,175.43,172.63,173.18,3502770.0
1651118400,2022-04-28,174.51,177.19,172.15,176.49,3957623.0
1651204800,2022-04-29,186.04,187.71,179.24,179.83,8338088.0
1651464000,2022-05-02,180.74,186.72,178.36,182.95,7739975.0
1651550400,2022-05-03,182.44,184.33,181.45,183.11,5755809.0
1651636800,2022-05-04,183.53,191.8,183.4,191.3,5995570.0
1651723200,2022-05-05,189.3,190.2,182.58,183.88,6705809.0
1651809600,2022-05-06,183.33,183.46,179.5,181.61,4000531.0
1652068800,2022-05-09,181.32,181.96,178.76,180.25,4491742.0
1652155200,2022-05-10,182.4,183.3,178.63,181.0,5512944.0
1652241600,2022-05-11,181.06,182.94,177.89,178.45,3899723.0
1652328000,2022-05-12,178.38,181.9,176.24,180.19,4571116.0
1652414400,2022-05-13,180.65,182.09,178.33,180.76,3691417.0
1652673600,2022-05-16,180.83,182.41,179.64,181.16,3142020.0
1652760000,2022-05-17,183.04,186.85,182.88,185.93,2760356.0
1652846400,2022-05-18,184.71,185.58,180.5,181.08,3221400.0
1652932800,2022-05-19,179.36,182.33,175.71,179.94,3443519.0
1653019200,2022-05-20,180.76,181.39,173.52,177.23,4563759.0
1653278400,2022-05-23,179.25,179.5,176.06,177.07,4196140.0
1653364800,2022-05-24,176.82,178.17,172.69,177.43,2877593.0
1653451200,2022-05-25,176.64,178.56,174.38,177.88,2921259.0
1653537600,2022-05-26,178.66,181.37,178.58,180.36,2684699.0
1653624000,2022-05-27,182.13,183.43,181.24,183.4,2733878.0
1653969600,2022-05-31,180.79,182.5,178.93,180.85,4412197.0
1654056000,2022-06-01,181.67,181.87,177.83,179.25,2707486.0
1654142400,2022-06-02,181.01,184.19,179.39,184.04,2935665.0
1654228800,2022-06-03,182.46,183.23,180.84,181.97,2779627.0
1654488000,2022-06-06,183.62,183.98,181.66,182.31,1949634.0
1654574400,2022-06-07,180.86,184.93,179.47,184.58,2551846.0
1654660800,2022-06-08,183.67,183.89,180.85,181.69,2093463.0
1654747200,2022-06-09,180.49,182.68,179.19,179.34,2035393.0
1654833600,2022-06-10,175.89,176.24,173.93,173.99,3428331.0
1655092800,2022-06-13,170.33,173.84,170.3,172.25,5546612.0
1655179200,2022-06-14,172.93,174.68,170.4,171.19,4018385.0
1655265600,2022-06-15,172.25,174.92,170.72,172.77,3448240.0
1655352000,2022-06-16,169.85,170.37,167.23,168.01,5350686.0
1655438400,2022-06-17,167.56,170.34,166.43,167.84,8161220.0
1655784000,2022-06-21,169.76,169.91,167.57,168.6,3550218.0
1655870400,2022-06-22,166.69,167.91,164.55,166.0,3519654.0
1655956800,2022-06-23,165.54,166.83,161.51,163.05,3837222.0
1656043200,2022-06-24,164.85,168.26,164.11,168.14,5300327.0
1656302400,2022-06-27,169.05,169.19,165.7,166.53,3273079.0
1656388800,2022-06-28,167.63,169.49,164.16,164.34,3788798.0
1656475200,2022-06-29,164.44,164.84,160.1,161.77,2738692.0
1656561600,2022-06-30,159.96,162.91,158.95,162.34,3501106.0
1656648000,2022-07-01,162.19,163.8,160.25,163.56,2344418.0
1656993600,2022-07-05,162.27,162.27,157.81,160.74,3722670.0
1657080000,2022-07-06,161.37,162.75,159.79,161.78,2624576.0
1657166400,2022-07-07,162.72,162.72,159.96,162.32,3253825.0
1657252800,2022-07-08,162.42,162.83,160.2,161.9,1946247.0
1657512000,2022-07-11,163.46,163.5,160.74,161.44,3741341.0
1657598400,2022-07-12,160.39,165.15,160.39,162.16,3167978.0
1657684800,2022-07-13,159.51,160.96,158.66,159.6,2326935.0
1657771200,2022-07-14,157.59,158.58,156.31,158.33,2163100.0
1657857600,2022-07-15,159.75,161.54,158.91,161.4,2782329.0
1658116800,2022-07-18,161.72,162.74,159.28,159.67,2002968.0
1658203200,2022-07-19,161.51,165.97,161.39,165.54,3033925.0
1658289600,2022-07-20,165.15,166.85,164.56,166.5,2000384.0
1658376000,2022-07-21,166.5,168.34,165.42,168.15,2260106.0
1658462400,2022-07-22,168.59,170.82,168.31,169.5,2775291.0
1658721600,2022-07-25,169.78,170.4,168.46,169.3,2390813.0
1658808000,2022-07-26,169.67,171.42,168.51,169.45,2742721.0
1658894400,2022-07-27,168.45,172.81,167.71,171.54,4115245.0
1658980800,2022-07-28,176.63,178.85,174.55,177.88,4143901.0
1659067200,2022-07-29,177.91,180.39,176.4,179.76,3557276.0
1659326400,2022-08-01,178.78,180.42,178.31,179.32,2738311.0
1659412800,2022-08-02,178.52,178.72,176.21,176.64,3719578.0
1659499200,2022-08-03,176.87,179.25,175.41,178.87,2942969.0
1659585600,2022-08-04,178.52,180.1,177.88,179.74,2144190.0
1659672000,2022-08-05,178.93,180.13,177.73,179.59,2247419.0
1659931200,2022-08-08,181.38,182.56,180.35,181.17,2363608.0
1660017600,2022-08-09,181.73,182.05,180.64,181.29,2543881.0
1660104000,2022-08-10,183.95,185.23,183.42,184.22,3211268.0
1660190400,2022-08-11,184.91,187.37,184.91,186.33,2639922.0
1660276800,2022-08-12,187.1,188.65,186.08,188.54,2755598.0
1660536000,2022-08-15,188.32,190.26,187.2,189.84,3013386.0
1660622400,2022-08-16,188.12,191.73,187.78,191.17,1943667.0
1660708800,2022-08-17,189.43,191.45,188.9,190.34,1955411.0
1660795200,2022-08-18,190.08,191.48,189.96,191.22,1768410.0
1660881600,2022-08-19,190.19,190.37,188.53,189.19,2583232.0
1661140800,2022-08-22,187.33,187.42,185.23,185.7,2988863.0
1661227200,2022-08-23,186.19,186.63,185.04,185.43,1845727.0
1661313600,2022-08-24,184.67,186.35,184.27,185.65,1605483.0
1661400000,2022-08-25,187.0,188.2,185.77,188.13,2054237.0
1661486400,2022-08-26,187.01,188.14,181.1,181.21,3577033.0
1661745600,2022-08-29,180.95,182.0,179.47,180.61,2422833.0
1661832000,2022-08-30,180.18,181.19,177.67,179.0,2633377.0
1661918400,2022-08-31,180.75,180.84,177.41,177.73,3257512.0
1662004800,2022-09-01,177.54,179.41,176.97,179.03,2567971.0
1662091200,2022-09-02,181.24,181.56,174.8,175.42,3304705.0
1662436800,2022-09-06,175.63,176.87,173.05,174.21,2929781.0
1662523200,2022-09-07,174.49,178.12,174.43,177.49,2862663.0
1662609600,2022-09-08,176.78,176.78,173.12,176.29,3988409.0
1662696000,2022-09-09,177.51,180.23,177.22,179.93,3340854.0
1662955200,2022-09-12,181.34,181.79,179.64,180.25,3373840.0
1663041600,2022-09-13,176.94,178.38,173.29,173.63,6187060.0
1663128000,2022-09-14,173.88,173.88,167.26,168.93,5494804.0
1663214400,2022-09-15,168.15,168.95,165.39,166.01,3886566.0
1663300800,2022-09-16,162.91,166.74,161.93,166.47,9191744.0
1663560000,2022-09-19,165.2,168.08,164.96,167.67,2969231.0
1663646400,2022-09-20,166.18,166.66,164.33,166.15,2803248.0
1663732800,2022-09-21,166.99,168.61,163.6,163.6,2913842.0
1663819200,2022-09-22,162.89,164.03,161.46,162.62,2550490.0
1663905600,2022-09-23,162.18,163.6,159.49,160.86,3708296.0
1664164800,2022-09-26,161.0,161.76,158.5,159.63,3769488.0
1664251200,2022-09-27,160.38,161.88,158.05,159.63,3085603.0
1664337600,2022-09-28,161.31,164.04,159.97,163.16,3738903.0
1664424000,2022-09-29,162.72,162.72,157.79,159.63,3781650.0
1664510400,2022-09-30,159.66,160.69,156.41,156.72,4645231.0
1664769600,2022-10-03,159.63,163.67,158.7,162.42,4007861.0
1664856000,2022-10-04,164.17,167.46,164.1,167.26,4275953.0
1664942400,2022-10-05,165.78,168.74,164.27,166.9,3394537.0
1665028800,2022-10-06,165.47,166.79,163.19,164.3,3005804.0
1665115200,2022-10-07,162.94,163.47,159.92,160.89,3546980.0
1665374400,2022-10-10,162.21,163.14,159.68,161.34,2332763.0
1665460800,2022-10-11,160.88,164.97,160.3,162.97,3380193.0
1665547200,2022-10-12,163.37,164.26,161.63,162.19,3172632.0
1665633600,2022-10-13,159.01,167.44,158.84,166.66,3842438.0
1665720000,2022-10-14,167.22,167.57,163.16,163.47,3461971.0
1665979200,2022-10-17,166.76,168.02,165.32,166.18,4284627.0
1666065600,2022-10-18,169.12,170.04,166.74,168.84,2294385.0
1666152000,2022-10-19,168.49,169.73,167.02,168.28,2001363.0
1666238400,2022-10-20,168.35,169.72,166.24,166.74,3079816.0
1666324800,2022-10-21,166.13,172.06,165.69,171.59,3743277.0
1666584000,2022-10-24,173.18,176.54,172.56,175.43,3727619.0
1666670400,2022-10-25,175.21,178.21,174.77,178.01,3414458.0
1666756800,2022-10-26,179.87,181.11,178.12,178.59,4838017.0
1666843200,2022-10-27,181.5,187.33,180.97,184.43,5329500.0
1666929600,2022-10-28,186.79,192.57,184.62,192.36,5607293.0
1667188800,2022-10-31,189.99,192.41,189.88,191.5,5392609.0
1667275200,2022-11-01,191.9,192.5,189.15,190.64,4969966.0
1667361600,2022-11-02,190.86,194.19,187.77,188.17,5227254.0
1667448000,2022-11-03,190.86,194.19,187.77,188.17,5227254.0
1667534400,2022-11-04,193.64,195.26,191.68,195.1,4656668.0
1667797200,2022-11-07,194.96,197.34,194.43,196.9,3136496.0
1667883600,2022-11-08,196.49,199.35,196.07,198.39,2985589.0
1667970000,2022-11-09,198.09,199.54,196.62,196.79,3526864.0
1668056400,2022-11-10,202.66,202.87,199.17,202.61,5296064.0
1668142800,2022-11-11,202.42,202.77,199.45,200.66,4710209.0
1668402000,2022-11-14,200.71,203.82,199.81,200.92,3383909.0
1668488400,2022-11-15,203.14,203.93,201.0,203.21,2811207.0
1668574800,2022-11-16,203.52,203.96,201.21,201.86,2864912.0
1668661200,2022-11-17,200.21,203.16,200.0,202.34,3286015.0
1668747600,2022-11-18,204.11,205.02,201.07,202.36,3526041.0
1669006800,2022-11-21,202.8,204.9,201.72,204.27,2817789.0
1669093200,2022-11-22,204.81,206.59,204.69,206.35,3061912.0
1669179600,2022-11-23,206.38,208.16,205.92,206.49,3081247.0
1669352400,2022-11-25,205.39,208.43,205.39,207.57,1330431.0
1669611600,2022-11-28,207.24,207.71,203.25,203.53,3146969.0
1669698000,2022-11-29,203.67,205.09,202.97,204.43,2439432.0
1669784400,2022-11-30,204.05,208.13,201.57,207.1,6303966.0
1669870800,2022-12-01,207.78,208.1,204.08,205.06,4857367.0
1669957200,2022-12-02,202.64,207.39,202.54,206.65,2595378.0
1670216400,2022-12-05,205.4,206.19,202.99,203.37,3686088.0
1670302800,2022-12-06,204.0,204.44,199.37,201.1,2923937.0
1670389200,2022-12-07,201.83,201.95,199.98,201.34,3351740.0
1670475600,2022-12-08,201.72,202.41,200.17,201.25,2576109.0
1670562000,2022-12-09,201.25,202.32,199.41,199.62,2724914.0
1670821200,2022-12-12,200.12,202.42,199.09,202.33,3921300.0
1670907600,2022-12-13,207.1,207.48,201.05,202.77,4337896.0
1670994000,2022-12-14,203.95,205.51,200.96,202.54,2979257.0
1671080400,2022-12-15,200.81,201.6,196.23,197.12,3790967.0
1671166800,2022-12-16,195.59,198.36,194.53,197.84,10755221.0
1671426000,2022-12-19,197.39,200.28,196.55,197.53,3758759.0
1671512400,2022-12-20,197.68,200.69,197.35,199.49,2267353.0
1671598800,2022-12-21,200.88,203.09,200.68,202.9,3101854.0
1671685200,2022-12-22,202.18,202.44,197.13,200.27,2704475.0
1671771600,2022-12-23,199.97,202.53,199.46,201.74,1515293.0
1672117200,2022-12-27,201.77,203.54,201.59,202.7,1817661.0
1672203600,2022-12-28,203.68,204.23,199.98,200.15,1934944.0
1672290000,2022-12-29,201.0,203.04,200.7,202.57,2291815.0
1672376400,2022-12-30,201.84,202.33,199.91,202.14,2036113.0
1672722000,2023-01-03,202.94,202.94,200.18,202.14,2843942.0
1672808400,2023-01-04,196.67,199.26,195.56,198.12,4446058.0
1672894800,2023-01-05,196.65,196.96,192.48,192.87,4844613.0
1672981200,2023-01-06,194.76,199.09,194.19,198.34,4740709.0
1673240400,2023-01-09,198.34,201.51,197.65,198.72,2953017.0
1673326800,2023-01-10,197.62,199.45,197.62,199.35,2048179.0
1673413200,2023-01-11,199.95,200.83,198.1,200.26,3505377.0
1673499600,2023-01-12,200.78,204.9,200.33,203.73,3460095.0
1673586000,2023-01-13,202.32,204.53,200.82,204.32,2481248.0
1673931600,2023-01-17,204.71,204.71,199.91,200.2,3942779.0
1674018000,2023-01-18,198.93,198.93,192.41,192.65,5859026.0
1674104400,2023-01-19,192.71,192.79,188.86,189.28,5345448.0
1674190800,2023-01-20,188.24,191.16,187.53,190.57,4803260.0
1674450000,2023-01-23,191.06,194.17,189.96,192.86,3223889.0
1674536400,2023-01-24,192.39,195.9,190.75,195.19,3529450.0
1674622800,2023-01-25,192.94,195.4,192.2,194.95,2530367.0
1674709200,2023-01-26,196.01,197.54,194.21,197.47,2328370.0
1674795600,2023-01-27,196.1,197.93,195.86,196.32,2619939.0
1675054800,2023-01-30,194.81,197.51,193.95,194.11,3073072.0
1675141200,2023-01-31,194.85,196.74,193.85,196.65,2933284.0
1675227600,2023-02-01,195.64,196.63,192.25,194.99,6003049.0
1675314000,2023-02-02,187.66,196.41,186.48,195.62,7988330.0
1675400400,2023-02-03,195.45,195.45,190.18,191.19,4997032.0
1675659600,2023-02-06,190.78,192.55,189.37,192.47,3261484.0
1675746000,2023-02-07,191.48,194.33,190.33,193.81,3383613.0
1675832400,2023-02-08,192.33,193.19,189.8,190.75,4057781.0
1675918800,2023-02-09,191.82,192.36,187.37,187.92,3505757.0
1676005200,2023-02-10,187.53,189.44,187.12,189.1,3324113.0
1676264400,2023-02-13,188.83,192.18,188.42,191.83,3421407.0
1676350800,2023-02-14,191.57,191.58,187.4,189.6,3596062.0
1676437200,2023-02-15,188.47,190.3,187.58,190.27,2875722.0
1676523600,2023-02-16,187.49,190.11,186.75,188.05,3178963.0
1676610000,2023-02-17,187.96,190.52,187.39,189.99,3683435.0
1676955600,2023-02-21,190.14,190.21,185.31,185.6,3483762.0
1677042000,2023-02-22,185.9,186.29,183.58,184.4,3457824.0
1677128400,2023-02-23,185.9,185.9,182.61,184.93,2902525.0
1677214800,2023-02-24,183.86,183.86,180.98,182.1,3850802.0
1677474000,2023-02-27,184.36,184.91,181.82,182.49,3803107.0
1677560400,2023-02-28,181.6,182.41,179.82,181.57,3681031.0
1677646800,2023-03-01,180.77,184.29,180.71,182.9,3626607.0
1677733200,2023-03-02,181.68,185.02,181.59,184.39,4759760.0
1677819600,2023-03-03,185.33,187.32,184.17,186.64,3668065.0
1678078800,2023-03-06,186.99,189.0,186.47,186.84,3096523.0
1678165200,2023-03-07,187.2,187.94,184.67,185.5,3082197.0
1678251600,2023-03-08,186.12,186.47,184.08,185.45,2365305.0
1678338000,2023-03-09,186.69,186.76,182.4,182.9,3966623.0
1678424400,2023-03-10,182.9,186.5,181.96,183.33,4200218.0
1678680000,2023-03-13,183.01,185.13,182.23,183.11,3836963.0
1678766400,2023-03-14,185.91,186.02,180.33,182.98,5741084.0
1678852800,2023-03-15,180.23,181.13,175.2,178.39,4585013.0
1678939200,2023-03-16,177.67,179.95,176.66,179.35,4601790.0
1679025600,2023-03-17,178.09,178.28,174.7,175.09,10389423.0
1679284800,2023-03-20,176.34,180.4,175.91,180.05,3657426.0
1679371200,2023-03-21,181.18,182.2,179.36,181.27,3964552.0
1679457600,2023-03-22,181.8,182.06,177.4,177.48,2766328.0
1679544000,2023-03-23,177.19,179.61,175.95,177.25,2391850.0
1679630400,2023-03-24,176.75,178.48,175.05,178.42,2709283.0
1679889600,2023-03-27,178.87,179.78,177.73,178.26,2557514.0
1679976000,2023-03-28,178.03,179.8,177.7,178.2,2416318.0
1680062400,2023-03-29,179.85,179.89,178.05,179.29,3401857.0
1680148800,2023-03-30,179.8,180.59,178.25,179.33,2304282.0
1680235200,2023-03-31,180.28,181.48,179.53,181.23,2728242.0
1680494400,2023-04-03,180.71,183.87,180.13,183.28,3352427.0
1680580800,2023-04-04,183.13,183.23,179.86,181.06,2965556.0
1680667200,2023-04-05,180.44,181.13,179.49,179.63,3483277.0
1680753600,2023-04-06,179.8,182.17,179.23,180.6,3201704.0
1681099200,2023-04-10,180.87,182.63,180.47,181.76,3199099.0
1681185600,2023-04-11,182.9,183.16,181.89,182.24,3017052.0
1681272000,2023-04-12,183.45,184.79,182.38,183.23,4351959.0
1681358400,2023-04-13,183.25,186.26,182.63,185.76,4167278.0
1681444800,2023-04-14,185.51,187.5,185.15,186.38,2299520.0
1681704000,2023-04-17,186.98,187.82,186.56,187.62,1698946.0
1681790400,2023-04-18,188.44,189.15,186.07,186.74,2415058.0
1681876800,2023-04-19,187.99,188.38,187.01,187.57,2177598.0
1681963200,2023-04-20,187.28,187.53,185.86,186.57,2317786.0
1682049600,2023-04-21,186.89,187.14,185.29,185.93,2478420.0
1682308800,2023-04-24,187.01,187.83,186.11,186.6,1860131.0
1682395200,2023-04-25,188.25,188.62,185.73,185.82,2731462.0
1682481600,2023-04-26,183.85,184.41,180.34,181.02,4061040.0
1682568000,2023-04-27,185.8,188.56,183.55,188.33,4477720.0
1682654400,2023-04-28,188.7,190.42,188.22,189.5,3374595.0
1682913600,2023-05-01,189.65,191.69,189.61,190.11,2578186.0
1683000000,2023-05-02,189.33,189.33,186.21,188.0,2623447.0
1683086400,2023-05-03,189.51,190.23,187.48,187.72,2775285.0
1683172800,2023-05-04,187.96,188.7,184.84,186.07,2331945.0
1683259200,2023-05-05,187.13,188.31,186.6,188.15,2110282.0
1683518400,2023-05-08,189.41,189.63,185.83,186.76,1494474.0
1683604800,2023-05-09,185.82,188.02,184.87,186.93,2612149.0
1683691200,2023-05-10,187.27,188.46,184.26,187.13,2566928.0
1683777600,2023-05-11,186.78,187.12,184.18,184.92,3595820.0
1683864000,2023-05-12,185.83,186.23,183.7,184.58,2121829.0
1684123200,2023-05-15,184.46,186.34,183.65,185.23,1872733.0
1684209600,2023-05-16,184.9,184.9,182.36,182.66,2608817.0
1684296000,2023-05-17,184.01,187.25,183.54,186.86,2443809.0
1684382400,2023-05-18,186.32,189.12,185.79,188.99,3001008.0
1684468800,2023-05-19,190.18,190.91,187.86,188.13,2780240.0
1684728000,2023-05-22,187.85,189.14,186.1,187.73,1797649.0
1684814400,2023-05-23,187.99,188.34,185.79,185.86,2806163.0
1684900800,2023-05-24,185.82,186.08,181.97,182.9,2070970.0
1684987200,2023-05-25,182.91,183.56,181.12,183.29,2421623.0
1685073600,2023-05-26,183.78,185.24,183.17,184.7,2426812.0
1685419200,2023-05-30,184.56,185.68,181.53,185.46,2567468.0
1685505600,2023-05-31,184.8,184.98,181.47,182.65,3690142.0
1685592000,2023-06-01,182.89,185.22,181.57,184.8,2363368.0
1685678400,2023-06-02,187.27,190.24,186.74,189.56,3778128.0
1685937600,2023-06-05,189.44,189.82,186.89,187.97,1662680.0
1686024000,2023-06-06,188.33,188.85,186.23,187.17,2294495.0
1686110400,2023-06-07,187.76,189.42,185.16,189.12,2555467.0
1686196800,2023-06-08,188.63,189.47,187.85,188.89,1626552.0
1686283200,2023-06-09,188.4,189.48,186.93,188.65,1760137.0
1686542400,2023-06-12,188.95,189.66,187.44,189.23,2132726.0
1686628800,2023-06-13,189.23,191.88,188.52,191.72,1987916.0
1686715200,2023-06-14,192.56,193.34,189.38,191.15,2656688.0
1686801600,2023-06-15,191.85,194.57,191.06,194.21,2467666.0
1686888000,2023-06-16,195.42,196.39,193.0,193.49,5005711.0
1687233600,2023-06-20,193.18,193.49,189.73,191.04,2085168.0
1687320000,2023-06-21,189.98,193.31,188.86,192.37,2553449.0
1687406400,2023-06-22,192.53,192.83,190.31,191.28,1616945.0
1687492800,2023-06-23,189.83,191.29,189.37,190.74,3348155.0
1687752000,2023-06-26,190.94,193.57,190.13,193.12,2131606.0
1687838400,2023-06-27,193.1,194.54,192.99,193.84,2358820.0
1687924800,2023-06-28,193.92,194.39,192.56,193.04,1972051.0
1688011200,2023-06-29,192.96,196.98,192.32,196.83,2544081.0
1688097600,2023-06-30,197.85,198.75,197.15,197.81,2925448.0
1688356800,2023-07-03,197.13,198.89,195.46,198.57,1202589.0
1688529600,2023-07-05,197.71,198.6,196.33,196.79,2336661.0
1688616000,2023-07-06,195.4,195.47,192.64,194.48,2102512.0
1688702400,2023-07-07,193.4,196.11,192.72,193.77,2253783.0
1688961600,2023-07-10,194.67,198.27,194.1,198.04,3102216.0
1689048000,2023-07-11,198.7,199.74,197.75,198.98,2801495.0
1689134400,2023-07-12,200.56,201.02,198.62,198.78,2967190.0
1689220800,2023-07-13,197.97,199.44,197.51,198.96,2324263.0
1689307200,2023-07-14,198.2,198.2,195.9,196.51,2161288.0
1689566400,2023-07-17,195.97,199.08,195.67,198.45,2150724.0
1689652800,2023-07-18,197.04,197.48,194.42,195.66,3668890.0
1689739200,2023-07-19,194.33,196.43,194.31,195.59,2505961.0
1689825600,2023-07-20,196.52,199.47,195.98,198.25,2532700.0
1689912000,2023-07-21,198.58,200.56,198.07,198.86,7658473.0
1690171200,2023-07-24,198.92,200.34,198.48,199.54,1846901.0
1690257600,2023-07-25,198.43,200.32,197.59,199.89,1968377.0
1690344000,2023-07-26,199.03,199.62,197.51,198.53,3293145.0
1690430400,2023-07-27,194.19,194.59,186.51,187.24,6596454.0
1690516800,2023-07-28,188.43,188.95,185.9,186.07,3936175.0
1690776000,2023-07-31,186.01,186.37,184.39,185.06,4143199.0
1690862400,2023-08-01,184.32,185.7,183.95,184.44,3977405.0
1690948800,2023-08-02,184.84,186.18,183.41,183.89,2998014.0
1691035200,2023-08-03,183.78,183.89,181.56,181.61,2509410.0
1691121600,2023-08-04,182.33,182.86,179.99,180.37,2408676.0
1691380800,2023-08-07,181.23,181.76,179.79,180.74,2842651.0
1691467200,2023-08-08,179.79,179.79,177.86,178.88,3261717.0
1691553600,2023-08-09,178.31,181.38,178.27,180.4,3224827.0
1691640000,2023-08-10,180.41,182.71,180.25,180.91,2811856.0
1691726400,2023-08-11,180.39,183.49,180.39,182.76,2700033.0
1691985600,2023-08-14,183.02,183.85,181.31,181.64,2444723.0
1692072000,2023-08-15,180.18,180.6,178.82,180.0,2252018.0
1692158400,2023-08-16,179.86,180.68,178.67,178.75,2241316.0
1692244800,2023-08-17,179.68,180.4,178.26,178.26,2481136.0
1692331200,2023-08-18,177.5,179.77,177.39,178.84,2053767.0
1692590400,2023-08-21,178.29,179.53,177.72,179.19,1930803.0
1692676800,2023-08-22,179.57,179.71,177.85,178.29,1713117.0
1692763200,2023-08-23,178.76,179.78,178.42,179.31,1899408.0
1692849600,2023-08-24,179.18,180.95,177.43,177.47,2391472.0
1692936000,2023-08-25,177.92,179.4,176.91,178.57,1943869.0
1693195200,2023-08-28,180.62,181.76,179.35,180.08,1941140.0
1693281600,2023-08-29,180.08,181.94,179.57,181.65,2180496.0
1693368000,2023-08-30,181.65,182.78,179.92,180.73,2206953.0
1693454400,2023-08-31,180.63,181.54,180.12,180.14,2598750.0
1693540800,2023-09-01,181.17,181.62,179.76,180.57,1595824.0
1693886400,2023-09-05,180.75,180.96,177.92,177.99,2229205.0
1693972800,2023-09-06,177.36,178.12,176.01,176.85,2228925.0
1694059200,2023-09-07,177.08,178.12,175.62,176.48,2086216.0
1694145600,2023-09-08,176.17,177.31,175.81,176.86,1769739.0
1694404800,2023-09-11,178.21,178.89,177.08,178.48,2115478.0
1694491200,2023-09-12,178.46,182.06,178.25,181.36,3667567.0
1694577600,2023-09-13,181.94,185.62,181.91,183.64,5057296.0
1694664000,2023-09-14,184.41,187.2,183.97,185.53,3682184.0
1694750400,2023-09-15,186.45,186.83,184.4,185.03,6014023.0
1695009600,2023-09-18,184.75,187.24,184.45,186.39,2296964.0
1695096000,2023-09-19,185.12,187.5,185.12,187.24,2872400.0
1695182400,2023-09-20,188.0,188.91,186.32,186.37,2374326.0
1695268800,2023-09-21,186.59,186.59,183.46,183.48,2917775.0
1695355200,2023-09-22,183.0,183.87,181.72,181.9,2824497.0
1695614400,2023-09-25,181.19,184.06,180.73,183.9,2723219.0
1695700800,2023-09-26,183.08,183.4,179.97,180.09,3399535.0
1695787200,2023-09-27,181.1,181.1,178.61,180.08,2235611.0
1695873600,2023-09-28,179.94,181.14,178.93,179.34,2912309.0
1695960000,2023-09-29,180.41,180.42,176.69,177.07,3330884.0
1696219200,2023-10-02,176.36,177.15,173.55,175.03,2701094.0
1696305600,2023-10-03,174.31,175.14,172.76,173.62,2490508.0
1696392000,2023-10-04,173.9,175.36,172.93,174.92,2298684.0
1696478400,2023-10-05,174.59,174.85,171.69,172.55,2288346.0
1696564800,2023-10-06,172.98,177.61,172.24,177.0,3770890.0
1696824000,2023-10-09,177.62,179.22,177.09,178.78,2278986.0
1696910400,2023-10-10,180.2,180.28,176.73,178.61,3263077.0
1696996800,2023-10-11,178.82,180.47,178.1,179.62,2210345.0
1697083200,2023-10-12,179.58,179.61,175.23,176.3,2414023.0
1697169600,2023-10-13,177.18,177.18,174.79,175.94,2245642.0
1697428800,2023-10-16,177.91,179.72,177.45,178.5,2433111.0
1697515200,2023-10-17,177.65,179.52,177.29,178.59,1848914.0
1697601600,2023-10-18,177.92,178.32,175.44,175.85,2262047.0
1697688000,2023-10-19,175.57,178.14,174.31,174.7,2565722.0
1697774400,2023-10-20,175.07,176.15,173.54,173.79,3043455.0
1698033600,2023-10-23,174.05,175.48,172.9,173.03,2073581.0
1698120000,2023-10-24,174.03,175.42,172.78,173.93,2552306.0
1698206400,2023-10-25,173.92,174.23,170.59,170.7,4147628.0
1698292800,2023-10-26,171.17,175.4,167.62,168.75,4817592.0
1698379200,2023-10-27,168.36,171.68,168.07,169.65,3400371.0
1698638400,2023-10-30,170.17,172.82,169.27,172.29,2633914.0
1698724800,2023-10-31,172.05,176.29,171.74,175.65,3770347.0
1698811200,2023-11-01,176.54,176.62,173.89,176.35,3358817.0
1698897600,2023-11-02,177.9,179.37,176.51,178.69,3059559.0
1698984000,2023-11-03,180.33,182.31,180.18,181.15,2960085.0
1699246800,2023-11-06,180.84,181.06,179.26,179.72,2339893.0
1699333200,2023-11-07,179.02,179.48,177.86,178.86,2482254.0
1699419600,2023-11-08,179.12,179.12,176.15,176.96,3193524.0
1699506000,2023-11-09,177.27,178.77,176.63,177.09,2718323.0
1699592400,2023-11-10,177.99,180.21,177.07,180.01,2178647.0
1699851600,2023-11-13,180.1,180.78,179.05,179.82,1675875.0
1699938000,2023-11-14,182.0,183.83,181.88,183.42,2951667.0
1700024400,2023-11-15,183.65,184.88,182.01,182.75,4076821.0
1700110800,2023-11-16,184.36,185.46,183.58,183.87,2133480.0
1700197200,2023-11-17,184.91,185.11,183.12,184.35,2207822.0
1700456400,2023-11-20,183.83,185.47,183.25,184.92,2000174.0
1700542800,2023-11-21,184.24,184.74,183.25,184.38,1877721.0
1700629200,2023-11-22,184.24,185.95,183.31,185.41,1882100.0
1700802000,2023-11-24,186.19,186.76,185.51,186.47,1074506.0
1701061200,2023-11-27,185.7,186.73,185.45,186.05,2480483.0
1701147600,2023-11-28,186.07,188.07,185.51,187.3,3329148.0
1701234000,2023-11-29,188.52,189.28,186.97,187.29,2243085.0
1701320400,2023-11-30,187.3,189.08,187.07,188.89,3248220.0
1701406800,2023-12-01,189.45,190.98,188.31,190.69,3112061.0
1701666000,2023-12-04,189.47,191.34,189.41,191.24,2717466.0
1701752400,2023-12-05,190.43,190.74,188.32,189.88,2584262.0
1701838800,2023-12-06,191.04,191.98,190.2,190.69,2230909.0
1701925200,2023-12-07,191.85,191.91,190.38,190.69,2436954.0
1702011600,2023-12-08,189.01,190.15,186.09,187.63,4545331.0
1702270800,2023-12-11,189.4,193.32,189.02,193.2,3706465.0
1702357200,2023-12-12,194.75,195.04,193.66,194.28,3094101.0
1702443600,2023-12-13,195.33,195.87,193.07,195.79,3063397.0
1702530000,2023-12-14,196.68,197.3,195.2,196.11,3785691.0
1702616400,2023-12-15,196.54,197.69,195.18,196.1,7523488.0
1702875600,2023-12-18,196.69,198.08,196.18,197.74,2970685.0
1702962000,2023-12-19,197.19,197.71,196.19,197.26,2596959.0
1703048400,2023-12-20,196.4,198.0,195.56,195.62,3349735.0
1703134800,2023-12-21,196.48,197.84,196.13,197.69,2158672.0
1703221200,2023-12-22,197.69,199.73,197.61,198.26,1889800.0
1703566800,2023-12-26,198.75,201.07,198.41,200.58,1860315.0
1703653200,2023-12-27,199.73,202.14,199.73,201.52,2340239.0
1703739600,2023-12-28,201.81,202.44,201.34,201.67,1647683.0
1703826000,2023-12-29,201.71,202.63,201.42,202.19,2256443.0
1704171600,2024-01-02,201.37,203.05,200.85,201.5,3132711.0
1704258000,2024-01-03,200.94,200.94,196.93,197.19,3814053.0
1704344400,2024-01-04,196.8,198.82,196.71,197.55,2542018.0
1704430800,2024-01-05,197.06,197.23,195.0,196.23,2682727.0
1704690000,2024-01-08,195.83,196.24,194.03,195.39,4019954.0
1704776400,2024-01-09,193.29,194.49,191.76,194.4,3082317.0
1704862800,2024-01-10,193.79,195.21,193.23,195.14,2372259.0
1704949200,2024-01-11,195.03,195.32,192.39,194.44,1941050.0
1705035600,2024-01-12,196.09,196.67,192.98,193.89,2429309.0
1705381200,2024-01-16,193.48,193.91,190.42,190.68,3500369.0
1705467600,2024-01-17,189.69,190.98,188.97,190.85,2510468.0
1705554000,2024-01-18,190.63,193.35,190.19,192.95,2604627.0
1705640400,2024-01-19,193.1,194.02,191.51,193.58,3089602.0
1705899600,2024-01-22,194.12,196.6,193.24,193.83,3589314.0
1705986000,2024-01-23,194.01,195.87,193.43,195.66,2033876.0
1706072400,2024-01-24,195.66,196.47,192.52,192.7,3483958.0
1706158800,2024-01-25,194.5,195.88,193.47,195.29,2653445.0
1706245200,2024-01-26,195.75,196.58,194.17,194.56,1924770.0
1706504400,2024-01-29,194.2,195.78,193.61,195.77,2196836.0
1706590800,2024-01-30,193.94,198.97,193.94,198.51,5646047.0
1706677200,2024-01-31,199.77,200.26,194.52,195.0,5624518.0
1706763600,2024-02-01,188.84,190.48,182.86,190.23,7819099.0
1706850000,2024-02-02,189.97,192.87,188.53,189.07,4317910.0
1707109200,2024-02-05,187.0,187.86,185.9,186.09,4632180.0
1707195600,2024-02-06,185.63,187.1,185.15,186.69,3741587.0
1707282000,2024-02-07,188.46,188.8,186.65,187.14,3029888.0
1707368400,2024-02-08,186.65,187.06,185.35,186.52,2516150.0
1707454800,2024-02-09,186.08,188.22,185.91,187.85,3686297.0
1707714000,2024-02-12,187.02,190.54,186.82,190.27,2827875.0
1707800400,2024-02-13,189.68,189.89,185.81,187.05,4432118.0
1707886800,2024-02-14,187.46,188.57,186.92,187.88,2115287.0
1707973200,2024-02-15,188.97,191.09,188.6,190.85,1996523.0
1708059600,2024-02-16,190.43,191.76,189.4,190.1,2331020.0
1708405200,2024-02-20,190.85,192.49,189.85,191.8,2761051.0
1708491600,2024-02-21,192.44,193.19,191.09,192.37,1969621.0
1708578000,2024-02-22,192.28,194.33,191.49,193.61,3635080.0
1708664400,2024-02-23,193.61,195.36,193.34,193.43,2450243.0
1708923600,2024-02-26,192.85,193.02,191.1,192.04,2028604.0
1709010000,2024-02-27,192.43,192.54,189.88,191.07,2451977.0
1709096400,2024-02-28,191.0,191.79,190.17,190.48,2664144.0
1709182800,2024-02-29,192.22,194.08,190.61,192.64,3437346.0
1709269200,2024-03-01,191.54,192.85,190.06,192.58,2785462.0
1709528400,2024-03-04,192.35,193.67,192.09,193.14,2148909.0
1709614800,2024-03-05,193.03,193.42,190.61,191.3,2532241.0
1709701200,2024-03-06,193.39,196.21,192.59,194.36,2713389.0
1709787600,2024-03-07,196.02,197.03,195.55,196.4,2447565.0
1709874000,2024-03-08,196.91,197.67,194.31,194.6,2139383.0
1710129600,2024-03-11,195.4,196.36,193.02,194.15,2443183.0
1710216000,2024-03-12,193.61,194.12,191.61,193.03,2938803.0
1710302400,2024-03-13,193.82,194.97,192.75,193.61,2537637.0
1710388800,2024-03-14,193.15,193.61,188.99,190.34,3838212.0
1710475200,2024-03-15,190.37,192.47,189.9,191.63,6310153.0
1710734400,2024-03-18,192.91,192.91,190.36,190.73,2481716.0
1710820800,2024-03-19,190.73,193.14,190.11,192.94,4524803.0
1710907200,2024-03-20,192.51,195.53,192.25,195.02,2714424.0
1710993600,2024-03-21,195.81,196.87,195.12,195.21,2811767.0
1711080000,2024-03-22,195.35,195.78,193.96,194.58,2061324.0
1711339200,2024-03-25,194.24,194.56,192.35,192.4,1961385.0
1711425600,2024-03-26,191.98,195.3,191.69,194.84,2697318.0
1711512000,2024-03-27,196.72,198.97,196.02,198.85,2760101.0
1711598400,2024-03-28,199.11,200.48,198.89,198.96,3594210.0
1711944000,2024-04-01,199.1,199.58,195.71,195.82,2221894.0
1712030400,2024-04-02,195.89,196.1,193.89,194.1,2615337.0
1712116800,2024-04-03,193.31,194.78,191.86,191.91,2496129.0
1712203200,2024-04-04,194.53,194.53,189.53,190.04,3414771.0
1712289600,2024-04-05,189.9,192.32,189.17,191.11,2212855.0
1712548800,2024-04-08,191.54,193.09,191.29,191.7,2384717.0
1712635200,2024-04-09,192.27,193.41,190.02,192.33,2041975.0
1712721600,2024-04-10,189.58,190.43,188.44,189.66,2907266.0
1712808000,2024-04-11,190.01,191.15,188.31,190.84,3026335.0
1712894400,2024-04-12,189.91,190.43,188.65,190.15,3498862.0
1713153600,2024-04-15,192.04,192.41,187.26,188.1,3179898.0
1713240000,2024-04-16,187.22,187.76,184.69,184.88,2801925.0
1713326400,2024-04-17,186.52,186.62,183.94,184.53,2424388.0
1713412800,2024-04-18,185.15,186.4,184.17,185.23,2143197.0
1713499200,2024-04-19,186.71,188.57,185.76,188.31,3570010.0
1713758400,2024-04-22,188.33,190.29,188.19,189.59,2366958.0
1713844800,2024-04-23,190.02,191.56,189.68,190.15,2557257.0
1713931200,2024-04-24,187.63,189.72,187.34,188.82,3578298.0
1714017600,2024-04-25,193.35,194.0,184.65,187.11,3894330.0
1714104000,2024-04-26,184.47,187.72,184.29,187.52,3041537.0
1714363200,2024-04-29,187.34,188.31,186.33,187.83,2593584.0
1714449600,2024-04-30,188.05,189.84,186.43,186.83,3128075.0
1714536000,2024-05-01,186.09,191.14,186.02,189.32,5084843.0
1714622400,2024-05-02,190.36,190.46,186.78,187.71,3418699.0
1714708800,2024-05-03,188.8,190.23,187.61,189.81,2251381.0
1714968000,2024-05-06,190.35,191.16,188.01,189.03,2257722.0
1715054400,2024-05-07,189.06,191.15,189.06,190.82,2052177.0
1715140800,2024-05-08,190.66,192.28,189.92,191.98,1788289.0
1715227200,2024-05-09,192.76,194.64,191.81,194.48,2692175.0
1715313600,2024-05-10,194.84,197.0,194.57,196.7,2318408.0
1715572800,2024-05-13,198.18,200.39,197.5,197.56,3505342.0
1715659200,2024-05-14,198.72,199.09,196.69,196.98,2378589.0
1715745600,2024-05-15,198.11,199.06,196.56,198.78,2675812.0
1715832000,2024-05-16,199.73,201.97,199.35,201.34,2566941.0
1715918400,2024-05-17,201.6,201.71,199.93,200.7,2267215.0
1716177600,2024-05-20,200.49,200.92,198.05,199.39,2008300.0
1716264000,2024-05-21,199.97,199.99,197.95,198.31,1742860.0
1716350400,2024-05-22,197.93,198.73,196.72,197.62,2013302.0
1716436800,2024-05-23,196.38,196.4,194.13,194.29,2616403.0
1716523200,2024-05-24,195.23,195.68,194.1,194.58,2360667.0
1716868800,2024-05-28,193.09,195.71,193.04,194.09,2417316.0
1716955200,2024-05-29,192.77,193.33,191.86,192.03,2846213.0
1717041600,2024-05-30,192.74,196.13,192.35,195.77,2314211.0
1717128000,2024-05-31,195.21,197.11,194.04,197.02,3163480.0
1717387200,2024-06-03,198.61,198.61,195.85,197.28,2443667.0
1717473600,2024-06-04,195.92,202.83,195.92,201.93,3360804.0
1717560000,2024-06-05,202.61,204.09,200.61,203.92,2722837.0
1717646400,2024-06-06,203.82,204.84,202.31,203.12,3270848.0
1717732800,2024-06-07,203.19,205.58,202.35,203.44,2563323.0
1717992000,2024-06-10,204.41,205.66,203.78,205.35,2648314.0
1718078400,2024-06-11,204.42,204.49,201.85,204.12,2304900.0
1718164800,2024-06-12,205.36,206.22,202.43,203.17,2471388.0
1718251200,2024-06-13,201.8,203.63,200.98,203.3,1959739.0
1718337600,2024-06-14,201.9,203.34,200.74,203.2,2239211.0
1718596800,2024-06-17,202.68,206.75,202.23,206.53,3100728.0
1718683200,2024-06-18,205.64,207.77,205.05,207.43,2443359.0
1718856000,2024-06-20,207.94,209.69,207.43,208.67,4042227.0
1718942400,2024-06-21,210.27,210.56,208.06,209.59,7929048.0
1719201600,2024-06-24,209.71,212.78,209.42,210.37,2933238.0
1719288000,2024-06-25,211.29,211.29,208.26,208.97,2970633.0
1719374400,2024-06-26,208.09,208.6,206.19,207.97,2173863.0
1719460800,2024-06-27,208.82,209.84,207.56,208.9,1913218.0
1719547200,2024-06-28,208.67,210.62,205.74,208.08,4742140.0
1719806400,2024-07-01,207.69,210.02,205.48,205.56,2148470.0
1719892800,2024-07-02,206.36,207.83,205.57,207.78,1908531.0
1719979200,2024-07-03,207.55,207.82,206.65,207.03,1086724.0
1720152000,2024-07-05,207.14,207.47,205.35,206.81,1355280.0
1720411200,2024-07-08,206.47,207.78,205.62,206.22,1838096.0
1720497600,2024-07-09,206.28,206.68,205.18,205.22,1375377.0
1720584000,2024-07-10,205.8,209.44,205.38,209.01,1791777.0
1720670400,2024-07-11,209.5,211.13,208.19,209.36,2701551.0
1720756800,2024-07-12,210.02,211.31,206.9,209.61,2089379.0
1721016000,2024-07-15,208.92,210.8,207.95,210.2,1732209.0
1721102400,2024-07-16,210.33,213.41,210.14,212.88,2978471.0
1721188800,2024-07-17,213.4,215.07,212.28,214.58,2688142.0
1721275200,2024-07-18,214.36,215.15,211.96,212.1,2165441.0
1721361600,2024-07-19,212.16,212.56,208.76,209.12,2660590.0
1721620800,2024-07-22,209.77,211.56,208.17,211.42,2784618.0
1721707200,2024-07-23,211.43,213.26,210.68,211.82,1791248.0
1721793600,2024-07-24,211.82,212.2,207.68,208.19,3524717.0
1721880000,2024-07-25,211.82,212.2,207.68,208.19,3524717.0
1721966400,2024-07-26,197.84,202.49,193.17,197.56,7452531.0
1722225600,2024-07-29,198.33,198.55,194.04,196.25,2874004.0
1722312000,2024-07-30,196.79,198.74,196.31,197.46,2608471.0
1722398400,2024-07-31,198.55,201.47,196.97,199.52,3323861.0
1722484800,2024-08-01,199.11,201.47,196.35,199.35,3742962.0
1722571200,2024-08-02,202.93,203.62,196.16,198.48,3377778.0
1722830400,2024-08-05,197.35,197.35,191.87,194.6,3915475.0
1722916800,2024-08-06,194.59,197.01,193.42,193.72,3629081.0
1723003200,2024-08-07,195.42,198.74,192.65,192.86,3292176.0
1723089600,2024-08-08,192.86,195.41,192.86,194.71,2461136.0
1723176000,2024-08-09,193.94,194.07,192.47,193.16,1888151.0
1723435200,2024-08-12,193.39,193.43,191.51,191.76,3073966.0
1723521600,2024-08-13,192.22,192.36,190.61,191.7,3739387.0
1723608000,2024-08-14,190.99,192.73,190.57,192.55,3471298.0
1723694400,2024-08-15,193.87,195.11,193.04,193.39,2900232.0
1723780800,2024-08-16,193.59,195.56,192.84,194.48,2811121.0
1724040000,2024-08-19,194.44,195.38,193.83,195.01,2044386.0
1724126400,2024-08-20,194.97,196.45,193.92,196.02,3060420.0
1724212800,2024-08-21,196.77,197.69,195.84,197.34,1784934.0
1724299200,2024-08-22,196.68,197.29,195.28,196.08,1947583.0
1724385600,2024-08-23,197.6,198.67,196.77,198.38,2948370.0
1724644800,2024-08-26,199.46,200.67,198.8,199.72,1834868.0
1724731200,2024-08-27,199.84,202.12,199.63,201.93,2362143.0
1724817600,2024-08-28,202.42,202.9,199.66,200.84,2338802.0
1724904000,2024-08-29,202.14,204.18,200.3,203.3,2369363.0
1724990400,2024-08-30,203.77,204.52,201.14,203.7,1923464.0
1725336000,2024-09-03,203.44,203.7,199.97,200.71,2056901.0
1725422400,2024-09-04,201.11,202.93,201.02,201.37,1739592.0
1725508800,2024-09-05,201.03,201.27,197.6,198.87,1512221.0
1725595200,2024-09-06,198.89,198.98,193.84,194.11,2540656.0
1725854400,2024-09-09,195.93,197.61,195.11,197.08,2300381.0
1725940800,2024-09-10,196.24,197.1,194.55,196.88,1395465.0
1726027200,2024-09-11,196.77,200.22,193.36,199.91,2737800.0
1726113600,2024-09-12,199.81,200.84,197.78,200.52,1945783.0
1726200000,2024-09-13,200.33,201.45,199.43,200.01,1973329.0
1726459200,2024-09-16,201.83,202.76,199.6,200.53,1562228.0
1726545600,2024-09-17,200.85,201.57,199.43,200.1,1441683.0
1726632000,2024-09-18,200.1,200.57,196.53,197.55,2391512.0
1726718400,2024-09-19,200.02,201.37,198.08,199.57,2695351.0
1726804800,2024-09-20,199.66,199.66,197.87,199.23,3829991.0
1727064000,2024-09-23,199.88,199.91,198.51,199.64,2263834.0
1727150400,2024-09-24,199.64,201.83,198.58,201.11,2581852.0
1727236800,2024-09-25,202.02,203.55,201.1,202.59,2858263.0
1727323200,2024-09-26,203.51,204.27,202.37,202.83,1597994.0
1727409600,2024-09-27,203.3,206.58,202.93,203.42,2454314.0
1727668800,2024-09-30,203.88,204.56,200.09,202.52,2624435.0
1727755200,2024-10-01,202.25,203.78,200.68,201.89,2300363.0
1727841600,2024-10-02,201.4,201.87,199.53,199.75,1841857.0
1727928000,2024-10-03,198.4,199.44,197.51,198.77,2047574.0
1728014400,2024-10-04,200.42,200.92,197.55,199.65,1643484.0
1728273600,2024-10-07,198.11,200.19,197.63,199.21,1801376.0
1728360000,2024-10-08,204.46,205.43,199.66,202.81,4132402.0
1728446400,2024-10-09,202.82,209.69,202.71,209.37,5082641.0
1728532800,2024-10-10,207.21,209.34,206.84,209.27,4957712.0
1728619200,2024-10-11,210.82,212.18,209.4,211.61,3809522.0
1728878400,2024-10-14,211.86,213.31,210.9,213.19,1849911.0
1728964800,2024-10-15,213.58,214.78,212.09,212.87,3948448.0
1729051200,2024-10-16,212.67,215.16,212.17,214.52,2596527.0
1729137600,2024-10-17,214.56,215.62,213.93,215.1,3135029.0
1729224000,2024-10-18,213.31,217.57,213.31,217.52,4033830.0
1729483200,2024-10-21,217.47,218.46,215.63,217.01,3690081.0
1729569600,2024-10-22,216.08,218.32,215.3,217.84,4011812.0
1729656000,2024-10-23,217.05,218.11,214.73,215.87,6183773.0
1729742400,2024-10-24,210.03,211.82,204.67,204.86,8700221.0
1729828800,2024-10-25,204.86,206.1,202.45,203.78,6088157.0
1730088000,2024-10-28,203.84,204.48,200.76,201.92,6094811.0
1730174400,2024-10-29,200.88,203.39,198.92,201.81,6070779.0
1730260800,2024-10-30,200.31,202.44,198.97,200.06,5354151.0
1730347200,2024-10-31,200.5,201.97,199.26,201.51,4654890.0
1730433600,2024-11-01,202.11,205.28,201.61,204.95,4484366.0
1730696400,2024-11-04,204.6,204.6,202.24,203.33,4030035.0
1730782800,2024-11-05,203.98,207.55,202.43,204.55,7377556.0
1730869200,2024-11-06,207.76,212.49,204.85,212.01,6152479.0
1730955600,2024-11-07,212.55,213.93,211.05,213.09,5373275.0
1731042000,2024-11-08,213.04,215.26,212.12,215.04,5694771.0
1731301200,2024-11-11,214.76,220.75,214.76,220.68,7298570.0
1731387600,2024-11-12,234.51,237.85,224.93,229.17,11088659.0
1731474000,2024-11-13,230.24,231.74,227.47,228.35,5531218.0
1731560400,2024-11-14,228.27,229.82,225.62,226.0,3837299.0
1731646800,2024-11-15,225.47,227.63,224.87,225.46,3707893.0
1731906000,2024-11-18,225.94,226.52,224.75,225.32,3446217.0
1731992400,2024-11-19,223.82,225.38,222.78,224.68,3696895.0
1732078800,2024-11-20,223.73,225.36,221.93,223.17,4632729.0
1732165200,2024-11-21,224.48,225.34,221.35,222.6,5630844.0
1732251600,2024-11-22,224.24,226.57,223.62,225.57,3834380.0
1732510800,2024-11-25,227.55,228.41,226.16,227.04,3837698.0
1732597200,2024-11-26,228.22,228.91,226.3,226.84,4203200.0
1732683600,2024-11-27,228.6,229.37,225.93,226.1,2870048.0
1732856400,2024-11-29,225.87,229.67,225.87,229.34,1917465.0
1733115600,2024-12-02,229.59,230.11,226.26,226.4,3225380.0
1733202000,2024-12-03,224.62,225.66,219.72,223.46,4023330.0
1733288400,2024-12-04,223.89,226.59,223.29,226.24,2654773.0
1733374800,2024-12-05,226.4,226.59,222.03,222.8,5183727.0
1733461200,2024-12-06,223.78,224.44,222.23,222.89,3180066.0
1733720400,2024-12-09,223.14,224.22,221.47,221.62,2542823.0
1733806800,2024-12-10,221.69,226.0,221.11,225.55,3547932.0
1733893200,2024-12-11,228.31,230.39,224.34,225.53,4382520.0
1733979600,2024-12-12,224.24,226.39,223.83,224.18,2715885.0
1734066000,2024-12-13,222.45,225.56,222.38,224.11,2432344.0
1734325200,2024-12-16,228.87,234.27,226.6,232.36,8197292.0
1734411600,2024-12-17,234.49,234.63,228.07,229.53,5382412.0
1734498000,2024-12-18,230.09,231.08,222.92,223.36,6428865.0
1734584400,2024-12-19,225.09,229.9,222.81,223.38,4871103.0
1734670800,2024-12-20,221.69,226.2,221.15,224.8,6833319.0
1734930000,2024-12-23,224.26,224.73,222.46,223.64,3467872.0
1735016400,2024-12-24,223.15,225.74,222.17,225.37,1873589.0
1735189200,2024-12-26,225.25,228.43,224.9,228.28,3072184.0
1735275600,2024-12-27,227.44,227.99,225.27,225.97,3053908.0
1735534800,2024-12-30,223.65,223.92,221.92,223.1,2371579.0
1735621200,2024-12-31,223.65,224.03,222.12,222.4,1936889.0
1735794000,2025-01-02,223.57,224.47,221.18,222.04,2089908.0
1735880400,2025-01-03,222.49,223.91,222.37,223.02,2637525.0
1736139600,2025-01-06,221.21,223.42,217.94,218.32,3829308.0
1736226000,2025-01-07,218.08,219.64,216.51,217.23,3016422.0
1736312400,2025-01-08,216.69,217.96,215.82,216.77,3120530.0
1736485200,2025-01-10,216.58,216.61,212.94,214.82,3585164.0
1736744400,2025-01-13,214.31,225.44,214.07,215.72,5392319.0
1736830800,2025-01-14,216.94,217.11,211.29,215.13,4021811.0
1736917200,2025-01-15,216.39,217.13,212.85,216.15,4647771.0
1737003600,2025-01-16,216.61,221.07,216.53,219.25,4611744.0
1737090000,2025-01-17,223.34,223.37,218.86,219.15,3349234.0
1737435600,2025-01-21,219.92,224.22,219.75,221.6,4656600.0
1737522000,2025-01-22,220.54,221.08,219.2,219.65,2972518.0
1737608400,2025-01-23,220.0,222.58,219.31,222.18,3036822.0
1737694800,2025-01-24,221.53,223.65,217.87,218.09,6332908.0
1737954000,2025-01-27,216.85,222.38,216.7,222.23,3111027.0
1738040400,2025-01-28,221.25,221.25,216.77,217.29,3599491.0
1738126800,2025-01-29,217.54,219.36,217.25,217.64,1916268.0
1738213200,2025-01-30,218.62,221.23,218.16,220.6,1813433.0
1738299600,2025-01-31,219.41,222.46,219.11,220.27,2481816.0
1738558800,2025-02-03,219.07,219.85,216.27,218.98,3216972.0
1738645200,2025-02-04,221.1,222.22,219.67,220.1,3433390.0
1738731600,2025-02-05,220.1,220.75,215.87,218.92,4596931.0
1738818000,2025-02-06,211.68,211.92,203.0,206.58,12185282.0
1738904400,2025-02-07,208.73,210.11,202.21,202.35,6681833.0
1739163600,2025-02-10,203.36,205.93,201.92,205.3,6624633.0
1739250000,2025-02-11,203.38,206.11,202.6,203.75,3077514.0
1739336400,2025-02-12,202.41,203.11,201.1,201.85,3413222.0
