unix,date,open,high,low,close,volume_base
1451883600,2016-01-04,89.95,90.16,88.39,89.42,7645727.0
1451970000,2016-01-05,89.96,90.38,89.04,89.59,4592051.0
1452056400,2016-01-06,88.36,89.21,87.87,88.22,4599480.0
1452142800,2016-01-07,86.52,87.3,85.7,86.61,7203923.0
1452229200,2016-01-08,86.92,87.17,84.79,84.95,6504091.0
1452488400,2016-01-11,85.29,86.1,84.39,85.61,6439786.0
1452574800,2016-01-12,86.57,86.82,85.17,86.42,5175644.0
1452661200,2016-01-13,87.01,87.09,83.88,84.29,5213605.0
1452747600,2016-01-14,84.49,86.65,84.26,85.73,6643356.0
1452834000,2016-01-15,83.25,84.38,83.0,83.84,7318097.0
1453179600,2016-01-19,84.64,84.81,80.79,81.48,10780575.0
1453266000,2016-01-20,80.05,81.24,78.93,80.45,12051011.0
1453352400,2016-01-21,80.55,82.72,79.92,81.39,6176101.0
1453438800,2016-01-22,82.91,83.95,82.6,83.17,5266845.0
1453698000,2016-01-25,82.82,83.35,81.89,82.0,5317444.0
1453784400,2016-01-26,82.22,82.69,81.65,82.22,5229268.0
1453870800,2016-01-27,82.12,82.27,79.71,80.15,7183150.0
1453957200,2016-01-28,80.65,80.95,78.77,78.85,9439836.0
1454043600,2016-01-29,76.96,84.35,76.55,84.14,17676114.0
1454302800,2016-02-01,83.66,84.3,82.44,83.76,6292471.0
1454389200,2016-02-02,82.86,82.92,80.68,81.21,7659864.0
1454475600,2016-02-03,81.81,82.0,79.82,81.72,5462689.0
1454562000,2016-02-04,81.5,82.1,81.03,81.59,4605402.0
1454648400,2016-02-05,81.31,81.58,77.67,78.21,8937336.0
1454907600,2016-02-08,76.97,77.25,75.48,76.22,9570654.0
1454994000,2016-02-09,74.52,78.66,74.21,77.47,8080557.0
1455080400,2016-02-10,78.5,80.18,78.38,78.73,5199123.0
1455166800,2016-02-11,75.75,78.24,75.59,77.6,6671058.0
1455253200,2016-02-12,79.03,80.58,78.73,80.23,5648334.0
1455598800,2016-02-16,81.39,81.83,80.67,81.45,5261863.0
1455685200,2016-02-17,82.16,82.79,81.83,82.42,4402130.0
1455771600,2016-02-18,81.82,82.65,81.12,81.31,3798490.0
1455858000,2016-02-19,80.95,82.09,80.54,82.02,3878470.0
1456117200,2016-02-22,83.13,83.38,82.71,83.0,3227014.0
1456203600,2016-02-23,82.47,83.03,81.21,81.48,4903556.0
1456290000,2016-02-24,80.46,82.0,79.94,81.67,3532209.0
1456376400,2016-02-25,81.8,82.63,80.82,82.62,3489939.0
1456462800,2016-02-26,83.29,83.72,82.69,82.76,3502260.0
1456722000,2016-02-29,82.51,83.95,82.13,82.15,4898130.0
1456808400,2016-03-01,82.95,85.18,82.9,85.15,5294500.0
1456894800,2016-03-02,84.83,85.14,84.11,84.95,4099248.0
1456981200,2016-03-03,84.8,85.19,84.04,84.81,4435845.0
1457067600,2016-03-04,85.06,85.59,84.58,85.1,3401678.0
1457326800,2016-03-07,84.76,84.82,82.64,83.45,5424061.0
1457413200,2016-03-08,82.66,82.94,82.04,82.08,4684458.0
1457499600,2016-03-09,82.42,82.79,81.94,82.39,3593385.0
1457586000,2016-03-10,82.85,83.36,81.21,82.12,3362000.0
1457672400,2016-03-11,83.08,84.26,82.96,83.72,4343328.0
1457928000,2016-03-14,83.67,84.23,83.19,83.99,5126604.0
1458014400,2016-03-15,83.51,84.78,83.36,84.45,4672476.0
1458100800,2016-03-16,84.32,85.36,84.13,85.07,3141848.0
1458187200,2016-03-17,84.98,86.63,84.74,86.39,4979371.0
1458273600,2016-03-18,86.96,87.36,86.43,87.24,7733050.0
1458532800,2016-03-21,86.82,87.54,86.53,87.28,3422163.0
1458619200,2016-03-22,86.64,87.15,86.51,86.72,4624424.0
1458705600,2016-03-23,86.8,87.56,86.61,87.07,3096935.0
1458792000,2016-03-24,86.29,86.92,86.29,86.86,2947284.0
1459137600,2016-03-28,87.12,87.23,86.17,86.23,2475292.0
1459224000,2016-03-29,86.31,87.93,86.1,87.68,3601203.0
1459310400,2016-03-30,88.41,89.0,88.18,88.66,3739498.0
1459396800,2016-03-31,88.54,89.73,88.38,89.31,6104485.0
1459483200,2016-04-01,88.51,90.83,88.36,90.6,5731406.0
1459742400,2016-04-04,90.74,90.82,89.27,89.83,4743656.0
1459828800,2016-04-05,88.93,90.17,88.73,89.17,5581001.0
1459915200,2016-04-06,89.21,89.81,88.86,89.73,3513146.0
1460001600,2016-04-07,89.18,89.26,88.11,88.55,3247206.0
1460088000,2016-04-08,89.06,89.64,88.47,88.82,2739683.0
1460347200,2016-04-11,88.94,89.66,88.44,88.51,5227972.0
1460433600,2016-04-12,88.79,89.01,88.2,88.88,2830418.0
1460520000,2016-04-13,89.49,90.67,89.38,90.67,3948225.0
1460606400,2016-04-14,90.64,91.64,90.35,91.07,3428915.0
1460692800,2016-04-15,91.15,92.15,91.04,91.55,4723017.0
1460952000,2016-04-18,91.52,92.6,91.48,92.49,3245553.0
1461038400,2016-04-19,92.8,92.96,91.24,92.08,3891526.0
1461124800,2016-04-20,92.48,93.18,91.9,92.71,4061639.0
1461211200,2016-04-21,92.76,92.89,92.19,92.37,3085526.0
1461297600,2016-04-22,91.28,93.27,91.28,92.28,8102988.0
1461556800,2016-04-25,91.57,92.16,91.42,91.84,3523340.0
1461643200,2016-04-26,92.01,92.43,91.6,92.11,3122298.0
1461729600,2016-04-27,92.08,93.38,91.43,93.16,5405757.0
1461816000,2016-04-28,92.75,94.7,91.6,92.03,6549809.0
1461902400,2016-04-29,91.7,92.48,90.98,91.85,5776069.0
1462161600,2016-05-02,92.0,92.75,91.37,92.59,3979442.0
1462248000,2016-05-03,91.87,92.37,90.83,91.34,3682600.0
1462334400,2016-05-04,90.64,91.28,90.18,91.15,3413136.0
1462420800,2016-05-05,91.23,91.7,90.87,91.09,2993477.0
1462507200,2016-05-06,90.72,91.63,90.58,91.55,2187776.0
1462766400,2016-05-09,91.68,92.09,91.38,91.59,2118255.0
1462852800,2016-05-10,91.67,92.52,91.56,92.46,2039589.0
1462939200,2016-05-11,92.46,92.65,91.25,91.3,2764400.0
1463025600,2016-05-12,91.61,91.69,90.19,90.77,4395724.0
1463112000,2016-05-13,90.52,91.17,90.1,90.3,3637870.0
1463371200,2016-05-16,90.53,91.4,90.39,91.05,2550981.0
1463457600,2016-05-17,90.89,91.18,90.21,90.53,3817676.0
1463544000,2016-05-18,90.28,91.07,89.84,90.56,2682452.0
1463630400,2016-05-19,90.11,90.44,89.09,89.68,2424255.0
1463716800,2016-05-20,90.12,90.81,89.99,90.41,2889675.0
1463976000,2016-05-23,90.44,90.65,89.95,90.04,2509967.0
1464062400,2016-05-24,90.46,91.61,90.28,91.36,2643567.0
1464148800,2016-05-25,91.65,91.76,91.04,91.34,2833507.0
1464235200,2016-05-26,91.42,91.6,90.98,91.27,1855666.0
1464321600,2016-05-27,91.41,92.03,91.27,92.03,3164673.0
1464667200,2016-05-31,92.03,92.05,90.53,90.81,4603945.0
1464753600,2016-06-01,90.52,91.42,90.2,91.3,2869505.0
1464840000,2016-06-02,91.17,91.74,90.91,91.74,2932005.0
1464926400,2016-06-03,91.11,91.49,90.28,90.94,3017044.0
1465185600,2016-06-06,91.29,91.83,90.89,91.52,2297615.0
1465272000,2016-06-07,91.47,92.02,91.33,91.55,2640809.0
1465358400,2016-06-08,91.53,92.79,91.45,92.79,4789783.0
1465444800,2016-06-09,92.34,92.45,91.84,91.88,2170799.0
1465531200,2016-06-10,90.91,90.99,89.87,90.16,4522440.0
1465790400,2016-06-13,89.71,90.56,89.17,89.2,3302052.0
1465876800,2016-06-14,88.89,89.33,88.4,89.12,5519764.0
1465963200,2016-06-15,89.36,89.49,88.39,88.39,4448812.0
1466049600,2016-06-16,87.93,89.1,87.17,89.09,5411324.0
1466136000,2016-06-17,89.0,89.21,87.78,88.34,9098434.0
1466395200,2016-06-20,89.49,90.13,89.25,89.35,5619326.0
1466481600,2016-06-21,89.66,90.25,89.46,90.07,4647884.0
1466568000,2016-06-22,90.18,90.32,89.07,89.07,3420848.0
1466654400,2016-06-23,90.1,90.63,89.59,90.63,3193345.0
1466740800,2016-06-24,86.63,88.19,86.31,86.62,9548617.0
1467000000,2016-06-27,85.48,85.99,84.11,84.35,8233143.0
1467086400,2016-06-28,85.49,85.7,84.96,85.63,5195605.0
1467172800,2016-06-29,86.21,87.32,86.03,87.24,4501197.0
1467259200,2016-06-30,87.7,87.82,82.95,83.39,13706278.0
1467345600,2016-07-01,84.43,84.74,83.59,84.14,8748653.0
1467691200,2016-07-05,83.45,84.6,83.26,83.56,7506867.0
1467777600,2016-07-06,82.72,83.12,82.23,82.41,9915514.0
1467864000,2016-07-07,82.52,83.82,82.52,83.34,4908530.0
1467950400,2016-07-08,83.92,84.17,83.46,84.05,5871947.0
1468209600,2016-07-11,84.51,84.76,84.11,84.23,5576020.0
1468296000,2016-07-12,84.54,85.49,84.34,85.41,6368787.0
1468382400,2016-07-13,85.85,85.95,85.07,85.74,4298479.0
1468468800,2016-07-14,86.67,86.98,85.89,86.79,4470457.0
1468555200,2016-07-15,87.34,87.34,86.1,86.3,3813575.0
1468814400,2016-07-18,86.53,86.97,86.21,86.93,3560209.0
1468900800,2016-07-19,86.56,87.7,86.56,87.67,3605218.0
1468987200,2016-07-20,87.84,88.68,87.45,88.55,3955903.0
1469073600,2016-07-21,88.26,88.9,87.34,87.75,4518094.0
1469160000,2016-07-22,87.94,88.89,87.42,88.89,4824466.0
1469419200,2016-07-25,88.83,88.83,87.82,88.26,3990371.0
1469505600,2016-07-26,88.05,88.9,88.02,88.67,4623200.0
1469592000,2016-07-27,88.76,89.5,88.02,88.97,5971477.0
1469678400,2016-07-28,90.16,91.58,89.74,91.12,5472393.0
1469764800,2016-07-29,91.17,91.2,90.27,90.39,4848028.0
1470024000,2016-08-01,90.38,90.61,89.64,90.23,3700235.0
1470110400,2016-08-02,90.19,90.52,89.68,90.4,4139279.0
1470196800,2016-08-03,90.23,90.59,89.95,90.24,3415023.0
1470283200,2016-08-04,90.24,91.16,89.97,91.02,3066436.0
1470369600,2016-08-05,91.38,92.0,91.19,91.94,2869265.0
1470628800,2016-08-08,92.06,92.15,91.71,91.85,3162340.0
1470715200,2016-08-09,91.71,92.19,91.63,91.77,2095392.0
1470801600,2016-08-10,91.79,91.89,91.33,91.38,2112344.0
1470888000,2016-08-11,91.58,91.98,91.27,91.61,3097784.0
1470974400,2016-08-12,90.92,91.49,90.64,91.22,2153230.0
1471233600,2016-08-15,91.4,91.64,91.17,91.53,2236689.0
1471320000,2016-08-16,91.3,91.36,90.6,90.75,3008740.0
1471406400,2016-08-17,90.91,91.17,90.19,90.72,4548606.0
1471492800,2016-08-18,90.44,90.99,90.23,90.42,3363471.0
1471579200,2016-08-19,90.26,90.44,89.6,90.37,3203033.0
1471838400,2016-08-22,90.34,91.06,90.11,90.91,2584844.0
1471924800,2016-08-23,91.11,91.83,91.1,91.38,3496796.0
1472011200,2016-08-24,91.38,91.55,90.53,90.66,2410230.0
1472097600,2016-08-25,90.61,90.93,90.47,90.72,2133846.0
1472184000,2016-08-26,90.96,92.06,90.89,91.55,3290353.0
1472443200,2016-08-29,91.54,91.92,91.33,91.85,2771752.0
1472529600,2016-08-30,91.86,92.24,91.43,92.14,2855769.0
1472616000,2016-08-31,91.88,92.14,91.23,91.71,4339278.0
1472702400,2016-09-01,91.74,92.72,91.59,92.65,4573070.0
1472788800,2016-09-02,92.44,93.1,92.41,92.9,2818044.0
1473134400,2016-09-06,92.94,93.87,92.71,93.76,4133606.0
1473220800,2016-09-07,93.47,94.53,93.25,94.5,4388048.0
1473307200,2016-09-08,94.33,95.54,94.33,94.89,4919876.0
1473393600,2016-09-09,94.03,94.61,93.15,93.15,6098976.0
1473652800,2016-09-12,92.57,95.2,92.52,95.01,4494393.0
1473739200,2016-09-13,94.26,94.96,93.94,94.33,4964513.0
1473825600,2016-09-14,94.28,94.55,93.37,93.68,4977477.0
1473912000,2016-09-15,93.55,94.73,93.43,94.4,3954321.0
1473998400,2016-09-16,94.0,94.61,93.57,94.3,5929868.0
1474257600,2016-09-19,94.86,95.27,94.35,94.6,3437297.0
1474344000,2016-09-20,95.14,95.78,94.91,95.37,4296044.0
1474430400,2016-09-21,95.67,96.15,94.88,96.1,3586826.0
1474516800,2016-09-22,96.35,97.02,96.34,96.92,3591038.0
1474603200,2016-09-23,96.75,96.9,96.09,96.48,3056737.0
1474862400,2016-09-26,95.66,96.64,95.62,96.01,3759422.0
1474948800,2016-09-27,95.91,96.47,95.44,96.28,3919572.0
1475035200,2016-09-28,96.26,96.4,95.69,96.34,4056970.0
1475121600,2016-09-29,96.4,97.1,95.46,95.48,3189015.0
1475208000,2016-09-30,95.64,97.02,95.55,96.58,4923155.0
1475467200,2016-10-03,96.22,97.16,96.08,96.69,3864590.0
1475553600,2016-10-04,96.83,97.0,95.89,96.06,3035395.0
1475640000,2016-10-05,96.34,97.62,96.34,97.36,4318876.0
1475726400,2016-10-06,97.03,98.09,97.0,97.88,4060415.0
1475812800,2016-10-07,97.98,98.4,96.96,97.22,4468153.0
1476072000,2016-10-10,97.65,98.28,97.51,97.6,2476673.0
1476158400,2016-10-11,97.5,97.58,95.86,96.36,3914613.0
1476244800,2016-10-12,96.56,96.9,96.08,96.37,3996939.0
1476331200,2016-10-13,95.79,96.5,94.87,95.7,4014065.0
1476417600,2016-10-14,96.13,97.17,95.85,95.92,3609067.0
1476676800,2016-10-17,95.99,96.28,95.67,95.89,2187465.0
1476763200,2016-10-18,96.77,97.1,96.09,96.73,2822551.0
1476849600,2016-10-19,96.79,97.79,96.63,97.68,3605149.0
1476936000,2016-10-20,97.73,98.28,97.32,97.51,3178747.0
1477022400,2016-10-21,97.11,97.93,96.94,97.79,3622110.0
1477281600,2016-10-24,98.11,98.81,97.9,98.11,2752681.0
1477368000,2016-10-25,98.02,98.16,97.26,97.82,5228080.0
1477454400,2016-10-26,97.51,98.37,97.49,98.14,3582206.0
1477540800,2016-10-27,98.11,99.17,98.11,98.5,5373683.0
1477627200,2016-10-28,99.88,102.53,99.46,101.64,9710870.0
1477886400,2016-10-31,102.12,103.57,101.23,101.76,6300291.0
1477972800,2016-11-01,101.74,101.85,99.64,99.8,7392473.0
1478059200,2016-11-02,99.3,99.83,98.88,98.88,3805032.0
1478145600,2016-11-03,98.43,99.32,98.42,98.67,3481749.0
1478232000,2016-11-04,98.79,99.29,97.96,97.96,3533817.0
1478494800,2016-11-07,99.44,100.81,99.39,100.75,3275572.0
1478581200,2016-11-08,100.54,101.23,100.34,100.5,3034349.0
1478667600,2016-11-09,99.75,101.21,98.75,100.97,5186969.0
1478754000,2016-11-10,101.41,101.87,97.41,99.36,7082069.0
1478840400,2016-11-11,98.75,99.89,98.56,99.47,3715776.0
1479099600,2016-11-14,99.85,99.93,95.42,96.16,7607870.0
1479186000,2016-11-15,96.39,97.92,96.39,97.44,4906544.0
1479272400,2016-11-16,97.39,98.88,97.39,98.88,4948031.0
1479358800,2016-11-17,99.26,100.07,98.64,99.31,3399907.0
1479445200,2016-11-18,99.44,99.93,99.17,99.63,3741462.0
1479704400,2016-11-21,99.63,100.79,99.54,100.73,2841687.0
1479790800,2016-11-22,100.79,100.91,99.59,100.72,5029600.0
1479877200,2016-11-23,100.41,100.7,99.16,99.42,5167021.0
1480050000,2016-11-25,99.47,100.53,99.39,100.53,1714969.0
1480309200,2016-11-28,100.23,100.23,97.98,98.28,5810869.0
1480395600,2016-11-29,98.58,99.24,98.25,98.71,3849362.0
1480482000,2016-11-30,98.45,99.15,96.39,97.17,8344803.0
1480568400,2016-12-01,97.3,97.53,94.61,95.25,5902075.0
1480654800,2016-12-02,95.32,96.16,94.91,96.13,4220769.0
1480914000,2016-12-05,96.86,98.57,96.79,98.46,5768772.0
1481000400,2016-12-06,98.71,98.86,96.79,96.98,5415928.0
1481086800,2016-12-07,97.95,100.38,97.57,100.07,6184925.0
1481173200,2016-12-08,100.01,100.3,98.75,99.66,3245292.0
1481259600,2016-12-09,99.65,99.93,98.88,99.27,2768222.0
1481518800,2016-12-12,99.21,99.26,98.09,98.2,4307438.0
1481605200,2016-12-13,98.48,99.45,97.88,98.24,4579895.0
1481691600,2016-12-14,97.85,99.68,97.85,98.2,3834958.0
1481778000,2016-12-15,99.29,100.51,98.88,99.22,4142428.0
1481864400,2016-12-16,99.66,99.66,97.98,98.34,6084423.0
1482123600,2016-12-19,98.6,99.07,98.36,98.45,3268176.0
1482210000,2016-12-20,98.93,99.42,98.07,99.4,2567419.0
1482296400,2016-12-21,99.34,99.81,98.79,99.05,2151941.0
1482382800,2016-12-22,99.29,99.61,98.09,99.18,2683612.0
1482469200,2016-12-23,99.17,99.99,98.89,99.56,1728758.0
1482814800,2016-12-27,99.74,100.44,99.55,99.64,2441040.0
1482901200,2016-12-28,99.53,99.63,98.45,98.58,2717174.0
1482987600,2016-12-29,98.7,99.24,98.35,98.67,3027337.0
1483074000,2016-12-30,98.75,98.94,97.91,98.17,4442368.0
1483419600,2017-01-03,99.27,100.73,98.99,100.21,5396357.0
1483506000,2017-01-04,100.16,101.5,99.7,101.16,3526437.0
1483592400,2017-01-05,101.99,103.04,101.43,101.94,3534882.0
1483678800,2017-01-06,102.25,103.0,101.82,102.67,3402897.0
1483938000,2017-01-09,102.67,103.04,102.24,102.47,2786317.0
1484024400,2017-01-10,102.47,103.44,101.87,102.25,3478951.0
1484110800,2017-01-11,101.98,102.76,101.78,102.72,2750923.0
1484197200,2017-01-12,102.58,103.72,102.24,103.57,3432520.0
1484283600,2017-01-13,103.5,104.23,103.4,103.57,4553143.0
1484629200,2017-01-17,103.12,103.72,102.53,103.28,3257321.0
1484715600,2017-01-18,103.57,104.06,102.81,103.53,2969612.0
1484802000,2017-01-19,103.7,104.2,103.21,103.4,2032887.0
1484888400,2017-01-20,104.08,104.8,103.77,104.77,4807145.0
1485147600,2017-01-23,104.53,104.78,103.98,104.45,3828117.0
1485234000,2017-01-24,104.62,104.93,104.02,104.73,3244325.0
1485320400,2017-01-25,105.42,105.82,104.23,104.98,4072003.0
1485406800,2017-01-26,104.78,105.11,103.85,104.21,2760071.0
1485493200,2017-01-27,104.39,104.65,103.77,104.65,2840108.0
1485752400,2017-01-30,104.2,104.38,102.99,104.14,4662501.0
1485838800,2017-01-31,100.96,102.04,100.52,101.31,6856245.0
1485925200,2017-02-01,101.59,101.71,99.1,100.04,6471444.0
1486011600,2017-02-02,99.96,100.51,99.67,100.17,4425881.0
1486098000,2017-02-03,101.29,102.46,100.61,101.55,7415266.0
1486357200,2017-02-06,101.55,101.58,100.7,101.55,3591812.0
1486443600,2017-02-07,101.95,102.09,101.03,101.56,3402217.0
1486530000,2017-02-08,101.52,101.85,100.8,101.68,3176217.0
1486616400,2017-02-09,101.69,102.46,101.47,102.23,2912302.0
1486702800,2017-02-10,102.47,102.56,102.14,102.2,2248309.0
1486962000,2017-02-13,102.61,103.21,102.46,103.17,2513062.0
1487048400,2017-02-14,102.91,104.05,102.67,103.74,2514138.0
1487134800,2017-02-15,103.85,104.86,103.63,104.48,3130780.0
1487221200,2017-02-16,104.57,104.99,103.74,104.14,2316045.0
1487307600,2017-02-17,104.09,104.8,103.83,104.25,3142091.0
1487653200,2017-02-21,104.28,105.03,104.18,104.96,3497088.0
1487739600,2017-02-22,104.61,105.19,104.0,104.27,3266746.0
1487826000,2017-02-23,104.64,105.52,104.42,105.51,4387871.0
1487912400,2017-02-24,105.32,105.76,104.99,105.76,2778620.0
1488171600,2017-02-27,105.19,105.75,104.58,105.35,2559856.0
1488258000,2017-02-28,105.28,105.63,104.79,105.24,3892509.0
1488344400,2017-03-01,106.16,107.59,105.55,107.0,3508095.0
1488430800,2017-03-02,106.9,106.99,106.04,106.07,2855917.0
1488517200,2017-03-03,106.03,106.56,105.72,106.46,3380747.0
1488776400,2017-03-06,105.89,106.51,105.77,106.1,2395173.0
1488862800,2017-03-07,106.11,106.42,105.51,105.72,2623032.0
1488949200,2017-03-08,106.03,106.19,105.56,105.74,2545159.0
1489035600,2017-03-09,105.83,106.11,105.42,105.56,3920565.0
1489122000,2017-03-10,106.19,106.28,105.39,105.96,2964238.0
1489377600,2017-03-13,106.03,106.52,105.88,106.26,3608786.0
1489464000,2017-03-14,106.07,106.2,104.93,105.27,3144805.0
1489550400,2017-03-15,105.81,107.11,105.27,106.73,3568326.0
1489636800,2017-03-16,106.81,107.63,106.31,107.35,3012141.0
1489723200,2017-03-17,107.56,108.14,107.43,107.5,5165523.0
1489982400,2017-03-20,107.49,107.65,106.57,107.1,2569423.0
1490068800,2017-03-21,107.1,107.44,105.21,105.48,3986977.0
1490155200,2017-03-22,106.07,106.62,105.56,106.19,2753528.0
1490241600,2017-03-23,106.07,107.14,106.01,106.33,3387369.0
1490328000,2017-03-24,106.68,107.16,106.4,106.69,3653899.0
1490587200,2017-03-27,105.47,107.0,105.12,106.65,3041896.0
1490673600,2017-03-28,106.53,107.42,106.2,107.16,3228964.0
1490760000,2017-03-29,106.74,107.02,106.25,106.77,1969133.0
1490846400,2017-03-30,106.71,107.38,106.3,107.35,2174819.0
1490932800,2017-03-31,107.3,107.83,107.13,107.16,3065084.0
1491192000,2017-04-03,107.38,107.63,106.1,106.94,3656678.0
1491278400,2017-04-04,106.93,107.52,106.61,106.8,2290653.0
1491364800,2017-04-05,107.16,108.05,106.82,106.99,2961738.0
1491451200,2017-04-06,107.24,107.5,106.64,107.33,2445679.0
1491537600,2017-04-07,107.09,107.63,106.77,107.15,2131501.0
1491796800,2017-04-10,107.2,107.94,107.2,107.22,2026657.0
1491883200,2017-04-11,106.82,107.46,106.41,107.02,2167201.0
1491969600,2017-04-12,107.02,107.21,106.3,106.41,2848935.0
1492056000,2017-04-13,106.16,107.1,105.97,106.17,2836413.0
1492401600,2017-04-17,106.7,107.63,106.47,107.56,1836572.0
1492488000,2017-04-18,107.39,108.04,107.01,107.42,2254527.0
1492574400,2017-04-19,107.39,108.03,107.02,107.2,2515130.0
1492660800,2017-04-20,107.78,109.69,107.56,109.39,3691148.0
1492747200,2017-04-21,109.59,110.37,108.84,109.09,4626938.0
1493006400,2017-04-24,110.55,110.73,109.78,110.45,3519563.0
1493092800,2017-04-25,111.07,111.2,110.63,110.86,2985269.0
1493179200,2017-04-26,110.79,111.27,110.69,110.9,2415554.0
1493265600,2017-04-27,111.22,111.99,110.85,111.79,3535961.0
1493352000,2017-04-28,111.49,112.05,110.8,111.04,4065691.0
1493611200,2017-05-01,111.25,111.97,110.95,111.09,3779143.0
1493697600,2017-05-02,112.48,114.28,112.31,112.76,7190236.0
1493784000,2017-05-03,112.81,113.15,111.26,112.01,3888561.0
1493870400,2017-05-04,112.22,112.72,111.6,112.57,2720740.0
1493956800,2017-05-05,112.9,113.01,111.88,112.17,2491407.0
1494216000,2017-05-08,112.37,112.37,111.11,111.32,2765956.0
1494302400,2017-05-09,111.34,111.61,110.78,111.13,2503304.0
1494388800,2017-05-10,110.88,111.47,110.75,111.36,1928676.0
1494475200,2017-05-11,111.29,111.58,110.53,111.24,2449698.0
1494561600,2017-05-12,111.05,111.9,110.88,111.82,3393528.0
1494820800,2017-05-15,112.04,113.18,111.78,112.85,3361926.0
1494907200,2017-05-16,112.89,113.19,112.36,113.11,2479859.0
1494993600,2017-05-17,111.97,112.56,111.36,111.5,4371758.0
1495080000,2017-05-18,110.67,111.36,110.31,110.97,5516756.0
1495166400,2017-05-19,111.62,112.54,111.22,112.25,5521021.0
1495425600,2017-05-22,112.46,113.7,112.25,113.6,2782705.0
1495512000,2017-05-23,113.6,114.49,113.58,114.17,3025244.0
1495598400,2017-05-24,114.17,115.24,114.11,115.22,2707907.0
1495684800,2017-05-25,115.53,116.92,115.46,116.39,4864162.0
1495771200,2017-05-26,116.38,116.54,115.82,116.11,2346938.0
1496116800,2017-05-30,115.79,116.26,115.54,116.13,3851437.0
1496203200,2017-05-31,116.37,117.4,115.65,117.31,5534154.0
1496289600,2017-06-01,117.23,117.8,116.57,117.8,3456530.0
1496376000,2017-06-02,118.04,119.62,117.75,119.52,4101009.0
1496635200,2017-06-05,119.84,120.47,119.57,120.19,5154435.0
1496721600,2017-06-06,119.84,120.23,119.31,119.56,2860058.0
1496808000,2017-06-07,119.73,120.17,119.11,119.51,3532212.0
1496894400,2017-06-08,119.33,119.71,118.43,119.1,3588886.0
1496980800,2017-06-09,119.25,119.27,116.19,117.46,3814712.0
1497240000,2017-06-12,116.41,116.55,114.75,115.28,6957610.0
1497326400,2017-06-13,115.84,117.14,115.6,116.77,4248421.0
1497412800,2017-06-14,117.28,117.57,116.24,116.94,3216914.0
1497499200,2017-06-15,115.86,116.11,114.45,115.91,3770665.0
1497585600,2017-06-16,115.86,116.66,115.24,116.43,4575630.0
1497844800,2017-06-19,116.89,117.53,116.72,117.51,2696956.0
1497931200,2017-06-20,117.31,118.15,117.1,117.35,3282578.0
1498017600,2017-06-21,117.88,117.94,116.89,117.52,2561914.0
1498104000,2017-06-22,117.3,117.92,116.74,117.71,2338830.0
1498190400,2017-06-23,118.07,119.33,117.53,118.38,3965226.0
1498449600,2017-06-26,118.54,118.93,117.6,117.92,2487232.0
1498536000,2017-06-27,117.86,117.91,117.17,117.17,2787554.0
1498622400,2017-06-28,117.6,119.21,117.01,119.15,2824850.0
1498708800,2017-06-29,119.01,119.02,115.7,116.0,4406880.0
1498795200,2017-06-30,116.26,116.87,115.71,115.94,4098158.0
1499054400,2017-07-03,116.7,116.76,115.24,115.3,2488224.0
1499227200,2017-07-05,115.85,116.83,115.84,116.66,4322574.0
1499313600,2017-07-06,116.04,116.37,115.38,115.53,2891624.0
1499400000,2017-07-07,116.1,117.36,115.79,116.87,2381403.0
1499659200,2017-07-10,116.83,117.81,116.5,117.37,3092797.0
1499745600,2017-07-11,117.45,119.27,117.15,118.81,4140080.0
1499832000,2017-07-12,119.54,120.26,119.16,119.81,2991052.0
1499918400,2017-07-13,120.14,120.88,119.9,119.99,3765369.0
1500004800,2017-07-14,120.36,121.96,120.08,121.47,2901677.0
1500264000,2017-07-17,121.71,122.01,121.02,121.87,2424992.0
1500350400,2017-07-18,121.56,122.57,121.46,122.16,3976910.0
1500436800,2017-07-19,122.16,122.67,121.99,122.45,2751660.0
1500523200,2017-07-20,122.8,123.22,122.35,122.86,2554434.0
1500609600,2017-07-21,122.92,124.52,122.72,123.63,4734032.0
1500868800,2017-07-24,123.74,124.23,122.99,123.87,3446906.0
1500955200,2017-07-25,124.33,124.5,123.58,124.31,2617112.0
1501041600,2017-07-26,124.25,125.45,124.1,125.27,3790319.0
1501128000,2017-07-27,126.24,126.43,121.03,123.3,5216096.0
1501214400,2017-07-28,123.33,124.32,121.75,122.33,5563305.0
1501473600,2017-07-31,122.41,122.84,121.84,122.22,3795347.0
1501560000,2017-08-01,123.04,124.31,122.89,123.84,4281907.0
1501646400,2017-08-02,124.08,124.91,123.54,124.91,3868085.0
1501732800,2017-08-03,124.71,124.87,123.6,124.22,2744531.0
1501819200,2017-08-04,124.54,124.57,123.79,124.15,2226419.0
1502078400,2017-08-07,124.32,124.8,123.9,124.69,1745746.0
1502164800,2017-08-08,124.45,124.62,123.66,124.17,2172663.0
1502251200,2017-08-09,123.37,124.35,123.15,124.06,1925245.0
1502337600,2017-08-10,123.53,123.76,122.02,122.1,2760246.0
1502424000,2017-08-11,122.57,123.77,122.28,122.94,2643075.0
1502683200,2017-08-14,123.59,125.56,123.37,125.37,2971175.0
1502769600,2017-08-15,125.76,126.23,125.23,125.84,2315664.0
1502856000,2017-08-16,126.4,126.84,126.06,126.59,2169894.0
1502942400,2017-08-17,126.39,126.72,125.11,125.17,2909703.0
1503028800,2017-08-18,124.86,126.21,124.67,125.42,3751641.0
1503288000,2017-08-21,125.62,126.32,125.41,126.18,2013201.0
1503374400,2017-08-22,126.73,128.38,126.51,127.96,2339290.0
1503460800,2017-08-23,127.23,127.65,126.88,127.26,2209720.0
1503547200,2017-08-24,127.42,127.64,126.22,127.16,2301604.0
1503633600,2017-08-25,127.48,127.77,126.77,126.96,2360375.0
1503892800,2017-08-28,127.34,128.15,126.92,128.01,2427089.0
1503979200,2017-08-29,127.29,128.35,126.95,128.0,2282269.0
1504065600,2017-08-30,128.08,128.38,127.65,127.96,3640339.0
1504152000,2017-08-31,128.34,128.63,127.46,127.48,5104237.0
1504238400,2017-09-01,128.0,128.06,127.33,127.42,2669764.0
1504584000,2017-09-05,127.03,127.13,125.93,126.87,2956997.0
1504670400,2017-09-06,127.19,127.83,126.8,127.09,3845831.0
1504756800,2017-09-07,130.26,132.59,129.73,130.57,7766558.0
1504843200,2017-09-08,130.35,131.73,130.12,131.23,4754648.0
1505102400,2017-09-11,133.28,135.79,133.11,135.79,5780526.0
1505188800,2017-09-12,136.57,137.26,135.62,136.2,3935027.0
1505275200,2017-09-13,135.93,135.93,133.45,133.99,3844563.0
1505361600,2017-09-14,133.41,135.61,133.29,135.3,4462258.0
1505448000,2017-09-15,136.11,136.46,133.71,135.4,7690094.0
1505707200,2017-09-18,135.48,135.51,134.38,135.23,3090362.0
1505793600,2017-09-19,135.74,137.32,135.68,136.27,4434950.0
1505880000,2017-09-20,136.04,136.83,135.25,136.03,3015528.0
1505966400,2017-09-21,135.51,135.97,135.03,135.53,3079448.0
1506052800,2017-09-22,135.32,136.18,135.32,135.7,2167086.0
1506312000,2017-09-25,135.87,135.9,132.4,132.52,5910079.0
1506398400,2017-09-26,132.96,133.3,131.74,132.33,3441349.0
1506484800,2017-09-27,132.74,134.06,132.5,133.57,4092269.0
1506571200,2017-09-28,133.35,134.09,132.78,134.08,2917014.0
1506657600,2017-09-29,134.64,135.55,134.29,135.04,3077187.0
1506916800,2017-10-02,135.71,136.69,135.3,135.63,2549953.0
1507003200,2017-10-03,135.78,136.93,135.52,136.78,2797578.0
1507089600,2017-10-04,136.5,136.76,135.15,135.89,3534235.0
1507176000,2017-10-05,136.55,137.72,136.42,137.69,3032715.0
1507262400,2017-10-06,137.45,137.72,136.75,137.47,3224694.0
1507521600,2017-10-09,137.43,139.06,136.87,138.45,3073886.0
1507608000,2017-10-10,138.67,140.2,138.67,139.51,2707017.0
1507694400,2017-10-11,139.51,140.91,139.46,140.66,3587295.0
1507780800,2017-10-12,140.64,141.91,140.26,140.55,3445247.0
1507867200,2017-10-13,141.36,142.19,141.08,141.12,2605142.0
1508126400,2017-10-16,141.8,141.8,139.04,140.05,2735533.0
1508212800,2017-10-17,140.16,140.28,139.39,139.77,3187619.0
1508299200,2017-10-18,139.68,140.58,139.46,140.02,2781645.0
1508385600,2017-10-19,139.17,139.96,138.56,138.86,4847625.0
1508472000,2017-10-20,139.49,139.58,138.47,139.25,3852323.0
1508731200,2017-10-23,139.84,140.32,139.17,139.42,2670170.0
1508817600,2017-10-24,140.02,140.31,139.22,139.65,3141186.0
1508904000,2017-10-25,140.32,140.78,139.08,140.07,4076971.0
1508990400,2017-10-26,140.8,141.15,140.18,140.41,2794252.0
1509076800,2017-10-27,140.64,142.26,139.9,142.26,3766243.0
1509336000,2017-10-30,144.92,145.09,142.31,142.67,6810308.0
1509422400,2017-10-31,144.28,145.59,139.99,142.49,7909587.0
1509508800,2017-11-01,143.62,145.1,142.5,142.61,4729381.0
1509595200,2017-11-02,142.07,142.92,141.25,142.0,4255467.0
1509681600,2017-11-03,142.47,143.06,141.48,142.99,2513301.0
1509944400,2017-11-06,142.92,144.11,142.68,143.76,3322367.0
1510030800,2017-11-07,143.97,144.13,142.64,143.64,2834969.0
1510117200,2017-11-08,143.17,143.9,141.95,143.64,4389632.0
1510203600,2017-11-09,142.97,143.55,141.36,142.99,3066719.0
1510290000,2017-11-10,142.81,143.44,142.44,143.23,2013450.0
1510549200,2017-11-13,142.49,143.86,142.47,143.38,1908141.0
1510635600,2017-11-14,142.98,144.14,142.76,143.62,3412694.0
1510722000,2017-11-15,143.07,143.2,141.85,142.07,3471479.0
1510808400,2017-11-16,142.71,144.19,142.33,143.99,2948631.0
1510894800,2017-11-17,143.03,143.21,142.03,142.73,3405957.0
1511154000,2017-11-20,142.96,143.95,142.93,143.25,2240142.0
1511240400,2017-11-21,143.64,146.19,143.61,146.08,4589011.0
1511326800,2017-11-22,145.98,146.12,144.58,144.87,2831588.0
1511499600,2017-11-24,145.01,146.55,144.82,146.3,1681257.0
1511758800,2017-11-27,146.61,147.45,146.28,146.52,3550645.0
1511845200,2017-11-28,147.03,148.13,146.89,147.69,4270890.0
1511931600,2017-11-29,147.84,147.95,139.15,142.09,7486580.0
1512018000,2017-11-30,143.02,144.79,141.96,144.12,9164250.0
1512104400,2017-12-01,144.06,144.62,141.13,143.38,4340384.0
1512363600,2017-12-04,143.67,144.24,137.33,137.38,7957506.0
1512450000,2017-12-05,137.64,140.15,134.68,139.01,7063357.0
1512536400,2017-12-06,138.91,141.82,138.52,141.2,3996598.0
1512622800,2017-12-07,141.29,144.07,141.29,143.15,3917435.0
1512709200,2017-12-08,144.08,144.09,142.88,143.57,2338100.0
1512968400,2017-12-11,143.88,144.87,143.77,144.52,3846705.0
1513054800,2017-12-12,144.47,147.25,144.26,146.07,3686147.0
1513141200,2017-12-13,146.07,146.97,145.26,145.29,3966333.0
1513227600,2017-12-14,145.51,147.07,145.38,145.52,3599155.0
1513314000,2017-12-15,146.21,147.14,144.5,146.93,6031045.0
1513573200,2017-12-18,147.64,148.13,146.6,146.66,3984511.0
1513659600,2017-12-19,146.51,146.7,145.04,145.28,3055765.0
1513746000,2017-12-20,146.08,146.29,144.67,145.06,2248304.0
1513832400,2017-12-21,145.06,145.81,144.08,144.18,2991924.0
1513918800,2017-12-22,144.57,145.13,143.97,144.49,2169270.0
1514264400,2017-12-26,144.23,144.96,143.57,144.9,1335724.0
1514350800,2017-12-27,145.17,145.38,144.73,145.01,1950294.0
1514437200,2017-12-28,145.45,146.18,144.82,145.37,1756811.0
1514523600,2017-12-29,145.79,146.45,144.98,144.98,2787839.0
1514869200,2018-01-02,145.6,146.94,144.75,145.5,3442253.0
1514955600,2018-01-03,145.98,147.48,145.74,147.33,4992502.0
1515042000,2018-01-04,148.02,150.76,147.81,149.24,3579193.0
1515128400,2018-01-05,149.61,152.33,149.6,152.33,3010169.0
1515387600,2018-01-08,152.13,153.95,151.65,152.79,3333297.0
1515474000,2018-01-09,153.17,153.6,152.09,153.01,2824387.0
1515560400,2018-01-10,152.53,153.46,151.16,153.36,2698637.0
1515646800,2018-01-11,153.59,154.58,152.95,154.37,2984233.0
1515733200,2018-01-12,154.93,155.91,153.73,155.73,3440419.0
1516078800,2018-01-16,156.98,157.27,154.75,155.69,5162985.0
1516165200,2018-01-17,156.37,157.81,156.25,157.64,3376465.0
1516251600,2018-01-18,158.13,159.23,157.43,158.75,4673828.0
1516338000,2018-01-19,159.54,160.16,158.44,160.04,3245337.0
1516597200,2018-01-22,159.8,161.48,159.53,161.43,2511423.0
1516683600,2018-01-23,161.65,162.08,159.87,160.39,3287132.0
1516770000,2018-01-24,161.12,161.26,159.2,160.22,4226464.0
1516856400,2018-01-25,161.17,162.06,160.33,161.73,2270623.0
1516942800,2018-01-26,162.14,163.43,161.92,163.41,2569374.0
1517202000,2018-01-29,163.2,163.86,161.44,161.69,3388111.0
1517288400,2018-01-30,160.6,161.17,159.54,160.39,4725069.0
1517374800,2018-01-31,160.7,162.77,160.23,162.13,6369970.0
1517461200,2018-02-01,165.49,169.53,164.04,165.9,7128796.0
1517547600,2018-02-02,164.91,169.91,163.49,163.61,6938605.0
1517806800,2018-02-05,160.56,164.97,157.34,157.89,7726175.0
1517893200,2018-02-06,153.97,162.47,150.42,162.39,7726787.0
1517979600,2018-02-07,162.13,165.59,160.64,161.87,4765558.0
1518066000,2018-02-08,161.9,162.36,153.93,154.09,7752210.0
1518152400,2018-02-09,155.09,159.72,152.11,158.48,6723585.0
1518411600,2018-02-12,160.01,161.95,158.84,161.35,5582721.0
1518498000,2018-02-13,160.52,163.82,160.22,163.2,3686486.0
1518584400,2018-02-14,162.24,165.64,162.13,165.5,4498399.0
1518670800,2018-02-15,166.92,167.59,164.39,167.58,4134446.0
1518757200,2018-02-16,167.26,169.48,167.06,168.5,4785688.0
1519102800,2018-02-20,167.77,169.25,166.96,168.22,3923717.0
1519189200,2018-02-21,168.22,169.18,165.27,165.31,6374918.0
1519275600,2018-02-22,166.29,166.76,163.85,165.91,5861209.0
1519362000,2018-02-23,166.83,168.63,165.47,168.61,3358664.0
1519621200,2018-02-26,169.32,170.89,168.9,170.63,4313290.0
1519707600,2018-02-27,170.63,171.88,168.77,168.77,4100844.0
1519794000,2018-02-28,169.12,171.69,168.6,168.61,5020093.0
1519880400,2018-03-01,169.18,170.14,165.15,166.43,4912405.0
1519966800,2018-03-02,164.58,168.2,162.38,167.9,4498551.0
1520226000,2018-03-05,167.05,171.98,165.88,171.27,5087568.0
1520312400,2018-03-06,171.89,172.76,169.75,170.31,4388662.0
1520398800,2018-03-07,168.56,172.4,168.41,171.92,3085649.0
1520485200,2018-03-08,172.05,172.57,170.34,171.96,2484215.0
1520571600,2018-03-09,173.02,175.87,172.65,175.79,3989530.0
1520827200,2018-03-12,175.39,176.05,174.31,175.11,3868434.0
1520913600,2018-03-13,176.01,176.26,172.82,173.65,3490345.0
1521000000,2018-03-14,174.59,174.6,172.31,172.79,3378267.0
1521086400,2018-03-15,173.22,174.76,172.7,173.59,2468543.0
1521172800,2018-03-16,173.65,175.72,173.65,175.12,5540348.0
1521432000,2018-03-19,174.4,174.88,171.83,173.23,4055371.0
1521518400,2018-03-20,173.93,175.8,173.85,175.09,3154501.0
1521604800,2018-03-21,175.48,176.04,173.39,173.4,3645235.0
1521691200,2018-03-22,171.91,172.93,167.99,168.38,5037479.0
1521777600,2018-03-23,169.01,170.56,164.68,164.84,4578565.0
1522036800,2018-03-26,168.2,170.25,166.02,169.96,5838662.0
1522123200,2018-03-27,171.24,171.24,164.02,165.5,5468726.0
1522209600,2018-03-28,165.24,165.9,161.69,163.42,5528701.0
1522296000,2018-03-29,164.73,169.47,163.87,168.03,4307492.0
1522641600,2018-04-02,167.54,168.62,162.16,164.62,4753430.0
1522728000,2018-04-03,165.35,165.86,162.9,165.45,3902824.0
1522814400,2018-04-04,162.3,166.93,161.11,166.62,5046901.0
1522900800,2018-04-05,168.01,170.22,167.44,168.65,3599292.0
1522987200,2018-04-06,166.56,168.27,162.33,163.04,5619769.0
1523246400,2018-04-09,164.55,167.25,163.46,163.65,4130352.0
1523332800,2018-04-10,166.34,168.56,165.27,167.86,3649807.0
1523419200,2018-04-11,166.88,168.71,165.36,165.59,2967658.0
1523505600,2018-04-12,166.52,169.55,166.36,167.94,3265232.0
1523592000,2018-04-13,169.18,169.19,165.92,167.43,3236115.0
1523851200,2018-04-16,168.72,169.19,166.18,167.04,4892543.0
1523937600,2018-04-17,169.0,172.15,167.81,171.34,4430335.0
1524024000,2018-04-18,171.49,172.74,170.12,172.41,3295428.0
1524110400,2018-04-19,172.05,172.52,171.26,171.98,3734845.0
1524196800,2018-04-20,171.52,172.44,169.57,170.13,4487701.0
1524456000,2018-04-23,171.16,171.35,167.84,168.54,4619228.0
1524542400,2018-04-24,169.74,170.58,164.47,166.44,5610679.0
1524628800,2018-04-25,166.56,167.04,163.95,165.7,3639565.0
1524715200,2018-04-26,167.89,172.58,167.38,171.16,5100395.0
1524801600,2018-04-27,171.53,171.97,168.3,169.03,3922626.0
1525060800,2018-04-30,170.52,172.93,170.15,171.27,4933995.0
1525147200,2018-05-01,171.27,173.28,169.96,173.17,4997227.0
1525233600,2018-05-02,178.89,180.86,175.93,178.52,10648970.0
1525320000,2018-05-03,177.35,180.51,176.72,179.16,6081026.0
1525406400,2018-05-04,178.5,181.38,177.84,180.78,3794758.0
1525665600,2018-05-07,180.91,182.08,180.26,181.68,4227635.0
1525752000,2018-05-08,181.47,183.17,180.64,183.05,3743492.0
1525838400,2018-05-09,183.03,184.15,181.58,183.14,3138526.0
1525924800,2018-05-10,183.55,186.11,183.44,185.47,3024068.0
1526011200,2018-05-11,185.42,186.47,184.5,185.76,3612909.0
1526270400,2018-05-14,185.9,187.07,184.06,184.58,3041887.0
1526356800,2018-05-15,183.51,184.65,182.68,184.46,3011986.0
1526443200,2018-05-16,185.12,185.34,183.92,184.83,2274038.0
1526529600,2018-05-17,184.51,184.88,183.11,183.69,2514613.0
1526616000,2018-05-18,184.1,184.55,182.91,182.92,5168989.0
1526875200,2018-05-21,183.98,185.26,182.55,183.69,2849358.0
1526961600,2018-05-22,183.97,185.08,183.35,184.1,2987337.0
1527048000,2018-05-23,183.12,185.42,182.83,185.41,2943221.0
1527134400,2018-05-24,185.34,185.81,182.54,184.37,3288913.0
1527220800,2018-05-25,184.22,184.36,182.27,183.66,2667886.0
1527566400,2018-05-29,182.78,183.01,179.27,182.09,5038163.0
1527652800,2018-05-30,182.95,184.39,182.44,184.23,3025620.0
1527739200,2018-05-31,184.36,184.88,182.37,182.65,6049745.0
1527825600,2018-06-01,184.49,187.7,184.37,187.7,4551377.0
1528084800,2018-06-04,188.27,190.33,187.56,189.97,4624703.0
1528171200,2018-06-05,190.33,191.87,190.06,191.53,2953420.0
1528257600,2018-06-06,192.01,195.31,191.93,195.23,3858376.0
1528344000,2018-06-07,195.56,195.99,190.51,191.71,4469616.0
1528430400,2018-06-08,191.38,192.66,191.19,192.19,2575921.0
1528689600,2018-06-11,192.73,193.11,190.48,190.7,3005090.0
1528776000,2018-06-12,191.3,192.29,190.41,192.27,2904999.0
1528862400,2018-06-13,192.75,193.7,191.39,191.58,3060170.0
1528948800,2018-06-14,192.79,193.48,191.23,191.48,3278117.0
1529035200,2018-06-15,190.75,191.83,189.81,191.7,5066807.0
1529294400,2018-06-18,189.88,193.54,189.66,193.23,2335532.0
1529380800,2018-06-19,190.66,192.08,189.52,191.85,2979565.0
1529467200,2018-06-20,192.63,195.47,192.39,193.63,4379297.0
1529553600,2018-06-21,194.46,195.68,192.13,192.9,2916367.0
1529640000,2018-06-22,193.66,193.94,191.77,193.57,3792747.0
1529899200,2018-06-25,192.52,192.57,186.1,187.32,5045184.0
1529985600,2018-06-26,188.48,190.86,188.07,188.75,4581430.0
1530072000,2018-06-27,189.71,190.42,185.58,185.59,3517916.0
1530158400,2018-06-28,185.86,189.99,185.62,189.36,2852486.0
1530244800,2018-06-29,190.42,190.52,188.48,188.8,3585657.0
1530504000,2018-07-02,188.05,190.2,187.1,189.91,3240058.0
1530590400,2018-07-03,190.54,190.78,188.44,188.58,1745673.0
1530763200,2018-07-05,190.23,191.15,189.41,191.06,3590431.0
1530849600,2018-07-06,190.46,192.64,189.96,191.93,2371874.0
1531108800,2018-07-09,193.16,193.92,191.67,193.28,2583182.0
1531195200,2018-07-10,193.68,195.03,192.5,193.85,2458779.0
1531281600,2018-07-11,192.84,196.38,192.63,196.08,2974530.0
1531368000,2018-07-12,197.2,201.23,196.96,199.87,4113420.0
1531454400,2018-07-13,199.22,199.63,195.7,198.07,2768532.0
1531713600,2018-07-16,197.79,198.16,196.0,196.31,3162540.0
1531800000,2018-07-17,195.27,198.83,193.96,198.52,3143632.0
1531886400,2018-07-18,198.78,200.45,197.56,200.43,4149629.0
1531972800,2018-07-19,200.43,200.77,197.93,198.22,2431178.0
1532059200,2018-07-20,198.34,199.46,198.33,198.84,3040069.0
1532318400,2018-07-23,198.83,200.04,197.82,199.93,2924728.0
1532404800,2018-07-24,200.8,202.39,200.38,201.6,3721407.0
1532491200,2018-07-25,201.68,206.12,201.67,206.01,5254767.0
1532577600,2018-07-26,202.15,203.74,196.77,199.48,7594873.0
1532664000,2018-07-27,203.63,203.69,193.56,195.22,5135824.0
1532923200,2018-07-30,195.27,195.59,188.73,190.34,6312981.0
1533009600,2018-07-31,191.45,192.98,188.76,190.46,4908955.0
1533096000,2018-08-01,191.69,193.7,190.8,193.54,4880414.0
1533182400,2018-08-02,191.51,194.49,190.34,194.32,3802947.0
1533268800,2018-08-03,194.35,194.73,190.73,193.54,2899350.0
1533528000,2018-08-06,193.35,194.75,192.88,193.87,3424214.0
1533614400,2018-08-07,194.79,195.42,194.27,194.91,2638619.0
1533700800,2018-08-08,194.72,195.83,194.39,195.14,2954955.0
1533787200,2018-08-09,195.46,196.87,194.94,195.85,2607242.0
1533873600,2018-08-10,195.24,196.15,194.47,194.94,2831866.0
1534132800,2018-08-13,194.95,196.56,194.21,194.61,2215071.0
1534219200,2018-08-14,195.09,196.28,193.72,196.12,2235454.0
1534305600,2018-08-15,194.94,195.32,191.91,192.62,3232426.0
1534392000,2018-08-16,194.25,196.46,193.18,195.85,3165535.0
1534478400,2018-08-17,196.1,196.81,194.32,195.48,2421540.0
1534737600,2018-08-20,195.82,197.18,194.66,196.96,2638115.0
1534824000,2018-08-21,197.2,198.09,194.92,195.36,2161312.0
1534910400,2018-08-22,194.79,197.41,194.55,196.53,2150315.0
1534996800,2018-08-23,196.71,198.12,196.41,197.41,2550444.0
1535083200,2018-08-24,198.16,201.53,197.75,201.43,2948138.0
1535342400,2018-08-27,202.18,203.69,202.18,203.48,2713646.0
1535428800,2018-08-28,203.64,204.92,202.91,204.54,2421297.0
1535515200,2018-08-29,204.36,207.64,204.36,206.4,3600469.0
1535601600,2018-08-30,206.1,207.09,204.73,205.66,3371817.0
1535688000,2018-08-31,205.37,207.59,205.37,207.36,3569916.0
1536033600,2018-09-04,207.49,209.08,206.51,208.57,4123038.0
1536120000,2018-09-05,207.55,207.56,202.31,203.12,4201023.0
1536206400,2018-09-06,203.39,205.15,202.46,204.67,3293090.0
1536292800,2018-09-07,203.26,205.12,201.72,203.06,3535084.0
1536552000,2018-09-10,204.57,205.35,203.33,203.61,3722383.0
1536638400,2018-09-11,202.26,205.43,202.1,205.33,2969763.0
1536724800,2018-09-12,204.94,206.3,203.8,205.88,2533012.0
1536811200,2018-09-13,206.6,210.37,206.21,208.95,4160013.0
1536897600,2018-09-14,209.69,210.49,208.18,209.66,2914123.0
1537156800,2018-09-17,211.6,211.61,207.88,208.23,2748947.0
1537243200,2018-09-18,209.18,212.55,209.03,211.67,3171957.0
1537329600,2018-09-19,212.23,212.98,208.89,209.89,3208278.0
1537416000,2018-09-20,211.61,213.47,210.57,212.96,3407742.0
1537502400,2018-09-21,213.69,214.87,212.48,213.45,9511057.0
1537761600,2018-09-24,211.92,213.69,209.9,212.93,2925078.0
1537848000,2018-09-25,213.47,214.55,212.8,213.67,2378487.0
1537934400,2018-09-26,214.15,215.82,213.27,213.8,3300539.0
1538020800,2018-09-27,214.26,215.1,213.61,213.85,2999348.0
1538107200,2018-09-28,213.68,215.18,212.64,214.14,3452625.0
1538366400,2018-10-01,216.28,216.77,214.6,215.25,3168919.0
1538452800,2018-10-02,215.0,215.21,212.6,213.91,3315579.0
1538539200,2018-10-03,215.17,215.79,214.08,214.64,2859960.0
1538625600,2018-10-04,213.62,213.69,206.42,207.92,6102462.0
1538712000,2018-10-05,208.46,209.17,204.03,205.38,4623062.0
1538971200,2018-10-08,203.88,203.98,195.74,200.57,5963545.0
1539057600,2018-10-09,200.38,203.2,199.06,202.01,5947378.0
1539144000,2018-10-10,201.6,201.6,188.77,189.43,8928014.0
1539230400,2018-10-11,187.46,192.35,185.79,187.33,9579205.0
1539316800,2018-10-12,193.16,197.27,192.17,196.68,6560698.0
1539576000,2018-10-15,196.27,196.27,192.16,192.92,4342917.0
1539662400,2018-10-16,195.19,200.43,195.05,200.11,4923204.0
1539748800,2018-10-17,200.2,200.32,197.13,199.72,4899673.0
1539835200,2018-10-18,199.33,199.57,194.79,196.1,6586563.0
1539921600,2018-10-19,196.34,199.78,195.5,195.56,5183874.0
1540180800,2018-10-22,196.2,198.64,194.42,196.95,5235085.0
1540267200,2018-10-23,192.12,196.21,189.34,194.95,5369190.0
1540353600,2018-10-24,195.16,195.96,188.16,188.46,4709827.0
1540440000,2018-10-25,189.72,197.52,188.48,196.66,5251220.0
1540526400,2018-10-26,191.84,194.93,188.5,190.2,6895605.0
1540785600,2018-10-29,192.95,194.87,180.7,183.98,6878611.0
1540872000,2018-10-30,185.47,186.48,176.96,180.8,9767901.0
1540958400,2018-10-31,186.11,192.57,186.11,190.37,8341753.0
1541044800,2018-11-01,191.65,192.61,187.81,192.33,4816061.0
1541131200,2018-11-02,192.15,193.57,188.04,190.42,4581094.0
1541394000,2018-11-05,190.88,191.78,187.11,190.67,3349978.0
1541480400,2018-11-06,191.17,193.26,190.23,191.79,3162192.0
1541566800,2018-11-07,195.02,200.68,194.29,200.55,5230383.0
1541653200,2018-11-08,199.7,201.15,198.39,201.15,4189221.0
1541739600,2018-11-09,199.6,200.3,195.91,198.03,3574176.0
1541998800,2018-11-12,197.06,197.67,191.39,191.79,3804908.0
1542085200,2018-11-13,192.4,194.78,190.25,190.85,3087675.0
1542171600,2018-11-14,193.15,194.76,188.39,190.28,3511968.0
1542258000,2018-11-15,189.72,193.72,187.15,193.3,3693124.0
1542344400,2018-11-16,191.65,193.49,190.16,191.69,3266668.0
1542603600,2018-11-19,191.69,192.04,181.59,182.29,4722592.0
1542690000,2018-11-20,174.55,181.83,170.85,180.15,8221413.0
1542776400,2018-11-21,181.97,183.07,179.36,180.73,4183385.0
1542949200,2018-11-23,178.05,179.35,175.53,175.86,2814824.0
1543208400,2018-11-26,178.73,185.13,176.9,184.76,7208968.0
1543294800,2018-11-27,183.95,185.91,182.45,185.85,4427156.0
1543381200,2018-11-28,187.8,194.99,186.13,194.81,6667124.0
1543467600,2018-11-29,193.88,194.59,189.06,189.4,5677008.0
1543554000,2018-11-30,189.33,194.22,188.57,193.64,10828849.0
1543813200,2018-12-03,198.5,202.16,198.33,202.11,7045034.0
1543899600,2018-12-04,199.35,201.78,192.25,193.09,7574984.0
1544072400,2018-12-06,187.61,195.86,187.05,195.49,7146276.0
1544158800,2018-12-07,196.25,198.89,187.7,189.24,5485428.0
1544418000,2018-12-10,188.23,191.38,185.87,190.75,4416943.0
1544504400,2018-12-11,193.65,193.96,188.82,190.44,3838315.0
1544590800,2018-12-12,193.06,198.35,192.86,192.89,5582704.0
1544677200,2018-12-13,193.38,194.73,188.1,191.61,6006818.0
1544763600,2018-12-14,189.34,189.96,186.05,188.12,4250365.0
1545022800,2018-12-17,186.01,186.39,181.79,183.42,6020463.0
1545109200,2018-12-18,184.97,187.17,183.08,184.53,4655397.0
1545195600,2018-12-19,183.77,187.17,177.94,180.21,6795330.0
1545282000,2018-12-20,178.75,181.38,173.57,175.96,7244806.0
1545368400,2018-12-21,174.51,178.43,168.54,168.72,9589912.0
1545627600,2018-12-24,166.76,171.41,165.54,168.2,4752593.0
1545800400,2018-12-26,169.51,179.61,169.5,179.54,6041299.0
1545886800,2018-12-27,177.19,181.73,173.51,181.72,5189124.0
1545973200,2018-12-28,182.7,183.08,177.38,179.28,5331596.0
1546232400,2018-12-31,180.02,182.02,179.48,181.68,4108696.0
1546405200,2019-01-02,178.47,183.77,178.47,182.73,5230144.0
1546491600,2019-01-03,180.1,180.58,174.3,174.49,5398144.0
1546578000,2019-01-04,178.02,184.19,177.63,182.75,4999819.0
1546837200,2019-01-07,183.59,185.89,182.7,184.16,4594082.0
1546923600,2019-01-08,183.2,185.7,181.85,185.5,5402564.0
1547010000,2019-01-09,187.45,189.62,186.46,188.86,5730598.0
1547096400,2019-01-10,186.2,190.28,184.57,190.0,4005834.0
1547182800,2019-01-11,189.15,189.76,187.84,188.99,2712452.0
1547442000,2019-01-14,187.38,190.05,187.16,188.54,3616675.0
1547528400,2019-01-15,188.33,190.39,186.29,189.59,4087270.0
1547614800,2019-01-16,190.54,191.41,189.57,190.79,3952081.0
1547701200,2019-01-17,190.48,193.33,190.15,192.28,3008705.0
1547787600,2019-01-18,194.08,195.38,192.96,194.87,5367247.0
1548133200,2019-01-22,192.63,193.91,190.68,192.42,4764836.0
1548219600,2019-01-23,193.96,193.97,189.66,191.35,3280870.0
1548306000,2019-01-24,191.42,193.14,190.95,192.74,3032180.0
1548392400,2019-01-25,195.06,196.7,192.74,195.78,5186977.0
1548651600,2019-01-28,193.66,193.89,191.07,193.1,3460305.0
1548738000,2019-01-29,193.13,193.59,190.69,192.21,3819424.0
1548824400,2019-01-30,193.35,197.6,192.85,196.82,4285074.0
1548910800,2019-01-31,202.4,205.46,200.66,203.68,13454206.0
1548997200,2019-02-01,204.32,207.07,203.75,206.23,6866091.0
1549256400,2019-02-04,206.79,207.37,205.67,207.33,4689802.0
1549342800,2019-02-05,207.41,209.05,207.36,208.24,3359497.0
1549429200,2019-02-06,207.66,208.28,206.14,207.7,2925905.0
1549515600,2019-02-07,205.93,206.88,204.13,206.42,2977423.0
1549602000,2019-02-08,204.52,208.99,204.52,208.94,3532455.0
1549861200,2019-02-11,209.34,210.94,208.71,209.44,3182857.0
1549947600,2019-02-12,210.85,211.75,209.96,211.19,3654241.0
1550034000,2019-02-13,212.04,213.47,211.69,212.76,3305586.0
1550120400,2019-02-14,211.77,213.18,210.91,212.06,3143419.0
1550206800,2019-02-15,214.35,214.51,212.7,214.27,3073705.0
1550552400,2019-02-19,213.62,214.13,212.59,212.81,3053406.0
1550638800,2019-02-20,213.42,214.0,211.66,213.31,3386602.0
1550725200,2019-02-21,212.44,213.23,210.91,211.57,3978210.0
1550811600,2019-02-22,212.24,215.74,211.95,215.44,3524965.0
1551070800,2019-02-25,217.06,217.45,215.13,215.44,3630519.0
1551157200,2019-02-26,214.32,217.24,214.22,216.1,3219771.0
1551243600,2019-02-27,215.17,216.69,213.92,216.65,2315355.0
1551330000,2019-02-28,216.18,217.64,215.77,216.84,3847020.0
1551416400,2019-03-01,218.88,220.1,217.41,219.23,3320254.0
1551675600,2019-03-04,219.29,220.44,215.78,218.31,3281915.0
1551762000,2019-03-05,218.27,218.91,217.34,218.24,3069424.0
1551848400,2019-03-06,217.88,218.52,216.05,216.55,3049060.0
1551934800,2019-03-07,215.73,216.52,212.95,214.56,4428798.0
1552021200,2019-03-08,210.5,214.35,208.31,214.04,2905744.0
1552276800,2019-03-11,215.07,218.15,214.98,217.68,3012427.0
1552363200,2019-03-12,218.6,220.15,218.24,218.93,2847009.0
1552449600,2019-03-13,220.31,223.17,219.76,220.44,2980160.0
1552536000,2019-03-14,220.63,222.09,219.39,221.41,3266329.0
1552622400,2019-03-15,220.75,224.55,220.74,223.01,4708456.0
1552881600,2019-03-18,224.09,224.3,221.03,222.26,3079839.0
1552968000,2019-03-19,223.37,223.91,222.2,222.86,3730657.0
1553054400,2019-03-20,221.63,223.76,219.8,221.78,4592133.0
1553140800,2019-03-21,220.15,228.72,220.13,227.55,4835174.0
1553227200,2019-03-22,226.51,227.67,222.54,222.62,4169032.0
1553486400,2019-03-25,222.22,223.76,220.49,222.29,3647117.0
1553572800,2019-03-26,224.74,225.39,223.28,225.06,3340538.0
1553659200,2019-03-27,225.67,225.94,221.55,224.32,2896183.0
1553745600,2019-03-28,225.18,227.03,224.17,226.57,2881409.0
1553832000,2019-03-29,228.15,228.29,225.71,227.14,3739979.0
1554091200,2019-04-01,229.77,231.29,228.58,230.62,3700495.0
1554177600,2019-04-02,230.79,231.41,229.67,230.82,3544774.0
1554264000,2019-04-03,231.84,232.43,229.43,230.5,3157398.0
1554350400,2019-04-04,230.28,230.35,225.51,227.73,3234805.0
1554436800,2019-04-05,228.84,229.56,227.78,228.28,2754316.0
1554696000,2019-04-08,227.72,228.26,225.21,228.25,2866102.0
1554782400,2019-04-09,227.28,229.2,227.03,227.9,2684587.0
1554868800,2019-04-10,228.96,229.88,228.1,229.02,2158245.0
1554955200,2019-04-11,229.92,229.92,227.06,228.03,2066498.0
1555041600,2019-04-12,228.99,230.89,228.07,230.73,4047147.0
1555300800,2019-04-15,231.39,231.72,229.14,231.03,4137020.0
1555387200,2019-04-16,231.86,232.79,230.84,231.94,2781675.0
1555473600,2019-04-17,232.5,233.05,230.84,232.82,3009117.0
1555560000,2019-04-18,234.3,234.42,232.3,232.72,3370989.0
1555905600,2019-04-22,231.66,234.89,230.96,234.8,2577580.0
1555992000,2019-04-23,235.62,236.2,234.22,235.23,3387805.0
1556078400,2019-04-24,235.26,237.72,234.57,236.97,3623200.0
1556164800,2019-04-25,236.4,238.47,235.74,237.28,3399264.0
1556251200,2019-04-26,237.7,238.76,234.97,238.31,3922827.0
1556510400,2019-04-29,238.52,239.79,237.52,238.74,3538689.0
1556596800,2019-04-30,242.57,248.69,242.01,245.61,7638300.0
1556683200,2019-05-01,246.25,247.55,240.23,240.31,5442439.0
1556769600,2019-05-02,239.11,239.85,235.99,238.8,5001564.0
1556856000,2019-05-03,240.17,241.37,239.06,239.54,3272600.0
1557115200,2019-05-06,233.31,240.63,231.9,240.2,3244348.0
1557201600,2019-05-07,238.88,239.32,234.37,236.74,4539610.0
1557288000,2019-05-08,236.26,239.15,235.48,237.01,3318098.0
1557374400,2019-05-09,233.74,237.2,231.82,236.99,4103947.0
1557460800,2019-05-10,235.59,240.28,233.14,239.03,2983058.0
1557720000,2019-05-13,233.31,235.63,232.21,233.19,4429362.0
1557806400,2019-05-14,233.9,239.04,233.69,237.59,4329948.0
1557892800,2019-05-15,236.04,242.52,235.92,240.7,4477698.0
1557979200,2019-05-16,241.94,246.49,241.83,244.82,5506156.0
1558065600,2019-05-17,242.59,245.66,242.33,243.98,3330661.0
1558324800,2019-05-20,241.99,245.76,240.87,244.89,3246128.0
1558411200,2019-05-21,246.35,247.26,245.18,246.69,3140139.0
1558497600,2019-05-22,245.96,250.08,245.86,248.18,3229039.0
1558584000,2019-05-23,246.11,247.02,239.9,241.26,5593220.0
1558670400,2019-05-24,244.55,244.77,241.84,242.95,2890547.0
1559016000,2019-05-28,244.17,249.01,244.08,244.83,8277391.0
1559102400,2019-05-29,243.69,245.62,242.74,244.96,4248421.0
1559188800,2019-05-30,245.64,247.37,244.21,245.56,2947271.0
1559275200,2019-05-31,243.43,245.05,242.33,242.96,5938160.0
1559534400,2019-06-03,243.26,244.4,232.1,234.04,5776604.0
1559620800,2019-06-04,236.81,240.91,233.51,240.72,5101488.0
1559707200,2019-06-05,236.81,240.91,233.51,240.72,5101488.0
1559793600,2019-06-06,247.66,249.92,246.21,249.08,3636251.0
1559880000,2019-06-07,251.18,257.81,250.81,256.78,3935701.0
1560139200,2019-06-10,259.87,260.69,256.28,257.07,4985594.0
1560225600,2019-06-11,258.39,258.8,250.39,254.71,3373252.0
1560312000,2019-06-12,253.28,255.24,252.49,254.9,2434826.0
1560398400,2019-06-13,256.01,256.23,251.42,252.34,5011565.0
1560484800,2019-06-14,251.28,253.09,250.62,251.27,3476116.0
1560744000,2019-06-17,252.14,252.83,249.29,250.4,3756943.0
1560830400,2019-06-18,252.87,253.35,246.41,250.03,4178745.0
1560916800,2019-06-19,250.05,251.78,249.54,251.05,4856544.0
1561003200,2019-06-20,254.55,258.62,253.59,257.74,5063604.0
1561089600,2019-06-21,256.8,259.05,255.45,255.5,5193646.0
1561348800,2019-06-24,256.83,258.04,256.13,256.3,2890596.0
1561435200,2019-06-25,257.01,257.27,250.33,250.92,3393579.0
1561521600,2019-06-26,252.03,253.74,251.17,252.43,4878669.0
1561608000,2019-06-27,253.53,254.64,251.56,252.24,2422022.0
1561694400,2019-06-28,254.16,255.85,252.46,255.55,5746907.0
1561953600,2019-07-01,260.83,260.83,255.88,257.72,2851275.0
1562040000,2019-07-02,257.82,261.42,257.39,261.39,2900702.0
1562126400,2019-07-03,261.8,263.81,261.59,263.81,2089210.0
1562299200,2019-07-05,262.29,263.51,259.96,262.91,2839987.0
1562558400,2019-07-08,261.25,263.16,260.63,262.35,2440797.0
1562644800,2019-07-09,260.98,264.69,260.67,264.39,2685437.0
1562731200,2019-07-10,265.52,268.02,265.17,266.36,2502570.0
1562817600,2019-07-11,268.51,269.52,267.04,269.2,2745306.0
1562904000,2019-07-12,270.15,270.58,267.21,270.38,2571519.0
1563163200,2019-07-15,271.27,271.4,269.43,270.22,3815703.0
1563249600,2019-07-16,269.86,271.44,266.29,267.56,3206503.0
1563336000,2019-07-17,268.3,269.35,266.25,266.26,2500314.0
1563422400,2019-07-18,265.99,268.17,265.74,267.71,3430356.0
1563508800,2019-07-19,270.28,270.32,266.4,266.57,3292168.0
1563768000,2019-07-22,267.84,270.21,267.03,269.48,2296070.0
1563854400,2019-07-23,270.83,271.23,267.83,269.83,2416998.0
1563940800,2019-07-24,269.06,271.12,267.33,271.07,3211767.0
1564027200,2019-07-25,270.83,271.7,268.46,270.2,2616343.0
1564113600,2019-07-26,271.41,273.04,270.91,272.83,3307336.0
1564372800,2019-07-29,273.85,274.05,271.24,272.22,3896649.0
1564459200,2019-07-30,270.29,273.12,266.43,269.05,4115563.0
1564545600,2019-07-31,269.54,269.84,256.99,263.35,5904024.0
1564632000,2019-08-01,264.96,270.16,262.74,265.18,5277374.0
1564718400,2019-08-02,263.09,263.57,256.98,260.62,4641238.0
1564977600,2019-08-05,251.48,254.05,245.58,248.43,7367480.0
1565064000,2019-08-06,253.59,256.47,251.66,256.01,5188867.0
1565150400,2019-08-07,254.77,261.16,251.72,260.49,4733312.0
1565236800,2019-08-08,263.09,268.97,262.7,268.93,4548082.0
1565323200,2019-08-09,266.7,267.83,264.13,265.94,3727845.0
1565582400,2019-08-12,263.57,265.97,260.08,261.49,2921704.0
1565668800,2019-08-13,260.99,266.34,259.22,265.54,4139324.0
1565755200,2019-08-14,260.78,263.54,257.14,258.4,4266857.0
1565841600,2019-08-15,260.46,264.2,259.31,262.98,3566103.0
1565928000,2019-08-16,265.97,266.92,264.82,265.37,2928525.0
1566187200,2019-08-19,267.93,269.44,266.19,268.96,2686464.0
1566273600,2019-08-20,269.57,270.4,266.81,267.96,2830116.0
1566360000,2019-08-21,270.48,272.86,270.14,272.77,2720843.0
1566446400,2019-08-22,272.87,273.62,267.69,271.57,3301072.0
1566532800,2019-08-23,270.62,272.85,261.36,262.98,4976601.0
1566792000,2019-08-26,265.75,267.37,264.04,267.37,2463349.0
1566878400,2019-08-27,267.67,269.95,265.9,267.58,2442834.0
1566964800,2019-08-28,266.48,269.52,264.41,269.13,2531720.0
1567051200,2019-08-29,271.8,272.74,269.74,272.16,2480899.0
1567137600,2019-08-30,273.33,273.69,269.6,272.15,3138937.0
1567483200,2019-09-03,270.82,273.57,269.38,270.93,2572447.0
1567569600,2019-09-04,273.51,276.83,272.9,276.73,2901507.0
1567656000,2019-09-05,280.78,283.85,280.11,282.51,4244462.0
1567742400,2019-09-06,282.39,283.47,280.55,281.84,2998826.0
1568001600,2019-09-09,283.88,284.07,270.92,274.08,5070391.0
1568088000,2019-09-10,272.12,272.28,261.48,263.41,8972211.0
1568174400,2019-09-11,265.91,266.96,260.38,261.11,6658025.0
1568260800,2019-09-12,264.64,269.64,264.25,267.35,5756000.0
1568347200,2019-09-13,268.88,269.04,264.1,267.27,4891649.0
1568606400,2019-09-16,264.51,266.73,263.78,265.1,3099523.0
1568692800,2019-09-17,265.56,269.5,264.98,267.2,3167609.0
1568779200,2019-09-18,267.7,267.78,261.58,266.09,3207874.0
1568865600,2019-09-19,266.92,269.03,265.85,266.87,2856973.0
1568952000,2019-09-20,268.69,269.46,262.04,262.29,6491828.0
1569211200,2019-09-23,261.45,264.77,261.16,264.2,3308841.0
1569297600,2019-09-24,266.6,268.35,260.25,262.24,4526218.0
1569384000,2019-09-25,261.4,264.05,257.88,263.82,4340779.0
1569470400,2019-09-26,264.28,266.42,263.7,264.92,3248500.0
1569556800,2019-09-27,266.37,266.6,258.92,260.31,3496926.0
1569816000,2019-09-30,262.11,263.16,260.5,262.67,3738317.0
1569902400,2019-10-01,262.6,264.69,261.19,262.06,3337064.0
1569988800,2019-10-02,259.23,260.13,253.92,255.82,5026195.0
1570075200,2019-10-03,255.8,259.74,251.88,259.5,4192122.0
1570161600,2019-10-04,260.68,265.49,260.34,265.08,2959864.0
1570420800,2019-10-07,262.42,264.54,261.55,263.27,3209247.0
1570507200,2019-10-08,261.3,262.52,258.18,258.64,3063902.0
1570593600,2019-10-09,261.36,264.51,260.99,263.65,2106417.0
1570680000,2019-10-10,262.99,266.04,262.7,265.19,2390436.0
1570766400,2019-10-11,267.48,271.16,266.44,267.2,3746237.0
1571025600,2019-10-14,268.8,269.77,266.86,267.66,2378462.0
1571112000,2019-10-15,268.46,271.12,267.25,269.77,3422785.0
1571198400,2019-10-16,268.35,270.22,266.13,269.49,2899119.0
1571284800,2019-10-17,270.53,271.59,267.22,267.78,2647018.0
1571371200,2019-10-18,266.55,267.95,261.38,262.09,4683585.0
1571630400,2019-10-21,263.35,265.7,260.99,265.64,3401953.0
1571716800,2019-10-22,266.32,266.66,252.77,253.01,5836449.0
1571803200,2019-10-23,254.39,255.85,250.35,252.62,5615820.0
1571889600,2019-10-24,255.24,260.83,255.24,260.27,4043066.0
1571976000,2019-10-25,257.86,263.59,257.18,261.66,2989551.0
1572235200,2019-10-28,264.64,267.22,262.8,267.22,4078334.0
1572321600,2019-10-29,268.84,269.51,264.46,265.63,5054971.0
1572408000,2019-10-30,265.97,268.71,264.38,268.4,3668284.0
1572494400,2019-10-31,267.66,270.28,266.38,268.07,6054354.0
1572580800,2019-11-01,270.19,271.54,267.4,270.24,3196679.0
1572843600,2019-11-04,271.78,273.33,267.1,267.61,4073322.0
1572930000,2019-11-05,267.77,268.21,259.95,260.51,5033987.0
1573016400,2019-11-06,261.77,263.1,260.39,261.34,4012513.0
1573102800,2019-11-07,261.5,266.4,261.34,264.18,4483064.0
1573189200,2019-11-08,263.12,266.27,263.12,266.21,2479904.0
1573448400,2019-11-11,264.44,268.38,264.44,268.26,2273478.0
1573534800,2019-11-12,268.84,270.68,267.07,268.39,2344778.0
1573621200,2019-11-13,267.78,271.61,266.32,269.29,3580231.0
1573707600,2019-11-14,268.69,270.8,267.97,270.8,2663705.0
1573794000,2019-11-15,271.78,272.03,269.35,271.92,2861158.0
1574053200,2019-11-18,271.17,272.88,269.61,272.0,2955398.0
1574139600,2019-11-19,272.63,277.53,272.07,276.3,3292101.0
1574226000,2019-11-20,275.76,278.65,273.93,276.37,3280512.0
1574312400,2019-11-21,275.69,277.48,274.64,275.47,3030433.0
1574398800,2019-11-22,275.84,276.35,272.33,273.65,3409673.0
1574658000,2019-11-25,274.89,279.87,274.75,278.53,4370426.0
1574744400,2019-11-26,279.39,281.48,278.74,280.25,7803641.0
1574830800,2019-11-27,279.91,282.78,279.79,282.49,2325737.0
1575003600,2019-11-29,281.07,283.75,281.07,283.01,2068895.0
1575262800,2019-12-02,281.42,281.57,274.93,277.43,3373569.0
1575349200,2019-12-03,273.23,278.52,272.62,278.03,3377257.0
1575435600,2019-12-04,279.39,280.48,277.09,277.79,2961908.0
1575522000,2019-12-05,278.86,281.77,277.36,280.7,2891629.0
1575608400,2019-12-06,283.08,283.27,280.54,281.23,2698771.0
1575867600,2019-12-09,280.06,281.78,279.16,279.94,2191303.0
1575954000,2019-12-10,279.88,281.01,278.63,279.5,3041056.0
1576040400,2019-12-11,280.61,281.16,279.02,280.9,2544459.0
1576126800,2019-12-12,280.75,283.51,279.17,282.99,3055790.0
1576213200,2019-12-13,281.61,287.17,280.65,286.74,3829178.0
1576472400,2019-12-16,288.7,290.03,287.49,287.59,5089307.0
1576558800,2019-12-17,289.08,289.08,284.5,286.66,3909016.0
1576645200,2019-12-18,285.88,287.92,285.44,285.44,3706517.0
1576731600,2019-12-19,285.2,288.77,284.83,288.14,2854174.0
1576818000,2019-12-20,291.06,291.06,287.44,289.15,6604485.0
1577077200,2019-12-23,289.31,290.37,287.72,287.89,4081117.0
1577163600,2019-12-24,288.59,288.89,287.24,288.09,742005.0
1577336400,2019-12-26,288.84,289.92,288.4,289.76,1642456.0
1577422800,2019-12-27,290.48,292.01,288.77,291.25,2343369.0
1577682000,2019-12-30,291.34,291.55,285.96,288.32,2927350.0
1577768400,2019-12-31,286.75,289.5,286.43,289.17,2900397.0
1577941200,2020-01-02,290.98,293.95,290.05,293.81,3513989.0
1578027600,2020-01-03,290.01,292.87,289.18,290.95,2784123.0
1578286800,2020-01-06,287.95,291.82,286.68,291.72,3520030.0
1578373200,2020-01-07,292.22,293.8,290.42,290.73,3712701.0
1578459600,2020-01-08,291.67,297.65,291.4,295.86,3551887.0
1578546000,2020-01-09,298.94,301.52,298.69,299.74,3846604.0
1578632400,2020-01-10,302.14,302.5,299.39,301.74,3183932.0
1578891600,2020-01-13,303.77,306.08,303.43,305.66,3542776.0
1578978000,2020-01-14,306.6,306.83,300.47,301.23,5471414.0
1579064400,2020-01-15,302.73,306.17,301.62,304.73,5095722.0
1579150800,2020-01-16,307.5,310.63,305.45,310.6,3637040.0
1579237200,2020-01-17,311.69,314.21,309.56,313.86,5534624.0
1579582800,2020-01-21,312.64,315.79,311.75,312.18,6849864.0
1579669200,2020-01-22,315.11,316.89,314.3,314.49,3887472.0
1579755600,2020-01-23,315.15,315.4,312.56,315.14,4957484.0
1579842000,2020-01-24,316.68,317.18,311.92,313.87,3959536.0
1580101200,2020-01-27,305.55,309.69,303.03,306.2,4781099.0
1580187600,2020-01-28,307.13,311.78,305.9,310.57,3902026.0
1580274000,2020-01-29,313.22,314.61,307.17,310.62,4708426.0
1580360400,2020-01-30,308.96,314.86,308.38,314.63,3746796.0
1580446800,2020-01-31,313.22,314.63,304.97,306.37,6349581.0
1580706000,2020-02-03,309.14,315.62,308.78,314.69,4537427.0
1580792400,2020-02-04,318.3,321.69,316.41,319.15,4569957.0
1580878800,2020-02-05,324.85,324.85,314.35,318.37,4283407.0
1580965200,2020-02-06,319.34,321.2,317.75,319.32,3792100.0
1581051600,2020-02-07,318.06,319.86,315.99,317.09,2834279.0
1581310800,2020-02-10,315.76,320.27,315.65,320.27,4341506.0
1581397200,2020-02-11,325.36,325.36,319.67,320.9,3634749.0
1581483600,2020-02-12,320.88,324.32,319.25,324.04,2679407.0
1581570000,2020-02-13,322.24,327.6,322.07,325.67,3328858.0
1581656400,2020-02-14,327.24,330.71,326.82,330.62,3051271.0
1582002000,2020-02-18,331.27,332.71,330.08,330.9,3819865.0
1582088400,2020-02-19,333.56,336.72,332.26,334.12,3345300.0
1582174800,2020-02-20,335.27,336.73,327.93,334.02,4616149.0
1582261200,2020-02-21,332.17,333.47,325.44,329.41,5433631.0
1582520400,2020-02-24,307.89,319.36,304.33,314.83,8315691.0
1582606800,2020-02-25,310.32,313.44,291.65,293.71,13263147.0
1582693200,2020-02-26,292.85,298.56,288.87,289.01,9919457.0
1582779600,2020-02-27,276.4,288.44,272.42,277.16,14631330.0
1582866000,2020-02-28,266.56,281.59,265.26,281.46,14049093.0
1583125200,2020-03-02,289.84,297.66,280.67,297.45,10270486.0
1583211600,2020-03-03,305.06,305.06,282.02,283.15,8612438.0
1583298000,2020-03-04,290.05,293.63,283.88,293.2,7025259.0
1583384400,2020-03-05,286.75,289.66,279.51,281.92,7174133.0
1583470800,2020-03-06,274.13,280.1,270.18,278.32,7680453.0
1583726400,2020-03-09,256.97,270.78,253.27,254.07,9358022.0
1583812800,2020-03-10,268.05,272.36,254.9,272.07,8934992.0
1583899200,2020-03-11,264.68,265.74,255.33,261.59,8964166.0
1583985600,2020-03-12,237.12,254.53,233.63,234.18,16097795.0
1584072000,2020-03-13,250.94,261.85,238.06,261.83,10883815.0
1584331200,2020-03-16,227.39,249.92,222.31,228.51,13180738.0
1584417600,2020-03-17,233.2,242.91,224.93,230.67,13566542.0
1584504000,2020-03-18,215.6,222.16,206.76,209.3,12183601.0
1584590400,2020-03-19,217.22,231.28,205.14,220.27,10391245.0
1584676800,2020-03-20,228.87,228.87,203.64,205.02,11479982.0
1584936000,2020-03-23,195.99,209.15,193.93,197.14,12193657.0
1585022400,2020-03-24,209.38,231.22,208.49,229.89,12542983.0
1585108800,2020-03-25,240.42,258.23,233.08,248.71,13400694.0
1585195200,2020-03-26,250.09,257.76,244.97,255.21,11034928.0
1585281600,2020-03-27,242.44,248.31,237.29,240.15,8617142.0
1585540800,2020-03-30,238.4,246.55,237.24,245.58,6167350.0
1585627200,2020-03-31,245.74,245.74,233.78,234.24,13207642.0
1585713600,2020-04-01,223.81,229.92,220.22,221.68,7198913.0
1585800000,2020-04-02,221.47,232.12,220.47,231.64,6885070.0
1585886400,2020-04-03,229.82,232.61,223.33,229.85,4532617.0
1586145600,2020-04-06,244.37,259.02,242.44,257.88,9271654.0
1586232000,2020-04-07,273.08,274.3,250.65,251.23,9052381.0
1586318400,2020-04-08,255.13,264.03,251.44,263.13,6130201.0
1586404800,2020-04-09,267.38,268.03,259.99,261.62,7128797.0
1586750400,2020-04-13,260.46,260.95,248.37,255.74,7580640.0
1586836800,2020-04-14,262.09,267.68,261.43,262.91,6763031.0
1586923200,2020-04-15,252.99,255.36,248.24,249.72,10954147.0
1587009600,2020-04-16,250.93,250.93,237.65,239.64,11869789.0
1587096000,2020-04-17,250.8,253.18,244.25,252.47,11216036.0
1587355200,2020-04-20,247.16,249.22,242.46,244.46,6447043.0
1587441600,2020-04-21,239.53,242.19,237.05,238.27,6529535.0
1587528000,2020-04-22,244.2,251.14,243.76,249.5,5497588.0
1587614400,2020-04-23,251.9,254.85,247.9,248.48,4469845.0
1587700800,2020-04-24,250.97,252.33,245.53,251.29,4152334.0
1587960000,2020-04-27,252.71,258.05,252.02,257.47,4396390.0
1588046400,2020-04-28,262.6,264.78,255.37,256.96,4612005.0
1588132800,2020-04-29,269.98,276.77,268.28,275.5,9001903.0
1588219200,2020-04-30,270.39,273.5,265.52,267.03,6521836.0
1588305600,2020-05-01,261.25,266.08,259.5,260.98,5462192.0
1588564800,2020-05-04,257.51,262.28,255.42,261.49,3960683.0
1588651200,2020-05-05,268.85,269.83,265.41,266.07,4143692.0
1588737600,2020-05-06,268.97,268.97,263.71,264.58,3493336.0
1588824000,2020-05-07,269.79,274.3,269.24,270.43,4714607.0
1588910400,2020-05-08,275.22,275.24,271.43,274.29,3465301.0
1589169600,2020-05-11,271.43,274.65,269.62,273.11,4328101.0
1589256000,2020-05-12,272.36,274.18,264.26,264.26,4375022.0
1589342400,2020-05-13,264.44,268.1,256.57,261.39,5121611.0
1589428800,2020-05-14,262.4,269.55,256.34,269.31,6850226.0
1589515200,2020-05-15,268.07,271.08,265.4,270.89,4270093.0
1589774400,2020-05-18,277.22,283.66,276.77,281.53,6656384.0
1589860800,2020-05-19,280.82,289.22,279.19,282.34,5429656.0
1589947200,2020-05-20,287.21,292.46,286.86,290.18,4983646.0
1590033600,2020-05-21,290.73,291.28,284.3,285.77,4356888.0
1590120000,2020-05-22,286.54,288.23,284.55,286.4,3125697.0
1590465600,2020-05-26,295.83,296.2,293.23,294.58,5903461.0
1590552000,2020-05-27,295.27,295.94,283.68,291.12,5530147.0
1590638400,2020-05-28,292.29,301.05,290.22,293.58,4862849.0
1590724800,2020-05-29,293.28,295.64,290.24,292.21,6061895.0
1590984000,2020-06-01,292.12,294.31,289.3,292.7,3136411.0
1591070400,2020-06-02,296.19,297.28,292.98,294.83,4585661.0
1591156800,2020-06-03,296.66,299.22,293.49,298.21,3977747.0
1591243200,2020-06-04,296.62,297.77,290.7,292.67,4668629.0
1591329600,2020-06-05,297.96,303.17,296.82,302.88,5599779.0
1591588800,2020-06-08,301.96,304.52,298.19,301.45,4041471.0
1591675200,2020-06-09,300.84,304.42,299.3,302.5,3779545.0
1591761600,2020-06-10,303.37,306.94,301.33,304.11,4373756.0
1591848000,2020-06-11,296.21,297.64,282.66,282.84,7163145.0
1591934400,2020-06-12,290.37,291.33,282.49,289.2,5010702.0
1592193600,2020-06-15,280.89,290.29,280.42,288.59,7262027.0
1592280000,2020-06-16,297.08,300.17,291.45,295.69,4419662.0
1592366400,2020-06-17,296.2,298.61,294.33,294.99,2909938.0
1592452800,2020-06-18,293.12,296.29,291.83,296.05,3082634.0
1592539200,2020-06-19,300.47,300.57,287.94,287.94,5549850.0
1592798400,2020-06-22,290.86,296.15,289.14,295.65,3865061.0
1592884800,2020-06-23,298.29,301.47,295.63,298.02,4157166.0
1592971200,2020-06-24,296.2,296.7,284.6,285.52,5500740.0
1593057600,2020-06-25,285.67,289.78,282.28,289.41,3571710.0
1593144000,2020-06-26,288.31,289.5,280.82,280.99,6270833.0
1593403200,2020-06-29,282.93,284.69,276.92,284.48,3915263.0
1593489600,2020-06-30,284.63,288.04,282.61,287.17,4935047.0
1593576000,2020-07-01,287.71,294.52,286.6,292.48,4143716.0
1593662400,2020-07-02,295.55,298.03,292.61,293.69,3577626.0
1594008000,2020-07-06,298.13,298.45,294.42,296.75,3412086.0
1594094400,2020-07-07,294.44,298.91,290.76,291.25,4114110.0
1594180800,2020-07-08,292.61,293.23,289.2,291.88,4812358.0
1594267200,2020-07-09,292.43,292.43,282.55,286.47,5549635.0
1594353600,2020-07-10,285.82,288.77,283.46,287.53,3364673.0
1594612800,2020-07-13,289.65,290.39,282.03,282.18,5547913.0
1594699200,2020-07-14,283.95,290.85,280.69,290.71,5149158.0
1594785600,2020-07-15,294.65,298.32,293.08,297.29,5747127.0
1594872000,2020-07-16,294.62,295.16,290.67,291.1,3732005.0
1594958400,2020-07-17,293.41,296.83,291.16,295.68,3534236.0
1595217600,2020-07-20,293.6,306.31,293.6,303.36,5503581.0
1595304000,2020-07-21,304.37,305.39,297.86,299.12,3806946.0
1595390400,2020-07-22,299.64,304.93,299.64,304.73,3548373.0
1595476800,2020-07-23,304.91,308.49,300.21,301.36,3363570.0
1595563200,2020-07-24,298.03,302.16,296.14,298.46,2668918.0
1595822400,2020-07-27,298.6,301.45,297.59,300.35,2525722.0
1595908800,2020-07-28,300.0,301.65,297.59,297.89,2279240.0
1595995200,2020-07-29,296.11,303.07,295.74,300.77,3787296.0
1596081600,2020-07-30,295.62,304.2,294.69,300.48,4117902.0
1596168000,2020-07-31,301.45,301.54,297.19,300.02,5194199.0
1596427200,2020-08-03,302.0,304.86,300.77,303.97,4280867.0
1596513600,2020-08-04,303.89,306.99,302.52,305.72,3669543.0
1596600000,2020-08-05,307.65,320.59,307.16,318.96,6082523.0
1596686400,2020-08-06,318.37,322.08,316.92,321.04,5165428.0
1596772800,2020-08-07,318.96,319.28,315.0,318.98,3901437.0
1597032000,2020-08-10,318.17,320.65,312.98,313.98,4087169.0
1597118400,2020-08-11,316.04,325.33,314.66,319.48,5603673.0
1597204800,2020-08-12,319.6,322.26,317.21,318.6,3528524.0
1597291200,2020-08-13,316.95,320.74,316.65,317.2,2763443.0
1597377600,2020-08-14,316.69,318.61,315.86,317.79,1646799.0
1597636800,2020-08-17,317.99,322.1,317.67,321.13,3189966.0
1597723200,2020-08-18,321.1,322.26,317.35,321.88,3235924.0
1597809600,2020-08-19,320.94,325.24,320.9,323.24,3763524.0
1597896000,2020-08-20,321.09,328.68,321.09,328.02,3210889.0
1597982400,2020-08-21,328.68,329.46,326.71,327.81,2960994.0
1598241600,2020-08-24,330.0,334.35,329.41,334.17,2949966.0
1598328000,2020-08-25,335.21,338.85,333.87,338.08,3087120.0
1598414400,2020-08-26,338.41,342.58,335.98,341.34,3887465.0
1598500800,2020-08-27,342.03,348.13,340.92,346.19,4059862.0
1598587200,2020-08-28,347.63,357.13,346.34,356.03,3825023.0
1598846400,2020-08-31,356.52,356.52,347.83,348.32,4537483.0
1598932800,2020-09-01,347.85,349.53,343.81,347.06,4722471.0
1599019200,2020-09-02,347.54,351.63,346.46,350.76,4452810.0
1599105600,2020-09-03,348.59,349.05,331.85,334.36,6985415.0
1599192000,2020-09-04,333.54,337.42,317.55,325.77,6934348.0
1599537600,2020-09-08,319.7,326.46,317.89,320.79,4869416.0
1599624000,2020-09-09,328.09,333.31,323.21,330.28,3755144.0
1599710400,2020-09-10,333.06,335.62,322.01,323.7,3096561.0
1599796800,2020-09-11,325.48,325.48,318.29,321.05,3150737.0
1600056000,2020-09-14,325.74,330.63,324.81,329.27,4063999.0
1600142400,2020-09-15,333.29,334.45,329.2,329.79,2754855.0
1600228800,2020-09-16,331.87,336.5,330.42,332.43,3369218.0
1600315200,2020-09-17,327.71,334.24,326.74,330.07,4318689.0
1600401600,2020-09-18,328.89,331.73,324.18,326.02,4941737.0
1600660800,2020-09-21,320.39,322.53,311.97,318.81,4871676.0
1600747200,2020-09-22,320.43,326.77,316.15,326.07,3782286.0
1600833600,2020-09-23,325.61,325.93,314.55,315.58,3267179.0
1600920000,2020-09-24,314.29,321.66,312.33,319.16,3972846.0
1601006400,2020-09-25,316.67,324.29,313.22,322.63,3327900.0
1601265600,2020-09-28,327.33,331.18,326.55,329.06,3684224.0
1601352000,2020-09-29,329.06,331.33,326.56,326.96,2971982.0
1601438400,2020-09-30,327.42,334.18,327.15,328.85,4029282.0
1601524800,2020-10-01,332.81,337.14,330.9,333.9,2761766.0
1601611200,2020-10-02,328.94,333.17,326.75,329.49,2406448.0
1601870400,2020-10-05,332.26,333.79,329.63,333.79,2308519.0
1601956800,2020-10-06,332.63,336.81,326.95,328.13,2787703.0
1602043200,2020-10-07,332.36,335.15,330.95,334.42,3376999.0
1602129600,2020-10-08,335.89,338.5,335.14,336.02,2180617.0
1602216000,2020-10-09,338.79,344.02,337.83,343.07,3738208.0
1602475200,2020-10-12,345.61,345.61,341.54,342.73,3552339.0
1602561600,2020-10-13,342.14,342.21,335.9,336.7,2698153.0
1602648000,2020-10-14,336.62,338.01,332.17,333.64,2435995.0
1602734400,2020-10-15,329.36,330.63,324.02,329.62,4022208.0
1602820800,2020-10-16,331.01,335.86,330.26,330.43,3740163.0
1603080000,2020-10-19,331.13,332.28,321.69,322.9,3333749.0
1603166400,2020-10-20,324.23,327.9,322.91,322.95,3038295.0
1603252800,2020-10-21,323.7,327.43,322.54,324.6,2945567.0
1603339200,2020-10-22,324.61,326.51,320.54,324.78,2617666.0
1603425600,2020-10-23,326.73,326.81,319.63,320.9,3198243.0
1603684800,2020-10-26,317.78,318.59,305.92,309.65,5684838.0
1603771200,2020-10-27,310.47,311.11,304.1,308.73,4682678.0
1603857600,2020-10-28,293.71,294.02,280.97,283.68,12078461.0
1603944000,2020-10-29,285.45,287.49,279.95,285.43,10021635.0
1604030400,2020-10-30,282.19,284.13,273.77,281.01,7617820.0
1604293200,2020-11-02,286.46,287.04,280.5,282.3,5596102.0
1604379600,2020-11-03,286.66,292.4,284.07,287.58,4395043.0
1604466000,2020-11-04,297.02,304.45,294.25,299.08,5232027.0
1604552400,2020-11-05,306.81,310.91,305.29,308.16,4221052.0
1604638800,2020-11-06,307.63,308.12,301.89,305.35,3263369.0
1604898000,2020-11-09,337.75,347.56,331.89,335.45,11553888.0
1604984400,2020-11-10,331.0,336.72,324.62,325.93,5957136.0
1605070800,2020-11-11,328.1,328.77,322.32,323.6,3232560.0
1605157200,2020-11-12,320.36,324.28,317.67,319.61,3609233.0
1605243600,2020-11-13,321.57,327.22,318.69,326.17,2673414.0
1605502800,2020-11-16,332.76,333.59,324.36,326.58,3566243.0
1605589200,2020-11-17,324.36,328.84,321.98,327.6,3727607.0
1605675600,2020-11-18,327.63,331.94,326.0,327.06,3522505.0
1605762000,2020-11-19,326.62,330.19,322.66,325.05,3163213.0
1605848400,2020-11-20,325.93,326.29,314.46,314.46,4673961.0
1606107600,2020-11-23,317.59,324.39,315.79,323.26,3508191.0
1606194000,2020-11-24,328.0,335.01,325.28,333.34,3987906.0
1606280400,2020-11-25,333.33,334.62,330.37,332.3,2873181.0
1606453200,2020-11-27,333.77,333.81,328.68,330.1,1550030.0
1606712400,2020-11-30,328.73,329.11,321.45,327.61,5262582.0
1606798800,2020-12-01,330.69,333.57,328.69,329.92,4751411.0
1606885200,2020-12-02,327.88,331.24,325.17,331.22,3520591.0
1606971600,2020-12-03,329.61,333.26,325.29,326.28,3391240.0
1607058000,2020-12-04,328.01,335.25,326.92,335.25,5319931.0
1607317200,2020-12-07,334.28,338.79,331.06,331.95,2673063.0
1607403600,2020-12-08,329.06,333.77,327.8,331.78,2507175.0
1607490000,2020-12-09,331.41,332.68,325.84,327.94,3476441.0
1607576400,2020-12-10,325.8,326.66,322.43,322.75,4318814.0
1607662800,2020-12-11,318.36,322.8,316.92,318.76,4516225.0
1607922000,2020-12-14,320.58,329.79,318.93,322.39,3956323.0
1608008400,2020-12-15,324.35,326.35,318.96,324.83,3523951.0
1608094800,2020-12-16,325.17,325.17,320.54,323.32,4158459.0
1608181200,2020-12-17,325.69,329.38,324.58,327.99,3142863.0
1608267600,2020-12-18,327.61,332.57,325.51,331.33,11652262.0
1608526800,2020-12-21,324.4,327.26,318.59,325.53,4099683.0
1608613200,2020-12-22,325.32,326.36,322.83,323.46,2779116.0
1608699600,2020-12-23,325.3,326.35,320.33,320.53,3084394.0
1608786000,2020-12-24,321.91,327.48,321.62,327.12,1412046.0
1609131600,2020-12-28,328.93,336.45,327.96,335.36,3967509.0
1609218000,2020-12-29,338.58,339.53,335.64,337.49,3062917.0
1609304400,2020-12-30,339.46,348.36,338.03,346.15,4552261.0
1609390800,2020-12-31,345.64,349.91,343.91,347.5,3480270.0
1609736400,2021-01-04,348.53,348.66,338.18,342.2,5144944.0
1609822800,2021-01-05,339.58,343.67,336.3,338.23,3375780.0
1609909200,2021-01-06,341.15,344.67,335.45,338.26,4463416.0
1609995600,2021-01-07,340.47,343.48,339.6,341.04,3561923.0
1610082000,2021-01-08,342.5,346.03,340.68,344.93,3970100.0
1610341200,2021-01-11,343.23,344.51,339.02,339.42,2689883.0
1610427600,2021-01-12,338.33,339.22,327.56,334.27,5357165.0
1610514000,2021-01-13,340.79,340.94,335.55,337.6,4562329.0
1610600400,2021-01-14,339.9,340.77,318.45,318.69,9467099.0
1610686800,2021-01-15,319.28,321.38,313.76,315.11,8436180.0
1611032400,2021-01-19,318.74,320.83,316.47,317.72,4978057.0
1611118800,2021-01-20,321.63,329.41,320.83,326.47,5771661.0
1611205200,2021-01-21,326.01,328.37,323.38,326.01,3730299.0
1611291600,2021-01-22,322.0,326.7,320.62,320.69,4183180.0
1611550800,2021-01-25,319.51,321.63,309.23,320.89,6501185.0
1611637200,2021-01-26,321.68,322.21,317.6,319.44,3674734.0
1611723600,2021-01-27,312.28,314.86,305.22,307.53,7871951.0
1611810000,2021-01-28,318.84,320.7,313.86,316.1,7432414.0
1611896400,2021-01-29,315.64,317.47,304.5,308.31,8253096.0
1612155600,2021-02-01,312.66,315.36,309.57,313.45,5262049.0
1612242000,2021-02-02,315.29,327.68,315.29,325.94,6130011.0
1612328400,2021-02-03,325.41,327.53,322.72,324.43,4809839.0
1612414800,2021-02-04,326.91,334.59,326.61,332.24,5095292.0
1612501200,2021-02-05,333.88,335.65,328.88,330.21,3226300.0
1612760400,2021-02-08,331.43,332.88,327.07,328.53,2852897.0
1612846800,2021-02-09,327.48,327.74,321.68,325.03,3157625.0
1612933200,2021-02-10,326.55,327.01,323.87,325.78,4435049.0
1613019600,2021-02-11,336.79,340.77,331.67,334.22,5324714.0
1613106000,2021-02-12,332.72,334.47,328.21,332.4,3337688.0
1613451600,2021-02-16,334.55,335.33,329.55,332.61,3123380.0
1613538000,2021-02-17,330.49,331.8,327.37,328.82,2454648.0
1613624400,2021-02-18,326.06,331.38,324.44,329.93,2717111.0
1613710800,2021-02-19,326.06,331.38,324.44,329.93,2717111.0
1613970000,2021-02-22,321.68,335.44,320.48,332.07,5697359.0
1614056400,2021-02-23,332.06,345.35,329.88,341.58,6611935.0
1614142800,2021-02-24,343.97,359.49,341.73,358.06,8073782.0
1614229200,2021-02-25,355.37,358.06,343.33,345.63,5493200.0
1614315600,2021-02-26,348.08,350.33,338.37,344.93,5814871.0
1614574800,2021-03-01,351.59,357.21,350.12,353.75,4759330.0
1614661200,2021-03-02,352.87,357.37,350.28,353.67,3931972.0
1614747600,2021-03-03,350.92,356.22,346.49,351.17,3962889.0
1614834000,2021-03-04,351.02,352.51,335.98,340.69,4901762.0
1614920400,2021-03-05,345.97,352.66,337.68,351.78,5027248.0
1615179600,2021-03-08,353.26,372.82,352.67,361.97,7481240.0
1615266000,2021-03-09,365.54,377.55,363.32,367.03,6512020.0
1615352400,2021-03-10,367.1,374.32,363.59,372.08,4719269.0
1615438800,2021-03-11,375.78,379.68,372.95,374.69,4004861.0
1615525200,2021-03-12,371.53,374.25,369.67,373.06,2692650.0
1615780800,2021-03-15,373.83,378.08,369.09,372.13,4776510.0
1615867200,2021-03-16,372.76,375.56,369.14,372.74,3874592.0
1615953600,2021-03-17,372.22,375.39,366.39,369.13,3598116.0
1616040000,2021-03-18,365.57,366.01,355.84,357.75,7867512.0
1616126400,2021-03-19,355.63,357.04,341.31,347.52,14027380.0
1616385600,2021-03-22,346.96,352.53,345.07,349.36,4761557.0
1616472000,2021-03-23,348.21,350.24,344.6,346.31,4088288.0
1616558400,2021-03-24,348.08,355.79,347.02,350.58,3877695.0
1616644800,2021-03-25,348.98,350.41,345.22,349.32,3488918.0
1616731200,2021-03-26,350.85,357.37,348.25,356.91,3200521.0
1616990400,2021-03-29,355.06,356.14,349.57,353.76,4365009.0
1617076800,2021-03-30,351.68,355.38,348.1,349.17,3248454.0
1617163200,2021-03-31,350.52,352.38,346.81,347.07,5218516.0
1617249600,2021-04-01,348.04,354.24,346.28,354.14,3941952.0
1617595200,2021-04-05,357.55,361.18,355.15,359.03,2412058.0
1617681600,2021-04-06,355.7,361.4,353.36,360.25,2883814.0
1617768000,2021-04-07,359.83,364.53,359.7,361.72,3395884.0
1617854400,2021-04-08,364.02,370.18,363.77,368.64,3801164.0
1617940800,2021-04-09,367.02,371.19,365.42,370.93,2705760.0
1618200000,2021-04-12,368.98,371.77,367.12,370.69,2896632.0
1618286400,2021-04-13,369.93,370.95,367.73,369.02,2652779.0
1618372800,2021-04-14,367.92,371.78,366.56,369.21,2317416.0
1618459200,2021-04-15,371.99,378.04,371.8,377.18,2942155.0
1618545600,2021-04-16,379.63,379.73,374.43,376.87,2725485.0
1618804800,2021-04-19,375.63,375.63,372.96,372.96,31082.0
1618891200,2021-04-20,371.03,372.13,364.56,367.56,3135947.0
1618977600,2021-04-21,369.47,374.85,367.6,373.87,2737100.0
1619064000,2021-04-22,373.86,380.12,372.79,374.13,4041841.0
1619150400,2021-04-23,375.09,380.49,374.23,377.74,2680988.0
1619409600,2021-04-26,378.49,383.48,377.78,378.14,2594407.0
1619496000,2021-04-27,378.87,381.03,376.84,379.7,2479138.0
1619582400,2021-04-28,381.29,391.83,381.29,386.12,4300509.0
1619668800,2021-04-29,382.07,382.94,374.56,379.58,5120255.0
1619755200,2021-04-30,373.64,375.73,366.57,372.86,4532665.0
1620014400,2021-05-03,376.19,377.55,367.78,370.26,3569093.0
1620100800,2021-05-04,367.99,369.1,362.63,366.86,3567949.0
1620187200,2021-05-05,368.83,370.5,359.17,360.25,3303662.0
1620273600,2021-05-06,362.2,366.68,356.89,366.44,3787276.0
1620360000,2021-05-07,368.18,369.52,364.56,366.36,3132003.0
1620619200,2021-05-10,366.74,366.95,356.61,357.52,3193734.0
1620705600,2021-05-11,352.32,360.05,350.62,358.76,3263630.0
1620792000,2021-05-12,355.97,356.58,347.08,348.03,3757743.0
1620878400,2021-05-13,350.68,354.1,349.3,351.35,2848597.0
1620964800,2021-05-14,354.29,355.93,352.79,355.15,3394212.0
1621224000,2021-05-17,353.58,355.29,349.44,354.55,3871803.0
1621310400,2021-05-18,358.16,360.93,354.14,354.33,4760014.0
1621396800,2021-05-19,348.73,352.45,346.81,352.29,5777669.0
1621483200,2021-05-20,354.2,360.51,353.76,358.85,6169740.0
1621569600,2021-05-21,360.25,363.56,358.61,358.75,4298279.0
1621828800,2021-05-24,361.17,364.74,360.74,363.41,3735742.0
1621915200,2021-05-25,364.14,364.75,357.99,358.38,6102101.0
1622001600,2021-05-26,360.11,361.0,353.33,353.92,4807308.0
1622088000,2021-05-27,355.77,357.57,351.86,353.28,8644082.0
1622174400,2021-05-28,354.75,356.61,351.74,351.9,5510783.0
1622520000,2021-06-01,355.7,356.6,350.88,351.13,4800242.0
1622606400,2021-06-02,354.78,362.23,354.14,358.02,5612364.0
1622692800,2021-06-03,354.61,357.86,353.02,353.11,3919258.0
1622779200,2021-06-04,355.54,357.8,354.94,357.21,3656144.0
1623038400,2021-06-07,358.94,362.41,354.53,355.31,3262278.0
1623124800,2021-06-08,356.21,358.83,354.48,356.46,4645985.0
1623211200,2021-06-09,358.1,360.43,354.58,354.58,4070314.0
1623297600,2021-06-10,355.91,356.84,353.24,355.53,3789124.0
1623384000,2021-06-11,356.74,358.02,355.04,356.7,4228566.0
1623643200,2021-06-14,357.19,357.8,353.38,357.69,2840863.0
1623729600,2021-06-15,358.49,359.87,354.01,359.26,3915293.0
1623816000,2021-06-16,360.49,360.49,352.6,355.06,3503350.0
1623902400,2021-06-17,354.75,360.26,352.53,358.45,4467956.0
1623988800,2021-06-18,353.4,361.46,353.28,358.57,6266654.0
1624248000,2021-06-21,359.74,367.39,357.38,364.11,3451492.0
1624334400,2021-06-22,364.98,369.64,363.06,368.94,4072869.0
1624420800,2021-06-23,368.9,369.6,365.28,366.11,2752355.0
1624507200,2021-06-24,369.87,370.91,363.92,365.73,3153135.0
1624593600,2021-06-25,366.41,370.51,364.34,370.47,5337891.0
1624852800,2021-06-28,371.75,371.75,356.33,358.83,5085294.0
1624939200,2021-06-29,360.12,362.45,359.05,359.14,3745401.0
1625025600,2021-06-30,359.09,361.26,355.5,356.3,3416990.0
1625112000,2021-07-01,357.24,362.27,356.8,361.78,3459669.0
1625198400,2021-07-02,363.72,366.45,363.19,366.0,3096120.0
1625544000,2021-07-06,367.58,369.13,362.55,367.06,3019050.0
1625630400,2021-07-07,367.72,369.04,363.48,364.92,3413694.0
1625716800,2021-07-08,359.08,362.1,357.27,361.71,3127328.0
1625803200,2021-07-09,363.33,364.92,361.41,364.39,2834438.0
1626062400,2021-07-12,366.4,367.45,363.55,366.95,3153556.0
1626148800,2021-07-13,366.94,377.78,366.94,374.92,5475014.0
1626235200,2021-07-14,374.2,382.65,374.2,381.84,4491279.0
1626321600,2021-07-15,381.2,384.29,378.57,381.29,4038787.0
1626408000,2021-07-16,384.14,384.44,376.5,378.25,3221304.0
1626667200,2021-07-19,369.34,369.92,355.04,357.07,7254190.0
1626753600,2021-07-20,358.59,367.97,356.9,365.81,3831215.0
1626840000,2021-07-21,367.41,372.17,366.45,371.35,2621304.0
1626926400,2021-07-22,371.58,374.08,368.41,373.4,4474867.0
1627012800,2021-07-23,376.26,385.46,376.26,384.25,3922276.0
1627272000,2021-07-26,382.69,383.88,379.37,383.8,2480631.0
1627358400,2021-07-27,381.06,386.22,377.05,381.32,2983930.0
1627444800,2021-07-28,382.64,382.75,373.56,374.65,3630820.0
1627531200,2021-07-29,378.62,385.69,378.62,379.9,3940128.0
1627617600,2021-07-30,380.08,380.08,374.3,377.09,2864591.0
1627876800,2021-08-02,380.38,381.04,365.23,366.66,3670990.0
1627963200,2021-08-03,368.03,368.04,351.33,359.17,6522804.0
1628049600,2021-08-04,358.86,360.8,355.1,359.58,3602336.0
1628136000,2021-08-05,359.76,363.43,358.59,363.42,2762433.0
1628222400,2021-08-06,362.91,366.89,362.5,365.95,2292852.0
1628481600,2021-08-09,365.61,365.92,360.43,362.18,2543165.0
1628568000,2021-08-10,363.76,364.21,355.76,359.41,3459188.0
1628654400,2021-08-11,360.1,361.48,355.41,355.89,3451453.0
1628740800,2021-08-12,354.26,354.89,349.65,353.68,4375140.0
1628827200,2021-08-13,353.96,355.17,352.36,354.44,2603971.0
1629086400,2021-08-16,352.24,355.47,348.45,355.23,3154726.0
1629172800,2021-08-17,353.7,356.11,351.54,354.9,3279131.0
1629259200,2021-08-18,352.9,357.3,352.33,352.68,3014682.0
1629345600,2021-08-19,348.72,351.89,346.59,349.12,2988155.0
1629432000,2021-08-20,349.17,350.11,345.23,346.85,4453060.0
1629691200,2021-08-23,349.28,353.94,348.57,352.74,3733227.0
1629777600,2021-08-24,354.71,357.71,353.18,353.49,3202412.0
1629864000,2021-08-25,353.66,354.09,350.28,350.87,2538204.0
1629950400,2021-08-26,349.79,349.99,343.73,344.77,4190344.0
1630036800,2021-08-27,344.38,348.33,343.59,347.58,4000341.0
1630296000,2021-08-30,346.67,349.83,344.18,344.96,4245717.0
1630382400,2021-08-31,344.85,347.08,336.78,338.29,7442691.0
1630468800,2021-09-01,339.42,343.98,339.34,341.56,4752338.0
1630555200,2021-09-02,342.48,342.5,331.55,333.46,7757508.0
1630641600,2021-09-03,332.14,336.25,331.16,332.43,5507786.0
1630987200,2021-09-07,336.99,340.02,335.16,336.81,5095985.0
1631073600,2021-09-08,337.09,343.93,337.09,342.99,5411027.0
1631160000,2021-09-09,342.67,345.53,341.9,343.36,3928079.0
1631246400,2021-09-10,346.79,346.86,339.07,339.43,3713477.0
1631505600,2021-09-13,341.98,343.92,338.42,339.85,3567980.0
1631592000,2021-09-14,341.67,341.86,337.34,337.87,3549871.0
1631678400,2021-09-15,339.05,339.56,334.9,336.85,4244595.0
1631764800,2021-09-16,337.49,339.71,336.79,338.37,4275701.0
1631851200,2021-09-17,336.12,338.07,332.96,335.18,6794783.0
1632110400,2021-09-20,330.57,333.29,327.93,331.9,4537161.0
1632196800,2021-09-21,334.36,335.31,329.55,329.65,3160088.0
1632283200,2021-09-22,331.52,335.99,330.78,335.54,3532343.0
1632369600,2021-09-23,337.82,346.66,337.29,345.95,5009087.0
1632456000,2021-09-24,345.92,351.68,344.68,349.95,3557356.0
1632715200,2021-09-27,348.87,354.28,347.02,348.59,4502405.0
1632801600,2021-09-28,347.35,347.84,341.05,343.13,3619837.0
1632888000,2021-09-29,344.72,348.99,344.33,345.09,3140177.0
1632974400,2021-09-30,346.61,347.84,339.44,339.71,4936182.0
1633060800,2021-10-01,341.81,354.86,339.2,351.92,5627610.0
1633320000,2021-10-04,352.38,352.38,331.56,336.31,8307982.0
1633406400,2021-10-05,339.59,340.58,335.07,335.34,5120074.0
1633492800,2021-10-06,332.22,340.88,331.34,340.7,4041440.0
1633579200,2021-10-07,341.42,350.13,341.42,346.23,3703928.0
1633665600,2021-10-08,348.27,352.55,346.52,347.26,2716541.0
1633924800,2021-10-11,346.27,347.18,339.37,339.61,2985271.0
1634011200,2021-10-12,341.08,342.4,337.14,337.84,3227870.0
1634097600,2021-10-13,338.73,341.91,329.67,334.92,3945048.0
1634184000,2021-10-14,336.38,338.3,333.43,337.1,4308695.0
1634270400,2021-10-15,341.42,348.87,340.19,348.27,4429774.0
1634529600,2021-10-18,346.28,352.13,342.63,350.66,3620583.0
1634616000,2021-10-19,350.62,354.43,349.84,354.24,3285006.0
1634702400,2021-10-20,353.85,354.62,348.27,349.03,3111424.0
1634788800,2021-10-21,346.9,348.64,339.73,348.48,2692387.0
1634875200,2021-10-22,348.94,353.79,347.2,350.88,3298338.0
1635134400,2021-10-25,354.59,354.59,353.03,353.03,254693.0
1635220800,2021-10-26,355.49,359.38,349.07,349.56,3730527.0
1635307200,2021-10-27,339.9,343.5,326.55,328.43,10069290.0
1635393600,2021-10-28,336.7,342.88,321.73,325.8,10022453.0
1635480000,2021-10-29,324.05,330.81,323.92,328.24,6564833.0
1635739200,2021-11-01,327.97,333.5,325.65,326.8,5571934.0
1635825600,2021-11-02,327.86,328.48,319.61,321.35,5722870.0
1635912000,2021-11-03,321.37,322.43,316.32,322.28,4253806.0
1635998400,2021-11-04,323.88,331.28,322.18,328.15,5114820.0
1636084800,2021-11-05,335.01,342.56,333.6,341.22,7662912.0
1636347600,2021-11-08,340.46,345.48,340.11,342.08,4268017.0
1636434000,2021-11-09,342.4,342.6,332.28,337.17,4832183.0
1636520400,2021-11-10,342.5,351.81,341.91,350.17,6774793.0
1636606800,2021-11-11,350.6,351.83,344.92,346.65,5065933.0
1636693200,2021-11-12,348.33,355.94,348.2,355.61,5093798.0
1636952400,2021-11-15,357.21,363.07,352.83,353.52,5102222.0
1637038800,2021-11-16,356.85,363.02,354.14,361.54,5658686.0
1637125200,2021-11-17,351.78,360.01,343.6,351.37,12359607.0
1637211600,2021-11-18,352.9,354.61,337.1,340.66,7007479.0
1637298000,2021-11-19,338.49,339.13,331.77,332.35,7502890.0
1637557200,2021-11-22,332.42,334.07,312.82,314.33,11778551.0
1637643600,2021-11-23,317.91,322.53,314.71,321.86,7682234.0
1637730000,2021-11-24,319.85,332.97,317.97,332.62,6897159.0
1637902800,2021-11-26,314.6,319.78,312.08,317.13,7072507.0
1638162000,2021-11-29,322.84,324.62,311.34,316.0,6823800.0
1638248400,2021-11-30,311.1,313.8,303.38,308.08,11363522.0
1638334800,2021-12-01,313.82,315.03,299.36,299.63,8510945.0
1638421200,2021-12-02,302.87,315.21,302.28,313.25,7272614.0
1638507600,2021-12-03,313.29,315.68,307.18,315.12,5290336.0
1638766800,2021-12-06,317.7,329.45,315.01,326.09,6739054.0
1638853200,2021-12-07,329.98,334.99,329.98,332.14,5961261.0
1638939600,2021-12-08,331.87,336.56,326.85,334.91,4615618.0
1639026000,2021-12-09,332.67,339.01,331.65,337.04,3792567.0
1639112400,2021-12-10,339.47,342.65,337.35,342.32,3778358.0
1639371600,2021-12-13,341.61,341.94,332.94,337.81,5092034.0
1639458000,2021-12-14,337.82,340.65,330.53,333.16,5238479.0
1639544400,2021-12-15,332.62,339.07,328.25,338.83,5660718.0
1639630800,2021-12-16,344.07,346.09,337.63,345.26,5960026.0
1639717200,2021-12-17,341.61,345.13,336.65,341.73,7592063.0
1639976400,2021-12-20,333.83,336.07,328.93,329.7,5706345.0
1640062800,2021-12-21,332.94,344.36,332.0,343.13,3556352.0
1640149200,2021-12-22,339.06,350.84,339.06,349.72,3852527.0
1640235600,2021-12-23,349.78,354.6,347.29,352.75,2906975.0
1640581200,2021-12-27,352.19,353.24,347.88,352.49,2927808.0
1640667600,2021-12-28,351.0,356.23,350.63,352.95,2293065.0
1640754000,2021-12-29,353.93,355.27,352.37,353.45,1956265.0
1640840400,2021-12-30,354.14,356.74,351.32,353.15,1787628.0
1640926800,2021-12-31,350.18,355.49,349.04,351.52,2391865.0
1641186000,2022-01-03,351.98,364.24,351.45,362.9,5065177.0
1641272400,2022-01-04,363.92,374.1,363.58,367.24,7189499.0
1641358800,2022-01-05,365.88,374.2,364.42,365.78,6765516.0
1641445200,2022-01-06,361.17,366.58,359.02,362.45,5226320.0
1641531600,2022-01-07,358.91,364.2,356.68,362.11,5251208.0
1641790800,2022-01-10,363.34,363.34,341.65,356.48,6724872.0
1641877200,2022-01-11,356.11,360.55,348.82,358.81,4670766.0
1641963600,2022-01-12,361.41,364.53,359.58,359.81,6284049.0
1642050000,2022-01-13,361.09,369.97,360.37,361.98,4288516.0
1642136400,2022-01-14,356.88,367.13,356.72,364.54,4392527.0
1642482000,2022-01-18,363.22,364.54,357.75,358.82,5661793.0
1642568400,2022-01-19,355.01,361.76,352.37,353.37,4823563.0
1642654800,2022-01-20,354.45,365.46,354.29,356.57,5376965.0
1642741200,2022-01-21,355.1,360.62,346.88,347.83,5450380.0
1643000400,2022-01-24,335.58,342.29,329.14,342.29,2583112.0
1643086800,2022-01-25,336.31,339.96,326.59,331.85,7623525.0
1643173200,2022-01-26,336.35,347.52,334.29,337.63,7267906.0
1643259600,2022-01-27,341.96,352.29,327.51,343.38,9041537.0
1643346000,2022-01-28,351.72,374.96,348.13,374.7,9435697.0
1643605200,2022-01-31,370.95,378.66,368.61,378.49,7154499.0
1643691600,2022-02-01,377.89,387.43,374.61,384.06,6307400.0
1643778000,2022-02-02,381.34,391.76,374.94,388.65,6624650.0
1643864400,2022-02-03,380.61,384.92,378.6,382.11,4724556.0
1643950800,2022-02-04,379.66,380.23,368.73,374.4,6668097.0
1644210000,2022-02-07,374.4,374.6,365.69,368.45,5376870.0
1644296400,2022-02-08,369.83,372.02,362.98,366.73,6110135.0
1644382800,2022-02-09,377.73,380.52,372.83,373.59,5977982.0
1644469200,2022-02-10,364.13,372.24,363.0,366.75,4474955.0
1644555600,2022-02-11,370.15,373.13,360.14,362.22,4918608.0
1644814800,2022-02-14,361.29,369.59,359.27,366.52,4196769.0
1644901200,2022-02-15,366.93,375.25,365.78,373.75,6987976.0
1644987600,2022-02-16,372.21,377.14,369.09,375.11,3767837.0
1645074000,2022-02-17,370.87,373.51,364.57,366.07,4734615.0
1645160400,2022-02-18,366.87,367.16,361.47,362.4,4918449.0
1645506000,2022-02-22,357.55,366.68,356.37,360.77,4296860.0
1645592400,2022-02-23,364.38,365.94,352.78,353.86,4166118.0
1645678800,2022-02-24,338.88,362.98,334.35,361.84,8171023.0
1645765200,2022-02-25,359.73,364.99,354.32,361.56,4190784.0
1646024400,2022-02-28,354.8,357.9,348.4,353.46,5656605.0
1646110800,2022-03-01,350.55,354.2,334.26,337.45,6396723.0
1646197200,2022-03-02,335.96,341.21,331.78,337.07,5478994.0
1646283600,2022-03-03,340.53,342.37,333.75,334.03,4369033.0
1646370000,2022-03-04,330.02,331.91,317.39,324.01,5076878.0
1646629200,2022-03-07,322.85,323.07,305.74,306.53,7627932.0
1646715600,2022-03-08,303.67,307.91,303.67,307.91,328200.0
1646802000,2022-03-09,316.55,322.73,314.56,321.43,4663104.0
1646888400,2022-03-10,315.37,319.46,313.22,317.97,4207670.0
1646974800,2022-03-11,323.29,324.21,317.42,318.16,3368024.0
1647230400,2022-03-14,322.38,330.0,320.58,321.88,4597136.0
1647316800,2022-03-15,325.64,331.47,324.45,328.16,4237784.0
1647403200,2022-03-16,335.01,343.78,329.81,337.65,4886298.0
1647489600,2022-03-17,334.63,339.8,332.82,339.37,3825772.0
1647576000,2022-03-18,339.62,345.54,335.5,342.94,9961486.0
1647835200,2022-03-21,338.96,342.86,335.5,338.53,7914361.0
1647921600,2022-03-22,339.7,346.7,338.46,342.4,6368942.0
1648008000,2022-03-23,336.39,339.65,334.77,335.2,2902189.0
1648094400,2022-03-24,335.26,342.32,333.75,342.22,2827135.0
1648180800,2022-03-25,343.26,344.37,338.6,341.9,2436349.0
1648440000,2022-03-28,341.4,343.41,336.51,343.34,3689852.0
1648526400,2022-03-29,351.4,363.19,349.81,360.05,5983953.0
1648612800,2022-03-30,356.58,360.77,352.28,354.85,3326698.0
1648699200,2022-03-31,352.24,356.69,350.07,350.09,5126080.0
1648785600,2022-04-01,351.89,360.38,350.86,356.54,4243753.0
1649044800,2022-04-04,356.82,362.21,355.74,359.42,3381078.0
1649131200,2022-04-05,355.89,360.13,354.54,355.9,2549039.0
1649217600,2022-04-06,349.19,349.8,342.45,346.33,4333402.0
1649304000,2022-04-07,344.49,346.18,339.22,342.9,3248957.0
1649390400,2022-04-08,340.69,349.12,339.07,345.56,2274462.0
1649649600,2022-04-11,343.96,344.81,339.24,340.76,2084951.0
1649736000,2022-04-12,343.34,347.73,337.92,339.22,4332955.0
1649822400,2022-04-13,337.85,350.2,336.34,348.38,3368270.0
1649908800,2022-04-14,350.38,356.04,350.08,351.01,3932997.0
1650254400,2022-04-18,347.25,353.89,346.5,350.01,2212439.0
1650340800,2022-04-19,350.02,357.73,349.29,356.94,3389353.0
1650427200,2022-04-20,359.68,364.81,356.94,358.34,3809045.0
1650513600,2022-04-21,362.45,368.08,356.54,357.5,4027274.0
1650600000,2022-04-22,353.64,355.2,343.94,344.49,3361444.0
1650859200,2022-04-25,342.63,348.3,340.54,347.85,3800646.0
1650945600,2022-04-26,341.32,343.4,337.04,337.56,3521639.0
1651032000,2022-04-27,350.2,366.63,349.22,354.69,5805808.0
1651118400,2022-04-28,362.1,374.7,361.77,371.62,7320777.0
1651204800,2022-04-29,364.97,369.94,354.86,356.46,5748825.0
1651464000,2022-05-02,356.09,357.98,343.92,352.21,4281076.0
1651550400,2022-05-03,354.71,356.52,346.71,350.98,2978724.0
1651636800,2022-05-04,352.53,362.21,346.93,361.5,3619848.0
1651723200,2022-05-05,355.21,360.77,342.39,346.64,3822358.0
1651809600,2022-05-06,339.66,344.57,334.29,340.51,4233217.0
1652068800,2022-05-09,334.51,335.87,318.71,321.75,6181006.0
1652155200,2022-05-10,325.98,327.33,316.9,319.14,5813941.0
1652241600,2022-05-11,319.28,324.7,312.49,319.67,4623210.0
1652328000,2022-05-12,315.64,319.39,306.82,315.12,4204399.0
1652414400,2022-05-13,321.43,328.85,319.88,326.46,3876670.0
1652673600,2022-05-16,322.29,327.2,318.84,323.45,2333314.0
1652760000,2022-05-17,333.64,334.69,326.2,332.41,3276782.0
1652846400,2022-05-18,327.27,335.09,327.21,329.51,5045451.0
1652932800,2022-05-19,323.72,329.81,318.25,325.9,4730377.0
1653019200,2022-05-20,329.31,333.14,321.45,329.78,3929169.0
1653278400,2022-05-23,332.58,344.61,332.51,341.8,3727344.0
1653364800,2022-05-24,337.34,337.45,329.58,334.2,2935045.0
1653451200,2022-05-25,334.1,341.12,332.75,338.2,3420131.0
1653537600,2022-05-26,341.38,346.53,339.42,343.23,3151528.0
1653624000,2022-05-27,346.66,350.98,345.41,350.97,2976833.0
1653969600,2022-05-31,346.37,354.1,344.46,351.06,5214594.0
1654056000,2022-06-01,351.38,357.5,348.1,350.26,2475322.0
1654142400,2022-06-02,353.63,358.1,350.95,356.17,2797656.0
1654228800,2022-06-03,352.64,354.08,349.0,351.01,2101613.0
1654488000,2022-06-06,355.11,361.3,351.7,353.28,2519269.0
1654574400,2022-06-07,350.14,357.54,349.55,357.09,2694852.0
1654660800,2022-06-08,358.05,360.13,354.1,355.43,1928275.0
1654747200,2022-06-09,352.91,355.31,342.3,342.36,2669468.0
1654833600,2022-06-10,334.83,337.76,328.23,328.38,3663370.0
1655092800,2022-06-13,315.87,324.6,311.87,313.65,5322051.0
1655179200,2022-06-14,314.01,317.83,313.57,316.01,3245262.0
1655265600,2022-06-15,321.18,324.34,313.35,319.2,2696807.0
1655352000,2022-06-16,310.07,310.43,299.27,302.9,4951449.0
1655438400,2022-06-17,301.16,308.15,297.87,304.78,8288631.0
1655784000,2022-06-21,310.03,314.13,308.89,311.36,3622480.0
1655870400,2022-06-22,307.5,312.97,305.43,310.13,3072667.0
1655956800,2022-06-23,312.83,313.89,307.57,310.73,2426772.0
1656043200,2022-06-24,313.14,324.51,313.14,324.21,5459474.0
1656302400,2022-06-27,325.65,325.65,320.89,322.57,3126411.0
1656388800,2022-06-28,326.37,330.73,312.06,312.23,3754470.0
1656475200,2022-06-29,313.04,319.9,312.35,316.45,3812629.0
1656561600,2022-06-30,309.3,312.23,303.79,309.47,4201728.0
1656648000,2022-07-01,308.12,312.87,305.38,312.18,2583645.0
1656993600,2022-07-05,307.12,314.21,303.56,313.18,2416043.0
1657080000,2022-07-06,312.93,316.22,309.71,314.08,2462141.0
1657166400,2022-07-07,316.69,319.16,313.91,318.38,2630274.0
1657252800,2022-07-08,317.11,319.28,313.74,317.39,2036363.0
1657512000,2022-07-11,313.77,320.49,313.55,318.5,2575356.0
1657598400,2022-07-12,314.59,321.61,314.59,317.19,3199793.0
1657684800,2022-07-13,310.4,319.23,308.3,317.69,2730082.0
1657771200,2022-07-14,310.61,321.83,309.85,319.32,3119105.0
1657857600,2022-07-15,327.77,329.67,323.97,326.73,4142542.0
1658116800,2022-07-18,329.61,331.58,324.0,325.2,2880415.0
1658203200,2022-07-19,325.96,336.01,325.96,334.41,3119890.0
1658289600,2022-07-20,334.41,337.29,330.38,335.28,2838263.0
1658376000,2022-07-21,335.87,341.13,334.09,340.83,2548502.0
1658462400,2022-07-22,342.76,344.93,334.42,337.84,2515762.0
1658721600,2022-07-25,338.4,339.47,334.14,338.17,2408831.0
1658808000,2022-07-26,336.64,338.58,333.34,335.29,2539358.0
1658894400,2022-07-27,336.99,342.8,325.43,337.24,5017722.0
1658980800,2022-07-28,341.89,347.05,334.64,346.26,3903784.0
1659067200,2022-07-29,347.91,350.54,343.82,347.58,3766512.0
1659326400,2022-08-01,341.7,348.61,339.59,344.39,2554647.0
1659412800,2022-08-02,340.99,344.99,337.94,342.88,3185567.0
1659499200,2022-08-03,343.86,350.22,342.42,347.91,3236968.0
1659585600,2022-08-04,348.44,352.31,343.51,349.82,2629552.0
1659672000,2022-08-05,344.25,351.55,344.25,351.23,2059733.0
1659931200,2022-08-08,352.7,352.7,343.75,345.98,2681247.0
1660017600,2022-08-09,344.25,344.96,339.29,340.46,2760239.0
1660104000,2022-08-10,348.12,348.33,344.89,347.18,2790052.0
1660190400,2022-08-11,349.6,349.6,344.2,344.43,2978937.0
1660276800,2022-08-12,348.51,349.21,344.11,348.05,2875592.0
1660536000,2022-08-15,346.15,355.6,344.66,353.63,3022724.0
1660622400,2022-08-16,348.05,353.68,346.9,352.94,2932137.0
1660708800,2022-08-17,347.29,350.69,345.58,349.09,2855761.0
1660795200,2022-08-18,348.1,353.21,347.36,351.09,2221584.0
1660881600,2022-08-19,350.37,350.51,347.35,348.06,2118535.0
1661140800,2022-08-22,343.86,344.84,338.24,339.45,2540508.0
1661227200,2022-08-23,336.67,339.15,333.41,334.91,2497323.0
1661313600,2022-08-24,334.21,336.28,332.41,333.75,2426076.0
1661400000,2022-08-25,334.03,339.07,331.4,338.62,2537560.0
1661486400,2022-08-26,338.99,339.57,325.88,326.13,2235538.0
1661745600,2022-08-29,324.2,326.97,322.02,323.57,2563532.0
1661832000,2022-08-30,325.19,327.13,319.86,322.06,2814449.0
1661918400,2022-08-31,322.53,325.36,318.59,318.68,3717432.0
1662004800,2022-09-01,318.13,319.89,313.61,319.54,2781108.0
1662091200,2022-09-02,323.63,323.88,314.9,316.9,2196424.0
1662436800,2022-09-06,316.84,321.25,314.93,318.39,2321289.0
1662523200,2022-09-07,318.39,323.42,316.4,322.85,2316535.0
1662609600,2022-09-08,318.83,324.49,317.8,324.28,2475102.0
1662696000,2022-09-09,324.74,331.1,324.35,329.95,2033519.0
1662955200,2022-09-12,332.16,333.52,330.04,332.48,2473584.0
1663041600,2022-09-13,324.21,326.95,318.88,319.73,2745884.0
1663128000,2022-09-14,321.3,322.71,317.67,320.13,3024366.0
1663214400,2022-09-15,317.91,320.22,309.64,311.4,2824176.0
1663300800,2022-09-16,307.36,310.09,303.68,309.6,5051368.0
1663560000,2022-09-19,306.47,309.91,304.8,308.52,2896728.0
1663646400,2022-09-20,305.7,308.85,304.01,307.77,3100110.0
1663732800,2022-09-21,308.96,309.45,298.88,299.15,2627006.0
1663819200,2022-09-22,297.63,297.76,291.38,293.12,3554921.0
1663905600,2022-09-23,287.98,289.4,285.15,288.43,3610354.0
1664164800,2022-09-26,284.96,290.16,284.04,285.02,4185429.0
1664251200,2022-09-27,290.28,292.67,279.8,281.45,4455419.0
1664337600,2022-09-28,280.11,287.84,276.75,285.09,6087326.0
1664424000,2022-09-29,283.29,286.94,279.84,281.74,3855798.0
1664510400,2022-09-30,281.82,285.65,279.35,279.35,4593947.0
1664769600,2022-10-03,282.8,287.61,279.91,285.38,5770039.0
1664856000,2022-10-04,290.99,298.63,290.78,295.98,4415580.0
1664942400,2022-10-05,292.75,301.22,292.03,298.86,3136542.0
1665028800,2022-10-06,297.76,300.19,294.09,294.46,2788058.0
1665115200,2022-10-07,291.93,292.45,288.32,290.27,2621415.0
1665374400,2022-10-10,292.3,292.51,284.92,287.13,2045816.0
1665460800,2022-10-11,285.21,285.75,279.89,281.49,3869664.0
1665547200,2022-10-12,281.97,282.91,278.69,278.86,3102174.0
1665633600,2022-10-13,272.86,290.72,272.46,289.27,3640443.0
1665720000,2022-10-14,291.14,293.86,283.25,284.09,3675019.0
1665979200,2022-10-17,290.71,293.97,286.69,290.34,4039120.0
1666065600,2022-10-18,298.34,298.86,291.82,295.59,3939860.0
1666152000,2022-10-19,290.75,294.86,290.09,293.01,2154369.0
1666238400,2022-10-20,293.0,297.9,290.9,291.56,2769846.0
1666324800,2022-10-21,289.81,297.88,288.82,297.55,4751127.0
1666584000,2022-10-24,299.66,302.1,295.71,300.73,3514430.0
1666670400,2022-10-25,301.03,307.12,300.98,306.44,3377301.0
1666756800,2022-10-26,307.31,319.28,307.31,314.42,5783587.0
1666843200,2022-10-27,311.14,317.93,309.05,314.28,5190001.0
1666929600,2022-10-28,314.22,326.51,312.75,324.22,4062179.0
1667188800,2022-10-31,323.64,324.19,318.62,322.95,3772088.0
1667275200,2022-11-01,326.92,328.32,321.88,327.88,4154535.0
1667361600,2022-11-02,326.14,327.69,314.53,314.72,3545292.0
1667448000,2022-11-03,326.14,327.69,314.53,314.72,3545292.0
1667534400,2022-11-04,308.84,317.97,308.25,313.29,3550832.0
1667797200,2022-11-07,317.31,320.61,312.64,319.95,2742320.0
1667883600,2022-11-08,321.03,324.15,317.12,320.56,2387459.0
1667970000,2022-11-09,317.14,318.52,310.13,310.61,3001178.0
1668056400,2022-11-10,325.9,332.02,323.91,331.89,3254972.0
1668142800,2022-11-11,333.59,337.17,331.0,333.88,3734662.0
1668402000,2022-11-14,331.37,339.02,330.66,333.96,2349019.0
1668488400,2022-11-15,341.06,345.62,334.08,338.03,2983623.0
1668574800,2022-11-16,337.69,339.63,334.67,337.29,2579780.0
1668661200,2022-11-17,333.59,336.47,331.63,335.83,2004543.0
1668747600,2022-11-18,340.15,343.07,335.89,338.21,2736665.0
1669006800,2022-11-21,337.53,338.76,332.24,332.86,1965239.0
1669093200,2022-11-22,334.41,339.81,332.18,339.46,2510939.0
1669179600,2022-11-23,339.13,345.21,338.66,343.08,1937368.0
1669352400,2022-11-25,343.4,345.8,342.53,345.69,944409.0
1669611600,2022-11-28,341.15,344.65,337.76,339.1,2226412.0
1669698000,2022-11-29,338.17,339.22,335.32,337.66,1724326.0
1669784400,2022-11-30,337.38,350.72,336.04,350.72,4252283.0
1669870800,2022-12-01,352.28,355.81,348.4,355.05,3374744.0
1669957200,2022-12-02,351.75,356.51,350.38,354.32,2015546.0
1670216400,2022-12-05,350.32,353.18,348.8,350.41,2202602.0
1670302800,2022-12-06,348.18,349.34,338.86,341.99,2353297.0
1670389200,2022-12-07,341.35,342.3,336.03,341.88,2454399.0
1670475600,2022-12-08,344.42,346.55,341.68,345.57,1998664.0
1670562000,2022-12-09,342.84,347.15,341.82,343.27,2301121.0
1670821200,2022-12-12,344.72,352.72,343.53,352.46,2427292.0
1670907600,2022-12-13,363.35,363.37,350.06,351.46,3072366.0
1670994000,2022-12-14,351.31,356.33,348.13,351.81,2587188.0
1671080400,2022-12-15,345.82,348.16,337.1,340.73,2774976.0
1671166800,2022-12-16,339.27,342.69,337.9,340.33,5946562.0
1671426000,2022-12-19,339.85,340.34,334.13,335.82,2457278.0
1671512400,2022-12-20,335.93,338.88,335.19,337.48,1895912.0
1671598800,2022-12-21,338.16,342.06,336.91,340.18,2086988.0
1671685200,2022-12-22,338.7,340.09,331.07,336.07,2276404.0
1671771600,2022-12-23,333.61,339.05,332.31,338.12,1914503.0
1672117200,2022-12-27,338.61,341.38,336.36,340.64,1637700.0
1672203600,2022-12-28,341.02,343.94,336.33,336.5,1854082.0
1672290000,2022-12-29,338.89,344.14,338.06,342.66,1459793.0
1672376400,2022-12-30,339.82,342.35,338.14,342.19,1617527.0
1672722000,2023-01-03,344.38,349.01,338.46,341.27,2933755.0
1672808400,2023-01-04,345.79,351.29,344.11,349.49,2661005.0
1672894800,2023-01-05,350.44,351.86,345.67,346.16,2608546.0
1672981200,2023-01-06,352.16,363.4,350.2,362.37,4432352.0
1673240400,2023-01-09,366.27,369.59,364.23,365.62,3913658.0
1673326800,2023-01-10,363.49,366.32,361.92,365.66,3485924.0
1673413200,2023-01-11,367.25,372.47,365.91,372.41,3370200.0
1673499600,2023-01-12,372.41,375.63,371.49,374.33,3291386.0
1673586000,2023-01-13,369.65,372.42,368.91,370.11,4259972.0
1673931600,2023-01-17,369.59,372.87,368.58,369.59,2814656.0
1674018000,2023-01-18,369.11,370.39,363.19,363.6,2747128.0
1674104400,2023-01-19,359.34,365.45,358.36,362.63,3111242.0
1674190800,2023-01-20,364.89,371.19,364.07,370.85,3863380.0
1674450000,2023-01-23,371.31,375.88,370.93,373.11,2743884.0
1674536400,2023-01-24,327.59,417.88,327.59,374.53,2756630.0
1674622800,2023-01-25,369.69,377.04,369.69,376.88,3502026.0
1674709200,2023-01-26,377.88,378.57,367.62,371.8,3718355.0
1674795600,2023-01-27,370.77,375.03,368.0,368.64,3405538.0
1675054800,2023-01-30,364.13,368.35,364.07,365.77,2688806.0
1675141200,2023-01-31,364.66,367.11,361.73,365.26,3137379.0
1675227600,2023-02-01,363.26,371.35,361.71,368.69,2951854.0
1675314000,2023-02-02,374.05,374.98,367.42,369.53,2761579.0
1675400400,2023-02-03,365.45,372.77,365.15,368.52,2739603.0
1675659600,2023-02-06,364.66,368.93,363.73,367.59,2068357.0
1675746000,2023-02-07,366.15,371.63,363.52,369.65,2309176.0
1675832400,2023-02-08,367.79,370.37,364.8,365.01,2193818.0
1675918800,2023-02-09,367.92,369.17,363.93,365.08,2287602.0
1676005200,2023-02-10,364.31,364.91,357.69,361.54,2270692.0
1676264400,2023-02-13,363.25,365.79,361.78,365.48,2286551.0
1676350800,2023-02-14,364.25,368.03,362.43,364.63,1841422.0
1676437200,2023-02-15,361.0,364.47,359.75,364.31,2203417.0
1676523600,2023-02-16,359.64,367.7,359.64,362.25,2792721.0
1676610000,2023-02-17,358.81,361.41,354.61,355.92,2718865.0
1676955600,2023-02-21,351.62,356.55,350.07,350.83,2730919.0
1677042000,2023-02-22,350.24,352.58,348.12,349.85,2109544.0
1677128400,2023-02-23,352.58,352.58,346.59,350.4,1975505.0
1677214800,2023-02-24,345.76,348.9,344.55,348.03,2016095.0
1677474000,2023-02-27,350.51,352.87,349.7,350.35,2200873.0
1677560400,2023-02-28,349.69,352.64,348.15,350.17,2733091.0
1677646800,2023-03-01,348.9,350.19,344.35,348.4,1968084.0
1677733200,2023-03-02,348.53,351.48,346.62,350.44,2526001.0
1677819600,2023-03-03,352.96,356.47,351.94,356.29,2174933.0
1678078800,2023-03-06,356.6,363.22,356.05,361.64,2789640.0
1678165200,2023-03-07,361.88,363.83,354.37,354.75,1660771.0
1678251600,2023-03-08,353.44,356.48,352.13,353.85,1634442.0
1678338000,2023-03-09,354.07,358.77,348.81,349.33,2414831.0
1678424400,2023-03-10,347.33,347.96,340.25,342.11,3176370.0
1678680000,2023-03-13,338.68,344.82,335.3,339.74,3308396.0
1678766400,2023-03-14,345.94,350.98,343.53,347.73,3413323.0
1678852800,2023-03-15,341.06,343.37,338.69,343.06,3082755.0
1678939200,2023-03-16,341.62,343.66,335.37,342.98,3768216.0
1679025600,2023-03-17,345.2,346.87,341.86,344.62,8426793.0
1679284800,2023-03-20,342.98,348.73,342.33,344.28,3864278.0
1679371200,2023-03-21,349.26,351.06,345.77,349.46,3766785.0
1679457600,2023-03-22,349.5,354.81,345.97,345.97,2596388.0
1679544000,2023-03-23,347.33,354.67,346.77,349.26,2598053.0
1679630400,2023-03-24,345.4,347.34,341.32,346.56,2971516.0
1679889600,2023-03-27,350.44,352.73,349.17,349.51,2420474.0
1679976000,2023-03-28,350.43,350.77,347.71,349.22,1695997.0
1680062400,2023-03-29,352.23,354.83,350.69,354.35,2327006.0
1680148800,2023-03-30,355.75,357.36,353.07,354.08,2480656.0
1680235200,2023-03-31,355.92,358.41,355.18,358.17,3376557.0
1680494400,2023-04-03,357.38,361.37,356.53,361.19,2978067.0
1680580800,2023-04-04,361.51,363.8,358.14,358.65,2198730.0
1680667200,2023-04-05,358.8,360.43,356.95,359.11,2239771.0
1680753600,2023-04-06,356.56,357.37,351.39,356.82,2357712.0
1681099200,2023-04-10,355.08,356.28,352.98,355.5,1559126.0
1681185600,2023-04-11,358.74,360.49,356.51,359.44,3033867.0
1681272000,2023-04-12,361.37,363.85,356.38,357.12,2268779.0
1681358400,2023-04-13,359.14,364.99,358.71,364.89,2611866.0
1681444800,2023-04-14,365.24,368.58,364.36,367.64,2254587.0
1681704000,2023-04-17,368.55,369.28,363.65,367.96,2432923.0
1681790400,2023-04-18,369.14,369.14,365.2,367.53,2087976.0
1681876800,2023-04-19,368.19,369.33,366.38,368.0,1795447.0
1681963200,2023-04-20,366.67,370.36,364.93,370.17,2125035.0
1682049600,2023-04-21,370.88,372.57,368.45,370.41,3537818.0
1682308800,2023-04-24,370.32,372.78,368.81,369.91,1886286.0
1682395200,2023-04-25,368.69,369.76,363.58,363.79,2244992.0
1682481600,2023-04-26,364.88,367.42,361.38,362.04,2594201.0
1682568000,2023-04-27,361.86,370.15,356.35,368.86,3859931.0
1682654400,2023-04-28,367.73,377.01,366.73,375.14,3103558.0
1682913600,2023-05-01,375.59,377.53,374.08,374.97,1745122.0
1683000000,2023-05-02,372.91,373.96,366.16,371.19,2478715.0
1683086400,2023-05-03,371.82,374.66,369.51,370.07,1970904.0
1683172800,2023-05-04,369.68,372.0,367.35,371.28,2814954.0
1683259200,2023-05-05,375.67,380.19,373.37,379.71,2682743.0
1683518400,2023-05-08,379.07,382.47,378.83,380.55,1719712.0
1683604800,2023-05-09,378.94,381.2,377.77,378.01,2036429.0
1683691200,2023-05-10,381.02,381.78,372.79,377.61,1940761.0
1683777600,2023-05-11,377.29,380.75,374.38,378.45,1901218.0
1683864000,2023-05-12,379.54,380.06,373.92,377.0,2043994.0
1684123200,2023-05-15,376.95,378.72,375.63,378.47,1957649.0
1684209600,2023-05-16,377.67,378.66,372.46,375.34,2762816.0
1684296000,2023-05-17,377.28,382.53,374.25,382.02,3260404.0
1684382400,2023-05-18,382.13,386.97,380.84,386.97,3729697.0
1684468800,2023-05-19,386.95,387.15,380.18,380.61,3368830.0
1684728000,2023-05-22,380.03,382.38,379.23,379.58,1808828.0
1684814400,2023-05-23,376.61,377.11,365.67,368.94,3979249.0
1684900800,2023-05-24,364.61,364.85,360.87,363.76,2655686.0
1684987200,2023-05-25,363.17,366.21,360.21,365.28,3752240.0
1685073600,2023-05-26,366.22,370.84,365.29,369.55,2691303.0
1685419200,2023-05-30,371.44,371.78,361.49,362.77,3430234.0
1685505600,2023-05-31,360.3,360.99,353.24,360.32,10695409.0
1685592000,2023-06-01,362.43,366.31,361.34,366.1,3389809.0
1685678400,2023-06-02,369.77,370.98,367.36,368.92,2501459.0
1685937600,2023-06-05,367.95,368.23,363.79,365.75,2464118.0
1686024000,2023-06-06,368.15,375.48,367.02,375.07,2758723.0
1686110400,2023-06-07,374.41,375.6,363.52,366.61,3714519.0
1686196800,2023-06-08,364.6,365.01,361.13,362.86,2595274.0
1686283200,2023-06-09,365.69,367.31,363.03,364.47,2202371.0
1686542400,2023-06-12,365.9,371.13,365.18,370.48,2407764.0
1686628800,2023-06-13,370.48,372.32,365.05,366.6,2444152.0
1686715200,2023-06-14,368.13,373.21,367.23,369.94,2775463.0
1686801600,2023-06-15,368.46,374.68,365.75,374.16,2558125.0
1686888000,2023-06-16,376.7,377.97,371.32,371.68,5882365.0
1687233600,2023-06-20,370.18,374.62,368.94,369.8,3961766.0
1687320000,2023-06-21,369.15,373.52,368.85,371.3,2301314.0
1687406400,2023-06-22,370.28,373.61,369.13,372.94,1934458.0
1687492800,2023-06-23,370.15,376.21,368.41,374.92,3739720.0
1687752000,2023-06-26,373.19,375.1,370.52,372.56,3327849.0
1687838400,2023-06-27,375.44,377.91,374.13,376.87,2197373.0
1687924800,2023-06-28,376.28,376.48,373.79,375.33,2012435.0
1688011200,2023-06-29,375.95,383.01,375.6,382.68,2524838.0
1688097600,2023-06-30,383.1,390.08,383.1,388.24,4311093.0
1688356800,2023-07-03,386.3,389.23,383.68,388.89,1296035.0
1688529600,2023-07-05,383.8,390.16,382.15,389.65,2781999.0
1688616000,2023-07-06,389.32,389.7,385.28,388.64,2156895.0
1688702400,2023-07-07,386.19,387.96,383.96,384.23,2654517.0
1688961600,2023-07-10,384.03,388.93,383.57,387.67,2148584.0
1689048000,2023-07-11,389.12,393.9,387.85,393.25,2106365.0
1689134400,2023-07-12,394.43,398.56,394.15,396.1,2273533.0
1689220800,2023-07-13,398.39,398.63,395.88,395.98,2354876.0
1689307200,2023-07-14,397.52,398.87,395.71,397.9,1978499.0
1689566400,2023-07-17,397.35,399.38,396.53,397.6,2344567.0
1689652800,2023-07-18,395.84,397.34,390.69,393.6,2676241.0
1689739200,2023-07-19,393.45,395.27,391.77,393.71,1809753.0
1689825600,2023-07-20,392.6,395.15,391.02,393.5,2570772.0
1689912000,2023-07-21,394.11,396.92,392.87,392.94,1868149.0
1690171200,2023-07-24,392.93,400.28,392.07,400.16,3029809.0
1690257600,2023-07-25,398.75,400.23,396.41,396.69,2490525.0
1690344000,2023-07-26,394.61,398.69,391.22,397.8,2572263.0
1690430400,2023-07-27,400.55,400.55,389.44,389.99,3563320.0
1690516800,2023-07-28,393.41,393.45,384.43,388.46,4501095.0
1690776000,2023-07-31,389.46,391.55,387.97,389.77,3578343.0
1690862400,2023-08-01,389.27,392.75,387.87,392.53,2344259.0
1690948800,2023-08-02,389.37,389.7,385.12,385.56,2410677.0
1691035200,2023-08-03,383.12,388.94,382.0,388.51,2190534.0
1691121600,2023-08-04,387.13,391.56,385.61,386.87,2215815.0
1691380800,2023-08-07,388.5,393.2,388.5,392.33,1559900.0
1691467200,2023-08-08,391.65,391.84,385.67,388.69,1747174.0
1691553600,2023-08-09,389.35,392.25,387.39,389.16,1806064.0
1691640000,2023-08-10,391.92,396.05,391.18,392.6,2154471.0
1691726400,2023-08-11,391.22,392.13,388.31,390.46,1464656.0
1691985600,2023-08-14,391.91,394.66,390.09,394.02,1638577.0
1692072000,2023-08-15,392.94,392.94,389.09,389.94,1753283.0
1692158400,2023-08-16,388.94,394.63,388.62,389.86,2002013.0
1692244800,2023-08-17,391.61,391.67,386.52,388.13,2118704.0
1692331200,2023-08-18,385.36,389.33,384.38,387.68,2001801.0
1692590400,2023-08-21,388.71,390.47,386.55,388.7,1869504.0
1692676800,2023-08-22,390.48,394.21,389.17,393.29,2422583.0
1692763200,2023-08-23,394.7,397.32,393.8,396.47,1943221.0
1692849600,2023-08-24,396.99,399.38,392.95,393.12,1970017.0
1692936000,2023-08-25,396.07,399.99,394.43,398.28,2154775.0
1693195200,2023-08-28,399.38,403.13,398.54,402.78,1901275.0
1693281600,2023-08-29,402.76,407.47,401.94,406.94,2188939.0
1693368000,2023-08-30,410.03,413.0,408.79,409.17,2516722.0
1693454400,2023-08-31,409.47,411.53,407.07,407.92,2535135.0
1693540800,2023-09-01,409.1,411.74,407.77,410.81,1841672.0
1693886400,2023-09-05,408.62,410.65,405.01,406.79,2045556.0
1693972800,2023-09-06,406.08,408.65,404.21,408.45,2292122.0
1694059200,2023-09-07,407.21,411.37,407.02,409.88,2502687.0
1694145600,2023-09-08,410.25,411.57,409.12,410.09,1869469.0
1694404800,2023-09-11,412.08,412.81,409.89,411.92,1544747.0
1694491200,2023-09-12,411.19,412.87,410.5,411.51,1997631.0
1694577600,2023-09-13,411.41,413.62,410.22,411.54,2142221.0
1694664000,2023-09-14,413.51,413.81,403.11,408.61,3557786.0
1694750400,2023-09-15,407.15,413.51,406.44,409.57,4755527.0
1695009600,2023-09-18,409.14,413.1,408.31,412.36,1808119.0
1695096000,2023-09-19,412.19,412.33,406.4,408.8,1731090.0
1695182400,2023-09-20,409.03,411.09,405.39,405.82,1580643.0
1695268800,2023-09-21,403.67,404.09,397.5,398.74,2451064.0
1695355200,2023-09-22,399.76,402.19,396.96,397.62,1885065.0
1695614400,2023-09-25,396.02,398.62,395.26,397.88,1846581.0
1695700800,2023-09-26,395.42,396.26,389.11,390.86,2940561.0
1695787200,2023-09-27,391.68,392.49,387.0,390.95,1987557.0
1695873600,2023-09-28,391.3,396.76,390.84,394.87,2371305.0
1695960000,2023-09-29,397.43,397.58,389.74,391.38,3032387.0
1696219200,2023-10-02,389.1,391.82,387.95,391.32,2856977.0
1696305600,2023-10-03,389.99,393.31,384.52,386.58,2528122.0
1696392000,2023-10-04,387.51,389.96,384.13,389.25,1813406.0
1696478400,2023-10-05,386.48,390.77,386.09,390.25,2116563.0
1696564800,2023-10-06,389.29,396.98,386.59,393.98,2484149.0
1696824000,2023-10-09,390.51,392.53,385.68,390.79,2475167.0
1696910400,2023-10-10,391.58,398.68,389.91,396.36,2713819.0
1696996800,2023-10-11,399.21,401.07,393.38,395.81,2055777.0
1697083200,2023-10-12,399.76,401.28,393.34,395.9,1779047.0
1697169600,2023-10-13,394.82,398.11,391.12,394.04,2235683.0
1697428800,2023-10-16,396.23,400.38,394.79,397.14,2202219.0
1697515200,2023-10-17,395.64,399.57,394.46,397.75,2176027.0
1697601600,2023-10-18,395.11,397.35,388.63,389.27,1951455.0
1697688000,2023-10-19,389.91,390.88,381.64,383.99,3473010.0
1697774400,2023-10-20,383.99,386.08,380.32,380.56,2652549.0
1698033600,2023-10-23,378.48,383.98,377.18,379.83,1771978.0
1698120000,2023-10-24,381.64,385.53,380.03,383.04,2003266.0
1698206400,2023-10-25,380.15,384.74,378.41,382.44,3504548.0
1698292800,2023-10-26,367.3,371.79,359.4,360.94,6920078.0
1698379200,2023-10-27,362.82,364.6,356.17,360.43,3624884.0
1698638400,2023-10-30,362.85,369.49,361.07,368.69,3386593.0
1698724800,2023-10-31,369.58,373.9,369.37,372.58,2978828.0
1698811200,2023-11-01,374.88,376.59,371.28,374.04,2354845.0
1698897600,2023-11-02,376.49,379.2,374.69,378.86,2816034.0
1698984000,2023-11-03,381.14,384.55,379.89,382.18,2399147.0
1699246800,2023-11-06,383.22,384.36,380.36,382.29,2020516.0
1699333200,2023-11-07,382.13,385.69,380.45,384.98,2324358.0
1699419600,2023-11-08,383.23,387.45,383.12,385.8,2838415.0
1699506000,2023-11-09,387.04,387.53,383.39,384.07,2657075.0
1699592400,2023-11-10,386.13,391.13,382.87,390.43,2807109.0
1699851600,2023-11-13,390.4,391.67,389.09,390.4,1614633.0
1699938000,2023-11-14,393.2,397.65,392.78,393.67,2734046.0
1700024400,2023-11-15,393.49,395.28,390.81,392.86,2434712.0
1700110800,2023-11-16,394.02,395.94,391.58,393.12,3060611.0
1700197200,2023-11-17,395.96,397.1,393.93,396.29,2365690.0
1700456400,2023-11-20,396.71,401.14,394.27,400.35,2768777.0
1700542800,2023-11-21,401.66,406.24,401.63,404.85,2567694.0
1700629200,2023-11-22,408.13,408.72,406.04,406.22,1968108.0
1700802000,2023-11-24,408.36,408.83,406.42,408.37,1053481.0
1701061200,2023-11-27,406.88,408.59,404.16,404.87,2665983.0
1701147600,2023-11-28,404.98,406.53,403.38,404.91,2645103.0
1701234000,2023-11-29,406.89,407.96,405.32,405.72,2151396.0
1701320400,2023-11-30,405.99,410.01,404.69,409.69,3203557.0
1701406800,2023-12-01,408.76,412.43,407.45,410.21,2171560.0
1701666000,2023-12-04,409.69,410.7,403.94,404.14,3097946.0
1701752400,2023-12-05,403.01,404.95,400.27,404.6,2755635.0
1701838800,2023-12-06,407.31,409.68,403.08,406.27,2224303.0
1701925200,2023-12-07,407.94,409.43,405.88,409.01,2363020.0
1702011600,2023-12-08,408.09,409.53,405.13,408.03,1959438.0
1702270800,2023-12-11,408.33,412.0,408.25,411.55,2235989.0
1702357200,2023-12-12,412.82,416.78,410.55,416.54,2736706.0
1702443600,2023-12-13,417.64,422.1,414.95,420.43,3694400.0
1702530000,2023-12-14,420.75,421.59,411.74,414.37,3989825.0
1702616400,2023-12-15,408.49,415.06,407.48,414.38,5566617.0
1702875600,2023-12-18,415.33,420.83,415.33,420.18,2686978.0
1702962000,2023-12-19,419.8,422.41,418.29,421.21,2256348.0
1703048400,2023-12-20,420.82,423.33,415.04,415.25,3058344.0
1703134800,2023-12-21,417.57,419.65,416.4,419.2,2213253.0
1703221200,2023-12-22,420.5,422.89,418.72,419.85,1759004.0
1703566800,2023-12-26,420.74,421.45,418.71,419.43,1258302.0
1703653200,2023-12-27,418.76,420.76,418.72,420.11,1324203.0
1703739600,2023-12-28,419.53,424.07,419.44,422.05,1505039.0
1703826000,2023-12-29,422.41,424.06,420.02,422.24,1706284.0
1704171600,2024-01-02,419.84,420.03,415.36,417.67,2463746.0
1704258000,2024-01-03,416.98,417.12,413.32,414.58,3093684.0
1704344400,2024-01-04,414.31,419.21,414.09,415.57,2042551.0
1704430800,2024-01-05,416.28,418.53,412.81,415.22,2416004.0
1704690000,2024-01-08,415.89,418.51,413.0,418.41,2125446.0
1704776400,2024-01-09,415.55,420.11,415.0,419.02,2439387.0
1704862800,2024-01-10,422.39,425.83,420.56,424.64,2709369.0
1704949200,2024-01-11,426.36,428.13,422.17,423.11,2320769.0
1705035600,2024-01-12,426.31,427.46,424.08,425.47,1892426.0
1705381200,2024-01-16,423.82,426.09,422.91,424.72,2397988.0
1705467600,2024-01-17,421.88,426.74,421.88,423.8,2690522.0
1705554000,2024-01-18,425.01,427.57,423.83,427.07,2075759.0
1705640400,2024-01-19,428.89,433.37,425.71,433.08,2400409.0
1705899600,2024-01-22,435.26,437.21,433.56,436.03,2715618.0
1705986000,2024-01-23,436.54,436.87,434.15,435.05,2328662.0
1706072400,2024-01-24,434.82,437.19,432.07,434.99,2725669.0
1706158800,2024-01-25,432.31,434.92,430.78,433.1,2977825.0
1706245200,2024-01-26,428.89,436.17,427.02,434.82,2725548.0
1706504400,2024-01-29,432.09,437.23,430.99,436.85,2314246.0
1706590800,2024-01-30,437.17,442.44,436.32,441.42,2663616.0
1706677200,2024-01-31,446.19,458.09,442.84,445.43,4740634.0
1706763600,2024-02-01,451.15,457.24,450.2,457.02,3292697.0
1706850000,2024-02-02,458.3,459.91,454.62,456.68,2050335.0
1707109200,2024-02-05,455.62,457.46,451.67,452.89,2438961.0
1707195600,2024-02-06,451.51,456.66,451.51,456.6,2201912.0
1707282000,2024-02-07,457.31,458.32,455.72,458.0,2544469.0
1707368400,2024-02-08,456.11,456.85,453.57,454.38,2081511.0
1707454800,2024-02-09,454.18,455.1,452.51,454.0,2155449.0
1707714000,2024-02-12,455.29,455.51,452.22,454.83,1794533.0
1707800400,2024-02-13,452.89,457.97,452.18,456.56,2407755.0
1707886800,2024-02-14,458.09,461.51,455.55,461.25,2202784.0
1707973200,2024-02-15,461.89,468.11,461.29,467.29,2354215.0
1708059600,2024-02-16,470.16,470.16,463.11,464.17,2237275.0
1708405200,2024-02-20,448.97,451.99,446.31,447.93,5044210.0
1708491600,2024-02-21,449.47,455.7,448.17,455.16,2896527.0
1708578000,2024-02-22,457.9,468.5,457.67,467.57,2572782.0
1708664400,2024-02-23,469.72,471.14,467.87,469.41,1764216.0
1708923600,2024-02-26,469.0,471.05,468.0,470.49,2066883.0
1709010000,2024-02-27,470.53,470.98,465.97,470.73,2011129.0
1709096400,2024-02-28,470.16,475.08,469.66,474.8,1931986.0
1709182800,2024-02-29,473.95,474.34,468.05,470.74,3072717.0
1709269200,2024-03-01,470.89,473.46,469.89,472.59,1748452.0
1709528400,2024-03-04,471.64,472.59,461.82,464.52,3212483.0
1709614800,2024-03-05,463.41,465.27,460.69,463.56,2015063.0
1709701200,2024-03-06,463.21,469.61,463.21,467.61,1917151.0
1709787600,2024-03-07,469.19,469.26,461.95,463.58,2178103.0
1709874000,2024-03-08,463.15,467.63,463.15,465.29,1596884.0
1710129600,2024-03-11,465.03,465.4,460.76,465.19,1774642.0
1710216000,2024-03-12,466.55,470.35,464.74,468.87,1853933.0
1710302400,2024-03-13,470.22,472.13,468.78,471.58,2103955.0
1710388800,2024-03-14,476.95,477.92,473.14,475.42,2757821.0
1710475200,2024-03-15,469.33,474.41,469.07,471.8,4179328.0
1710734400,2024-03-18,474.59,476.75,472.61,474.84,2072358.0
1710820800,2024-03-19,477.54,480.51,475.45,479.9,2049644.0
1710907200,2024-03-20,480.22,484.31,479.55,483.91,1691084.0
1710993600,2024-03-21,484.39,485.85,479.31,484.5,2580338.0
1711080000,2024-03-22,484.18,484.75,477.38,477.59,2277794.0
1711339200,2024-03-25,477.52,478.24,470.39,472.01,2600371.0
1711425600,2024-03-26,473.68,475.94,468.31,472.76,2515051.0
1711512000,2024-03-27,476.43,478.08,470.73,473.9,2309507.0
1711598400,2024-03-28,473.86,478.35,473.23,477.49,2214542.0
1711944000,2024-04-01,476.59,479.19,473.29,474.35,1648343.0
1712030400,2024-04-02,472.93,476.34,472.27,475.37,3265212.0
1712116800,2024-04-03,476.37,479.21,473.17,473.38,2265162.0
1712203200,2024-04-04,475.91,477.88,465.03,465.79,2552759.0
1712289600,2024-04-05,469.99,475.25,468.53,473.11,2462740.0
1712548800,2024-04-08,473.02,476.27,470.91,475.45,1961897.0
1712635200,2024-04-09,474.58,475.49,464.51,468.81,2218019.0
1712721600,2024-04-10,466.83,471.02,465.52,465.84,2710709.0
1712808000,2024-04-11,464.96,467.01,460.89,464.99,2299867.0
1712894400,2024-04-12,462.69,466.19,458.83,462.08,2486326.0
1713153600,2024-04-15,466.9,467.66,455.18,456.53,2070679.0
1713240000,2024-04-16,456.73,460.09,455.74,456.56,1787264.0
1713326400,2024-04-17,459.48,460.12,454.9,456.89,1735073.0
1713412800,2024-04-18,457.23,458.63,450.58,451.47,1998880.0
1713499200,2024-04-19,455.63,456.6,449.37,452.16,2548844.0
1713758400,2024-04-22,454.25,457.47,451.9,453.51,2157434.0
1713844800,2024-04-23,455.23,459.69,454.06,459.53,2029056.0
1713931200,2024-04-24,461.99,464.83,457.08,459.22,4043134.0
1714017600,2024-04-25,457.67,460.71,453.48,458.83,2006668.0
1714104000,2024-04-26,459.62,461.52,457.67,459.14,1963273.0
1714363200,2024-04-29,457.68,458.31,452.45,453.85,2121464.0
1714449600,2024-04-30,453.02,454.47,447.68,448.0,2698813.0
1714536000,2024-05-01,442.64,445.79,435.27,438.93,4979366.0
1714622400,2024-05-02,439.86,441.5,434.94,437.97,3866467.0
1714708800,2024-05-03,441.75,442.1,433.8,440.43,3711610.0
1714968000,2024-05-06,444.06,447.3,442.4,446.18,2536211.0
1715054400,2024-05-07,448.55,450.08,444.35,449.84,2345486.0
1715140800,2024-05-08,450.78,451.88,446.72,451.54,2332440.0
1715227200,2024-05-09,450.33,452.79,450.33,452.26,1970193.0
1715313600,2024-05-10,454.08,455.32,451.75,453.74,1730054.0
1715572800,2024-05-13,453.69,455.46,452.27,454.51,2069345.0
1715659200,2024-05-14,454.67,455.72,446.11,450.98,2991497.0
1715745600,2024-05-15,449.58,455.34,449.58,454.75,2437772.0
1715832000,2024-05-16,456.73,461.63,455.56,455.61,2412233.0
1715918400,2024-05-17,457.18,458.41,454.86,457.0,1985903.0
1716177600,2024-05-20,456.22,458.94,455.52,456.4,1397291.0
1716264000,2024-05-21,454.66,457.12,452.4,455.84,2165999.0
1716350400,2024-05-22,455.64,459.22,451.93,453.28,1713650.0
1716436800,2024-05-23,453.28,454.8,447.24,448.01,2084733.0
1716523200,2024-05-24,449.3,451.22,447.12,447.98,2162182.0
1716868800,2024-05-28,446.81,447.43,439.25,441.92,2670989.0
1716955200,2024-05-29,438.97,441.4,438.66,439.33,1876996.0
1717041600,2024-05-30,439.07,441.04,437.54,438.96,2189905.0
1717128000,2024-05-31,439.55,444.16,436.14,443.9,3917303.0
1717387200,2024-06-03,440.33,441.84,434.78,440.04,2123775.0
1717473600,2024-06-04,440.21,441.72,438.19,441.61,2096578.0
1717560000,2024-06-05,443.63,444.39,439.17,443.49,2157011.0
1717646400,2024-06-06,445.31,446.59,441.47,445.49,1887061.0
1717732800,2024-06-07,446.26,449.78,444.08,446.6,1664850.0
1717992000,2024-06-10,445.24,446.97,441.22,446.06,1954548.0
1718078400,2024-06-11,444.66,446.06,441.95,445.85,1777281.0
1718164800,2024-06-12,448.28,449.29,438.47,439.86,2738928.0
1718251200,2024-06-13,439.86,441.99,436.2,441.84,2916648.0
1718337600,2024-06-14,440.19,441.8,438.07,441.47,2161546.0
1718596800,2024-06-17,439.29,446.15,438.54,444.93,2351895.0
1718683200,2024-06-18,443.89,448.0,443.53,446.91,2636506.0
1718856000,2024-06-20,447.86,451.25,445.18,449.3,3006765.0
1718942400,2024-06-21,448.98,452.07,447.06,451.62,5062383.0
1719201600,2024-06-24,451.7,459.78,451.7,453.72,2597068.0
1719288000,2024-06-25,455.23,457.04,450.57,452.42,2529625.0
1719374400,2024-06-26,449.54,451.45,448.19,449.17,2451388.0
1719460800,2024-06-27,445.39,445.51,438.86,439.61,3313924.0
1719547200,2024-06-28,441.48,445.12,435.61,438.03,4089543.0
1719806400,2024-07-01,437.67,439.32,432.46,434.5,3149663.0
1719892800,2024-07-02,431.91,441.6,431.91,441.49,2061407.0
1719979200,2024-07-03,442.16,446.1,441.12,445.0,3192350.0
1720152000,2024-07-05,443.94,446.76,441.12,446.3,2220706.0
1720411200,2024-07-08,446.09,447.41,441.84,443.07,1802729.0
1720497600,2024-07-09,444.14,445.06,440.3,442.2,1608726.0
1720584000,2024-07-10,432.17,434.95,426.64,431.2,4760902.0
1720670400,2024-07-11,429.57,435.31,427.69,433.96,4032726.0
1720756800,2024-07-12,434.94,439.74,434.86,437.63,2645729.0
1721016000,2024-07-15,437.85,441.9,436.27,441.5,1727716.0
1721102400,2024-07-16,444.43,444.64,437.23,441.03,2846645.0
1721188800,2024-07-17,439.91,448.98,439.57,448.62,2924993.0
1721275200,2024-07-18,446.23,452.87,444.96,446.2,3339984.0
1721361600,2024-07-19,448.68,448.7,441.07,441.19,2121736.0
1721620800,2024-07-22,442.9,446.32,440.76,445.42,2111943.0
1721707200,2024-07-23,445.53,446.22,438.63,439.24,2385481.0
1721793600,2024-07-24,431.56,433.41,426.45,430.02,3764823.0
1721880000,2024-07-25,431.56,433.41,426.45,430.02,3764823.0
1721966400,2024-07-26,429.85,438.3,429.68,435.71,2039595.0
1722225600,2024-07-29,436.33,440.43,432.97,438.82,2248633.0
1722312000,2024-07-30,441.27,446.21,440.52,444.93,2266899.0
1722398400,2024-07-31,459.4,471.33,454.97,461.1,4313637.0
1722484800,2024-08-01,462.84,464.87,456.61,459.81,2590132.0
1722571200,2024-08-02,457.63,464.12,456.03,459.42,3808080.0
1722830400,2024-08-05,452.44,458.7,437.12,439.51,4496726.0
1722916800,2024-08-06,440.73,452.89,439.62,445.78,2759051.0
1723003200,2024-08-07,448.0,454.35,446.51,447.31,2059829.0
1723089600,2024-08-08,449.7,453.7,448.49,453.02,1585584.0
1723176000,2024-08-09,453.02,456.22,450.91,454.21,1760295.0
1723435200,2024-08-12,455.19,455.88,451.34,453.13,1760046.0
1723521600,2024-08-13,455.56,457.05,452.33,456.78,1816206.0
1723608000,2024-08-14,456.68,457.95,453.5,457.57,1654140.0
1723694400,2024-08-15,462.48,466.36,461.39,466.07,2130571.0
1723780800,2024-08-16,465.37,467.61,463.42,466.24,1922047.0
1724040000,2024-08-19,466.36,467.51,462.9,464.35,1690880.0
1724126400,2024-08-20,465.5,467.03,462.89,466.48,1763383.0
1724212800,2024-08-21,465.9,466.45,461.91,465.37,2105889.0
1724299200,2024-08-22,466.85,468.26,464.07,466.18,1538288.0
1724385600,2024-08-23,467.65,467.69,459.3,463.82,1986348.0
1724644800,2024-08-26,465.47,467.88,464.37,466.0,1434397.0
1724731200,2024-08-27,468.43,472.83,465.59,472.32,1635908.0
1724817600,2024-08-28,472.33,473.73,466.23,469.15,1445425.0
1724904000,2024-08-29,471.8,479.21,471.8,478.1,1893601.0
1724990400,2024-08-30,479.13,483.01,476.95,480.62,2982115.0
1725336000,2024-09-03,479.76,483.95,477.34,479.41,2063707.0
1725422400,2024-09-04,479.38,483.44,478.47,480.42,2156342.0
1725508800,2024-09-05,480.42,481.44,470.45,474.67,2293539.0
1725595200,2024-09-06,474.43,477.74,472.04,473.44,2116234.0
1725854400,2024-09-09,477.8,486.46,476.87,484.35,2343553.0
1725940800,2024-09-10,484.36,485.58,479.62,485.27,2234088.0
1726027200,2024-09-11,483.78,486.36,475.15,485.43,2479988.0
1726113600,2024-09-12,484.21,490.11,480.28,489.34,2299485.0
1726200000,2024-09-13,490.33,494.05,488.69,490.58,2204789.0
1726459200,2024-09-16,492.51,495.52,490.61,494.91,1589320.0
1726545600,2024-09-17,495.8,498.92,495.05,498.17,2202852.0
1726632000,2024-09-18,498.46,498.98,491.26,491.98,2193838.0
1726718400,2024-09-19,497.19,498.31,483.51,490.24,3517228.0
1726804800,2024-09-20,486.9,490.75,485.0,489.97,3470313.0
1727064000,2024-09-23,490.39,494.89,488.54,494.34,2191256.0
1727150400,2024-09-24,489.91,490.47,481.69,484.67,4143654.0
1727236800,2024-09-25,482.03,487.14,480.82,486.7,3483193.0
1727323200,2024-09-26,488.24,490.85,486.25,488.51,3073747.0
1727409600,2024-09-27,488.27,493.21,487.63,490.86,2177336.0
1727668800,2024-09-30,489.01,492.21,487.35,491.02,2862475.0
1727755200,2024-10-01,494.46,495.23,490.34,493.59,3748206.0
1727841600,2024-10-02,490.17,493.12,486.93,492.78,1736490.0
1727928000,2024-10-03,492.76,494.29,490.23,492.19,1382289.0
1728014400,2024-10-04,492.77,496.24,489.7,494.9,1935893.0
1728273600,2024-10-07,494.53,495.73,487.99,488.54,1990708.0
1728360000,2024-10-08,489.73,494.73,488.76,494.26,1750066.0
1728446400,2024-10-09,496.23,498.59,493.45,497.79,1707580.0
1728532800,2024-10-10,497.84,498.56,493.7,495.87,1491085.0
1728619200,2024-10-11,494.37,500.75,494.32,500.09,1920085.0
1728878400,2024-10-14,502.18,506.6,499.88,504.47,2127041.0
1728964800,2024-10-15,503.44,507.68,501.83,505.04,2885897.0
1729051200,2024-10-16,504.17,513.18,503.82,511.85,2956878.0
1729137600,2024-10-17,514.06,514.82,509.31,511.54,2227465.0
1729224000,2024-10-18,512.32,515.77,510.37,514.11,2604684.0
1729483200,2024-10-21,514.76,516.58,511.72,512.79,2217572.0
1729569600,2024-10-22,508.95,512.33,508.3,510.81,1855981.0
1729656000,2024-10-23,510.45,512.5,509.69,511.51,1759887.0
1729742400,2024-10-24,509.69,511.13,507.26,508.42,1912122.0
1729828800,2024-10-25,510.29,512.51,503.44,505.17,1582222.0
1730088000,2024-10-28,505.21,508.66,503.96,506.02,2186574.0
1730174400,2024-10-29,505.35,509.18,503.52,504.1,2066616.0
1730260800,2024-10-30,510.31,514.22,504.81,511.47,3120968.0
1730347200,2024-10-31,519.0,525.62,496.88,497.44,5523340.0
1730433600,2024-11-01,498.28,508.35,496.38,505.89,3753713.0
1730696400,2024-11-04,506.94,507.8,500.86,503.4,2165122.0
1730782800,2024-11-05,503.4,505.96,501.44,503.38,2132859.0
1730869200,2024-11-06,518.61,520.74,513.71,518.88,3674066.0
1730955600,2024-11-07,521.73,521.77,514.36,515.65,2382508.0
1731042000,2024-11-08,518.1,526.56,517.29,522.5,2215681.0
1731301200,2024-11-11,526.57,531.72,526.24,527.83,2213822.0
1731387600,2024-11-12,526.82,528.61,525.03,526.89,2577628.0
1731474000,2024-11-13,527.72,528.21,514.19,519.63,2681881.0
1731560400,2024-11-14,518.37,520.11,515.42,518.16,2480583.0
1731646800,2024-11-15,516.29,521.13,515.77,519.64,2408193.0
1731906000,2024-11-18,516.35,521.23,514.77,519.38,2493483.0
1731992400,2024-11-19,516.54,520.4,514.53,517.22,2716216.0
1732078800,2024-11-20,519.28,520.25,508.8,510.33,2409431.0
1732165200,2024-11-21,511.02,517.88,509.37,512.88,3077464.0
1732251600,2024-11-22,514.7,519.45,513.95,518.61,3130470.0
1732510800,2024-11-25,519.39,525.97,518.77,524.33,4503914.0
1732597200,2024-11-26,525.62,528.36,522.8,526.2,2326797.0
1732683600,2024-11-27,526.77,531.32,524.31,530.08,2086434.0
1732856400,2024-11-29,530.71,533.46,527.74,530.64,1760566.0
1733115600,2024-12-02,530.63,532.51,523.96,529.07,2355191.0
1733202000,2024-12-03,532.36,532.51,523.69,523.91,2319746.0
1733288400,2024-12-04,521.38,524.01,515.94,518.89,2630030.0
1733374800,2024-12-05,522.34,525.2,519.92,522.51,2538695.0
1733461200,2024-12-06,520.67,528.71,520.25,526.29,2122791.0
1733720400,2024-12-09,526.74,529.3,519.62,520.57,2942047.0
1733806800,2024-12-10,520.26,527.38,517.98,526.73,2003265.0
1733893200,2024-12-11,526.91,533.58,525.0,532.14,2181241.0
1733979600,2024-12-12,533.98,534.44,529.68,530.11,1860815.0
1734066000,2024-12-13,531.87,532.37,526.63,526.72,1608196.0
1734325200,2024-12-16,529.71,532.69,526.71,528.02,2923016.0
1734411600,2024-12-17,527.12,529.49,522.61,528.72,4056007.0
1734498000,2024-12-18,528.03,534.81,517.47,517.72,3190277.0
1734584400,2024-12-19,521.9,526.94,519.95,521.02,3050813.0
1734670800,2024-12-20,520.61,529.79,517.18,525.75,7317151.0
1734930000,2024-12-23,523.56,527.12,518.88,526.68,2270286.0
1735016400,2024-12-24,526.99,533.43,525.55,533.4,955015.0
1735189200,2024-12-26,531.33,535.38,530.62,533.84,1109713.0
1735275600,2024-12-27,531.31,535.24,528.51,529.9,1542157.0
1735534800,2024-12-30,524.73,526.29,519.08,523.28,2101731.0
1735621200,2024-12-31,525.39,526.91,523.29,524.3,1942656.0
1735794000,2025-01-02,526.91,528.27,515.43,520.15,2818795.0
1735880400,2025-01-03,520.28,522.2,515.45,519.11,1627726.0
1736139600,2025-01-06,518.72,519.11,508.81,509.72,2920787.0
1736226000,2025-01-07,511.46,514.1,508.87,509.19,2211877.0
1736312400,2025-01-08,509.83,515.22,509.33,514.17,2456715.0
1736485200,2025-01-10,510.68,512.31,501.94,503.25,2815624.0
1736744400,2025-01-13,499.59,504.73,498.51,503.49,2885549.0
1736830800,2025-01-14,505.64,507.96,502.79,507.59,2704795.0
1736917200,2025-01-15,514.12,522.3,512.28,520.88,3025066.0
1737003600,2025-01-16,522.15,525.64,519.25,521.67,3275700.0
1737090000,2025-01-17,523.1,526.64,519.54,523.22,2374798.0
1737435600,2025-01-21,526.18,528.49,525.43,526.57,2706947.0
1737522000,2025-01-22,526.51,528.81,524.19,525.7,2037643.0
1737608400,2025-01-23,527.56,532.85,527.19,532.72,2196457.0
1737694800,2025-01-24,531.49,534.55,530.65,531.99,2473012.0
1737954000,2025-01-27,532.08,546.45,530.16,546.1,3074807.0
1738040400,2025-01-28,545.0,550.0,541.13,545.82,2727798.0
1738126800,2025-01-29,545.46,549.06,544.96,547.26,2549001.0
1738213200,2025-01-30,553.44,575.32,552.97,564.42,6005206.0
1738299600,2025-01-31,562.23,563.95,553.08,553.87,4505520.0
1738558800,2025-02-03,551.09,563.41,549.52,562.36,3186147.0
1738645200,2025-02-04,569.27,570.39,556.01,557.54,2623917.0
1738731600,2025-02-05,559.77,565.28,558.23,564.7,2404997.0
1738818000,2025-02-06,564.54,568.15,562.95,565.56,1738474.0
1738904400,2025-02-07,566.46,568.45,560.2,561.17,1993437.0
1739163600,2025-02-10,563.66,565.67,559.42,563.9,2356453.0
1739250000,2025-02-11,563.4,564.84,557.65,563.11,1847808.0
1739336400,2025-02-12,560.43,563.16,557.87,563.01,1722312.0
