unix,date,open,high,low,close,volume_base
1451883600,2016-01-04,89.05,89.29,88.16,89.28,5770503.0
1451970000,2016-01-05,89.63,89.9,88.56,89.21,4163791.0
1452056400,2016-01-06,88.25,89.04,87.75,88.77,4912330.0
1452142800,2016-01-07,87.82,88.67,86.97,87.25,7992738.0
1452229200,2016-01-08,87.46,87.88,86.24,86.44,5211878.0
1452488400,2016-01-11,86.56,87.88,86.53,87.49,5654037.0
1452574800,2016-01-12,87.77,87.85,86.11,87.28,5556856.0
1452661200,2016-01-13,87.63,88.18,86.09,86.14,4970962.0
1452747600,2016-01-14,86.64,87.86,86.17,87.28,6136661.0
1452834000,2016-01-15,85.38,85.95,84.63,85.39,10271280.0
1453179600,2016-01-19,85.44,86.75,84.1,84.13,11110353.0
1453266000,2016-01-20,77.79,81.43,77.49,80.03,16958768.0
1453352400,2016-01-21,79.66,82.15,79.18,80.72,9327205.0
1453438800,2016-01-22,81.87,81.92,79.97,80.45,10285764.0
1453698000,2016-01-25,80.3,81.58,79.88,80.17,5801548.0
1453784400,2016-01-26,80.29,81.18,80.28,80.51,4934286.0
1453870800,2016-01-27,80.6,81.02,79.23,79.44,5366178.0
1453957200,2016-01-28,79.63,80.66,79.47,80.26,4333500.0
1454043600,2016-01-29,80.96,81.95,80.75,81.95,11144390.0
1454302800,2016-02-01,81.52,82.28,81.24,81.98,3827696.0
1454389200,2016-02-02,81.22,81.52,80.54,80.74,3475715.0
1454475600,2016-02-03,81.43,82.38,80.31,81.9,7455879.0
1454562000,2016-02-04,82.14,84.39,82.09,83.83,5650826.0
1454648400,2016-02-05,83.55,84.48,82.65,84.43,7564572.0
1454907600,2016-02-08,83.59,84.59,82.35,84.24,7790175.0
1454994000,2016-02-09,83.67,84.21,82.11,82.31,6241190.0
1455080400,2016-02-10,82.93,83.12,79.51,79.74,6809649.0
1455166800,2016-02-11,78.79,79.39,77.56,78.19,7557243.0
1455253200,2016-02-12,79.15,80.31,78.52,80.3,5496270.0
1455598800,2016-02-16,80.83,81.66,80.5,81.43,4760192.0
1455685200,2016-02-17,82.07,83.97,81.77,83.66,5279976.0
1455771600,2016-02-18,86.25,88.9,86.08,87.87,10470573.0
1455858000,2016-02-19,87.81,88.67,86.8,88.29,5950246.0
1456117200,2016-02-22,88.79,89.11,87.84,88.75,4780617.0
1456203600,2016-02-23,88.49,88.51,87.58,87.84,3661735.0
1456290000,2016-02-24,87.27,88.56,86.03,88.1,4400254.0
1456376400,2016-02-25,88.43,89.24,86.83,89.23,4609290.0
1456462800,2016-02-26,89.24,89.51,87.54,87.59,4775523.0
1456722000,2016-02-29,87.57,88.48,86.84,86.93,5107881.0
1456808400,2016-03-01,87.74,89.32,87.59,89.15,4101552.0
1456894800,2016-03-02,88.7,91.18,88.38,90.43,5703227.0
1456981200,2016-03-03,91.05,91.53,90.27,91.42,5712628.0
1457067600,2016-03-04,91.25,92.5,90.9,91.42,4303704.0
1457326800,2016-03-07,91.08,93.22,90.81,92.98,5458091.0
1457413200,2016-03-08,92.55,93.11,91.17,92.26,6186596.0
1457499600,2016-03-09,92.42,94.32,92.37,93.15,4808663.0
1457586000,2016-03-10,93.7,93.86,91.61,93.01,4213507.0
1457672400,2016-03-11,94.03,94.82,93.22,94.45,4873785.0
1457928000,2016-03-14,94.37,95.0,93.57,94.72,4570655.0
1458014400,2016-03-15,94.03,95.09,93.9,94.84,4321402.0
1458100800,2016-03-16,94.62,96.12,94.28,96.06,4478757.0
1458187200,2016-03-17,96.04,97.74,95.83,97.55,6101853.0
1458273600,2016-03-18,97.78,97.86,96.54,97.58,19643878.0
1458532800,2016-03-21,97.82,98.66,97.34,98.61,3950177.0
1458619200,2016-03-22,98.23,99.04,98.08,98.25,4541697.0
1458705600,2016-03-23,98.19,98.21,96.28,96.46,5200849.0
1458792000,2016-03-24,96.18,98.33,95.86,98.15,5467117.0
1459137600,2016-03-28,98.02,98.62,97.68,98.45,3586770.0
1459224000,2016-03-29,97.92,99.36,97.86,99.07,3376753.0
1459310400,2016-03-30,99.48,99.79,98.4,98.46,3595135.0
1459396800,2016-03-31,99.38,101.57,99.09,100.48,7334419.0
1459483200,2016-04-01,99.85,101.48,99.68,101.19,4373361.0
1459742400,2016-04-04,101.07,101.85,100.78,100.89,4443298.0
1459828800,2016-04-05,100.46,100.58,99.28,99.51,3668807.0
1459915200,2016-04-06,99.42,99.61,98.06,99.53,4680795.0
1460001600,2016-04-07,98.9,99.25,98.19,98.35,4143613.0
1460088000,2016-04-08,98.89,99.51,98.27,99.08,3749958.0
1460347200,2016-04-11,99.69,100.81,99.0,99.02,4419940.0
1460433600,2016-04-12,99.26,99.59,98.57,99.27,3814112.0
1460520000,2016-04-13,100.01,100.33,99.27,100.33,3465169.0
1460606400,2016-04-14,100.51,101.35,99.77,100.28,3471198.0
1460692800,2016-04-15,100.2,100.91,100.15,100.66,4496673.0
1460952000,2016-04-18,100.68,101.6,100.5,101.19,7069837.0
1461038400,2016-04-19,97.17,97.49,94.61,95.53,13852370.0
1461124800,2016-04-20,95.69,97.66,95.53,96.93,7203557.0
1461211200,2016-04-21,97.33,99.59,97.17,99.05,6392462.0
1461297600,2016-04-22,99.14,100.18,97.86,98.52,5950569.0
1461556800,2016-04-25,98.32,98.78,97.6,98.73,3073751.0
1461643200,2016-04-26,98.62,99.38,98.12,98.9,3272264.0
1461729600,2016-04-27,99.08,100.03,98.83,99.83,3413096.0
1461816000,2016-04-28,99.35,99.63,97.34,97.57,4170330.0
1461902400,2016-04-29,97.19,97.75,95.66,96.82,4780839.0
1462161600,2016-05-02,97.23,97.52,95.82,96.38,3968357.0
1462248000,2016-05-03,95.97,96.13,94.8,95.62,4054927.0
1462334400,2016-05-04,95.11,96.2,95.08,95.7,2833705.0
1462420800,2016-05-05,96.83,97.72,96.5,97.17,6984988.0
1462507200,2016-05-06,97.02,99.1,96.76,98.65,5274596.0
1462766400,2016-05-09,98.92,99.26,98.46,98.68,5060883.0
1462852800,2016-05-10,99.28,100.49,98.95,100.44,4297524.0
1462939200,2016-05-11,100.27,101.19,99.62,99.76,3403957.0
1463025600,2016-05-12,99.93,100.05,98.53,99.68,3793313.0
1463112000,2016-05-13,99.65,100.37,98.73,98.93,2625595.0
1463371200,2016-05-16,98.75,100.45,98.75,100.1,3937166.0
1463457600,2016-05-17,99.93,100.13,98.65,99.12,4316523.0
1463544000,2016-05-18,99.11,99.47,98.02,98.68,2717377.0
1463630400,2016-05-19,98.1,98.4,96.41,97.07,3884432.0
1463716800,2016-05-20,97.59,98.79,97.48,98.62,4336104.0
1463976000,2016-05-23,98.86,99.09,98.22,98.3,2471846.0
1464062400,2016-05-24,98.37,99.62,98.37,99.33,3312080.0
1464148800,2016-05-25,99.74,101.86,99.46,101.59,4646362.0
1464235200,2016-05-26,101.5,102.14,101.16,102.09,3282676.0
1464321600,2016-05-27,102.03,102.42,101.9,102.36,2645297.0
1464667200,2016-05-31,102.18,103.01,101.98,102.97,7475023.0
1464753600,2016-06-01,102.47,102.65,101.49,102.14,2917816.0
1464840000,2016-06-02,102.2,102.8,101.88,102.8,3025553.0
1464926400,2016-06-03,102.07,102.5,101.6,102.4,2528016.0
1465185600,2016-06-06,102.54,103.11,102.03,102.29,2579636.0
1465272000,2016-06-07,102.64,103.09,102.24,102.69,4755844.0
1465358400,2016-06-08,102.99,103.2,102.5,103.14,3179366.0
1465444800,2016-06-09,102.42,102.98,102.29,102.75,2147554.0
1465531200,2016-06-10,102.33,102.69,101.71,102.05,3478043.0
1465790400,2016-06-13,101.57,102.13,100.65,101.32,4104339.0
1465876800,2016-06-14,101.32,101.66,100.73,101.17,3028003.0
1465963200,2016-06-15,101.44,101.66,100.86,100.92,2537024.0
1466049600,2016-06-16,100.56,101.33,99.79,101.17,2634474.0
1466136000,2016-06-17,101.1,102.28,100.87,101.79,6759083.0
1466395200,2016-06-20,102.2,103.59,102.15,102.88,3940516.0
1466481600,2016-06-21,103.25,103.52,102.93,103.17,3085171.0
1466568000,2016-06-22,102.97,103.62,101.98,102.42,3067180.0
1466654400,2016-06-23,102.77,104.13,102.2,104.04,4220865.0
1466740800,2016-06-24,100.44,100.87,97.9,98.18,10203839.0
1467000000,2016-06-27,97.9,98.18,95.44,96.11,5661531.0
1467086400,2016-06-28,96.94,97.6,96.59,97.58,4366741.0
1467172800,2016-06-29,98.12,99.44,98.08,99.43,3791533.0
1467259200,2016-06-30,99.74,101.74,99.57,101.65,4601954.0
1467345600,2016-07-01,101.8,102.45,101.4,102.03,2913313.0
1467691200,2016-07-05,101.26,101.8,100.97,101.59,2733737.0
1467777600,2016-07-06,101.8,102.07,100.41,102.05,2727868.0
1467864000,2016-07-07,102.3,102.93,101.73,102.2,2292814.0
1467950400,2016-07-08,103.14,103.54,102.52,103.45,3312395.0
1468209600,2016-07-11,103.54,104.51,103.47,104.03,3133212.0
1468296000,2016-07-12,104.55,105.23,104.16,105.18,4104354.0
1468382400,2016-07-13,105.65,106.05,105.19,105.83,3001889.0
1468468800,2016-07-14,106.36,108.1,106.21,107.35,4897783.0
1468555200,2016-07-15,107.09,107.14,106.15,107.01,5356468.0
1468814400,2016-07-18,106.69,107.66,106.31,107.06,7223526.0
1468900800,2016-07-19,108.35,108.59,105.74,106.88,7456532.0
1468987200,2016-07-20,107.14,108.3,106.89,108.07,4717669.0
1469073600,2016-07-21,107.66,108.4,107.08,107.46,4902441.0
1469160000,2016-07-22,107.68,108.61,107.48,108.54,2802134.0
1469419200,2016-07-25,108.49,109.09,108.33,108.93,3049932.0
1469505600,2016-07-26,108.93,109.57,108.08,108.58,3146931.0
1469592000,2016-07-27,108.58,108.88,107.95,108.38,2431874.0
1469678400,2016-07-28,108.1,108.37,107.63,108.08,2780010.0
1469764800,2016-07-29,108.07,108.28,107.18,107.57,4220256.0
1470024000,2016-08-01,107.59,108.26,107.05,108.13,3034248.0
1470110400,2016-08-02,108.01,108.13,107.4,107.55,3288632.0
1470196800,2016-08-03,107.25,107.73,107.02,107.61,3133566.0
1470283200,2016-08-04,107.73,108.3,107.24,108.2,2660033.0
1470369600,2016-08-05,108.5,109.51,108.21,109.5,4112039.0
1470628800,2016-08-08,109.93,110.29,109.15,109.46,3175417.0
1470715200,2016-08-09,109.58,109.96,109.2,109.28,3050095.0
1470801600,2016-08-10,109.56,109.88,109.4,109.49,2591903.0
1470888000,2016-08-11,109.6,111.43,109.56,110.47,9102402.0
1470974400,2016-08-12,110.24,110.42,109.11,109.4,2783862.0
1471233600,2016-08-15,109.77,110.09,109.29,109.35,3870010.0
1471320000,2016-08-16,108.83,109.39,108.55,108.56,2434976.0
1471406400,2016-08-17,108.75,108.87,107.98,108.38,3515104.0
1471492800,2016-08-18,108.69,109.43,108.38,109.0,4345417.0
1471579200,2016-08-19,108.65,108.7,107.76,108.11,3019379.0
1471838400,2016-08-22,108.11,108.47,107.5,108.08,2416856.0
1471924800,2016-08-23,108.32,108.99,108.24,108.26,3551823.0
1472011200,2016-08-24,108.01,108.21,106.95,107.44,3970680.0
1472097600,2016-08-25,107.41,107.77,107.02,107.16,2770933.0
1472184000,2016-08-26,107.39,108.38,106.63,106.95,2719697.0
1472443200,2016-08-29,107.29,108.23,107.07,107.89,2961925.0
1472529600,2016-08-30,107.87,108.19,107.28,107.68,2151565.0
1472616000,2016-08-31,107.85,107.85,106.91,107.33,2720825.0
1472702400,2016-09-01,106.95,107.83,106.8,107.77,2510271.0
1472788800,2016-09-02,108.0,108.47,107.51,107.78,2610900.0
1473134400,2016-09-06,108.0,108.66,107.48,108.32,3447337.0
1473220800,2016-09-07,108.22,109.27,108.08,109.19,3103261.0
1473307200,2016-09-08,108.46,108.9,107.25,107.41,4387203.0
1473393600,2016-09-09,106.75,107.0,105.15,105.17,5850656.0
1473652800,2016-09-12,104.88,107.09,104.6,106.93,4960204.0
1473739200,2016-09-13,106.61,106.69,105.04,105.25,3899567.0
1473825600,2016-09-14,105.18,105.29,103.62,104.06,4126214.0
1473912000,2016-09-15,104.23,105.6,103.5,105.15,3980519.0
1473998400,2016-09-16,104.73,104.98,103.67,103.92,9601534.0
1474257600,2016-09-19,104.62,105.51,104.4,104.62,2640395.0
1474344000,2016-09-20,105.29,105.77,104.33,104.33,2300526.0
1474430400,2016-09-21,104.71,105.17,103.94,105.06,2703633.0
1474516800,2016-09-22,105.38,106.21,105.17,105.46,2917645.0
1474603200,2016-09-23,105.13,105.41,104.51,104.69,3285422.0
1474862400,2016-09-26,104.34,104.34,103.67,104.02,2835187.0
1474948800,2016-09-27,104.25,105.9,103.9,105.9,3292122.0
1475035200,2016-09-28,106.05,107.15,105.54,106.93,3596027.0
1475121600,2016-09-29,107.16,111.46,106.37,106.81,3814356.0
1475208000,2016-09-30,107.34,107.97,106.77,107.31,4303723.0
1475467200,2016-10-03,106.77,106.98,106.07,106.47,2479367.0
1475553600,2016-10-04,106.51,107.09,105.26,105.69,3147732.0
1475640000,2016-10-05,106.1,106.62,105.87,106.11,1939628.0
1475726400,2016-10-06,105.94,106.35,105.31,105.98,2138870.0
1475812800,2016-10-07,106.23,106.53,104.61,105.16,2949438.0
1476072000,2016-10-10,105.92,107.06,105.82,106.07,2650928.0
1476158400,2016-10-11,105.87,106.02,103.96,104.56,3154936.0
1476244800,2016-10-12,104.69,104.69,103.41,104.23,3246806.0
1476331200,2016-10-13,103.83,104.18,102.86,103.84,3097418.0
1476417600,2016-10-14,104.35,105.06,104.09,104.33,4939018.0
1476676800,2016-10-17,104.33,105.31,104.26,104.55,6639715.0
1476763200,2016-10-18,101.34,102.0,99.84,101.81,13255951.0
1476849600,2016-10-19,102.19,102.98,101.89,102.18,5068230.0
1476936000,2016-10-20,102.19,103.29,102.02,102.36,4260628.0
1477022400,2016-10-21,101.72,102.11,101.03,101.08,5048814.0
1477281600,2016-10-24,101.6,102.36,101.6,101.71,2983798.0
1477368000,2016-10-25,101.79,102.11,101.21,101.92,2827372.0
1477454400,2016-10-26,101.81,103.31,101.5,102.55,3122659.0
1477540800,2016-10-27,103.23,104.07,102.69,103.59,4520037.0
1477627200,2016-10-28,104.06,104.33,102.8,103.09,4209510.0
1477886400,2016-10-31,103.19,104.25,103.19,103.82,4125194.0
1477972800,2016-11-01,103.69,103.97,102.5,103.21,3429078.0
1478059200,2016-11-02,102.96,103.59,102.46,102.65,3576684.0
1478145600,2016-11-03,103.02,103.86,102.54,102.93,3138105.0
1478232000,2016-11-04,102.94,103.79,102.59,102.97,2810136.0
1478494800,2016-11-07,104.02,105.46,103.92,105.19,4144744.0
1478581200,2016-11-08,105.35,106.28,104.33,105.77,4542869.0
1478667600,2016-11-09,104.26,106.03,102.92,105.52,6021921.0
1478754000,2016-11-10,107.46,109.85,107.42,109.21,8290536.0
1478840400,2016-11-11,109.04,109.97,108.6,109.92,5081752.0
1479099600,2016-11-14,109.92,110.33,107.41,107.84,5839176.0
1479186000,2016-11-15,107.98,108.48,107.39,108.15,4090787.0
1479272400,2016-11-16,108.01,108.75,107.72,108.58,2453100.0
1479358800,2016-11-17,108.53,109.01,108.28,108.92,2494919.0
1479445200,2016-11-18,108.86,109.55,108.52,109.32,3588553.0
1479704400,2016-11-21,109.52,111.1,109.31,110.95,5062909.0
1479790800,2016-11-22,111.1,111.1,110.39,110.88,3132066.0
1479877200,2016-11-23,110.38,110.68,109.98,110.41,2660464.0
1480050000,2016-11-25,110.31,111.23,110.31,111.2,1822720.0
1480309200,2016-11-28,111.24,112.24,110.9,112.14,4929358.0
1480395600,2016-11-29,111.79,112.06,111.12,111.47,3722785.0
1480482000,2016-11-30,111.34,111.65,110.57,110.57,5690977.0
1480568400,2016-12-01,110.42,110.56,107.9,108.94,4982576.0
1480654800,2016-12-02,108.36,109.26,107.98,109.07,3009561.0
1480914000,2016-12-05,109.64,109.84,108.78,108.95,3817469.0
1481000400,2016-12-06,109.15,109.6,108.33,109.3,3045238.0
1481086800,2016-12-07,109.47,112.59,109.32,112.32,5066332.0
1481173200,2016-12-08,112.38,113.15,111.94,112.71,3760769.0
1481259600,2016-12-09,112.59,113.64,112.2,113.5,3477101.0
1481518800,2016-12-12,113.64,113.69,112.51,112.81,3818297.0
1481605200,2016-12-13,112.93,115.84,112.93,114.71,6450598.0
1481691600,2016-12-14,114.76,115.8,114.14,114.86,4496861.0
1481778000,2016-12-15,114.52,115.77,114.36,114.53,3776722.0
1481864400,2016-12-16,115.17,115.27,113.19,113.65,9439525.0
1482123600,2016-12-19,113.71,114.01,113.15,113.61,3420587.0
1482210000,2016-12-20,114.16,114.68,113.46,114.24,2491656.0
1482296400,2016-12-21,113.32,114.47,112.64,114.06,4006762.0
1482382800,2016-12-22,114.17,114.67,113.54,113.87,3016760.0
1482469200,2016-12-23,113.83,114.16,113.46,113.63,2067816.0
1482814800,2016-12-27,113.82,114.5,113.73,113.93,1573071.0
1482901200,2016-12-28,114.03,114.33,113.15,113.28,1923296.0
1482987600,2016-12-29,113.22,113.82,113.15,113.56,1833878.0
1483074000,2016-12-30,113.45,113.63,112.81,113.14,3607668.0
1483419600,2017-01-03,113.83,114.42,113.16,113.96,3283977.0
1483506000,2017-01-04,114.17,115.79,114.08,115.37,3754579.0
1483592400,2017-01-05,115.36,115.46,114.01,114.99,2896644.0
1483678800,2017-01-06,114.98,115.82,114.18,115.55,3408661.0
1483938000,2017-01-09,115.51,115.74,114.25,114.27,3669900.0
1484024400,2017-01-10,114.5,114.57,112.7,112.82,4594030.0
1484110800,2017-01-11,113.18,114.35,112.88,114.34,4016699.0
1484197200,2017-01-12,114.35,114.52,112.85,114.48,3259190.0
1484283600,2017-01-13,114.48,114.84,113.75,114.06,3252140.0
1484629200,2017-01-17,113.62,114.63,113.23,114.44,3684651.0
1484715600,2017-01-18,114.14,114.91,113.62,113.69,4331859.0
1484802000,2017-01-19,113.8,114.14,113.01,113.7,7319315.0
1484888400,2017-01-20,114.38,116.31,113.15,116.25,14081857.0
1485147600,2017-01-23,115.93,116.73,115.88,116.58,6432745.0
1485234000,2017-01-24,116.8,119.96,116.67,119.9,7321486.0
1485320400,2017-01-25,120.14,122.18,120.05,121.53,6304289.0
1485406800,2017-01-26,121.37,121.93,120.99,121.78,3328116.0
1485493200,2017-01-27,121.66,122.15,120.85,120.85,3898312.0
1485752400,2017-01-30,120.63,120.69,118.99,119.83,4529466.0
1485838800,2017-01-31,119.36,119.68,118.34,118.96,5068850.0
1485925200,2017-02-01,119.28,119.76,117.85,118.8,3041774.0
1486011600,2017-02-02,118.76,119.26,118.29,119.0,2984207.0
1486098000,2017-02-03,119.28,120.2,119.21,119.84,3691044.0
1486357200,2017-02-06,119.49,119.95,118.86,119.87,2878939.0
1486443600,2017-02-07,119.96,121.75,119.9,121.64,4147434.0
1486530000,2017-02-08,121.95,121.95,120.84,121.04,3158635.0
1486616400,2017-02-09,121.06,122.15,120.86,121.75,3580075.0
1486702800,2017-02-10,121.85,122.89,121.44,122.76,3525406.0
1486962000,2017-02-13,123.14,123.6,122.87,123.23,3728233.0
1487048400,2017-02-14,122.69,123.76,122.53,123.76,3116574.0
1487134800,2017-02-15,123.8,124.99,123.54,124.82,3156602.0
1487221200,2017-02-16,124.66,125.58,124.26,124.65,3626246.0
1487307600,2017-02-17,124.53,124.75,123.67,124.13,4203835.0
1487653200,2017-02-21,124.08,124.21,123.06,123.85,5051394.0
1487739600,2017-02-22,123.73,124.59,123.73,124.46,3565326.0
1487826000,2017-02-23,125.04,125.38,124.3,124.8,2486542.0
1487912400,2017-02-24,123.81,124.69,123.59,124.59,3714929.0
1488171600,2017-02-27,124.48,124.53,123.17,123.25,3963115.0
1488258000,2017-02-28,123.24,124.1,123.22,123.54,4022240.0
1488344400,2017-03-01,124.0,125.42,123.69,125.01,3431241.0
1488430800,2017-03-02,124.96,124.96,123.96,124.03,3523959.0
1488517200,2017-03-03,123.69,124.57,123.5,123.7,2107163.0
1488776400,2017-03-06,123.47,124.35,123.37,123.99,3664409.0
1488862800,2017-03-07,124.15,124.55,123.8,123.93,3335745.0
1488949200,2017-03-08,124.18,124.32,123.19,123.29,4329862.0
1489035600,2017-03-09,123.01,123.15,120.84,121.73,5755367.0
1489122000,2017-03-10,122.46,123.32,121.89,122.18,3429412.0
1489377600,2017-03-13,122.23,122.33,121.2,121.23,3811790.0
1489464000,2017-03-14,121.04,121.48,120.38,120.73,3605523.0
1489550400,2017-03-15,120.72,121.11,120.06,120.79,4158343.0
1489636800,2017-03-16,122.61,122.98,121.48,121.77,4958162.0
1489723200,2017-03-17,121.12,121.46,120.68,120.68,8626185.0
1489982400,2017-03-20,120.68,121.04,120.33,120.71,2690239.0
1490068800,2017-03-21,120.93,121.08,119.43,119.46,4282501.0
1490155200,2017-03-22,119.57,120.27,118.72,120.08,3775379.0
1490241600,2017-03-23,119.78,120.69,119.24,120.11,4348725.0
1490328000,2017-03-24,120.31,120.57,119.13,119.43,3725316.0
1490587200,2017-03-27,118.51,119.65,118.23,119.39,3908522.0
1490673600,2017-03-28,119.5,120.23,118.86,119.89,4149517.0
1490760000,2017-03-29,119.75,119.88,119.17,119.5,3709820.0
1490846400,2017-03-30,119.45,119.95,119.33,119.45,3926558.0
1490932800,2017-03-31,119.54,120.2,119.33,119.64,3417460.0
1491192000,2017-04-03,119.51,120.14,119.12,119.89,4758908.0
1491278400,2017-04-04,119.21,120.2,119.04,119.9,3381136.0
1491364800,2017-04-05,120.0,121.14,118.73,118.77,6639898.0
1491451200,2017-04-06,119.18,119.18,118.34,118.48,3955475.0
1491537600,2017-04-07,118.23,118.81,117.68,118.27,3948790.0
1491796800,2017-04-10,118.53,118.55,117.48,117.62,4282906.0
1491883200,2017-04-11,117.24,117.64,116.1,117.19,5243020.0
1491969600,2017-04-12,117.48,117.62,116.81,117.25,3460935.0
1492056000,2017-04-13,116.8,117.73,116.47,116.47,3440564.0
1492401600,2017-04-17,116.62,117.69,116.53,117.55,4133099.0
1492488000,2017-04-18,117.34,117.96,116.68,116.83,6658809.0
1492574400,2017-04-19,111.13,111.74,109.65,111.09,20016062.0
1492660800,2017-04-20,110.83,111.57,110.27,111.51,6850614.0
1492747200,2017-04-21,111.33,111.38,110.19,110.19,6374994.0
1493006400,2017-04-24,110.81,111.0,110.21,110.44,5893317.0
1493092800,2017-04-25,111.15,111.33,110.19,110.19,5288319.0
1493179200,2017-04-26,110.29,110.68,109.85,109.97,4666625.0
1493265600,2017-04-27,110.12,110.26,109.67,110.15,4758601.0
1493352000,2017-04-28,110.21,110.33,109.72,110.12,4786061.0
1493611200,2017-05-01,109.97,110.21,109.03,109.13,5211877.0
1493697600,2017-05-02,109.54,109.58,108.99,109.31,3458928.0
1493784000,2017-05-03,109.06,109.55,108.91,108.98,4486856.0
1493870400,2017-05-04,109.14,109.33,108.8,109.27,4954385.0
1493956800,2017-05-05,105.47,107.03,105.12,106.52,13085316.0
1494216000,2017-05-08,106.01,106.47,105.59,106.17,7996560.0
1494302400,2017-05-09,105.87,106.22,105.14,105.53,7411348.0
1494388800,2017-05-10,105.21,105.71,104.85,104.93,5499997.0
1494475200,2017-05-11,104.79,104.86,103.92,104.52,6593328.0
1494561600,2017-05-12,104.27,104.94,104.07,104.32,4310713.0
1494820800,2017-05-15,104.5,105.34,104.38,105.11,5084298.0
1494907200,2017-05-16,105.25,106.83,105.22,106.62,5960494.0
1494993600,2017-05-17,106.35,106.94,104.68,104.71,5593054.0
1495080000,2017-05-18,104.66,104.99,104.14,104.61,3590529.0
1495166400,2017-05-19,104.77,105.77,104.68,105.44,7018852.0
1495425600,2017-05-22,105.52,106.04,105.17,105.9,3423103.0
1495512000,2017-05-23,105.85,106.62,105.4,105.47,2812137.0
1495598400,2017-05-24,105.6,105.98,104.92,105.81,4355768.0
1495684800,2017-05-25,106.25,106.65,106.11,106.29,2746844.0
1495771200,2017-05-26,106.04,106.15,105.49,105.79,2663388.0
1496116800,2017-05-30,105.45,105.92,105.17,105.27,4174748.0
1496203200,2017-05-31,105.45,106.01,105.21,105.89,4350523.0
1496289600,2017-06-01,106.01,106.06,105.2,105.92,3259614.0
1496376000,2017-06-02,106.2,106.29,105.31,105.49,4144828.0
1496635200,2017-06-05,105.33,106.1,105.23,105.74,4604762.0
1496721600,2017-06-06,105.45,106.07,105.45,105.71,4646898.0
1496808000,2017-06-07,106.18,106.98,104.62,104.75,5310925.0
1496894400,2017-06-08,104.81,106.02,104.7,105.52,3981261.0
1496980800,2017-06-09,105.5,107.02,105.37,106.91,4664034.0
1497240000,2017-06-12,106.97,109.06,106.85,107.66,7347837.0
1497326400,2017-06-13,107.84,107.87,106.94,107.01,4018285.0
1497412800,2017-06-14,106.82,107.49,106.11,106.71,3621879.0
1497499200,2017-06-15,106.35,107.32,106.35,106.99,4911616.0
1497585600,2017-06-16,107.0,107.83,106.12,107.8,9448246.0
1497844800,2017-06-19,107.89,108.13,107.22,107.42,5914401.0
1497931200,2017-06-20,107.17,107.8,107.01,107.5,5485326.0
1498017600,2017-06-21,108.08,108.08,106.42,106.69,4774330.0
1498104000,2017-06-22,107.22,107.53,106.63,107.12,3046844.0
1498190400,2017-06-23,107.05,107.31,106.7,106.92,4200099.0
1498449600,2017-06-26,107.33,108.05,107.28,107.69,2425054.0
1498536000,2017-06-27,107.53,107.77,107.19,107.36,2624649.0
1498622400,2017-06-28,107.64,107.92,107.38,107.76,2497089.0
1498708800,2017-06-29,107.76,108.05,106.58,106.93,3614251.0
1498795200,2017-06-30,107.01,107.19,106.24,106.72,4143146.0
1499054400,2017-07-03,106.55,108.25,106.51,107.94,3239741.0
1499227200,2017-07-05,108.07,108.15,106.58,106.61,3992760.0
1499313600,2017-07-06,106.4,106.72,105.61,105.7,3057088.0
1499400000,2017-07-07,105.88,106.49,105.55,106.11,2793923.0
1499659200,2017-07-10,106.15,106.76,105.89,106.44,3758121.0
1499745600,2017-07-11,106.33,106.6,105.49,106.28,4123578.0
1499832000,2017-07-12,106.48,107.01,106.18,106.63,3393209.0
1499918400,2017-07-13,106.63,106.97,106.28,106.58,3012756.0
1500004800,2017-07-14,106.84,107.27,106.42,107.01,3587065.0
1500264000,2017-07-17,106.56,106.76,105.62,106.15,5124159.0
1500350400,2017-07-18,105.66,107.04,105.45,106.84,7802588.0
1500436800,2017-07-19,104.08,104.24,101.78,102.35,14840152.0
1500523200,2017-07-20,102.35,103.25,102.0,102.44,8146436.0
1500609600,2017-07-21,102.39,102.59,101.64,102.04,7509706.0
1500868800,2017-07-24,101.99,102.01,101.15,101.28,4455647.0
1500955200,2017-07-25,101.71,102.32,101.31,101.42,4414980.0
1501041600,2017-07-26,101.48,101.61,100.23,100.85,4135072.0
1501128000,2017-07-27,100.6,100.87,99.65,100.65,7323236.0
1501214400,2017-07-28,100.47,100.62,99.79,100.1,3263858.0
1501473600,2017-07-31,100.15,100.55,100.02,100.37,5378923.0
1501560000,2017-08-01,100.6,101.06,100.4,100.8,3418639.0
1501646400,2017-08-02,100.68,100.8,100.06,100.22,4118288.0
1501732800,2017-08-03,100.2,100.83,100.2,100.56,3351004.0
1501819200,2017-08-04,100.6,100.87,100.18,100.71,2769413.0
1502078400,2017-08-07,100.6,100.66,99.04,99.54,4883463.0
1502164800,2017-08-08,99.56,100.09,99.56,99.63,3591686.0
1502251200,2017-08-09,99.38,99.58,98.99,99.39,3184666.0
1502337600,2017-08-10,99.3,99.85,99.02,99.44,5008737.0
1502424000,2017-08-11,99.87,99.97,99.22,99.44,3353871.0
1502683200,2017-08-14,99.56,100.09,99.51,99.78,2562321.0
1502769600,2017-08-15,99.98,100.49,98.56,99.6,4836849.0
1502856000,2017-08-16,99.41,100.19,99.28,99.91,3591771.0
1502942400,2017-08-17,99.92,100.18,98.64,98.64,5506299.0
1503028800,2017-08-18,98.76,98.96,97.86,97.94,4729104.0
1503288000,2017-08-21,97.87,98.45,97.54,98.38,3745951.0
1503374400,2017-08-22,98.6,98.96,98.42,98.86,2907611.0
1503460800,2017-08-23,98.64,100.29,98.63,99.65,4697194.0
1503547200,2017-08-24,99.91,100.73,99.73,100.21,3885411.0
1503633600,2017-08-25,100.47,101.09,100.43,100.78,3119353.0
1503892800,2017-08-28,101.06,101.35,99.83,99.91,5970470.0
1503979200,2017-08-29,99.63,100.55,99.49,100.35,3438272.0
1504065600,2017-08-30,100.43,100.45,99.84,99.95,2934688.0
1504152000,2017-08-31,100.27,100.72,100.0,100.28,4433630.0
1504238400,2017-09-01,100.24,101.31,100.24,101.01,3785938.0
1504584000,2017-09-05,100.61,101.21,100.05,100.28,3469589.0
1504670400,2017-09-06,100.87,101.29,100.61,100.83,3674905.0
1504756800,2017-09-07,101.03,101.41,99.84,100.19,4886893.0
1504843200,2017-09-08,100.36,100.36,99.3,99.87,3702963.0
1505102400,2017-09-11,100.64,101.75,100.26,101.56,5101937.0
1505188800,2017-09-12,101.74,102.62,101.31,102.19,5884129.0
1505275200,2017-09-13,101.94,102.56,101.9,102.35,4591652.0
1505361600,2017-09-14,102.26,102.63,102.02,102.04,4400199.0
1505448000,2017-09-15,101.53,101.78,101.01,101.53,10824004.0
1505707200,2017-09-18,101.55,101.99,101.15,101.34,3302948.0
1505793600,2017-09-19,101.51,101.64,101.11,101.23,3847173.0
1505880000,2017-09-20,101.61,102.28,101.25,102.28,6906713.0
1505966400,2017-09-21,102.11,102.28,101.73,101.84,2825647.0
1506052800,2017-09-22,102.07,102.07,101.37,101.75,3273575.0
1506312000,2017-09-25,101.73,102.38,101.6,102.27,5902941.0
1506398400,2017-09-26,102.61,103.36,102.32,102.75,5028554.0
1506484800,2017-09-27,102.84,102.99,101.68,102.12,4027245.0
1506571200,2017-09-28,101.87,102.26,101.1,102.12,3091831.0
1506657600,2017-09-29,101.95,102.14,101.6,101.71,3176723.0
1506916800,2017-10-02,101.93,102.97,101.81,102.82,3337323.0
1507003200,2017-10-03,102.85,103.2,102.6,102.91,2482482.0
1507089600,2017-10-04,103.06,103.07,102.44,102.7,2423905.0
1507176000,2017-10-05,102.84,103.44,102.7,102.86,2977899.0
1507262400,2017-10-06,102.81,102.96,102.58,102.7,3092712.0
1507521600,2017-10-09,102.71,103.61,102.6,103.33,2954433.0
1507608000,2017-10-10,103.56,104.43,103.52,104.11,4506902.0
1507694400,2017-10-11,104.04,104.09,103.26,103.5,4334904.0
1507780800,2017-10-12,103.45,103.68,102.9,103.08,3642381.0
1507867200,2017-10-13,103.41,103.66,103.02,103.13,2770184.0
1508126400,2017-10-16,103.21,103.53,102.72,102.94,3279978.0
1508212800,2017-10-17,102.85,103.14,102.49,102.74,6690571.0
1508299200,2017-10-18,110.16,113.04,110.04,111.85,31080078.0
1508385600,2017-10-19,112.03,112.85,111.53,112.81,10474898.0
1508472000,2017-10-20,112.93,113.91,112.01,113.63,9084770.0
1508731200,2017-10-23,113.61,113.93,111.85,111.86,6748023.0
1508817600,2017-10-24,111.93,111.96,108.79,109.29,8535707.0
1508904000,2017-10-25,109.38,109.63,107.31,107.62,7810584.0
1508990400,2017-10-26,108.04,108.75,107.65,107.69,4954249.0
1509076800,2017-10-27,108.35,108.41,107.2,107.74,5528562.0
1509336000,2017-10-30,107.79,108.38,107.06,108.22,4814581.0
1509422400,2017-10-31,108.2,108.62,107.22,108.01,4854684.0
1509508800,2017-11-01,108.04,108.6,107.85,107.99,3467219.0
1509595200,2017-11-02,108.09,108.31,107.2,107.51,3712922.0
1509681600,2017-11-03,107.56,107.6,106.21,106.27,4676078.0
1509944400,2017-11-06,106.4,106.44,105.36,105.75,5036418.0
1510030800,2017-11-07,106.11,106.22,105.51,106.11,4207674.0
1510117200,2017-11-08,106.27,106.42,105.36,106.26,5009249.0
1510203600,2017-11-09,106.16,107.49,106.11,106.43,5356232.0
1510290000,2017-11-10,106.71,106.84,105.6,105.62,4735962.0
1510549200,2017-11-13,105.39,105.51,104.74,105.08,5833414.0
1510635600,2017-11-14,104.76,105.48,104.44,105.43,4115932.0
1510722000,2017-11-15,104.8,105.3,103.53,104.16,5092124.0
1510808400,2017-11-16,104.61,105.97,104.44,105.59,5871789.0
1510894800,2017-11-17,105.75,106.32,105.38,105.48,5652838.0
1511154000,2017-11-20,106.67,107.59,106.14,106.57,5941110.0
1511240400,2017-11-21,107.17,107.95,107.06,107.59,4121367.0
1511326800,2017-11-22,107.65,107.91,107.16,107.47,3625546.0
1511499600,2017-11-24,107.59,107.77,107.16,107.52,1301181.0
1511758800,2017-11-27,107.68,107.98,107.36,107.62,3742446.0
1511845200,2017-11-28,107.88,108.29,107.42,107.96,4570183.0
1511931600,2017-11-29,108.21,108.77,107.75,108.73,5379771.0
1512018000,2017-11-30,108.8,109.34,108.39,109.02,8119453.0
1512104400,2017-12-01,109.33,109.77,108.28,109.58,6195572.0
1512363600,2017-12-04,110.23,111.03,109.8,110.79,5001694.0
1512450000,2017-12-05,110.78,110.99,109.53,110.0,5678376.0
1512536400,2017-12-06,110.24,110.62,109.11,109.12,3985930.0
1512622800,2017-12-07,109.07,109.36,108.52,108.74,4354354.0
1512709200,2017-12-08,109.0,109.78,108.73,109.62,3981321.0
1512968400,2017-12-11,109.73,110.38,109.45,110.04,4645140.0
1513054800,2017-12-12,109.9,111.77,109.87,110.99,6841240.0
1513141200,2017-12-13,110.89,110.98,108.97,108.98,6173280.0
1513227600,2017-12-14,109.51,109.83,108.83,109.05,5117452.0
1513314000,2017-12-15,108.77,108.9,107.65,107.98,13322626.0
1513573200,2017-12-18,108.76,109.17,108.49,108.57,5620606.0
1513659600,2017-12-19,109.08,109.17,108.4,108.5,4573355.0
1513746000,2017-12-20,108.8,108.97,108.18,108.3,4333452.0
1513832400,2017-12-21,108.46,108.66,107.27,107.28,4582722.0
1513918800,2017-12-22,107.5,108.34,107.28,107.98,3416000.0
1514264400,2017-12-26,107.99,108.95,107.98,108.22,2629727.0
1514350800,2017-12-27,108.3,108.47,108.06,108.43,2374340.0
1514437200,2017-12-28,108.51,109.13,108.48,109.07,2877062.0
1514523600,2017-12-29,109.17,109.56,108.63,108.64,3925710.0
1514869200,2018-01-02,109.41,109.62,108.72,109.22,4845248.0
1514955600,2018-01-03,111.41,113.16,110.7,112.23,10085915.0
1515042000,2018-01-04,113.05,114.94,112.85,114.5,8048901.0
1515128400,2018-01-05,115.02,115.35,114.07,115.06,5707176.0
1515387600,2018-01-08,115.21,116.06,114.5,115.75,6062844.0
1515474000,2018-01-09,116.06,116.5,115.46,116.01,4644395.0
1515560400,2018-01-10,115.35,116.36,115.06,116.25,4821077.0
1515646800,2018-01-11,116.69,116.79,115.63,116.27,4213770.0
1515733200,2018-01-12,116.14,116.65,115.44,115.52,5561148.0
1516078800,2018-01-16,116.91,117.04,115.67,116.02,8785691.0
1516165200,2018-01-17,118.97,119.76,118.44,119.42,12732005.0
1516251600,2018-01-18,120.38,121.18,119.07,119.75,14649339.0
1516338000,2018-01-19,116.45,117.12,114.21,114.97,21801640.0
1516597200,2018-01-22,114.36,116.11,114.08,115.14,9323506.0
1516683600,2018-01-23,115.07,117.73,115.07,117.72,8174560.0
1516770000,2018-01-24,118.07,119.47,116.71,117.1,6140392.0
1516856400,2018-01-25,117.48,118.1,116.97,117.17,3543816.0
1516942800,2018-01-26,117.67,118.54,117.39,118.49,4259935.0
1517202000,2018-01-29,118.57,119.24,117.55,118.11,3964889.0
1517288400,2018-01-30,117.72,118.09,115.53,115.86,5309725.0
1517374800,2018-01-31,115.95,116.83,115.25,115.91,4611192.0
1517461200,2018-02-01,115.55,116.22,114.64,114.99,5111378.0
1517547600,2018-02-02,114.5,114.71,112.49,112.61,5747892.0
1517806800,2018-02-05,111.8,112.23,106.21,108.0,9336462.0
1517893200,2018-02-06,106.42,110.1,105.58,109.99,10620436.0
1517979600,2018-02-07,109.19,109.99,108.54,108.94,6501289.0
1518066000,2018-02-08,109.07,109.55,105.5,105.57,7368770.0
1518152400,2018-02-09,106.29,107.68,103.28,106.94,8319620.0
1518411600,2018-02-12,107.94,109.01,107.51,108.29,6984363.0
1518498000,2018-02-13,107.94,108.14,107.04,107.83,5602857.0
1518584400,2018-02-14,107.43,110.87,107.29,110.7,6036691.0
1518670800,2018-02-15,111.23,112.2,109.94,111.59,6118238.0
1518757200,2018-02-16,111.38,112.87,111.36,111.71,4917712.0
1519102800,2018-02-20,111.56,111.56,110.06,110.98,4807790.0
1519189200,2018-02-21,111.18,112.15,110.08,110.13,3985356.0
1519275600,2018-02-22,110.51,110.9,109.29,109.57,4398762.0
1519362000,2018-02-23,110.38,111.48,110.2,111.24,3507019.0
1519621200,2018-02-26,111.45,113.64,111.23,113.43,4017072.0
1519707600,2018-02-27,113.34,114.29,111.96,111.98,4798946.0
1519794000,2018-02-28,112.66,113.12,111.44,111.46,4681118.0
1519880400,2018-03-01,111.25,112.28,109.29,110.02,4391869.0
1519966800,2018-03-02,109.29,110.7,108.64,110.5,3624433.0
1520226000,2018-03-05,110.23,112.65,109.98,112.26,3951423.0
1520312400,2018-03-06,112.51,112.94,110.98,111.38,4015396.0
1520398800,2018-03-07,110.87,113.61,110.68,113.24,5052773.0
1520485200,2018-03-08,113.73,114.14,110.92,111.73,7353878.0
1520571600,2018-03-09,112.62,114.15,112.51,113.95,5512017.0
1520827200,2018-03-12,114.19,115.18,113.64,114.63,5423579.0
1520913600,2018-03-13,114.51,115.96,113.59,113.96,4472499.0
1521000000,2018-03-14,114.58,114.93,112.83,113.1,4066071.0
1521086400,2018-03-15,113.52,115.34,113.39,114.17,4486326.0
1521172800,2018-03-16,114.49,115.86,114.19,114.63,12139700.0
1521432000,2018-03-19,114.24,114.37,111.91,112.55,6567237.0
1521518400,2018-03-20,112.69,112.97,111.08,111.73,4812535.0
1521604800,2018-03-21,111.99,113.16,111.53,112.08,3946846.0
1521691200,2018-03-22,110.88,111.05,108.72,108.79,5468448.0
1521777600,2018-03-23,108.88,109.14,106.25,106.5,4904280.0
1522036800,2018-03-26,108.16,109.91,107.49,109.7,4667337.0
1522123200,2018-03-27,110.12,110.78,108.12,108.66,4265716.0
1522209600,2018-03-28,108.77,110.05,108.64,109.1,4149068.0
1522296000,2018-03-29,109.49,110.08,108.07,109.75,3905377.0
1522641600,2018-04-02,109.68,109.71,106.17,107.34,5673465.0
1522728000,2018-04-03,107.87,108.01,106.08,107.19,4651909.0
1522814400,2018-04-04,105.78,110.49,105.47,110.24,5401331.0
1522900800,2018-04-05,110.47,110.81,109.68,110.18,3766876.0
1522987200,2018-04-06,109.44,110.12,106.96,107.7,4139142.0
1523246400,2018-04-09,108.58,110.63,108.54,109.22,4998881.0
1523332800,2018-04-10,110.89,112.02,110.69,111.15,4448566.0
1523419200,2018-04-11,110.42,111.43,110.07,111.13,3620040.0
1523505600,2018-04-12,112.12,113.72,112.06,113.07,6283875.0
1523592000,2018-04-13,113.55,113.89,111.52,112.09,4407514.0
1523851200,2018-04-16,112.95,113.83,112.78,112.94,4566093.0
1523937600,2018-04-17,113.6,115.88,113.38,115.1,10706970.0
1524024000,2018-04-18,108.82,109.17,106.05,106.43,20917919.0
1524110400,2018-04-19,106.71,106.73,104.88,105.65,8354277.0
1524196800,2018-04-20,105.78,105.84,103.37,103.64,9572129.0
1524456000,2018-04-23,103.74,104.4,103.24,104.33,5569316.0
1524542400,2018-04-24,104.8,105.36,103.38,104.12,5390291.0
1524628800,2018-04-25,104.28,104.72,103.08,104.39,8868376.0
1524715200,2018-04-26,104.86,105.4,104.57,104.95,4735319.0
1524801600,2018-04-27,105.03,105.33,104.19,104.78,3410198.0
1525060800,2018-04-30,105.05,105.42,103.69,103.69,5249835.0
1525147200,2018-05-01,103.47,103.73,102.62,103.72,4613050.0
1525233600,2018-05-02,103.33,103.59,101.62,101.89,5833700.0
1525320000,2018-05-03,101.66,101.74,100.07,101.56,5809705.0
1525406400,2018-05-04,100.92,103.25,100.34,102.94,4951083.0
1525665600,2018-05-07,103.0,103.23,102.03,102.44,3892149.0
1525752000,2018-05-08,102.29,102.65,101.61,102.29,5662929.0
1525838400,2018-05-09,102.62,103.43,102.17,103.13,4562809.0
1525924800,2018-05-10,103.52,104.37,103.42,104.31,3961773.0
1526011200,2018-05-11,104.21,104.75,103.83,104.24,3771729.0
1526270400,2018-05-14,104.48,104.95,104.24,104.35,3816127.0
1526356800,2018-05-15,103.77,104.13,103.35,103.95,4534836.0
1526443200,2018-05-16,103.95,104.88,103.61,104.59,3697087.0
1526529600,2018-05-17,104.39,105.0,103.97,104.5,3542485.0
1526616000,2018-05-18,104.48,104.81,104.13,104.19,3028463.0
1526875200,2018-05-21,104.82,105.61,104.63,105.21,3356702.0
1526961600,2018-05-22,105.23,105.73,104.86,104.92,2574684.0
1527048000,2018-05-23,104.39,104.64,103.76,104.62,4178932.0
1527134400,2018-05-24,104.42,104.48,103.38,104.19,3782595.0
1527220800,2018-05-25,103.95,104.55,103.74,103.87,6334395.0
1527566400,2018-05-29,103.07,103.33,101.39,102.12,5205417.0
1527652800,2018-05-30,102.62,103.48,102.56,103.14,5636410.0
1527739200,2018-05-31,103.22,103.27,102.0,102.19,9014409.0
1527825600,2018-06-01,103.0,103.3,102.41,102.65,4191860.0
1528084800,2018-06-04,102.91,103.53,102.82,103.44,3333436.0
1528171200,2018-06-05,103.45,104.19,103.44,103.92,3200919.0
1528257600,2018-06-06,104.38,104.66,103.8,104.65,3698228.0
1528344000,2018-06-07,104.86,106.09,104.81,105.12,4729876.0
1528430400,2018-06-08,104.86,105.89,104.4,105.68,5799438.0
1528689600,2018-06-11,106.03,106.6,105.68,106.0,3514431.0
1528776000,2018-06-12,106.38,106.68,106.03,106.21,2904683.0
1528862400,2018-06-13,106.15,106.64,105.73,105.83,3383063.0
1528948800,2018-06-14,106.05,106.29,104.92,105.0,3720436.0
1529035200,2018-06-15,104.79,105.2,103.92,105.14,11712202.0
1529294400,2018-06-18,104.27,104.51,103.51,104.48,4549964.0
1529380800,2018-06-19,103.5,104.29,103.38,104.06,3829344.0
1529467200,2018-06-20,104.29,104.51,102.99,103.14,3601275.0
1529553600,2018-06-21,103.12,103.51,101.84,102.15,4237457.0
1529640000,2018-06-22,102.43,102.55,101.81,102.17,8488111.0
1529899200,2018-06-25,101.53,101.53,100.0,100.37,9781788.0
1529985600,2018-06-26,100.82,101.13,100.03,100.58,4646026.0
1530072000,2018-06-27,100.6,101.08,99.4,99.42,4502086.0
1530158400,2018-06-28,99.87,101.63,99.76,101.27,4977950.0
1530244800,2018-06-29,101.47,102.23,100.96,101.03,4309188.0
1530504000,2018-07-02,100.0,101.4,99.94,101.14,3696542.0
1530590400,2018-07-03,101.71,101.92,100.79,100.93,2172516.0
1530763200,2018-07-05,101.59,102.28,101.19,102.28,4230464.0
1530849600,2018-07-06,102.35,103.37,102.09,103.04,3277570.0
1531108800,2018-07-09,103.12,104.66,103.03,104.42,4339245.0
1531195200,2018-07-10,104.5,105.28,104.32,104.65,4187133.0
1531281600,2018-07-11,104.14,105.72,104.14,104.81,3792530.0
1531368000,2018-07-12,105.47,106.18,105.39,105.91,3571459.0
1531454400,2018-07-13,105.92,106.29,105.44,105.51,3253996.0
1531713600,2018-07-16,105.34,105.43,104.29,105.19,3908617.0
1531800000,2018-07-17,104.68,104.86,103.66,103.77,5499053.0
1531886400,2018-07-18,103.78,104.71,103.22,104.51,7235746.0
1531972800,2018-07-19,106.92,108.86,106.49,107.92,15118841.0
1532059200,2018-07-20,107.45,107.65,105.77,105.83,6932952.0
1532318400,2018-07-23,105.83,106.09,104.87,105.36,4171881.0
1532404800,2018-07-24,106.09,106.33,105.52,105.86,4195067.0
1532491200,2018-07-25,105.59,106.05,105.22,106.03,3938345.0
1532577600,2018-07-26,106.62,107.95,106.04,106.09,5291330.0
1532664000,2018-07-27,106.23,106.41,104.61,104.97,4030846.0
1532923200,2018-07-30,104.89,105.76,104.63,105.21,3996855.0
1533009600,2018-07-31,105.39,105.44,104.25,104.81,6820130.0
1533096000,2018-08-01,104.68,105.0,103.66,103.77,3731248.0
1533182400,2018-08-02,103.3,103.67,102.93,103.38,4323681.0
1533268800,2018-08-03,103.59,106.97,103.41,106.81,8807319.0
1533528000,2018-08-06,106.3,106.45,105.27,105.6,4455894.0
1533614400,2018-08-07,106.09,106.77,105.83,106.31,3743185.0
1533700800,2018-08-08,106.54,106.62,105.76,106.23,4087390.0
1533787200,2018-08-09,106.38,106.68,105.8,105.83,3670466.0
1533873600,2018-08-10,105.63,106.05,105.18,105.62,3257434.0
1534132800,2018-08-13,105.37,105.48,104.19,104.32,3100569.0
1534219200,2018-08-14,104.53,105.13,104.48,104.8,3172967.0
1534305600,2018-08-15,104.2,105.26,103.8,105.2,4505698.0
1534392000,2018-08-16,105.53,106.49,105.53,106.24,5307759.0
1534478400,2018-08-17,105.84,107.01,105.77,106.77,2924862.0
1534737600,2018-08-20,107.0,107.57,106.84,107.1,2669808.0
1534824000,2018-08-21,107.46,107.55,106.65,106.7,3403278.0
1534910400,2018-08-22,106.76,106.84,106.13,106.17,2611581.0
1534996800,2018-08-23,106.02,106.38,105.81,106.27,2469250.0
1535083200,2018-08-24,106.36,106.79,105.9,106.76,3275008.0
1535342400,2018-08-27,107.3,107.91,107.11,107.23,3782447.0
1535428800,2018-08-28,107.38,107.45,106.87,107.16,2701485.0
1535515200,2018-08-29,107.36,108.14,107.17,107.85,3504956.0
1535601600,2018-08-30,107.48,107.68,106.18,106.68,4005255.0
1535688000,2018-08-31,106.52,107.3,106.39,107.08,4022748.0
1536033600,2018-09-04,106.73,106.87,105.86,106.49,3808221.0
1536120000,2018-09-05,106.13,107.27,106.03,107.21,3577955.0
1536206400,2018-09-06,107.37,107.94,106.39,107.01,5341802.0
1536292800,2018-09-07,106.59,107.09,106.08,106.32,5058608.0
1536552000,2018-09-10,107.17,107.68,106.4,106.47,3885382.0
1536638400,2018-09-11,106.73,107.45,106.18,107.08,3918405.0
1536724800,2018-09-12,107.0,108.17,106.75,107.14,5361511.0
1536811200,2018-09-13,107.63,108.92,107.54,108.88,5760565.0
1536897600,2018-09-14,108.81,109.14,108.03,108.43,3642460.0
1537156800,2018-09-17,108.51,108.97,108.02,108.14,4033890.0
1537243200,2018-09-18,108.01,108.91,107.8,108.6,4008451.0
1537329600,2018-09-19,108.65,109.62,108.36,108.96,4738495.0
1537416000,2018-09-20,109.34,110.66,109.24,110.49,6910980.0
1537502400,2018-09-21,110.73,111.55,110.19,110.64,29264726.0
1537761600,2018-09-24,110.45,110.53,109.26,109.67,5018182.0
1537848000,2018-09-25,109.58,109.95,108.45,108.85,4976304.0
1537934400,2018-09-26,111.4,112.1,110.63,110.83,8500430.0
1538020800,2018-09-27,111.12,111.4,110.5,110.75,4221569.0
1538107200,2018-09-28,110.5,110.84,110.23,110.54,3918625.0
1538366400,2018-10-01,110.93,112.15,110.9,111.84,4563412.0
1538452800,2018-10-02,111.84,112.46,111.48,112.39,3354508.0
1538539200,2018-10-03,112.57,112.84,111.7,112.0,3993893.0
1538625600,2018-10-04,110.89,111.7,109.91,110.61,4598801.0
1538712000,2018-10-05,110.31,110.96,108.09,108.94,5060605.0
1538971200,2018-10-08,108.55,108.97,107.59,108.47,3738583.0
1539057600,2018-10-09,108.24,108.45,107.41,107.63,4353675.0
1539144000,2018-10-10,107.82,107.96,104.17,104.31,6059677.0
1539230400,2018-10-11,104.17,105.4,101.45,101.62,9804921.0
1539316800,2018-10-12,103.16,103.47,101.67,102.96,7012171.0
1539576000,2018-10-15,102.62,103.99,102.44,103.17,5453380.0
1539662400,2018-10-16,104.48,106.32,103.5,106.08,9284437.0
1539748800,2018-10-17,99.34,100.26,97.53,97.99,20240345.0
1539835200,2018-10-18,97.01,97.52,95.06,95.43,10594169.0
1539921600,2018-10-19,95.54,96.41,93.54,94.37,8525520.0
1540180800,2018-10-22,94.75,95.35,93.86,95.05,6094516.0
1540267200,2018-10-23,94.38,96.42,93.87,95.91,6833211.0
1540353600,2018-10-24,95.89,96.27,92.84,92.99,6296981.0
1540440000,2018-10-25,93.02,93.41,91.48,92.44,10796206.0
1540526400,2018-10-26,91.53,91.95,90.43,91.22,9529254.0
1540785600,2018-10-29,87.24,90.61,86.48,87.46,21200470.0
1540872000,2018-10-30,88.07,88.82,84.18,84.36,22768538.0
1540958400,2018-10-31,85.15,85.16,83.4,84.38,22757966.0
1541044800,2018-11-01,84.43,85.53,84.15,85.4,13957924.0
1541131200,2018-11-02,85.97,86.08,83.73,84.56,11554009.0
1541394000,2018-11-05,84.89,88.28,84.8,87.76,9940664.0
1541480400,2018-11-06,88.23,90.51,87.95,90.0,10266410.0
1541566800,2018-11-07,90.49,91.42,89.42,91.26,16691361.0
1541653200,2018-11-08,90.89,92.1,90.78,91.34,10901822.0
1541739600,2018-11-09,91.51,92.22,90.29,91.46,8047986.0
1541998800,2018-11-12,91.43,91.48,89.32,89.5,6066009.0
1542085200,2018-11-13,89.72,90.5,88.76,89.46,4426657.0
1542171600,2018-11-14,89.68,90.27,88.67,88.98,5313223.0
1542258000,2018-11-15,88.58,89.9,88.47,89.9,5827043.0
1542344400,2018-11-16,89.5,90.21,89.24,90.0,4514290.0
1542603600,2018-11-19,90.04,90.45,88.67,89.07,4476449.0
1542690000,2018-11-20,87.72,88.46,86.39,86.76,6718308.0
1542776400,2018-11-21,87.07,88.47,86.9,87.78,5653723.0
1542949200,2018-11-23,87.36,87.61,86.55,86.76,2537735.0
1543208400,2018-11-26,87.63,89.02,87.4,88.51,5644129.0
1543294800,2018-11-27,87.64,88.87,87.63,88.86,5977608.0
1543381200,2018-11-28,89.6,91.12,89.0,91.06,5650293.0
1543467600,2018-11-29,90.64,91.15,89.87,89.93,5555818.0
1543554000,2018-11-30,90.07,92.31,89.93,92.0,8546588.0
1543813200,2018-12-03,93.03,93.72,92.06,92.77,6223434.0
1543899600,2018-12-04,92.16,92.48,89.82,90.02,6658682.0
1544072400,2018-12-06,88.63,91.73,88.32,91.73,7740802.0
1544158800,2018-12-07,91.72,91.83,88.0,88.35,7498545.0
1544418000,2018-12-10,88.64,90.08,87.74,89.67,7289201.0
1544504400,2018-12-11,91.24,91.66,88.84,89.5,5469908.0
1544590800,2018-12-12,90.69,90.97,89.58,89.7,3945107.0
1544677200,2018-12-13,89.77,90.16,88.96,89.38,4481589.0
1544763600,2018-12-14,88.47,89.66,88.42,88.76,5258482.0
1545022800,2018-12-17,88.15,88.67,85.19,85.95,8201733.0
1545109200,2018-12-18,86.54,87.53,85.89,86.36,6715911.0
1545195600,2018-12-19,86.73,89.04,85.85,86.19,7455207.0
1545282000,2018-12-20,85.65,86.21,82.69,83.67,9703887.0
1545368400,2018-12-21,83.28,85.34,81.76,82.13,12410411.0
1545627600,2018-12-24,81.36,82.17,79.58,79.63,4222838.0
1545800400,2018-12-26,79.95,82.46,78.43,82.46,7242263.0
1545886800,2018-12-27,81.43,84.23,81.04,84.23,6729757.0
1545973200,2018-12-28,84.56,84.99,83.28,83.68,5513586.0
1546232400,2018-12-31,83.9,84.65,83.23,84.15,5531774.0
1546405200,2019-01-02,82.91,85.86,82.68,85.29,5107328.0
1546491600,2019-01-03,84.76,85.05,83.43,83.59,4872503.0
1546578000,2019-01-04,85.07,86.98,84.72,86.85,4957861.0
1546837200,2019-01-07,86.99,87.97,86.37,87.47,4155516.0
1546923600,2019-01-08,88.58,89.26,88.08,88.71,5163493.0
1547010000,2019-01-09,89.51,89.87,88.74,89.35,4039620.0
1547096400,2019-01-10,88.9,90.21,88.8,90.16,4428856.0
1547182800,2019-01-11,89.96,90.03,88.98,89.92,4163699.0
1547442000,2019-01-14,89.21,89.32,88.66,89.13,6121470.0
1547528400,2019-01-15,89.55,90.27,89.44,90.12,3880525.0
1547614800,2019-01-16,90.01,90.32,89.45,90.04,4306139.0
1547701200,2019-01-17,89.25,90.62,89.24,90.46,5335345.0
1547787600,2019-01-18,91.26,92.33,90.84,91.66,6698808.0
1548133200,2019-01-22,91.22,91.65,89.98,90.7,10772007.0
1548219600,2019-01-23,97.25,99.94,96.47,98.38,22698126.0
1548306000,2019-01-24,98.18,98.61,97.3,98.11,6742617.0
1548392400,2019-01-25,98.36,99.53,98.04,99.18,6096013.0
1548651600,2019-01-28,98.53,99.8,98.15,99.4,5671989.0
1548738000,2019-01-29,99.42,100.25,98.9,99.45,5516286.0
1548824400,2019-01-30,99.27,99.96,98.65,99.48,4927309.0
1548910800,2019-01-31,99.53,99.73,99.01,99.51,5855262.0
1548997200,2019-02-01,99.92,100.09,98.72,99.27,4195907.0
1549256400,2019-02-04,99.22,100.09,98.45,100.08,4494402.0
1549342800,2019-02-05,100.15,100.55,99.88,100.35,6357911.0
1549429200,2019-02-06,100.1,101.16,100.07,100.92,5337845.0
1549515600,2019-02-07,100.03,100.72,98.96,99.76,4700829.0
1549602000,2019-02-08,99.13,100.15,99.01,100.15,3769581.0
1549861200,2019-02-11,100.59,101.23,100.3,100.36,3494354.0
1549947600,2019-02-12,101.23,102.02,101.01,101.91,3682805.0
1550034000,2019-02-13,102.56,103.31,102.18,103.01,4684703.0
1550120400,2019-02-14,102.74,103.07,102.03,102.23,3031887.0
1550206800,2019-02-15,103.05,103.5,102.91,103.39,4248366.0
1550552400,2019-02-19,103.22,103.89,102.89,103.89,3825032.0
1550638800,2019-02-20,103.89,104.3,102.78,103.37,4205594.0
1550725200,2019-02-21,103.22,103.63,102.88,103.25,3189381.0
1550811600,2019-02-22,103.91,104.4,103.69,104.3,3576486.0
1551070800,2019-02-25,104.86,105.22,104.36,104.46,3592317.0
1551157200,2019-02-26,104.62,105.23,104.47,104.65,3506910.0
1551243600,2019-02-27,104.27,104.54,103.67,104.24,2893356.0
1551330000,2019-02-28,103.94,104.16,103.16,103.46,4141405.0
1551416400,2019-03-01,104.35,104.89,103.85,104.27,3301306.0
1551675600,2019-03-04,104.86,104.92,102.74,103.69,4033191.0
1551762000,2019-03-05,103.85,103.92,103.03,103.28,5013610.0
1551848400,2019-03-06,103.46,103.66,102.41,102.6,3018516.0
1551934800,2019-03-07,102.33,102.53,100.85,101.39,4709151.0
1552021200,2019-03-08,100.53,101.3,100.06,101.19,4464758.0
1552276800,2019-03-11,101.89,103.16,101.75,103.15,4407949.0
1552363200,2019-03-12,103.76,104.64,103.26,103.58,4371612.0
1552449600,2019-03-13,103.4,104.36,103.25,103.79,3662532.0
1552536000,2019-03-14,103.74,104.07,103.41,103.96,3166110.0
1552622400,2019-03-15,104.39,105.11,104.29,104.44,9675268.0
1552881600,2019-03-18,104.74,105.14,103.91,105.02,3587809.0
1552968000,2019-03-19,105.58,106.14,104.87,105.23,4095985.0
1553054400,2019-03-20,105.26,105.39,104.1,104.56,4115308.0
1553140800,2019-03-21,104.19,106.45,104.03,105.94,4139659.0
1553227200,2019-03-22,105.6,105.94,104.04,104.45,4472997.0
1553486400,2019-03-25,104.12,104.8,103.63,104.25,3091747.0
1553572800,2019-03-26,104.81,105.63,104.43,105.03,2896374.0
1553659200,2019-03-27,105.17,105.23,103.67,104.3,3532961.0
1553745600,2019-03-28,104.8,105.19,104.19,104.8,3147197.0
1553832000,2019-03-29,105.24,105.78,104.98,105.69,3881186.0
1554091200,2019-04-01,106.0,107.42,106.0,107.34,4474784.0
1554177600,2019-04-02,107.47,107.82,106.81,107.11,2645659.0
1554264000,2019-04-03,107.6,108.03,107.12,107.58,2920222.0
1554350400,2019-04-04,107.58,107.97,106.77,106.95,3009538.0
1554436800,2019-04-05,107.33,107.49,106.71,107.32,2957610.0
1554696000,2019-04-08,107.13,107.43,107.01,107.4,2353832.0
1554782400,2019-04-09,106.86,107.07,106.24,106.44,3506809.0
1554868800,2019-04-10,106.51,107.48,106.35,107.13,2947389.0
1554955200,2019-04-11,107.71,107.94,107.13,107.7,3244879.0
1555041600,2019-04-12,108.07,108.19,107.64,108.12,3063837.0
1555300800,2019-04-15,108.14,108.2,107.31,107.79,4191863.0
1555387200,2019-04-16,108.16,108.9,107.88,108.71,6545820.0
1555473600,2019-04-17,102.89,106.35,102.06,104.2,13030341.0
1555560000,2019-04-18,104.12,105.23,103.89,105.11,5700761.0
1555905600,2019-04-22,104.48,105.28,103.73,104.03,4813350.0
1555992000,2019-04-23,104.23,105.55,104.07,105.19,4790241.0
1556078400,2019-04-24,105.31,105.85,104.7,104.83,3129066.0
1556164800,2019-04-25,104.64,104.68,103.15,103.84,3209193.0
1556251200,2019-04-26,104.37,104.78,103.97,104.44,2564838.0
1556510400,2019-04-29,104.23,104.59,103.97,104.15,3328248.0
1556596800,2019-04-30,104.2,105.19,103.88,105.07,5668794.0
1556683200,2019-05-01,105.28,106.22,104.99,105.28,3342103.0
1556769600,2019-05-02,105.24,105.82,104.42,104.56,3752914.0
1556856000,2019-05-03,104.64,105.61,104.59,105.05,2940607.0
1557115200,2019-05-06,103.55,105.38,103.29,105.15,3137465.0
1557201600,2019-05-07,104.23,104.5,102.01,103.1,5265529.0
1557288000,2019-05-08,103.19,103.89,102.71,103.37,4361472.0
1557374400,2019-05-09,102.25,102.77,100.84,102.59,4548008.0
1557460800,2019-05-10,102.24,102.9,100.37,102.57,4333270.0
1557720000,2019-05-13,101.03,101.25,99.27,99.62,5617045.0
1557806400,2019-05-14,99.92,101.81,99.81,101.05,3644506.0
1557892800,2019-05-15,100.43,102.02,100.34,101.87,2902163.0
1557979200,2019-05-16,102.13,103.17,102.06,103.0,3404781.0
1558065600,2019-05-17,102.09,102.64,101.53,101.81,2978382.0
1558324800,2019-05-20,101.22,102.66,100.76,102.42,3480143.0
1558411200,2019-05-21,103.18,103.89,102.93,103.43,2804895.0
1558497600,2019-05-22,103.09,103.66,102.87,103.35,2071828.0
1558584000,2019-05-23,102.43,102.43,98.87,100.35,5841933.0
1558670400,2019-05-24,101.29,101.76,99.74,100.27,2801999.0
1559016000,2019-05-28,100.15,100.54,98.74,98.89,6474308.0
1559102400,2019-05-29,98.54,98.75,97.27,98.3,4034809.0
1559188800,2019-05-30,98.3,98.52,97.73,98.21,2946819.0
1559275200,2019-05-31,97.36,97.36,96.15,96.26,4022398.0
1559534400,2019-06-03,96.34,97.45,96.31,97.23,4915594.0
1559620800,2019-06-04,98.18,100.62,97.85,100.58,4550907.0
1559707200,2019-06-05,98.18,100.62,97.85,100.58,4550907.0
1559793600,2019-06-06,100.2,100.55,99.22,100.22,2569292.0
1559880000,2019-06-07,100.41,102.12,100.21,101.05,2900502.0
1560139200,2019-06-10,101.86,102.6,101.5,102.13,3146066.0
1560225600,2019-06-11,102.5,103.44,102.37,103.05,3887873.0
1560312000,2019-06-12,102.75,103.04,101.88,102.23,2629023.0
1560398400,2019-06-13,102.43,103.29,102.4,102.91,3268572.0
1560484800,2019-06-14,103.0,103.0,101.9,102.44,2743723.0
1560744000,2019-06-17,102.63,103.11,102.1,102.29,2463244.0
1560830400,2019-06-18,102.48,103.99,102.48,103.38,3368315.0
1560916800,2019-06-19,103.41,104.88,103.27,103.91,2783089.0
1561003200,2019-06-20,105.31,105.77,104.76,105.25,3650671.0
1561089600,2019-06-21,104.94,105.77,104.9,105.51,6867576.0
1561348800,2019-06-24,105.51,106.23,105.4,105.63,2489025.0
1561435200,2019-06-25,105.71,105.78,104.7,104.88,3209410.0
1561521600,2019-06-26,105.26,105.88,104.91,105.0,2784159.0
1561608000,2019-06-27,105.15,105.59,104.57,105.0,2473589.0
1561694400,2019-06-28,105.09,105.47,104.48,104.53,8449052.0
1561953600,2019-07-01,105.82,107.25,105.57,106.03,3740733.0
1562040000,2019-07-02,105.93,106.45,105.72,106.29,2670424.0
1562126400,2019-07-03,106.67,107.5,106.45,107.29,2188931.0
1562299200,2019-07-05,106.73,107.25,106.05,107.17,2365457.0
1562558400,2019-07-08,106.92,107.09,106.32,106.55,2841899.0
1562644800,2019-07-09,106.58,106.87,105.46,105.61,3706638.0
1562731200,2019-07-10,106.12,107.57,105.96,106.48,2716584.0
1562817600,2019-07-11,106.72,107.32,106.35,107.06,2325797.0
1562904000,2019-07-12,107.58,108.33,107.38,108.2,3240058.0
1563163200,2019-07-15,108.32,108.78,107.73,108.64,2591334.0
1563249600,2019-07-16,108.52,109.18,108.41,108.8,3808873.0
1563336000,2019-07-17,108.86,109.0,107.6,108.45,6382895.0
1563422400,2019-07-18,108.01,113.93,107.79,113.42,13221026.0
1563508800,2019-07-19,113.67,114.9,113.36,113.46,7981244.0
1563768000,2019-07-22,113.82,115.17,113.47,113.5,4298659.0
1563854400,2019-07-23,114.18,114.25,112.47,113.99,4170062.0
1563940800,2019-07-24,113.79,114.8,113.09,113.72,3176655.0
1564027200,2019-07-25,113.55,114.17,112.65,114.0,3743892.0
1564113600,2019-07-26,114.46,114.77,113.78,114.73,3376259.0
1564372800,2019-07-29,114.53,114.82,113.94,114.37,2343463.0
1564459200,2019-07-30,113.7,114.0,113.11,113.53,2892197.0
1564545600,2019-07-31,113.46,113.84,110.96,112.37,4523251.0
1564632000,2019-08-01,112.87,115.84,112.56,113.94,6734111.0
1564718400,2019-08-02,112.96,115.94,110.36,111.62,8425014.0
1564977600,2019-08-05,109.89,109.99,105.48,106.7,7821937.0
1565064000,2019-08-06,107.66,107.99,105.6,106.67,5450761.0
1565150400,2019-08-07,105.13,105.8,103.4,105.45,6501402.0
1565236800,2019-08-08,106.14,107.67,105.63,107.42,5932773.0
1565323200,2019-08-09,106.79,106.82,103.78,104.38,5627352.0
1565582400,2019-08-12,104.02,104.18,102.12,102.49,3069774.0
1565668800,2019-08-13,102.59,104.72,101.83,104.12,5057338.0
1565755200,2019-08-14,102.68,102.87,100.43,100.64,5873444.0
1565841600,2019-08-15,100.61,101.5,99.87,101.15,4084660.0
1565928000,2019-08-16,102.01,110.97,101.94,102.56,3324991.0
1566187200,2019-08-19,103.42,104.53,103.42,103.54,3465662.0
1566273600,2019-08-20,103.7,103.73,101.83,101.98,3412585.0
1566360000,2019-08-21,103.48,104.23,102.59,102.94,3024303.0
1566446400,2019-08-22,103.28,104.03,102.6,102.99,3021216.0
1566532800,2019-08-23,102.44,102.95,98.78,99.35,5449514.0
1566792000,2019-08-26,100.48,100.68,99.04,99.67,3229679.0
1566878400,2019-08-27,100.6,100.98,99.92,100.58,5250143.0
1566964800,2019-08-28,100.02,101.9,99.71,101.8,3108957.0
1567051200,2019-08-29,102.88,104.04,102.78,103.42,3294977.0
1567137600,2019-08-30,103.96,104.33,103.02,103.92,3633413.0
1567483200,2019-09-03,103.26,103.44,102.23,102.82,3429676.0
1567569600,2019-09-04,104.06,104.61,103.63,104.53,2872664.0
1567656000,2019-09-05,106.04,108.65,105.85,108.09,5552373.0
1567742400,2019-09-06,108.51,108.52,107.7,107.78,2858872.0
1568001600,2019-09-09,107.8,109.66,107.7,109.34,4749123.0
1568088000,2019-09-10,109.65,111.53,109.62,111.22,5423735.0
1568174400,2019-09-11,111.07,111.27,109.42,110.11,4366958.0
1568260800,2019-09-12,110.44,110.44,108.79,110.12,2849413.0
1568347200,2019-09-13,110.75,110.91,109.85,110.16,2607690.0
1568606400,2019-09-16,109.26,110.14,109.09,109.25,2250424.0
1568692800,2019-09-17,109.25,109.25,107.85,109.03,3747885.0
1568779200,2019-09-18,108.92,109.11,107.74,109.05,2194505.0
1568865600,2019-09-19,109.23,111.2,109.23,109.62,3469801.0
1568952000,2019-09-20,109.84,110.28,108.74,108.79,6323056.0
1569211200,2019-09-23,108.26,109.05,107.77,108.93,2161492.0
1569297600,2019-09-24,109.26,109.56,108.17,108.63,3734691.0
1569384000,2019-09-25,108.68,110.13,108.01,109.77,3005884.0
1569470400,2019-09-26,109.78,110.32,108.43,110.07,2687169.0
1569556800,2019-09-27,110.73,111.25,109.17,109.83,2648250.0
1569816000,2019-09-30,110.21,112.38,110.21,111.5,4656430.0
1569902400,2019-10-01,111.63,112.98,110.06,110.15,3368990.0
1569988800,2019-10-02,109.03,109.08,107.78,108.64,3864208.0
1570075200,2019-10-03,108.59,108.93,106.72,108.9,3443343.0
1570161600,2019-10-04,108.98,109.69,108.14,109.64,3041745.0
1570420800,2019-10-07,109.08,109.42,108.28,108.33,3161500.0
1570507200,2019-10-08,107.46,107.71,106.0,106.1,3758955.0
1570593600,2019-10-09,107.17,107.6,106.42,107.09,2951268.0
1570680000,2019-10-10,107.01,108.71,107.01,108.21,2931352.0
1570766400,2019-10-11,109.46,110.8,109.35,109.46,3365210.0
1571025600,2019-10-14,109.12,109.21,108.36,108.91,2661678.0
1571112000,2019-10-15,109.29,110.2,108.73,109.65,3371259.0
1571198400,2019-10-16,109.23,109.61,108.41,108.96,6404129.0
1571284800,2019-10-17,103.51,104.28,101.91,102.95,16685878.0
1571371200,2019-10-18,102.91,103.12,101.4,102.82,7825685.0
1571630400,2019-10-21,101.62,102.06,100.37,101.66,7116110.0
1571716800,2019-10-22,101.62,102.78,100.91,102.72,4520821.0
1571803200,2019-10-23,102.38,103.18,101.75,103.04,4041462.0
1571889600,2019-10-24,103.36,103.57,102.21,102.8,2876424.0
1571976000,2019-10-25,102.84,104.23,102.82,103.85,2851845.0
1572235200,2019-10-28,104.28,104.76,103.85,104.26,3712193.0
1572321600,2019-10-29,103.83,103.95,102.32,102.61,4472614.0
1572408000,2019-10-30,102.62,103.73,102.13,103.7,2442313.0
1572494400,2019-10-31,103.6,103.7,102.16,102.54,4043202.0
1572580800,2019-11-01,103.13,103.94,102.82,103.92,3524430.0
1572843600,2019-11-04,104.46,105.61,104.46,105.56,3897798.0
1572930000,2019-11-05,105.66,106.4,105.53,105.73,3470564.0
1573016400,2019-11-06,105.81,106.41,105.47,106.41,5395348.0
1573102800,2019-11-07,106.96,107.94,106.73,106.82,4826048.0
1573189200,2019-11-08,106.73,106.76,105.63,106.76,2636527.0
1573448400,2019-11-11,106.44,106.44,104.73,105.1,2954419.0
1573534800,2019-11-12,105.41,106.02,104.75,105.19,3576264.0
1573621200,2019-11-13,105.03,105.18,103.83,104.33,3468862.0
1573707600,2019-11-14,104.06,104.21,103.44,103.96,4637849.0
1573794000,2019-11-15,104.26,104.82,103.98,104.27,3675083.0
1574053200,2019-11-18,104.19,104.33,103.36,104.2,3897916.0
1574139600,2019-11-19,104.64,105.03,104.31,104.36,3405422.0
1574226000,2019-11-20,104.0,104.31,102.99,103.33,4955774.0
1574312400,2019-11-21,103.49,104.09,103.16,103.83,4152430.0
1574398800,2019-11-22,104.1,104.46,103.64,104.22,3866136.0
1574658000,2019-11-25,104.26,105.51,104.23,105.48,2975380.0
1574744400,2019-11-26,105.62,105.62,104.55,104.8,4923522.0
1574830800,2019-11-27,105.0,105.28,103.66,103.78,3671182.0
1575003600,2019-11-29,103.64,104.36,103.2,104.3,2193261.0
1575262800,2019-12-02,104.34,104.34,102.78,103.11,3440094.0
1575349200,2019-12-03,102.34,102.74,101.39,102.5,4137501.0
1575435600,2019-12-04,103.07,103.71,102.37,102.4,4397767.0
1575522000,2019-12-05,103.17,103.37,102.11,102.33,3916922.0
1575608400,2019-12-06,102.99,103.87,102.95,103.35,3800370.0
1575867600,2019-12-09,103.45,104.41,103.38,103.89,3506370.0
1575954000,2019-12-10,103.89,104.61,103.61,103.89,4103306.0
1576040400,2019-12-11,104.04,104.35,103.7,103.77,4892179.0
1576126800,2019-12-12,103.72,105.24,103.69,104.98,5166953.0
1576213200,2019-12-13,104.4,105.12,103.96,104.12,2845001.0
1576472400,2019-12-16,104.68,105.08,103.84,104.06,3581677.0
1576558800,2019-12-17,104.17,104.49,103.54,104.13,3296207.0
1576645200,2019-12-18,104.38,104.73,104.07,104.27,3535703.0
1576731600,2019-12-19,104.31,104.52,104.1,104.39,4775896.0
1576818000,2019-12-20,105.3,105.83,104.69,105.19,9023600.0
1577077200,2019-12-23,105.34,105.62,104.73,105.16,3373886.0
1577163600,2019-12-24,105.2,105.21,104.43,104.72,1368591.0
1577336400,2019-12-26,104.72,104.97,104.46,104.66,2477035.0
1577422800,2019-12-27,104.73,105.31,104.63,104.94,3168649.0
1577682000,2019-12-30,104.89,104.96,102.79,103.03,4764505.0
1577768400,2019-12-31,102.79,104.05,102.71,103.99,4466515.0
1577941200,2020-01-02,104.73,105.44,104.55,105.06,3512606.0
1578027600,2020-01-03,103.62,104.62,103.61,104.22,2759588.0
1578286800,2020-01-06,103.5,104.14,103.33,104.03,2752157.0
1578373200,2020-01-07,103.72,104.7,103.49,104.1,3523573.0
1578459600,2020-01-08,104.35,105.4,103.89,104.97,4791744.0
1578546000,2020-01-09,105.3,106.12,104.97,106.08,4519654.0
1578632400,2020-01-10,106.28,106.96,105.75,106.04,3786400.0
1578891600,2020-01-13,105.1,106.0,104.79,105.97,3948965.0
1578978000,2020-01-14,105.72,106.39,105.16,105.37,4178757.0
1579064400,2020-01-15,105.51,107.1,105.28,105.99,4587806.0
1579150800,2020-01-16,106.53,107.21,106.29,107.04,4906641.0
1579237200,2020-01-17,105.93,107.31,105.63,107.3,6121004.0
1579582800,2020-01-21,106.91,108.11,106.75,107.97,7859711.0
1579669200,2020-01-22,111.19,113.1,110.59,111.63,17594861.0
1579755600,2020-01-23,111.87,112.03,110.28,110.84,6113279.0
1579842000,2020-01-24,111.24,111.65,108.97,109.04,5914721.0
1580101200,2020-01-27,107.45,108.66,107.14,107.54,4703404.0
1580187600,2020-01-28,108.22,108.97,107.64,108.26,3867829.0
1580274000,2020-01-29,107.97,108.28,106.74,106.82,3339936.0
1580360400,2020-01-30,106.1,106.26,104.71,106.1,5503187.0
1580446800,2020-01-31,110.86,111.75,109.22,111.5,20052259.0
1580706000,2020-02-03,111.91,114.26,111.64,113.47,9444108.0
1580792400,2020-02-04,114.65,115.89,113.95,115.68,6161031.0
1580878800,2020-02-05,116.53,122.14,116.48,121.28,15164166.0
1580965200,2020-02-06,121.66,123.16,120.57,121.61,9209518.0
1581051600,2020-02-07,121.16,121.94,119.89,120.27,6838145.0
1581310800,2020-02-10,119.92,121.08,118.84,121.07,6269795.0
1581397200,2020-02-11,121.65,121.69,119.74,120.32,4109041.0
1581483600,2020-02-12,120.54,121.99,120.36,121.76,4867784.0
1581570000,2020-02-13,121.02,121.38,120.27,120.98,4441125.0
1581656400,2020-02-14,121.06,121.17,117.42,118.15,6625505.0
1582002000,2020-02-18,117.43,118.68,117.31,118.46,3735716.0
1582088400,2020-02-19,118.8,119.08,117.84,118.27,3014760.0
1582174800,2020-02-20,118.23,118.87,117.21,118.55,3428737.0
1582261200,2020-02-21,118.41,118.41,116.69,117.47,4196538.0
1582520400,2020-02-24,114.08,116.07,113.97,114.8,5997067.0
1582606800,2020-02-25,114.86,115.3,110.75,111.1,6861578.0
1582693200,2020-02-26,112.08,112.94,109.44,109.56,5897627.0
1582779600,2020-02-27,107.59,108.73,104.28,104.36,9174487.0
1582866000,2020-02-28,101.9,102.77,99.06,102.03,14597300.0
1583125200,2020-03-02,102.5,105.4,100.31,105.29,9885573.0
1583211600,2020-03-03,105.41,106.7,100.19,101.05,8720430.0
1583298000,2020-03-04,103.16,105.27,101.13,105.23,5631793.0
1583384400,2020-03-05,102.31,103.71,100.7,101.56,6223871.0
1583470800,2020-03-06,99.33,100.61,97.62,100.14,8854180.0
1583726400,2020-03-09,94.2,95.97,91.94,92.36,11881174.0
1583812800,2020-03-10,96.26,97.9,90.75,97.82,12220604.0
1583899200,2020-03-11,94.93,96.1,91.24,92.49,9107078.0
1583985600,2020-03-12,85.96,86.08,80.19,80.6,13753705.0
1584072000,2020-03-13,85.2,85.58,79.03,84.63,13670694.0
1584331200,2020-03-16,76.83,84.21,74.48,75.95,11799260.0
1584417600,2020-03-17,78.88,84.2,76.12,83.61,9893859.0
1584504000,2020-03-18,77.94,83.83,77.93,80.75,10151343.0
1584590400,2020-03-19,80.22,81.29,77.01,78.66,9227424.0
1584676800,2020-03-20,79.12,79.17,74.25,74.78,11771711.0
1584936000,2020-03-23,74.16,76.63,71.0,74.3,10407709.0
1585022400,2020-03-24,78.39,83.13,77.82,82.69,9260634.0
1585108800,2020-03-25,83.0,88.18,80.62,82.98,9930107.0
1585195200,2020-03-26,83.81,88.71,82.76,88.5,8208294.0
1585281600,2020-03-27,85.12,87.41,84.39,84.69,7104315.0
1585540800,2020-03-30,84.74,88.95,84.52,88.53,6336610.0
1585627200,2020-03-31,87.81,89.22,86.37,86.97,7559796.0
1585713600,2020-04-01,83.36,86.17,81.94,82.43,6883158.0
1585800000,2020-04-02,82.61,86.49,82.43,86.24,7139778.0
1585886400,2020-04-03,85.39,86.29,82.25,83.37,5046174.0
1586145600,2020-04-06,86.51,90.65,86.34,90.02,8197683.0
1586232000,2020-04-07,93.14,93.74,90.06,90.11,6206301.0
1586318400,2020-04-08,91.22,94.05,90.22,93.52,5675012.0
1586404800,2020-04-09,94.46,96.37,94.21,95.25,6224405.0
1586750400,2020-04-13,95.36,95.49,92.54,94.98,5536533.0
1586836800,2020-04-14,96.82,98.14,96.13,97.14,5715747.0
1586923200,2020-04-15,93.39,94.22,91.54,93.05,6058967.0
1587009600,2020-04-16,93.31,93.88,89.7,90.73,7276261.0
1587096000,2020-04-17,93.53,94.38,92.45,94.17,5480645.0
1587355200,2020-04-20,93.41,96.32,92.62,94.4,8766683.0
1587441600,2020-04-21,89.37,91.84,87.85,91.54,14983107.0
1587528000,2020-04-22,93.98,94.34,92.16,93.54,8268651.0
1587614400,2020-04-23,93.74,96.45,93.39,95.14,7349565.0
1587700800,2020-04-24,95.97,98.0,94.68,97.78,5402563.0
1587960000,2020-04-27,98.44,99.56,98.37,98.72,5402961.0
1588046400,2020-04-28,100.4,100.51,98.29,98.99,5070700.0
1588132800,2020-04-29,101.04,101.38,99.98,100.89,5742135.0
1588219200,2020-04-30,99.19,99.78,98.17,98.44,7842983.0
1588305600,2020-05-01,96.55,96.8,95.17,95.54,5388423.0
1588564800,2020-05-04,94.72,95.62,93.6,95.39,4302121.0
1588651200,2020-05-05,96.73,97.46,96.01,96.1,4202649.0
1588737600,2020-05-06,96.59,97.25,95.97,96.56,4331660.0
1588824000,2020-05-07,97.7,97.93,96.02,96.32,4845696.0
1588910400,2020-05-08,97.38,97.91,96.18,97.72,5488671.0
1589169600,2020-05-11,96.78,98.08,95.87,97.4,3915919.0
1589256000,2020-05-12,97.73,98.77,95.55,95.55,5197896.0
1589342400,2020-05-13,95.3,95.33,91.25,91.95,6444130.0
1589428800,2020-05-14,91.03,93.03,88.83,92.92,5652974.0
1589515200,2020-05-15,92.11,93.27,91.57,92.94,5712857.0
1589774400,2020-05-18,95.25,97.22,95.14,96.58,4670449.0
1589860800,2020-05-19,96.29,97.07,95.45,95.57,3568431.0
1589947200,2020-05-20,96.11,97.3,95.82,96.44,4469919.0
1590033600,2020-05-21,96.13,96.71,94.52,94.64,4305463.0
1590120000,2020-05-22,94.84,94.92,93.43,94.06,4778389.0
1590465600,2020-05-26,96.37,97.42,96.14,96.74,6089264.0
1590552000,2020-05-27,98.1,99.97,98.1,99.74,6119827.0
1590638400,2020-05-28,100.82,100.88,98.69,98.94,4367321.0
1590724800,2020-05-29,98.26,99.42,97.12,99.24,10774692.0
1590984000,2020-06-01,99.03,99.91,98.54,99.23,3140471.0
1591070400,2020-06-02,99.85,100.11,99.04,100.11,3412852.0
1591156800,2020-06-03,101.06,102.97,100.9,102.53,4384398.0
1591243200,2020-06-04,101.52,102.45,100.92,102.41,4272644.0
1591329600,2020-06-05,106.37,106.65,104.68,104.92,6520207.0
1591588800,2020-06-08,105.15,107.96,105.09,107.86,6056041.0
1591675200,2020-06-09,106.15,106.15,104.1,104.77,6093742.0
1591761600,2020-06-10,105.0,105.06,103.13,103.18,5156716.0
1591848000,2020-06-11,100.13,100.19,93.62,93.76,12678521.0
1591934400,2020-06-12,96.34,97.82,94.77,96.86,6656771.0
1592193600,2020-06-15,94.7,97.22,93.98,96.65,5755954.0
1592280000,2020-06-16,99.31,101.3,97.85,99.43,6449817.0
1592366400,2020-06-17,99.69,100.31,98.04,98.64,3445584.0
1592452800,2020-06-18,97.73,98.84,97.19,98.65,3181642.0
1592539200,2020-06-19,100.2,100.76,97.13,97.3,10398675.0
1592798400,2020-06-22,97.03,97.33,95.76,96.19,5378885.0
1592884800,2020-06-23,96.95,97.65,94.73,94.87,7067131.0
1592971200,2020-06-24,94.01,94.01,92.07,92.5,7316399.0
1593057600,2020-06-25,92.77,94.71,92.24,94.57,6758205.0
1593144000,2020-06-26,93.96,94.54,92.37,93.11,13450818.0
1593403200,2020-06-29,93.74,95.17,93.25,95.14,4728834.0
1593489600,2020-06-30,94.7,96.3,94.55,95.95,4790741.0
1593576000,2020-07-01,95.6,96.32,94.05,94.18,5071299.0
1593662400,2020-07-02,95.1,96.47,94.75,95.1,4274814.0
1594008000,2020-07-06,96.34,96.81,94.91,95.49,4740465.0
1594094400,2020-07-07,94.55,94.95,93.22,93.42,4784030.0
1594180800,2020-07-08,93.8,94.26,92.55,93.52,5693845.0
1594267200,2020-07-09,93.75,93.75,91.53,91.93,5162265.0
1594353600,2020-07-10,91.77,94.21,91.6,94.03,4550242.0
1594612800,2020-07-13,95.17,96.13,94.28,94.71,5066253.0
1594699200,2020-07-14,94.25,96.05,93.69,95.82,5045801.0
1594785600,2020-07-15,97.25,98.49,97.05,97.73,4800148.0
1594872000,2020-07-16,97.47,98.9,97.06,98.53,4693306.0
1594958400,2020-07-17,98.83,99.82,97.88,99.4,4329700.0
1595217600,2020-07-20,100.16,100.96,99.43,100.4,10292149.0
1595304000,2020-07-21,104.21,105.01,99.95,100.16,15700195.0
1595390400,2020-07-22,100.03,102.87,99.95,102.23,8995943.0
1595476800,2020-07-23,102.57,102.79,101.02,101.17,4679568.0
1595563200,2020-07-24,100.49,101.42,99.71,99.94,3801734.0
1595822400,2020-07-27,99.16,100.36,99.08,100.28,4268362.0
1595908800,2020-07-28,99.97,100.38,98.64,98.89,4549258.0
1595995200,2020-07-29,98.97,100.1,98.58,99.57,3219212.0
1596081600,2020-07-30,98.37,98.44,96.65,97.65,4243784.0
1596168000,2020-07-31,97.5,97.72,96.21,97.68,6291401.0
1596427200,2020-08-03,98.12,98.85,97.05,98.77,3970413.0
1596513600,2020-08-04,98.38,100.0,98.38,99.98,3737326.0
1596600000,2020-08-05,100.57,100.71,99.0,99.67,4095532.0
1596686400,2020-08-06,99.31,100.32,99.31,100.2,3751557.0
1596772800,2020-08-07,99.4,100.67,99.17,100.58,4229599.0
1597032000,2020-08-10,100.95,102.41,100.76,102.31,4373267.0
1597118400,2020-08-11,103.64,105.01,101.91,102.02,5317129.0
1597204800,2020-08-12,102.71,102.86,101.32,101.98,4254594.0
1597291200,2020-08-13,101.41,101.73,100.42,100.63,3463025.0
1597377600,2020-08-14,99.97,101.06,99.73,100.83,3435044.0
1597636800,2020-08-17,100.81,101.08,100.14,100.16,3732696.0
1597723200,2020-08-18,100.61,101.01,100.0,100.55,3177347.0
1597809600,2020-08-19,100.47,101.01,99.4,99.68,4048778.0
1597896000,2020-08-20,99.16,99.84,98.85,99.12,2887815.0
1597982400,2020-08-21,98.97,99.39,98.44,99.13,4274673.0
1598241600,2020-08-24,99.64,101.46,99.29,101.16,4666432.0
1598328000,2020-08-25,101.41,102.07,100.2,100.32,3348050.0
1598414400,2020-08-26,100.57,100.71,99.76,99.94,3982397.0
1598500800,2020-08-27,100.29,100.69,99.79,100.33,3690729.0
1598587200,2020-08-28,100.58,100.85,99.98,100.67,3598244.0
1598846400,2020-08-31,100.81,100.81,99.02,99.25,5755060.0
1598932800,2020-09-01,98.88,99.76,98.32,99.32,3549330.0
1599019200,2020-09-02,99.58,103.59,99.46,103.17,7136597.0
1599105600,2020-09-03,103.18,104.59,99.52,100.17,6405300.0
1599192000,2020-09-04,100.09,100.89,97.58,98.44,6613505.0
1599537600,2020-09-08,98.32,98.9,97.16,97.56,6000675.0
1599624000,2020-09-09,98.3,99.56,97.62,98.4,4258359.0
1599710400,2020-09-10,98.62,99.46,96.78,97.04,4445232.0
1599796800,2020-09-11,97.7,98.76,97.17,97.76,3811962.0
1600056000,2020-09-14,98.49,99.31,98.0,98.27,4183798.0
1600142400,2020-09-15,98.86,99.32,98.39,98.55,3397542.0
1600228800,2020-09-16,98.77,101.27,98.77,99.98,4225396.0
1600315200,2020-09-17,98.69,101.05,98.17,100.55,3660576.0
1600401600,2020-09-18,100.01,100.55,98.72,98.81,6647689.0
1600660800,2020-09-21,96.97,97.15,95.44,96.79,5919234.0
1600747200,2020-09-22,96.85,97.75,96.21,97.0,3505001.0
1600833600,2020-09-23,97.24,97.87,95.32,95.64,4809163.0
1600920000,2020-09-24,95.06,96.2,93.75,95.05,3830900.0
1601006400,2020-09-25,94.65,96.11,94.12,95.74,3308702.0
1601265600,2020-09-28,97.04,98.46,96.92,97.98,4140619.0
1601352000,2020-09-29,97.72,98.35,96.75,97.34,2359798.0
1601438400,2020-09-30,97.7,98.93,97.23,97.93,3985587.0
1601524800,2020-10-01,98.49,99.24,96.87,97.46,3880377.0
1601611200,2020-10-02,95.85,97.99,95.64,97.04,3395451.0
1601870400,2020-10-05,98.07,98.8,97.43,98.2,3445674.0
1601956800,2020-10-06,98.64,100.47,97.87,98.17,4748889.0
1602043200,2020-10-07,98.73,100.12,98.45,99.86,3313264.0
1602129600,2020-10-08,105.33,109.06,104.45,105.83,25854265.0
1602216000,2020-10-09,106.17,106.24,102.7,102.86,8852528.0
1602475200,2020-10-12,103.08,103.23,101.77,102.39,5215717.0
1602561600,2020-10-13,101.87,102.34,100.18,100.69,5759776.0
1602648000,2020-10-14,100.71,102.17,100.71,101.37,4269227.0
1602734400,2020-10-15,99.87,100.78,99.68,100.52,3758629.0
1602820800,2020-10-16,100.75,101.76,100.33,101.36,5365861.0
1603080000,2020-10-19,102.06,102.5,100.67,101.03,7998081.0
1603166400,2020-10-20,96.42,96.71,94.04,94.47,22140029.0
1603252800,2020-10-21,93.9,94.73,92.39,92.61,10312149.0
1603339200,2020-10-22,92.56,93.41,90.94,93.17,8590699.0
1603425600,2020-10-23,93.77,93.87,92.99,93.37,4294390.0
1603684800,2020-10-26,92.12,92.48,90.02,90.32,7642759.0
1603771200,2020-10-27,90.27,90.32,88.56,88.99,6380830.0
1603857600,2020-10-28,87.46,88.32,85.25,85.84,10117014.0
1603944000,2020-10-29,86.32,88.25,85.76,87.66,7373263.0
1604030400,2020-10-30,86.85,89.99,86.73,89.87,8992284.0
1604293200,2020-11-02,90.67,91.62,90.35,90.88,6064100.0
1604379600,2020-11-03,91.76,93.08,91.46,91.89,4573513.0
1604466000,2020-11-04,90.41,91.68,89.47,90.07,6559633.0
1604552400,2020-11-05,91.19,92.79,90.96,92.38,5300336.0
1604638800,2020-11-06,92.39,92.64,91.27,91.79,5953853.0
1604898000,2020-11-09,96.22,97.74,94.09,94.3,10061189.0
1604984400,2020-11-10,95.25,96.45,94.89,96.24,5991991.0
1605070800,2020-11-11,96.41,96.6,94.86,95.66,4577469.0
1605157200,2020-11-12,94.11,94.99,92.63,93.46,7014255.0
1605243600,2020-11-13,94.02,95.8,93.88,95.38,5291505.0
1605502800,2020-11-16,96.57,96.76,95.6,96.61,6065583.0
1605589200,2020-11-17,95.87,96.76,95.56,96.07,4719775.0
1605675600,2020-11-18,96.09,97.03,95.3,95.31,5687983.0
1605762000,2020-11-19,95.12,95.87,94.59,95.65,3824279.0
1605848400,2020-11-20,95.99,96.35,95.25,95.45,5850855.0
1606107600,2020-11-23,95.85,98.37,95.72,98.02,6368084.0
1606194000,2020-11-24,98.65,101.81,98.61,101.56,8679794.0
1606280400,2020-11-25,100.28,101.48,99.67,101.38,4474062.0
1606453200,2020-11-27,101.38,102.29,101.14,101.5,2471784.0
1606712400,2020-11-30,101.29,102.03,100.47,100.82,6858754.0
1606798800,2020-12-01,101.13,102.71,100.46,100.53,6000826.0
1606885200,2020-12-02,100.27,101.74,99.92,101.72,4195371.0
1606971600,2020-12-03,101.34,101.92,100.63,100.9,4943664.0
1607058000,2020-12-04,101.19,103.97,100.92,103.83,5908500.0
1607317200,2020-12-07,102.98,103.64,101.68,101.78,9518606.0
1607403600,2020-12-08,102.29,103.12,101.74,102.61,6324273.0
1607490000,2020-12-09,102.68,104.23,102.6,103.49,7394307.0
1607576400,2020-12-10,103.13,103.6,101.98,102.0,5399391.0
1607662800,2020-12-11,101.28,102.45,100.9,101.43,5463082.0
1607922000,2020-12-14,102.29,103.04,100.78,100.83,6577269.0
1608008400,2020-12-15,101.53,102.79,100.76,102.79,5284599.0
1608094800,2020-12-16,102.8,103.31,102.26,102.48,5241414.0
1608181200,2020-12-17,102.91,102.92,101.96,102.48,4353011.0
1608267600,2020-12-18,102.51,103.17,102.01,102.72,10424127.0
1608526800,2020-12-21,101.19,101.36,99.35,100.72,6695401.0
1608613200,2020-12-22,100.65,101.39,99.92,100.9,5138732.0
1608699600,2020-12-23,101.12,102.2,101.0,101.13,3038320.0
1608786000,2020-12-24,102.03,102.11,101.38,101.78,1893782.0
1609131600,2020-12-28,102.11,103.34,101.59,101.88,4238661.0
1609218000,2020-12-29,102.32,102.42,100.59,101.05,3860984.0
1609304400,2020-12-30,101.05,101.91,100.91,101.49,3803890.0
1609390800,2020-12-31,101.37,102.87,101.21,102.75,4165703.0
1609736400,2021-01-04,102.72,102.78,100.43,101.16,6069723.0
1609822800,2021-01-05,102.04,103.4,101.71,102.96,6916186.0
1609909200,2021-01-06,103.58,107.65,103.43,105.53,8604653.0
1609995600,2021-01-07,106.14,106.49,104.69,105.29,5096486.0
1610082000,2021-01-08,104.94,105.56,103.65,104.91,5428956.0
1610341200,2021-01-11,104.44,105.85,104.2,104.95,6669587.0
1610427600,2021-01-12,105.37,105.99,104.43,105.47,4091946.0
1610514000,2021-01-13,105.42,105.91,103.22,103.6,8459685.0
1610600400,2021-01-14,104.49,106.24,104.11,105.27,8502049.0
1610686800,2021-01-15,104.71,105.49,104.21,104.8,5606204.0
1611032400,2021-01-19,105.52,105.78,104.55,105.31,6040451.0
1611118800,2021-01-20,105.87,106.98,104.94,106.18,6012905.0
1611205200,2021-01-21,106.2,107.94,106.15,107.46,13490030.0
1611291600,2021-01-22,98.52,98.52,95.79,96.81,38946690.0
1611550800,2021-01-25,96.94,97.57,95.87,96.79,14286566.0
1611637200,2021-01-26,97.28,100.06,96.66,99.98,11347858.0
1611723600,2021-01-27,99.65,101.86,99.27,99.96,13205644.0
1611810000,2021-01-28,100.23,100.56,98.01,98.01,8754421.0
1611896400,2021-01-29,98.13,99.01,97.05,97.22,14945214.0
1612155600,2021-02-01,97.87,98.72,96.91,98.39,6692716.0
1612242000,2021-02-02,97.43,98.76,97.36,97.49,7039298.0
1612328400,2021-02-03,97.16,97.79,96.41,97.23,7147502.0
1612414800,2021-02-04,97.87,98.85,97.03,98.78,5077286.0
1612501200,2021-02-05,98.76,99.43,98.37,99.41,4872417.0
1612760400,2021-02-08,100.09,101.19,99.91,100.9,6280981.0
1612846800,2021-02-09,100.83,101.4,100.12,100.99,5020918.0
1612933200,2021-02-10,101.79,102.08,100.26,101.11,5109464.0
1613019600,2021-02-11,100.91,101.08,99.78,100.01,6004962.0
1613106000,2021-02-12,100.08,100.38,99.33,99.92,4393373.0
1613451600,2021-02-16,99.38,99.75,98.73,99.31,7532527.0
1613538000,2021-02-17,98.65,99.72,98.45,99.23,4267848.0
1613624400,2021-02-18,99.67,100.03,99.01,99.86,6075445.0
1613710800,2021-02-19,99.67,100.03,99.01,99.86,6075445.0
1613970000,2021-02-22,98.02,100.19,97.97,99.97,6455246.0
1614056400,2021-02-23,100.02,100.37,99.09,99.84,4939127.0
1614142800,2021-02-24,99.92,102.14,99.69,101.91,6251472.0
1614229200,2021-02-25,102.04,102.85,101.19,101.3,6207900.0
1614315600,2021-02-26,101.12,101.12,98.33,98.37,10393847.0
1614574800,2021-03-01,99.55,101.17,99.14,99.87,6368848.0
1614661200,2021-03-02,99.87,100.83,99.47,99.53,5062766.0
1614747600,2021-03-03,99.67,101.43,99.24,101.21,8250868.0
1614834000,2021-03-04,100.91,101.92,98.23,99.35,8526687.0
1614920400,2021-03-05,99.79,102.36,99.46,101.6,7450851.0
1615179600,2021-03-08,101.73,104.92,101.64,103.23,7658987.0
1615266000,2021-03-09,103.41,104.57,102.7,102.71,6257422.0
1615352400,2021-03-10,103.43,106.07,103.07,105.77,7871012.0
1615438800,2021-03-11,105.95,106.4,104.86,105.16,5578249.0
1615525200,2021-03-12,105.2,105.61,104.72,105.55,4578009.0
1615780800,2021-03-15,105.68,106.49,105.49,106.35,3862620.0
1615867200,2021-03-16,106.1,106.3,105.33,106.07,5539246.0
1615953600,2021-03-17,106.25,107.11,105.45,106.73,4959438.0
1616040000,2021-03-18,106.65,108.35,105.7,107.58,6488988.0
1616126400,2021-03-19,107.54,107.89,106.31,106.62,13642384.0
1616385600,2021-03-22,106.29,108.12,105.78,107.98,4748456.0
1616472000,2021-03-23,107.89,108.82,107.36,107.91,4834021.0
1616558400,2021-03-24,108.31,109.27,108.0,108.04,4566880.0
1616644800,2021-03-25,107.8,110.21,107.34,110.07,6321133.0
1616731200,2021-03-26,110.31,112.89,110.11,112.8,6057694.0
1616990400,2021-03-29,112.47,113.38,112.08,112.37,5296013.0
1617076800,2021-03-30,112.37,112.71,110.85,111.43,5200857.0
1617163200,2021-03-31,111.28,111.42,109.77,110.22,5756608.0
1617249600,2021-04-01,110.64,110.78,109.4,110.2,4455438.0
1617595200,2021-04-05,110.54,113.06,110.34,112.43,6296927.0
1617681600,2021-04-06,112.14,112.19,110.91,111.02,4027331.0
1617768000,2021-04-07,110.7,111.61,110.65,111.61,3381698.0
1617854400,2021-04-08,111.31,112.18,110.97,111.76,4672562.0
1617940800,2021-04-09,111.56,112.28,111.42,112.27,3409365.0
1618200000,2021-04-12,111.68,111.97,110.71,111.32,3753959.0
1618286400,2021-04-13,110.01,110.52,107.84,108.5,8033530.0
1618372800,2021-04-14,108.61,109.83,107.96,109.7,5868049.0
1618459200,2021-04-15,110.24,110.73,109.36,109.66,3883955.0
1618545600,2021-04-16,110.01,110.92,109.97,110.5,5289325.0
1618804800,2021-04-19,110.51,110.51,110.11,110.11,112245.0
1618891200,2021-04-20,113.38,115.61,113.07,114.28,15480579.0
1618977600,2021-04-21,114.19,118.88,113.9,118.73,12512768.0
1619064000,2021-04-22,118.86,119.72,116.63,116.86,7537750.0
1619150400,2021-04-23,116.88,118.78,116.58,117.81,5090237.0
1619409600,2021-04-26,117.8,118.8,117.02,117.1,5351086.0
1619496000,2021-04-27,117.2,117.92,116.42,117.46,4290244.0
1619582400,2021-04-28,118.21,118.61,117.54,118.28,4221772.0
1619668800,2021-04-29,119.21,123.03,118.26,119.31,4888457.0
1619755200,2021-04-30,118.86,118.97,116.25,117.35,10060655.0
1620014400,2021-05-03,118.95,120.55,118.73,119.73,6169509.0
1620100800,2021-05-04,119.45,121.25,119.38,120.55,6925622.0
1620187200,2021-05-05,120.71,120.76,119.4,120.12,5669329.0
1620273600,2021-05-06,120.15,122.84,120.08,122.76,7503497.0
1620360000,2021-05-07,122.06,122.24,120.93,121.67,7638276.0
1620619200,2021-05-10,121.96,124.11,121.96,122.27,6983456.0
1620705600,2021-05-11,121.28,121.45,119.53,120.63,7480188.0
1620792000,2021-05-12,120.32,120.58,118.06,118.19,6563074.0
1620878400,2021-05-13,118.32,121.2,118.17,120.59,5022954.0
1620964800,2021-05-14,121.38,121.86,120.42,121.02,3031796.0
1621224000,2021-05-17,120.82,121.96,120.73,121.38,6757872.0
1621310400,2021-05-18,121.1,121.54,119.81,120.37,5896828.0
1621396800,2021-05-19,119.04,119.78,117.87,119.77,6911155.0
1621483200,2021-05-20,119.71,121.21,118.91,120.35,6761319.0
1621569600,2021-05-21,120.68,121.87,120.68,121.07,6532451.0
1621828800,2021-05-24,121.34,121.61,120.6,121.05,5374148.0
1621915200,2021-05-25,121.22,121.29,119.78,120.27,5726291.0
1622001600,2021-05-26,120.03,120.44,119.65,119.93,4745514.0
1622088000,2021-05-27,120.3,121.09,120.14,120.3,9232327.0
1622174400,2021-05-28,120.63,120.73,120.02,120.23,4214061.0
1622520000,2021-06-01,121.29,121.98,120.24,120.61,3936584.0
1622606400,2021-06-02,120.97,121.91,120.54,121.89,4504791.0
1622692800,2021-06-03,121.21,122.02,120.48,121.75,6505801.0
1622779200,2021-06-04,122.12,123.42,121.92,123.31,5028405.0
1623038400,2021-06-07,123.42,124.41,123.1,123.81,5814762.0
1623124800,2021-06-08,123.9,125.64,123.9,124.69,8412818.0
1623211200,2021-06-09,124.66,126.36,124.48,126.03,8785197.0
1623297600,2021-06-10,126.7,127.84,125.27,125.92,7637165.0
1623384000,2021-06-11,125.83,127.01,125.78,126.54,5632803.0
1623643200,2021-06-14,126.06,126.33,124.34,125.49,3811078.0
1623729600,2021-06-15,125.34,125.39,124.3,124.93,2993160.0
1623816000,2021-06-16,125.27,125.27,123.14,123.65,4363068.0
1623902400,2021-06-17,123.42,123.85,121.52,121.79,4894354.0
1623988800,2021-06-18,120.85,121.02,119.65,119.71,12614663.0
1624248000,2021-06-21,120.54,123.02,120.5,122.67,4862922.0
1624334400,2021-06-22,122.56,122.8,121.58,122.42,2934456.0
1624420800,2021-06-23,122.48,122.54,120.93,120.96,3651999.0
1624507200,2021-06-24,121.96,122.28,121.03,121.65,4102605.0
1624593600,2021-06-25,121.6,122.9,121.24,122.83,4629979.0
1624852800,2021-06-28,122.97,123.21,121.21,121.53,4888510.0
1624939200,2021-06-29,121.5,122.74,121.37,121.75,2823320.0
1625025600,2021-06-30,121.4,122.9,121.04,122.62,3911036.0
1625112000,2021-07-01,122.93,123.38,122.6,122.83,3146545.0
1625198400,2021-07-02,122.88,122.92,116.65,117.12,17371458.0
1625544000,2021-07-06,117.1,117.46,114.68,116.08,9006278.0
1625630400,2021-07-07,116.07,117.38,116.07,116.95,4533264.0
1625716800,2021-07-08,115.25,118.2,115.15,117.72,6199116.0
1625803200,2021-07-09,118.32,118.76,117.81,118.38,4566083.0
1626062400,2021-07-12,118.3,118.74,117.2,117.87,3739707.0
1626148800,2021-07-13,117.87,117.87,116.79,117.34,3580972.0
1626235200,2021-07-14,117.71,117.73,116.21,116.95,4955640.0
1626321600,2021-07-15,116.54,117.49,116.1,117.48,4278066.0
1626408000,2021-07-16,117.94,117.94,115.92,116.18,4607521.0
1626667200,2021-07-19,114.13,115.84,113.93,115.36,9290446.0
1626753600,2021-07-20,119.61,121.22,116.02,117.08,14127229.0
1626840000,2021-07-21,117.08,118.27,116.81,118.19,5500912.0
1626926400,2021-07-22,118.49,118.62,117.45,117.7,3783216.0
1627012800,2021-07-23,117.91,118.53,117.38,118.23,4680171.0
1627272000,2021-07-26,118.27,119.61,118.05,119.42,5242054.0
1627358400,2021-07-27,119.22,120.15,118.44,119.4,3404732.0
1627444800,2021-07-28,119.62,119.7,118.48,118.58,2863628.0
1627531200,2021-07-29,119.05,119.58,118.44,118.72,2932714.0
1627617600,2021-07-30,118.38,118.65,117.77,117.91,4574603.0
1627876800,2021-08-02,118.32,119.66,117.97,118.29,3207937.0
1627963200,2021-08-03,118.69,121.04,118.48,120.51,4427799.0
1628049600,2021-08-04,120.28,120.6,119.17,119.41,3147204.0
1628136000,2021-08-05,119.64,119.96,118.96,119.42,2987146.0
1628222400,2021-08-06,119.61,120.78,119.52,120.53,4225721.0
1628481600,2021-08-09,120.33,120.58,119.28,119.52,5303360.0
1628568000,2021-08-10,119.49,120.0,118.75,119.63,5838925.0
1628654400,2021-08-11,119.97,120.81,119.73,120.27,4683353.0
1628740800,2021-08-12,120.38,121.13,120.22,121.06,2449626.0
1628827200,2021-08-13,120.7,121.49,120.53,121.15,2139064.0
1629086400,2021-08-16,121.2,121.63,120.35,121.5,3315304.0
1629172800,2021-08-17,121.0,121.14,119.39,120.51,3579110.0
1629259200,2021-08-18,119.88,120.08,117.95,118.02,4023823.0
1629345600,2021-08-19,117.36,118.0,116.1,116.79,4469340.0
1629432000,2021-08-20,116.55,117.94,116.15,117.71,2989632.0
1629691200,2021-08-23,118.14,118.59,117.45,118.14,3464559.0
1629777600,2021-08-24,118.28,118.66,117.89,118.33,2688181.0
1629864000,2021-08-25,118.4,119.14,118.01,118.35,2276605.0
1629950400,2021-08-26,118.44,119.14,117.37,117.43,2758076.0
1630036800,2021-08-27,117.37,118.11,117.11,117.96,2813488.0
1630296000,2021-08-30,118.04,118.36,117.46,117.59,2275550.0
1630382400,2021-08-31,118.07,119.26,117.58,118.75,4994838.0
1630468800,2021-09-01,118.45,118.52,117.78,117.87,2791386.0
1630555200,2021-09-02,118.23,118.51,117.64,118.47,3206392.0
1630641600,2021-09-03,118.19,118.86,117.87,118.11,2254533.0
1630987200,2021-09-07,118.17,118.29,116.57,116.82,3830010.0
1631073600,2021-09-08,116.89,117.69,116.43,117.34,3274844.0
1631160000,2021-09-09,116.64,117.58,116.4,116.55,4323103.0
1631246400,2021-09-10,117.47,117.93,115.93,115.94,4582524.0
1631505600,2021-09-13,117.11,117.61,116.36,116.9,4660589.0
1631592000,2021-09-14,117.11,117.25,114.52,115.27,5019202.0
1631678400,2021-09-15,115.27,116.6,114.8,116.09,3758922.0
1631764800,2021-09-16,116.16,116.73,114.83,115.44,3085127.0
1631851200,2021-09-17,114.87,115.01,114.28,114.43,7434005.0
1632110400,2021-09-20,113.3,114.39,112.35,113.65,5248468.0
1632196800,2021-09-21,114.33,114.78,112.49,112.52,4465829.0
1632283200,2021-09-22,113.15,114.55,112.94,113.92,4331804.0
1632369600,2021-09-23,114.44,116.28,114.26,115.7,3434022.0
1632456000,2021-09-24,115.95,117.18,115.71,116.34,3519025.0
1632715200,2021-09-27,116.74,117.67,116.33,117.25,3805775.0
1632801600,2021-09-28,117.76,118.2,116.1,116.32,4860971.0
1632888000,2021-09-29,116.54,118.4,115.45,117.77,4111504.0
1632974400,2021-09-30,118.46,118.95,117.19,117.56,6606560.0
1633060800,2021-10-01,119.31,121.82,118.78,121.27,7330775.0
1633320000,2021-10-04,120.78,123.54,120.45,121.94,8074813.0
1633406400,2021-10-05,122.48,122.69,120.7,121.13,7466108.0
1633492800,2021-10-06,120.56,121.32,119.22,120.46,5891110.0
1633579200,2021-10-07,120.77,121.34,119.76,120.0,4169099.0
1633665600,2021-10-08,120.0,121.55,119.35,121.19,4159204.0
1633924800,2021-10-11,121.43,121.92,120.49,120.52,3039533.0
1634011200,2021-10-12,120.33,120.41,118.72,118.86,3456397.0
1634097600,2021-10-13,118.9,119.66,118.18,119.11,3241717.0
1634184000,2021-10-14,119.34,121.78,119.32,121.33,4711052.0
1634270400,2021-10-15,121.33,122.57,120.82,122.36,3677766.0
1634529600,2021-10-18,121.85,122.64,119.95,120.43,6656541.0
1634616000,2021-10-19,119.38,120.95,118.9,120.14,4844764.0
1634702400,2021-10-20,119.89,120.33,119.06,120.07,6680166.0
1634788800,2021-10-21,112.97,113.15,108.39,108.59,32843946.0
1634875200,2021-10-22,108.35,110.21,107.13,108.21,12292788.0
1635134400,2021-10-25,107.91,108.1,107.91,108.01,836045.0
1635220800,2021-10-26,107.9,108.56,107.26,107.57,10498592.0
1635307200,2021-10-27,107.84,108.21,105.78,105.92,7566686.0
1635393600,2021-10-28,105.92,106.88,105.45,106.48,7151552.0
1635480000,2021-10-29,106.14,106.89,105.7,105.86,7340266.0
1635739200,2021-11-01,105.81,106.88,104.79,106.85,6684763.0
1635825600,2021-11-02,106.87,107.61,105.7,106.77,5065385.0
1635912000,2021-11-03,106.81,107.71,106.35,107.57,6048796.0
1635998400,2021-11-04,104.12,104.37,101.46,102.26,7847569.0
1636084800,2021-11-05,102.75,104.73,102.75,104.6,7379551.0
1636347600,2021-11-08,104.91,105.59,104.53,105.38,6190492.0
1636434000,2021-11-09,105.11,105.41,103.14,103.65,8195929.0
1636520400,2021-11-10,103.78,105.0,102.86,103.11,6802883.0
1636606800,2021-11-11,103.69,104.45,102.99,103.15,4974481.0
1636693200,2021-11-12,102.92,103.47,101.87,102.03,6208711.0
1636952400,2021-11-15,102.52,103.06,101.47,101.95,5565210.0
1637038800,2021-11-16,101.99,102.83,101.56,101.6,5263995.0
1637125200,2021-11-17,101.53,102.34,101.01,101.25,4394421.0
1637211600,2021-11-18,101.51,101.51,99.75,100.05,5442719.0
1637298000,2021-11-19,99.91,99.97,98.86,99.53,6065338.0
1637557200,2021-11-22,99.49,101.9,98.79,99.89,7040789.0
1637643600,2021-11-23,100.17,101.15,99.52,100.17,5592789.0
1637730000,2021-11-24,99.63,100.58,99.56,100.11,3782946.0
1637902800,2021-11-26,98.63,99.78,98.25,99.32,3337027.0
1638162000,2021-11-29,101.73,102.58,100.8,101.63,10141853.0
1638248400,2021-11-30,100.77,102.27,99.87,100.43,11617841.0
1638334800,2021-12-01,101.42,102.0,100.22,100.28,6540163.0
1638421200,2021-12-02,100.66,101.19,99.97,100.26,5888804.0
1638507600,2021-12-03,100.65,102.37,100.65,101.92,7259797.0
1638766800,2021-12-06,102.4,103.9,102.4,102.84,5237137.0
1638853200,2021-12-07,103.33,104.7,102.98,104.27,5849619.0
1638939600,2021-12-08,104.63,105.82,104.22,105.51,6319668.0
1639026000,2021-12-09,104.76,106.31,104.45,105.98,5106574.0
1639112400,2021-12-10,106.61,107.49,105.8,106.43,5516961.0
1639371600,2021-12-13,106.14,106.65,103.6,105.13,7847217.0
1639458000,2021-12-14,104.93,107.23,104.89,106.14,6711916.0
1639544400,2021-12-15,106.18,107.05,104.79,105.59,5581907.0
1639630800,2021-12-16,105.93,108.61,105.9,108.0,8261790.0
1639717200,2021-12-17,107.95,110.33,107.39,109.27,13773083.0
1639976400,2021-12-20,107.82,109.09,106.95,108.97,5565122.0
1640062800,2021-12-21,109.49,110.93,109.49,110.61,5462074.0
1640149200,2021-12-22,110.69,111.31,109.44,111.28,4369628.0
1640235600,2021-12-23,111.49,112.32,111.08,112.04,4470705.0
1640581200,2021-12-27,112.04,112.91,111.45,112.88,5024833.0
1640667600,2021-12-28,112.87,114.26,112.86,113.75,4014353.0
1640754000,2021-12-29,113.55,115.11,113.47,114.37,4944689.0
1640840400,2021-12-30,114.71,115.24,114.35,114.85,3476149.0
1640926800,2021-12-31,114.93,115.77,114.59,114.63,3956916.0
1641186000,2022-01-03,114.99,116.89,114.61,116.68,5057251.0
1641272400,2022-01-04,116.73,120.03,116.56,118.37,7846947.0
1641358800,2022-01-05,118.62,121.96,118.25,118.54,9682794.0
1641445200,2022-01-06,118.53,118.71,113.65,116.07,10543776.0
1641531600,2022-01-07,115.7,116.35,114.51,115.64,6122560.0
1641790800,2022-01-10,115.33,116.81,114.39,115.81,6303898.0
1641877200,2022-01-11,111.94,114.28,109.75,113.96,12050472.0
1641963600,2022-01-12,114.28,115.33,112.67,114.57,5902509.0
1642050000,2022-01-13,114.84,116.68,114.55,115.58,5462448.0
1642136400,2022-01-14,115.4,115.9,114.33,115.11,6002246.0
1642482000,2022-01-18,114.03,114.83,113.02,114.02,6476419.0
1642568400,2022-01-19,113.98,114.84,112.78,112.85,4662940.0
1642654800,2022-01-20,112.58,113.97,111.98,112.2,6121723.0
1642741200,2022-01-21,112.91,113.1,110.87,110.94,6754157.0
1643000400,2022-01-24,109.77,110.77,106.51,110.48,14776463.0
1643086800,2022-01-25,110.76,117.79,110.04,116.73,20840133.0
1643173200,2022-01-26,117.04,117.56,114.18,115.15,8240554.0
1643259600,2022-01-27,114.63,115.57,113.28,113.66,6010397.0
1643346000,2022-01-28,114.23,115.38,113.03,115.35,6247353.0
1643605200,2022-01-31,115.0,115.0,113.47,114.56,7227907.0
1643691600,2022-02-01,114.72,116.61,113.64,116.24,7105953.0
1643778000,2022-02-02,116.38,117.97,116.01,117.71,6097779.0
1643864400,2022-02-03,117.5,119.01,116.5,118.17,6536469.0
1643950800,2022-02-04,118.24,119.06,116.83,117.63,4635700.0
1644210000,2022-02-07,117.88,118.2,116.87,117.7,4662207.0
1644296400,2022-02-08,117.7,117.94,116.45,117.52,4504960.0
1644382800,2022-02-09,118.22,118.66,117.35,118.18,5911488.0
1644469200,2022-02-10,117.61,118.56,115.62,115.92,6652830.0
1644555600,2022-02-11,116.25,116.95,114.93,115.2,4766507.0
1644814800,2022-02-14,115.11,115.17,112.06,112.99,6168634.0
1644901200,2022-02-15,113.42,114.32,112.53,112.81,4896553.0
1644987600,2022-02-16,112.39,113.25,111.35,112.15,5302678.0
1645074000,2022-02-17,111.17,111.56,108.39,108.5,7517252.0
1645160400,2022-02-18,108.47,108.91,107.32,107.96,5311272.0
1645506000,2022-02-22,107.83,108.52,106.51,107.59,6416349.0
1645592400,2022-02-23,107.99,108.26,105.81,105.98,4636896.0
1645678800,2022-02-24,104.18,106.01,103.15,105.98,5806158.0
1645765200,2022-02-25,105.96,107.88,105.44,107.81,5093145.0
1646024400,2022-02-28,106.1,107.12,105.08,106.36,8452456.0
1646110800,2022-03-01,106.5,107.13,104.79,105.35,5491253.0
1646197200,2022-03-02,106.43,108.21,105.75,107.53,5505193.0
1646283600,2022-03-03,108.49,109.97,107.86,109.33,5868171.0
1646370000,2022-03-04,108.0,110.56,107.84,109.93,4952210.0
1646629200,2022-03-07,109.8,111.05,109.06,109.45,5678882.0
1646715600,2022-03-08,109.93,109.93,109.11,109.11,901297.0
1646802000,2022-03-09,110.62,111.21,109.31,109.58,5307622.0
1646888400,2022-03-10,109.17,109.42,106.9,107.96,5977383.0
1646974800,2022-03-11,108.52,110.06,107.58,107.62,4804978.0
1647230400,2022-03-14,108.05,108.66,106.51,107.6,3732125.0
1647316800,2022-03-15,107.66,109.34,106.98,109.08,4651244.0
1647403200,2022-03-16,109.83,110.51,108.27,110.29,4940835.0
1647489600,2022-03-17,110.35,111.38,109.85,111.09,4115094.0
1647576000,2022-03-18,110.59,111.94,109.71,111.79,11188957.0
1647835200,2022-03-21,112.0,112.64,110.61,111.21,3969051.0
1647921600,2022-03-22,111.56,112.26,111.0,112.05,3103682.0
1648008000,2022-03-23,112.07,112.27,111.35,111.39,3509545.0
1648094400,2022-03-24,111.41,112.32,110.95,112.21,3456932.0
1648180800,2022-03-25,112.43,114.08,112.27,114.04,3945709.0
1648440000,2022-03-28,113.58,114.17,112.52,114.14,3222124.0
1648526400,2022-03-29,114.64,115.33,113.24,114.55,6764410.0
1648612800,2022-03-30,114.61,115.54,114.07,114.71,3558802.0
1648699200,2022-03-31,113.49,114.5,112.86,112.88,5125195.0
1648785600,2022-04-01,112.57,113.1,111.18,112.99,4690829.0
1649044800,2022-04-04,113.09,113.26,111.94,113.1,3464469.0
1649131200,2022-04-05,112.73,113.93,111.7,111.9,3717702.0
1649217600,2022-04-06,110.94,112.44,110.48,112.33,4593944.0
1649304000,2022-04-07,111.88,112.21,110.03,111.61,3587818.0
1649390400,2022-04-08,111.14,111.81,110.49,110.89,3716828.0
1649649600,2022-04-11,111.08,111.28,109.55,109.71,3780453.0
1649736000,2022-04-12,109.76,110.56,109.03,109.37,3040726.0
1649822400,2022-04-13,109.08,109.97,108.45,109.51,3465314.0
1649908800,2022-04-14,111.94,113.37,109.72,109.88,7074098.0
1650254400,2022-04-18,109.91,110.6,108.98,109.54,5362733.0
1650340800,2022-04-19,109.46,112.34,109.39,112.13,8690235.0
1650427200,2022-04-20,117.21,121.16,115.8,120.09,18906337.0
1650513600,2022-04-21,120.01,123.18,119.25,121.42,10745346.0
1650600000,2022-04-22,121.29,121.93,119.25,120.03,7256953.0
1650859200,2022-04-25,119.45,121.24,117.37,120.76,6291768.0
1650945600,2022-04-26,120.68,121.43,118.22,118.24,5506873.0
1651032000,2022-04-27,117.88,119.05,116.88,117.26,4442482.0
1651118400,2022-04-28,118.81,118.93,117.04,117.85,4960902.0
1651204800,2022-04-29,117.32,117.69,114.6,114.78,6431950.0
1651464000,2022-05-02,115.47,116.14,113.64,115.5,4674673.0
1651550400,2022-05-03,115.47,115.99,114.59,115.05,4094109.0
1651636800,2022-05-04,115.36,119.7,114.72,119.29,6422025.0
1651723200,2022-05-05,118.47,119.17,117.0,118.0,6607389.0
1651809600,2022-05-06,117.61,119.8,117.61,119.52,8148206.0
1652068800,2022-05-09,118.13,119.83,117.16,118.15,8270546.0
1652155200,2022-05-10,118.64,119.0,112.87,113.49,9470273.0
1652241600,2022-05-11,114.13,116.85,114.13,114.91,5822113.0
1652328000,2022-05-12,115.37,117.43,114.61,116.8,5967374.0
1652414400,2022-05-13,116.89,117.59,115.17,117.41,4653923.0
1652673600,2022-05-16,116.97,119.97,116.37,118.67,4955391.0
1652760000,2022-05-17,120.57,121.61,119.21,121.61,5090256.0
1652846400,2022-05-18,120.49,120.94,116.16,116.83,6817324.0
1652932800,2022-05-19,116.01,116.29,113.12,113.95,6569439.0
1653019200,2022-05-20,114.41,114.57,110.56,112.91,8496757.0
1653278400,2022-05-23,113.81,115.96,113.74,115.28,4134966.0
1653364800,2022-05-24,114.75,118.09,114.62,117.59,4844442.0
1653451200,2022-05-25,116.76,118.49,116.76,118.11,3797616.0
1653537600,2022-05-26,118.64,120.88,118.22,120.3,4419103.0
1653624000,2022-05-27,120.74,122.81,120.61,122.4,5115330.0
1653969600,2022-05-31,121.46,122.89,120.23,122.02,10055499.0
1654056000,2022-06-01,122.75,123.45,121.74,122.54,4214775.0
1654142400,2022-06-02,122.55,123.29,120.27,123.17,4406852.0
1654228800,2022-06-03,123.27,125.3,122.81,124.08,4414385.0
1654488000,2022-06-06,125.66,127.2,124.8,125.57,5391166.0
1654574400,2022-06-07,125.32,125.66,123.88,125.48,3441999.0
1654660800,2022-06-08,124.86,125.5,123.17,123.77,3451980.0
1654747200,2022-06-09,123.17,123.95,121.22,121.25,4325971.0
1654833600,2022-06-10,121.1,121.1,118.86,119.69,5325298.0
1655092800,2022-06-13,117.74,120.9,117.55,118.74,7132427.0
1655179200,2022-06-14,118.64,120.36,118.52,119.28,5139372.0
1655265600,2022-06-15,119.53,121.68,119.15,120.45,4669003.0
1655352000,2022-06-16,118.91,119.73,118.11,119.23,6046871.0
1655438400,2022-06-17,119.51,120.38,116.75,118.66,19311842.0
1655784000,2022-06-21,119.43,121.72,119.43,121.15,4682310.0
1655870400,2022-06-22,119.61,121.44,119.55,120.47,4432019.0
1655956800,2022-06-23,120.52,121.83,119.96,121.67,5201429.0
1656043200,2022-06-24,122.34,125.12,122.27,124.85,14104612.0
1656302400,2022-06-27,125.02,126.4,124.75,125.5,4380764.0
1656388800,2022-06-28,125.6,126.69,124.2,124.67,4640726.0
1656475200,2022-06-29,125.45,126.13,122.6,123.66,4282144.0
1656561600,2022-06-30,122.67,125.2,122.41,124.08,5980433.0
1656648000,2022-07-01,123.92,124.51,122.39,124.02,4569745.0
1656993600,2022-07-05,123.01,123.01,118.88,120.95,6954364.0
1657080000,2022-07-06,121.28,122.28,120.52,121.35,3728802.0
1657166400,2022-07-07,122.08,124.2,122.01,123.77,4398489.0
1657252800,2022-07-08,123.71,124.2,122.88,123.45,3370826.0
1657512000,2022-07-11,123.58,124.68,123.15,123.92,4334247.0
1657598400,2022-07-12,123.78,124.4,121.78,122.32,3772255.0
1657684800,2022-07-13,120.56,122.07,120.23,120.56,4715856.0
1657771200,2022-07-14,119.17,122.54,118.66,122.21,5927031.0
1657857600,2022-07-15,123.64,123.64,121.82,122.97,5511305.0
1658116800,2022-07-18,123.17,123.31,121.09,121.39,8853909.0
1658203200,2022-07-19,115.64,116.5,112.25,115.02,30828525.0
1658289600,2022-07-20,114.86,114.88,112.54,113.53,10581848.0
1658376000,2022-07-21,113.15,113.2,109.97,111.74,12920071.0
1658462400,2022-07-22,111.64,112.77,110.48,112.71,7257449.0
1658721600,2022-07-25,112.88,113.48,112.4,112.97,5108709.0
1658808000,2022-07-26,112.72,113.63,112.17,112.56,4122620.0
1658894400,2022-07-27,112.47,113.75,112.12,113.48,4748629.0
1658980800,2022-07-28,113.15,114.08,113.02,113.56,4404311.0
1659067200,2022-07-29,113.83,115.13,113.64,114.94,7657829.0
1659326400,2022-08-01,114.91,116.62,114.86,116.04,4736268.0
1659412800,2022-08-02,116.18,116.69,114.7,115.84,4955722.0
1659499200,2022-08-03,115.85,116.76,115.41,116.31,3539079.0
1659585600,2022-08-04,116.14,116.26,115.15,115.69,3592021.0
1659672000,2022-08-05,115.35,116.6,115.19,116.43,2970726.0
1659931200,2022-08-08,116.97,117.19,116.02,116.54,4288482.0
1660017600,2022-08-09,115.63,116.41,114.92,115.23,4035768.0
1660104000,2022-08-10,116.37,117.29,116.01,117.04,4207951.0
1660190400,2022-08-11,117.81,118.58,117.49,117.97,3896873.0
1660276800,2022-08-12,118.04,119.35,117.47,119.27,3261632.0
1660536000,2022-08-15,118.34,120.33,117.7,120.09,3124978.0
1660622400,2022-08-16,119.8,122.27,119.67,121.54,4784055.0
1660708800,2022-08-17,121.46,123.2,121.31,122.64,4118706.0
1660795200,2022-08-18,122.64,123.82,122.6,123.78,3617794.0
1660881600,2022-08-19,123.49,124.02,122.52,123.16,3795636.0
1661140800,2022-08-22,122.51,122.69,120.57,120.65,3541546.0
1661227200,2022-08-23,120.49,121.13,119.91,119.92,4533773.0
1661313600,2022-08-24,120.06,120.25,118.47,118.58,3333532.0
1661400000,2022-08-25,118.95,119.64,118.44,119.25,3201184.0
1661486400,2022-08-26,119.35,119.43,116.01,116.04,4804562.0
1661745600,2022-08-29,115.7,116.97,115.32,115.98,3227123.0
1661832000,2022-08-30,116.2,116.39,115.07,115.33,2757902.0
1661918400,2022-08-31,115.63,115.71,114.28,114.33,4199968.0
1662004800,2022-09-01,114.28,115.54,113.69,115.4,3919030.0
1662091200,2022-09-02,115.97,116.2,113.25,113.74,3491020.0
1662436800,2022-09-06,113.75,113.98,112.41,112.79,3794380.0
1662523200,2022-09-07,112.76,113.81,112.39,113.67,2822422.0
1662609600,2022-09-08,113.21,114.41,112.67,114.34,3430150.0
1662696000,2022-09-09,114.73,115.25,113.98,114.98,3811705.0
1662955200,2022-09-12,116.0,116.59,115.61,116.29,4369658.0
1663041600,2022-09-13,114.94,115.62,112.83,113.26,5317959.0
1663128000,2022-09-14,113.48,114.82,112.9,113.65,4534090.0
1663214400,2022-09-15,113.38,113.45,111.17,111.69,5832399.0
1663300800,2022-09-16,110.69,113.51,110.21,113.28,14301851.0
1663560000,2022-09-19,112.58,113.98,112.39,113.69,4707563.0
1663646400,2022-09-20,112.95,113.03,111.72,112.41,3195191.0
1663732800,2022-09-21,112.94,113.78,111.18,111.19,3866677.0
1663819200,2022-09-22,111.04,112.6,110.73,111.53,4496993.0
1663905600,2022-09-23,110.84,111.26,108.35,109.22,5879715.0
1664164800,2022-09-26,108.85,110.6,108.36,108.59,4580965.0
1664251200,2022-09-27,109.12,110.32,107.77,108.35,4676403.0
1664337600,2022-09-28,108.27,109.68,106.64,109.26,5978997.0
1664424000,2022-09-29,108.45,109.14,107.31,108.26,4343223.0
1664510400,2022-09-30,108.28,108.97,105.57,105.75,6478662.0
1664769600,2022-10-03,106.95,108.77,106.45,108.15,4941104.0
1664856000,2022-10-04,109.3,111.83,109.05,111.7,5247424.0
1664942400,2022-10-05,111.0,112.55,110.57,111.91,3674731.0
1665028800,2022-10-06,111.15,111.52,108.38,108.79,5632117.0
1665115200,2022-10-07,108.14,108.41,105.09,105.75,5214430.0
1665374400,2022-10-10,106.62,106.77,104.17,104.8,6759918.0
1665460800,2022-10-11,104.54,106.12,104.08,104.85,4472099.0
1665547200,2022-10-12,105.03,105.75,104.31,104.64,3901010.0
1665633600,2022-10-13,103.33,108.72,102.84,108.4,6495019.0
1665720000,2022-10-14,108.41,109.07,106.66,106.84,4293533.0
1665979200,2022-10-17,108.41,109.36,108.08,108.16,6480174.0
1666065600,2022-10-18,109.48,110.31,108.43,109.42,5669351.0
1666152000,2022-10-19,108.91,110.31,108.57,109.04,6390859.0
1666238400,2022-10-20,112.37,114.78,111.39,114.19,14404088.0
1666324800,2022-10-21,114.27,116.46,113.56,115.62,8336736.0
1666584000,2022-10-24,116.51,118.47,115.57,118.1,6243996.0
1666670400,2022-10-25,117.49,118.64,116.86,118.31,6600375.0
1666756800,2022-10-26,119.02,120.92,118.21,120.16,5708985.0
1666843200,2022-10-27,120.65,121.4,119.66,119.95,4669240.0
1666929600,2022-10-28,120.65,123.59,120.35,123.28,6611720.0
1667188800,2022-10-31,122.88,123.51,121.58,123.08,5927763.0
1667275200,2022-11-01,123.05,123.4,121.67,123.0,4070185.0
1667361600,2022-11-02,122.6,124.76,121.76,121.78,5976674.0
1667448000,2022-11-03,122.6,124.76,121.76,121.78,5976674.0
1667534400,2022-11-04,120.73,122.59,120.1,121.9,4632763.0
1667797200,2022-11-07,121.62,123.45,121.5,123.13,4043062.0
1667883600,2022-11-08,123.72,125.43,123.47,124.64,5042756.0
1667970000,2022-11-09,124.26,125.11,123.35,123.75,4720007.0
1668056400,2022-11-10,126.34,127.34,124.56,127.21,5389025.0
1668142800,2022-11-11,127.45,129.82,126.97,128.96,5869298.0
1668402000,2022-11-14,128.47,131.58,128.07,129.89,5245624.0
1668488400,2022-11-15,129.78,131.65,127.9,130.01,4727107.0
1668574800,2022-11-16,129.82,130.56,129.71,130.17,3445302.0
1668661200,2022-11-17,129.17,131.67,129.03,131.59,3955162.0
1668747600,2022-11-18,132.01,133.59,131.45,132.98,4659748.0
1669006800,2022-11-21,132.9,133.24,131.91,132.12,3476208.0
1669093200,2022-11-22,132.95,134.52,132.43,134.3,7062060.0
1669179600,2022-11-23,134.3,135.52,133.58,133.98,3658459.0
1669352400,2022-11-25,133.55,134.65,133.4,133.64,2075156.0
1669611600,2022-11-28,133.29,133.52,131.45,131.67,3538696.0
1669698000,2022-11-29,131.43,132.56,131.24,131.95,2754744.0
1669784400,2022-11-30,131.68,134.79,131.21,134.12,6377582.0
1669870800,2022-12-01,135.09,135.12,132.71,134.35,4495924.0
1669957200,2022-12-02,133.43,134.35,133.07,133.91,2899745.0
1670216400,2022-12-05,133.25,134.15,132.23,132.78,2784767.0
1670302800,2022-12-06,132.68,133.13,132.14,132.86,2847610.0
1670389200,2022-12-07,132.7,133.4,131.77,132.65,3971285.0
1670475600,2022-12-08,133.22,134.35,132.74,133.11,2665687.0
1670562000,2022-12-09,132.77,133.61,132.38,132.45,3047532.0
1670821200,2022-12-12,133.15,134.4,132.36,134.4,4032780.0
1670907600,2022-12-13,135.44,138.0,135.06,135.62,8811553.0
1670994000,2022-12-14,135.53,136.83,133.71,134.98,4205878.0
1671080400,2022-12-15,133.78,134.19,127.53,128.23,6687744.0
1671166800,2022-12-16,127.23,127.83,125.17,126.25,9830038.0
1671426000,2022-12-19,126.25,126.5,123.58,125.08,5282860.0
1671512400,2022-12-20,125.06,127.39,124.61,127.26,5156450.0
1671598800,2022-12-21,127.76,128.89,126.98,128.03,3793700.0
1671685200,2022-12-22,126.96,127.4,124.86,126.9,3337851.0
1671771600,2022-12-23,126.63,127.77,125.74,127.59,2092545.0
1672117200,2022-12-27,127.66,128.55,127.21,128.28,2742525.0
1672203600,2022-12-28,128.26,128.63,126.06,126.12,2539577.0
1672290000,2022-12-29,126.63,128.14,126.51,127.06,2337207.0
1672376400,2022-12-30,126.59,126.91,125.61,126.9,2857969.0
1672722000,2023-01-03,127.09,127.81,126.53,127.5,3338829.0
1672808400,2023-01-04,127.97,129.36,127.33,128.44,3869236.0
1672894800,2023-01-05,128.3,128.35,126.11,127.1,2866648.0
1672981200,2023-01-06,128.25,129.93,127.53,129.44,3573625.0
1673240400,2023-01-09,129.78,131.03,129.17,129.3,3987782.0
1673326800,2023-01-10,129.35,130.47,128.71,130.43,2152172.0
1673413200,2023-01-11,130.61,131.08,129.21,130.84,3268738.0
1673499600,2023-01-12,130.5,132.1,130.17,131.1,2716118.0
1673586000,2023-01-13,129.76,131.6,129.71,131.41,2455661.0
1673931600,2023-01-17,131.89,132.57,130.62,130.78,2986461.0
1674018000,2023-01-18,130.07,130.32,126.31,126.47,6445642.0
1674104400,2023-01-19,126.1,128.11,125.88,126.66,4833924.0
1674190800,2023-01-20,127.61,127.78,126.56,127.18,7111512.0
1674450000,2023-01-23,127.36,128.79,127.06,127.78,5898436.0
1674536400,2023-01-24,127.23,128.58,126.1,127.44,4407622.0
1674622800,2023-01-25,126.53,127.03,125.53,126.79,7347453.0
1674709200,2023-01-26,123.88,124.54,119.78,121.1,17548483.0
1674795600,2023-01-27,121.09,122.04,120.49,121.05,8140586.0
1675054800,2023-01-30,120.99,122.6,120.68,121.87,5375712.0
1675141200,2023-01-31,122.05,122.18,120.48,121.36,7206448.0
1675227600,2023-02-01,121.14,122.31,119.62,121.68,5428898.0
1675314000,2023-02-02,122.46,123.15,121.46,122.85,6107793.0
1675400400,2023-02-03,122.81,123.36,122.08,123.35,3754475.0
1675659600,2023-02-06,122.35,122.79,121.55,122.66,4841300.0
1675746000,2023-02-07,122.2,122.86,121.1,122.36,3737553.0
1675832400,2023-02-08,122.24,123.17,121.74,122.48,4593748.0
1675918800,2023-02-09,123.09,123.76,121.59,121.96,3918817.0
1676005200,2023-02-10,121.99,123.8,121.73,123.65,5049309.0
1676264400,2023-02-13,124.01,125.28,123.87,125.24,4403015.0
1676350800,2023-02-14,124.97,125.14,123.14,124.02,3202172.0
1676437200,2023-02-15,123.28,124.42,123.16,124.38,2507004.0
1676523600,2023-02-16,123.62,123.98,122.73,123.1,2965495.0
1676610000,2023-02-17,122.64,123.63,122.09,123.12,3465220.0
1676955600,2023-02-21,122.19,122.54,120.05,120.1,4257210.0
1677042000,2023-02-22,120.27,120.35,118.8,119.42,3200185.0
1677128400,2023-02-23,119.91,120.09,117.5,119.26,3725648.0
1677214800,2023-02-24,118.19,119.15,117.83,119.06,3015835.0
1677474000,2023-02-27,119.83,120.24,118.66,118.99,2761326.0
1677560400,2023-02-28,119.04,119.1,117.76,117.9,5143133.0
1677646800,2023-03-01,117.54,118.06,116.48,116.89,3760678.0
1677733200,2023-03-02,117.07,117.83,116.45,117.56,3340254.0
1677819600,2023-03-03,117.95,118.45,117.42,118.21,2859185.0
1678078800,2023-03-06,118.21,119.32,118.17,118.71,2982980.0
1678165200,2023-03-07,118.8,118.92,116.89,116.94,3530439.0
1678251600,2023-03-08,117.15,117.39,116.3,116.76,2778798.0
1678338000,2023-03-09,116.99,117.2,114.87,115.04,5478317.0
1678424400,2023-03-10,115.0,116.07,114.1,114.39,5990225.0
1678680000,2023-03-13,114.12,116.89,113.84,114.51,8188280.0
1678766400,2023-03-14,115.34,115.48,112.34,113.66,8114792.0
1678852800,2023-03-15,112.15,112.48,110.98,112.41,5989339.0
1678939200,2023-03-16,112.12,113.82,111.17,113.71,6440023.0
1679025600,2023-03-17,113.14,113.54,112.09,112.79,37399781.0
1679284800,2023-03-20,113.35,115.04,113.24,114.84,4588304.0
1679371200,2023-03-21,115.71,115.94,114.58,115.41,3856345.0
1679457600,2023-03-22,115.8,116.0,113.08,113.11,3549024.0
1679544000,2023-03-23,112.9,113.92,111.79,112.49,4651936.0
1679630400,2023-03-24,112.49,114.35,112.05,114.25,3812306.0
1679889600,2023-03-27,115.32,118.77,115.32,117.91,6524113.0
1679976000,2023-03-28,117.79,118.23,117.45,117.94,2889115.0
1680062400,2023-03-29,118.65,118.86,117.79,118.28,3279846.0
1680148800,2023-03-30,118.69,119.89,117.72,117.83,3561762.0
1680235200,2023-03-31,118.06,119.66,118.01,119.53,4524134.0
1680494400,2023-04-03,119.42,120.92,119.24,120.42,3840139.0
1680580800,2023-04-04,120.35,120.5,119.35,120.0,3382783.0
1680667200,2023-04-05,119.79,120.92,119.79,120.49,2898759.0
1680753600,2023-04-06,120.51,120.91,118.83,119.0,3050581.0
1681099200,2023-04-10,118.38,119.52,117.85,119.48,2614402.0
1681185600,2023-04-11,119.07,119.55,118.7,118.92,3132430.0
1681272000,2023-04-12,118.9,119.35,116.87,117.21,3957542.0
1681358400,2023-04-13,116.73,117.07,114.89,116.62,5621512.0
1681444800,2023-04-14,117.14,118.39,116.09,116.84,4180093.0
1681704000,2023-04-17,116.99,117.37,115.62,116.55,3662653.0
1681790400,2023-04-18,116.84,117.34,116.12,116.52,3193787.0
1681876800,2023-04-19,115.35,115.79,114.25,115.18,7014368.0
1681963200,2023-04-20,118.68,119.43,114.75,115.22,9749618.0
1682049600,2023-04-21,114.89,115.53,114.23,114.65,6724216.0
1682308800,2023-04-24,114.48,114.94,113.58,114.35,4043892.0
1682395200,2023-04-25,113.89,115.07,113.76,114.79,4275396.0
1682481600,2023-04-26,114.72,115.39,114.09,114.76,4070168.0
1682568000,2023-04-27,115.23,115.82,114.4,115.78,3204889.0
1682654400,2023-04-28,115.42,116.03,114.56,115.27,5060546.0
1682913600,2023-05-01,115.21,115.58,114.95,114.97,2724992.0
1683000000,2023-05-02,115.17,115.3,112.4,114.13,4445283.0
1683086400,2023-05-03,114.4,114.5,112.39,112.57,4554212.0
1683172800,2023-05-04,112.18,112.63,111.02,111.76,4468237.0
1683259200,2023-05-05,112.26,113.16,111.98,112.75,4970820.0
1683518400,2023-05-08,112.85,113.0,111.75,112.52,3663818.0
1683604800,2023-05-09,112.68,112.74,111.53,112.0,4540047.0
1683691200,2023-05-10,112.76,113.22,111.94,112.79,4189222.0
1683777600,2023-05-11,112.79,112.99,111.43,111.75,3446452.0
1683864000,2023-05-12,112.22,113.56,111.95,113.55,4558472.0
1684123200,2023-05-15,113.69,114.33,113.08,114.03,2915725.0
1684209600,2023-05-16,114.02,114.49,113.19,114.12,2749125.0
1684296000,2023-05-17,114.56,116.33,114.13,116.2,4515134.0
1684382400,2023-05-18,115.82,116.94,115.72,116.61,3797883.0
1684468800,2023-05-19,117.2,118.58,116.97,117.63,4305715.0
1684728000,2023-05-22,117.85,118.49,117.53,117.85,2806770.0
1684814400,2023-05-23,117.61,119.32,117.51,118.48,4592280.0
1684900800,2023-05-24,118.15,118.22,115.98,116.17,3915505.0
1684987200,2023-05-25,116.11,117.6,115.55,117.17,4102854.0
1685073600,2023-05-26,117.45,119.85,117.22,119.14,5612175.0
1685419200,2023-05-30,119.76,120.23,118.56,119.68,3741050.0
1685505600,2023-05-31,118.79,119.65,117.82,118.86,11590211.0
1685592000,2023-06-01,118.72,120.3,118.11,120.0,4136086.0
1685678400,2023-06-02,120.52,123.05,120.3,122.4,5375796.0
1685937600,2023-06-05,123.05,123.6,122.26,122.6,4563616.0
1686024000,2023-06-06,122.41,122.88,121.9,122.65,3297951.0
1686110400,2023-06-07,122.47,124.27,122.19,124.21,5772024.0
1686196800,2023-06-08,124.5,125.69,123.87,124.24,4128940.0
1686283200,2023-06-09,124.19,125.8,124.02,125.06,3981749.0
1686542400,2023-06-12,125.71,126.28,125.54,126.1,4500121.0
1686628800,2023-06-13,126.18,127.72,125.71,127.19,3927332.0
1686715200,2023-06-14,127.37,128.42,126.58,126.82,4514889.0
1686801600,2023-06-15,126.88,128.3,126.8,127.93,3812582.0
1686888000,2023-06-16,128.7,128.92,127.07,127.08,7473677.0
1687233600,2023-06-20,126.04,126.85,125.61,125.67,4272512.0
1687320000,2023-06-21,124.89,125.15,123.2,123.57,5501272.0
1687406400,2023-06-22,121.72,122.9,120.79,121.25,6013022.0
1687492800,2023-06-23,120.53,120.74,119.41,119.64,11489502.0
1687752000,2023-06-26,119.6,121.47,119.53,121.4,4845649.0
1687838400,2023-06-27,121.37,122.89,120.93,122.33,3219910.0
1687924800,2023-06-28,122.07,122.17,121.0,121.79,2753780.0
1688011200,2023-06-29,121.78,124.18,121.73,123.92,3639837.0
1688097600,2023-06-30,124.51,124.81,123.33,123.69,4165939.0
1688356800,2023-07-03,123.33,124.18,122.82,123.56,1468623.0
1688529600,2023-07-05,123.23,124.15,122.56,124.08,2955872.0
1688616000,2023-07-06,123.15,123.77,121.6,122.16,3508084.0
1688702400,2023-07-07,121.81,123.73,121.78,122.09,2982739.0
1688961600,2023-07-10,121.79,122.98,121.73,122.84,2369425.0
1689048000,2023-07-11,123.55,124.38,123.15,124.27,2925240.0
1689134400,2023-07-12,124.85,125.09,122.54,122.79,3732190.0
1689220800,2023-07-13,123.41,124.85,123.27,123.79,3221423.0
1689307200,2023-07-14,123.78,123.79,122.88,123.31,2861497.0
1689566400,2023-07-17,123.18,124.42,123.03,124.08,3168420.0
1689652800,2023-07-18,124.52,125.66,124.13,125.12,3852060.0
1689739200,2023-07-19,125.28,126.13,124.96,125.23,5519993.0
1689825600,2023-07-20,126.81,129.7,126.23,127.91,10896331.0
1689912000,2023-07-21,127.75,129.2,127.34,128.43,5858742.0
1690171200,2023-07-24,128.81,129.52,128.28,128.98,3475443.0
1690257600,2023-07-25,128.87,129.8,128.52,129.71,3770815.0
1690344000,2023-07-26,129.81,130.56,129.3,130.4,4046442.0
1690430400,2023-07-27,131.53,132.53,131.16,132.15,6331564.0
1690516800,2023-07-28,132.59,133.06,132.04,132.6,6686628.0
1690776000,2023-07-31,132.93,133.66,132.67,133.27,6140054.0
1690862400,2023-08-01,133.34,133.55,131.41,132.49,4798705.0
1690948800,2023-08-02,131.98,133.38,131.54,133.26,4959381.0
1691035200,2023-08-03,132.9,134.23,132.47,133.52,3952640.0
1691121600,2023-08-04,134.11,135.04,133.1,133.33,4223204.0
1691380800,2023-08-07,134.03,135.42,133.96,135.12,3438654.0
1691467200,2023-08-08,134.68,135.09,133.21,134.87,4654584.0
1691553600,2023-08-09,135.53,135.53,133.07,133.24,4073038.0
1691640000,2023-08-10,133.76,135.2,133.43,133.95,4735763.0
1691726400,2023-08-11,133.83,134.14,132.98,133.83,2526434.0
1691985600,2023-08-14,133.77,134.06,132.6,132.7,4227059.0
1692072000,2023-08-15,132.32,133.07,132.04,132.66,3656560.0
1692158400,2023-08-16,132.5,132.87,131.44,131.51,3285347.0
1692244800,2023-08-17,131.86,133.4,131.48,131.53,3742060.0
1692331200,2023-08-18,130.91,132.63,130.69,132.23,3915481.0
1692590400,2023-08-21,132.24,133.15,131.95,133.05,2937782.0
1692676800,2023-08-22,133.4,133.93,132.13,132.31,3557736.0
1692763200,2023-08-23,132.52,134.16,132.39,134.1,2559084.0
1692849600,2023-08-24,134.19,135.09,133.93,134.23,2900245.0
1692936000,2023-08-25,134.82,136.03,134.19,135.92,3660147.0
1693195200,2023-08-28,135.97,137.22,135.79,136.54,3561348.0
1693281600,2023-08-29,136.81,137.21,136.17,136.95,2778114.0
1693368000,2023-08-30,136.92,137.39,136.29,137.33,2245402.0
1693454400,2023-08-31,137.4,138.14,137.03,137.3,3885950.0
1693540800,2023-09-01,137.7,138.49,137.39,138.34,2727797.0
1693886400,2023-09-05,138.31,139.33,138.0,138.52,3731282.0
1693972800,2023-09-06,138.08,138.7,137.57,138.45,2932204.0
1694059200,2023-09-07,138.52,139.12,137.83,137.95,3333041.0
1694145600,2023-09-08,137.79,138.95,137.7,138.1,3722927.0
1694404800,2023-09-11,138.93,139.12,138.0,138.75,3273721.0
1694491200,2023-09-12,138.32,138.4,136.34,136.81,4457695.0
1694577600,2023-09-13,136.48,137.44,136.45,137.04,2628000.0
1694664000,2023-09-14,137.82,138.14,136.97,137.79,2723200.0
1694750400,2023-09-15,137.56,138.26,136.09,136.52,6234033.0
1695009600,2023-09-18,136.31,136.97,135.65,135.67,2508063.0
1695096000,2023-09-19,135.59,137.2,135.27,137.01,3945424.0
1695182400,2023-09-20,138.73,142.07,138.52,140.11,9636681.0
1695268800,2023-09-21,139.33,139.56,137.75,137.82,4944786.0
1695355200,2023-09-22,137.84,138.49,137.29,137.38,2562216.0
1695614400,2023-09-25,137.06,137.86,136.76,136.97,2694246.0
1695700800,2023-09-26,136.07,136.68,133.74,133.94,4824654.0
1695787200,2023-09-27,134.35,134.49,132.56,133.88,4439622.0
1695873600,2023-09-28,132.92,133.05,131.11,132.39,5783422.0
1695960000,2023-09-29,132.78,132.91,130.55,131.2,5719689.0
1696219200,2023-10-02,130.95,132.27,130.78,131.66,3275682.0
1696305600,2023-10-03,131.73,132.45,130.91,131.28,3284421.0
1696392000,2023-10-04,131.26,132.04,130.91,131.92,2637779.0
1696478400,2023-10-05,131.76,132.5,131.09,132.34,3223910.0
1696564800,2023-10-06,132.22,133.66,131.02,132.81,3511348.0
1696824000,2023-10-09,133.07,133.16,131.55,132.97,2354397.0
1696910400,2023-10-10,133.35,134.11,132.52,132.89,3015784.0
1696996800,2023-10-11,133.26,134.04,132.92,133.94,2511459.0
1697083200,2023-10-12,133.26,133.65,131.8,132.07,3921142.0
1697169600,2023-10-13,130.7,131.03,129.3,129.47,4583553.0
1697428800,2023-10-16,130.24,130.71,129.53,130.18,3361469.0
1697515200,2023-10-17,128.22,131.49,127.46,131.21,4172823.0
1697601600,2023-10-18,130.91,131.32,130.52,130.89,3329985.0
1697688000,2023-10-19,129.64,130.36,128.98,129.05,5314159.0
1697774400,2023-10-20,129.18,130.23,128.22,128.26,4865616.0
1698033600,2023-10-23,127.76,128.75,127.05,127.53,3457527.0
1698120000,2023-10-24,127.87,129.03,127.22,128.85,3697975.0
1698206400,2023-10-25,128.58,129.5,127.48,128.18,6472549.0
1698292800,2023-10-26,132.97,135.04,132.39,134.43,11130170.0
1698379200,2023-10-27,134.3,135.31,132.51,133.27,5469229.0
1698638400,2023-10-30,133.9,135.12,133.33,133.37,4204190.0
1698724800,2023-10-31,133.72,135.37,133.34,135.25,6592042.0
1698811200,2023-11-01,135.59,137.0,135.08,135.96,4750081.0
1698897600,2023-11-02,136.31,137.55,135.44,137.47,3902659.0
1698984000,2023-11-03,137.88,138.81,137.72,138.3,3510496.0
1699246800,2023-11-06,138.29,139.54,138.26,139.3,4597249.0
1699333200,2023-11-07,139.36,139.59,138.42,139.17,3549855.0
1699419600,2023-11-08,139.56,139.97,138.01,138.42,3618589.0
1699506000,2023-11-09,138.59,139.01,137.39,138.66,3412713.0
1699592400,2023-11-10,139.43,141.07,138.87,140.93,3179542.0
1699851600,2023-11-13,140.4,140.43,139.35,140.06,2647289.0
1699938000,2023-11-14,141.33,142.62,140.96,142.24,4321941.0
1700024400,2023-11-15,142.23,144.9,142.23,144.29,4632520.0
1700110800,2023-11-16,144.69,145.02,143.87,144.75,3519173.0
1700197200,2023-11-17,144.97,145.16,144.18,144.59,4426688.0
1700456400,2023-11-20,144.23,146.28,144.08,145.97,3658937.0
1700542800,2023-11-21,146.2,146.26,145.17,145.55,2859508.0
1700629200,2023-11-22,146.11,147.25,145.79,146.71,3045092.0
1700802000,2023-11-24,146.71,146.96,145.56,146.75,1799161.0
1701061200,2023-11-27,146.57,147.66,146.35,147.12,4053093.0
1701147600,2023-11-28,147.0,147.29,146.45,147.2,2666183.0
1701234000,2023-11-29,147.67,148.96,147.55,147.92,3568887.0
1701320400,2023-11-30,148.43,149.99,148.37,149.95,6740622.0
1701406800,2023-12-01,149.81,151.87,149.42,151.83,4871861.0
1701666000,2023-12-04,151.59,153.95,151.59,152.35,5779017.0
1701752400,2023-12-05,152.03,153.65,151.99,152.63,4556668.0
1701838800,2023-12-06,152.81,153.54,151.32,151.58,3555863.0
1701925200,2023-12-07,152.26,152.7,151.28,151.52,3665498.0
1702011600,2023-12-08,151.31,153.24,151.31,153.16,4561342.0
1702270800,2023-12-11,153.85,154.76,153.15,154.63,6077207.0
1702357200,2023-12-12,154.4,157.31,154.07,155.76,5292290.0
1702443600,2023-12-13,155.44,156.01,153.9,154.73,4989141.0
1702530000,2023-12-14,154.08,154.62,151.45,154.06,6129804.0
1702616400,2023-12-15,153.49,155.18,153.24,153.42,11016108.0
1702875600,2023-12-18,153.42,154.46,152.8,153.9,3677533.0
1702962000,2023-12-19,153.01,153.47,152.56,152.79,3766591.0
1703048400,2023-12-20,152.53,153.01,151.32,151.36,4865797.0
1703134800,2023-12-21,151.87,152.33,150.87,152.05,2982924.0
1703221200,2023-12-22,152.35,153.59,152.26,153.33,2442715.0
1703566800,2023-12-26,153.42,154.44,153.25,154.35,1772443.0
1703653200,2023-12-27,154.28,154.75,153.85,154.58,3234550.0
1703739600,2023-12-28,155.06,155.06,154.53,154.86,2071313.0
1703826000,2023-12-29,154.86,155.26,153.99,154.67,2526169.0
1704171600,2024-01-02,153.99,154.42,151.75,152.73,3825044.0
1704258000,2024-01-03,152.26,152.95,151.39,151.41,4086065.0
1704344400,2024-01-04,151.52,153.02,151.47,152.12,3212004.0
1704430800,2024-01-05,151.23,151.83,150.05,150.52,4199504.0
1704690000,2024-01-08,150.07,152.46,149.31,152.39,3321698.0
1704776400,2024-01-09,151.31,151.77,150.85,151.39,2617186.0
1704862800,2024-01-10,151.58,152.58,151.06,152.47,2967852.0
1704949200,2024-01-11,152.28,153.42,151.59,153.35,3778395.0
1705035600,2024-01-12,154.12,156.97,153.54,156.8,4958261.0
1705381200,2024-01-16,156.8,158.17,156.36,157.89,4869635.0
1705467600,2024-01-17,157.73,158.71,156.51,157.06,4288604.0
1705554000,2024-01-18,157.45,157.92,156.08,157.78,3776990.0
1705640400,2024-01-19,161.33,162.26,159.99,162.17,6929079.0
1705899600,2024-01-22,163.43,164.98,163.04,163.44,4925964.0
1705986000,2024-01-23,163.51,164.57,163.11,164.49,3983461.0
1706072400,2024-01-24,165.27,165.36,163.51,164.48,9097827.0
1706158800,2024-01-25,174.92,186.21,174.79,180.09,29596239.0
1706245200,2024-01-26,180.92,181.94,176.05,177.24,9895941.0
1706504400,2024-01-29,177.28,179.17,175.95,176.98,6107908.0
1706590800,2024-01-30,177.52,178.4,176.63,177.67,4575058.0
1706677200,2024-01-31,176.89,177.46,173.19,173.69,8876055.0
1706763600,2024-02-01,173.66,177.33,172.79,176.75,4669444.0
1706850000,2024-02-02,176.94,177.21,175.53,175.7,4055411.0
1707109200,2024-02-05,175.44,175.69,173.3,173.46,4379602.0
1707195600,2024-02-06,173.58,174.65,173.1,173.45,3338196.0
1707282000,2024-02-07,173.38,174.03,172.71,173.76,4841188.0
1707368400,2024-02-08,174.27,176.1,173.18,175.92,5161185.0
1707454800,2024-02-09,175.99,178.61,175.43,177.81,5064641.0
1707714000,2024-02-12,177.39,177.94,175.6,177.64,4724021.0
1707800400,2024-02-13,175.84,176.31,174.01,175.29,4290453.0
1707886800,2024-02-14,176.53,176.53,173.91,175.16,3173391.0
1707973200,2024-02-15,175.21,178.42,175.21,178.31,4714301.0
1708059600,2024-02-16,178.08,180.3,177.43,179.05,4842840.0
1708405200,2024-02-20,179.05,180.13,174.68,175.04,4247181.0
1708491600,2024-02-21,174.2,174.65,170.56,171.47,4728473.0
1708578000,2024-02-22,174.1,176.1,173.6,175.77,5078398.0
1708664400,2024-02-23,176.43,177.92,176.12,177.22,3433800.0
1708923600,2024-02-26,177.1,177.6,175.63,175.7,4620815.0
1709010000,2024-02-27,175.73,176.65,174.26,176.4,3641378.0
1709096400,2024-02-28,176.18,176.88,175.14,176.81,3216345.0
1709182800,2024-02-29,177.63,178.29,176.23,176.56,6458487.0
1709269200,2024-03-01,177.0,179.75,176.7,179.58,4018354.0
1709528400,2024-03-04,179.16,185.02,179.01,184.22,7938266.0
1709614800,2024-03-05,183.21,185.06,181.84,183.16,5653741.0
1709701200,2024-03-06,184.64,189.06,184.12,187.18,6945818.0
1709787600,2024-03-07,188.53,189.63,187.16,187.54,4604458.0
1709874000,2024-03-08,187.08,188.71,185.48,186.98,3943113.0
1710129600,2024-03-11,186.16,186.43,182.14,182.95,4725057.0
1710216000,2024-03-12,183.65,190.06,183.35,188.72,5880075.0
1710302400,2024-03-13,188.5,189.03,186.38,187.69,3993258.0
1710388800,2024-03-14,187.93,188.69,183.32,184.57,4109636.0
1710475200,2024-03-15,183.2,184.22,181.97,182.32,8828184.0
1710734400,2024-03-18,182.92,184.38,181.6,182.91,5410562.0
1710820800,2024-03-19,182.72,184.72,181.57,184.49,5317341.0
1710907200,2024-03-20,184.04,185.1,182.55,185.08,3238643.0
1710993600,2024-03-21,184.16,184.52,181.31,183.11,6013561.0
1711080000,2024-03-22,183.21,184.15,181.79,182.1,3988398.0
1711339200,2024-03-25,181.55,182.08,180.11,180.14,3718289.0
1711425600,2024-03-26,180.36,181.3,179.87,179.87,4229535.0
1711512000,2024-03-27,180.92,182.22,179.96,182.06,3693305.0
1711598400,2024-03-28,182.2,183.14,181.62,182.22,3742169.0
1711944000,2024-04-01,181.3,181.74,179.89,181.14,2364320.0
1712030400,2024-04-02,180.48,181.11,179.01,180.23,2693455.0
1712116800,2024-04-03,179.96,182.59,179.85,182.16,2826193.0
1712203200,2024-04-04,183.21,184.43,178.76,179.33,2983853.0
1712289600,2024-04-05,179.95,181.6,179.41,180.48,2014264.0
1712548800,2024-04-08,180.57,181.53,180.26,181.13,2678284.0
1712635200,2024-04-09,181.81,182.49,178.11,180.64,2794381.0
1712721600,2024-04-10,178.84,179.31,177.02,177.52,3081915.0
1712808000,2024-04-11,177.52,178.24,176.13,177.39,2861736.0
1712894400,2024-04-12,175.57,176.69,173.37,173.92,3545527.0
1713153600,2024-04-15,177.07,178.89,172.6,172.95,3528140.0
1713240000,2024-04-16,177.09,177.21,174.49,175.34,4473654.0
1713326400,2024-04-17,175.73,176.21,173.46,174.72,3003033.0
1713412800,2024-04-18,174.0,175.06,171.92,173.16,2886733.0
1713499200,2024-04-19,174.08,174.43,172.3,173.26,3037990.0
1713758400,2024-04-22,174.1,174.92,172.19,173.57,3076451.0
1713844800,2024-04-23,174.36,176.22,170.8,173.85,5950229.0
1713931200,2024-04-24,174.78,175.85,173.09,175.67,7616643.0
1714017600,2024-04-25,160.5,164.55,158.07,161.18,16702150.0
1714104000,2024-04-26,159.83,160.18,158.14,159.48,8983796.0
1714363200,2024-04-29,159.73,160.52,158.61,159.76,5263342.0
1714449600,2024-04-30,158.87,159.12,157.69,158.59,6011634.0
1714536000,2024-05-01,158.1,158.66,156.78,156.9,4030960.0
1714622400,2024-05-02,156.82,157.33,155.17,157.15,3829853.0
1714708800,2024-05-03,157.44,158.98,157.37,158.12,3400405.0
1714968000,2024-05-06,158.88,160.95,158.76,160.89,4222266.0
1715054400,2024-05-07,161.26,161.54,160.25,160.67,3155260.0
1715140800,2024-05-08,160.32,162.46,160.21,162.12,3522011.0
1715227200,2024-05-09,161.44,161.48,159.87,160.25,4266616.0
1715313600,2024-05-10,161.08,161.98,160.3,161.1,2255370.0
1715572800,2024-05-13,161.44,161.97,160.72,161.49,2414859.0
1715659200,2024-05-14,161.78,162.04,160.45,161.3,2600967.0
1715745600,2024-05-15,161.86,162.25,161.28,162.17,4468823.0
1715832000,2024-05-16,162.17,163.49,161.71,162.85,3492267.0
1715918400,2024-05-17,162.85,162.99,161.27,162.91,2956387.0
1716177600,2024-05-20,162.88,164.0,162.28,163.77,2726261.0
1716264000,2024-05-21,163.79,168.63,163.79,167.19,6459800.0
1716350400,2024-05-22,167.11,168.65,166.5,167.4,3294900.0
1716436800,2024-05-23,169.04,169.11,164.26,164.49,3341335.0
1716523200,2024-05-24,165.27,165.78,164.05,164.7,2587829.0
1716868800,2024-05-28,164.27,164.89,162.54,163.52,2629645.0
1716955200,2024-05-29,161.92,162.52,160.19,161.0,4206576.0
1717041600,2024-05-30,159.57,160.69,158.28,159.63,3852963.0
1717128000,2024-05-31,159.7,160.92,157.91,160.81,4905002.0
1717387200,2024-06-03,160.51,160.74,157.61,159.3,2776058.0
1717473600,2024-06-04,158.64,160.37,157.95,159.81,2594203.0
1717560000,2024-06-05,160.38,161.71,159.78,161.32,3049377.0
1717646400,2024-06-06,161.32,162.34,160.76,162.11,2207263.0
1717732800,2024-06-07,162.09,165.1,161.97,163.85,3475495.0
1717992000,2024-06-10,163.41,164.58,162.77,164.21,3444684.0
1718078400,2024-06-11,163.83,163.84,160.77,163.19,2951251.0
1718164800,2024-06-12,165.15,166.23,162.01,162.88,3522698.0
1718251200,2024-06-13,162.89,163.45,162.24,163.0,3525717.0
1718337600,2024-06-14,162.2,163.33,161.17,163.08,2777717.0
1718596800,2024-06-17,162.65,163.57,161.44,163.36,3239815.0
1718683200,2024-06-18,163.84,164.57,162.28,164.37,3386442.0
1718856000,2024-06-20,167.78,167.97,165.02,167.62,4723078.0
1718942400,2024-06-21,167.67,168.62,165.19,166.22,10182025.0
1719201600,2024-06-24,168.66,172.0,167.84,168.67,4864735.0
1719288000,2024-06-25,168.8,169.39,165.21,166.35,4119267.0
1719374400,2024-06-26,165.08,166.43,164.24,165.65,2779016.0
1719460800,2024-06-27,164.92,166.25,164.31,164.66,2894001.0
1719547200,2024-06-28,164.66,167.18,164.36,166.69,4187457.0
1719806400,2024-07-01,167.17,170.07,167.1,168.76,3320961.0
1719892800,2024-07-02,168.51,171.06,168.01,170.88,2883275.0
1719979200,2024-07-03,171.44,171.54,168.83,169.37,1649049.0
1720152000,2024-07-05,169.38,169.71,167.65,169.65,2085970.0
1720411200,2024-07-08,170.02,172.12,169.64,171.21,2503038.0
1720497600,2024-07-09,171.17,171.27,169.22,170.09,2513305.0
1720584000,2024-07-10,170.21,171.77,168.13,171.4,3462182.0
1720670400,2024-07-11,171.22,172.94,170.22,171.85,2807145.0
1720756800,2024-07-12,172.09,177.49,172.04,176.21,4785565.0
1721016000,2024-07-15,176.74,178.21,175.99,176.26,2925794.0
1721102400,2024-07-16,177.98,179.84,177.84,179.08,3374526.0
1721188800,2024-07-17,178.73,181.13,178.37,180.66,4225302.0
1721275200,2024-07-18,179.88,182.61,178.4,178.51,3487808.0
1721361600,2024-07-19,179.58,180.23,175.36,176.61,3816039.0
1721620800,2024-07-22,176.76,178.27,176.24,177.48,2488525.0
1721707200,2024-07-23,177.68,178.67,176.38,177.43,2180225.0
1721793600,2024-07-24,177.47,178.37,176.51,177.36,6962071.0
1721880000,2024-07-25,177.47,178.37,176.51,177.36,6962071.0
1721966400,2024-07-26,183.61,186.56,182.76,184.81,4294875.0
1722225600,2024-07-29,186.19,186.29,182.33,184.57,3336806.0
1722312000,2024-07-30,184.55,185.79,182.24,184.12,3064978.0
1722398400,2024-07-31,184.08,187.51,183.11,185.18,5558405.0
1722484800,2024-08-01,185.83,186.62,181.47,182.79,4085354.0
1722571200,2024-08-02,181.94,182.41,178.98,182.27,4548824.0
1722830400,2024-08-05,177.87,178.55,175.23,176.67,4975002.0
1722916800,2024-08-06,178.01,182.06,176.99,180.04,3632517.0
1723003200,2024-08-07,181.27,183.0,179.94,180.04,3801942.0
1723089600,2024-08-08,180.71,185.9,180.23,185.64,3712698.0
1723176000,2024-08-09,185.86,187.27,183.78,186.13,2773706.0
1723435200,2024-08-12,185.93,186.25,183.75,184.21,2290421.0
1723521600,2024-08-13,185.0,185.99,183.95,185.68,2178862.0
1723608000,2024-08-14,185.84,187.72,185.43,186.97,1895114.0
1723694400,2024-08-15,188.13,188.85,187.91,188.56,2471985.0
1723780800,2024-08-16,188.2,188.95,187.5,188.39,2494472.0
1724040000,2024-08-19,188.45,190.09,188.33,189.32,2361378.0
1724126400,2024-08-20,189.18,190.76,188.36,190.58,1790371.0
1724212800,2024-08-21,190.52,191.84,188.72,191.73,2579343.0
1724299200,2024-08-22,191.77,192.42,190.13,190.51,1969496.0
1724385600,2024-08-23,191.32,191.89,188.99,190.65,2321961.0
1724644800,2024-08-26,190.55,192.83,190.45,192.48,2567217.0
1724731200,2024-08-27,191.95,193.86,191.49,193.2,2617229.0
1724817600,2024-08-28,193.47,194.44,192.0,192.94,2645244.0
1724904000,2024-08-29,193.76,195.53,192.76,193.37,2989594.0
1724990400,2024-08-30,193.57,196.55,193.2,196.51,4750999.0
1725336000,2024-09-03,196.3,199.03,194.64,195.68,3874697.0
1725422400,2024-09-04,195.18,198.68,194.93,198.44,3142476.0
1725508800,2024-09-05,198.41,200.22,195.37,196.96,3229345.0
1725595200,2024-09-06,196.75,198.43,193.79,195.16,3304491.0
1725854400,2024-09-09,196.33,199.35,195.83,197.87,3705004.0
1725940800,2024-09-10,198.52,200.11,197.23,199.61,3070644.0
1726027200,2024-09-11,201.98,204.28,197.4,204.05,5554309.0
1726113600,2024-09-12,204.16,206.74,202.47,205.73,4616446.0
1726200000,2024-09-13,206.57,210.08,206.23,208.82,4572344.0
1726459200,2024-09-16,209.88,211.84,209.53,211.12,4176257.0
1726545600,2024-09-17,211.21,212.76,207.08,208.18,5635210.0
1726632000,2024-09-18,208.18,210.83,207.65,208.96,3482764.0
1726718400,2024-09-19,211.95,212.41,204.52,207.94,5279559.0
1726804800,2024-09-20,208.37,211.79,207.8,211.65,9958980.0
1727064000,2024-09-23,211.94,214.49,211.23,214.37,4074755.0
1727150400,2024-09-24,213.67,215.04,212.09,214.83,3184114.0
1727236800,2024-09-25,215.02,215.68,214.04,215.08,2537751.0
1727323200,2024-09-26,215.93,217.77,215.2,217.22,2673210.0
1727409600,2024-09-27,216.8,217.92,214.63,214.7,3830335.0
1727668800,2024-09-30,214.52,215.17,212.93,214.93,3544264.0
1727755200,2024-10-01,214.5,214.95,209.9,213.25,3548374.0
1727841600,2024-10-02,212.24,214.08,209.8,213.62,3343399.0
1727928000,2024-10-03,213.4,216.63,213.17,216.53,3788265.0
1728014400,2024-10-04,217.53,219.79,217.06,219.72,3554328.0
1728273600,2024-10-07,219.11,221.34,218.76,220.81,3457952.0
1728360000,2024-10-08,221.77,222.97,220.73,222.26,3245342.0
1728446400,2024-10-09,222.83,228.42,222.15,227.79,5083566.0
1728532800,2024-10-10,228.56,229.27,225.37,226.54,3142031.0
1728619200,2024-10-11,226.77,226.95,224.05,226.77,3469322.0
1728878400,2024-10-14,227.08,229.56,226.69,228.72,2524389.0
1728964800,2024-10-15,229.83,230.77,226.24,226.48,3350556.0
1729051200,2024-10-16,225.66,227.38,224.69,227.17,2846669.0
1729137600,2024-10-17,225.55,226.66,224.24,226.41,5040092.0
1729224000,2024-10-18,225.47,226.18,223.77,225.74,4715688.0
1729483200,2024-10-21,224.78,225.96,223.86,225.31,2733336.0
1729569600,2024-10-22,225.54,226.49,224.26,225.79,3180807.0
1729656000,2024-10-23,224.0,226.85,223.86,226.28,5791002.0
1729742400,2024-10-24,214.66,215.17,210.15,212.32,11193440.0
1729828800,2024-10-25,210.77,212.57,208.42,208.7,8482235.0
1730088000,2024-10-28,209.51,210.24,206.79,206.99,4993343.0
1730174400,2024-10-29,206.1,207.41,204.02,204.58,5258366.0
1730260800,2024-10-30,203.66,205.25,198.58,199.2,6956624.0
1730347200,2024-10-31,198.45,202.34,197.85,200.97,5925250.0
1730433600,2024-11-01,201.99,204.01,201.64,202.46,3334308.0
1730696400,2024-11-04,201.88,201.93,200.08,200.58,2594119.0
1730782800,2024-11-05,200.44,202.33,199.85,201.8,2441535.0
1730869200,2024-11-06,207.54,208.37,204.52,207.66,3934386.0
1730955600,2024-11-07,207.7,208.56,206.04,207.75,3675812.0
1731042000,2024-11-08,208.21,210.68,206.87,207.78,3201038.0
1731301200,2024-11-11,208.44,209.42,207.54,207.63,3012987.0
1731387600,2024-11-12,207.64,208.75,204.86,206.62,2818216.0
1731474000,2024-11-13,205.29,207.16,204.87,206.68,3247830.0
1731560400,2024-11-14,205.78,206.27,202.2,204.79,6372853.0
1731646800,2024-11-15,203.29,204.3,199.97,200.87,3986460.0
1731906000,2024-11-18,202.84,204.23,201.24,203.91,3406045.0
1731992400,2024-11-19,202.35,206.1,202.05,206.02,2860746.0
1732078800,2024-11-20,206.76,210.64,205.56,210.29,4562502.0
1732165200,2024-11-21,211.47,218.15,210.94,217.93,5236434.0
1732251600,2024-11-22,218.86,222.63,216.45,218.49,5320740.0
1732510800,2024-11-25,218.86,221.87,218.17,221.58,7189260.0
1732597200,2024-11-26,222.17,224.38,220.98,224.23,4449543.0
1732683600,2024-11-27,224.23,224.58,219.76,222.36,2995121.0
1732856400,2024-11-29,223.17,225.73,222.62,222.84,2640253.0
1733115600,2024-12-02,222.93,223.79,220.98,222.82,2656181.0
1733202000,2024-12-03,222.67,224.5,222.11,224.4,3163815.0
1733288400,2024-12-04,225.38,229.04,224.74,228.8,4104195.0
1733374800,2024-12-05,228.86,231.77,228.77,230.03,4791116.0
1733461200,2024-12-06,229.72,233.59,229.51,233.25,4028430.0
1733720400,2024-12-09,233.22,234.54,224.31,225.38,4970449.0
1733806800,2024-12-10,223.81,229.68,223.22,227.06,4769531.0
1733893200,2024-12-11,228.01,228.32,224.52,225.49,3872680.0
1733979600,2024-12-12,226.02,229.19,225.75,227.59,4515741.0
1734066000,2024-12-13,227.58,229.08,225.63,226.18,2757683.0
1734325200,2024-12-16,226.09,226.39,222.32,224.72,3610257.0
1734411600,2024-12-17,224.62,225.57,223.04,224.37,3651346.0
1734498000,2024-12-18,224.43,224.43,215.61,215.74,4152517.0
1734584400,2024-12-19,219.91,221.65,218.5,219.42,4430120.0
1734670800,2024-12-20,218.25,223.11,217.22,218.87,12423200.0
1734930000,2024-12-23,218.33,219.24,216.64,217.47,2988137.0
1735016400,2024-12-24,217.8,219.93,217.09,219.9,1186216.0
1735189200,2024-12-26,218.82,220.87,218.08,220.37,3287238.0
1735275600,2024-12-27,218.65,219.91,216.95,218.3,1810760.0
1735534800,2024-12-30,216.11,217.14,213.28,215.82,2095565.0
1735621200,2024-12-31,216.28,216.61,214.05,215.41,2270512.0
1735794000,2025-01-02,217.36,218.02,213.23,215.52,2579498.0
1735880400,2025-01-03,216.12,219.16,216.12,218.17,3873578.0
1736139600,2025-01-06,218.52,219.84,216.31,218.19,2847128.0
1736226000,2025-01-07,218.86,222.15,218.35,219.46,3299701.0
1736312400,2025-01-08,219.41,220.38,216.39,218.69,2619768.0
1736485200,2025-01-10,217.54,217.96,212.44,215.33,3570497.0
1736744400,2025-01-13,213.51,215.18,210.43,213.03,3716816.0
1736830800,2025-01-14,213.62,213.74,210.3,213.37,3485829.0
1736917200,2025-01-15,216.43,217.22,213.63,215.61,2951825.0
1737003600,2025-01-16,215.27,218.2,213.01,218.18,3329060.0
1737090000,2025-01-17,221.41,221.41,219.14,220.27,5506837.0
1737435600,2025-01-21,220.47,222.88,218.35,219.75,3982203.0
1737522000,2025-01-22,217.52,219.89,215.92,218.77,4759490.0
1737608400,2025-01-23,219.44,221.5,218.66,221.5,3619651.0
1737694800,2025-01-24,220.74,222.25,219.3,220.28,3233293.0
1737954000,2025-01-27,217.72,219.79,215.42,219.62,4898355.0
1738040400,2025-01-28,219.81,221.23,217.31,221.12,4485429.0
1738126800,2025-01-29,221.08,224.86,219.23,224.03,7079804.0
1738213200,2025-01-30,244.97,256.54,242.04,253.08,15381890.0
1738299600,2025-01-31,250.9,252.06,246.83,250.56,7203519.0
1738558800,2025-02-03,247.33,256.79,246.78,255.49,8406345.0
1738645200,2025-02-04,254.77,259.92,252.93,259.14,6059979.0
1738731600,2025-02-05,260.37,260.38,255.93,258.01,6165096.0
1738818000,2025-02-06,257.69,258.09,247.65,248.35,6128293.0
1738904400,2025-02-07,250.15,251.77,246.95,247.27,3361523.0
1739163600,2025-02-10,247.46,248.54,243.53,245.9,3562948.0
1739250000,2025-02-11,247.7,253.27,247.19,251.25,4801550.0
1739336400,2025-02-12,249.3,252.93,248.61,252.35,3075308.0
