unix,date,open,high,low,close,volume_base
1451883600,2016-01-04,112.68,114.34,111.75,113.12,727321.0
1451970000,2016-01-05,113.73,115.35,113.37,113.61,736618.0
1452056400,2016-01-06,111.74,112.78,109.47,110.99,1314207.0
1452142800,2016-01-07,108.83,110.47,107.73,108.3,791389.0
1452229200,2016-01-08,108.66,111.1,107.49,107.8,834679.0
1452488400,2016-01-11,109.53,113.03,108.32,109.8,1118642.0
1452574800,2016-01-12,110.52,112.71,105.62,107.73,795971.0
1452661200,2016-01-13,107.82,108.78,103.52,104.66,1309205.0
1452747600,2016-01-14,104.86,107.48,104.56,106.65,911769.0
1452834000,2016-01-15,104.4,106.28,102.76,104.72,1176814.0
1453179600,2016-01-19,105.61,106.09,101.38,103.0,1157792.0
1453266000,2016-01-20,101.45,104.07,99.35,103.02,1053522.0
1453352400,2016-01-21,103.38,105.67,101.73,102.59,777484.0
1453438800,2016-01-22,103.22,104.11,101.57,103.14,885271.0
1453698000,2016-01-25,102.88,104.95,102.88,104.04,676569.0
1453784400,2016-01-26,104.35,108.01,104.13,107.34,781075.0
1453870800,2016-01-27,107.21,109.07,105.9,106.56,634778.0
1453957200,2016-01-28,108.2,109.23,103.11,103.62,752376.0
1454043600,2016-01-29,103.87,108.25,103.63,108.05,820705.0
1454302800,2016-02-01,107.71,111.08,107.42,110.38,772268.0
1454389200,2016-02-02,108.88,108.92,107.04,107.53,576768.0
1454475600,2016-02-03,108.31,108.67,104.67,107.04,616292.0
1454562000,2016-02-04,106.68,108.43,105.02,107.29,565397.0
1454648400,2016-02-05,106.69,107.43,103.85,104.6,675936.0
1454907600,2016-02-08,102.94,103.18,99.29,100.21,694245.0
1454994000,2016-02-09,99.08,102.02,98.79,101.22,723953.0
1455080400,2016-02-10,102.1,106.17,101.9,104.55,761703.0
1455166800,2016-02-11,102.92,103.64,97.42,97.51,1236321.0
1455253200,2016-02-12,98.26,100.24,96.71,100.01,797242.0
1455598800,2016-02-16,97.13,101.92,96.88,101.78,1465097.0
1455685200,2016-02-17,102.97,104.73,102.25,103.35,1205873.0
1455771600,2016-02-18,103.73,104.37,102.74,102.95,805423.0
1455858000,2016-02-19,103.04,103.04,100.75,102.63,1646693.0
1456117200,2016-02-22,103.66,105.94,103.66,105.55,766315.0
1456203600,2016-02-23,105.3,106.35,103.18,105.26,638599.0
1456290000,2016-02-24,104.16,106.3,103.32,106.15,579742.0
1456376400,2016-02-25,106.74,108.32,104.39,106.75,900854.0
1456462800,2016-02-26,103.6,112.81,102.43,108.82,1494453.0
1456722000,2016-02-29,108.38,108.57,105.97,105.97,1217185.0
1456808400,2016-03-01,106.41,109.52,104.92,109.21,1006157.0
1456894800,2016-03-02,109.4,110.91,108.68,110.76,883916.0
1456981200,2016-03-03,110.89,114.45,110.53,112.81,834885.0
1457067600,2016-03-04,113.01,113.17,110.83,110.93,995901.0
1457326800,2016-03-07,110.01,110.58,109.09,109.83,868120.0
1457413200,2016-03-08,108.95,109.84,106.94,107.36,962058.0
1457499600,2016-03-09,108.17,108.59,106.31,108.5,566468.0
1457586000,2016-03-10,108.94,110.43,107.53,108.44,731417.0
1457672400,2016-03-11,109.59,111.33,108.82,111.08,805895.0
1457928000,2016-03-14,110.61,111.61,110.05,110.79,457506.0
1458014400,2016-03-15,109.73,110.13,107.24,107.62,498201.0
1458100800,2016-03-16,107.36,109.83,107.14,109.18,515303.0
1458187200,2016-03-17,108.81,109.83,107.2,109.2,673562.0
1458273600,2016-03-18,109.33,112.44,109.12,112.0,1139557.0
1458532800,2016-03-21,112.86,113.59,110.76,111.96,616695.0
1458619200,2016-03-22,110.96,115.29,110.63,114.17,831202.0
1458705600,2016-03-23,114.36,116.79,113.48,113.89,614305.0
1458792000,2016-03-24,112.95,114.3,111.37,113.21,512211.0
1459137600,2016-03-28,113.65,115.25,112.96,114.4,637489.0
1459224000,2016-03-29,116.32,119.15,115.35,118.97,1056011.0
1459310400,2016-03-30,119.6,121.62,118.74,120.33,938401.0
1459396800,2016-03-31,119.97,121.61,119.46,119.75,1103739.0
1459483200,2016-04-01,119.07,120.52,118.08,120.39,1048038.0
1459742400,2016-04-04,120.31,120.84,118.85,119.7,806215.0
1459828800,2016-04-05,118.57,119.19,117.68,117.79,699624.0
1459915200,2016-04-06,117.99,119.35,117.88,119.26,755033.0
1460001600,2016-04-07,118.56,119.47,117.35,118.13,690466.0
1460088000,2016-04-08,119.51,119.51,117.94,118.31,583635.0
1460347200,2016-04-11,118.57,119.43,116.53,116.88,709581.0
1460433600,2016-04-12,116.78,118.19,116.78,117.6,781830.0
1460520000,2016-04-13,118.57,120.81,117.84,120.23,648428.0
1460606400,2016-04-14,120.53,121.23,119.15,120.7,907554.0
1460692800,2016-04-15,120.45,120.6,117.6,120.38,611943.0
1460952000,2016-04-18,119.91,121.16,119.21,121.09,481649.0
1461038400,2016-04-19,121.72,122.24,119.97,120.73,547670.0
1461124800,2016-04-20,121.01,124.11,119.31,123.21,935259.0
1461211200,2016-04-21,122.96,124.95,122.18,122.59,752212.0
1461297600,2016-04-22,122.67,125.13,122.63,124.03,742818.0
1461556800,2016-04-25,123.43,124.02,121.68,122.71,674999.0
1461643200,2016-04-26,124.79,127.8,124.79,126.92,1816965.0
1461729600,2016-04-27,126.93,127.52,125.14,126.85,1098484.0
1461816000,2016-04-28,127.13,134.2,127.13,129.53,1562205.0
1461902400,2016-04-29,129.6,129.86,125.19,128.35,1213934.0
1462161600,2016-05-02,128.38,129.45,126.36,128.82,1192406.0
1462248000,2016-05-03,127.07,129.23,126.39,128.54,1054064.0
1462334400,2016-05-04,127.56,130.11,126.96,127.94,846017.0
1462420800,2016-05-05,128.21,129.43,127.66,128.24,608032.0
1462507200,2016-05-06,128.11,129.27,127.27,128.53,840597.0
1462766400,2016-05-09,128.18,130.25,128.18,129.68,500790.0
1462852800,2016-05-10,129.97,130.59,128.51,129.66,618330.0
1462939200,2016-05-11,129.78,131.44,128.72,130.36,601494.0
1463025600,2016-05-12,130.56,131.04,127.31,127.97,688559.0
1463112000,2016-05-13,127.8,129.11,127.76,128.28,628005.0
1463371200,2016-05-16,128.46,130.07,128.4,129.63,740344.0
1463457600,2016-05-17,129.63,131.54,128.13,129.05,1281431.0
1463544000,2016-05-18,128.99,129.79,127.26,128.21,571542.0
1463630400,2016-05-19,127.25,129.11,126.89,128.36,719317.0
1463716800,2016-05-20,128.88,129.86,127.64,128.76,570837.0
1463976000,2016-05-23,128.42,128.42,126.27,126.77,1235969.0
1464062400,2016-05-24,127.12,129.88,127.12,129.47,1104970.0
1464148800,2016-05-25,129.86,131.12,129.34,130.37,905842.0
1464235200,2016-05-26,130.15,130.99,127.8,129.09,739474.0
1464321600,2016-05-27,128.95,130.95,128.95,129.41,308703.0
1464667200,2016-05-31,129.75,129.94,128.65,129.58,523620.0
1464753600,2016-06-01,129.35,130.73,128.98,130.6,634006.0
1464840000,2016-06-02,130.25,132.15,129.96,131.99,796584.0
1464926400,2016-06-03,131.78,132.42,129.88,130.08,535626.0
1465185600,2016-06-06,130.35,131.84,129.84,131.59,594709.0
1465272000,2016-06-07,131.55,132.59,131.5,132.44,577910.0
1465358400,2016-06-08,132.42,133.89,132.32,133.31,1024850.0
1465444800,2016-06-09,134.0,134.0,132.24,132.59,452497.0
1465531200,2016-06-10,131.47,132.35,129.48,129.87,334379.0
1465790400,2016-06-13,129.38,130.02,126.78,126.86,616258.0
1465876800,2016-06-14,126.57,128.26,125.68,128.18,638611.0
1465963200,2016-06-15,128.4,128.72,126.89,126.96,417791.0
1466049600,2016-06-16,125.92,126.97,124.76,126.66,435221.0
1466136000,2016-06-17,126.96,128.3,125.06,126.11,861662.0
1466395200,2016-06-20,127.39,129.19,127.27,127.44,340164.0
1466481600,2016-06-21,127.73,128.03,126.18,127.46,294625.0
1466568000,2016-06-22,127.37,130.83,127.37,129.56,872542.0
1466654400,2016-06-23,130.83,132.86,130.74,132.86,748682.0
1466740800,2016-06-24,128.49,132.78,128.26,130.96,1778239.0
1467000000,2016-06-27,129.82,129.82,123.5,124.29,1023871.0
1467086400,2016-06-28,124.98,127.46,124.98,126.91,863665.0
1467172800,2016-06-29,126.83,129.49,126.83,128.21,868681.0
1467259200,2016-06-30,128.11,129.1,126.59,128.85,792846.0
1467345600,2016-07-01,128.71,129.85,127.66,128.31,463355.0
1467691200,2016-07-05,127.92,127.92,126.24,127.17,458525.0
1467777600,2016-07-06,127.02,128.47,125.7,128.09,1022324.0
1467864000,2016-07-07,128.76,129.89,128.58,129.46,711465.0
1467950400,2016-07-08,130.66,132.01,130.1,131.79,583509.0
1468209600,2016-07-11,132.23,132.82,131.63,131.86,395271.0
1468296000,2016-07-12,132.84,132.84,131.03,131.2,439811.0
1468382400,2016-07-13,131.54,132.38,130.89,131.26,626319.0
1468468800,2016-07-14,132.39,132.39,128.98,129.81,671628.0
1468555200,2016-07-15,130.01,130.7,129.27,129.93,486469.0
1468814400,2016-07-18,130.35,130.71,129.25,130.48,509633.0
1468900800,2016-07-19,129.86,130.88,128.89,130.56,752423.0
1468987200,2016-07-20,130.81,131.62,130.36,130.67,765112.0
1469073600,2016-07-21,130.44,132.69,130.22,131.93,651892.0
1469160000,2016-07-22,132.08,133.33,130.74,132.82,539789.0
1469419200,2016-07-25,132.86,132.86,130.69,131.29,725952.0
1469505600,2016-07-26,130.84,133.01,130.41,132.86,794471.0
1469592000,2016-07-27,125.1,126.56,121.0,125.48,3434996.0
1469678400,2016-07-28,124.28,125.6,123.46,124.89,1286665.0
1469764800,2016-07-29,124.49,124.64,122.72,124.46,1498019.0
1470024000,2016-08-01,123.76,124.93,122.82,123.2,1628027.0
1470110400,2016-08-02,122.84,123.36,119.31,120.37,2387020.0
1470196800,2016-08-03,119.4,123.06,119.4,122.93,1001068.0
1470283200,2016-08-04,122.93,123.74,122.01,122.67,943353.0
1470369600,2016-08-05,123.06,123.48,121.88,122.27,593963.0
1470628800,2016-08-08,122.15,123.61,121.85,121.91,769917.0
1470715200,2016-08-09,122.21,122.3,121.07,121.22,757134.0
1470801600,2016-08-10,120.97,121.54,120.33,121.28,468704.0
1470888000,2016-08-11,121.52,122.24,121.12,121.85,447861.0
1470974400,2016-08-12,121.84,122.03,121.14,121.42,318778.0
1471233600,2016-08-15,121.97,122.25,121.09,121.36,503760.0
1471320000,2016-08-16,120.76,121.01,117.69,117.87,1096638.0
1471406400,2016-08-17,117.88,118.09,115.16,116.11,1346032.0
1471492800,2016-08-18,115.61,116.79,115.61,116.16,498428.0
1471579200,2016-08-19,115.57,116.63,114.8,116.54,564207.0
1471838400,2016-08-22,116.23,117.08,115.96,116.82,488093.0
1471924800,2016-08-23,117.21,118.13,116.68,116.72,453820.0
1472011200,2016-08-24,116.94,117.27,115.31,115.64,547634.0
1472097600,2016-08-25,115.24,116.53,114.87,115.41,503458.0
1472184000,2016-08-26,115.49,115.98,114.23,114.77,430500.0
1472443200,2016-08-29,114.62,116.64,114.51,116.44,594447.0
1472529600,2016-08-30,116.03,116.86,115.87,116.38,640590.0
1472616000,2016-08-31,115.97,116.42,115.04,115.9,443628.0
1472702400,2016-09-01,116.05,116.05,113.96,114.26,686804.0
1472788800,2016-09-02,114.91,116.3,114.63,116.07,639211.0
1473134400,2016-09-06,116.08,116.2,113.51,115.08,797548.0
1473220800,2016-09-07,115.07,118.84,114.79,117.51,1447350.0
1473307200,2016-09-08,117.33,117.33,116.32,116.88,703451.0
1473393600,2016-09-09,116.4,116.88,115.46,115.5,946955.0
1473652800,2016-09-12,114.82,118.05,114.25,117.7,992331.0
1473739200,2016-09-13,116.42,117.35,116.14,116.73,1020643.0
1473825600,2016-09-14,116.93,117.13,115.09,115.92,947864.0
1473912000,2016-09-15,115.41,117.63,115.0,117.32,657646.0
1473998400,2016-09-16,117.44,119.23,116.87,118.77,1540161.0
1474257600,2016-09-19,118.67,120.21,118.15,118.54,1180069.0
1474344000,2016-09-20,118.68,120.17,117.65,117.8,1051054.0
1474430400,2016-09-21,117.92,118.8,116.89,118.09,708677.0
1474516800,2016-09-22,118.38,119.66,118.31,119.48,877510.0
1474603200,2016-09-23,119.36,120.36,118.21,118.21,475074.0
1474862400,2016-09-26,117.65,117.65,115.94,116.42,1136018.0
1474948800,2016-09-27,116.13,117.7,116.13,117.05,770395.0
1475035200,2016-09-28,117.19,118.35,116.9,118.24,410553.0
1475121600,2016-09-29,118.03,118.77,116.94,117.49,797956.0
1475208000,2016-09-30,118.16,118.88,116.43,118.49,698287.0
1475467200,2016-10-03,118.12,118.12,115.42,116.13,1028467.0
1475553600,2016-10-04,116.4,116.86,115.66,116.26,690301.0
1475640000,2016-10-05,116.73,117.2,115.23,115.47,868340.0
1475726400,2016-10-06,115.33,115.82,114.57,115.38,1060878.0
1475812800,2016-10-07,115.65,115.91,114.82,115.55,897172.0
1476072000,2016-10-10,115.88,117.92,115.88,117.68,797981.0
1476158400,2016-10-11,117.39,117.72,115.38,116.44,737631.0
1476244800,2016-10-12,116.56,117.98,116.01,117.17,918607.0
1476331200,2016-10-13,116.64,120.42,116.56,119.89,1190789.0
1476417600,2016-10-14,120.39,120.54,118.57,118.63,999676.0
1476676800,2016-10-17,118.49,118.89,117.93,118.72,657109.0
1476763200,2016-10-18,119.96,121.44,119.41,121.02,869599.0
1476849600,2016-10-19,119.23,119.24,116.86,119.09,1155635.0
1476936000,2016-10-20,118.97,120.07,118.53,119.71,478862.0
1477022400,2016-10-21,118.42,119.06,117.62,118.82,414452.0
1477281600,2016-10-24,119.46,119.95,118.98,119.64,622467.0
1477368000,2016-10-25,119.4,120.46,116.89,116.93,947271.0
1477454400,2016-10-26,116.24,116.25,113.77,114.52,1427559.0
1477540800,2016-10-27,113.88,120.2,112.91,117.65,1754038.0
1477627200,2016-10-28,117.26,118.14,114.2,115.9,1758371.0
1477886400,2016-10-31,116.37,116.86,115.27,116.08,868497.0
1477972800,2016-11-01,116.56,116.71,114.43,115.67,900773.0
1478059200,2016-11-02,115.59,117.32,115.38,116.26,739928.0
1478145600,2016-11-03,116.52,118.08,113.85,114.1,677460.0
1478232000,2016-11-04,114.52,116.65,114.34,115.73,532440.0
1478494800,2016-11-07,117.82,121.45,117.8,120.1,1434541.0
1478581200,2016-11-08,119.71,124.25,119.17,123.15,993348.0
1478667600,2016-11-09,106.74,115.61,101.31,114.68,3671289.0
1478754000,2016-11-10,117.76,117.76,115.17,116.36,1538103.0
1478840400,2016-11-11,115.76,116.29,113.05,114.18,1217918.0
1479099600,2016-11-14,114.58,117.91,114.49,116.5,1085665.0
1479186000,2016-11-15,117.12,117.89,115.75,117.7,742816.0
1479272400,2016-11-16,116.96,117.92,114.6,115.49,913239.0
1479358800,2016-11-17,115.71,119.37,115.4,119.14,804716.0
1479445200,2016-11-18,119.05,120.51,117.63,117.95,681329.0
1479704400,2016-11-21,117.91,119.8,117.72,118.34,562647.0
1479790800,2016-11-22,118.38,118.74,116.14,116.63,678587.0
1479877200,2016-11-23,115.58,117.66,115.44,117.39,369517.0
1480050000,2016-11-25,117.81,118.72,117.72,118.44,191177.0
1480309200,2016-11-28,117.94,118.34,117.02,118.04,624935.0
1480395600,2016-11-29,117.61,119.08,117.39,118.55,436981.0
1480482000,2016-11-30,118.34,118.9,117.26,118.39,1047069.0
1480568400,2016-12-01,118.64,121.79,118.43,119.42,892181.0
1480654800,2016-12-02,119.94,123.26,118.76,119.96,1078789.0
1480914000,2016-12-05,120.28,120.95,117.71,120.09,987059.0
1481000400,2016-12-06,120.64,121.76,120.24,121.62,704616.0
1481086800,2016-12-07,122.1,123.13,105.58,107.17,5298205.0
1481173200,2016-12-08,112.08,112.08,105.27,108.25,6009237.0
1481259600,2016-12-09,108.25,108.86,105.14,107.86,2786274.0
1481518800,2016-12-12,108.27,108.75,106.57,107.77,1548710.0
1481605200,2016-12-13,108.16,108.21,103.81,104.89,2366855.0
1481691600,2016-12-14,103.13,103.82,95.97,97.73,7396408.0
1481778000,2016-12-15,98.66,104.81,98.29,104.49,3456926.0
1481864400,2016-12-16,104.61,105.67,102.64,103.05,2528188.0
1482123600,2016-12-19,102.79,103.79,101.72,102.63,1243397.0
1482210000,2016-12-20,103.07,103.4,102.23,102.37,796414.0
1482296400,2016-12-21,102.57,103.22,101.63,102.74,725509.0
1482382800,2016-12-22,102.83,103.73,102.11,102.8,802387.0
1482469200,2016-12-23,103.22,104.39,102.49,103.87,820396.0
1482814800,2016-12-27,104.04,104.92,102.79,103.14,414532.0
1482901200,2016-12-28,103.67,104.19,102.12,102.15,694992.0
1482987600,2016-12-29,102.09,102.99,101.13,102.4,616699.0
1483074000,2016-12-30,102.41,103.03,101.75,102.38,680530.0
1483419600,2017-01-03,102.79,103.8,101.26,102.7,1099833.0
1483506000,2017-01-04,103.29,105.09,102.35,104.72,1070745.0
1483592400,2017-01-05,104.09,105.33,103.2,104.68,1255033.0
1483678800,2017-01-06,104.96,105.2,103.66,104.43,768613.0
1483938000,2017-01-09,104.56,107.53,104.45,107.35,1190986.0
1484024400,2017-01-10,107.36,108.68,107.16,108.12,932905.0
1484110800,2017-01-11,107.91,108.55,106.47,107.91,484177.0
1484197200,2017-01-12,107.76,108.35,106.48,108.17,698635.0
1484283600,2017-01-13,107.82,108.75,107.63,108.43,493347.0
1484629200,2017-01-17,108.49,110.66,107.57,110.0,877631.0
1484715600,2017-01-18,110.32,110.32,108.81,109.33,520836.0
1484802000,2017-01-19,108.78,109.59,107.4,107.55,680026.0
1484888400,2017-01-20,107.73,108.72,107.58,108.51,503730.0
1485147600,2017-01-23,108.02,108.02,105.75,107.24,787955.0
1485234000,2017-01-24,107.59,108.14,106.69,108.01,464025.0
1485320400,2017-01-25,108.04,110.12,108.04,109.71,1158360.0
1485406800,2017-01-26,109.43,110.35,108.6,108.86,536802.0
1485493200,2017-01-27,109.29,109.29,107.94,108.68,466991.0
1485752400,2017-01-30,108.68,108.77,106.85,108.51,710180.0
1485838800,2017-01-31,108.8,109.14,107.29,108.4,829684.0
1485925200,2017-02-01,108.88,110.18,108.16,109.66,755987.0
1486011600,2017-02-02,109.38,109.58,108.13,108.51,657357.0
1486098000,2017-02-03,108.94,110.05,108.89,109.57,784573.0
1486357200,2017-02-06,109.82,110.22,108.58,108.66,382892.0
1486443600,2017-02-07,108.96,110.22,107.75,109.13,1085537.0
1486530000,2017-02-08,108.75,109.63,108.18,109.5,548728.0
1486616400,2017-02-09,109.39,111.91,109.39,111.9,830562.0
1486702800,2017-02-10,111.77,112.35,111.65,112.07,695489.0
1486962000,2017-02-13,112.48,113.53,112.24,113.45,755088.0
1487048400,2017-02-14,113.3,116.91,113.09,116.74,1556898.0
1487134800,2017-02-15,116.45,117.87,116.16,117.81,907820.0
1487221200,2017-02-16,117.59,118.1,116.77,117.54,726419.0
1487307600,2017-02-17,116.8,118.35,116.61,118.33,642572.0
1487653200,2017-02-21,118.47,120.33,118.47,119.96,805159.0
1487739600,2017-02-22,119.8,119.8,118.82,119.1,603521.0
1487826000,2017-02-23,119.37,120.09,119.15,119.87,361198.0
1487912400,2017-02-24,120.01,121.34,119.07,121.24,757382.0
1488171600,2017-02-27,120.88,122.3,120.39,121.98,696042.0
1488258000,2017-02-28,120.99,121.67,120.11,120.97,1103142.0
1488344400,2017-03-01,124.06,124.96,120.84,120.93,1584120.0
1488430800,2017-03-02,120.14,120.54,118.08,118.31,883404.0
1488517200,2017-03-03,118.51,120.98,118.33,120.95,833048.0
1488776400,2017-03-06,121.02,122.46,120.57,121.9,1140938.0
1488862800,2017-03-07,120.91,121.32,118.44,119.19,871451.0
1488949200,2017-03-08,119.33,120.21,118.87,119.25,542670.0
1489035600,2017-03-09,119.3,120.45,118.14,119.37,743212.0
1489122000,2017-03-10,119.26,119.52,116.81,117.33,975256.0
1489377600,2017-03-13,117.6,118.02,116.65,117.49,568926.0
1489464000,2017-03-14,116.3,116.7,114.91,115.63,833929.0
1489550400,2017-03-15,115.85,117.33,115.63,117.0,664078.0
1489636800,2017-03-16,117.27,117.27,114.84,116.25,477075.0
1489723200,2017-03-17,116.49,116.64,115.16,115.66,1005010.0
1489982400,2017-03-20,115.81,116.18,114.38,115.1,504075.0
1490068800,2017-03-21,115.22,115.85,113.46,113.72,764892.0
1490155200,2017-03-22,114.02,114.59,113.18,114.35,562946.0
1490241600,2017-03-23,114.4,115.82,114.14,114.45,663395.0
1490328000,2017-03-24,115.17,118.36,114.9,117.4,1490457.0
1490587200,2017-03-27,118.1,123.76,118.1,121.33,2241456.0
1490673600,2017-03-28,120.72,121.1,118.74,120.85,1565078.0
1490760000,2017-03-29,120.48,121.35,119.85,119.97,643338.0
1490846400,2017-03-30,119.58,121.6,119.22,121.03,611315.0
1490932800,2017-03-31,120.97,121.44,119.6,119.87,894183.0
1491192000,2017-04-03,120.07,120.74,119.42,120.46,622635.0
1491278400,2017-04-04,120.46,120.46,117.36,118.51,897842.0
1491364800,2017-04-05,119.07,121.83,118.7,119.09,674070.0
1491451200,2017-04-06,119.09,119.56,117.9,119.41,447432.0
1491537600,2017-04-07,119.26,119.28,118.11,118.72,374572.0
1491796800,2017-04-10,118.56,119.41,118.11,118.9,514512.0
1491883200,2017-04-11,118.26,118.86,116.22,118.34,751752.0
1491969600,2017-04-12,118.6,118.77,117.2,118.53,306632.0
1492056000,2017-04-13,118.74,118.74,117.19,117.32,433164.0
1492401600,2017-04-17,116.55,117.53,116.12,117.51,437710.0
1492488000,2017-04-18,117.12,117.51,112.93,115.47,1429209.0
1492574400,2017-04-19,115.9,116.53,115.53,115.67,538549.0
1492660800,2017-04-20,115.58,115.58,112.55,114.74,1219865.0
1492747200,2017-04-21,114.63,114.91,113.81,114.46,530582.0
1493006400,2017-04-24,115.79,116.65,115.3,116.45,610643.0
1493092800,2017-04-25,116.72,117.44,116.09,116.95,807666.0
1493179200,2017-04-26,116.08,118.86,112.01,114.11,1551423.0
1493265600,2017-04-27,114.29,114.95,113.54,113.86,704899.0
1493352000,2017-04-28,113.84,116.42,113.84,116.31,832677.0
1493611200,2017-05-01,116.27,116.93,115.48,116.0,634760.0
1493697600,2017-05-02,116.45,120.78,116.45,119.82,1084382.0
1493784000,2017-05-03,120.54,120.88,118.07,119.15,1217306.0
1493870400,2017-05-04,118.64,119.35,116.8,117.99,1713968.0
1493956800,2017-05-05,118.2,118.37,116.98,117.5,683203.0
1494216000,2017-05-08,117.49,118.17,116.32,116.85,652024.0
1494302400,2017-05-09,116.98,118.69,116.92,117.99,578032.0
1494388800,2017-05-10,117.94,119.42,117.88,119.06,451459.0
1494475200,2017-05-11,118.57,119.18,117.08,118.31,496246.0
1494561600,2017-05-12,118.2,118.42,116.91,117.78,304516.0
1494820800,2017-05-15,117.47,118.25,117.0,117.36,502739.0
1494907200,2017-05-16,118.04,118.25,116.37,116.41,298375.0
1494993600,2017-05-17,115.78,116.54,114.23,114.23,607064.0
1495080000,2017-05-18,114.29,114.92,113.92,114.06,634891.0
1495166400,2017-05-19,115.07,115.35,113.92,114.31,613380.0
1495425600,2017-05-22,114.1,115.76,114.1,115.46,455689.0
1495512000,2017-05-23,115.6,116.0,114.3,114.46,308836.0
1495598400,2017-05-24,112.83,113.31,110.76,111.78,1480047.0
1495684800,2017-05-25,112.27,113.6,111.95,112.99,609817.0
1495771200,2017-05-26,113.19,113.19,111.19,111.79,606974.0
1496116800,2017-05-30,111.82,112.05,110.96,110.99,570915.0
1496203200,2017-05-31,110.93,111.02,109.05,109.57,1015405.0
1496289600,2017-06-01,109.75,111.99,109.74,111.63,806742.0
1496376000,2017-06-02,111.94,112.41,109.55,110.04,743907.0
1496635200,2017-06-05,109.77,111.18,109.48,110.71,707080.0
1496721600,2017-06-06,110.72,110.86,109.31,109.41,532783.0
1496808000,2017-06-07,108.98,110.39,108.18,108.87,590311.0
1496894400,2017-06-08,108.84,109.18,106.52,108.29,1057544.0
1496980800,2017-06-09,108.04,109.59,107.82,109.35,608569.0
1497240000,2017-06-12,109.38,112.08,109.38,111.43,1034422.0
1497326400,2017-06-13,112.02,112.6,111.31,111.67,657659.0
1497412800,2017-06-14,111.83,112.79,111.39,112.68,471894.0
1497499200,2017-06-15,112.68,112.96,110.79,111.85,499675.0
1497585600,2017-06-16,111.97,112.16,110.52,110.93,1013775.0
1497844800,2017-06-19,110.83,111.79,109.86,111.36,1152208.0
1497931200,2017-06-20,110.15,111.47,109.9,110.02,648617.0
1498017600,2017-06-21,110.41,111.23,108.44,109.14,757600.0
1498104000,2017-06-22,109.15,112.34,108.86,111.06,875878.0
1498190400,2017-06-23,111.48,111.62,110.24,111.27,1321940.0
1498449600,2017-06-26,111.44,112.72,110.94,111.71,402981.0
1498536000,2017-06-27,111.7,114.52,111.7,113.79,957083.0
1498622400,2017-06-28,114.43,117.12,114.38,116.08,1017622.0
1498708800,2017-06-29,116.29,118.12,115.5,117.49,1172207.0
1498795200,2017-06-30,117.92,118.19,116.62,117.68,777167.0
1499054400,2017-07-03,117.94,118.03,117.08,117.16,335545.0
1499227200,2017-07-05,117.33,118.1,116.91,117.92,556373.0
1499313600,2017-07-06,117.26,117.4,115.05,115.43,558319.0
1499400000,2017-07-07,115.93,117.83,115.25,117.65,728542.0
1499659200,2017-07-10,117.41,117.72,116.23,117.37,529706.0
1499745600,2017-07-11,117.48,118.12,116.77,117.74,607476.0
1499832000,2017-07-12,118.43,119.0,117.79,118.39,767681.0
1499918400,2017-07-13,118.67,119.07,117.66,118.64,624236.0
1500004800,2017-07-14,118.52,119.78,116.66,119.69,448388.0
1500264000,2017-07-17,119.65,120.06,118.62,119.63,841475.0
1500350400,2017-07-18,119.97,120.15,118.19,119.02,551563.0
1500436800,2017-07-19,118.93,119.83,118.55,119.23,639167.0
1500523200,2017-07-20,119.28,121.56,119.18,120.5,1013217.0
1500609600,2017-07-21,120.33,120.6,119.54,119.94,463310.0
1500868800,2017-07-24,119.91,120.49,119.45,119.85,712563.0
1500955200,2017-07-25,118.96,119.75,116.36,118.48,1313453.0
1501041600,2017-07-26,114.56,114.56,107.17,108.82,3604166.0
1501128000,2017-07-27,107.9,108.38,105.77,106.39,1580996.0
1501214400,2017-07-28,106.38,108.07,105.75,107.49,1472502.0
1501473600,2017-07-31,107.75,107.75,105.33,106.84,1060097.0
1501560000,2017-08-01,106.89,108.61,106.89,107.18,1204766.0
1501646400,2017-08-02,106.88,107.05,104.52,104.73,1089887.0
1501732800,2017-08-03,104.59,105.37,103.88,104.48,904274.0
1501819200,2017-08-04,104.88,104.88,103.85,104.2,613453.0
1502078400,2017-08-07,104.13,104.48,103.19,103.39,783322.0
1502164800,2017-08-08,102.98,104.56,102.1,103.49,695696.0
1502251200,2017-08-09,103.74,103.76,102.12,103.0,1212923.0
1502337600,2017-08-10,102.65,102.98,101.15,101.58,1435107.0
1502424000,2017-08-11,101.97,104.42,101.37,103.72,942677.0
1502683200,2017-08-14,104.22,104.61,103.66,103.81,881475.0
1502769600,2017-08-15,104.42,104.82,103.71,104.35,688186.0
1502856000,2017-08-16,104.27,104.84,104.27,104.77,450756.0
1502942400,2017-08-17,104.29,105.28,102.83,103.32,1239844.0
1503028800,2017-08-18,103.14,105.09,102.73,104.1,790178.0
1503288000,2017-08-21,104.26,105.0,103.76,103.96,659115.0
1503374400,2017-08-22,104.02,104.71,103.55,104.57,435984.0
1503460800,2017-08-23,104.23,104.49,103.52,104.08,310875.0
1503547200,2017-08-24,104.44,105.42,104.05,104.71,363988.0
1503633600,2017-08-25,104.89,105.68,104.24,105.02,308261.0
1503892800,2017-08-28,105.25,105.84,104.66,105.14,927531.0
1503979200,2017-08-29,104.49,104.49,102.77,103.08,722061.0
1504065600,2017-08-30,103.08,103.47,102.17,102.8,828308.0
1504152000,2017-08-31,103.34,104.96,103.03,104.33,623239.0
1504238400,2017-09-01,104.42,105.54,104.0,105.27,856066.0
1504584000,2017-09-05,105.19,105.72,104.07,104.26,675075.0
1504670400,2017-09-06,104.77,104.77,102.78,103.7,594828.0
1504756800,2017-09-07,103.69,106.88,103.69,106.19,1263499.0
1504843200,2017-09-08,105.68,106.94,105.35,106.62,490019.0
1505102400,2017-09-11,107.53,108.81,106.56,108.64,930998.0
1505188800,2017-09-12,108.54,108.73,107.77,108.51,519732.0
1505275200,2017-09-13,108.52,108.65,107.35,107.64,341997.0
1505361600,2017-09-14,107.59,107.91,106.58,107.64,480338.0
1505448000,2017-09-15,107.64,107.77,106.29,106.79,889374.0
1505707200,2017-09-18,107.0,107.09,104.43,105.1,776827.0
1505793600,2017-09-19,105.11,105.21,103.07,104.2,728826.0
1505880000,2017-09-20,104.12,106.3,103.85,106.28,583848.0
1505966400,2017-09-21,106.38,106.38,104.47,104.62,567839.0
1506052800,2017-09-22,105.05,106.12,104.57,105.45,563589.0
1506312000,2017-09-25,105.09,106.12,103.81,104.1,638626.0
1506398400,2017-09-26,104.56,105.44,104.13,105.18,713669.0
1506484800,2017-09-27,105.46,106.22,104.5,105.93,688140.0
1506571200,2017-09-28,105.77,106.13,104.88,105.88,607583.0
1506657600,2017-09-29,105.69,107.24,105.69,107.05,686581.0
1506916800,2017-10-02,107.17,108.79,107.17,108.29,1108876.0
1507003200,2017-10-03,108.31,108.78,107.03,108.66,457693.0
1507089600,2017-10-04,108.94,109.99,107.78,108.17,679584.0
1507176000,2017-10-05,107.99,108.9,107.93,108.2,661267.0
1507262400,2017-10-06,107.87,108.62,106.08,106.27,753477.0
1507521600,2017-10-09,106.13,106.13,102.98,103.37,830497.0
1507608000,2017-10-10,103.63,104.68,101.86,102.84,755871.0
1507694400,2017-10-11,102.75,104.07,102.75,103.97,898592.0
1507780800,2017-10-12,103.68,103.72,101.53,102.2,1102732.0
1507867200,2017-10-13,98.66,102.36,97.71,101.85,1251325.0
1508126400,2017-10-16,101.57,102.35,101.12,101.89,1033974.0
1508212800,2017-10-17,102.41,105.27,101.81,104.65,1435661.0
1508299200,2017-10-18,104.82,106.47,104.61,104.71,843344.0
1508385600,2017-10-19,104.39,107.02,103.92,106.66,836362.0
1508472000,2017-10-20,107.18,109.09,106.54,108.89,1506038.0
1508731200,2017-10-23,109.1,109.86,108.72,109.0,492638.0
1508817600,2017-10-24,108.8,109.2,107.29,107.59,1204709.0
1508904000,2017-10-25,106.62,106.88,102.82,106.86,2156134.0
1508990400,2017-10-26,105.01,105.73,99.41,100.21,2863135.0
1509076800,2017-10-27,100.21,101.38,98.92,99.86,1306348.0
1509336000,2017-10-30,99.51,100.27,97.75,98.69,1281927.0
1509422400,2017-10-31,98.57,100.41,98.25,99.1,930797.0
1509508800,2017-11-01,98.85,99.49,97.24,98.54,1383479.0
1509595200,2017-11-02,98.09,99.82,98.09,98.81,1001422.0
1509681600,2017-11-03,99.21,99.21,97.86,98.04,685928.0
1509944400,2017-11-06,98.34,99.0,97.7,98.18,630947.0
1510030800,2017-11-07,98.41,99.29,97.12,97.5,613043.0
1510117200,2017-11-08,97.02,97.69,96.07,97.2,799228.0
1510203600,2017-11-09,97.06,97.58,95.61,96.29,1292696.0
1510290000,2017-11-10,95.82,96.15,93.44,94.28,1551828.0
1510549200,2017-11-13,93.95,95.28,92.23,94.33,1799021.0
1510635600,2017-11-14,93.96,94.16,92.63,93.6,1151409.0
1510722000,2017-11-15,93.12,93.31,91.92,92.41,1065256.0
1510808400,2017-11-16,93.11,95.2,93.1,94.93,1096839.0
1510894800,2017-11-17,94.79,95.27,93.76,93.81,719922.0
1511154000,2017-11-20,93.82,93.83,92.55,93.48,941793.0
1511240400,2017-11-21,93.68,95.48,92.85,95.3,909378.0
1511326800,2017-11-22,95.05,98.03,94.9,97.05,805976.0
1511499600,2017-11-24,96.82,97.06,95.59,96.95,396995.0
1511758800,2017-11-27,96.85,97.87,96.34,97.2,818012.0
1511845200,2017-11-28,97.54,98.91,96.84,98.74,598189.0
1511931600,2017-11-29,99.11,104.57,99.03,103.7,1825387.0
1512018000,2017-11-30,104.05,107.16,103.3,104.64,1746445.0
1512104400,2017-12-01,104.76,105.26,101.5,104.36,1100737.0
1512363600,2017-12-04,104.6,106.62,102.57,102.63,910385.0
1512450000,2017-12-05,102.47,103.27,100.48,102.33,1070250.0
1512536400,2017-12-06,102.07,104.2,101.67,103.98,1159970.0
1512622800,2017-12-07,103.92,107.71,103.34,106.57,1646663.0
1512709200,2017-12-08,106.72,107.83,106.05,107.74,1630699.0
1512968400,2017-12-11,108.2,108.74,106.85,107.18,1118322.0
1513054800,2017-12-12,109.11,110.22,108.04,108.59,1071521.0
1513141200,2017-12-13,108.83,111.05,107.91,109.98,1158281.0
1513227600,2017-12-14,110.02,110.96,108.95,109.07,1110455.0
1513314000,2017-12-15,109.69,110.32,108.82,109.56,1610691.0
1513573200,2017-12-18,109.78,110.86,108.71,109.25,923239.0
1513659600,2017-12-19,109.31,110.06,107.84,109.17,993726.0
1513746000,2017-12-20,109.1,109.17,107.54,108.92,705200.0
1513832400,2017-12-21,109.33,111.62,108.94,110.84,1229300.0
1513918800,2017-12-22,110.46,111.34,110.22,111.12,774484.0
1514264400,2017-12-26,111.32,112.23,109.87,110.47,662099.0
1514350800,2017-12-27,110.29,110.8,109.54,110.25,453225.0
1514437200,2017-12-28,110.76,110.97,109.95,110.46,318094.0
1514523600,2017-12-29,110.67,111.18,109.44,109.47,567756.0
1514869200,2018-01-02,110.25,111.76,109.47,111.65,924784.0
1514955600,2018-01-03,111.23,111.23,108.47,109.51,893190.0
1515042000,2018-01-04,110.25,110.25,108.32,108.93,759164.0
1515128400,2018-01-05,109.55,109.55,106.94,108.14,1257524.0
1515387600,2018-01-08,107.97,107.97,105.51,106.38,1603272.0
1515474000,2018-01-09,106.6,107.56,104.9,107.0,1299634.0
1515560400,2018-01-10,106.97,107.74,106.16,106.58,846031.0
1515646800,2018-01-11,106.69,111.04,106.69,111.0,1048418.0
1515733200,2018-01-12,111.07,112.82,110.89,112.66,2048975.0
1516078800,2018-01-16,112.67,113.0,111.3,112.44,673186.0
1516165200,2018-01-17,112.81,112.97,111.77,112.08,702227.0
1516251600,2018-01-18,112.69,113.39,111.66,113.31,870326.0
1516338000,2018-01-19,114.0,116.09,112.9,114.05,1899953.0
1516597200,2018-01-22,114.17,114.17,112.25,113.78,754497.0
1516683600,2018-01-23,113.88,114.08,111.86,113.24,451174.0
1516770000,2018-01-24,113.93,114.06,112.8,113.95,722915.0
1516856400,2018-01-25,114.56,115.19,113.45,115.05,384787.0
1516942800,2018-01-26,115.2,117.2,114.64,117.08,1165114.0
1517202000,2018-01-29,117.16,117.72,116.01,116.16,673116.0
1517288400,2018-01-30,115.62,121.51,113.69,118.34,948201.0
1517374800,2018-01-31,118.5,118.65,113.92,117.34,1232238.0
1517461200,2018-02-01,116.85,118.38,115.16,117.14,635493.0
1517547600,2018-02-02,116.3,117.14,114.3,115.22,681383.0
1517806800,2018-02-05,115.07,115.84,109.66,109.66,1102340.0
1517893200,2018-02-06,108.25,113.44,107.69,112.86,1115858.0
1517979600,2018-02-07,112.36,114.65,111.79,113.11,536797.0
1518066000,2018-02-08,112.98,115.3,110.94,110.94,722397.0
1518152400,2018-02-09,112.04,112.29,107.63,111.34,967107.0
1518411600,2018-02-12,111.66,112.76,110.04,111.66,486656.0
1518498000,2018-02-13,110.72,112.48,110.1,112.23,415746.0
1518584400,2018-02-14,111.68,113.55,110.92,112.85,785934.0
1518670800,2018-02-15,113.18,114.51,111.28,114.45,607683.0
1518757200,2018-02-16,113.93,115.02,113.42,113.87,600276.0
1519102800,2018-02-20,113.63,114.1,112.59,113.17,656195.0
1519189200,2018-02-21,113.35,114.29,111.45,111.52,713869.0
1519275600,2018-02-22,111.5,114.37,111.5,112.72,1215797.0
1519362000,2018-02-23,113.14,113.3,111.6,112.43,441733.0
1519621200,2018-02-26,112.42,113.37,110.55,112.73,687081.0
1519707600,2018-02-27,113.14,115.67,112.29,113.58,665612.0
1519794000,2018-02-28,113.7,114.59,110.31,110.39,1280190.0
1519880400,2018-03-01,111.66,115.75,109.87,112.15,1514495.0
1519966800,2018-03-02,112.05,121.24,112.04,119.71,2389752.0
1520226000,2018-03-05,119.81,119.86,117.68,119.72,1375273.0
1520312400,2018-03-06,120.12,121.73,119.53,120.78,1015650.0
1520398800,2018-03-07,119.8,122.65,119.52,121.99,810664.0
1520485200,2018-03-08,122.58,123.42,121.89,123.02,826803.0
1520571600,2018-03-09,123.39,123.56,121.94,122.43,761622.0
1520827200,2018-03-12,122.12,123.87,121.53,122.07,899392.0
1520913600,2018-03-13,122.57,122.57,119.6,119.76,901205.0
1521000000,2018-03-14,119.98,120.88,118.32,119.15,951424.0
1521086400,2018-03-15,119.6,121.8,119.26,119.7,782084.0
1521172800,2018-03-16,119.57,120.02,118.48,119.39,1145264.0
1521432000,2018-03-19,119.5,119.73,117.56,118.96,696879.0
1521518400,2018-03-20,119.45,119.61,118.01,118.8,753048.0
1521604800,2018-03-21,119.13,121.18,118.75,120.08,898465.0
1521691200,2018-03-22,119.58,121.99,118.88,118.93,628053.0
1521777600,2018-03-23,119.52,120.24,117.0,117.13,807318.0
1522036800,2018-03-26,118.05,118.13,114.3,116.22,1030730.0
1522123200,2018-03-27,117.0,117.84,115.76,116.42,824863.0
1522209600,2018-03-28,116.61,118.19,115.86,117.33,684977.0
1522296000,2018-03-29,117.34,117.41,113.9,114.46,1050846.0
1522641600,2018-04-02,114.46,115.38,111.64,112.5,813809.0
1522728000,2018-04-03,112.9,114.38,111.95,114.1,786471.0
1522814400,2018-04-04,113.22,115.62,113.14,115.37,1272211.0
1522900800,2018-04-05,115.82,118.52,115.43,117.61,637395.0
1522987200,2018-04-06,116.69,116.92,113.66,114.55,604620.0
1523246400,2018-04-09,114.77,116.59,114.71,115.17,520651.0
1523332800,2018-04-10,116.56,117.09,115.63,116.06,751347.0
1523419200,2018-04-11,115.06,116.21,114.76,115.1,716636.0
1523505600,2018-04-12,115.86,116.7,115.02,116.09,1067891.0
1523592000,2018-04-13,116.39,116.39,114.91,115.65,734225.0
1523851200,2018-04-16,116.4,116.96,115.4,116.53,503341.0
1523937600,2018-04-17,116.97,117.84,115.57,116.8,1536299.0
1524024000,2018-04-18,117.28,118.89,116.62,117.45,1420086.0
1524110400,2018-04-19,117.42,118.3,116.62,117.46,723211.0
1524196800,2018-04-20,117.66,118.05,116.21,116.5,849519.0
1524456000,2018-04-23,116.67,116.81,114.21,116.13,1026228.0
1524542400,2018-04-24,116.76,117.8,115.68,116.49,823157.0
1524628800,2018-04-25,116.49,118.07,114.84,117.97,799862.0
1524715200,2018-04-26,109.27,111.57,107.63,111.18,3098192.0
1524801600,2018-04-27,110.63,111.34,109.51,110.53,1338650.0
1525060800,2018-04-30,110.51,111.17,110.16,110.39,1156822.0
1525147200,2018-05-01,110.67,111.32,108.85,111.17,1266433.0
1525233600,2018-05-02,111.15,114.75,111.15,113.77,1282650.0
1525320000,2018-05-03,113.15,113.86,111.37,113.44,1396925.0
1525406400,2018-05-04,113.44,114.16,112.36,113.84,919173.0
1525665600,2018-05-07,113.97,114.47,113.14,113.46,574724.0
1525752000,2018-05-08,113.58,113.9,111.57,112.08,988604.0
1525838400,2018-05-09,111.8,113.4,111.37,113.36,868387.0
1525924800,2018-05-10,113.88,114.45,113.08,113.84,728697.0
1526011200,2018-05-11,113.69,114.81,113.32,114.41,783494.0
1526270400,2018-05-14,114.52,114.88,114.35,114.75,751661.0
1526356800,2018-05-15,114.31,114.52,113.17,113.49,1029323.0
1526443200,2018-05-16,113.75,115.29,113.43,114.53,374222.0
1526529600,2018-05-17,114.55,116.03,114.26,114.74,1361793.0
1526616000,2018-05-18,115.0,115.19,113.85,113.93,546616.0
1526875200,2018-05-21,114.68,115.68,114.33,114.78,995610.0
1526961600,2018-05-22,115.24,115.79,114.58,114.73,436298.0
1527048000,2018-05-23,114.39,114.58,111.47,112.64,1048255.0
1527134400,2018-05-24,112.58,112.9,111.36,112.08,757398.0
1527220800,2018-05-25,111.68,112.99,111.63,112.8,622658.0
1527566400,2018-05-29,112.13,112.42,111.09,111.75,851102.0
1527652800,2018-05-30,111.99,113.83,111.99,113.09,452156.0
1527739200,2018-05-31,113.2,113.2,110.74,111.24,1343065.0
1527825600,2018-06-01,111.78,111.79,110.25,110.44,727001.0
1528084800,2018-06-04,110.65,111.9,110.58,111.73,1395400.0
1528171200,2018-06-05,112.03,112.75,111.95,112.35,1069584.0
1528257600,2018-06-06,112.32,112.67,111.19,112.27,704689.0
1528344000,2018-06-07,112.6,113.05,112.09,112.75,1244280.0
1528430400,2018-06-08,112.73,113.22,110.6,111.55,906316.0
1528689600,2018-06-11,111.76,113.78,111.76,112.94,772659.0
1528776000,2018-06-12,113.17,113.57,111.83,112.24,1431842.0
1528862400,2018-06-13,112.71,113.53,111.23,111.43,1247449.0
1528948800,2018-06-14,111.59,112.08,110.75,110.86,1367750.0
1529035200,2018-06-15,110.54,111.94,110.35,111.72,1616015.0
1529294400,2018-06-18,111.26,112.01,110.99,111.41,922397.0
1529380800,2018-06-19,110.8,111.69,110.8,111.34,879975.0
1529467200,2018-06-20,111.66,113.12,111.35,112.62,939675.0
1529553600,2018-06-21,113.23,114.03,111.53,111.77,733331.0
1529640000,2018-06-22,111.9,111.96,111.16,111.27,928193.0
1529899200,2018-06-25,111.29,111.35,110.27,110.88,662599.0
1529985600,2018-06-26,110.7,111.15,110.65,110.84,429782.0
1530072000,2018-06-27,110.8,111.32,109.35,109.81,796128.0
1530158400,2018-06-28,109.27,109.35,108.14,108.49,1052995.0
1530244800,2018-06-29,108.14,108.81,107.02,107.82,1063403.0
1530504000,2018-07-02,107.72,107.72,105.81,107.37,752419.0
1530590400,2018-07-03,107.37,108.24,106.79,107.78,365205.0
1530763200,2018-07-05,108.04,108.33,107.49,107.76,1098557.0
1530849600,2018-07-06,107.87,108.95,107.42,108.44,869984.0
1531108800,2018-07-09,108.63,110.77,108.63,110.13,1046987.0
1531195200,2018-07-10,110.39,111.61,110.02,111.49,742524.0
1531281600,2018-07-11,111.37,111.74,110.78,111.1,478649.0
1531368000,2018-07-12,111.83,112.2,110.51,110.81,698315.0
1531454400,2018-07-13,110.96,111.67,110.72,111.01,711891.0
1531713600,2018-07-16,111.25,111.28,110.65,110.98,872011.0
1531800000,2018-07-17,110.88,111.55,110.3,111.23,449509.0
1531886400,2018-07-18,109.42,110.35,108.81,109.02,655673.0
1531972800,2018-07-19,108.76,109.97,108.04,109.1,636031.0
1532059200,2018-07-20,108.76,109.4,108.15,109.01,464959.0
1532318400,2018-07-23,110.64,112.86,109.73,111.74,1169109.0
1532404800,2018-07-24,111.51,111.65,110.47,110.61,1196412.0
1532491200,2018-07-25,111.59,114.7,110.61,114.28,1603552.0
1532577600,2018-07-26,114.62,122.39,113.34,120.86,2150929.0
1532664000,2018-07-27,121.21,121.53,119.22,120.92,1112388.0
1532923200,2018-07-30,120.91,122.28,120.72,120.9,851773.0
1533009600,2018-07-31,120.95,121.06,116.33,118.13,1243563.0
1533096000,2018-08-01,116.06,118.62,115.25,117.47,922981.0
1533182400,2018-08-02,117.06,118.78,116.75,118.62,690848.0
1533268800,2018-08-03,118.61,120.18,118.25,120.15,739261.0
1533528000,2018-08-06,119.79,121.18,119.26,120.32,723155.0
1533614400,2018-08-07,119.97,120.87,119.46,120.68,828447.0
1533700800,2018-08-08,121.07,121.39,118.69,118.85,455552.0
1533787200,2018-08-09,119.03,119.85,118.51,119.65,756724.0
1533873600,2018-08-10,119.05,120.64,119.05,120.36,743115.0
1534132800,2018-08-13,120.43,120.78,119.91,120.37,725104.0
1534219200,2018-08-14,120.93,121.64,119.98,121.04,633717.0
1534305600,2018-08-15,121.09,122.69,120.24,121.38,949513.0
1534392000,2018-08-16,121.45,122.26,120.94,121.29,720427.0
1534478400,2018-08-17,121.29,124.0,121.29,123.64,589970.0
1534737600,2018-08-20,123.53,123.98,122.67,123.15,495619.0
1534824000,2018-08-21,123.36,124.27,123.11,124.22,691166.0
1534910400,2018-08-22,124.18,125.11,123.78,124.78,563851.0
1534996800,2018-08-23,124.63,124.63,122.86,123.56,584919.0
1535083200,2018-08-24,123.57,124.39,123.31,123.93,436677.0
1535342400,2018-08-27,124.2,124.26,123.03,123.3,571891.0
1535428800,2018-08-28,123.14,123.62,122.87,123.28,532757.0
1535515200,2018-08-29,123.48,124.78,123.12,124.21,391972.0
1535601600,2018-08-30,123.87,125.22,123.03,125.04,647525.0
1535688000,2018-08-31,124.7,126.11,124.33,126.02,785068.0
1536033600,2018-09-04,125.86,126.04,123.85,124.07,894612.0
1536120000,2018-09-05,124.08,124.11,122.17,123.07,602838.0
1536206400,2018-09-06,123.27,123.5,121.72,122.69,637881.0
1536292800,2018-09-07,122.43,123.28,121.76,122.89,615893.0
1536552000,2018-09-10,123.25,123.25,121.16,121.4,695370.0
1536638400,2018-09-11,121.17,121.46,119.89,120.01,819615.0
1536724800,2018-09-12,120.05,120.45,119.14,120.1,713832.0
1536811200,2018-09-13,120.65,122.12,120.32,122.01,920167.0
1536897600,2018-09-14,122.16,123.08,121.76,121.86,550267.0
1537156800,2018-09-17,122.17,122.17,120.94,122.03,530770.0
1537243200,2018-09-18,124.44,128.42,123.55,123.71,1301975.0
1537329600,2018-09-19,123.36,123.45,122.03,122.14,650397.0
1537416000,2018-09-20,122.72,123.0,121.91,122.72,539025.0
1537502400,2018-09-21,122.77,124.02,122.31,122.71,1010297.0
1537761600,2018-09-24,122.67,123.06,121.38,122.97,453220.0
1537848000,2018-09-25,122.89,123.2,121.41,121.99,479314.0
1537934400,2018-09-26,121.99,123.28,120.85,122.34,657141.0
1538020800,2018-09-27,122.52,124.3,122.08,122.32,484609.0
1538107200,2018-09-28,121.99,123.86,121.66,123.78,984155.0
1538366400,2018-10-01,124.77,124.94,123.98,124.6,528607.0
1538452800,2018-10-02,124.72,124.73,121.31,121.51,624147.0
1538539200,2018-10-03,122.03,122.12,120.9,121.0,951305.0
1538625600,2018-10-04,120.95,121.88,120.79,121.13,440412.0
1538712000,2018-10-05,121.54,122.82,120.81,121.32,469797.0
1538971200,2018-10-08,121.11,122.7,120.4,122.32,401808.0
1539057600,2018-10-09,122.35,124.02,121.91,123.52,446909.0
1539144000,2018-10-10,123.76,124.74,121.79,121.86,949523.0
1539230400,2018-10-11,121.86,121.96,116.89,117.01,1016004.0
1539316800,2018-10-12,117.91,118.96,117.05,118.65,1020631.0
1539576000,2018-10-15,118.25,119.77,118.07,119.0,616723.0
1539662400,2018-10-16,119.28,121.0,118.02,120.66,653588.0
1539748800,2018-10-17,120.97,122.21,119.47,121.65,575654.0
1539835200,2018-10-18,122.04,124.1,121.62,122.36,985935.0
1539921600,2018-10-19,122.69,123.45,121.07,121.79,834034.0
1540180800,2018-10-22,121.91,123.21,120.93,122.18,1260553.0
1540267200,2018-10-23,120.71,121.92,118.03,121.56,1163637.0
1540353600,2018-10-24,121.13,122.94,118.03,118.14,752038.0
1540440000,2018-10-25,118.18,119.82,117.59,117.69,793700.0
1540526400,2018-10-26,117.1,119.55,111.39,111.94,1605229.0
1540785600,2018-10-29,112.27,115.32,112.26,114.98,1748310.0
1540872000,2018-10-30,115.28,117.21,113.38,117.0,1164121.0
1540958400,2018-10-31,117.42,118.85,117.22,117.7,1032711.0
1541044800,2018-11-01,118.56,120.23,117.96,119.57,653814.0
1541131200,2018-11-02,119.92,121.67,118.37,119.54,745448.0
1541394000,2018-11-05,119.82,120.95,119.07,120.16,470753.0
1541480400,2018-11-06,119.9,122.41,119.6,121.94,751188.0
1541566800,2018-11-07,122.96,125.61,122.78,125.38,729536.0
1541653200,2018-11-08,125.51,126.56,124.86,126.11,630327.0
1541739600,2018-11-09,125.98,127.83,125.98,127.31,636384.0
1541998800,2018-11-12,127.19,127.99,125.74,125.95,608807.0
1542085200,2018-11-13,126.59,126.69,122.38,123.79,737116.0
1542171600,2018-11-14,124.63,124.82,122.62,123.25,562365.0
1542258000,2018-11-15,122.36,124.93,121.23,123.94,932302.0
1542344400,2018-11-16,124.31,128.91,123.73,128.77,1329092.0
1542603600,2018-11-19,128.79,130.74,126.47,126.93,1316616.0
1542690000,2018-11-20,126.34,127.9,125.66,125.97,776123.0
1542776400,2018-11-21,125.97,127.73,125.71,126.53,835130.0
1542949200,2018-11-23,125.92,128.02,125.14,127.65,335096.0
1543208400,2018-11-26,128.6,129.79,127.23,128.05,706500.0
1543294800,2018-11-27,127.51,128.62,126.6,128.47,1166079.0
1543381200,2018-11-28,129.26,130.87,128.63,130.82,901076.0
1543467600,2018-11-29,130.27,134.43,130.04,133.48,785534.0
1543554000,2018-11-30,133.84,134.66,132.25,133.7,1728078.0
1543813200,2018-12-03,134.81,135.29,132.15,132.72,821521.0
1543899600,2018-12-04,132.74,134.17,129.14,130.41,1004184.0
1544072400,2018-12-06,129.42,129.42,123.71,127.55,1325948.0
1544158800,2018-12-07,127.16,127.78,121.79,122.3,1628799.0
1544418000,2018-12-10,122.46,123.96,118.82,123.36,944390.0
1544504400,2018-12-11,123.99,126.13,123.52,125.06,1005973.0
1544590800,2018-12-12,126.57,129.3,126.57,127.19,1484184.0
1544677200,2018-12-13,127.13,128.3,125.74,127.87,760618.0
1544763600,2018-12-14,125.63,126.12,116.6,117.39,1496796.0
1545022800,2018-12-17,114.82,116.49,111.78,114.81,2002431.0
1545109200,2018-12-18,116.37,118.95,115.35,115.98,1074470.0
1545195600,2018-12-19,116.26,116.48,111.85,112.45,1263646.0
1545282000,2018-12-20,111.68,113.98,111.34,111.78,1221992.0
1545368400,2018-12-21,112.01,113.79,110.42,110.96,2095402.0
1545627600,2018-12-24,110.33,111.41,109.34,109.9,411730.0
1545800400,2018-12-26,110.15,113.92,109.29,113.78,1032924.0
1545886800,2018-12-27,112.38,113.08,109.28,113.07,903614.0
1545973200,2018-12-28,113.23,113.92,112.2,112.59,718944.0
1546232400,2018-12-31,113.23,113.75,111.61,112.94,700897.0
1546405200,2019-01-02,111.72,114.02,111.28,113.79,799449.0
1546491600,2019-01-03,114.1,115.68,112.1,112.38,890795.0
1546578000,2019-01-04,113.65,114.95,112.79,114.88,1103746.0
1546837200,2019-01-07,114.88,115.66,114.0,114.62,1386808.0
1546923600,2019-01-08,116.12,118.29,115.22,118.21,887987.0
1547010000,2019-01-09,118.97,121.11,118.47,120.45,747483.0
1547096400,2019-01-10,120.24,121.96,119.49,121.76,646702.0
1547182800,2019-01-11,121.34,122.52,120.92,121.82,992706.0
1547442000,2019-01-14,121.17,123.81,120.57,121.36,1179346.0
1547528400,2019-01-15,121.21,123.72,120.64,123.08,746446.0
1547614800,2019-01-16,123.47,127.05,122.36,125.61,1049441.0
1547701200,2019-01-17,125.15,127.05,124.96,126.46,748533.0
1547787600,2019-01-18,127.03,128.14,126.38,127.87,615090.0
1548133200,2019-01-22,126.94,126.94,124.73,126.55,675716.0
1548219600,2019-01-23,126.99,128.24,125.18,126.39,992649.0
1548306000,2019-01-24,126.37,126.69,125.3,125.8,601434.0
1548392400,2019-01-25,126.77,127.68,126.04,127.06,440843.0
1548651600,2019-01-28,126.49,126.58,125.11,126.38,560739.0
1548738000,2019-01-29,127.22,128.66,126.62,128.44,463496.0
1548824400,2019-01-30,128.61,129.44,127.99,128.89,760262.0
1548910800,2019-01-31,128.79,129.49,128.23,128.41,668785.0
1548997200,2019-02-01,128.61,131.45,127.96,131.32,794271.0
1549256400,2019-02-04,131.01,131.16,129.72,130.49,568458.0
1549342800,2019-02-05,130.85,132.27,130.17,130.72,707107.0
1549429200,2019-02-06,130.26,131.12,129.63,130.86,487661.0
1549515600,2019-02-07,130.5,131.02,128.69,128.81,782382.0
1549602000,2019-02-08,128.38,128.41,125.53,127.4,778020.0
1549861200,2019-02-11,127.49,128.9,126.62,128.58,503804.0
1549947600,2019-02-12,128.99,129.73,128.33,129.21,545719.0
1550034000,2019-02-13,129.86,130.4,128.99,129.94,649339.0
1550120400,2019-02-14,129.34,130.22,128.02,129.57,733071.0
1550206800,2019-02-15,130.6,131.68,130.18,131.32,762868.0
1550552400,2019-02-19,130.75,131.57,130.31,131.07,691392.0
1550638800,2019-02-20,130.98,131.03,130.06,130.15,505630.0
1550725200,2019-02-21,130.6,130.82,129.64,130.37,568692.0
1550811600,2019-02-22,130.73,132.28,130.3,131.81,1085597.0
1551070800,2019-02-25,132.2,132.93,130.19,130.22,812747.0
1551157200,2019-02-26,130.72,131.11,129.36,129.48,676501.0
1551243600,2019-02-27,129.23,130.19,127.37,129.12,730084.0
1551330000,2019-02-28,129.42,137.11,129.42,134.61,1605068.0
1551416400,2019-03-01,136.07,137.89,135.11,136.52,868173.0
1551675600,2019-03-04,134.67,135.12,131.96,133.07,1032028.0
1551762000,2019-03-05,134.03,134.46,132.01,133.06,860091.0
1551848400,2019-03-06,133.06,133.33,128.72,128.79,846949.0
1551934800,2019-03-07,128.57,129.5,124.96,125.59,1215066.0
1552021200,2019-03-08,124.89,125.34,123.8,125.27,850847.0
1552276800,2019-03-11,125.97,126.66,124.52,125.76,787974.0
1552363200,2019-03-12,126.23,127.75,125.64,127.11,652865.0
1552449600,2019-03-13,127.72,129.29,126.84,128.66,795650.0
1552536000,2019-03-14,128.93,130.81,128.58,130.05,631628.0
1552622400,2019-03-15,129.95,130.77,129.72,130.16,1020002.0
1552881600,2019-03-18,130.37,131.8,130.37,131.71,634738.0
1552968000,2019-03-19,131.98,132.43,130.82,131.32,1112991.0
1553054400,2019-03-20,131.32,131.71,129.54,129.95,463083.0
1553140800,2019-03-21,128.86,132.82,128.42,132.42,424734.0
1553227200,2019-03-22,131.29,132.75,131.19,131.2,641644.0
1553486400,2019-03-25,130.71,131.29,129.82,130.29,631670.0
1553572800,2019-03-26,130.51,131.42,129.44,130.07,651614.0
1553659200,2019-03-27,129.63,130.48,128.07,128.74,492335.0
1553745600,2019-03-28,129.03,129.6,128.64,129.45,506502.0
1553832000,2019-03-29,130.29,130.34,129.11,129.71,1027825.0
1554091200,2019-04-01,130.79,131.47,130.42,130.66,869173.0
1554177600,2019-04-02,130.33,130.74,128.97,129.69,513866.0
1554264000,2019-04-03,130.54,131.03,129.53,130.17,642506.0
1554350400,2019-04-04,130.43,130.84,129.58,129.9,457441.0
1554436800,2019-04-05,130.3,130.92,130.25,130.63,707953.0
1554696000,2019-04-08,130.85,130.9,128.7,128.96,607213.0
1554782400,2019-04-09,128.3,129.91,128.17,129.78,657806.0
1554868800,2019-04-10,129.89,131.08,129.78,130.4,868784.0
1554955200,2019-04-11,131.03,131.07,128.27,128.4,452809.0
1555041600,2019-04-12,129.26,130.19,128.2,128.77,817666.0
1555300800,2019-04-15,128.75,129.19,128.09,128.71,493939.0
1555387200,2019-04-16,129.82,129.82,121.62,122.49,1451850.0
1555473600,2019-04-17,122.66,122.7,117.23,118.93,1355337.0
1555560000,2019-04-18,118.96,120.9,117.85,120.73,1365221.0
1555905600,2019-04-22,120.66,121.97,118.25,119.17,1192245.0
1555992000,2019-04-23,119.44,125.57,119.1,124.19,1182584.0
1556078400,2019-04-24,124.11,129.28,124.11,126.35,1984200.0
1556164800,2019-04-25,125.66,128.87,124.63,127.7,938071.0
1556251200,2019-04-26,124.88,125.53,120.04,125.3,1535621.0
1556510400,2019-04-29,124.55,125.37,121.2,123.35,909500.0
1556596800,2019-04-30,123.78,124.16,121.34,123.02,1084275.0
1556683200,2019-05-01,122.95,123.53,120.84,120.96,986538.0
1556769600,2019-05-02,120.54,120.73,119.27,120.23,1295075.0
1556856000,2019-05-03,120.84,121.15,118.9,119.26,1189711.0
1557115200,2019-05-06,117.59,121.42,117.54,120.71,1043177.0
1557201600,2019-05-07,120.45,121.29,118.25,119.22,833642.0
1557288000,2019-05-08,118.81,119.43,117.52,118.31,728523.0
1557374400,2019-05-09,117.92,119.59,117.56,119.16,867805.0
1557460800,2019-05-10,119.4,120.21,116.35,119.06,748081.0
1557720000,2019-05-13,117.08,118.46,116.51,118.14,688104.0
1557806400,2019-05-14,118.29,119.71,117.8,118.82,695404.0
1557892800,2019-05-15,118.1,119.12,116.77,118.16,594579.0
1557979200,2019-05-16,118.29,119.87,117.69,118.0,586144.0
1558065600,2019-05-17,117.05,119.5,116.85,118.18,576524.0
1558324800,2019-05-20,117.53,119.76,117.1,119.51,535483.0
1558411200,2019-05-21,119.65,122.02,119.41,121.02,736084.0
1558497600,2019-05-22,120.78,121.75,120.32,121.63,860464.0
1558584000,2019-05-23,120.88,120.99,118.21,119.22,755645.0
1558670400,2019-05-24,118.72,120.0,118.37,119.35,580403.0
1559016000,2019-05-28,119.1,120.12,118.72,118.77,897795.0
1559102400,2019-05-29,118.27,118.27,115.64,115.95,748814.0
1559188800,2019-05-30,116.0,117.21,115.41,116.44,535366.0
1559275200,2019-05-31,115.82,116.71,114.29,116.02,709447.0
1559534400,2019-06-03,116.02,118.19,115.63,117.87,749171.0
1559620800,2019-06-04,118.93,120.58,118.32,118.79,814192.0
1559707200,2019-06-05,118.93,120.58,118.32,118.79,814192.0
1559793600,2019-06-06,117.92,118.63,117.23,117.53,1338478.0
1559880000,2019-06-07,117.92,120.16,117.36,120.05,921995.0
1560139200,2019-06-10,120.67,121.35,119.91,119.93,597548.0
1560225600,2019-06-11,120.5,120.5,117.88,119.36,543340.0
1560312000,2019-06-12,119.33,120.29,118.13,120.25,576519.0
1560398400,2019-06-13,120.13,120.76,119.14,120.29,372696.0
1560484800,2019-06-14,120.37,120.89,119.11,119.12,551221.0
1560744000,2019-06-17,119.69,119.86,118.57,119.77,579484.0
1560830400,2019-06-18,120.12,121.43,119.08,120.27,543646.0
1560916800,2019-06-19,120.51,121.72,119.18,121.58,470733.0
1561003200,2019-06-20,122.09,122.88,119.18,120.68,999911.0
1561089600,2019-06-21,120.68,121.83,119.35,121.6,1054527.0
1561348800,2019-06-24,121.81,122.81,120.82,122.71,698132.0
1561435200,2019-06-25,122.85,125.72,122.42,124.84,843511.0
1561521600,2019-06-26,125.06,125.71,122.37,123.31,620048.0
1561608000,2019-06-27,123.9,124.56,123.08,124.36,488687.0
1561694400,2019-06-28,124.56,126.53,123.63,126.53,1510098.0
1561953600,2019-07-01,127.29,127.83,124.89,126.22,689387.0
1562040000,2019-07-02,126.45,126.85,125.24,126.16,551540.0
1562126400,2019-07-03,126.15,127.31,125.44,127.21,423053.0
1562299200,2019-07-05,126.65,127.71,126.11,127.5,383885.0
1562558400,2019-07-08,127.35,127.89,126.34,127.82,633661.0
1562644800,2019-07-09,126.96,128.18,123.97,125.08,614631.0
1562731200,2019-07-10,125.11,126.57,124.59,125.83,355148.0
1562817600,2019-07-11,127.24,128.67,125.68,127.36,393061.0
1562904000,2019-07-12,127.01,129.25,126.43,128.97,451911.0
1563163200,2019-07-15,128.97,130.15,128.04,129.81,502826.0
1563249600,2019-07-16,130.03,130.52,129.48,130.01,496130.0
1563336000,2019-07-17,129.78,130.06,128.76,128.95,378613.0
1563422400,2019-07-18,128.95,129.71,127.58,129.24,479547.0
1563508800,2019-07-19,129.27,129.27,128.01,128.71,601718.0
1563768000,2019-07-22,128.73,129.7,128.28,128.75,448900.0
1563854400,2019-07-23,128.81,129.81,127.31,129.76,398791.0
1563940800,2019-07-24,129.88,133.24,128.61,132.95,1159106.0
1564027200,2019-07-25,132.72,133.46,131.47,132.92,1048306.0
1564113600,2019-07-26,141.3,153.12,141.3,147.4,3092679.0
1564372800,2019-07-29,145.29,148.95,141.87,148.14,1435405.0
1564459200,2019-07-30,145.58,148.65,142.51,148.35,1002827.0
1564545600,2019-07-31,148.26,148.7,144.62,146.4,907880.0
1564632000,2019-08-01,146.63,147.49,141.18,142.81,950701.0
1564718400,2019-08-02,142.37,143.04,141.25,142.12,872892.0
1564977600,2019-08-05,140.75,141.64,138.12,139.1,747599.0
1565064000,2019-08-06,140.09,142.26,138.77,142.06,864645.0
1565150400,2019-08-07,141.73,142.8,139.57,141.82,817141.0
1565236800,2019-08-08,142.48,143.32,141.06,142.13,607247.0
1565323200,2019-08-09,142.16,143.31,141.24,142.6,422442.0
1565582400,2019-08-12,142.66,143.02,140.95,141.82,251588.0
1565668800,2019-08-13,142.78,145.79,141.91,144.57,570629.0
1565755200,2019-08-14,143.12,143.16,140.12,141.52,744321.0
1565841600,2019-08-15,141.69,142.29,140.93,141.07,454946.0
1565928000,2019-08-16,141.65,143.69,141.01,142.99,575003.0
1566187200,2019-08-19,144.42,144.71,142.8,143.82,379102.0
1566273600,2019-08-20,143.17,143.61,141.18,141.33,718562.0
1566360000,2019-08-21,142.42,142.96,140.96,142.79,496146.0
1566446400,2019-08-22,142.82,143.5,141.59,141.63,483663.0
1566532800,2019-08-23,140.91,142.75,138.52,139.24,772331.0
1566792000,2019-08-26,140.21,140.53,138.29,139.97,562007.0
1566878400,2019-08-27,140.61,140.71,136.47,136.52,582019.0
1566964800,2019-08-28,135.88,138.4,135.74,138.38,641189.0
1567051200,2019-08-29,139.51,141.28,138.76,139.98,669534.0
1567137600,2019-08-30,141.11,141.2,139.76,140.5,708852.0
1567483200,2019-09-03,139.56,141.92,139.27,141.79,548963.0
1567569600,2019-09-04,143.02,143.68,140.95,142.13,390164.0
1567656000,2019-09-05,143.82,144.23,140.65,141.04,1068748.0
1567742400,2019-09-06,141.72,144.41,140.9,144.08,768040.0
1568001600,2019-09-09,144.13,146.23,142.51,145.3,815766.0
1568088000,2019-09-10,145.24,151.25,144.99,150.98,1384665.0
1568174400,2019-09-11,150.23,152.63,149.04,150.73,1263185.0
1568260800,2019-09-12,151.11,151.68,148.33,148.64,906988.0
1568347200,2019-09-13,149.32,152.5,147.41,148.22,730253.0
1568606400,2019-09-16,147.36,149.76,146.79,149.55,699551.0
1568692800,2019-09-17,149.3,149.3,146.11,147.58,881010.0
1568779200,2019-09-18,147.46,149.05,146.12,147.7,775536.0
1568865600,2019-09-19,147.53,148.94,145.73,145.78,929499.0
1568952000,2019-09-20,146.21,147.38,145.02,145.88,1511013.0
1569211200,2019-09-23,145.04,146.58,144.48,145.74,758608.0
1569297600,2019-09-24,144.63,146.05,143.31,144.26,1064029.0
1569384000,2019-09-25,144.26,144.95,142.75,143.19,1113155.0
1569470400,2019-09-26,143.66,144.19,141.68,142.42,1088536.0
1569556800,2019-09-27,143.11,144.09,142.2,142.69,573472.0
1569816000,2019-09-30,142.91,145.29,142.74,144.55,731405.0
1569902400,2019-10-01,144.27,146.91,142.32,142.96,575028.0
1569988800,2019-10-02,142.11,142.87,141.03,142.1,703931.0
1570075200,2019-10-03,141.99,142.5,140.65,141.27,824759.0
1570161600,2019-10-04,141.98,142.7,140.28,142.01,628299.0
1570420800,2019-10-07,141.69,142.43,140.62,140.98,823485.0
1570507200,2019-10-08,140.31,140.62,138.69,139.16,757410.0
1570593600,2019-10-09,140.11,141.48,139.87,141.02,406498.0
1570680000,2019-10-10,140.74,142.26,140.36,141.71,425648.0
1570766400,2019-10-11,142.55,144.81,141.95,142.01,385597.0
1571025600,2019-10-14,141.44,141.75,139.9,139.93,365680.0
1571112000,2019-10-15,140.73,142.19,140.68,141.15,769908.0
1571198400,2019-10-16,141.34,143.16,140.26,140.64,659717.0
1571284800,2019-10-17,141.21,142.56,140.82,142.17,728542.0
1571371200,2019-10-18,141.24,142.15,139.45,141.97,687692.0
1571630400,2019-10-21,142.55,142.83,141.21,141.22,693177.0
1571716800,2019-10-22,141.8,143.34,141.12,142.25,582338.0
1571803200,2019-10-23,142.44,142.81,139.99,140.48,777303.0
1571889600,2019-10-24,141.08,141.16,139.18,140.62,1021159.0
1571976000,2019-10-25,134.06,138.67,127.09,134.04,1469800.0
1572235200,2019-10-28,133.81,136.19,133.71,134.18,809321.0
1572321600,2019-10-29,134.98,136.03,134.27,134.89,892529.0
1572408000,2019-10-30,134.37,135.34,132.04,135.14,860124.0
1572494400,2019-10-31,135.13,135.26,132.61,133.58,749631.0
1572580800,2019-11-01,134.62,135.95,134.33,134.83,593272.0
1572843600,2019-11-04,135.2,136.05,134.6,135.59,455204.0
1572930000,2019-11-05,136.4,137.31,135.57,135.91,1055005.0
1573016400,2019-11-06,136.17,136.37,134.86,135.97,652795.0
1573102800,2019-11-07,136.98,137.83,135.33,135.73,383821.0
1573189200,2019-11-08,135.8,137.56,135.76,137.15,437230.0
1573448400,2019-11-11,136.34,137.57,135.18,135.31,387449.0
1573534800,2019-11-12,135.14,136.94,134.63,136.6,812214.0
1573621200,2019-11-13,136.11,137.95,135.89,137.56,594275.0
1573707600,2019-11-14,137.71,138.5,136.57,137.2,481859.0
1573794000,2019-11-15,136.58,141.18,136.03,140.2,840779.0
1574053200,2019-11-18,139.76,141.12,137.54,137.76,928044.0
1574139600,2019-11-19,137.92,138.63,137.19,137.79,573559.0
1574226000,2019-11-20,137.29,137.92,136.13,136.53,694233.0
1574312400,2019-11-21,136.82,138.02,136.43,136.62,771837.0
1574398800,2019-11-22,136.69,137.73,135.17,135.39,723339.0
1574658000,2019-11-25,136.37,138.21,135.81,137.33,731798.0
1574744400,2019-11-26,137.75,137.75,134.67,135.82,1165314.0
1574830800,2019-11-27,136.62,137.35,135.97,136.33,356334.0
1575003600,2019-11-29,135.51,136.07,134.82,135.55,295266.0
1575262800,2019-12-02,136.09,136.86,135.56,135.87,432898.0
1575349200,2019-12-03,134.87,136.78,134.15,136.37,502496.0
1575435600,2019-12-04,136.5,137.75,136.21,137.23,581854.0
1575522000,2019-12-05,137.29,138.42,136.8,138.03,907510.0
1575608400,2019-12-06,139.0,140.92,138.75,140.83,715361.0
1575867600,2019-12-09,140.66,140.88,139.64,139.86,530443.0
1575954000,2019-12-10,139.97,140.93,139.23,140.7,772973.0
1576040400,2019-12-11,140.76,141.02,139.48,140.82,403935.0
1576126800,2019-12-12,141.03,142.73,139.58,142.34,681308.0
1576213200,2019-12-13,142.15,142.79,139.99,140.47,394062.0
1576472400,2019-12-16,140.86,141.04,137.41,137.87,1340953.0
1576558800,2019-12-17,136.63,138.57,135.86,137.72,1172367.0
1576645200,2019-12-18,137.93,139.61,137.75,137.85,696890.0
1576731600,2019-12-19,138.58,140.47,138.06,140.16,814031.0
1576818000,2019-12-20,140.79,142.38,140.43,140.44,1402939.0
1577077200,2019-12-23,141.1,141.1,138.33,139.93,411244.0
1577163600,2019-12-24,139.56,139.66,138.8,139.47,154748.0
1577336400,2019-12-26,139.59,140.1,138.68,139.01,196282.0
1577422800,2019-12-27,139.01,139.65,138.61,139.5,218091.0
1577682000,2019-12-30,140.03,140.11,138.25,138.82,243166.0
1577768400,2019-12-31,138.67,139.65,138.67,139.61,300535.0
1577941200,2020-01-02,140.39,140.39,137.22,138.49,557186.0
1578027600,2020-01-03,136.98,138.35,136.34,138.16,309020.0
1578286800,2020-01-06,137.32,138.6,136.94,138.05,575648.0
1578373200,2020-01-07,137.44,139.11,136.92,138.61,793820.0
1578459600,2020-01-08,138.83,141.52,138.45,141.19,1084411.0
1578546000,2020-01-09,141.42,142.09,140.04,140.46,467926.0
1578632400,2020-01-10,140.87,142.47,140.86,142.13,702434.0
1578891600,2020-01-13,142.48,143.2,140.49,140.99,537906.0
1578978000,2020-01-14,140.36,141.58,139.87,141.55,550161.0
1579064400,2020-01-15,141.22,142.04,140.1,140.43,509954.0
1579150800,2020-01-16,141.07,141.3,139.88,140.08,507415.0
1579237200,2020-01-17,140.58,142.03,140.32,141.14,927851.0
1579582800,2020-01-21,141.38,141.38,140.07,141.1,1088147.0
1579669200,2020-01-22,141.6,142.26,140.02,141.67,732831.0
1579755600,2020-01-23,141.53,143.91,140.82,143.81,478141.0
1579842000,2020-01-24,143.94,144.01,141.82,143.31,818601.0
1580101200,2020-01-27,141.66,142.71,140.48,141.09,507571.0
1580187600,2020-01-28,142.47,144.29,141.14,141.32,644077.0
1580274000,2020-01-29,141.99,142.19,140.01,140.04,337744.0
1580360400,2020-01-30,139.44,139.81,136.46,137.15,624836.0
1580446800,2020-01-31,136.49,136.5,133.06,133.43,835682.0
1580706000,2020-02-03,134.28,136.01,133.35,133.58,648891.0
1580792400,2020-02-04,134.92,136.98,134.28,134.77,609383.0
1580878800,2020-02-05,135.77,139.4,135.5,138.19,638963.0
1580965200,2020-02-06,138.82,139.82,137.17,137.29,707332.0
1581051600,2020-02-07,137.21,137.71,134.24,134.42,736824.0
1581310800,2020-02-10,134.27,135.93,133.86,135.86,521398.0
1581397200,2020-02-11,136.25,137.96,136.12,137.88,318358.0
1581483600,2020-02-12,138.45,139.19,136.48,136.54,412361.0
1581570000,2020-02-13,136.06,138.12,136.06,137.7,550843.0
1581656400,2020-02-14,137.89,137.89,135.82,136.17,578804.0
1582002000,2020-02-18,136.21,136.89,134.09,135.36,568470.0
1582088400,2020-02-19,135.8,136.01,134.59,135.3,523905.0
1582174800,2020-02-20,135.39,136.5,134.02,136.27,623676.0
1582261200,2020-02-21,135.94,139.16,135.94,138.89,532827.0
1582520400,2020-02-24,136.47,138.39,135.6,137.44,1136323.0
1582606800,2020-02-25,137.98,138.84,131.71,131.84,1008177.0
1582693200,2020-02-26,132.58,134.2,130.92,131.58,1158122.0
1582779600,2020-02-27,130.53,130.53,122.89,124.8,1891602.0
1582866000,2020-02-28,121.65,122.93,118.32,120.61,1631987.0
1583125200,2020-03-02,121.26,129.18,120.2,128.49,1202834.0
1583211600,2020-03-03,127.92,131.27,121.57,122.17,1187398.0
1583298000,2020-03-04,126.32,129.22,125.43,128.38,1227730.0
1583384400,2020-03-05,124.41,125.79,121.5,124.35,959624.0
1583470800,2020-03-06,120.23,123.4,118.89,122.79,1161374.0
1583726400,2020-03-09,117.91,117.91,110.23,111.69,1137254.0
1583812800,2020-03-10,114.66,116.94,110.98,116.54,990500.0
1583899200,2020-03-11,113.53,113.59,105.08,107.36,910040.0
1583985600,2020-03-12,99.76,101.91,95.54,97.28,1734641.0
1584072000,2020-03-13,102.58,103.29,95.11,102.43,1167332.0
1584331200,2020-03-16,92.14,94.59,79.62,79.64,1165658.0
1584417600,2020-03-17,81.34,82.73,75.52,78.72,1689649.0
1584504000,2020-03-18,73.36,73.38,64.34,65.98,1802067.0
1584590400,2020-03-19,64.99,83.5,63.55,82.7,2351570.0
1584676800,2020-03-20,84.56,88.17,71.69,73.51,2007472.0
1584936000,2020-03-23,73.27,79.16,69.23,70.02,1824523.0
1585022400,2020-03-24,74.92,76.94,71.28,76.18,2036585.0
1585108800,2020-03-25,76.99,91.15,74.38,85.73,2234301.0
1585195200,2020-03-26,87.68,95.49,84.85,89.52,1884545.0
1585281600,2020-03-27,86.7,89.8,84.04,86.74,1495370.0
1585540800,2020-03-30,86.95,97.87,86.44,97.6,1520677.0
1585627200,2020-03-31,99.63,100.05,93.86,96.58,1633223.0
1585713600,2020-04-01,91.54,93.36,84.24,85.7,1100828.0
1585800000,2020-04-02,83.27,92.26,82.72,86.47,1056862.0
1585886400,2020-04-03,86.07,87.48,81.18,83.22,652335.0
1586145600,2020-04-06,87.59,94.93,87.02,94.06,1032664.0
1586232000,2020-04-07,99.31,101.43,95.25,95.9,856719.0
1586318400,2020-04-08,97.15,107.28,97.15,104.29,947542.0
1586404800,2020-04-09,105.27,107.79,100.85,101.87,848023.0
1586750400,2020-04-13,100.41,101.49,95.92,98.17,743249.0
1586836800,2020-04-14,100.4,105.0,99.9,104.83,629044.0
1586923200,2020-04-15,99.73,102.05,98.91,100.48,748971.0
1587009600,2020-04-16,100.5,101.26,96.49,99.1,544577.0
1587096000,2020-04-17,102.74,105.73,101.93,105.07,666694.0
1587355200,2020-04-20,102.4,103.49,99.68,100.09,731995.0
1587441600,2020-04-21,96.79,100.7,95.09,95.31,754747.0
1587528000,2020-04-22,97.78,99.47,95.51,95.62,716242.0
1587614400,2020-04-23,96.51,100.66,95.52,98.64,537017.0
1587700800,2020-04-24,99.45,100.4,96.93,99.08,578624.0
1587960000,2020-04-27,100.54,103.74,100.13,102.42,746634.0
1588046400,2020-04-28,100.77,105.69,99.06,102.71,1319946.0
1588132800,2020-04-29,103.7,110.65,103.3,107.74,767285.0
1588219200,2020-04-30,104.25,106.15,102.91,103.02,944111.0
1588305600,2020-05-01,100.38,101.04,95.13,96.64,813281.0
1588564800,2020-05-04,95.24,96.63,93.22,95.94,788816.0
1588651200,2020-05-05,97.77,101.84,97.77,99.32,681925.0
1588737600,2020-05-06,99.6,99.96,92.87,93.18,753184.0
1588824000,2020-05-07,94.64,97.47,93.88,94.09,609257.0
1588910400,2020-05-08,96.17,99.75,95.41,99.48,576519.0
1589169600,2020-05-11,98.24,98.24,95.26,95.98,475086.0
1589256000,2020-05-12,96.67,97.7,91.16,91.16,634488.0
1589342400,2020-05-13,90.74,91.69,87.81,89.48,589383.0
1589428800,2020-05-14,88.09,89.35,84.46,89.17,699035.0
1589515200,2020-05-15,89.18,91.22,88.22,90.29,494309.0
1589774400,2020-05-18,93.79,98.67,93.79,97.6,963080.0
1589860800,2020-05-19,96.89,99.8,94.92,97.97,635848.0
1589947200,2020-05-20,98.94,101.31,97.75,100.67,785150.0
1590033600,2020-05-21,100.2,103.47,99.35,102.9,802596.0
1590120000,2020-05-22,103.22,103.42,98.64,101.54,605807.0
1590465600,2020-05-26,105.01,106.95,103.19,103.69,929210.0
1590552000,2020-05-27,105.68,108.3,104.29,107.64,611003.0
1590638400,2020-05-28,109.05,109.05,103.68,104.54,526444.0
1590724800,2020-05-29,103.9,104.25,100.58,102.78,1084322.0
1590984000,2020-06-01,102.35,104.94,100.54,101.95,751711.0
1591070400,2020-06-02,102.04,102.78,100.51,101.4,480780.0
1591156800,2020-06-03,102.61,105.17,101.68,101.79,533356.0
1591243200,2020-06-04,100.1,102.43,99.04,100.31,793921.0
1591329600,2020-06-05,102.81,110.11,102.81,106.4,988618.0
1591588800,2020-06-08,107.74,111.65,107.23,108.4,842040.0
1591675200,2020-06-09,110.31,110.93,104.47,106.46,992834.0
1591761600,2020-06-10,105.98,106.1,99.81,99.86,716841.0
1591848000,2020-06-11,95.85,97.3,89.89,92.5,1479118.0
1591934400,2020-06-12,96.3,96.93,90.49,93.16,956341.0
1592193600,2020-06-15,90.17,98.2,88.91,97.99,1225859.0
1592280000,2020-06-16,101.26,102.51,96.43,99.42,936136.0
1592366400,2020-06-17,99.78,99.78,94.0,94.41,959339.0
1592452800,2020-06-18,93.58,96.0,91.08,95.3,806865.0
1592539200,2020-06-19,97.27,99.3,93.42,94.26,2000325.0
1592798400,2020-06-22,93.89,94.19,91.33,93.68,1095853.0
1592884800,2020-06-23,94.85,95.07,92.0,93.13,1048390.0
1592971200,2020-06-24,91.3,91.33,86.81,87.04,1498026.0
1593057600,2020-06-25,86.5,89.74,85.64,88.15,1111203.0
1593144000,2020-06-26,88.13,90.57,86.23,87.08,1626207.0
1593403200,2020-06-29,88.25,90.97,86.78,89.94,567848.0
1593489600,2020-06-30,89.26,91.06,86.97,90.54,720243.0
1593576000,2020-07-01,90.95,93.57,89.93,90.83,753701.0
1593662400,2020-07-02,92.63,95.9,90.98,91.24,1174826.0
1594008000,2020-07-06,93.05,94.42,90.65,92.42,1190158.0
1594094400,2020-07-07,91.12,91.62,88.44,88.87,546647.0
1594180800,2020-07-08,89.42,89.56,86.74,88.41,561502.0
1594267200,2020-07-09,87.48,88.06,84.48,86.37,623284.0
1594353600,2020-07-10,85.95,87.65,84.8,87.49,516295.0
1594612800,2020-07-13,87.63,89.67,86.84,87.8,663905.0
1594699200,2020-07-14,87.42,90.59,86.57,90.34,668234.0
1594785600,2020-07-15,92.5,96.11,92.45,95.47,604122.0
1594872000,2020-07-16,94.93,96.94,93.13,95.91,597553.0
1594958400,2020-07-17,96.53,96.7,94.18,95.13,682832.0
1595217600,2020-07-20,95.13,95.17,92.63,93.6,642907.0
1595304000,2020-07-21,94.25,98.91,94.25,97.67,1295267.0
1595390400,2020-07-22,99.54,104.25,98.98,103.33,1255842.0
1595476800,2020-07-23,103.09,105.18,103.08,104.78,938378.0
1595563200,2020-07-24,105.48,106.03,103.99,105.35,715173.0
1595822400,2020-07-27,104.39,107.48,103.11,106.61,1116884.0
1595908800,2020-07-28,109.17,111.52,105.36,106.31,1067547.0
1595995200,2020-07-29,107.38,111.93,107.38,110.26,808313.0
1596081600,2020-07-30,108.69,110.2,105.82,109.24,645750.0
1596168000,2020-07-31,108.46,108.75,105.64,107.12,780534.0
1596427200,2020-08-03,107.51,108.06,104.4,105.03,991823.0
1596513600,2020-08-04,104.29,106.3,103.76,104.01,745630.0
1596600000,2020-08-05,105.2,107.02,104.52,105.41,757147.0
1596686400,2020-08-06,105.54,106.4,104.08,105.1,572998.0
1596772800,2020-08-07,104.5,107.33,104.5,106.67,817315.0
1597032000,2020-08-10,106.85,111.22,106.73,109.77,695674.0
1597118400,2020-08-11,111.22,112.52,109.83,110.11,606594.0
1597204800,2020-08-12,110.96,111.31,109.5,110.59,500453.0
1597291200,2020-08-13,109.66,110.14,108.08,109.1,459165.0
1597377600,2020-08-14,108.67,111.55,108.55,111.27,482971.0
1597636800,2020-08-17,111.7,112.37,110.59,111.5,495409.0
1597723200,2020-08-18,111.81,111.85,108.57,109.28,565262.0
1597809600,2020-08-19,109.51,110.88,108.88,109.05,510873.0
1597896000,2020-08-20,107.95,109.55,106.4,107.43,374300.0
1597982400,2020-08-21,107.27,108.52,105.44,105.95,926652.0
1598241600,2020-08-24,107.02,109.83,105.48,108.27,563377.0
1598328000,2020-08-25,108.78,108.78,105.41,106.93,434378.0
1598414400,2020-08-26,106.71,106.82,104.03,105.56,694321.0
1598500800,2020-08-27,106.63,110.5,106.05,109.11,408236.0
1598587200,2020-08-28,109.26,109.84,108.16,109.77,239532.0
1598846400,2020-08-31,109.14,109.83,107.42,107.56,698516.0
1598932800,2020-09-01,106.68,107.9,105.83,107.78,525503.0
1599019200,2020-09-02,107.66,110.02,106.15,109.5,567548.0
1599105600,2020-09-03,110.63,111.7,108.25,109.27,640595.0
1599192000,2020-09-04,110.49,111.95,108.66,110.7,685855.0
1599537600,2020-09-08,110.88,110.88,106.3,106.56,721916.0
1599624000,2020-09-09,107.39,109.73,107.0,108.41,604400.0
1599710400,2020-09-10,109.25,111.28,108.87,110.03,719123.0
1599796800,2020-09-11,110.06,111.12,109.42,110.34,1012910.0
1600056000,2020-09-14,111.12,114.34,110.87,113.93,634998.0
1600142400,2020-09-15,114.48,115.91,113.94,114.73,940234.0
1600228800,2020-09-16,115.58,119.88,115.21,118.42,1058310.0
1600315200,2020-09-17,116.9,119.32,114.42,118.95,805602.0
1600401600,2020-09-18,118.25,118.87,114.82,114.95,1704833.0
1600660800,2020-09-21,104.9,105.96,98.5,105.11,2015306.0
1600747200,2020-09-22,104.86,104.98,101.36,103.74,910643.0
1600833600,2020-09-23,103.89,104.78,98.63,99.01,909755.0
1600920000,2020-09-24,98.53,101.28,96.96,100.04,769160.0
1601006400,2020-09-25,98.91,103.2,98.91,102.73,535887.0
1601265600,2020-09-28,104.02,106.2,101.19,101.77,1193482.0
1601352000,2020-09-29,100.6,101.37,97.43,99.94,800363.0
1601438400,2020-09-30,100.85,105.87,100.71,104.32,870946.0
1601524800,2020-10-01,104.41,105.37,101.93,103.52,726212.0
1601611200,2020-10-02,101.43,107.19,100.75,106.39,543032.0
1601870400,2020-10-05,107.26,109.05,106.42,108.72,626271.0
1601956800,2020-10-06,109.8,110.9,107.45,107.84,626704.0
1602043200,2020-10-07,108.56,110.94,105.89,106.73,881846.0
1602129600,2020-10-08,107.64,110.36,107.34,110.04,404388.0
1602216000,2020-10-09,116.97,116.98,108.69,108.91,650671.0
1602475200,2020-10-12,108.43,108.95,105.74,107.04,418274.0
1602561600,2020-10-13,106.19,108.27,104.91,106.66,549353.0
1602648000,2020-10-14,106.44,110.01,106.44,108.24,449119.0
1602734400,2020-10-15,106.53,109.98,106.01,109.86,541504.0
1602820800,2020-10-16,109.96,111.75,108.92,110.04,504044.0
1603080000,2020-10-19,109.59,110.39,107.29,107.56,522142.0
1603166400,2020-10-20,108.31,111.33,107.7,109.87,359927.0
1603252800,2020-10-21,109.46,110.29,107.23,109.05,391689.0
1603339200,2020-10-22,109.62,111.17,108.07,109.3,527546.0
1603425600,2020-10-23,109.94,112.92,109.67,112.66,471677.0
1603684800,2020-10-26,110.45,112.83,109.32,111.89,945602.0
1603771200,2020-10-27,111.28,112.34,108.32,108.57,509335.0
1603857600,2020-10-28,106.37,107.45,103.11,103.68,822621.0
1603944000,2020-10-29,103.12,104.28,100.74,102.78,759475.0
1604030400,2020-10-30,105.86,109.8,103.33,106.78,1320410.0
1604293200,2020-11-02,108.69,111.27,107.43,111.0,1020181.0
1604379600,2020-11-03,112.23,115.88,110.93,115.22,1004644.0
1604466000,2020-11-04,116.32,116.32,108.32,109.44,1659884.0
1604552400,2020-11-05,110.59,116.67,110.18,114.84,675015.0
1604638800,2020-11-06,114.5,115.45,113.56,113.67,449091.0
1604898000,2020-11-09,123.22,131.12,122.18,123.57,1056395.0
1604984400,2020-11-10,124.6,130.6,124.53,129.16,746782.0
1605070800,2020-11-11,129.05,129.22,124.06,126.33,674207.0
1605157200,2020-11-12,125.27,128.26,122.25,123.93,685568.0
1605243600,2020-11-13,125.06,130.75,123.99,129.83,480466.0
1605502800,2020-11-16,133.0,133.16,128.25,129.55,568706.0
1605589200,2020-11-17,128.23,130.68,126.42,129.9,550712.0
1605675600,2020-11-18,129.71,131.37,127.72,129.26,559525.0
1605762000,2020-11-19,128.36,130.79,125.92,130.56,583226.0
1605848400,2020-11-20,130.78,130.99,126.86,127.66,508005.0
1606107600,2020-11-23,128.76,130.17,126.95,127.91,477183.0
1606194000,2020-11-24,129.2,131.36,128.35,130.56,588492.0
1606280400,2020-11-25,130.06,130.9,127.99,129.88,447548.0
1606453200,2020-11-27,130.38,130.9,128.02,128.77,332482.0
1606712400,2020-11-30,128.65,128.65,125.8,127.28,2521279.0
1606798800,2020-12-01,129.69,130.94,126.9,127.53,668002.0
1606885200,2020-12-02,127.18,129.35,126.75,128.67,329222.0
1606971600,2020-12-03,128.32,129.52,126.83,129.05,828639.0
1607058000,2020-12-04,129.5,132.3,129.5,131.76,371784.0
1607317200,2020-12-07,130.54,131.43,126.97,127.71,795625.0
1607403600,2020-12-08,127.0,130.21,127.0,129.32,637311.0
1607490000,2020-12-09,130.2,130.82,128.92,130.53,380362.0
1607576400,2020-12-10,129.25,132.53,128.81,131.95,601537.0
1607662800,2020-12-11,130.94,131.74,127.82,129.01,701074.0
1607922000,2020-12-14,130.6,133.54,128.45,131.16,887223.0
1608008400,2020-12-15,132.56,133.98,129.97,132.24,779931.0
1608094800,2020-12-16,131.71,135.22,131.44,134.15,732302.0
1608181200,2020-12-17,134.92,136.7,134.24,136.2,675241.0
1608267600,2020-12-18,136.02,136.65,133.02,133.82,1332921.0
1608526800,2020-12-21,131.73,132.95,129.53,132.38,536547.0
1608613200,2020-12-22,132.94,133.77,131.29,132.37,396726.0
1608699600,2020-12-23,133.54,134.68,133.18,133.6,294598.0
1608786000,2020-12-24,134.08,134.13,131.91,133.47,120825.0
1609131600,2020-12-28,134.38,134.99,132.64,133.08,297864.0
1609218000,2020-12-29,133.38,133.83,131.81,132.74,336762.0
1609304400,2020-12-30,132.83,134.02,131.74,132.69,317446.0
1609390800,2020-12-31,133.1,134.43,131.76,134.02,279096.0
1609736400,2021-01-04,134.32,134.97,129.75,131.86,549346.0
1609822800,2021-01-05,129.74,134.6,128.52,132.66,577440.0
1609909200,2021-01-06,134.64,139.59,134.64,138.13,739576.0
1609995600,2021-01-07,138.94,140.2,137.41,138.86,635800.0
1610082000,2021-01-08,139.16,139.92,136.62,137.57,569474.0
1610341200,2021-01-11,134.51,137.02,128.37,131.71,1326976.0
1610427600,2021-01-12,131.73,134.52,130.61,134.09,879652.0
1610514000,2021-01-13,133.64,134.5,130.55,132.25,644317.0
1610600400,2021-01-14,132.67,133.32,129.78,130.21,508880.0
1610686800,2021-01-15,129.39,130.44,128.5,129.13,578791.0
1611032400,2021-01-19,129.94,130.49,126.54,127.1,685808.0
1611118800,2021-01-20,127.1,129.3,126.47,128.37,439251.0
1611205200,2021-01-21,128.92,129.42,126.98,127.44,369284.0
1611291600,2021-01-22,126.75,127.71,125.28,125.84,604275.0
1611550800,2021-01-25,125.37,125.42,122.59,124.34,652663.0
1611637200,2021-01-26,125.45,125.84,123.63,124.52,658578.0
1611723600,2021-01-27,121.84,123.43,120.69,122.51,1326544.0
1611810000,2021-01-28,123.95,126.31,123.06,124.61,1044538.0
1611896400,2021-01-29,124.18,124.75,120.72,121.53,742147.0
1612155600,2021-02-01,122.55,125.07,120.41,124.45,749706.0
1612242000,2021-02-02,125.63,127.39,124.0,124.78,721658.0
1612328400,2021-02-03,124.08,126.67,123.6,126.31,935113.0
1612414800,2021-02-04,126.67,128.67,125.94,128.37,539179.0
1612501200,2021-02-05,129.31,129.31,126.07,127.39,652797.0
1612760400,2021-02-08,127.56,128.72,127.2,128.13,451774.0
1612846800,2021-02-09,128.9,129.06,125.76,127.21,559559.0
1612933200,2021-02-10,127.36,128.29,126.53,127.2,327224.0
1613019600,2021-02-11,127.57,128.62,126.61,126.75,559910.0
1613106000,2021-02-12,126.27,127.19,125.18,126.01,321680.0
1613451600,2021-02-16,126.33,126.46,124.38,124.97,461352.0
1613538000,2021-02-17,124.39,126.02,124.17,125.76,301856.0
1613624400,2021-02-18,125.02,125.51,123.08,124.21,485007.0
1613710800,2021-02-19,125.02,125.51,123.08,124.21,485007.0
1613970000,2021-02-22,125.12,129.26,124.33,128.45,862553.0
1614056400,2021-02-23,128.89,132.96,128.05,130.41,820932.0
1614142800,2021-02-24,130.52,135.33,130.52,134.45,873329.0
1614229200,2021-02-25,134.52,135.0,130.63,131.51,866370.0
1614315600,2021-02-26,129.78,130.59,122.14,122.16,1216804.0
1614574800,2021-03-01,122.76,127.61,122.76,124.67,1189753.0
1614661200,2021-03-02,124.21,127.21,123.8,126.08,640905.0
1614747600,2021-03-03,124.97,125.88,122.65,123.58,687451.0
1614834000,2021-03-04,123.4,126.58,121.84,123.91,1214086.0
1614920400,2021-03-05,125.12,128.85,123.66,128.02,679542.0
1615179600,2021-03-08,129.1,132.07,129.04,131.18,464011.0
1615266000,2021-03-09,132.2,133.24,127.66,128.04,661903.0
1615352400,2021-03-10,128.48,131.29,127.75,130.21,574204.0
1615438800,2021-03-11,129.57,132.13,129.43,129.57,546594.0
1615525200,2021-03-12,130.92,134.35,130.23,134.26,535275.0
1615780800,2021-03-15,133.97,136.81,133.97,136.79,479954.0
1615867200,2021-03-16,135.82,136.01,132.92,133.36,452796.0
1615953600,2021-03-17,134.38,136.31,132.72,135.49,484228.0
1616040000,2021-03-18,134.71,138.37,134.71,135.95,499115.0
1616126400,2021-03-19,135.7,137.24,133.86,134.71,1415458.0
1616385600,2021-03-22,133.18,134.67,132.17,134.03,841087.0
1616472000,2021-03-23,133.31,133.93,128.49,129.65,448475.0
1616558400,2021-03-24,130.25,133.07,129.74,130.3,538839.0
1616644800,2021-03-25,130.55,132.97,128.82,132.27,665221.0
1616731200,2021-03-26,133.43,133.43,130.26,131.93,620896.0
1616990400,2021-03-29,131.51,134.22,130.76,131.91,495082.0
1617076800,2021-03-30,131.79,132.94,130.63,132.94,413955.0
1617163200,2021-03-31,133.24,134.15,130.11,130.21,771156.0
1617249600,2021-04-01,130.01,131.66,128.85,131.19,429488.0
1617595200,2021-04-05,132.27,133.44,131.0,133.12,535340.0
1617681600,2021-04-06,132.69,134.45,131.41,133.75,557658.0
1617768000,2021-04-07,134.71,134.77,132.7,133.35,556561.0
1617854400,2021-04-08,132.25,134.54,130.74,133.6,561025.0
1617940800,2021-04-09,134.34,134.95,132.51,134.88,372544.0
1618200000,2021-04-12,135.31,136.6,135.31,135.94,301398.0
1618286400,2021-04-13,134.35,135.16,132.28,134.13,708603.0
1618372800,2021-04-14,134.25,135.78,133.59,134.24,512661.0
1618459200,2021-04-15,134.74,138.23,134.04,137.75,1011964.0
1618545600,2021-04-16,138.61,143.51,138.61,142.65,879690.0
1618804800,2021-04-19,143.12,143.12,142.56,142.56,8920.0
1618891200,2021-04-20,142.95,143.7,140.56,141.42,682361.0
1618977600,2021-04-21,141.54,145.26,141.3,144.35,578032.0
1619064000,2021-04-22,145.51,147.0,142.51,143.02,1017693.0
1619150400,2021-04-23,142.62,143.2,140.66,142.04,602849.0
1619409600,2021-04-26,142.32,143.15,141.24,142.3,746951.0
1619496000,2021-04-27,139.97,144.23,139.7,142.43,1052898.0
1619582400,2021-04-28,143.36,146.49,141.56,144.28,714029.0
1619668800,2021-04-29,144.54,147.27,144.32,145.05,575596.0
1619755200,2021-04-30,143.95,146.12,143.95,144.87,702728.0
1620014400,2021-05-03,146.42,148.03,145.04,146.99,540343.0
1620100800,2021-05-04,146.59,149.57,146.59,149.31,688211.0
1620187200,2021-05-05,149.98,150.47,147.66,149.87,545104.0
1620273600,2021-05-06,149.89,151.01,148.72,150.8,475752.0
1620360000,2021-05-07,149.77,152.5,148.97,151.49,425603.0
1620619200,2021-05-10,152.49,155.39,151.6,153.3,484184.0
1620705600,2021-05-11,152.17,153.45,150.96,151.64,634957.0
1620792000,2021-05-12,151.85,152.64,150.1,150.41,1009002.0
1620878400,2021-05-13,149.56,155.15,148.81,154.11,687473.0
1620964800,2021-05-14,154.5,156.41,153.95,155.95,428947.0
1621224000,2021-05-17,155.95,157.74,155.21,156.77,772511.0
1621310400,2021-05-18,155.83,156.97,153.99,154.44,970382.0
1621396800,2021-05-19,153.4,154.23,150.75,153.19,1061652.0
1621483200,2021-05-20,153.03,155.57,151.03,154.33,1104513.0
1621569600,2021-05-21,155.23,156.46,154.17,154.28,1125403.0
1621828800,2021-05-24,154.86,156.41,153.62,155.21,1066136.0
1621915200,2021-05-25,155.2,156.36,154.08,155.94,1787294.0
1622001600,2021-05-26,156.11,157.04,155.47,156.33,2267017.0
1622088000,2021-05-27,157.76,158.63,154.92,155.33,1625332.0
1622174400,2021-05-28,155.69,156.23,153.82,155.82,1407326.0
1622520000,2021-06-01,156.8,157.35,154.7,156.9,1123587.0
1622606400,2021-06-02,157.35,157.39,153.71,154.15,1865757.0
1622692800,2021-06-03,153.44,155.79,152.01,155.26,837747.0
1622779200,2021-06-04,155.98,156.61,154.95,156.14,647351.0
1623038400,2021-06-07,156.53,157.18,155.3,155.38,1207615.0
1623124800,2021-06-08,155.18,156.48,153.55,156.06,922186.0
1623211200,2021-06-09,156.43,156.56,155.21,155.86,550714.0
1623297600,2021-06-10,154.69,156.64,154.33,155.92,821074.0
1623384000,2021-06-11,156.77,156.86,154.71,156.75,808365.0
1623643200,2021-06-14,156.25,156.7,151.97,152.83,578867.0
1623729600,2021-06-15,152.84,154.33,151.51,153.06,512156.0
1623816000,2021-06-16,152.6,153.18,150.55,150.66,623096.0
1623902400,2021-06-17,151.23,151.61,147.45,148.44,847354.0
1623988800,2021-06-18,146.48,146.9,143.35,143.39,1852032.0
1624248000,2021-06-21,144.12,148.65,144.1,148.41,630769.0
1624334400,2021-06-22,148.11,149.19,147.19,147.9,463225.0
1624420800,2021-06-23,147.88,147.88,146.22,146.32,639131.0
1624507200,2021-06-24,147.54,147.54,145.16,146.04,713935.0
1624593600,2021-06-25,146.36,148.08,145.73,147.76,532940.0
1624852800,2021-06-28,147.42,147.47,143.67,144.96,1307451.0
1624939200,2021-06-29,145.03,145.75,142.8,142.93,548731.0
1625025600,2021-06-30,143.09,143.66,141.53,143.11,995219.0
1625112000,2021-07-01,143.75,147.12,143.75,146.13,723290.0
1625198400,2021-07-02,146.01,148.1,146.01,147.72,1100440.0
1625544000,2021-07-06,146.89,147.69,144.3,147.28,799918.0
1625630400,2021-07-07,146.38,149.42,146.38,148.84,965995.0
1625716800,2021-07-08,146.81,148.5,145.17,146.95,726581.0
1625803200,2021-07-09,149.36,150.85,148.3,150.46,625394.0
1626062400,2021-07-12,149.82,152.63,148.79,151.18,648983.0
1626148800,2021-07-13,150.66,151.15,148.27,149.39,571477.0
1626235200,2021-07-14,150.02,150.89,148.87,149.61,603486.0
1626321600,2021-07-15,148.29,150.47,148.29,149.67,492799.0
1626408000,2021-07-16,150.43,150.62,147.75,147.9,379646.0
1626667200,2021-07-19,145.62,146.07,142.04,142.98,658753.0
1626753600,2021-07-20,146.55,153.15,146.06,149.7,1091086.0
1626840000,2021-07-21,151.41,152.94,149.77,150.13,398565.0
1626926400,2021-07-22,149.55,150.03,145.95,147.27,530366.0
1627012800,2021-07-23,148.88,149.6,147.52,149.21,458272.0
1627272000,2021-07-26,149.72,152.9,148.63,151.11,906753.0
1627358400,2021-07-27,161.26,161.26,151.35,155.52,1630644.0
1627444800,2021-07-28,156.38,156.38,152.08,154.33,947054.0
1627531200,2021-07-29,155.53,156.09,154.22,155.37,572665.0
1627617600,2021-07-30,154.89,157.27,154.89,156.78,594071.0
1627876800,2021-08-02,156.93,158.56,155.44,156.02,615076.0
1627963200,2021-08-03,156.38,157.11,153.38,156.98,425925.0
1628049600,2021-08-04,155.53,157.17,150.88,150.94,531597.0
1628136000,2021-08-05,151.3,151.89,147.78,149.08,379308.0
1628222400,2021-08-06,149.58,150.37,148.11,149.31,1315908.0
1628481600,2021-08-09,148.17,148.17,146.15,147.08,460233.0
1628568000,2021-08-10,146.4,147.68,143.23,143.77,589761.0
1628654400,2021-08-11,144.06,145.16,142.24,145.0,466789.0
1628740800,2021-08-12,141.17,145.63,141.17,145.28,784386.0
1628827200,2021-08-13,145.29,146.13,144.85,146.01,375433.0
1629086400,2021-08-16,145.48,148.32,144.9,148.02,344125.0
1629172800,2021-08-17,146.81,148.48,146.64,148.35,404730.0
1629259200,2021-08-18,147.55,147.65,145.23,145.3,504596.0
1629345600,2021-08-19,144.11,148.13,143.88,147.43,585689.0
1629432000,2021-08-20,147.14,151.47,147.14,149.92,665509.0
1629691200,2021-08-23,150.62,150.8,148.21,149.6,580974.0
1629777600,2021-08-24,149.83,151.93,148.57,151.12,694649.0
1629864000,2021-08-25,150.8,153.78,149.8,151.66,419879.0
1629950400,2021-08-26,151.58,151.58,149.61,151.04,548381.0
1630036800,2021-08-27,151.45,153.74,150.69,153.24,537613.0
1630296000,2021-08-30,153.64,153.69,152.01,152.49,440690.0
1630382400,2021-08-31,151.87,154.01,151.7,152.43,723112.0
1630468800,2021-09-01,152.87,153.27,150.46,152.13,462477.0
1630555200,2021-09-02,152.26,154.02,151.89,153.73,520238.0
1630641600,2021-09-03,153.37,153.63,151.44,152.88,480859.0
1630987200,2021-09-07,152.12,152.86,150.8,152.06,519690.0
1631073600,2021-09-08,146.69,149.1,144.05,145.55,1135101.0
1631160000,2021-09-09,145.37,149.1,145.28,146.91,601010.0
1631246400,2021-09-10,147.34,147.35,143.74,144.28,567147.0
1631505600,2021-09-13,145.23,147.02,144.11,146.62,628999.0
1631592000,2021-09-14,147.37,147.94,143.57,143.68,954354.0
1631678400,2021-09-15,143.29,144.27,141.44,143.31,812444.0
1631764800,2021-09-16,143.58,144.64,142.24,143.75,508895.0
1631851200,2021-09-17,143.06,144.07,141.42,142.8,1867350.0
1632110400,2021-09-20,140.66,142.16,140.1,141.49,656451.0
1632196800,2021-09-21,142.92,144.37,141.78,142.14,646259.0
1632283200,2021-09-22,143.34,144.36,142.15,142.54,683505.0
1632369600,2021-09-23,143.53,143.65,141.29,141.33,1605667.0
1632456000,2021-09-24,137.08,142.28,137.06,141.66,851170.0
1632715200,2021-09-27,142.18,144.55,141.36,141.56,788747.0
1632801600,2021-09-28,141.76,142.32,140.06,140.58,816257.0
1632888000,2021-09-29,140.7,141.02,139.65,140.21,811979.0
1632974400,2021-09-30,140.72,140.8,135.34,135.41,842983.0
1633060800,2021-10-01,135.89,136.66,134.19,135.86,650374.0
1633320000,2021-10-04,135.79,138.05,132.47,133.0,1169261.0
1633406400,2021-10-05,133.22,133.4,130.8,131.0,910675.0
1633492800,2021-10-06,129.9,130.76,126.53,129.61,797880.0
1633579200,2021-10-07,130.47,131.72,129.9,130.31,679660.0
1633665600,2021-10-08,129.71,130.03,127.4,127.64,501761.0
1633924800,2021-10-11,127.74,128.3,127.24,127.32,531899.0
1634011200,2021-10-12,127.62,128.2,126.01,126.09,651207.0
1634097600,2021-10-13,125.82,127.16,123.21,126.29,790088.0
1634184000,2021-10-14,127.03,128.61,126.89,127.23,690628.0
1634270400,2021-10-15,128.27,131.07,128.21,130.18,865734.0
1634529600,2021-10-18,129.21,129.92,127.71,129.72,558600.0
1634616000,2021-10-19,130.57,131.61,129.34,129.41,555977.0
1634702400,2021-10-20,130.12,132.32,129.75,130.93,662048.0
1634788800,2021-10-21,131.94,134.54,131.39,134.41,864899.0
1634875200,2021-10-22,132.11,135.15,131.71,132.72,796024.0
1635134400,2021-10-25,132.9,132.9,130.83,130.83,114653.0
1635220800,2021-10-26,124.28,127.95,123.07,123.47,1557731.0
1635307200,2021-10-27,122.12,124.44,121.0,122.25,997637.0
1635393600,2021-10-28,123.24,124.65,122.7,123.47,753956.0
1635480000,2021-10-29,123.32,124.42,120.82,121.45,1148051.0
1635739200,2021-11-01,121.73,123.08,121.31,122.26,617003.0
1635825600,2021-11-02,122.67,123.02,120.05,120.3,731507.0
1635912000,2021-11-03,119.33,122.67,118.64,122.17,1038631.0
1635998400,2021-11-04,122.38,123.78,121.67,123.5,751453.0
1636084800,2021-11-05,123.87,127.61,123.17,127.1,1164956.0
1636347600,2021-11-08,127.52,128.2,124.43,126.4,587361.0
1636434000,2021-11-09,126.43,127.21,125.24,125.68,666056.0
1636520400,2021-11-10,126.08,127.28,125.74,126.6,462491.0
1636606800,2021-11-11,126.24,127.6,125.74,127.48,591776.0
1636693200,2021-11-12,128.4,128.64,126.44,128.04,391456.0
1636952400,2021-11-15,128.2,128.2,125.55,125.93,835491.0
1637038800,2021-11-16,126.19,126.43,124.75,125.93,904380.0
1637125200,2021-11-17,125.75,126.13,124.35,124.54,809979.0
1637211600,2021-11-18,124.23,124.56,121.87,123.14,1201648.0
1637298000,2021-11-19,122.59,122.98,119.99,121.33,1007793.0
1637557200,2021-11-22,121.65,125.32,120.86,124.51,687122.0
1637643600,2021-11-23,124.96,127.4,123.79,127.17,785008.0
1637730000,2021-11-24,127.24,127.88,126.02,126.12,644549.0
1637902800,2021-11-26,122.75,123.4,120.39,121.7,506634.0
1638162000,2021-11-29,122.52,122.84,118.43,118.68,1047447.0
1638248400,2021-11-30,117.43,118.49,115.61,116.39,1579139.0
1638334800,2021-12-01,118.07,120.11,113.94,114.09,1170780.0
1638421200,2021-12-02,115.02,120.8,114.65,119.22,1077694.0
1638507600,2021-12-03,119.67,121.3,118.71,119.24,1087128.0
1638766800,2021-12-06,121.0,125.18,119.41,123.57,1042180.0
1638853200,2021-12-07,124.28,127.47,123.44,125.89,791510.0
1638939600,2021-12-08,125.93,127.55,125.01,127.12,928761.0
1639026000,2021-12-09,126.8,127.69,125.4,126.57,719627.0
1639112400,2021-12-10,127.36,128.62,124.36,125.87,919914.0
1639371600,2021-12-13,125.85,126.89,125.22,126.26,484105.0
1639458000,2021-12-14,126.13,128.32,125.14,125.37,703087.0
1639544400,2021-12-15,125.22,127.08,124.5,126.86,1088564.0
1639630800,2021-12-16,127.64,127.97,125.25,125.77,624494.0
1639717200,2021-12-17,125.76,126.22,123.45,125.28,2243198.0
1639976400,2021-12-20,123.59,123.59,119.19,122.15,612307.0
1640062800,2021-12-21,122.49,125.31,122.18,125.18,809902.0
1640149200,2021-12-22,125.47,126.65,124.33,125.08,542503.0
1640235600,2021-12-23,125.71,127.16,125.18,125.6,358511.0
1640581200,2021-12-27,125.66,126.28,124.96,126.17,243781.0
1640667600,2021-12-28,126.42,128.59,126.37,128.07,329795.0
1640754000,2021-12-29,128.06,129.37,127.75,128.41,303218.0
1640840400,2021-12-30,128.74,129.39,127.92,128.17,265436.0
1640926800,2021-12-31,127.72,128.6,126.55,127.1,361104.0
1641186000,2022-01-03,127.58,129.54,127.14,129.41,676132.0
1641272400,2022-01-04,129.69,133.32,129.59,131.18,612578.0
1641358800,2022-01-05,130.28,135.0,130.28,131.16,759557.0
1641445200,2022-01-06,131.36,132.18,127.99,128.39,756012.0
1641531600,2022-01-07,128.39,130.94,128.25,129.37,904966.0
1641790800,2022-01-10,130.2,130.27,128.12,130.24,619017.0
1641877200,2022-01-11,125.47,129.16,123.56,128.24,1487853.0
1641963600,2022-01-12,128.55,129.76,125.23,126.56,862803.0
1642050000,2022-01-13,126.79,132.22,126.11,130.42,1015067.0
1642136400,2022-01-14,129.52,131.39,128.67,131.03,721458.0
1642482000,2022-01-18,130.38,130.91,127.1,127.4,585428.0
1642568400,2022-01-19,127.26,128.76,126.71,126.87,575069.0
1642654800,2022-01-20,127.37,128.99,125.22,125.46,612681.0
1642741200,2022-01-21,126.01,128.0,125.21,125.82,673521.0
1643000400,2022-01-24,124.01,128.16,123.2,128.16,166113.0
1643086800,2022-01-25,126.88,127.26,123.01,125.43,986740.0
1643173200,2022-01-26,125.38,128.33,125.09,126.62,462532.0
1643259600,2022-01-27,122.53,126.91,120.83,123.99,871858.0
1643346000,2022-01-28,123.5,127.29,123.14,127.22,728949.0
1643605200,2022-01-31,126.1,128.44,126.1,127.49,971432.0
1643691600,2022-02-01,127.58,128.66,126.88,127.89,503933.0
1643778000,2022-02-02,127.2,130.42,126.63,130.07,480481.0
1643864400,2022-02-03,130.21,130.44,128.31,128.86,466030.0
1643950800,2022-02-04,127.77,128.72,125.0,127.25,474691.0
1644210000,2022-02-07,127.2,127.37,123.4,124.7,1016510.0
1644296400,2022-02-08,125.49,130.16,124.86,129.71,932982.0
1644382800,2022-02-09,130.7,135.12,130.57,134.14,676345.0
1644469200,2022-02-10,133.27,134.49,130.13,130.93,725329.0
1644555600,2022-02-11,131.16,133.14,128.84,129.97,593378.0
1644814800,2022-02-14,130.4,131.35,128.65,129.61,607298.0
1644901200,2022-02-15,130.4,132.57,130.1,132.45,508340.0
1644987600,2022-02-16,131.92,135.46,131.51,135.09,802025.0
1645074000,2022-02-17,134.16,134.63,131.37,133.67,456837.0
1645160400,2022-02-18,133.47,135.22,132.04,132.13,568545.0
1645506000,2022-02-22,131.4,132.78,130.08,131.41,867799.0
1645592400,2022-02-23,132.23,132.34,129.08,130.69,588211.0
1645678800,2022-02-24,128.15,133.92,126.91,133.7,1276894.0
1645765200,2022-02-25,142.1,146.91,139.69,141.96,2076758.0
1646024400,2022-02-28,137.9,141.3,136.72,141.29,1058339.0
1646110800,2022-03-01,140.51,142.86,139.39,142.22,724277.0
1646197200,2022-03-02,143.37,147.9,142.38,146.32,1126679.0
1646283600,2022-03-03,147.51,147.95,144.97,147.1,617803.0
1646370000,2022-03-04,144.79,147.04,142.86,146.71,572360.0
1646629200,2022-03-07,146.32,148.13,144.76,147.66,715049.0
1646715600,2022-03-08,148.23,148.23,146.58,146.58,107901.0
1646802000,2022-03-09,149.08,150.52,147.87,148.48,524711.0
1646888400,2022-03-10,146.51,150.46,145.73,147.69,584466.0
1646974800,2022-03-11,148.07,150.4,147.47,147.89,802426.0
1647230400,2022-03-14,149.2,149.78,143.14,143.48,502093.0
1647316800,2022-03-15,145.05,146.72,144.43,146.24,661494.0
1647403200,2022-03-16,146.9,148.63,144.7,146.95,552865.0
1647489600,2022-03-17,146.01,146.53,144.59,146.35,723755.0
1647576000,2022-03-18,144.53,145.08,141.89,144.09,1762781.0
1647835200,2022-03-21,144.6,146.97,144.15,144.84,843292.0
1647921600,2022-03-22,145.47,145.8,143.04,143.91,497188.0
1648008000,2022-03-23,143.29,143.48,140.16,141.17,916458.0
1648094400,2022-03-24,141.75,144.1,141.18,143.66,453950.0
1648180800,2022-03-25,144.13,145.55,143.15,145.37,468385.0
1648440000,2022-03-28,144.88,146.73,143.69,146.62,862383.0
1648526400,2022-03-29,145.84,147.38,143.32,145.22,733638.0
1648612800,2022-03-30,145.47,145.47,141.95,142.9,627211.0
1648699200,2022-03-31,142.8,144.67,142.13,142.29,550071.0
1648785600,2022-04-01,143.11,143.83,140.99,141.53,627260.0
1649044800,2022-04-04,141.12,141.51,136.91,137.53,774999.0
1649131200,2022-04-05,137.13,139.27,135.65,136.68,768890.0
1649217600,2022-04-06,135.93,138.41,135.93,137.9,651367.0
1649304000,2022-04-07,137.8,142.22,137.23,141.72,827122.0
1649390400,2022-04-08,142.19,144.3,140.71,143.32,617940.0
1649649600,2022-04-11,144.25,146.34,143.63,145.14,694174.0
1649736000,2022-04-12,145.4,149.17,144.38,146.53,780681.0
1649822400,2022-04-13,146.33,148.38,145.49,146.22,466539.0
1649908800,2022-04-14,146.64,149.56,146.64,148.36,465386.0
1650254400,2022-04-18,147.24,149.65,147.24,148.62,488205.0
1650340800,2022-04-19,149.21,150.7,148.4,148.68,573700.0
1650427200,2022-04-20,149.21,154.41,149.21,152.69,1136132.0
1650513600,2022-04-21,152.89,155.37,150.37,151.65,706412.0
1650600000,2022-04-22,143.18,143.51,130.15,130.49,1601036.0
1650859200,2022-04-25,130.48,137.67,129.59,136.21,1588482.0
1650945600,2022-04-26,119.24,125.22,118.84,123.02,2749428.0
1651032000,2022-04-27,121.99,124.55,120.38,121.32,1017898.0
1651118400,2022-04-28,120.62,122.7,117.49,121.88,981738.0
1651204800,2022-04-29,120.98,122.65,119.77,120.28,957331.0
1651464000,2022-05-02,120.56,121.19,117.23,119.99,857571.0
1651550400,2022-05-03,119.55,123.66,119.4,122.81,666873.0
1651636800,2022-05-04,123.59,127.79,122.54,127.56,567305.0
1651723200,2022-05-05,127.07,127.61,122.78,123.97,805488.0
1651809600,2022-05-06,123.68,127.36,122.51,125.45,876301.0
1652068800,2022-05-09,124.65,124.65,122.16,123.03,745263.0
1652155200,2022-05-10,123.84,124.51,121.32,123.14,650404.0
1652241600,2022-05-11,123.7,124.9,119.28,119.63,740919.0
1652328000,2022-05-12,119.86,122.75,119.36,121.22,715631.0
1652414400,2022-05-13,121.53,122.77,120.06,122.37,743905.0
1652673600,2022-05-16,122.44,122.75,120.47,121.97,545813.0
1652760000,2022-05-17,123.51,125.15,122.34,125.14,491846.0
1652846400,2022-05-18,123.2,123.29,116.66,116.89,981795.0
1652932800,2022-05-19,115.59,118.33,114.58,116.71,840620.0
1653019200,2022-05-20,117.46,118.83,114.93,118.71,659242.0
1653278400,2022-05-23,120.43,120.43,116.05,119.5,676558.0
1653364800,2022-05-24,119.49,119.49,116.11,119.18,551629.0
1653451200,2022-05-25,119.1,122.06,118.35,119.86,671583.0
1653537600,2022-05-26,120.71,121.78,120.09,120.99,945697.0
1653624000,2022-05-27,121.7,122.71,121.03,122.66,541731.0
1653969600,2022-05-31,122.41,123.29,120.95,122.52,1484534.0
1654056000,2022-06-01,123.53,123.53,118.28,118.72,828480.0
1654142400,2022-06-02,119.29,120.7,117.0,120.6,668279.0
1654228800,2022-06-03,119.96,120.42,118.99,119.13,768540.0
1654488000,2022-06-06,119.46,120.95,118.08,119.13,488948.0
1654574400,2022-06-07,117.74,120.41,117.0,120.22,710442.0
1654660800,2022-06-08,119.26,119.71,117.86,118.39,497606.0
1654747200,2022-06-09,117.85,118.28,115.96,116.01,588575.0
1654833600,2022-06-10,113.71,114.58,112.2,112.82,1627279.0
1655092800,2022-06-13,110.16,110.95,107.0,107.72,1222411.0
1655179200,2022-06-14,107.64,107.64,102.97,103.11,2012724.0
1655265600,2022-06-15,103.84,105.53,101.94,103.67,1298653.0
1655352000,2022-06-16,101.23,101.47,97.86,99.77,1822541.0
1655438400,2022-06-17,99.39,103.06,99.39,102.05,3905063.0
1655784000,2022-06-21,103.76,103.76,100.06,101.23,1673257.0
1655870400,2022-06-22,100.53,104.36,100.53,103.15,788662.0
1655956800,2022-06-23,103.57,104.4,102.83,103.62,615652.0
1656043200,2022-06-24,104.56,107.22,103.05,106.94,1338164.0
1656302400,2022-06-27,107.59,108.37,105.78,106.37,1324573.0
1656388800,2022-06-28,106.78,108.15,104.14,104.31,595921.0
1656475200,2022-06-29,105.07,106.52,103.24,105.44,732659.0
1656561600,2022-06-30,100.1,100.57,97.23,99.02,3117074.0
1656648000,2022-07-01,98.72,104.4,98.66,104.19,1275649.0
1656993600,2022-07-05,102.88,103.33,100.7,103.14,742569.0
1657080000,2022-07-06,99.3,101.54,98.3,100.53,1198667.0
1657166400,2022-07-07,101.32,103.61,101.32,103.52,757072.0
1657252800,2022-07-08,103.38,104.22,101.66,101.7,628916.0
1657512000,2022-07-11,100.82,100.96,99.4,99.62,478157.0
1657598400,2022-07-12,98.58,101.32,98.22,100.12,684937.0
1657684800,2022-07-13,98.76,101.22,98.76,100.34,480709.0
1657771200,2022-07-14,98.58,99.39,96.97,98.59,833726.0
1657857600,2022-07-15,100.64,102.06,99.09,101.32,624265.0
1658116800,2022-07-18,101.87,103.56,101.31,102.01,1476018.0
1658203200,2022-07-19,103.75,106.05,103.71,105.91,1240820.0
1658289600,2022-07-20,105.85,107.36,105.3,106.19,1102840.0
1658376000,2022-07-21,106.45,107.75,105.38,107.64,1079435.0
1658462400,2022-07-22,114.5,118.46,108.47,109.13,1674966.0
1658721600,2022-07-25,109.14,111.3,107.33,108.25,1261583.0
1658808000,2022-07-26,112.89,112.89,106.17,107.52,1418420.0
1658894400,2022-07-27,107.1,108.03,105.56,107.43,916053.0
1658980800,2022-07-28,107.44,110.32,107.31,109.9,670659.0
1659067200,2022-07-29,109.19,111.01,108.49,110.58,577138.0
1659326400,2022-08-01,109.83,110.38,108.4,108.4,469439.0
1659412800,2022-08-02,108.37,109.39,106.9,108.07,479455.0
1659499200,2022-08-03,109.0,109.63,107.76,109.29,510022.0
1659585600,2022-08-04,109.3,109.3,107.71,107.86,585077.0
1659672000,2022-08-05,107.27,108.72,106.55,108.5,452614.0
1659931200,2022-08-08,109.43,109.43,108.11,108.31,372260.0
1660017600,2022-08-09,108.3,108.89,107.34,107.78,439669.0
1660104000,2022-08-10,109.37,111.1,109.2,110.75,514505.0
1660190400,2022-08-11,111.41,111.69,109.36,109.52,543439.0
1660276800,2022-08-12,110.0,110.36,109.66,110.08,799559.0
1660536000,2022-08-15,109.61,110.95,109.29,109.91,532285.0
1660622400,2022-08-16,109.43,109.79,106.29,106.62,935788.0
1660708800,2022-08-17,105.37,105.67,104.05,104.48,1153154.0
1660795200,2022-08-18,105.17,106.78,104.5,106.44,1019326.0
1660881600,2022-08-19,106.2,106.81,105.71,106.17,1137712.0
1661140800,2022-08-22,104.82,105.57,103.32,103.44,496580.0
1661227200,2022-08-23,103.68,104.51,101.79,101.85,463039.0
1661313600,2022-08-24,103.17,103.17,101.29,102.85,964714.0
1661400000,2022-08-25,103.43,104.9,102.94,104.01,508196.0
1661486400,2022-08-26,103.8,104.14,99.77,99.77,483846.0
1661745600,2022-08-29,99.1,100.11,98.12,99.61,558915.0
1661832000,2022-08-30,100.01,100.16,98.02,98.13,608432.0
1661918400,2022-08-31,98.77,98.77,95.84,96.39,1448453.0
1662004800,2022-09-01,95.86,96.36,93.3,95.81,885419.0
1662091200,2022-09-02,96.96,97.95,95.35,95.53,653154.0
1662436800,2022-09-06,95.86,96.04,94.27,94.81,525306.0
1662523200,2022-09-07,94.69,99.52,94.19,99.39,699667.0
1662609600,2022-09-08,98.4,99.88,98.17,99.74,723607.0
1662696000,2022-09-09,100.21,101.84,100.0,101.49,683206.0
1662955200,2022-09-12,102.16,104.86,102.05,104.57,739625.0
1663041600,2022-09-13,102.28,102.96,99.8,99.9,629410.0
1663128000,2022-09-14,99.33,99.45,94.6,96.03,1307676.0
1663214400,2022-09-15,96.26,99.14,96.06,97.53,977342.0
1663300800,2022-09-16,97.16,97.89,96.65,97.52,1893563.0
1663560000,2022-09-19,96.25,97.58,95.86,97.3,863626.0
1663646400,2022-09-20,96.29,96.29,94.15,94.72,1052108.0
1663732800,2022-09-21,95.42,96.6,93.23,93.24,640281.0
1663819200,2022-09-22,93.04,93.04,90.82,92.19,672011.0
1663905600,2022-09-23,90.64,91.12,88.54,90.39,967342.0
1664164800,2022-09-26,89.98,91.23,88.1,88.56,793113.0
1664251200,2022-09-27,89.09,89.55,86.27,86.51,925661.0
1664337600,2022-09-28,87.6,90.26,86.66,89.6,591846.0
1664424000,2022-09-29,88.62,90.02,87.5,89.15,612560.0
1664510400,2022-09-30,89.52,89.91,86.71,86.88,699459.0
1664769600,2022-10-03,88.23,92.4,87.59,91.31,1055875.0
1664856000,2022-10-04,92.4,94.89,92.33,94.38,861061.0
1664942400,2022-10-05,92.83,93.95,91.7,93.31,497398.0
1665028800,2022-10-06,92.22,93.0,91.6,91.91,467566.0
1665115200,2022-10-07,91.15,91.15,89.45,90.08,549996.0
1665374400,2022-10-10,90.57,91.07,88.74,89.34,579100.0
1665460800,2022-10-11,89.23,91.88,88.46,90.7,515408.0
1665547200,2022-10-12,90.94,90.94,89.09,89.16,504962.0
1665633600,2022-10-13,87.69,92.74,86.69,92.66,789608.0
1665720000,2022-10-14,93.1,93.95,89.88,90.19,535781.0
1665979200,2022-10-17,91.77,93.44,91.77,93.04,630499.0
1666065600,2022-10-18,95.29,96.2,93.6,94.2,686829.0
1666152000,2022-10-19,93.48,94.26,92.74,93.64,506646.0
1666238400,2022-10-20,94.0,95.13,92.43,92.66,504586.0
1666324800,2022-10-21,85.94,88.88,81.28,88.67,1837384.0
1666584000,2022-10-24,89.63,92.1,89.36,91.67,1120803.0
1666670400,2022-10-25,91.71,97.07,91.71,95.25,1549710.0
1666756800,2022-10-26,103.87,109.16,102.29,107.75,2388434.0
1666843200,2022-10-27,107.85,112.23,107.13,110.8,1344956.0
1666929600,2022-10-28,110.8,115.63,110.36,115.29,1138534.0
1667188800,2022-10-31,114.81,116.41,113.95,114.16,980384.0
1667275200,2022-11-01,115.1,115.73,113.6,115.58,712344.0
1667361600,2022-11-02,115.75,115.75,111.29,111.46,870071.0
1667448000,2022-11-03,115.75,115.75,111.29,111.46,870071.0
1667534400,2022-11-04,110.96,111.84,107.73,110.41,699320.0
1667797200,2022-11-07,111.26,111.72,108.42,111.46,596344.0
1667883600,2022-11-08,110.86,112.51,109.52,111.56,572919.0
1667970000,2022-11-09,110.73,112.5,109.31,110.03,428187.0
1668056400,2022-11-10,114.17,120.34,113.12,120.0,1138885.0
1668142800,2022-11-11,120.28,123.9,119.8,123.15,1017226.0
1668402000,2022-11-14,122.53,125.15,120.83,123.82,745970.0
1668488400,2022-11-15,125.28,127.26,123.67,125.74,865922.0
1668574800,2022-11-16,125.45,125.86,122.96,124.45,609170.0
1668661200,2022-11-17,123.14,124.7,121.7,124.43,648026.0
1668747600,2022-11-18,126.53,127.34,124.63,126.77,648732.0
1669006800,2022-11-21,125.81,128.12,125.21,125.81,623046.0
1669093200,2022-11-22,126.11,127.29,125.16,126.86,987095.0
1669179600,2022-11-23,127.07,129.06,126.08,127.73,603252.0
1669352400,2022-11-25,130.02,130.77,128.14,130.77,274277.0
1669611600,2022-11-28,129.11,129.21,127.14,127.22,823466.0
1669698000,2022-11-29,126.45,128.94,126.45,128.62,446045.0
1669784400,2022-11-30,128.61,129.75,127.3,129.11,1655409.0
1669870800,2022-12-01,130.65,130.65,128.25,128.47,917051.0
1669957200,2022-12-02,126.8,128.43,125.85,127.63,910068.0
1670216400,2022-12-05,126.3,126.42,123.93,125.67,599519.0
1670302800,2022-12-06,125.57,126.42,124.2,126.25,661220.0
1670389200,2022-12-07,126.74,127.48,125.44,126.42,509962.0
1670475600,2022-12-08,126.72,128.97,125.66,127.89,497845.0
1670562000,2022-12-09,126.63,127.45,125.41,125.64,446093.0
1670821200,2022-12-12,125.68,126.74,124.3,126.69,461571.0
1670907600,2022-12-13,129.76,129.76,126.59,127.73,480746.0
1670994000,2022-12-14,128.29,131.4,127.09,129.09,880811.0
1671080400,2022-12-15,127.42,130.92,127.24,130.77,1356881.0
1671166800,2022-12-16,129.85,135.38,129.85,133.97,2426262.0
1671426000,2022-12-19,133.56,134.94,132.63,132.71,1105083.0
1671512400,2022-12-20,132.29,135.48,132.18,133.79,723850.0
1671598800,2022-12-21,134.82,140.16,134.82,140.11,1290888.0
1671685200,2022-12-22,139.16,139.75,135.39,139.12,713183.0
1671771600,2022-12-23,138.68,139.22,137.57,138.89,375905.0
1672117200,2022-12-27,138.92,140.13,137.7,139.38,281599.0
1672203600,2022-12-28,139.24,140.25,137.05,137.52,410232.0
1672290000,2022-12-29,138.27,140.5,137.48,138.92,357607.0
1672376400,2022-12-30,138.21,139.06,137.37,139.02,378122.0
1672722000,2023-01-03,140.63,141.43,138.43,140.72,676831.0
1672808400,2023-01-04,141.32,143.84,140.67,143.83,873776.0
1672894800,2023-01-05,143.19,147.31,142.77,146.99,896124.0
1672981200,2023-01-06,148.11,150.72,147.56,149.94,756574.0
1673240400,2023-01-09,150.53,150.53,145.44,146.13,636279.0
1673326800,2023-01-10,146.75,147.24,145.12,145.54,544945.0
1673413200,2023-01-11,145.75,146.13,141.48,142.76,871760.0
1673499600,2023-01-12,143.43,145.87,142.42,144.24,478529.0
1673586000,2023-01-13,143.41,146.63,143.11,145.92,389734.0
1673931600,2023-01-17,145.86,145.92,143.78,144.6,369361.0
1674018000,2023-01-18,144.8,145.82,143.6,143.72,304029.0
1674104400,2023-01-19,143.2,145.53,141.79,144.35,600242.0
1674190800,2023-01-20,144.79,148.19,143.56,147.48,613423.0
1674450000,2023-01-23,147.36,150.43,146.43,146.44,494862.0
1674536400,2023-01-24,147.07,147.72,143.44,144.21,561796.0
1674622800,2023-01-25,143.5,144.54,142.72,144.21,485979.0
1674709200,2023-01-26,144.73,145.31,142.34,143.6,985586.0
1674795600,2023-01-27,142.49,145.68,139.48,143.28,681270.0
1675054800,2023-01-30,142.82,143.69,141.6,143.23,478024.0
1675141200,2023-01-31,143.9,146.27,143.06,146.24,484187.0
1675227600,2023-02-01,145.69,152.07,145.69,150.64,755645.0
1675314000,2023-02-02,149.46,152.6,147.21,148.43,580424.0
1675400400,2023-02-03,147.95,149.07,145.81,146.44,515848.0
1675659600,2023-02-06,145.34,145.58,142.78,143.01,423867.0
1675746000,2023-02-07,142.34,143.36,140.55,142.59,629807.0
1675832400,2023-02-08,142.72,143.96,141.76,143.29,375430.0
1675918800,2023-02-09,144.35,144.61,142.45,143.84,413307.0
1676005200,2023-02-10,144.32,145.56,144.15,145.09,314127.0
1676264400,2023-02-13,145.27,146.78,144.88,146.42,293515.0
1676350800,2023-02-14,146.16,147.6,144.98,146.37,283028.0
1676437200,2023-02-15,145.37,146.91,144.52,146.17,281737.0
1676523600,2023-02-16,144.76,149.67,144.45,147.99,491264.0
1676610000,2023-02-17,147.8,148.92,147.52,148.75,308518.0
1676955600,2023-02-21,147.35,148.62,146.2,146.59,349833.0
1677042000,2023-02-22,146.9,147.29,145.05,145.44,284509.0
1677128400,2023-02-23,145.56,146.18,143.63,145.1,374758.0
1677214800,2023-02-24,142.67,145.64,142.34,144.97,684809.0
1677474000,2023-02-27,145.94,147.0,143.28,144.1,605726.0
1677560400,2023-02-28,126.89,134.02,122.54,131.99,3220379.0
1677646800,2023-03-01,131.09,131.09,125.75,130.52,1386471.0
1677733200,2023-03-02,129.42,129.45,125.56,126.0,821074.0
1677819600,2023-03-03,126.78,126.93,123.61,125.62,1245502.0
1678078800,2023-03-06,124.71,125.78,123.07,124.45,1190226.0
1678165200,2023-03-07,124.0,124.0,119.87,120.97,951357.0
1678251600,2023-03-08,120.74,123.11,120.34,121.52,639061.0
1678338000,2023-03-09,121.81,122.33,117.56,118.17,1002987.0
1678424400,2023-03-10,117.88,117.88,114.8,116.29,773884.0
1678680000,2023-03-13,114.43,116.83,114.03,115.16,537858.0
1678766400,2023-03-14,117.15,117.24,114.48,115.21,754900.0
1678852800,2023-03-15,112.51,116.35,112.35,116.26,858580.0
1678939200,2023-03-16,114.98,120.75,114.98,119.59,850729.0
1679025600,2023-03-17,119.36,119.45,117.49,117.87,923764.0
1679284800,2023-03-20,118.39,122.63,118.39,121.83,690546.0
1679371200,2023-03-21,123.54,125.22,123.02,124.39,727498.0
1679457600,2023-03-22,124.4,125.3,120.7,120.8,500100.0
1679544000,2023-03-23,120.56,121.44,118.81,120.36,415999.0
1679630400,2023-03-24,119.98,121.6,119.26,121.18,360389.0
1679889600,2023-03-27,123.14,123.64,121.62,122.18,388617.0
1679976000,2023-03-28,121.81,123.02,120.93,122.23,248258.0
1680062400,2023-03-29,123.14,123.37,121.56,122.65,723677.0
1680148800,2023-03-30,124.01,124.39,122.56,123.52,308623.0
1680235200,2023-03-31,124.3,125.79,123.77,125.6,485210.0
1680494400,2023-04-03,125.77,127.1,125.29,126.18,580990.0
1680580800,2023-04-04,126.99,127.1,125.8,126.84,437808.0
1680667200,2023-04-05,126.71,127.39,125.84,127.18,495888.0
1680753600,2023-04-06,127.47,127.77,125.98,126.57,392088.0
1681099200,2023-04-10,126.26,127.85,126.26,127.82,282478.0
1681185600,2023-04-11,128.01,131.68,127.64,130.99,710957.0
1681272000,2023-04-12,131.79,132.76,131.03,132.5,643258.0
1681358400,2023-04-13,133.27,135.14,131.84,134.61,733058.0
1681444800,2023-04-14,135.18,136.74,133.93,134.37,460827.0
1681704000,2023-04-17,134.03,135.58,133.83,134.63,458098.0
1681790400,2023-04-18,135.48,136.74,135.05,135.18,499020.0
1681876800,2023-04-19,134.56,136.28,134.28,135.54,580917.0
1681963200,2023-04-20,135.06,135.27,133.07,134.47,534616.0
1682049600,2023-04-21,136.45,140.4,136.44,138.32,1065485.0
1682308800,2023-04-24,138.35,141.31,137.07,139.04,775758.0
1682395200,2023-04-25,140.91,142.74,138.27,139.06,1013184.0
1682481600,2023-04-26,143.11,144.5,139.84,141.1,1438039.0
1682568000,2023-04-27,141.74,144.25,141.44,144.1,762335.0
1682654400,2023-04-28,144.25,148.7,144.23,148.58,772914.0
1682913600,2023-05-01,148.67,150.32,146.17,146.44,619864.0
1683000000,2023-05-02,145.3,145.85,140.17,142.24,746563.0
1683086400,2023-05-03,142.8,143.44,139.84,140.87,789528.0
1683172800,2023-05-04,140.17,140.38,137.43,139.42,438748.0
1683259200,2023-05-05,140.74,142.06,139.8,141.11,344551.0
1683518400,2023-05-08,140.68,142.27,140.38,141.5,311381.0
1683604800,2023-05-09,141.39,141.92,138.87,141.45,379219.0
1683691200,2023-05-10,142.77,142.77,138.75,139.86,498272.0
1683777600,2023-05-11,139.04,139.49,137.1,138.38,489233.0
1683864000,2023-05-12,139.03,139.44,137.03,137.88,333832.0
1684123200,2023-05-15,137.73,137.85,134.69,136.43,887864.0
1684209600,2023-05-16,135.63,137.08,132.3,132.82,1159141.0
1684296000,2023-05-17,133.4,134.06,131.7,132.81,671307.0
1684382400,2023-05-18,132.8,134.64,132.42,134.24,556928.0
1684468800,2023-05-19,135.09,135.09,133.0,133.04,605561.0
1684728000,2023-05-22,133.27,135.17,132.94,133.64,467133.0
1684814400,2023-05-23,132.65,133.23,125.28,125.43,1123690.0
1684900800,2023-05-24,125.13,126.16,124.05,125.92,982869.0
1684987200,2023-05-25,125.03,126.84,124.3,126.09,632571.0
1685073600,2023-05-26,125.89,126.77,124.11,126.47,628290.0
1685419200,2023-05-30,127.5,131.47,127.41,129.81,856602.0
1685505600,2023-05-31,129.02,131.77,126.81,130.77,816213.0
1685592000,2023-06-01,130.66,131.51,129.48,129.79,429023.0
1685678400,2023-06-02,131.99,135.49,131.71,134.06,611324.0
1685937600,2023-06-05,134.05,135.94,133.2,133.32,565819.0
1686024000,2023-06-06,133.77,134.71,132.4,134.62,490800.0
1686110400,2023-06-07,135.37,137.44,134.2,136.07,510026.0
1686196800,2023-06-08,138.0,138.0,135.11,136.47,332875.0
1686283200,2023-06-09,135.58,136.07,134.59,134.97,314201.0
1686542400,2023-06-12,134.93,135.45,133.65,134.83,327732.0
1686628800,2023-06-13,135.29,140.44,134.98,139.52,606363.0
1686715200,2023-06-14,144.24,152.15,144.22,144.68,1706332.0
1686801600,2023-06-15,142.52,146.81,141.55,146.28,1104300.0
1686888000,2023-06-16,148.27,150.42,145.65,147.09,1485456.0
1687233600,2023-06-20,146.94,148.38,145.12,147.58,1057969.0
1687320000,2023-06-21,146.85,149.85,146.38,148.21,1033079.0
1687406400,2023-06-22,148.09,148.45,145.91,148.4,567692.0
1687492800,2023-06-23,147.59,150.02,146.55,149.87,921743.0
1687752000,2023-06-26,149.89,151.42,148.28,150.51,491816.0
1687838400,2023-06-27,149.52,155.48,149.44,154.76,784433.0
1687924800,2023-06-28,154.38,156.14,153.4,154.16,515016.0
1688011200,2023-06-29,154.03,155.38,154.03,154.9,323962.0
1688097600,2023-06-30,156.34,156.94,154.59,156.14,358349.0
1688356800,2023-07-03,154.91,155.62,152.52,153.81,248601.0
1688529600,2023-07-05,153.55,154.14,151.56,152.07,666629.0
1688616000,2023-07-06,151.61,151.61,148.95,150.36,622207.0
1688702400,2023-07-07,149.73,151.25,149.08,149.4,773817.0
1688961600,2023-07-10,149.34,152.57,148.74,152.07,771236.0
1689048000,2023-07-11,152.77,153.39,150.48,151.13,577248.0
1689134400,2023-07-12,151.64,152.62,150.19,152.36,731148.0
1689220800,2023-07-13,152.27,152.71,150.87,151.51,466885.0
1689307200,2023-07-14,152.02,155.82,150.14,152.1,794337.0
1689566400,2023-07-17,151.28,152.29,149.92,151.86,510036.0
1689652800,2023-07-18,150.91,153.13,150.47,151.44,490335.0
1689739200,2023-07-19,150.95,151.68,147.47,150.82,813586.0
1689825600,2023-07-20,152.07,152.14,149.01,149.86,507833.0
1689912000,2023-07-21,150.22,150.81,146.59,146.98,669498.0
1690171200,2023-07-24,147.83,148.64,146.38,146.79,522024.0
1690257600,2023-07-25,145.92,148.74,144.91,148.1,852608.0
1690344000,2023-07-26,142.38,144.79,137.07,139.97,1922327.0
1690430400,2023-07-27,141.07,141.07,135.67,136.63,1017039.0
1690516800,2023-07-28,138.32,138.51,136.16,137.31,795052.0
1690776000,2023-07-31,137.57,137.75,135.33,137.53,642066.0
1690862400,2023-08-01,137.63,138.74,136.19,137.82,597477.0
1690948800,2023-08-02,137.81,138.76,134.88,135.18,719674.0
1691035200,2023-08-03,135.33,136.09,133.77,133.91,747961.0
1691121600,2023-08-04,133.95,134.26,131.82,132.97,1656917.0
1691380800,2023-08-07,133.6,135.32,133.49,135.28,519568.0
1691467200,2023-08-08,134.37,134.94,132.06,134.87,754933.0
1691553600,2023-08-09,135.31,135.81,130.11,130.23,860190.0
1691640000,2023-08-10,130.59,131.74,129.47,130.02,978728.0
1691726400,2023-08-11,129.6,130.98,129.48,130.17,524051.0
1691985600,2023-08-14,129.46,130.75,128.52,130.7,611269.0
1692072000,2023-08-15,130.61,131.2,128.66,129.42,682486.0
1692158400,2023-08-16,129.35,131.42,128.37,128.4,435325.0
1692244800,2023-08-17,128.24,129.16,125.95,126.51,652649.0
1692331200,2023-08-18,125.91,127.71,125.91,127.23,519176.0
1692590400,2023-08-21,127.4,128.0,126.08,126.98,477301.0
1692676800,2023-08-22,127.41,129.57,126.96,129.37,562669.0
1692763200,2023-08-23,130.21,130.21,128.7,129.15,302133.0
1692849600,2023-08-24,129.03,131.83,128.76,128.79,372713.0
1692936000,2023-08-25,129.17,130.21,128.03,129.9,561655.0
1693195200,2023-08-28,130.26,132.09,130.26,131.64,394268.0
1693281600,2023-08-29,131.64,134.0,130.78,133.37,426858.0
1693368000,2023-08-30,134.02,134.43,133.37,133.61,300808.0
1693454400,2023-08-31,133.7,134.68,133.44,133.51,549828.0
1693540800,2023-09-01,134.51,134.77,131.95,133.38,430043.0
1693886400,2023-09-05,132.89,132.96,126.93,127.74,576473.0
1693972800,2023-09-06,127.19,128.17,125.38,126.35,706882.0
1694059200,2023-09-07,125.95,127.66,125.57,126.97,613443.0
1694145600,2023-09-08,127.23,132.25,126.61,130.34,934916.0
1694404800,2023-09-11,130.3,131.88,129.43,129.5,684295.0
1694491200,2023-09-12,129.09,129.21,125.67,125.76,460262.0
1694577600,2023-09-13,125.74,126.34,124.89,125.28,379701.0
1694664000,2023-09-14,127.53,127.94,125.29,126.39,276077.0
1694750400,2023-09-15,125.89,126.41,124.06,125.02,829702.0
1695009600,2023-09-18,125.06,126.99,124.89,126.3,573988.0
1695096000,2023-09-19,126.12,128.3,125.36,126.68,533628.0
1695182400,2023-09-20,127.39,129.44,127.39,127.91,636723.0
1695268800,2023-09-21,127.21,127.47,125.03,125.49,425277.0
1695355200,2023-09-22,125.41,126.86,125.26,125.9,323955.0
1695614400,2023-09-25,125.41,127.86,125.41,126.94,251340.0
1695700800,2023-09-26,126.51,127.25,124.66,124.74,392023.0
1695787200,2023-09-27,124.74,126.0,120.98,123.1,523253.0
1695873600,2023-09-28,123.22,126.24,122.4,125.68,510897.0
1695960000,2023-09-29,125.95,126.75,124.12,124.62,454014.0
1696219200,2023-10-02,124.06,126.25,123.97,125.13,487352.0
1696305600,2023-10-03,125.23,125.23,121.78,123.72,567054.0
1696392000,2023-10-04,123.87,124.62,122.04,123.0,590063.0
1696478400,2023-10-05,123.17,124.7,122.17,124.42,582419.0
1696564800,2023-10-06,124.06,126.12,123.6,125.27,481931.0
1696824000,2023-10-09,125.17,129.28,124.06,129.04,772896.0
1696910400,2023-10-10,129.22,131.51,128.7,130.56,550796.0
1696996800,2023-10-11,129.95,130.01,124.62,125.9,632052.0
1697083200,2023-10-12,126.07,126.66,122.32,122.72,572286.0
1697169600,2023-10-13,122.77,124.84,122.17,122.93,442859.0
1697428800,2023-10-16,123.71,125.39,122.62,124.99,561738.0
1697515200,2023-10-17,124.58,127.18,124.58,126.2,398376.0
1697601600,2023-10-18,125.58,128.28,124.73,126.9,394251.0
1697688000,2023-10-19,127.0,128.71,125.95,126.53,461541.0
1697774400,2023-10-20,127.37,127.38,123.33,123.58,498261.0
1698033600,2023-10-23,124.21,125.61,123.2,123.88,469968.0
1698120000,2023-10-24,120.72,124.86,118.84,123.43,792677.0
1698206400,2023-10-25,122.8,124.32,120.98,121.13,869552.0
1698292800,2023-10-26,121.11,128.31,119.93,123.13,1737327.0
1698379200,2023-10-27,122.56,125.15,120.77,122.25,1158002.0
1698638400,2023-10-30,123.22,123.99,120.48,122.74,713410.0
1698724800,2023-10-31,123.51,125.08,122.71,124.78,428606.0
1698811200,2023-11-01,123.59,125.36,123.18,124.28,645612.0
1698897600,2023-11-02,125.47,126.65,124.58,125.0,390213.0
1698984000,2023-11-03,125.73,128.43,125.73,127.12,591620.0
1699246800,2023-11-06,127.19,129.0,126.09,128.52,702536.0
1699333200,2023-11-07,127.89,129.42,126.96,128.98,492620.0
1699419600,2023-11-08,129.74,129.74,128.38,128.47,454075.0
1699506000,2023-11-09,129.03,130.04,127.12,127.13,567922.0
1699592400,2023-11-10,127.63,129.93,126.3,129.08,528865.0
1699851600,2023-11-13,129.26,129.97,128.2,128.35,455986.0
1699938000,2023-11-14,130.53,132.4,129.62,131.44,430995.0
1700024400,2023-11-15,131.37,133.25,131.21,131.73,627671.0
1700110800,2023-11-16,132.27,133.29,131.57,133.26,483483.0
1700197200,2023-11-17,134.47,136.98,134.15,134.76,612098.0
1700456400,2023-11-20,133.72,135.84,133.72,134.74,419440.0
1700542800,2023-11-21,134.88,136.34,134.63,134.84,366357.0
1700629200,2023-11-22,135.5,137.28,134.92,137.16,276043.0
1700802000,2023-11-24,137.44,138.37,136.94,137.49,152021.0
1701061200,2023-11-27,137.13,137.36,134.9,136.02,470190.0
1701147600,2023-11-28,136.35,136.35,133.75,134.88,359842.0
1701234000,2023-11-29,135.53,136.44,134.09,134.55,357972.0
1701320400,2023-11-30,134.3,136.52,133.69,136.46,392153.0
1701406800,2023-12-01,136.5,137.94,136.3,136.68,439915.0
1701666000,2023-12-04,136.02,138.91,135.77,138.73,304030.0
1701752400,2023-12-05,137.93,138.17,135.07,135.1,359043.0
1701838800,2023-12-06,135.72,136.78,133.97,134.22,295643.0
1701925200,2023-12-07,134.45,134.45,132.87,133.36,462122.0
1702011600,2023-12-08,133.58,136.75,132.71,136.43,401316.0
1702270800,2023-12-11,139.67,142.51,138.86,142.36,510724.0
1702357200,2023-12-12,143.09,144.06,141.63,143.86,403899.0
1702443600,2023-12-13,144.02,148.68,142.9,148.21,485825.0
1702530000,2023-12-14,148.89,151.67,148.81,150.35,682158.0
1702616400,2023-12-15,149.57,150.98,147.6,147.73,1514225.0
1702875600,2023-12-18,148.39,149.11,146.24,148.84,545570.0
1702962000,2023-12-19,149.27,150.65,148.81,149.77,435320.0
1703048400,2023-12-20,150.22,150.45,146.91,146.98,424774.0
1703134800,2023-12-21,148.08,150.26,147.92,149.89,453706.0
1703221200,2023-12-22,150.38,152.44,150.13,151.95,382749.0
1703566800,2023-12-26,152.15,154.03,151.5,152.99,288045.0
1703653200,2023-12-27,152.79,152.81,150.58,151.48,374397.0
1703739600,2023-12-28,151.33,152.62,150.79,151.55,332946.0
1703826000,2023-12-29,151.57,151.92,150.23,151.31,239880.0
1704171600,2024-01-02,151.74,156.65,151.42,155.25,674853.0
1704258000,2024-01-03,154.34,154.95,151.26,151.91,472182.0
1704344400,2024-01-04,152.1,152.94,150.79,151.05,599011.0
1704430800,2024-01-05,151.08,154.07,151.08,152.56,660026.0
1704690000,2024-01-08,152.68,153.6,151.55,153.27,339483.0
1704776400,2024-01-09,152.33,154.41,152.13,153.14,331672.0
1704862800,2024-01-10,152.8,155.87,152.31,155.7,335849.0
1704949200,2024-01-11,155.25,157.58,154.89,157.22,387323.0
1705035600,2024-01-12,157.82,159.17,156.52,157.42,533762.0
1705381200,2024-01-16,156.24,156.97,154.67,156.78,350986.0
1705467600,2024-01-17,155.38,157.42,153.05,153.57,392015.0
1705554000,2024-01-18,154.07,155.72,153.04,155.23,451003.0
1705640400,2024-01-19,155.61,156.65,154.43,156.64,307878.0
1705899600,2024-01-22,157.33,158.76,154.66,154.9,497714.0
1705986000,2024-01-23,154.77,155.51,151.57,152.67,676162.0
1706072400,2024-01-24,153.38,153.38,149.0,152.22,798496.0
1706158800,2024-01-25,153.34,156.09,152.55,155.82,543564.0
1706245200,2024-01-26,156.56,158.25,155.7,156.4,458316.0
1706504400,2024-01-29,155.65,156.95,154.38,155.69,487948.0
1706590800,2024-01-30,158.15,160.01,157.72,157.77,570888.0
1706677200,2024-01-31,158.63,160.12,157.35,157.64,402042.0
1706763600,2024-02-01,157.27,163.59,156.52,161.93,690417.0
1706850000,2024-02-02,160.89,163.1,160.8,161.53,444748.0
1707109200,2024-02-05,161.02,162.91,160.5,161.47,409383.0
1707195600,2024-02-06,160.98,162.29,160.04,160.95,293134.0
1707282000,2024-02-07,161.28,163.12,160.72,161.25,292698.0
1707368400,2024-02-08,161.25,161.83,159.28,160.76,368004.0
1707454800,2024-02-09,160.79,161.6,160.08,161.18,270273.0
1707714000,2024-02-12,160.68,163.74,159.56,163.33,393110.0
1707800400,2024-02-13,161.04,162.23,159.0,159.41,397711.0
1707886800,2024-02-14,160.6,162.14,159.04,160.51,353719.0
1707973200,2024-02-15,162.07,162.43,160.63,161.52,391312.0
1708059600,2024-02-16,161.31,162.54,159.66,160.96,309776.0
1708405200,2024-02-20,159.9,161.58,159.5,161.23,390846.0
1708491600,2024-02-21,160.83,162.19,159.66,162.09,309643.0
1708578000,2024-02-22,162.3,164.63,161.58,163.27,660207.0
1708664400,2024-02-23,163.48,165.12,163.0,163.09,524306.0
1708923600,2024-02-26,163.09,164.56,160.97,163.11,508268.0
1709010000,2024-02-27,162.91,164.56,161.82,164.56,826982.0
1709096400,2024-02-28,169.32,175.12,159.97,160.53,1812970.0
1709182800,2024-02-29,162.12,166.17,160.71,166.02,1004117.0
1709269200,2024-03-01,166.02,170.83,165.01,170.06,680616.0
1709528400,2024-03-04,169.73,174.44,169.46,173.52,662300.0
1709614800,2024-03-05,172.65,176.43,172.65,174.41,556141.0
1709701200,2024-03-06,174.8,176.14,172.25,174.86,505094.0
1709787600,2024-03-07,176.32,178.29,175.13,176.57,419659.0
1709874000,2024-03-08,176.26,176.97,174.58,174.6,516570.0
1710129600,2024-03-11,173.73,175.02,169.31,170.23,737286.0
1710216000,2024-03-12,169.61,173.85,168.62,173.63,748149.0
1710302400,2024-03-13,173.71,175.88,172.24,173.33,428656.0
1710388800,2024-03-14,172.93,173.14,170.69,171.86,478640.0
1710475200,2024-03-15,168.45,173.56,168.45,172.82,856267.0
1710734400,2024-03-18,171.96,176.48,171.53,176.2,515561.0
1710820800,2024-03-19,176.89,179.86,176.76,179.11,767935.0
1710907200,2024-03-20,178.96,180.25,177.14,178.77,536227.0
1710993600,2024-03-21,179.23,181.16,178.88,179.65,548074.0
1711080000,2024-03-22,179.48,179.95,177.56,179.37,392814.0
1711339200,2024-03-25,179.37,179.89,176.54,176.75,552281.0
1711425600,2024-03-26,176.75,178.45,176.0,176.21,675693.0
1711512000,2024-03-27,178.3,180.8,177.25,180.72,550244.0
1711598400,2024-03-28,181.37,182.47,180.6,181.33,699083.0
1711944000,2024-04-01,178.88,178.88,170.2,174.12,1348003.0
1712030400,2024-04-02,173.35,173.35,168.65,171.35,878944.0
1712116800,2024-04-03,171.1,173.8,170.41,172.66,488620.0
1712203200,2024-04-04,173.89,173.89,170.36,171.27,405007.0
1712289600,2024-04-05,171.75,172.87,170.75,172.35,388934.0
1712548800,2024-04-08,171.83,172.5,170.42,170.56,428224.0
1712635200,2024-04-09,170.65,171.13,168.15,170.43,665562.0
1712721600,2024-04-10,168.28,170.78,168.01,169.17,388222.0
1712808000,2024-04-11,169.36,170.35,166.75,167.35,399253.0
1712894400,2024-04-12,166.81,168.02,164.76,165.75,521405.0
1713153600,2024-04-15,167.96,168.92,164.39,165.39,545600.0
1713240000,2024-04-16,165.42,165.42,159.74,160.41,795567.0
1713326400,2024-04-17,161.07,161.52,158.47,159.04,547087.0
1713412800,2024-04-18,154.29,156.2,151.74,152.7,1047629.0
1713499200,2024-04-19,153.45,156.49,152.71,156.49,903015.0
1713758400,2024-04-22,157.51,160.95,157.12,160.13,672652.0
1713844800,2024-04-23,160.66,164.95,160.49,163.89,803944.0
1713931200,2024-04-24,163.16,165.65,162.46,164.87,1213515.0
1714017600,2024-04-25,173.86,173.86,160.58,164.07,1260225.0
1714104000,2024-04-26,162.19,166.7,159.84,165.03,965423.0
1714363200,2024-04-29,165.76,168.42,165.76,168.07,794858.0
1714449600,2024-04-30,168.97,169.96,167.56,169.37,1004222.0
1714536000,2024-05-01,168.37,171.88,167.24,169.13,1161938.0
1714622400,2024-05-02,170.08,170.13,166.09,168.83,651966.0
1714708800,2024-05-03,170.72,170.72,166.49,166.66,597904.0
1714968000,2024-05-06,167.99,168.58,167.53,168.1,811257.0
1715054400,2024-05-07,169.52,170.14,168.34,168.45,660674.0
1715140800,2024-05-08,167.66,169.46,166.32,168.42,513866.0
1715227200,2024-05-09,168.64,176.22,168.64,175.95,710756.0
1715313600,2024-05-10,175.95,179.48,175.77,176.98,573418.0
1715572800,2024-05-13,177.08,177.52,175.33,177.48,743433.0
1715659200,2024-05-14,179.28,180.26,176.29,177.8,1007491.0
1715745600,2024-05-15,178.36,181.74,178.2,181.11,562597.0
1715832000,2024-05-16,180.18,181.78,177.57,177.87,873502.0
1715918400,2024-05-17,178.27,178.27,176.04,176.6,344237.0
1716177600,2024-05-20,180.81,180.81,177.03,180.28,597948.0
1716264000,2024-05-21,180.05,180.64,176.76,179.08,713929.0
1716350400,2024-05-22,178.64,180.42,177.21,177.79,423024.0
1716436800,2024-05-23,177.53,177.67,175.28,175.81,476435.0
1716523200,2024-05-24,177.35,177.46,175.08,175.27,588267.0
1716868800,2024-05-28,174.13,175.2,173.2,174.09,404028.0
1716955200,2024-05-29,173.42,180.48,173.35,179.11,900471.0
1717041600,2024-05-30,179.21,185.49,179.06,184.75,776900.0
1717128000,2024-05-31,185.04,188.77,183.61,188.62,847368.0
1717387200,2024-06-03,187.51,188.19,183.68,185.64,634315.0
1717473600,2024-06-04,184.9,185.64,180.27,183.69,458097.0
1717560000,2024-06-05,184.92,188.85,184.53,188.5,629933.0
1717646400,2024-06-06,187.84,189.51,186.63,188.37,541291.0
1717732800,2024-06-07,186.58,187.92,186.35,186.57,343793.0
1717992000,2024-06-10,185.69,188.33,184.82,187.96,671849.0
1718078400,2024-06-11,187.04,187.41,184.65,184.72,608545.0
1718164800,2024-06-12,187.19,188.41,185.18,186.28,892272.0
1718251200,2024-06-13,185.77,187.7,182.31,187.21,520602.0
1718337600,2024-06-14,185.7,187.25,182.31,186.88,590814.0
1718596800,2024-06-17,185.79,189.18,185.14,188.83,555157.0
1718683200,2024-06-18,188.53,190.3,187.35,189.58,403628.0
1718856000,2024-06-20,188.85,190.52,187.37,187.71,349849.0
1718942400,2024-06-21,187.84,189.13,186.17,188.13,783735.0
1719201600,2024-06-24,188.8,190.93,187.76,190.03,468550.0
1719288000,2024-06-25,190.51,192.48,180.88,186.73,1020911.0
1719374400,2024-06-26,190.21,190.21,185.52,188.69,721590.0
1719460800,2024-06-27,188.43,190.59,186.08,190.57,404605.0
1719547200,2024-06-28,190.76,193.02,181.27,183.98,1161234.0
1719806400,2024-07-01,185.09,187.56,181.13,181.26,559877.0
1719892800,2024-07-02,181.58,184.14,179.84,183.77,414477.0
1719979200,2024-07-03,183.45,185.49,182.98,184.44,239235.0
1720152000,2024-07-05,183.2,183.69,176.74,180.0,893054.0
1720411200,2024-07-08,180.8,181.28,176.43,179.7,939334.0
1720497600,2024-07-09,180.62,182.26,179.16,180.02,587255.0
1720584000,2024-07-10,180.93,181.45,178.39,179.25,736040.0
1720670400,2024-07-11,180.69,183.19,179.68,183.0,808968.0
1720756800,2024-07-12,183.68,186.27,183.25,183.48,421387.0
1721016000,2024-07-15,178.27,182.42,177.14,177.76,709316.0
1721102400,2024-07-16,179.07,182.98,176.46,182.93,1034886.0
1721188800,2024-07-17,182.93,188.67,180.47,182.82,865926.0
1721275200,2024-07-18,182.57,185.79,179.56,180.55,825626.0
1721361600,2024-07-19,182.08,182.08,178.58,179.89,634561.0
1721620800,2024-07-22,180.4,182.56,178.88,181.23,610683.0
1721707200,2024-07-23,183.42,185.54,180.36,184.35,854308.0
1721793600,2024-07-24,186.04,188.8,184.1,185.01,958691.0
1721880000,2024-07-25,186.04,188.8,184.1,185.01,958691.0
1721966400,2024-07-26,208.5,213.54,205.3,212.59,1474291.0
1722225600,2024-07-29,214.54,218.48,213.26,216.31,914806.0
1722312000,2024-07-30,216.0,217.83,213.66,213.99,878667.0
1722398400,2024-07-31,214.88,215.72,210.66,212.66,1108920.0
1722484800,2024-08-01,214.0,217.86,211.7,214.71,849637.0
1722571200,2024-08-02,213.24,215.8,209.87,212.11,858520.0
1722830400,2024-08-05,208.03,212.57,204.09,209.91,778424.0
1722916800,2024-08-06,209.97,212.5,208.68,211.02,1603630.0
1723003200,2024-08-07,212.86,214.17,208.95,210.98,978974.0
1723089600,2024-08-08,211.47,217.44,210.91,217.28,715340.0
1723176000,2024-08-09,216.97,217.55,213.75,214.11,502479.0
1723435200,2024-08-12,214.07,216.76,213.38,216.62,387267.0
1723521600,2024-08-13,216.96,220.52,216.96,219.35,560150.0
1723608000,2024-08-14,220.4,223.19,218.79,220.71,533980.0
1723694400,2024-08-15,221.88,222.94,218.54,222.12,543708.0
1723780800,2024-08-16,222.78,225.83,221.47,225.27,570552.0
1724040000,2024-08-19,225.38,227.11,223.46,226.35,454299.0
1724126400,2024-08-20,226.53,227.83,224.74,226.39,553958.0
1724212800,2024-08-21,226.39,227.66,225.21,226.63,506555.0
1724299200,2024-08-22,227.8,229.3,227.48,228.11,519705.0
1724385600,2024-08-23,229.38,232.56,228.61,231.94,684942.0
1724644800,2024-08-26,232.17,234.0,230.34,231.84,493806.0
1724731200,2024-08-27,231.35,234.39,231.35,234.15,521552.0
1724817600,2024-08-28,234.29,236.56,234.29,235.61,619947.0
1724904000,2024-08-29,236.62,236.64,233.6,234.48,378406.0
1724990400,2024-08-30,234.19,237.03,234.19,236.75,494187.0
1725336000,2024-09-03,236.25,238.26,234.09,235.45,599252.0
1725422400,2024-09-04,235.63,237.66,234.65,237.57,523987.0
1725508800,2024-09-05,236.97,238.29,234.52,238.28,704783.0
1725595200,2024-09-06,238.05,240.91,225.61,228.16,929670.0
1725854400,2024-09-09,229.3,231.69,222.78,225.54,954013.0
1725940800,2024-09-10,226.24,228.47,223.51,224.71,555651.0
1726027200,2024-09-11,224.48,230.53,223.28,228.78,819074.0
1726113600,2024-09-12,225.3,230.97,225.3,230.36,560635.0
1726200000,2024-09-13,230.11,232.66,230.11,231.56,346004.0
1726459200,2024-09-16,232.84,235.78,231.46,233.98,480844.0
1726545600,2024-09-17,233.63,234.65,229.93,231.28,605153.0
1726632000,2024-09-18,229.04,236.24,229.01,233.68,614975.0
1726718400,2024-09-19,235.91,236.78,232.52,236.77,489291.0
1726804800,2024-09-20,236.14,238.52,234.37,237.0,843326.0
1727064000,2024-09-23,238.19,240.29,237.1,239.55,421798.0
1727150400,2024-09-24,239.11,242.2,237.48,240.48,463012.0
1727236800,2024-09-25,240.97,241.79,239.63,240.2,354695.0
1727323200,2024-09-26,240.05,240.49,236.52,238.64,398052.0
1727409600,2024-09-27,238.51,238.92,222.34,228.93,1381373.0
1727668800,2024-09-30,223.11,228.37,211.16,228.02,1753248.0
1727755200,2024-10-01,227.61,227.83,221.38,223.69,822666.0
1727841600,2024-10-02,223.04,224.53,221.9,223.04,707641.0
1727928000,2024-10-03,222.6,223.64,211.59,214.24,1529630.0
1728014400,2024-10-04,215.86,216.56,212.06,214.75,674440.0
1728273600,2024-10-07,213.51,215.42,210.32,211.87,741497.0
1728360000,2024-10-08,212.78,213.22,208.37,211.59,831829.0
1728446400,2024-10-09,211.21,213.55,207.34,212.03,694036.0
1728532800,2024-10-10,211.76,212.98,208.89,211.98,471656.0
1728619200,2024-10-11,212.95,214.03,212.2,213.41,420698.0
1728878400,2024-10-14,213.11,220.62,212.97,219.5,893563.0
1728964800,2024-10-15,220.05,230.63,220.05,224.37,1123063.0
1729051200,2024-10-16,230.6,238.8,229.45,235.88,935208.0
1729137600,2024-10-17,233.57,237.59,232.19,233.15,620429.0
1729224000,2024-10-18,232.51,239.22,231.47,235.65,993431.0
1729483200,2024-10-21,234.84,236.81,231.6,232.61,628265.0
1729569600,2024-10-22,230.83,233.43,228.54,231.55,607368.0
1729656000,2024-10-23,232.25,234.15,230.9,233.15,596296.0
1729742400,2024-10-24,232.52,233.38,222.78,223.69,1344559.0
1729828800,2024-10-25,207.1,211.87,201.0,201.88,1483330.0
1730088000,2024-10-28,202.92,206.77,201.3,203.67,934124.0
1730174400,2024-10-29,203.12,208.41,202.72,205.03,906093.0
1730260800,2024-10-30,204.14,207.68,201.74,206.61,684021.0
1730347200,2024-10-31,204.55,206.52,202.4,203.43,1117604.0
1730433600,2024-11-01,205.76,206.31,203.26,204.38,632500.0
1730696400,2024-11-04,203.93,209.67,203.93,207.93,997772.0
1730782800,2024-11-05,206.75,211.26,206.01,211.26,497981.0
1730869200,2024-11-06,197.0,205.57,192.96,202.64,1443647.0
1730955600,2024-11-07,204.33,207.53,201.06,207.51,986408.0
1731042000,2024-11-08,208.55,209.68,205.99,206.61,572838.0
1731301200,2024-11-11,207.14,210.2,207.14,207.66,479111.0
1731387600,2024-11-12,207.75,208.62,203.31,204.36,637245.0
1731474000,2024-11-13,205.47,206.11,201.58,201.88,612618.0
1731560400,2024-11-14,201.82,206.02,199.95,200.14,699918.0
1731646800,2024-11-15,199.96,200.88,197.54,200.82,763805.0
1731906000,2024-11-18,199.88,200.98,195.91,197.09,658032.0
1731992400,2024-11-19,196.39,197.51,193.18,195.94,895612.0
1732078800,2024-11-20,195.95,197.43,191.36,196.67,1016399.0
1732165200,2024-11-21,194.16,196.93,188.59,196.76,999460.0
1732251600,2024-11-22,194.92,198.26,194.15,197.09,1205691.0
1732510800,2024-11-25,195.87,199.4,194.5,198.35,713849.0
1732597200,2024-11-26,198.73,205.82,197.27,205.2,986726.0
1732683600,2024-11-27,205.12,207.54,201.19,202.62,566569.0
1732856400,2024-11-29,201.61,204.37,201.09,204.12,375780.0
1733115600,2024-12-02,202.26,203.55,199.68,200.19,726431.0
1733202000,2024-12-03,202.69,203.05,197.48,197.69,453780.0
1733288400,2024-12-04,198.34,199.51,197.28,198.46,563143.0
1733374800,2024-12-05,198.46,198.51,195.03,195.4,441090.0
1733461200,2024-12-06,195.97,197.37,191.81,193.58,569535.0
1733720400,2024-12-09,193.89,195.22,191.46,192.21,500499.0
1733806800,2024-12-10,191.63,193.18,188.1,191.07,458068.0
1733893200,2024-12-11,192.66,192.66,189.13,190.08,343471.0
1733979600,2024-12-12,190.53,192.36,185.32,185.82,628452.0
1734066000,2024-12-13,185.79,187.37,185.44,186.78,498144.0
1734325200,2024-12-16,184.39,187.38,182.9,183.55,902852.0
1734411600,2024-12-17,181.93,183.77,180.25,182.0,701367.0
1734498000,2024-12-18,183.15,184.55,176.44,176.94,926041.0
1734584400,2024-12-19,176.44,178.22,174.77,175.22,1406980.0
1734670800,2024-12-20,175.73,180.49,175.39,179.52,1272916.0
1734930000,2024-12-23,178.75,180.26,178.08,180.12,443591.0
1735016400,2024-12-24,179.5,180.62,179.05,180.62,127193.0
1735189200,2024-12-26,179.92,180.85,179.49,180.53,242866.0
1735275600,2024-12-27,178.4,181.02,176.89,179.86,355464.0
1735534800,2024-12-30,179.32,179.86,175.84,177.78,320518.0
1735621200,2024-12-31,178.51,179.55,177.46,178.83,298847.0
1735794000,2025-01-02,180.38,181.43,178.56,179.08,301109.0
1735880400,2025-01-03,179.41,179.5,173.53,178.3,407531.0
1736139600,2025-01-06,179.08,182.62,179.08,180.46,553268.0
1736226000,2025-01-07,182.18,186.57,181.86,185.39,667795.0
1736312400,2025-01-08,184.58,190.31,183.11,189.7,786366.0
1736485200,2025-01-10,188.27,190.14,180.02,182.33,767477.0
1736744400,2025-01-13,181.15,185.14,180.15,185.13,429723.0
1736830800,2025-01-14,185.32,185.36,180.03,183.55,390111.0
1736917200,2025-01-15,186.59,186.59,182.5,182.98,332513.0
1737003600,2025-01-16,182.71,184.57,181.36,183.45,363146.0
1737090000,2025-01-17,183.69,184.9,182.79,184.19,378442.0
1737435600,2025-01-21,185.2,188.45,184.2,188.16,404646.0
1737522000,2025-01-22,187.73,188.16,184.08,186.41,304598.0
1737608400,2025-01-23,187.52,189.63,185.78,189.27,672285.0
1737694800,2025-01-24,189.44,190.38,181.64,185.16,721373.0
1737954000,2025-01-27,186.2,191.35,186.2,190.64,453507.0
1738040400,2025-01-28,191.7,192.17,185.82,188.09,514448.0
1738126800,2025-01-29,188.58,189.88,185.85,186.56,403600.0
1738213200,2025-01-30,188.25,191.25,187.8,188.67,321346.0
1738299600,2025-01-31,188.33,190.3,187.2,187.94,369869.0
1738558800,2025-02-03,185.77,194.36,184.87,190.08,480555.0
1738645200,2025-02-04,188.83,192.13,188.67,192.0,389673.0
1738731600,2025-02-05,193.45,194.88,191.45,192.63,427091.0
1738818000,2025-02-06,192.88,193.77,185.58,187.81,605730.0
1738904400,2025-02-07,188.91,189.63,186.27,187.31,289518.0
1739163600,2025-02-10,187.54,187.54,180.69,184.74,477434.0
1739250000,2025-02-11,184.29,186.04,183.84,185.34,320015.0
1739336400,2025-02-12,183.49,183.7,176.99,178.65,902198.0
