start,start_unix,bottom,top,end,end_unix,direction,finished
2016-03-15,1458014400,139.70999999999998,143.1861222219356,2016-03-15,1458014400,,0
2016-03-15,1458014400,139.70999999999998,143.1861222219356,2016-03-16,1458100800,,0
2016-03-15,1458014400,139.70999999999998,143.1861222219356,2016-03-17,1458187200,,0
2016-03-15,1458014400,139.70999999999998,143.1861222219356,2016-03-18,1458273600,,0
2016-03-15,1458014400,139.70999999999998,143.1861222219356,2016-03-21,1458532800,,0
2016-03-15,1458014400,139.70999999999998,143.1861222219356,2016-03-22,1458619200,,0
2016-03-15,1458014400,139.70999999999998,143.1861222219356,2016-03-23,1458705600,,0
2016-03-15,1458014400,139.70999999999998,143.1861222219356,2016-03-24,1458792000,,0
2016-03-15,1458014400,139.70999999999998,143.1861222219356,2016-03-28,1459137600,,0
2016-03-15,1458014400,139.70999999999998,143.1861222219356,2016-03-29,1459224000,,0
2016-03-15,1458014400,139.70999999999998,143.1861222219356,2016-03-30,1459310400,,0
2016-03-15,1458014400,139.70999999999998,143.1861222219356,2016-03-31,1459396800,,1
2016-04-01,1459483200,143.1861222219356,146.37565453896448,2016-04-01,1459483200,1.0,0
2016-04-01,1459483200,143.1861222219356,146.37565453896448,2016-04-04,1459742400,1.0,1
2016-04-05,1459828800,139.99588262204844,143.1861222219356,2016-04-05,1459828800,-1.0,0
2016-04-05,1459828800,139.99588262204844,143.1861222219356,2016-04-06,1459915200,-1.0,0
2016-04-05,1459828800,139.99588262204844,143.1861222219356,2016-04-07,1460001600,-1.0,0
2016-04-05,1459828800,139.99588262204844,143.1861222219356,2016-04-08,1460088000,-1.0,0
2016-04-05,1459828800,139.99588262204844,143.1861222219356,2016-04-11,1460347200,-1.0,0
2016-04-05,1459828800,139.99588262204844,143.1861222219356,2016-04-12,1460433600,-1.0,1
2016-04-13,1460520000,143.1861222219356,146.1567293121483,2016-04-13,1460520000,1.0,0
2016-04-13,1460520000,143.1861222219356,146.1567293121483,2016-04-14,1460606400,1.0,0
2016-04-13,1460520000,143.1861222219356,146.1567293121483,2016-04-15,1460692800,1.0,0
2016-04-13,1460520000,143.1861222219356,146.1567293121483,2016-04-18,1460952000,1.0,0
2016-04-13,1460520000,143.1861222219356,146.1567293121483,2016-04-19,1461038400,1.0,0
2016-04-13,1460520000,143.1861222219356,146.1567293121483,2016-04-20,1461124800,1.0,0
2016-04-13,1460520000,143.1861222219356,146.1567293121483,2016-04-21,1461211200,1.0,0
2016-04-13,1460520000,143.1861222219356,146.1567293121483,2016-04-22,1461297600,1.0,1
2016-04-25,1461556800,146.1567293121483,148.89137922495848,2016-04-25,1461556800,1.0,0
2016-04-25,1461556800,146.1567293121483,148.89137922495848,2016-04-26,1461643200,1.0,0
2016-04-25,1461556800,146.1567293121483,148.89137922495848,2016-04-27,1461729600,1.0,1
2016-04-28,1461816000,143.43933796431884,146.1567293121483,2016-04-28,1461816000,-1.0,0
2016-04-28,1461816000,143.43933796431884,146.1567293121483,2016-04-29,1461902400,-1.0,1
2016-05-02,1462161600,146.1567293121483,148.91616103553184,2016-05-02,1462161600,1.0,1
2016-05-03,1462248000,143.233114140435,146.1567293121483,2016-05-03,1462248000,-1.0,0
2016-05-03,1462248000,143.233114140435,146.1567293121483,2016-05-04,1462334400,-1.0,0
2016-05-03,1462248000,143.233114140435,146.1567293121483,2016-05-05,1462420800,-1.0,0
2016-05-03,1462248000,143.233114140435,146.1567293121483,2016-05-06,1462507200,-1.0,1
2016-05-09,1462766400,140.22912182162761,143.233114140435,2016-05-09,1462766400,-1.0,1
2016-05-10,1462852800,143.233114140435,146.2783927221847,2016-05-10,1462852800,1.0,1
2016-05-11,1462939200,140.11865402881028,143.233114140435,2016-05-11,1462939200,-1.0,1
2016-05-12,1463025600,143.233114140435,146.30704138694367,2016-05-12,1463025600,1.0,1
2016-05-13,1463112000,140.04832455439123,143.233114140435,2016-05-13,1463112000,-1.0,0
2016-05-13,1463112000,140.04832455439123,143.233114140435,2016-05-16,1463371200,-1.0,0
2016-05-13,1463112000,140.04832455439123,143.233114140435,2016-05-17,1463457600,-1.0,0
2016-05-13,1463112000,140.04832455439123,143.233114140435,2016-05-18,1463544000,-1.0,0
2016-05-13,1463112000,140.04832455439123,143.233114140435,2016-05-19,1463630400,-1.0,0
2016-05-13,1463112000,140.04832455439123,143.233114140435,2016-05-20,1463716800,-1.0,0
2016-05-13,1463112000,140.04832455439123,143.233114140435,2016-05-23,1463976000,-1.0,1
2016-05-24,1464062400,143.233114140435,146.4085129052241,2016-05-24,1464062400,1.0,0
2016-05-24,1464062400,143.233114140435,146.4085129052241,2016-05-25,1464148800,1.0,1
2016-05-26,1464235200,140.17986724630563,143.233114140435,2016-05-26,1464235200,-1.0,1
2016-05-27,1464321600,143.233114140435,146.1775576849837,2016-05-27,1464321600,1.0,1
2016-05-31,1464667200,140.03613084906834,143.233114140435,2016-05-31,1464667200,-1.0,0
2016-05-31,1464667200,140.03613084906834,143.233114140435,2016-06-01,1464753600,-1.0,0
2016-05-31,1464667200,140.03613084906834,143.233114140435,2016-06-02,1464840000,-1.0,0
2016-05-31,1464667200,140.03613084906834,143.233114140435,2016-06-03,1464926400,-1.0,0
2016-05-31,1464667200,140.03613084906834,143.233114140435,2016-06-06,1465185600,-1.0,0
2016-05-31,1464667200,140.03613084906834,143.233114140435,2016-06-07,1465272000,-1.0,0
2016-05-31,1464667200,140.03613084906834,143.233114140435,2016-06-08,1465358400,-1.0,0
2016-05-31,1464667200,140.03613084906834,143.233114140435,2016-06-09,1465444800,-1.0,0
2016-05-31,1464667200,140.03613084906834,143.233114140435,2016-06-10,1465531200,-1.0,0
2016-05-31,1464667200,140.03613084906834,143.233114140435,2016-06-13,1465790400,-1.0,0
2016-05-31,1464667200,140.03613084906834,143.233114140435,2016-06-14,1465876800,-1.0,0
2016-05-31,1464667200,140.03613084906834,143.233114140435,2016-06-15,1465963200,-1.0,0
2016-05-31,1464667200,140.03613084906834,143.233114140435,2016-06-16,1466049600,-1.0,0
2016-05-31,1464667200,140.03613084906834,143.233114140435,2016-06-17,1466136000,-1.0,0
2016-05-31,1464667200,140.03613084906834,143.233114140435,2016-06-20,1466395200,-1.0,1
2016-06-21,1466481600,143.233114140435,146.35320579143232,2016-06-21,1466481600,1.0,0
2016-06-21,1466481600,143.233114140435,146.35320579143232,2016-06-22,1466568000,1.0,0
2016-06-21,1466481600,143.233114140435,146.35320579143232,2016-06-23,1466654400,1.0,1
2016-06-24,1466740800,139.5267834708865,143.233114140435,2016-06-24,1466740800,-1.0,1
2016-06-27,1467000000,135.69176213487717,139.5267834708865,2016-06-27,1467000000,-1.0,1
2016-06-28,1467086400,139.5267834708865,143.35401756860944,2016-06-28,1467086400,1.0,0
2016-06-28,1467086400,139.5267834708865,143.35401756860944,2016-06-29,1467172800,1.0,1
2016-06-30,1467259200,143.35401756860944,147.26746329572768,2016-06-30,1467259200,1.0,0
2016-06-30,1467259200,143.35401756860944,147.26746329572768,2016-07-01,1467345600,1.0,1
2016-07-05,1467691200,139.5678730385942,143.35401756860944,2016-07-05,1467691200,-1.0,0
2016-07-05,1467691200,139.5678730385942,143.35401756860944,2016-07-06,1467777600,-1.0,0
2016-07-05,1467691200,139.5678730385942,143.35401756860944,2016-07-07,1467864000,-1.0,1
2016-07-08,1467950400,143.35401756860944,147.0289233748935,2016-07-08,1467950400,1.0,0
2016-07-08,1467950400,143.35401756860944,147.0289233748935,2016-07-11,1468209600,1.0,0
2016-07-08,1467950400,143.35401756860944,147.0289233748935,2016-07-12,1468296000,1.0,0
2016-07-08,1467950400,143.35401756860944,147.0289233748935,2016-07-13,1468382400,1.0,0
2016-07-08,1467950400,143.35401756860944,147.0289233748935,2016-07-14,1468468800,1.0,0
2016-07-08,1467950400,143.35401756860944,147.0289233748935,2016-07-15,1468555200,1.0,0
2016-07-08,1467950400,143.35401756860944,147.0289233748935,2016-07-18,1468814400,1.0,0
2016-07-08,1467950400,143.35401756860944,147.0289233748935,2016-07-19,1468900800,1.0,0
2016-07-08,1467950400,143.35401756860944,147.0289233748935,2016-07-20,1468987200,1.0,0
2016-07-08,1467950400,143.35401756860944,147.0289233748935,2016-07-21,1469073600,1.0,0
2016-07-08,1467950400,143.35401756860944,147.0289233748935,2016-07-22,1469160000,1.0,0
2016-07-08,1467950400,143.35401756860944,147.0289233748935,2016-07-25,1469419200,1.0,0
2016-07-08,1467950400,143.35401756860944,147.0289233748935,2016-07-26,1469505600,1.0,0
2016-07-08,1467950400,143.35401756860944,147.0289233748935,2016-07-27,1469592000,1.0,0
2016-07-08,1467950400,143.35401756860944,147.0289233748935,2016-07-28,1469678400,1.0,0
2016-07-08,1467950400,143.35401756860944,147.0289233748935,2016-07-29,1469764800,1.0,0
2016-07-08,1467950400,143.35401756860944,147.0289233748935,2016-08-01,1470024000,1.0,1
2016-08-02,1470110400,140.82504839875557,143.35401756860944,2016-08-02,1470110400,-1.0,1
2016-08-03,1470196800,143.35401756860944,145.81806036918803,2016-08-03,1470196800,1.0,1
2016-08-04,1470283200,140.93804925378646,143.35401756860944,2016-08-04,1470283200,-1.0,1
2016-08-05,1470369600,143.35401756860944,145.92270243237363,2016-08-05,1470369600,1.0,0
2016-08-05,1470369600,143.35401756860944,145.92270243237363,2016-08-08,1470628800,1.0,1
2016-08-09,1470715200,145.92270243237363,148.56408274857847,2016-08-09,1470715200,1.0,0
2016-08-09,1470715200,145.92270243237363,148.56408274857847,2016-08-10,1470801600,1.0,0
2016-08-09,1470715200,145.92270243237363,148.56408274857847,2016-08-11,1470888000,1.0,0
2016-08-09,1470715200,145.92270243237363,148.56408274857847,2016-08-12,1470974400,1.0,0
2016-08-09,1470715200,145.92270243237363,148.56408274857847,2016-08-15,1471233600,1.0,0
2016-08-09,1470715200,145.92270243237363,148.56408274857847,2016-08-16,1471320000,1.0,1
2016-08-17,1471406400,148.56408274857847,151.0899652775046,2016-08-17,1471406400,1.0,0
2016-08-17,1471406400,148.56408274857847,151.0899652775046,2016-08-18,1471492800,1.0,0
2016-08-17,1471406400,148.56408274857847,151.0899652775046,2016-08-19,1471579200,1.0,1
2016-08-22,1471838400,146.2022059570148,148.56408274857847,2016-08-22,1471838400,-1.0,1
2016-08-23,1471924800,148.56408274857847,150.8588254836019,2016-08-23,1471924800,1.0,1
2016-08-24,1472011200,146.34196449462814,148.56408274857847,2016-08-24,1472011200,-1.0,1
2016-08-25,1472097600,148.56408274857847,150.70462112724664,2016-08-25,1472097600,1.0,1
2016-08-26,1472184000,146.31801139695804,148.56408274857847,2016-08-26,1472184000,-1.0,1
2016-08-29,1472443200,148.56408274857847,150.8766490036546,2016-08-29,1472443200,1.0,0
2016-08-29,1472443200,148.56408274857847,150.8766490036546,2016-08-30,1472529600,1.0,0
2016-08-29,1472443200,148.56408274857847,150.8766490036546,2016-08-31,1472616000,1.0,0
2016-08-29,1472443200,148.56408274857847,150.8766490036546,2016-09-01,1472702400,1.0,0
2016-08-29,1472443200,148.56408274857847,150.8766490036546,2016-09-02,1472788800,1.0,0
2016-08-29,1472443200,148.56408274857847,150.8766490036546,2016-09-06,1473134400,1.0,0
2016-08-29,1472443200,148.56408274857847,150.8766490036546,2016-09-07,1473220800,1.0,0
2016-08-29,1472443200,148.56408274857847,150.8766490036546,2016-09-08,1473307200,1.0,1
2016-09-09,1473393600,145.91788050955842,148.56408274857847,2016-09-09,1473393600,-1.0,1
2016-09-12,1473652800,148.56408274857847,151.46458482766852,2016-09-12,1473652800,1.0,1
2016-09-13,1473739200,145.43104510370912,148.56408274857847,2016-09-13,1473739200,-1.0,0
2016-09-13,1473739200,145.43104510370912,148.56408274857847,2016-09-14,1473825600,-1.0,0
2016-09-13,1473739200,145.43104510370912,148.56408274857847,2016-09-15,1473912000,-1.0,1
2016-09-16,1473998400,142.3006151817784,145.43104510370912,2016-09-16,1473998400,-1.0,0
2016-09-16,1473998400,142.3006151817784,145.43104510370912,2016-09-19,1474257600,-1.0,0
2016-09-16,1473998400,142.3006151817784,145.43104510370912,2016-09-20,1474344000,-1.0,1
2016-09-21,1474430400,145.43104510370912,148.42463640782057,2016-09-21,1474430400,1.0,0
2016-09-21,1474430400,145.43104510370912,148.42463640782057,2016-09-22,1474516800,1.0,1
2016-09-23,1474603200,142.5385097445518,145.43104510370912,2016-09-23,1474603200,-1.0,0
2016-09-23,1474603200,142.5385097445518,145.43104510370912,2016-09-26,1474862400,-1.0,0
2016-09-23,1474603200,142.5385097445518,145.43104510370912,2016-09-27,1474948800,-1.0,0
2016-09-23,1474603200,142.5385097445518,145.43104510370912,2016-09-28,1475035200,-1.0,0
2016-09-23,1474603200,142.5385097445518,145.43104510370912,2016-09-29,1475121600,-1.0,0
2016-09-23,1474603200,142.5385097445518,145.43104510370912,2016-09-30,1475208000,-1.0,0
2016-09-23,1474603200,142.5385097445518,145.43104510370912,2016-10-03,1475467200,-1.0,0
2016-09-23,1474603200,142.5385097445518,145.43104510370912,2016-10-04,1475553600,-1.0,0
2016-09-23,1474603200,142.5385097445518,145.43104510370912,2016-10-05,1475640000,-1.0,0
2016-09-23,1474603200,142.5385097445518,145.43104510370912,2016-10-06,1475726400,-1.0,0
2016-09-23,1474603200,142.5385097445518,145.43104510370912,2016-10-07,1475812800,-1.0,0
2016-09-23,1474603200,142.5385097445518,145.43104510370912,2016-10-10,1476072000,-1.0,0
2016-09-23,1474603200,142.5385097445518,145.43104510370912,2016-10-11,1476158400,-1.0,0
2016-09-23,1474603200,142.5385097445518,145.43104510370912,2016-10-12,1476244800,-1.0,0
2016-09-23,1474603200,142.5385097445518,145.43104510370912,2016-10-13,1476331200,-1.0,0
2016-09-23,1474603200,142.5385097445518,145.43104510370912,2016-10-14,1476417600,-1.0,0
2016-09-23,1474603200,142.5385097445518,145.43104510370912,2016-10-17,1476676800,-1.0,0
2016-09-23,1474603200,142.5385097445518,145.43104510370912,2016-10-18,1476763200,-1.0,0
2016-09-23,1474603200,142.5385097445518,145.43104510370912,2016-10-19,1476849600,-1.0,0
2016-09-23,1474603200,142.5385097445518,145.43104510370912,2016-10-20,1476936000,-1.0,0
2016-09-23,1474603200,142.5385097445518,145.43104510370912,2016-10-21,1477022400,-1.0,0
2016-09-23,1474603200,142.5385097445518,145.43104510370912,2016-10-24,1477281600,-1.0,0
2016-09-23,1474603200,142.5385097445518,145.43104510370912,2016-10-25,1477368000,-1.0,0
2016-09-23,1474603200,142.5385097445518,145.43104510370912,2016-10-26,1477454400,-1.0,0
2016-09-23,1474603200,142.5385097445518,145.43104510370912,2016-10-27,1477540800,-1.0,0
2016-09-23,1474603200,142.5385097445518,145.43104510370912,2016-10-28,1477627200,-1.0,0
2016-09-23,1474603200,142.5385097445518,145.43104510370912,2016-10-31,1477886400,-1.0,0
2016-09-23,1474603200,142.5385097445518,145.43104510370912,2016-11-01,1477972800,-1.0,0
2016-09-23,1474603200,142.5385097445518,145.43104510370912,2016-11-02,1478059200,-1.0,0
2016-09-23,1474603200,142.5385097445518,145.43104510370912,2016-11-03,1478145600,-1.0,0
2016-09-23,1474603200,142.5385097445518,145.43104510370912,2016-11-04,1478232000,-1.0,1
2016-11-07,1478494800,145.43104510370912,148.3281338766913,2016-11-07,1478494800,1.0,0
2016-11-07,1478494800,145.43104510370912,148.3281338766913,2016-11-08,1478581200,1.0,1
2016-11-09,1478667600,148.3281338766913,151.8747257268647,2016-11-09,1478667600,1.0,1
2016-11-10,1478754000,151.8747257268647,155.85366101631143,2016-11-10,1478754000,1.0,1
2016-11-11,1478840400,155.85366101631143,159.8222437850834,2016-11-11,1478840400,1.0,0
2016-11-11,1478840400,155.85366101631143,159.8222437850834,2016-11-14,1479099600,1.0,0
2016-11-11,1478840400,155.85366101631143,159.8222437850834,2016-11-15,1479186000,1.0,0
2016-11-11,1478840400,155.85366101631143,159.8222437850834,2016-11-16,1479272400,1.0,0
2016-11-11,1478840400,155.85366101631143,159.8222437850834,2016-11-17,1479358800,1.0,0
2016-11-11,1478840400,155.85366101631143,159.8222437850834,2016-11-18,1479445200,1.0,0
2016-11-11,1478840400,155.85366101631143,159.8222437850834,2016-11-21,1479704400,1.0,0
2016-11-11,1478840400,155.85366101631143,159.8222437850834,2016-11-22,1479790800,1.0,0
2016-11-11,1478840400,155.85366101631143,159.8222437850834,2016-11-23,1479877200,1.0,0
2016-11-11,1478840400,155.85366101631143,159.8222437850834,2016-11-25,1480050000,1.0,0
2016-11-11,1478840400,155.85366101631143,159.8222437850834,2016-11-28,1480309200,1.0,0
2016-11-11,1478840400,155.85366101631143,159.8222437850834,2016-11-29,1480395600,1.0,0
2016-11-11,1478840400,155.85366101631143,159.8222437850834,2016-11-30,1480482000,1.0,1
2016-12-01,1480568400,159.8222437850834,163.15366887770278,2016-12-01,1480568400,1.0,1
2016-12-02,1480654800,156.54620619907968,159.8222437850834,2016-12-02,1480654800,-1.0,1
2016-12-05,1480914000,159.8222437850834,163.04556440065826,2016-12-05,1480914000,1.0,0
2016-12-05,1480914000,159.8222437850834,163.04556440065826,2016-12-06,1481000400,1.0,1
2016-12-07,1481086800,163.04556440065826,166.4491457477611,2016-12-07,1481086800,1.0,0
2016-12-07,1481086800,163.04556440065826,166.4491457477611,2016-12-08,1481173200,1.0,0
2016-12-07,1481086800,163.04556440065826,166.4491457477611,2016-12-09,1481259600,1.0,0
2016-12-07,1481086800,163.04556440065826,166.4491457477611,2016-12-12,1481518800,1.0,1
2016-12-13,1481605200,166.4491457477611,169.93950227719165,2016-12-13,1481605200,1.0,1
2016-12-14,1481691600,162.8596718275756,166.4491457477611,2016-12-14,1481691600,-1.0,0
2016-12-14,1481691600,162.8596718275756,166.4491457477611,2016-12-15,1481778000,-1.0,0
2016-12-14,1481691600,162.8596718275756,166.4491457477611,2016-12-16,1481864400,-1.0,0
2016-12-14,1481691600,162.8596718275756,166.4491457477611,2016-12-19,1482123600,-1.0,0
2016-12-14,1481691600,162.8596718275756,166.4491457477611,2016-12-20,1482210000,-1.0,0
2016-12-14,1481691600,162.8596718275756,166.4491457477611,2016-12-21,1482296400,-1.0,0
2016-12-14,1481691600,162.8596718275756,166.4491457477611,2016-12-22,1482382800,-1.0,0
2016-12-14,1481691600,162.8596718275756,166.4491457477611,2016-12-23,1482469200,-1.0,0
2016-12-14,1481691600,162.8596718275756,166.4491457477611,2016-12-27,1482814800,-1.0,0
2016-12-14,1481691600,162.8596718275756,166.4491457477611,2016-12-28,1482901200,-1.0,0
2016-12-14,1481691600,162.8596718275756,166.4491457477611,2016-12-29,1482987600,-1.0,0
2016-12-14,1481691600,162.8596718275756,166.4491457477611,2016-12-30,1483074000,-1.0,0
2016-12-14,1481691600,162.8596718275756,166.4491457477611,2017-01-03,1483419600,-1.0,0
2016-12-14,1481691600,162.8596718275756,166.4491457477611,2017-01-04,1483506000,-1.0,0
2016-12-14,1481691600,162.8596718275756,166.4491457477611,2017-01-05,1483592400,-1.0,0
2016-12-14,1481691600,162.8596718275756,166.4491457477611,2017-01-06,1483678800,-1.0,1
2017-01-09,1483938000,159.83149342084997,162.8596718275756,2017-01-09,1483938000,-1.0,0
2017-01-09,1483938000,159.83149342084997,162.8596718275756,2017-01-10,1484024400,-1.0,0
2017-01-09,1483938000,159.83149342084997,162.8596718275756,2017-01-11,1484110800,-1.0,0
2017-01-09,1483938000,159.83149342084997,162.8596718275756,2017-01-12,1484197200,-1.0,0
2017-01-09,1483938000,159.83149342084997,162.8596718275756,2017-01-13,1484283600,-1.0,1
2017-01-17,1484629200,156.70452199679974,159.83149342084997,2017-01-17,1484629200,-1.0,1
2017-01-18,1484715600,159.83149342084997,162.91896688603944,2017-01-18,1484715600,1.0,1
2017-01-19,1484802000,156.70612520317403,159.83149342084997,2017-01-19,1484802000,-1.0,1
2017-01-20,1484888400,159.83149342084997,162.90976390869193,2017-01-20,1484888400,1.0,1
2017-01-23,1485147600,156.758385110711,159.83149342084997,2017-01-23,1485147600,-1.0,1
2017-01-24,1485234000,159.83149342084997,162.98337970883614,2017-01-24,1485234000,1.0,1
2017-01-25,1485320400,162.98337970883614,166.41284554768043,2017-01-25,1485320400,1.0,0
2017-01-25,1485320400,162.98337970883614,166.41284554768043,2017-01-26,1485406800,1.0,0
2017-01-25,1485320400,162.98337970883614,166.41284554768043,2017-01-27,1485493200,1.0,0
2017-01-25,1485320400,162.98337970883614,166.41284554768043,2017-01-30,1485752400,1.0,0
2017-01-25,1485320400,162.98337970883614,166.41284554768043,2017-01-31,1485838800,1.0,0
2017-01-25,1485320400,162.98337970883614,166.41284554768043,2017-02-01,1485925200,1.0,0
2017-01-25,1485320400,162.98337970883614,166.41284554768043,2017-02-02,1486011600,1.0,0
2017-01-25,1485320400,162.98337970883614,166.41284554768043,2017-02-03,1486098000,1.0,0
2017-01-25,1485320400,162.98337970883614,166.41284554768043,2017-02-06,1486357200,1.0,1
2017-02-07,1486443600,159.9243747169115,162.98337970883614,2017-02-07,1486443600,-1.0,0
2017-02-07,1486443600,159.9243747169115,162.98337970883614,2017-02-08,1486530000,-1.0,1
2017-02-09,1486616400,162.98337970883614,165.94407829881197,2017-02-09,1486616400,1.0,0
2017-02-09,1486616400,162.98337970883614,165.94407829881197,2017-02-10,1486702800,1.0,0
2017-02-09,1486616400,162.98337970883614,165.94407829881197,2017-02-13,1486962000,1.0,1
2017-02-14,1487048400,165.94407829881197,168.9358285911505,2017-02-14,1487048400,1.0,0
2017-02-14,1487048400,165.94407829881197,168.9358285911505,2017-02-15,1487134800,1.0,0
2017-02-14,1487048400,165.94407829881197,168.9358285911505,2017-02-16,1487221200,1.0,0
2017-02-14,1487048400,165.94407829881197,168.9358285911505,2017-02-17,1487307600,1.0,0
2017-02-14,1487048400,165.94407829881197,168.9358285911505,2017-02-21,1487653200,1.0,1
2017-02-22,1487739600,168.9358285911505,171.83080262758855,2017-02-22,1487739600,1.0,0
2017-02-22,1487739600,168.9358285911505,171.83080262758855,2017-02-23,1487826000,1.0,0
2017-02-22,1487739600,168.9358285911505,171.83080262758855,2017-02-24,1487912400,1.0,0
2017-02-22,1487739600,168.9358285911505,171.83080262758855,2017-02-27,1488171600,1.0,0
2017-02-22,1487739600,168.9358285911505,171.83080262758855,2017-02-28,1488258000,1.0,1
2017-03-01,1488344400,171.83080262758855,175.11904694842806,2017-03-01,1488344400,1.0,1
2017-03-02,1488430800,175.11904694842806,178.4784166749219,2017-03-02,1488430800,1.0,0
2017-03-02,1488430800,175.11904694842806,178.4784166749219,2017-03-03,1488517200,1.0,0
2017-03-02,1488430800,175.11904694842806,178.4784166749219,2017-03-06,1488776400,1.0,0
2017-03-02,1488430800,175.11904694842806,178.4784166749219,2017-03-07,1488862800,1.0,1
2017-03-08,1488949200,172.0664545192738,175.11904694842806,2017-03-08,1488949200,-1.0,1
2017-03-09,1489035600,175.11904694842806,178.08664277549988,2017-03-09,1489035600,1.0,1
2017-03-10,1489122000,172.14613653757567,175.11904694842806,2017-03-10,1489122000,-1.0,1
2017-03-13,1489377600,175.11904694842806,177.99660661564815,2017-03-13,1489377600,1.0,1
2017-03-14,1489464000,172.29274154315226,175.11904694842806,2017-03-14,1489464000,-1.0,0
2017-03-14,1489464000,172.29274154315226,175.11904694842806,2017-03-15,1489550400,-1.0,0
2017-03-14,1489464000,172.29274154315226,175.11904694842806,2017-03-16,1489636800,-1.0,0
2017-03-14,1489464000,172.29274154315226,175.11904694842806,2017-03-17,1489723200,-1.0,1
2017-03-20,1489982400,169.4916865587686,172.29274154315226,2017-03-20,1489982400,-1.0,1
2017-03-21,1490068800,166.4522783589838,169.4916865587686,2017-03-21,1490068800,-1.0,0
2017-03-21,1490068800,166.4522783589838,169.4916865587686,2017-03-22,1490155200,-1.0,1
2017-03-23,1490241600,169.4916865587686,172.62999260858305,2017-03-23,1490241600,1.0,1
2017-03-24,1490328000,166.26511665536947,169.4916865587686,2017-03-24,1490328000,-1.0,0
2017-03-24,1490328000,166.26511665536947,169.4916865587686,2017-03-27,1490587200,-1.0,0
2017-03-24,1490328000,166.26511665536947,169.4916865587686,2017-03-28,1490673600,-1.0,0
2017-03-24,1490328000,166.26511665536947,169.4916865587686,2017-03-29,1490760000,-1.0,0
2017-03-24,1490328000,166.26511665536947,169.4916865587686,2017-03-30,1490846400,-1.0,0
2017-03-24,1490328000,166.26511665536947,169.4916865587686,2017-03-31,1490932800,-1.0,0
2017-03-24,1490328000,166.26511665536947,169.4916865587686,2017-04-03,1491192000,-1.0,0
2017-03-24,1490328000,166.26511665536947,169.4916865587686,2017-04-04,1491278400,-1.0,1
2017-04-05,1491364800,163.00186363691216,166.26511665536947,2017-04-05,1491364800,-1.0,1
2017-04-06,1491451200,166.26511665536947,169.549208743937,2017-04-06,1491451200,1.0,1
2017-04-07,1491537600,163.0343168588425,166.26511665536947,2017-04-07,1491537600,-1.0,1
2017-04-10,1491796800,166.26511665536947,169.39693075214453,2017-04-10,1491796800,1.0,1
2017-04-11,1491883200,163.1641464226498,166.26511665536947,2017-04-11,1491883200,-1.0,0
2017-04-11,1491883200,163.1641464226498,166.26511665536947,2017-04-12,1491969600,-1.0,1
2017-04-13,1492056000,160.05633025260067,163.1641464226498,2017-04-13,1492056000,-1.0,1
2017-04-17,1492401600,163.1641464226498,166.3019757234097,2017-04-17,1492401600,1.0,0
2017-04-17,1492401600,163.1641464226498,166.3019757234097,2017-04-18,1492488000,1.0,1
2017-04-19,1492574400,160.02399768883132,163.1641464226498,2017-04-19,1492574400,-1.0,1
2017-04-20,1492660800,163.1641464226498,166.39821310405267,2017-04-20,1492660800,1.0,0
2017-04-20,1492660800,163.1641464226498,166.39821310405267,2017-04-21,1492747200,1.0,0
2017-04-20,1492660800,163.1641464226498,166.39821310405267,2017-04-24,1493006400,1.0,1
2017-04-25,1493092800,166.39821310405267,169.75770453956366,2017-04-25,1493092800,1.0,0
2017-04-25,1493092800,166.39821310405267,169.75770453956366,2017-04-26,1493179200,1.0,0
2017-04-25,1493092800,166.39821310405267,169.75770453956366,2017-04-27,1493265600,1.0,1
2017-04-28,1493352000,163.00373982277804,166.39821310405267,2017-04-28,1493352000,-1.0,0
2017-04-28,1493352000,163.00373982277804,166.39821310405267,2017-05-01,1493611200,-1.0,0
2017-04-28,1493352000,163.00373982277804,166.39821310405267,2017-05-02,1493697600,-1.0,1
2017-05-03,1493784000,166.39821310405267,169.58188768093328,2017-05-03,1493784000,1.0,1
2017-05-04,1493870400,163.20794385409212,166.39821310405267,2017-05-04,1493870400,-1.0,1
2017-05-05,1493956800,166.39821310405267,169.52273455044462,2017-05-05,1493956800,1.0,1
2017-05-08,1494216000,163.17544318954586,166.39821310405267,2017-05-08,1494216000,-1.0,0
2017-05-08,1494216000,163.17544318954586,166.39821310405267,2017-05-09,1494302400,-1.0,0
2017-05-08,1494216000,163.17544318954586,166.39821310405267,2017-05-10,1494388800,-1.0,0
2017-05-08,1494216000,163.17544318954586,166.39821310405267,2017-05-11,1494475200,-1.0,0
2017-05-08,1494216000,163.17544318954586,166.39821310405267,2017-05-12,1494561600,-1.0,0
2017-05-08,1494216000,163.17544318954586,166.39821310405267,2017-05-15,1494820800,-1.0,0
2017-05-08,1494216000,163.17544318954586,166.39821310405267,2017-05-16,1494907200,-1.0,1
2017-05-17,1494993600,160.23257628418693,163.17544318954586,2017-05-17,1494993600,-1.0,0
2017-05-17,1494993600,160.23257628418693,163.17544318954586,2017-05-18,1495080000,-1.0,1
2017-05-19,1495166400,163.17544318954586,166.23610904161555,2017-05-19,1495166400,1.0,0
2017-05-19,1495166400,163.17544318954586,166.23610904161555,2017-05-22,1495425600,1.0,0
2017-05-19,1495166400,163.17544318954586,166.23610904161555,2017-05-23,1495512000,1.0,0
2017-05-19,1495166400,163.17544318954586,166.23610904161555,2017-05-24,1495598400,1.0,0
2017-05-19,1495166400,163.17544318954586,166.23610904161555,2017-05-25,1495684800,1.0,0
2017-05-19,1495166400,163.17544318954586,166.23610904161555,2017-05-26,1495771200,1.0,0
2017-05-19,1495166400,163.17544318954586,166.23610904161555,2017-05-30,1496116800,1.0,0
2017-05-19,1495166400,163.17544318954586,166.23610904161555,2017-05-31,1496203200,1.0,1
2017-06-01,1496289600,166.23610904161555,169.02309941059255,2017-06-01,1496289600,1.0,0
2017-06-01,1496289600,166.23610904161555,169.02309941059255,2017-06-02,1496376000,1.0,0
2017-06-01,1496289600,166.23610904161555,169.02309941059255,2017-06-05,1496635200,1.0,1
2017-06-06,1496721600,163.67734083438432,166.23610904161555,2017-06-06,1496721600,-1.0,1
2017-06-07,1496808000,166.23610904161555,168.72525094833026,2017-06-07,1496808000,1.0,0
2017-06-07,1496808000,166.23610904161555,168.72525094833026,2017-06-08,1496894400,1.0,1
2017-06-09,1496980800,168.72525094833026,171.48708249034448,2017-06-09,1496980800,1.0,0
2017-06-09,1496980800,168.72525094833026,171.48708249034448,2017-06-12,1497240000,1.0,0
2017-06-09,1496980800,168.72525094833026,171.48708249034448,2017-06-13,1497326400,1.0,0
2017-06-09,1496980800,168.72525094833026,171.48708249034448,2017-06-14,1497412800,1.0,0
2017-06-09,1496980800,168.72525094833026,171.48708249034448,2017-06-15,1497499200,1.0,0
2017-06-09,1496980800,168.72525094833026,171.48708249034448,2017-06-16,1497585600,1.0,1
2017-06-19,1497844800,171.48708249034448,174.25925996104627,2017-06-19,1497844800,1.0,1
2017-06-20,1497931200,168.75477483897853,171.48708249034448,2017-06-20,1497931200,-1.0,0
2017-06-20,1497931200,168.75477483897853,171.48708249034448,2017-06-21,1498017600,-1.0,1
2017-06-22,1498104000,166.05208099672933,168.75477483897853,2017-06-22,1498104000,-1.0,0
2017-06-22,1498104000,166.05208099672933,168.75477483897853,2017-06-23,1498190400,-1.0,0
2017-06-22,1498104000,166.05208099672933,168.75477483897853,2017-06-26,1498449600,-1.0,0
2017-06-22,1498104000,166.05208099672933,168.75477483897853,2017-06-27,1498536000,-1.0,1
2017-06-28,1498622400,168.75477483897853,171.6931816993617,2017-06-28,1498622400,1.0,0
2017-06-28,1498622400,168.75477483897853,171.6931816993617,2017-06-29,1498708800,1.0,0
2017-06-28,1498622400,168.75477483897853,171.6931816993617,2017-06-30,1498795200,1.0,1
2017-07-03,1499054400,171.6931816993617,174.88612115718306,2017-07-03,1499054400,1.0,0
2017-07-03,1499054400,171.6931816993617,174.88612115718306,2017-07-05,1499227200,1.0,1
2017-07-06,1499313600,168.55212165664838,171.6931816993617,2017-07-06,1499313600,-1.0,0
2017-07-06,1499313600,168.55212165664838,171.6931816993617,2017-07-07,1499400000,-1.0,0
2017-07-06,1499313600,168.55212165664838,171.6931816993617,2017-07-10,1499659200,-1.0,0
2017-07-06,1499313600,168.55212165664838,171.6931816993617,2017-07-11,1499745600,-1.0,0
2017-07-06,1499313600,168.55212165664838,171.6931816993617,2017-07-12,1499832000,-1.0,0
2017-07-06,1499313600,168.55212165664838,171.6931816993617,2017-07-13,1499918400,-1.0,0
2017-07-06,1499313600,168.55212165664838,171.6931816993617,2017-07-14,1500004800,-1.0,0
2017-07-06,1499313600,168.55212165664838,171.6931816993617,2017-07-17,1500264000,-1.0,0
2017-07-06,1499313600,168.55212165664838,171.6931816993617,2017-07-18,1500350400,-1.0,0
2017-07-06,1499313600,168.55212165664838,171.6931816993617,2017-07-19,1500436800,-1.0,0
2017-07-06,1499313600,168.55212165664838,171.6931816993617,2017-07-20,1500523200,-1.0,0
2017-07-06,1499313600,168.55212165664838,171.6931816993617,2017-07-21,1500609600,-1.0,0
2017-07-06,1499313600,168.55212165664838,171.6931816993617,2017-07-24,1500868800,-1.0,1
2017-07-25,1500955200,171.6931816993617,174.31318890302003,2017-07-25,1500955200,1.0,0
2017-07-25,1500955200,171.6931816993617,174.31318890302003,2017-07-26,1501041600,1.0,0
2017-07-25,1500955200,171.6931816993617,174.31318890302003,2017-07-27,1501128000,1.0,0
2017-07-25,1500955200,171.6931816993617,174.31318890302003,2017-07-28,1501214400,1.0,1
2017-07-31,1501473600,174.31318890302003,176.9698572636949,2017-07-31,1501473600,1.0,0
2017-07-31,1501473600,174.31318890302003,176.9698572636949,2017-08-01,1501560000,1.0,1
2017-08-02,1501646400,176.9698572636949,179.70642335019517,2017-08-02,1501646400,1.0,0
2017-08-02,1501646400,176.9698572636949,179.70642335019517,2017-08-03,1501732800,1.0,1
2017-08-04,1501819200,179.70642335019517,182.4194012513102,2017-08-04,1501819200,1.0,1
2017-08-07,1502078400,176.81694387058835,179.70642335019517,2017-08-07,1502078400,-1.0,1
2017-08-08,1502164800,173.86514149666775,176.81694387058835,2017-08-08,1502164800,-1.0,1
2017-08-09,1502251200,176.81694387058835,179.9577603606575,2017-08-09,1502251200,1.0,1
2017-08-10,1502337600,173.66904284409557,176.81694387058835,2017-08-10,1502337600,-1.0,0
2017-08-10,1502337600,173.66904284409557,176.81694387058835,2017-08-11,1502424000,-1.0,1
2017-08-14,1502683200,176.81694387058835,180.0653279189418,2017-08-14,1502683200,1.0,0
2017-08-14,1502683200,176.81694387058835,180.0653279189418,2017-08-15,1502769600,1.0,0
2017-08-14,1502683200,176.81694387058835,180.0653279189418,2017-08-16,1502856000,1.0,0
2017-08-14,1502683200,176.81694387058835,180.0653279189418,2017-08-17,1502942400,1.0,0
2017-08-14,1502683200,176.81694387058835,180.0653279189418,2017-08-18,1503028800,1.0,0
2017-08-14,1502683200,176.81694387058835,180.0653279189418,2017-08-21,1503288000,1.0,1
2017-08-22,1503374400,180.0653279189418,183.27565535761914,2017-08-22,1503374400,1.0,1
2017-08-23,1503460800,176.88888101159853,180.0653279189418,2017-08-23,1503460800,-1.0,0
2017-08-23,1503460800,176.88888101159853,180.0653279189418,2017-08-24,1503547200,-1.0,0
2017-08-23,1503460800,176.88888101159853,180.0653279189418,2017-08-25,1503633600,-1.0,0
2017-08-23,1503460800,176.88888101159853,180.0653279189418,2017-08-28,1503892800,-1.0,0
2017-08-23,1503460800,176.88888101159853,180.0653279189418,2017-08-29,1503979200,-1.0,1
2017-08-30,1504065600,180.0653279189418,183.3265625078932,2017-08-30,1504065600,1.0,0
2017-08-30,1504065600,180.0653279189418,183.3265625078932,2017-08-31,1504152000,1.0,0
2017-08-30,1504065600,180.0653279189418,183.3265625078932,2017-09-01,1504238400,1.0,1
2017-09-05,1504584000,176.53660765949346,180.0653279189418,2017-09-05,1504584000,-1.0,0
2017-09-05,1504584000,176.53660765949346,180.0653279189418,2017-09-06,1504670400,-1.0,1
2017-09-07,1504756800,172.73174172149973,176.53660765949346,2017-09-07,1504756800,-1.0,0
2017-09-07,1504756800,172.73174172149973,176.53660765949346,2017-09-08,1504843200,-1.0,1
2017-09-11,1505102400,176.53660765949346,180.56621655500845,2017-09-11,1505102400,1.0,0
2017-09-11,1505102400,176.53660765949346,180.56621655500845,2017-09-12,1505188800,1.0,0
2017-09-11,1505102400,176.53660765949346,180.56621655500845,2017-09-13,1505275200,1.0,0
2017-09-11,1505102400,176.53660765949346,180.56621655500845,2017-09-14,1505361600,1.0,0
2017-09-11,1505102400,176.53660765949346,180.56621655500845,2017-09-15,1505448000,1.0,1
2017-09-18,1505707200,180.56621655500845,184.13260691252773,2017-09-18,1505707200,1.0,0
2017-09-18,1505707200,180.56621655500845,184.13260691252773,2017-09-19,1505793600,1.0,0
2017-09-18,1505707200,180.56621655500845,184.13260691252773,2017-09-20,1505880000,1.0,0
2017-09-18,1505707200,180.56621655500845,184.13260691252773,2017-09-21,1505966400,1.0,0
2017-09-18,1505707200,180.56621655500845,184.13260691252773,2017-09-22,1506052800,1.0,0
2017-09-18,1505707200,180.56621655500845,184.13260691252773,2017-09-25,1506312000,1.0,0
2017-09-18,1505707200,180.56621655500845,184.13260691252773,2017-09-26,1506398400,1.0,0
2017-09-18,1505707200,180.56621655500845,184.13260691252773,2017-09-27,1506484800,1.0,0
2017-09-18,1505707200,180.56621655500845,184.13260691252773,2017-09-28,1506571200,1.0,0
2017-09-18,1505707200,180.56621655500845,184.13260691252773,2017-09-29,1506657600,1.0,1
2017-10-02,1506916800,184.13260691252773,187.39635688883132,2017-10-02,1506916800,1.0,0
2017-10-02,1506916800,184.13260691252773,187.39635688883132,2017-10-03,1507003200,1.0,0
2017-10-02,1506916800,184.13260691252773,187.39635688883132,2017-10-04,1507089600,1.0,0
2017-10-02,1506916800,184.13260691252773,187.39635688883132,2017-10-05,1507176000,1.0,1
2017-10-06,1507262400,187.39635688883132,190.61734650443958,2017-10-06,1507262400,1.0,0
2017-10-06,1507262400,187.39635688883132,190.61734650443958,2017-10-09,1507521600,1.0,0
2017-10-06,1507262400,187.39635688883132,190.61734650443958,2017-10-10,1507608000,1.0,0
2017-10-06,1507262400,187.39635688883132,190.61734650443958,2017-10-11,1507694400,1.0,1
2017-10-12,1507780800,184.31022535479894,187.39635688883132,2017-10-12,1507780800,-1.0,0
2017-10-12,1507780800,184.31022535479894,187.39635688883132,2017-10-13,1507867200,-1.0,1
2017-10-16,1508126400,187.39635688883132,190.42103152786942,2017-10-16,1508126400,1.0,1
2017-10-17,1508212800,184.3948732954388,187.39635688883132,2017-10-17,1508212800,-1.0,1
2017-10-18,1508299200,187.39635688883132,190.35444879698153,2017-10-18,1508299200,1.0,1
2017-10-19,1508385600,184.4669858312633,187.39635688883132,2017-10-19,1508385600,-1.0,1
2017-10-20,1508472000,187.39635688883132,190.35177287085878,2017-10-20,1508472000,1.0,0
2017-10-20,1508472000,187.39635688883132,190.35177287085878,2017-10-23,1508731200,1.0,0
2017-10-20,1508472000,187.39635688883132,190.35177287085878,2017-10-24,1508817600,1.0,0
2017-10-20,1508472000,187.39635688883132,190.35177287085878,2017-10-25,1508904000,1.0,0
2017-10-20,1508472000,187.39635688883132,190.35177287085878,2017-10-26,1508990400,1.0,0
2017-10-20,1508472000,187.39635688883132,190.35177287085878,2017-10-27,1509076800,1.0,0
2017-10-20,1508472000,187.39635688883132,190.35177287085878,2017-10-30,1509336000,1.0,1
2017-10-31,1509422400,184.45279467949538,187.39635688883132,2017-10-31,1509422400,-1.0,0
2017-10-31,1509422400,184.45279467949538,187.39635688883132,2017-11-01,1509508800,-1.0,1
2017-11-02,1509595200,187.39635688883132,190.473142671371,2017-11-02,1509595200,1.0,1
2017-11-03,1509681600,184.33491294790164,187.39635688883132,2017-11-03,1509681600,-1.0,0
2017-11-03,1509681600,184.33491294790164,187.39635688883132,2017-11-06,1509944400,-1.0,0
2017-11-03,1509681600,184.33491294790164,187.39635688883132,2017-11-07,1510030800,-1.0,0
2017-11-03,1509681600,184.33491294790164,187.39635688883132,2017-11-08,1510117200,-1.0,0
2017-11-03,1509681600,184.33491294790164,187.39635688883132,2017-11-09,1510203600,-1.0,1
2017-11-10,1510290000,180.8541860231835,184.33491294790164,2017-11-10,1510290000,-1.0,1
2017-11-13,1510549200,184.33491294790164,187.7843022351399,2017-11-13,1510549200,1.0,1
2017-11-14,1510635600,180.88763575260896,184.33491294790164,2017-11-14,1510635600,-1.0,0
2017-11-14,1510635600,180.88763575260896,184.33491294790164,2017-11-15,1510722000,-1.0,0
2017-11-14,1510635600,180.88763575260896,184.33491294790164,2017-11-16,1510808400,-1.0,0
2017-11-14,1510635600,180.88763575260896,184.33491294790164,2017-11-17,1510894800,-1.0,0
2017-11-14,1510635600,180.88763575260896,184.33491294790164,2017-11-20,1511154000,-1.0,0
2017-11-14,1510635600,180.88763575260896,184.33491294790164,2017-11-21,1511240400,-1.0,0
2017-11-14,1510635600,180.88763575260896,184.33491294790164,2017-11-22,1511326800,-1.0,0
2017-11-14,1510635600,180.88763575260896,184.33491294790164,2017-11-24,1511499600,-1.0,0
2017-11-14,1510635600,180.88763575260896,184.33491294790164,2017-11-27,1511758800,-1.0,1
2017-11-28,1511845200,184.33491294790164,187.8136241435174,2017-11-28,1511845200,1.0,1
2017-11-29,1511931600,187.8136241435174,191.6172845394463,2017-11-29,1511931600,1.0,1
2017-11-30,1512018000,191.6172845394463,195.65839776423744,2017-11-30,1512018000,1.0,0
2017-11-30,1512018000,191.6172845394463,195.65839776423744,2017-12-01,1512104400,1.0,1
2017-12-04,1512363600,195.65839776423744,200.40457192234817,2017-12-04,1512363600,1.0,0
2017-12-04,1512363600,195.65839776423744,200.40457192234817,2017-12-05,1512450000,1.0,0
2017-12-04,1512363600,195.65839776423744,200.40457192234817,2017-12-06,1512536400,1.0,0
2017-12-04,1512363600,195.65839776423744,200.40457192234817,2017-12-07,1512622800,1.0,0
2017-12-04,1512363600,195.65839776423744,200.40457192234817,2017-12-08,1512709200,1.0,0
2017-12-04,1512363600,195.65839776423744,200.40457192234817,2017-12-11,1512968400,1.0,0
2017-12-04,1512363600,195.65839776423744,200.40457192234817,2017-12-12,1513054800,1.0,0
2017-12-04,1512363600,195.65839776423744,200.40457192234817,2017-12-13,1513141200,1.0,0
2017-12-04,1512363600,195.65839776423744,200.40457192234817,2017-12-14,1513227600,1.0,0
2017-12-04,1512363600,195.65839776423744,200.40457192234817,2017-12-15,1513314000,1.0,0
2017-12-04,1512363600,195.65839776423744,200.40457192234817,2017-12-18,1513573200,1.0,0
2017-12-04,1512363600,195.65839776423744,200.40457192234817,2017-12-19,1513659600,1.0,0
2017-12-04,1512363600,195.65839776423744,200.40457192234817,2017-12-20,1513746000,1.0,0
2017-12-04,1512363600,195.65839776423744,200.40457192234817,2017-12-21,1513832400,1.0,0
2017-12-04,1512363600,195.65839776423744,200.40457192234817,2017-12-22,1513918800,1.0,0
2017-12-04,1512363600,195.65839776423744,200.40457192234817,2017-12-26,1514264400,1.0,0
2017-12-04,1512363600,195.65839776423744,200.40457192234817,2017-12-27,1514350800,1.0,0
2017-12-04,1512363600,195.65839776423744,200.40457192234817,2017-12-28,1514437200,1.0,0
2017-12-04,1512363600,195.65839776423744,200.40457192234817,2017-12-29,1514523600,1.0,0
2017-12-04,1512363600,195.65839776423744,200.40457192234817,2018-01-02,1514869200,1.0,0
2017-12-04,1512363600,195.65839776423744,200.40457192234817,2018-01-03,1514955600,1.0,1
2018-01-04,1515042000,200.40457192234817,204.57040146600102,2018-01-04,1515042000,1.0,0
2018-01-04,1515042000,200.40457192234817,204.57040146600102,2018-01-05,1515128400,1.0,0
2018-01-04,1515042000,200.40457192234817,204.57040146600102,2018-01-08,1515387600,1.0,0
2018-01-04,1515042000,200.40457192234817,204.57040146600102,2018-01-09,1515474000,1.0,1
2018-01-10,1515560400,204.57040146600102,208.9048094833966,2018-01-10,1515560400,1.0,0
2018-01-10,1515560400,204.57040146600102,208.9048094833966,2018-01-11,1515646800,1.0,1
2018-01-12,1515733200,208.9048094833966,213.31722251880402,2018-01-12,1515733200,1.0,0
2018-01-12,1515733200,208.9048094833966,213.31722251880402,2018-01-16,1516078800,1.0,1
2018-01-17,1516165200,213.31722251880402,218.2206296768849,2018-01-17,1516165200,1.0,1
2018-01-18,1516251600,208.41370158630033,213.31722251880402,2018-01-18,1516251600,-1.0,0
2018-01-18,1516251600,208.41370158630033,213.31722251880402,2018-01-19,1516338000,-1.0,1
2018-01-22,1516597200,213.31722251880402,218.17057475142198,2018-01-22,1516597200,1.0,0
2018-01-22,1516597200,213.31722251880402,218.17057475142198,2018-01-23,1516683600,1.0,0
2018-01-22,1516597200,213.31722251880402,218.17057475142198,2018-01-24,1516770000,1.0,0
2018-01-22,1516597200,213.31722251880402,218.17057475142198,2018-01-25,1516856400,1.0,0
2018-01-22,1516597200,213.31722251880402,218.17057475142198,2018-01-26,1516942800,1.0,0
2018-01-22,1516597200,213.31722251880402,218.17057475142198,2018-01-29,1517202000,1.0,0
2018-01-22,1516597200,213.31722251880402,218.17057475142198,2018-01-30,1517288400,1.0,0
2018-01-22,1516597200,213.31722251880402,218.17057475142198,2018-01-31,1517374800,1.0,0
2018-01-22,1516597200,213.31722251880402,218.17057475142198,2018-02-01,1517461200,1.0,1
2018-02-02,1517547600,207.7157309524597,213.31722251880402,2018-02-02,1517547600,-1.0,1
2018-02-05,1517806800,200.8274887837114,207.7157309524597,2018-02-05,1517806800,-1.0,0
2018-02-05,1517806800,200.8274887837114,207.7157309524597,2018-02-06,1517893200,-1.0,1
2018-02-07,1517979600,192.91052487290293,200.8274887837114,2018-02-07,1517979600,-1.0,1
2018-02-08,1518066000,184.27977267000935,192.91052487290293,2018-02-08,1518066000,-1.0,1
2018-02-09,1518152400,192.91052487290293,201.98808048987553,2018-02-09,1518152400,1.0,0
2018-02-09,1518152400,192.91052487290293,201.98808048987553,2018-02-12,1518411600,1.0,0
2018-02-09,1518152400,192.91052487290293,201.98808048987553,2018-02-13,1518498000,1.0,0
2018-02-09,1518152400,192.91052487290293,201.98808048987553,2018-02-14,1518584400,1.0,1
2018-02-15,1518670800,201.98808048987553,210.57489072457864,2018-02-15,1518670800,1.0,0
2018-02-15,1518670800,201.98808048987553,210.57489072457864,2018-02-16,1518757200,1.0,0
2018-02-15,1518670800,201.98808048987553,210.57489072457864,2018-02-20,1519102800,1.0,1
2018-02-21,1519189200,193.90984911755675,201.98808048987553,2018-02-21,1519189200,-1.0,0
2018-02-21,1519189200,193.90984911755675,201.98808048987553,2018-02-22,1519275600,-1.0,1
2018-02-23,1519362000,201.98808048987553,209.61398407110957,2018-02-23,1519362000,1.0,1
2018-02-26,1519621200,209.61398407110957,217.77260882511263,2018-02-26,1519621200,1.0,0
2018-02-26,1519621200,209.61398407110957,217.77260882511263,2018-02-27,1519707600,1.0,1
2018-02-28,1519794000,200.741139257709,209.61398407110957,2018-02-28,1519794000,-1.0,0
2018-02-28,1519794000,200.741139257709,209.61398407110957,2018-03-01,1519880400,-1.0,0
2018-02-28,1519794000,200.741139257709,209.61398407110957,2018-03-02,1519966800,-1.0,0
2018-02-28,1519794000,200.741139257709,209.61398407110957,2018-03-05,1520226000,-1.0,0
2018-02-28,1519794000,200.741139257709,209.61398407110957,2018-03-06,1520312400,-1.0,0
2018-02-28,1519794000,200.741139257709,209.61398407110957,2018-03-07,1520398800,-1.0,0
2018-02-28,1519794000,200.741139257709,209.61398407110957,2018-03-08,1520485200,-1.0,1
2018-03-09,1520571600,209.61398407110957,218.23673706703775,2018-03-09,1520571600,1.0,0
2018-03-09,1520571600,209.61398407110957,218.23673706703775,2018-03-12,1520827200,1.0,1
2018-03-13,1520913600,201.38081439604903,209.61398407110957,2018-03-13,1520913600,-1.0,0
2018-03-13,1520913600,201.38081439604903,209.61398407110957,2018-03-14,1521000000,-1.0,0
2018-03-13,1520913600,201.38081439604903,209.61398407110957,2018-03-15,1521086400,-1.0,0
2018-03-13,1520913600,201.38081439604903,209.61398407110957,2018-03-16,1521172800,-1.0,0
2018-03-13,1520913600,201.38081439604903,209.61398407110957,2018-03-19,1521432000,-1.0,0
2018-03-13,1520913600,201.38081439604903,209.61398407110957,2018-03-20,1521518400,-1.0,0
2018-03-13,1520913600,201.38081439604903,209.61398407110957,2018-03-21,1521604800,-1.0,1
2018-03-22,1521691200,193.6365504210898,201.38081439604903,2018-03-22,1521691200,-1.0,1
2018-03-23,1521777600,185.6200195871991,193.6365504210898,2018-03-23,1521777600,-1.0,1
2018-03-26,1522036800,193.6365504210898,201.99461476684544,2018-03-26,1522036800,1.0,0
2018-03-26,1522036800,193.6365504210898,201.99461476684544,2018-03-27,1522123200,1.0,0
2018-03-26,1522036800,193.6365504210898,201.99461476684544,2018-03-28,1522209600,1.0,0
2018-03-26,1522036800,193.6365504210898,201.99461476684544,2018-03-29,1522296000,1.0,0
2018-03-26,1522036800,193.6365504210898,201.99461476684544,2018-04-02,1522641600,1.0,0
2018-03-26,1522036800,193.6365504210898,201.99461476684544,2018-04-03,1522728000,1.0,0
2018-03-26,1522036800,193.6365504210898,201.99461476684544,2018-04-04,1522814400,1.0,0
2018-03-26,1522036800,193.6365504210898,201.99461476684544,2018-04-05,1522900800,1.0,0
2018-03-26,1522036800,193.6365504210898,201.99461476684544,2018-04-06,1522987200,1.0,0
2018-03-26,1522036800,193.6365504210898,201.99461476684544,2018-04-09,1523246400,1.0,0
2018-03-26,1522036800,193.6365504210898,201.99461476684544,2018-04-10,1523332800,1.0,0
2018-03-26,1522036800,193.6365504210898,201.99461476684544,2018-04-11,1523419200,1.0,0
2018-03-26,1522036800,193.6365504210898,201.99461476684544,2018-04-12,1523505600,1.0,0
2018-03-26,1522036800,193.6365504210898,201.99461476684544,2018-04-13,1523592000,1.0,0
2018-03-26,1522036800,193.6365504210898,201.99461476684544,2018-04-16,1523851200,1.0,0
2018-03-26,1522036800,193.6365504210898,201.99461476684544,2018-04-17,1523937600,1.0,0
2018-03-26,1522036800,193.6365504210898,201.99461476684544,2018-04-18,1524024000,1.0,0
2018-03-26,1522036800,193.6365504210898,201.99461476684544,2018-04-19,1524110400,1.0,0
2018-03-26,1522036800,193.6365504210898,201.99461476684544,2018-04-20,1524196800,1.0,0
2018-03-26,1522036800,193.6365504210898,201.99461476684544,2018-04-23,1524456000,1.0,0
2018-03-26,1522036800,193.6365504210898,201.99461476684544,2018-04-24,1524542400,1.0,0
2018-03-26,1522036800,193.6365504210898,201.99461476684544,2018-04-25,1524628800,1.0,0
2018-03-26,1522036800,193.6365504210898,201.99461476684544,2018-04-26,1524715200,1.0,0
2018-03-26,1522036800,193.6365504210898,201.99461476684544,2018-04-27,1524801600,1.0,0
2018-03-26,1522036800,193.6365504210898,201.99461476684544,2018-04-30,1525060800,1.0,0
2018-03-26,1522036800,193.6365504210898,201.99461476684544,2018-05-01,1525147200,1.0,1
2018-05-02,1525233600,187.4310640174361,193.6365504210898,2018-05-02,1525233600,-1.0,0
2018-05-02,1525233600,187.4310640174361,193.6365504210898,2018-05-03,1525320000,-1.0,1
2018-05-04,1525406400,193.6365504210898,200.18410757526058,2018-05-04,1525406400,1.0,0
2018-05-04,1525406400,193.6365504210898,200.18410757526058,2018-05-07,1525665600,1.0,0
2018-05-04,1525406400,193.6365504210898,200.18410757526058,2018-05-08,1525752000,1.0,0
2018-05-04,1525406400,193.6365504210898,200.18410757526058,2018-05-09,1525838400,1.0,1
2018-05-10,1525924800,200.18410757526058,206.3353116537766,2018-05-10,1525924800,1.0,1
2018-05-11,1526011200,194.02098950235285,200.18410757526058,2018-05-11,1526011200,-1.0,0
2018-05-11,1526011200,194.02098950235285,200.18410757526058,2018-05-14,1526270400,-1.0,0
2018-05-11,1526011200,194.02098950235285,200.18410757526058,2018-05-15,1526356800,-1.0,0
2018-05-11,1526011200,194.02098950235285,200.18410757526058,2018-05-16,1526443200,-1.0,0
2018-05-11,1526011200,194.02098950235285,200.18410757526058,2018-05-17,1526529600,-1.0,0
2018-05-11,1526011200,194.02098950235285,200.18410757526058,2018-05-18,1526616000,-1.0,0
2018-05-11,1526011200,194.02098950235285,200.18410757526058,2018-05-21,1526875200,-1.0,0
2018-05-11,1526011200,194.02098950235285,200.18410757526058,2018-05-22,1526961600,-1.0,0
2018-05-11,1526011200,194.02098950235285,200.18410757526058,2018-05-23,1527048000,-1.0,0
2018-05-11,1526011200,194.02098950235285,200.18410757526058,2018-05-24,1527134400,-1.0,0
2018-05-11,1526011200,194.02098950235285,200.18410757526058,2018-05-25,1527220800,-1.0,1
2018-05-29,1527566400,188.70223859073081,194.02098950235285,2018-05-29,1527566400,-1.0,1
2018-05-30,1527652800,194.02098950235285,199.6065439202876,2018-05-30,1527652800,1.0,1
2018-05-31,1527739200,188.46540325712772,194.02098950235285,2018-05-31,1527739200,-1.0,0
2018-05-31,1527739200,188.46540325712772,194.02098950235285,2018-06-01,1527825600,-1.0,0
2018-05-31,1527739200,188.46540325712772,194.02098950235285,2018-06-04,1528084800,-1.0,0
2018-05-31,1527739200,188.46540325712772,194.02098950235285,2018-06-05,1528171200,-1.0,0
2018-05-31,1527739200,188.46540325712772,194.02098950235285,2018-06-06,1528257600,-1.0,1
2018-06-07,1528344000,194.02098950235285,199.0291848917523,2018-06-07,1528344000,1.0,0
2018-06-07,1528344000,194.02098950235285,199.0291848917523,2018-06-08,1528430400,1.0,0
2018-06-07,1528344000,194.02098950235285,199.0291848917523,2018-06-11,1528689600,1.0,0
2018-06-07,1528344000,194.02098950235285,199.0291848917523,2018-06-12,1528776000,1.0,0
2018-06-07,1528344000,194.02098950235285,199.0291848917523,2018-06-13,1528862400,1.0,1
2018-06-14,1528948800,189.4701542240531,194.02098950235285,2018-06-14,1528948800,-1.0,0
2018-06-14,1528948800,189.4701542240531,194.02098950235285,2018-06-15,1529035200,-1.0,0
2018-06-14,1528948800,189.4701542240531,194.02098950235285,2018-06-18,1529294400,-1.0,0
2018-06-14,1528948800,189.4701542240531,194.02098950235285,2018-06-19,1529380800,-1.0,0
2018-06-14,1528948800,189.4701542240531,194.02098950235285,2018-06-20,1529467200,-1.0,1
2018-06-21,1529553600,185.30365781819214,189.4701542240531,2018-06-21,1529553600,-1.0,0
2018-06-21,1529553600,185.30365781819214,189.4701542240531,2018-06-22,1529640000,-1.0,0
2018-06-21,1529553600,185.30365781819214,189.4701542240531,2018-06-25,1529899200,-1.0,0
2018-06-21,1529553600,185.30365781819214,189.4701542240531,2018-06-26,1529985600,-1.0,1
2018-06-27,1530072000,180.9812318871271,185.30365781819214,2018-06-27,1530072000,-1.0,1
2018-06-28,1530158400,185.30365781819214,189.70691046846682,2018-06-28,1530158400,1.0,0
2018-06-28,1530158400,185.30365781819214,189.70691046846682,2018-06-29,1530244800,1.0,0
2018-06-28,1530158400,185.30365781819214,189.70691046846682,2018-07-02,1530504000,1.0,0
2018-06-28,1530158400,185.30365781819214,189.70691046846682,2018-07-03,1530590400,1.0,0
2018-06-28,1530158400,185.30365781819214,189.70691046846682,2018-07-05,1530763200,1.0,0
2018-06-28,1530158400,185.30365781819214,189.70691046846682,2018-07-06,1530849600,1.0,0
2018-06-28,1530158400,185.30365781819214,189.70691046846682,2018-07-09,1531108800,1.0,1
2018-07-10,1531195200,189.70691046846682,193.91568915427024,2018-07-10,1531195200,1.0,0
2018-07-10,1531195200,189.70691046846682,193.91568915427024,2018-07-11,1531281600,1.0,0
2018-07-10,1531195200,189.70691046846682,193.91568915427024,2018-07-12,1531368000,1.0,0
2018-07-10,1531195200,189.70691046846682,193.91568915427024,2018-07-13,1531454400,1.0,0
2018-07-10,1531195200,189.70691046846682,193.91568915427024,2018-07-16,1531713600,1.0,0
2018-07-10,1531195200,189.70691046846682,193.91568915427024,2018-07-17,1531800000,1.0,1
2018-07-18,1531886400,193.91568915427024,199.03159367310968,2018-07-18,1531886400,1.0,0
2018-07-18,1531886400,193.91568915427024,199.03159367310968,2018-07-19,1531972800,1.0,0
2018-07-18,1531886400,193.91568915427024,199.03159367310968,2018-07-20,1532059200,1.0,0
2018-07-18,1531886400,193.91568915427024,199.03159367310968,2018-07-23,1532318400,1.0,0
2018-07-18,1531886400,193.91568915427024,199.03159367310968,2018-07-24,1532404800,1.0,0
2018-07-18,1531886400,193.91568915427024,199.03159367310968,2018-07-25,1532491200,1.0,0
2018-07-18,1531886400,193.91568915427024,199.03159367310968,2018-07-26,1532577600,1.0,0
2018-07-18,1531886400,193.91568915427024,199.03159367310968,2018-07-27,1532664000,1.0,1
2018-07-30,1532923200,199.03159367310968,203.51276584197706,2018-07-30,1532923200,1.0,1
2018-07-31,1533009600,194.55212380201854,199.03159367310968,2018-07-31,1533009600,-1.0,0
2018-07-31,1533009600,194.55212380201854,199.03159367310968,2018-08-01,1533096000,-1.0,0
2018-07-31,1533009600,194.55212380201854,199.03159367310968,2018-08-02,1533182400,-1.0,1
2018-08-03,1533268800,199.03159367310968,203.42296514059774,2018-08-03,1533268800,1.0,1
2018-08-06,1533528000,203.42296514059774,208.51252436040807,2018-08-06,1533528000,1.0,1
2018-08-07,1533614400,208.51252436040807,213.73740077880336,2018-08-07,1533614400,1.0,0
2018-08-07,1533614400,208.51252436040807,213.73740077880336,2018-08-08,1533700800,1.0,0
2018-08-07,1533614400,208.51252436040807,213.73740077880336,2018-08-09,1533787200,1.0,1
2018-08-10,1533873600,203.62497862745818,208.51252436040807,2018-08-10,1533873600,-1.0,0
2018-08-10,1533873600,203.62497862745818,208.51252436040807,2018-08-13,1534132800,-1.0,0
2018-08-10,1533873600,203.62497862745818,208.51252436040807,2018-08-14,1534219200,-1.0,0
2018-08-10,1533873600,203.62497862745818,208.51252436040807,2018-08-15,1534305600,-1.0,0
2018-08-10,1533873600,203.62497862745818,208.51252436040807,2018-08-16,1534392000,-1.0,0
2018-08-10,1533873600,203.62497862745818,208.51252436040807,2018-08-17,1534478400,-1.0,0
2018-08-10,1533873600,203.62497862745818,208.51252436040807,2018-08-20,1534737600,-1.0,0
2018-08-10,1533873600,203.62497862745818,208.51252436040807,2018-08-21,1534824000,-1.0,0
2018-08-10,1533873600,203.62497862745818,208.51252436040807,2018-08-22,1534910400,-1.0,0
2018-08-10,1533873600,203.62497862745818,208.51252436040807,2018-08-23,1534996800,-1.0,0
2018-08-10,1533873600,203.62497862745818,208.51252436040807,2018-08-24,1535083200,-1.0,1
2018-08-27,1535342400,208.51252436040807,212.44724165919467,2018-08-27,1535342400,1.0,0
2018-08-27,1535342400,208.51252436040807,212.44724165919467,2018-08-28,1535428800,1.0,0
2018-08-27,1535342400,208.51252436040807,212.44724165919467,2018-08-29,1535515200,1.0,0
2018-08-27,1535342400,208.51252436040807,212.44724165919467,2018-08-30,1535601600,1.0,0
2018-08-27,1535342400,208.51252436040807,212.44724165919467,2018-08-31,1535688000,1.0,0
2018-08-27,1535342400,208.51252436040807,212.44724165919467,2018-09-04,1536033600,1.0,0
2018-08-27,1535342400,208.51252436040807,212.44724165919467,2018-09-05,1536120000,1.0,1
2018-09-06,1536206400,212.44724165919467,216.18921180418772,2018-09-06,1536206400,1.0,0
2018-09-06,1536206400,212.44724165919467,216.18921180418772,2018-09-07,1536292800,1.0,0
2018-09-06,1536206400,212.44724165919467,216.18921180418772,2018-09-10,1536552000,1.0,0
2018-09-06,1536206400,212.44724165919467,216.18921180418772,2018-09-11,1536638400,1.0,0
2018-09-06,1536206400,212.44724165919467,216.18921180418772,2018-09-12,1536724800,1.0,0
2018-09-06,1536206400,212.44724165919467,216.18921180418772,2018-09-13,1536811200,1.0,1
2018-09-14,1536897600,216.18921180418772,219.79559214576307,2018-09-14,1536897600,1.0,0
2018-09-14,1536897600,216.18921180418772,219.79559214576307,2018-09-17,1537156800,1.0,0
2018-09-14,1536897600,216.18921180418772,219.79559214576307,2018-09-18,1537243200,1.0,1
2018-09-19,1537329600,219.79559214576307,223.55436307522407,2018-09-19,1537329600,1.0,0
2018-09-19,1537329600,219.79559214576307,223.55436307522407,2018-09-20,1537416000,1.0,0
2018-09-19,1537329600,219.79559214576307,223.55436307522407,2018-09-21,1537502400,1.0,1
2018-09-24,1537761600,215.89707110639503,219.79559214576307,2018-09-24,1537761600,-1.0,0
2018-09-24,1537761600,215.89707110639503,219.79559214576307,2018-09-25,1537848000,-1.0,0
2018-09-24,1537761600,215.89707110639503,219.79559214576307,2018-09-26,1537934400,-1.0,0
2018-09-24,1537761600,215.89707110639503,219.79559214576307,2018-09-27,1538020800,-1.0,1
2018-09-28,1538107200,211.88594638009897,215.89707110639503,2018-09-28,1538107200,-1.0,0
2018-09-28,1538107200,211.88594638009897,215.89707110639503,2018-10-01,1538366400,-1.0,0
2018-09-28,1538107200,211.88594638009897,215.89707110639503,2018-10-02,1538452800,-1.0,1
2018-10-03,1538539200,215.89707110639503,219.8511754954885,2018-10-03,1538539200,1.0,0
2018-10-03,1538539200,215.89707110639503,219.8511754954885,2018-10-04,1538625600,1.0,0
2018-10-03,1538539200,215.89707110639503,219.8511754954885,2018-10-05,1538712000,1.0,1
2018-10-08,1538971200,219.8511754954885,223.994733565036,2018-10-08,1538971200,1.0,0
2018-10-08,1538971200,219.8511754954885,223.994733565036,2018-10-09,1539057600,1.0,1
2018-10-10,1539144000,214.446178996746,219.8511754954885,2018-10-10,1539144000,-1.0,1
2018-10-11,1539230400,208.1646822479137,214.446178996746,2018-10-11,1539230400,-1.0,1
2018-10-12,1539316800,201.48264955256943,208.1646822479137,2018-10-12,1539316800,-1.0,0
2018-10-12,1539316800,201.48264955256943,208.1646822479137,2018-10-15,1539576000,-1.0,1
2018-10-16,1539662400,208.1646822479137,214.99860839849117,2018-10-16,1539662400,1.0,0
2018-10-16,1539662400,208.1646822479137,214.99860839849117,2018-10-17,1539748800,1.0,0
2018-10-16,1539662400,208.1646822479137,214.99860839849117,2018-10-18,1539835200,1.0,0
2018-10-16,1539662400,208.1646822479137,214.99860839849117,2018-10-19,1539921600,1.0,1
2018-10-22,1540180800,201.23511436404647,208.1646822479137,2018-10-22,1540180800,-1.0,0
2018-10-22,1540180800,201.23511436404647,208.1646822479137,2018-10-23,1540267200,-1.0,1
2018-10-24,1540353600,194.17599715805892,201.23511436404647,2018-10-24,1540353600,-1.0,1
2018-10-25,1540440000,201.23511436404647,208.25543748389205,2018-10-25,1540440000,1.0,1
2018-10-26,1540526400,194.1132428956184,201.23511436404647,2018-10-26,1540526400,-1.0,0
2018-10-26,1540526400,194.1132428956184,201.23511436404647,2018-10-29,1540785600,-1.0,1
2018-10-30,1540872000,201.23511436404647,208.70484435468086,2018-10-30,1540872000,1.0,0
2018-10-30,1540872000,201.23511436404647,208.70484435468086,2018-10-31,1540958400,1.0,0
2018-10-30,1540872000,201.23511436404647,208.70484435468086,2018-11-01,1541044800,1.0,0
2018-10-30,1540872000,201.23511436404647,208.70484435468086,2018-11-02,1541131200,1.0,1
2018-11-05,1541394000,208.70484435468086,217.00262346397147,2018-11-05,1541394000,1.0,1
2018-11-06,1541480400,217.00262346397147,225.0291326368842,2018-11-06,1541480400,1.0,0
2018-11-06,1541480400,217.00262346397147,225.0291326368842,2018-11-07,1541566800,1.0,0
2018-11-06,1541480400,217.00262346397147,225.0291326368842,2018-11-08,1541653200,1.0,0
2018-11-06,1541480400,217.00262346397147,225.0291326368842,2018-11-09,1541739600,1.0,1
2018-11-12,1541998800,209.1367763198763,217.00262346397147,2018-11-12,1541998800,-1.0,1
2018-11-13,1542085200,217.00262346397147,224.817052954917,2018-11-13,1542085200,1.0,1
2018-11-14,1542171600,208.8566532223792,217.00262346397147,2018-11-14,1542171600,-1.0,1
2018-11-15,1542258000,217.00262346397147,225.26488154545,2018-11-15,1542258000,1.0,0
2018-11-15,1542258000,217.00262346397147,225.26488154545,2018-11-16,1542344400,1.0,0
2018-11-15,1542258000,217.00262346397147,225.26488154545,2018-11-19,1542603600,1.0,1
2018-11-20,1542690000,208.44752980325416,217.00262346397147,2018-11-20,1542690000,-1.0,0
2018-11-20,1542690000,208.44752980325416,217.00262346397147,2018-11-21,1542776400,-1.0,1
2018-11-23,1542949200,200.19528067743155,208.44752980325416,2018-11-23,1542949200,-1.0,1
2018-11-26,1543208400,208.44752980325416,216.61561827723227,2018-11-26,1543208400,1.0,0
2018-11-26,1543208400,208.44752980325416,216.61561827723227,2018-11-27,1543294800,1.0,1
2018-11-28,1543381200,216.61561827723227,224.72464354306035,2018-11-28,1543381200,1.0,0
2018-11-28,1543381200,216.61561827723227,224.72464354306035,2018-11-29,1543467600,1.0,0
2018-11-28,1543381200,216.61561827723227,224.72464354306035,2018-11-30,1543554000,1.0,0
2018-11-28,1543381200,216.61561827723227,224.72464354306035,2018-12-03,1543813200,1.0,1
2018-12-04,1543899600,207.9141733262401,216.61561827723227,2018-12-04,1543899600,-1.0,0
2018-12-04,1543899600,207.9141733262401,216.61561827723227,2018-12-06,1544072400,-1.0,1
2018-12-07,1544158800,198.61576640421114,207.9141733262401,2018-12-07,1544158800,-1.0,0
2018-12-07,1544158800,198.61576640421114,207.9141733262401,2018-12-10,1544418000,-1.0,0
2018-12-07,1544158800,198.61576640421114,207.9141733262401,2018-12-11,1544504400,-1.0,0
2018-12-07,1544158800,198.61576640421114,207.9141733262401,2018-12-12,1544590800,-1.0,0
2018-12-07,1544158800,198.61576640421114,207.9141733262401,2018-12-13,1544677200,-1.0,0
2018-12-07,1544158800,198.61576640421114,207.9141733262401,2018-12-14,1544763600,-1.0,1
2018-12-17,1545022800,189.91576601017468,198.61576640421114,2018-12-17,1545022800,-1.0,0
2018-12-17,1545022800,189.91576601017468,198.61576640421114,2018-12-18,1545109200,-1.0,0
2018-12-17,1545022800,189.91576601017468,198.61576640421114,2018-12-19,1545195600,-1.0,0
2018-12-17,1545022800,189.91576601017468,198.61576640421114,2018-12-20,1545282000,-1.0,0
2018-12-17,1545022800,189.91576601017468,198.61576640421114,2018-12-21,1545368400,-1.0,1
2018-12-24,1545627600,180.6665541298886,189.91576601017468,2018-12-24,1545627600,-1.0,1
2018-12-26,1545800400,189.91576601017468,200.02528132758317,2018-12-26,1545800400,1.0,1
2018-12-27,1545886800,200.02528132758317,210.46954555089107,2018-12-27,1545886800,1.0,0
2018-12-27,1545886800,200.02528132758317,210.46954555089107,2018-12-28,1545973200,1.0,0
2018-12-27,1545886800,200.02528132758317,210.46954555089107,2018-12-31,1546232400,1.0,0
2018-12-27,1545886800,200.02528132758317,210.46954555089107,2019-01-02,1546405200,1.0,1
2019-01-03,1546491600,189.44017453661334,200.02528132758317,2019-01-03,1546491600,-1.0,0
2019-01-03,1546491600,189.44017453661334,200.02528132758317,2019-01-04,1546578000,-1.0,0
2019-01-03,1546491600,189.44017453661334,200.02528132758317,2019-01-07,1546837200,-1.0,0
2019-01-03,1546491600,189.44017453661334,200.02528132758317,2019-01-08,1546923600,-1.0,0
2019-01-03,1546491600,189.44017453661334,200.02528132758317,2019-01-09,1547010000,-1.0,0
2019-01-03,1546491600,189.44017453661334,200.02528132758317,2019-01-10,1547096400,-1.0,0
2019-01-03,1546491600,189.44017453661334,200.02528132758317,2019-01-11,1547182800,-1.0,0
2019-01-03,1546491600,189.44017453661334,200.02528132758317,2019-01-14,1547442000,-1.0,0
2019-01-03,1546491600,189.44017453661334,200.02528132758317,2019-01-15,1547528400,-1.0,0
2019-01-03,1546491600,189.44017453661334,200.02528132758317,2019-01-16,1547614800,-1.0,0
2019-01-03,1546491600,189.44017453661334,200.02528132758317,2019-01-17,1547701200,-1.0,1
2019-01-18,1547787600,200.02528132758317,207.98641380065047,2019-01-18,1547787600,1.0,0
2019-01-18,1547787600,200.02528132758317,207.98641380065047,2019-01-22,1548133200,1.0,0
2019-01-18,1547787600,200.02528132758317,207.98641380065047,2019-01-23,1548219600,1.0,0
2019-01-18,1547787600,200.02528132758317,207.98641380065047,2019-01-24,1548306000,1.0,0
2019-01-18,1547787600,200.02528132758317,207.98641380065047,2019-01-25,1548392400,1.0,0
2019-01-18,1547787600,200.02528132758317,207.98641380065047,2019-01-28,1548651600,1.0,0
2019-01-18,1547787600,200.02528132758317,207.98641380065047,2019-01-29,1548738000,1.0,0
2019-01-18,1547787600,200.02528132758317,207.98641380065047,2019-01-30,1548824400,1.0,0
2019-01-18,1547787600,200.02528132758317,207.98641380065047,2019-01-31,1548910800,1.0,1
2019-02-01,1548997200,207.98641380065047,215.25407645845962,2019-02-01,1548997200,1.0,0
2019-02-01,1548997200,207.98641380065047,215.25407645845962,2019-02-04,1549256400,1.0,1
2019-02-05,1549342800,201.1012046722334,207.98641380065047,2019-02-05,1549342800,-1.0,0
2019-02-05,1549342800,201.1012046722334,207.98641380065047,2019-02-06,1549429200,-1.0,0
2019-02-05,1549342800,201.1012046722334,207.98641380065047,2019-02-07,1549515600,-1.0,1
2019-02-08,1549602000,194.18494065797233,201.1012046722334,2019-02-08,1549602000,-1.0,1
2019-02-11,1549861200,201.1012046722334,207.8333069711901,2019-02-11,1549861200,1.0,0
2019-02-11,1549861200,201.1012046722334,207.8333069711901,2019-02-12,1549947600,1.0,0
2019-02-11,1549861200,201.1012046722334,207.8333069711901,2019-02-13,1550034000,1.0,0
2019-02-11,1549861200,201.1012046722334,207.8333069711901,2019-02-14,1550120400,1.0,0
2019-02-11,1549861200,201.1012046722334,207.8333069711901,2019-02-15,1550206800,1.0,0
2019-02-11,1549861200,201.1012046722334,207.8333069711901,2019-02-19,1550552400,1.0,0
2019-02-11,1549861200,201.1012046722334,207.8333069711901,2019-02-20,1550638800,1.0,0
2019-02-11,1549861200,201.1012046722334,207.8333069711901,2019-02-21,1550725200,1.0,0
2019-02-11,1549861200,201.1012046722334,207.8333069711901,2019-02-22,1550811600,1.0,0
2019-02-11,1549861200,201.1012046722334,207.8333069711901,2019-02-25,1551070800,1.0,0
2019-02-11,1549861200,201.1012046722334,207.8333069711901,2019-02-26,1551157200,1.0,0
2019-02-11,1549861200,201.1012046722334,207.8333069711901,2019-02-27,1551243600,1.0,0
2019-02-11,1549861200,201.1012046722334,207.8333069711901,2019-02-28,1551330000,1.0,0
2019-02-11,1549861200,201.1012046722334,207.8333069711901,2019-03-01,1551416400,1.0,0
2019-02-11,1549861200,201.1012046722334,207.8333069711901,2019-03-04,1551675600,1.0,0
2019-02-11,1549861200,201.1012046722334,207.8333069711901,2019-03-05,1551762000,1.0,1
2019-03-06,1551848400,195.84193254554276,201.1012046722334,2019-03-06,1551848400,-1.0,0
2019-03-06,1551848400,195.84193254554276,201.1012046722334,2019-03-07,1551934800,-1.0,0
2019-03-06,1551848400,195.84193254554276,201.1012046722334,2019-03-08,1552021200,-1.0,1
2019-03-11,1552276800,201.1012046722334,206.34304463664276,2019-03-11,1552276800,1.0,0
2019-03-11,1552276800,201.1012046722334,206.34304463664276,2019-03-12,1552363200,1.0,0
2019-03-11,1552276800,201.1012046722334,206.34304463664276,2019-03-13,1552449600,1.0,0
2019-03-11,1552276800,201.1012046722334,206.34304463664276,2019-03-14,1552536000,1.0,0
2019-03-11,1552276800,201.1012046722334,206.34304463664276,2019-03-15,1552622400,1.0,1
2019-03-18,1552881600,206.34304463664276,211.27055854064378,2019-03-18,1552881600,1.0,1
2019-03-19,1552968000,201.35735315435608,206.34304463664276,2019-03-19,1552968000,-1.0,0
2019-03-19,1552968000,201.35735315435608,206.34304463664276,2019-03-20,1553054400,-1.0,0
2019-03-19,1552968000,201.35735315435608,206.34304463664276,2019-03-21,1553140800,-1.0,1
2019-03-22,1553227200,196.19675614758356,201.35735315435608,2019-03-22,1553227200,-1.0,0
2019-03-22,1553227200,196.19675614758356,201.35735315435608,2019-03-25,1553486400,-1.0,0
2019-03-22,1553227200,196.19675614758356,201.35735315435608,2019-03-26,1553572800,-1.0,0
2019-03-22,1553227200,196.19675614758356,201.35735315435608,2019-03-27,1553659200,-1.0,0
2019-03-22,1553227200,196.19675614758356,201.35735315435608,2019-03-28,1553745600,-1.0,0
2019-03-22,1553227200,196.19675614758356,201.35735315435608,2019-03-29,1553832000,-1.0,1
2019-04-01,1554091200,201.35735315435608,206.58414634661423,2019-04-01,1554091200,1.0,0
2019-04-01,1554091200,201.35735315435608,206.58414634661423,2019-04-02,1554177600,1.0,0
2019-04-01,1554091200,201.35735315435608,206.58414634661423,2019-04-03,1554264000,1.0,0
2019-04-01,1554091200,201.35735315435608,206.58414634661423,2019-04-04,1554350400,1.0,0
2019-04-01,1554091200,201.35735315435608,206.58414634661423,2019-04-05,1554436800,1.0,0
2019-04-01,1554091200,201.35735315435608,206.58414634661423,2019-04-08,1554696000,1.0,0
2019-04-01,1554091200,201.35735315435608,206.58414634661423,2019-04-09,1554782400,1.0,0
2019-04-01,1554091200,201.35735315435608,206.58414634661423,2019-04-10,1554868800,1.0,1
2019-04-11,1554955200,206.58414634661423,211.18103491196595,2019-04-11,1554955200,1.0,0
2019-04-11,1554955200,206.58414634661423,211.18103491196595,2019-04-12,1555041600,1.0,0
2019-04-11,1554955200,206.58414634661423,211.18103491196595,2019-04-15,1555300800,1.0,1
2019-04-16,1555387200,211.18103491196595,216.02056848998262,2019-04-16,1555387200,1.0,1
2019-04-17,1555473600,206.3258965895219,211.18103491196595,2019-04-17,1555473600,-1.0,0
2019-04-17,1555473600,206.3258965895219,211.18103491196595,2019-04-18,1555560000,-1.0,0
2019-04-17,1555473600,206.3258965895219,211.18103491196595,2019-04-22,1555905600,-1.0,1
2019-04-23,1555992000,211.18103491196595,215.81910885307732,2019-04-23,1555992000,1.0,1
2019-04-24,1556078400,206.64466196664827,211.18103491196595,2019-04-24,1556078400,-1.0,1
2019-04-25,1556164800,211.18103491196595,215.82152407547522,2019-04-25,1556164800,1.0,0
2019-04-25,1556164800,211.18103491196595,215.82152407547522,2019-04-26,1556251200,1.0,1
2019-04-29,1556510400,215.82152407547522,220.4962009562562,2019-04-29,1556510400,1.0,0
2019-04-29,1556510400,215.82152407547522,220.4962009562562,2019-04-30,1556596800,1.0,0
2019-04-29,1556510400,215.82152407547522,220.4962009562562,2019-05-01,1556683200,1.0,0
2019-04-29,1556510400,215.82152407547522,220.4962009562562,2019-05-02,1556769600,1.0,0
2019-04-29,1556510400,215.82152407547522,220.4962009562562,2019-05-03,1556856000,1.0,1
2019-05-06,1557115200,210.5334155449972,215.82152407547522,2019-05-06,1557115200,-1.0,1
2019-05-07,1557201600,204.88374333812476,210.5334155449972,2019-05-07,1557201600,-1.0,0
2019-05-07,1557201600,204.88374333812476,210.5334155449972,2019-05-08,1557288000,-1.0,0
2019-05-07,1557201600,204.88374333812476,210.5334155449972,2019-05-09,1557374400,-1.0,0
2019-05-07,1557201600,204.88374333812476,210.5334155449972,2019-05-10,1557460800,-1.0,0
2019-05-07,1557201600,204.88374333812476,210.5334155449972,2019-05-13,1557720000,-1.0,1
2019-05-14,1557806400,198.5363985660315,204.88374333812476,2019-05-14,1557806400,-1.0,0
2019-05-14,1557806400,198.5363985660315,204.88374333812476,2019-05-15,1557892800,-1.0,0
2019-05-14,1557806400,198.5363985660315,204.88374333812476,2019-05-16,1557979200,-1.0,0
2019-05-14,1557806400,198.5363985660315,204.88374333812476,2019-05-17,1558065600,-1.0,0
2019-05-14,1557806400,198.5363985660315,204.88374333812476,2019-05-20,1558324800,-1.0,0
2019-05-14,1557806400,198.5363985660315,204.88374333812476,2019-05-21,1558411200,-1.0,0
2019-05-14,1557806400,198.5363985660315,204.88374333812476,2019-05-22,1558497600,-1.0,0
2019-05-14,1557806400,198.5363985660315,204.88374333812476,2019-05-23,1558584000,-1.0,0
2019-05-14,1557806400,198.5363985660315,204.88374333812476,2019-05-24,1558670400,-1.0,0
2019-05-14,1557806400,198.5363985660315,204.88374333812476,2019-05-28,1559016000,-1.0,1
2019-05-29,1559102400,193.2765970855908,198.5363985660315,2019-05-29,1559102400,-1.0,1
2019-05-30,1559188800,198.5363985660315,203.63795279786927,2019-05-30,1559188800,1.0,1
2019-05-31,1559275200,193.4565982078964,198.5363985660315,2019-05-31,1559275200,-1.0,1
2019-06-03,1559534400,198.5363985660315,203.51435604144265,2019-06-03,1559534400,1.0,0
2019-06-03,1559534400,198.5363985660315,203.51435604144265,2019-06-04,1559620800,1.0,0
2019-06-03,1559534400,198.5363985660315,203.51435604144265,2019-06-05,1559707200,1.0,1
2019-06-06,1559793600,203.51435604144265,208.57944298513007,2019-06-06,1559793600,1.0,0
2019-06-06,1559793600,203.51435604144265,208.57944298513007,2019-06-07,1559880000,1.0,0
2019-06-06,1559793600,203.51435604144265,208.57944298513007,2019-06-10,1560139200,1.0,0
2019-06-06,1559793600,203.51435604144265,208.57944298513007,2019-06-11,1560225600,1.0,0
2019-06-06,1559793600,203.51435604144265,208.57944298513007,2019-06-12,1560312000,1.0,0
2019-06-06,1559793600,203.51435604144265,208.57944298513007,2019-06-13,1560398400,1.0,0
2019-06-06,1559793600,203.51435604144265,208.57944298513007,2019-06-14,1560484800,1.0,1
2019-06-17,1560744000,198.84127579039884,203.51435604144265,2019-06-17,1560744000,-1.0,1
2019-06-18,1560830400,203.51435604144265,208.23709627455477,2019-06-18,1560830400,1.0,0
2019-06-18,1560830400,203.51435604144265,208.23709627455477,2019-06-19,1560916800,1.0,0
2019-06-18,1560830400,203.51435604144265,208.23709627455477,2019-06-20,1561003200,1.0,0
2019-06-18,1560830400,203.51435604144265,208.23709627455477,2019-06-21,1561089600,1.0,0
2019-06-18,1560830400,203.51435604144265,208.23709627455477,2019-06-24,1561348800,1.0,0
2019-06-18,1560830400,203.51435604144265,208.23709627455477,2019-06-25,1561435200,1.0,1
2019-06-26,1561521600,208.23709627455477,212.63398652972157,2019-06-26,1561521600,1.0,0
2019-06-26,1561521600,208.23709627455477,212.63398652972157,2019-06-27,1561608000,1.0,1
2019-06-28,1561694400,212.63398652972157,217.1647439436154,2019-06-28,1561694400,1.0,0
2019-06-28,1561694400,212.63398652972157,217.1647439436154,2019-07-01,1561953600,1.0,0
2019-06-28,1561694400,212.63398652972157,217.1647439436154,2019-07-02,1562040000,1.0,0
2019-06-28,1561694400,212.63398652972157,217.1647439436154,2019-07-03,1562126400,1.0,0
2019-06-28,1561694400,212.63398652972157,217.1647439436154,2019-07-05,1562299200,1.0,0
2019-06-28,1561694400,212.63398652972157,217.1647439436154,2019-07-08,1562558400,1.0,0
2019-06-28,1561694400,212.63398652972157,217.1647439436154,2019-07-09,1562644800,1.0,0
2019-06-28,1561694400,212.63398652972157,217.1647439436154,2019-07-10,1562731200,1.0,0
2019-06-28,1561694400,212.63398652972157,217.1647439436154,2019-07-11,1562817600,1.0,0
2019-06-28,1561694400,212.63398652972157,217.1647439436154,2019-07-12,1562904000,1.0,0
2019-06-28,1561694400,212.63398652972157,217.1647439436154,2019-07-15,1563163200,1.0,0
2019-06-28,1561694400,212.63398652972157,217.1647439436154,2019-07-16,1563249600,1.0,1
2019-07-17,1563336000,208.1599283952181,212.63398652972157,2019-07-17,1563336000,-1.0,1
2019-07-18,1563422400,203.75162012746486,208.1599283952181,2019-07-18,1563422400,-1.0,0
2019-07-18,1563422400,203.75162012746486,208.1599283952181,2019-07-19,1563508800,-1.0,0
2019-07-18,1563422400,203.75162012746486,208.1599283952181,2019-07-22,1563768000,-1.0,0
2019-07-18,1563422400,203.75162012746486,208.1599283952181,2019-07-23,1563854400,-1.0,0
2019-07-18,1563422400,203.75162012746486,208.1599283952181,2019-07-24,1563940800,-1.0,0
2019-07-18,1563422400,203.75162012746486,208.1599283952181,2019-07-25,1564027200,-1.0,1
2019-07-26,1564113600,208.1599283952181,212.47821166015842,2019-07-26,1564113600,1.0,0
2019-07-26,1564113600,208.1599283952181,212.47821166015842,2019-07-29,1564372800,1.0,1
2019-07-30,1564459200,204.02287802901955,208.1599283952181,2019-07-30,1564459200,-1.0,0
2019-07-30,1564459200,204.02287802901955,208.1599283952181,2019-07-31,1564545600,-1.0,1
2019-08-01,1564632000,199.24844174387897,204.02287802901955,2019-08-01,1564632000,-1.0,0
2019-08-01,1564632000,199.24844174387897,204.02287802901955,2019-08-02,1564718400,-1.0,1
2019-08-05,1564977600,193.82514719189552,199.24844174387897,2019-08-05,1564977600,-1.0,1
2019-08-06,1565064000,199.24844174387897,204.69578668500648,2019-08-06,1565064000,1.0,1
2019-08-07,1565150400,193.528050012832,199.24844174387897,2019-08-07,1565150400,-1.0,1
2019-08-08,1565236800,199.24844174387897,204.91380549413685,2019-08-08,1565236800,1.0,1
2019-08-09,1565323200,193.61746111863948,199.24844174387897,2019-08-09,1565323200,-1.0,0
2019-08-09,1565323200,193.61746111863948,199.24844174387897,2019-08-12,1565582400,-1.0,0
2019-08-09,1565323200,193.61746111863948,199.24844174387897,2019-08-13,1565668800,-1.0,0
2019-08-09,1565323200,193.61746111863948,199.24844174387897,2019-08-14,1565755200,-1.0,0
2019-08-09,1565323200,193.61746111863948,199.24844174387897,2019-08-15,1565841600,-1.0,1
2019-08-16,1565928000,199.24844174387897,204.91140616318165,2019-08-16,1565928000,1.0,0
2019-08-16,1565928000,199.24844174387897,204.91140616318165,2019-08-19,1566187200,1.0,1
2019-08-20,1566273600,193.58662038233737,199.24844174387897,2019-08-20,1566273600,-1.0,0
2019-08-20,1566273600,193.58662038233737,199.24844174387897,2019-08-21,1566360000,-1.0,1
2019-08-22,1566446400,199.24844174387897,204.66183077500412,2019-08-22,1566446400,1.0,1
2019-08-23,1566532800,193.57243764354848,199.24844174387897,2019-08-23,1566532800,-1.0,1
2019-08-26,1566792000,199.24844174387897,204.9098741227573,2019-08-26,1566792000,1.0,1
2019-08-27,1566878400,193.57225453492055,199.24844174387897,2019-08-27,1566878400,-1.0,1
2019-08-28,1566964800,199.24844174387897,204.91004415219751,2019-08-28,1566964800,1.0,0
2019-08-28,1566964800,199.24844174387897,204.91004415219751,2019-08-29,1567051200,1.0,0
2019-08-28,1566964800,199.24844174387897,204.91004415219751,2019-08-30,1567137600,1.0,0
2019-08-28,1566964800,199.24844174387897,204.91004415219751,2019-09-03,1567483200,1.0,0
2019-08-28,1566964800,199.24844174387897,204.91004415219751,2019-09-04,1567569600,1.0,0
2019-08-28,1566964800,199.24844174387897,204.91004415219751,2019-09-05,1567656000,1.0,0
2019-08-28,1566964800,199.24844174387897,204.91004415219751,2019-09-06,1567742400,1.0,1
2019-09-09,1568001600,204.91004415219751,210.21323855167537,2019-09-09,1568001600,1.0,0
2019-09-09,1568001600,204.91004415219751,210.21323855167537,2019-09-10,1568088000,1.0,1
2019-09-11,1568174400,210.21323855167537,215.48394188591905,2019-09-11,1568174400,1.0,0
2019-09-11,1568174400,210.21323855167537,215.48394188591905,2019-09-12,1568260800,1.0,0
2019-09-11,1568174400,210.21323855167537,215.48394188591905,2019-09-13,1568347200,1.0,0
2019-09-11,1568174400,210.21323855167537,215.48394188591905,2019-09-16,1568606400,1.0,1
2019-09-17,1568692800,204.98001213743825,210.21323855167537,2019-09-17,1568692800,-1.0,1
2019-09-18,1568779200,210.21323855167537,215.35552022203842,2019-09-18,1568779200,1.0,1
2019-09-19,1568865600,205.11169128633827,210.21323855167537,2019-09-19,1568865600,-1.0,0
2019-09-19,1568865600,205.11169128633827,210.21323855167537,2019-09-20,1568952000,-1.0,0
2019-09-19,1568865600,205.11169128633827,210.21323855167537,2019-09-23,1569211200,-1.0,0
2019-09-19,1568865600,205.11169128633827,210.21323855167537,2019-09-24,1569297600,-1.0,0
2019-09-19,1568865600,205.11169128633827,210.21323855167537,2019-09-25,1569384000,-1.0,0
2019-09-19,1568865600,205.11169128633827,210.21323855167537,2019-09-26,1569470400,-1.0,0
2019-09-19,1568865600,205.11169128633827,210.21323855167537,2019-09-27,1569556800,-1.0,0
2019-09-19,1568865600,205.11169128633827,210.21323855167537,2019-09-30,1569816000,-1.0,0
2019-09-19,1568865600,205.11169128633827,210.21323855167537,2019-10-01,1569902400,-1.0,1
2019-10-02,1569988800,200.09361971151262,205.11169128633827,2019-10-02,1569988800,-1.0,0
2019-10-02,1569988800,200.09361971151262,205.11169128633827,2019-10-03,1570075200,-1.0,1
2019-10-04,1570161600,205.11169128633827,210.31168157279507,2019-10-04,1570161600,1.0,0
2019-10-04,1570161600,205.11169128633827,210.31168157279507,2019-10-07,1570420800,1.0,1
2019-10-08,1570507200,199.79534251893418,205.11169128633827,2019-10-08,1570507200,-1.0,1
2019-10-09,1570593600,205.11169128633827,210.45201514178493,2019-10-09,1570593600,1.0,0
2019-10-09,1570593600,205.11169128633827,210.45201514178493,2019-10-10,1570680000,1.0,0
2019-10-09,1570593600,205.11169128633827,210.45201514178493,2019-10-11,1570766400,1.0,0
2019-10-09,1570593600,205.11169128633827,210.45201514178493,2019-10-14,1571025600,1.0,0
2019-10-09,1570593600,205.11169128633827,210.45201514178493,2019-10-15,1571112000,1.0,0
2019-10-09,1570593600,205.11169128633827,210.45201514178493,2019-10-16,1571198400,1.0,0
2019-10-09,1570593600,205.11169128633827,210.45201514178493,2019-10-17,1571284800,1.0,0
2019-10-09,1570593600,205.11169128633827,210.45201514178493,2019-10-18,1571371200,1.0,1
2019-10-21,1571630400,210.45201514178493,215.03404041779768,2019-10-21,1571630400,1.0,0
2019-10-21,1571630400,210.45201514178493,215.03404041779768,2019-10-22,1571716800,1.0,0
2019-10-21,1571630400,210.45201514178493,215.03404041779768,2019-10-23,1571803200,1.0,1
2019-10-24,1571889600,206.2358848460852,210.45201514178493,2019-10-24,1571889600,-1.0,1
2019-10-25,1571976000,210.45201514178493,214.69870755922037,2019-10-25,1571976000,1.0,0
2019-10-25,1571976000,210.45201514178493,214.69870755922037,2019-10-28,1572235200,1.0,0
2019-10-25,1571976000,210.45201514178493,214.69870755922037,2019-10-29,1572321600,1.0,0
2019-10-25,1571976000,210.45201514178493,214.69870755922037,2019-10-30,1572408000,1.0,0
2019-10-25,1571976000,210.45201514178493,214.69870755922037,2019-10-31,1572494400,1.0,1
2019-11-01,1572580800,214.69870755922037,218.91315508805295,2019-11-01,1572580800,1.0,0
2019-11-01,1572580800,214.69870755922037,218.91315508805295,2019-11-04,1572843600,1.0,1
2019-11-05,1572930000,218.91315508805295,223.35584708995452,2019-11-05,1572930000,1.0,0
2019-11-05,1572930000,218.91315508805295,223.35584708995452,2019-11-06,1573016400,1.0,0
2019-11-05,1572930000,218.91315508805295,223.35584708995452,2019-11-07,1573102800,1.0,0
2019-11-05,1572930000,218.91315508805295,223.35584708995452,2019-11-08,1573189200,1.0,0
2019-11-05,1572930000,218.91315508805295,223.35584708995452,2019-11-11,1573448400,1.0,0
2019-11-05,1572930000,218.91315508805295,223.35584708995452,2019-11-12,1573534800,1.0,0
2019-11-05,1572930000,218.91315508805295,223.35584708995452,2019-11-13,1573621200,1.0,0
2019-11-05,1572930000,218.91315508805295,223.35584708995452,2019-11-14,1573707600,1.0,0
2019-11-05,1572930000,218.91315508805295,223.35584708995452,2019-11-15,1573794000,1.0,0
2019-11-05,1572930000,218.91315508805295,223.35584708995452,2019-11-18,1574053200,1.0,0
2019-11-05,1572930000,218.91315508805295,223.35584708995452,2019-11-19,1574139600,1.0,1
2019-11-20,1574226000,214.96839267706005,218.91315508805295,2019-11-20,1574226000,-1.0,0
2019-11-20,1574226000,214.96839267706005,218.91315508805295,2019-11-21,1574312400,-1.0,0
2019-11-20,1574226000,214.96839267706005,218.91315508805295,2019-11-22,1574398800,-1.0,1
2019-11-25,1574658000,218.91315508805295,222.57353556070288,2019-11-25,1574658000,1.0,1
2019-11-26,1574744400,215.32394464916374,218.91315508805295,2019-11-26,1574744400,-1.0,1
2019-11-27,1574830800,218.91315508805295,222.51727906702152,2019-11-27,1574830800,1.0,0
2019-11-27,1574830800,218.91315508805295,222.51727906702152,2019-11-29,1575003600,1.0,0
2019-11-27,1574830800,218.91315508805295,222.51727906702152,2019-12-02,1575262800,1.0,1
2019-12-03,1575349200,215.28627897223882,218.91315508805295,2019-12-03,1575349200,-1.0,0
2019-12-03,1575349200,215.28627897223882,218.91315508805295,2019-12-04,1575435600,-1.0,1
2019-12-05,1575522000,218.91315508805295,222.41929582056613,2019-12-05,1575522000,1.0,1
2019-12-06,1575608400,222.41929582056613,226.11214078647126,2019-12-06,1575608400,1.0,1
2019-12-09,1575867600,218.7189397807971,222.41929582056613,2019-12-09,1575867600,-1.0,0
2019-12-09,1575867600,218.7189397807971,222.41929582056613,2019-12-10,1575954000,-1.0,1
2019-12-11,1576040400,222.41929582056613,226.04282730383636,2019-12-11,1576040400,1.0,0
2019-12-11,1576040400,222.41929582056613,226.04282730383636,2019-12-12,1576126800,1.0,0
2019-12-11,1576040400,222.41929582056613,226.04282730383636,2019-12-13,1576213200,1.0,1
2019-12-16,1576472400,226.04282730383636,230.00332025891825,2019-12-16,1576472400,1.0,0
2019-12-16,1576472400,226.04282730383636,230.00332025891825,2019-12-17,1576558800,1.0,1
2019-12-18,1576645200,222.13034103134228,226.04282730383636,2019-12-18,1576645200,-1.0,0
2019-12-18,1576645200,222.13034103134228,226.04282730383636,2019-12-19,1576731600,-1.0,1
2019-12-20,1576818000,226.04282730383636,229.9284302632828,2019-12-20,1576818000,1.0,1
2019-12-23,1577077200,222.21105312720755,226.04282730383636,2019-12-23,1577077200,-1.0,0
2019-12-23,1577077200,222.21105312720755,226.04282730383636,2019-12-24,1577163600,-1.0,1
2019-12-26,1577336400,226.04282730383636,229.57239789490916,2019-12-26,1577336400,1.0,0
2019-12-26,1577336400,226.04282730383636,229.57239789490916,2019-12-27,1577422800,1.0,1
2019-12-30,1577682000,222.58418735541133,226.04282730383636,2019-12-30,1577682000,-1.0,1
2019-12-31,1577768400,226.04282730383636,229.45756439880245,2019-12-31,1577768400,1.0,0
2019-12-31,1577768400,226.04282730383636,229.45756439880245,2020-01-02,1577941200,1.0,0
2019-12-31,1577768400,226.04282730383636,229.45756439880245,2020-01-03,1578027600,1.0,0
2019-12-31,1577768400,226.04282730383636,229.45756439880245,2020-01-06,1578286800,1.0,1
2020-01-07,1578373200,222.46281105619667,226.04282730383636,2020-01-07,1578373200,-1.0,0
2020-01-07,1578373200,222.46281105619667,226.04282730383636,2020-01-08,1578459600,-1.0,1
2020-01-09,1578546000,226.04282730383636,229.73258621123998,2020-01-09,1578546000,1.0,0
2020-01-09,1578546000,226.04282730383636,229.73258621123998,2020-01-10,1578632400,1.0,0
2020-01-09,1578546000,226.04282730383636,229.73258621123998,2020-01-13,1578891600,1.0,0
2020-01-09,1578546000,226.04282730383636,229.73258621123998,2020-01-14,1578978000,1.0,0
2020-01-09,1578546000,226.04282730383636,229.73258621123998,2020-01-15,1579064400,1.0,0
2020-01-09,1578546000,226.04282730383636,229.73258621123998,2020-01-16,1579150800,1.0,1
2020-01-17,1579237200,229.73258621123998,233.33814524308016,2020-01-17,1579237200,1.0,1
2020-01-21,1579582800,225.97570996738835,229.73258621123998,2020-01-21,1579582800,-1.0,0
2020-01-21,1579582800,225.97570996738835,229.73258621123998,2020-01-22,1579669200,-1.0,0
2020-01-21,1579582800,225.97570996738835,229.73258621123998,2020-01-23,1579755600,-1.0,0
2020-01-21,1579582800,225.97570996738835,229.73258621123998,2020-01-24,1579842000,-1.0,1
2020-01-27,1580101200,221.56981202276512,225.97570996738835,2020-01-27,1580101200,-1.0,0
2020-01-27,1580101200,221.56981202276512,225.97570996738835,2020-01-28,1580187600,-1.0,0
2020-01-27,1580101200,221.56981202276512,225.97570996738835,2020-01-29,1580274000,-1.0,1
2020-01-30,1580360400,225.97570996738835,230.8277616380652,2020-01-30,1580360400,1.0,1
2020-01-31,1580446800,220.8980905589027,225.97570996738835,2020-01-31,1580446800,-1.0,0
2020-01-31,1580446800,220.8980905589027,225.97570996738835,2020-02-03,1580706000,-1.0,0
2020-01-31,1580446800,220.8980905589027,225.97570996738835,2020-02-04,1580792400,-1.0,1
2020-02-05,1580878800,225.97570996738835,231.28632434072762,2020-02-05,1580878800,1.0,0
2020-02-05,1580878800,225.97570996738835,231.28632434072762,2020-02-06,1580965200,1.0,0
2020-02-05,1580878800,225.97570996738835,231.28632434072762,2020-02-07,1581051600,1.0,0
2020-02-05,1580878800,225.97570996738835,231.28632434072762,2020-02-10,1581310800,1.0,0
2020-02-05,1580878800,225.97570996738835,231.28632434072762,2020-02-11,1581397200,1.0,0
2020-02-05,1580878800,225.97570996738835,231.28632434072762,2020-02-12,1581483600,1.0,0
2020-02-05,1580878800,225.97570996738835,231.28632434072762,2020-02-13,1581570000,1.0,0
2020-02-05,1580878800,225.97570996738835,231.28632434072762,2020-02-14,1581656400,1.0,0
2020-02-05,1580878800,225.97570996738835,231.28632434072762,2020-02-18,1582002000,1.0,0
2020-02-05,1580878800,225.97570996738835,231.28632434072762,2020-02-19,1582088400,1.0,0
2020-02-05,1580878800,225.97570996738835,231.28632434072762,2020-02-20,1582174800,1.0,0
2020-02-05,1580878800,225.97570996738835,231.28632434072762,2020-02-21,1582261200,1.0,1
2020-02-24,1582520400,220.50777777672238,225.97570996738835,2020-02-24,1582520400,-1.0,1
2020-02-25,1582606800,214.5972693139611,220.50777777672238,2020-02-25,1582606800,-1.0,0
2020-02-25,1582606800,214.5972693139611,220.50777777672238,2020-02-26,1582693200,-1.0,1
2020-02-27,1582779600,207.8121778333149,214.5972693139611,2020-02-27,1582779600,-1.0,1
2020-02-28,1582866000,200.48445002985773,207.8121778333149,2020-02-28,1582866000,-1.0,1
2020-03-02,1583125200,207.8121778333149,216.46356650795371,2020-03-02,1583125200,1.0,0
2020-03-02,1583125200,207.8121778333149,216.46356650795371,2020-03-03,1583211600,1.0,1
2020-03-04,1583298000,216.46356650795371,226.575151640678,2020-03-04,1583298000,1.0,1
2020-03-05,1583384400,205.6792374561383,216.46356650795371,2020-03-05,1583384400,-1.0,0
2020-03-05,1583384400,205.6792374561383,216.46356650795371,2020-03-06,1583470800,-1.0,1
2020-03-09,1583726400,193.82735169207297,205.6792374561383,2020-03-09,1583726400,-1.0,0
2020-03-09,1583726400,193.82735169207297,205.6792374561383,2020-03-10,1583812800,-1.0,0
2020-03-09,1583726400,193.82735169207297,205.6792374561383,2020-03-11,1583899200,-1.0,1
2020-03-12,1583985600,179.73668732485302,193.82735169207297,2020-03-12,1583985600,-1.0,1
2020-03-13,1584072000,193.82735169207297,209.55111146163435,2020-03-13,1584072000,1.0,1
2020-03-16,1584331200,176.29786047748027,193.82735169207297,2020-03-16,1584331200,-1.0,0
2020-03-16,1584331200,176.29786047748027,193.82735169207297,2020-03-17,1584417600,-1.0,1
2020-03-18,1584504000,157.24399305265288,176.29786047748027,2020-03-18,1584504000,-1.0,0
2020-03-18,1584504000,157.24399305265288,176.29786047748027,2020-03-19,1584590400,-1.0,0
2020-03-18,1584504000,157.24399305265288,176.29786047748027,2020-03-20,1584676800,-1.0,0
2020-03-18,1584504000,157.24399305265288,176.29786047748027,2020-03-23,1584936000,-1.0,1
2020-03-24,1585022400,176.29786047748027,196.05535420198294,2020-03-24,1585022400,1.0,0
2020-03-24,1585022400,176.29786047748027,196.05535420198294,2020-03-25,1585108800,1.0,0
2020-03-24,1585022400,176.29786047748027,196.05535420198294,2020-03-26,1585195200,1.0,0
2020-03-24,1585022400,176.29786047748027,196.05535420198294,2020-03-27,1585281600,1.0,0
2020-03-24,1585022400,176.29786047748027,196.05535420198294,2020-03-30,1585540800,1.0,0
2020-03-24,1585022400,176.29786047748027,196.05535420198294,2020-03-31,1585627200,1.0,1
2020-04-01,1585713600,158.65433075680784,176.29786047748027,2020-04-01,1585713600,-1.0,1
2020-04-02,1585800000,176.29786047748027,193.4634952181047,2020-04-02,1585800000,1.0,0
2020-04-02,1585800000,176.29786047748027,193.4634952181047,2020-04-03,1585886400,1.0,0
2020-04-02,1585800000,176.29786047748027,193.4634952181047,2020-04-06,1586145600,1.0,0
2020-04-02,1585800000,176.29786047748027,193.4634952181047,2020-04-07,1586232000,1.0,0
2020-04-02,1585800000,176.29786047748027,193.4634952181047,2020-04-08,1586318400,1.0,1
2020-04-09,1586404800,193.4634952181047,208.93821578793919,2020-04-09,1586404800,1.0,1
2020-04-13,1586750400,178.09511183182983,193.4634952181047,2020-04-13,1586750400,-1.0,0
2020-04-13,1586750400,178.09511183182983,193.4634952181047,2020-04-14,1586836800,-1.0,0
2020-04-13,1586750400,178.09511183182983,193.4634952181047,2020-04-15,1586923200,-1.0,0
2020-04-13,1586750400,178.09511183182983,193.4634952181047,2020-04-16,1587009600,-1.0,0
2020-04-13,1586750400,178.09511183182983,193.4634952181047,2020-04-17,1587096000,-1.0,0
2020-04-13,1586750400,178.09511183182983,193.4634952181047,2020-04-20,1587355200,-1.0,0
2020-04-13,1586750400,178.09511183182983,193.4634952181047,2020-04-21,1587441600,-1.0,0
2020-04-13,1586750400,178.09511183182983,193.4634952181047,2020-04-22,1587528000,-1.0,0
2020-04-13,1586750400,178.09511183182983,193.4634952181047,2020-04-23,1587614400,-1.0,0
2020-04-13,1586750400,178.09511183182983,193.4634952181047,2020-04-24,1587700800,-1.0,0
2020-04-13,1586750400,178.09511183182983,193.4634952181047,2020-04-27,1587960000,-1.0,0
2020-04-13,1586750400,178.09511183182983,193.4634952181047,2020-04-28,1588046400,-1.0,0
2020-04-13,1586750400,178.09511183182983,193.4634952181047,2020-04-29,1588132800,-1.0,0
2020-04-13,1586750400,178.09511183182983,193.4634952181047,2020-04-30,1588219200,-1.0,0
2020-04-13,1586750400,178.09511183182983,193.4634952181047,2020-05-01,1588305600,-1.0,1
2020-05-04,1588564800,167.6748952414787,178.09511183182983,2020-05-04,1588564800,-1.0,0
2020-05-04,1588564800,167.6748952414787,178.09511183182983,2020-05-05,1588651200,-1.0,0
2020-05-04,1588564800,167.6748952414787,178.09511183182983,2020-05-06,1588737600,-1.0,0
2020-05-04,1588564800,167.6748952414787,178.09511183182983,2020-05-07,1588824000,-1.0,0
2020-05-04,1588564800,167.6748952414787,178.09511183182983,2020-05-08,1588910400,-1.0,0
2020-05-04,1588564800,167.6748952414787,178.09511183182983,2020-05-11,1589169600,-1.0,0
2020-05-04,1588564800,167.6748952414787,178.09511183182983,2020-05-12,1589256000,-1.0,0
2020-05-04,1588564800,167.6748952414787,178.09511183182983,2020-05-13,1589342400,-1.0,0
2020-05-04,1588564800,167.6748952414787,178.09511183182983,2020-05-14,1589428800,-1.0,0
2020-05-04,1588564800,167.6748952414787,178.09511183182983,2020-05-15,1589515200,-1.0,0
2020-05-04,1588564800,167.6748952414787,178.09511183182983,2020-05-18,1589774400,-1.0,0
2020-05-04,1588564800,167.6748952414787,178.09511183182983,2020-05-19,1589860800,-1.0,0
2020-05-04,1588564800,167.6748952414787,178.09511183182983,2020-05-20,1589947200,-1.0,0
2020-05-04,1588564800,167.6748952414787,178.09511183182983,2020-05-21,1590033600,-1.0,0
2020-05-04,1588564800,167.6748952414787,178.09511183182983,2020-05-22,1590120000,-1.0,1
2020-05-26,1590465600,178.09511183182983,186.25412781867985,2020-05-26,1590465600,1.0,0
2020-05-26,1590465600,178.09511183182983,186.25412781867985,2020-05-27,1590552000,1.0,0
2020-05-26,1590465600,178.09511183182983,186.25412781867985,2020-05-28,1590638400,1.0,0
2020-05-26,1590465600,178.09511183182983,186.25412781867985,2020-05-29,1590724800,1.0,0
2020-05-26,1590465600,178.09511183182983,186.25412781867985,2020-06-01,1590984000,1.0,0
2020-05-26,1590465600,178.09511183182983,186.25412781867985,2020-06-02,1591070400,1.0,1
2020-06-03,1591156800,186.25412781867985,193.970693195945,2020-06-03,1591156800,1.0,0
2020-06-03,1591156800,186.25412781867985,193.970693195945,2020-06-04,1591243200,1.0,1
2020-06-05,1591329600,193.970693195945,202.12689497532156,2020-06-05,1591329600,1.0,0
2020-06-05,1591329600,193.970693195945,202.12689497532156,2020-06-08,1591588800,1.0,0
2020-06-05,1591329600,193.970693195945,202.12689497532156,2020-06-09,1591675200,1.0,1
2020-06-10,1591761600,185.69934723774878,193.970693195945,2020-06-10,1591761600,-1.0,1
2020-06-11,1591848000,176.27281170513803,185.69934723774878,2020-06-11,1591848000,-1.0,0
2020-06-11,1591848000,176.27281170513803,185.69934723774878,2020-06-12,1591934400,-1.0,0
2020-06-11,1591848000,176.27281170513803,185.69934723774878,2020-06-15,1592193600,-1.0,0
2020-06-11,1591848000,176.27281170513803,185.69934723774878,2020-06-16,1592280000,-1.0,0
2020-06-11,1591848000,176.27281170513803,185.69934723774878,2020-06-17,1592366400,-1.0,0
2020-06-11,1591848000,176.27281170513803,185.69934723774878,2020-06-18,1592452800,-1.0,0
2020-06-11,1591848000,176.27281170513803,185.69934723774878,2020-06-19,1592539200,-1.0,0
2020-06-11,1591848000,176.27281170513803,185.69934723774878,2020-06-22,1592798400,-1.0,0
2020-06-11,1591848000,176.27281170513803,185.69934723774878,2020-06-23,1592884800,-1.0,0
2020-06-11,1591848000,176.27281170513803,185.69934723774878,2020-06-24,1592971200,-1.0,0
2020-06-11,1591848000,176.27281170513803,185.69934723774878,2020-06-25,1593057600,-1.0,1
2020-06-26,1593144000,168.10205946154053,176.27281170513803,2020-06-26,1593144000,-1.0,1
2020-06-29,1593403200,176.27281170513803,184.10293878847855,2020-06-29,1593403200,1.0,0
2020-06-29,1593403200,176.27281170513803,184.10293878847855,2020-06-30,1593489600,1.0,0
2020-06-29,1593403200,176.27281170513803,184.10293878847855,2020-07-01,1593576000,1.0,0
2020-06-29,1593403200,176.27281170513803,184.10293878847855,2020-07-02,1593662400,1.0,0
2020-06-29,1593403200,176.27281170513803,184.10293878847855,2020-07-06,1594008000,1.0,0
2020-06-29,1593403200,176.27281170513803,184.10293878847855,2020-07-07,1594094400,1.0,0
2020-06-29,1593403200,176.27281170513803,184.10293878847855,2020-07-08,1594180800,1.0,0
2020-06-29,1593403200,176.27281170513803,184.10293878847855,2020-07-09,1594267200,1.0,0
2020-06-29,1593403200,176.27281170513803,184.10293878847855,2020-07-10,1594353600,1.0,1
2020-07-13,1594612800,184.10293878847855,191.08156299468638,2020-07-13,1594612800,1.0,0
2020-07-13,1594612800,184.10293878847855,191.08156299468638,2020-07-14,1594699200,1.0,0
2020-07-13,1594612800,184.10293878847855,191.08156299468638,2020-07-15,1594785600,1.0,0
2020-07-13,1594612800,184.10293878847855,191.08156299468638,2020-07-16,1594872000,1.0,0
2020-07-13,1594612800,184.10293878847855,191.08156299468638,2020-07-17,1594958400,1.0,0
2020-07-13,1594612800,184.10293878847855,191.08156299468638,2020-07-20,1595217600,1.0,1
2020-07-21,1595304000,191.08156299468638,197.80191259403244,2020-07-21,1595304000,1.0,0
2020-07-21,1595304000,191.08156299468638,197.80191259403244,2020-07-22,1595390400,1.0,0
2020-07-21,1595304000,191.08156299468638,197.80191259403244,2020-07-23,1595476800,1.0,0
2020-07-21,1595304000,191.08156299468638,197.80191259403244,2020-07-24,1595563200,1.0,0
2020-07-21,1595304000,191.08156299468638,197.80191259403244,2020-07-27,1595822400,1.0,0
2020-07-21,1595304000,191.08156299468638,197.80191259403244,2020-07-28,1595908800,1.0,0
2020-07-21,1595304000,191.08156299468638,197.80191259403244,2020-07-29,1595995200,1.0,0
2020-07-21,1595304000,191.08156299468638,197.80191259403244,2020-07-30,1596081600,1.0,0
2020-07-21,1595304000,191.08156299468638,197.80191259403244,2020-07-31,1596168000,1.0,1
2020-08-03,1596427200,197.80191259403244,204.1048492097544,2020-08-03,1596427200,1.0,0
2020-08-03,1596427200,197.80191259403244,204.1048492097544,2020-08-04,1596513600,1.0,0
2020-08-03,1596427200,197.80191259403244,204.1048492097544,2020-08-05,1596600000,1.0,1
2020-08-06,1596686400,204.1048492097544,210.27235786308572,2020-08-06,1596686400,1.0,0
2020-08-06,1596686400,204.1048492097544,210.27235786308572,2020-08-07,1596772800,1.0,1
2020-08-10,1597032000,210.27235786308572,216.72931175294792,2020-08-10,1597032000,1.0,0
2020-08-10,1597032000,210.27235786308572,216.72931175294792,2020-08-11,1597118400,1.0,0
2020-08-10,1597032000,210.27235786308572,216.72931175294792,2020-08-12,1597204800,1.0,0
2020-08-10,1597032000,210.27235786308572,216.72931175294792,2020-08-13,1597291200,1.0,0
2020-08-10,1597032000,210.27235786308572,216.72931175294792,2020-08-14,1597377600,1.0,1
2020-08-17,1597636800,204.29375246684344,210.27235786308572,2020-08-17,1597636800,-1.0,0
2020-08-17,1597636800,204.29375246684344,210.27235786308572,2020-08-18,1597723200,-1.0,0
2020-08-17,1597636800,204.29375246684344,210.27235786308572,2020-08-19,1597809600,-1.0,0
2020-08-17,1597636800,204.29375246684344,210.27235786308572,2020-08-20,1597896000,-1.0,0
2020-08-17,1597636800,204.29375246684344,210.27235786308572,2020-08-21,1597982400,-1.0,1
2020-08-24,1598241600,210.27235786308572,216.44792626722347,2020-08-24,1598241600,1.0,0
2020-08-24,1598241600,210.27235786308572,216.44792626722347,2020-08-25,1598328000,1.0,0
2020-08-24,1598241600,210.27235786308572,216.44792626722347,2020-08-26,1598414400,1.0,1
2020-08-27,1598500800,216.44792626722347,222.3948234187871,2020-08-27,1598500800,1.0,0
2020-08-27,1598500800,216.44792626722347,222.3948234187871,2020-08-28,1598587200,1.0,0
2020-08-27,1598500800,216.44792626722347,222.3948234187871,2020-08-31,1598846400,1.0,0
2020-08-27,1598500800,216.44792626722347,222.3948234187871,2020-09-01,1598932800,1.0,0
2020-08-27,1598500800,216.44792626722347,222.3948234187871,2020-09-02,1599019200,1.0,0
2020-08-27,1598500800,216.44792626722347,222.3948234187871,2020-09-03,1599105600,1.0,0
2020-08-27,1598500800,216.44792626722347,222.3948234187871,2020-09-04,1599192000,1.0,0
2020-08-27,1598500800,216.44792626722347,222.3948234187871,2020-09-08,1599537600,1.0,0
2020-08-27,1598500800,216.44792626722347,222.3948234187871,2020-09-09,1599624000,1.0,0
2020-08-27,1598500800,216.44792626722347,222.3948234187871,2020-09-10,1599710400,1.0,0
2020-08-27,1598500800,216.44792626722347,222.3948234187871,2020-09-11,1599796800,1.0,0
2020-08-27,1598500800,216.44792626722347,222.3948234187871,2020-09-14,1600056000,1.0,0
2020-08-27,1598500800,216.44792626722347,222.3948234187871,2020-09-15,1600142400,1.0,0
2020-08-27,1598500800,216.44792626722347,222.3948234187871,2020-09-16,1600228800,1.0,0
2020-08-27,1598500800,216.44792626722347,222.3948234187871,2020-09-17,1600315200,1.0,0
2020-08-27,1598500800,216.44792626722347,222.3948234187871,2020-09-18,1600401600,1.0,1
2020-09-21,1600660800,209.46093942996384,216.44792626722347,2020-09-21,1600660800,-1.0,0
2020-09-21,1600660800,209.46093942996384,216.44792626722347,2020-09-22,1600747200,-1.0,0
2020-09-21,1600660800,209.46093942996384,216.44792626722347,2020-09-23,1600833600,-1.0,1
2020-09-24,1600920000,202.4027251145632,209.46093942996384,2020-09-24,1600920000,-1.0,1
2020-09-25,1601006400,209.46093942996384,216.56656700855015,2020-09-25,1601006400,1.0,0
2020-09-25,1601006400,209.46093942996384,216.56656700855015,2020-09-28,1601265600,1.0,0
2020-09-25,1601006400,209.46093942996384,216.56656700855015,2020-09-29,1601352000,1.0,0
2020-09-25,1601006400,209.46093942996384,216.56656700855015,2020-09-30,1601438400,1.0,0
2020-09-25,1601006400,209.46093942996384,216.56656700855015,2020-10-01,1601524800,1.0,0
2020-09-25,1601006400,209.46093942996384,216.56656700855015,2020-10-02,1601611200,1.0,0
2020-09-25,1601006400,209.46093942996384,216.56656700855015,2020-10-05,1601870400,1.0,0
2020-09-25,1601006400,209.46093942996384,216.56656700855015,2020-10-06,1601956800,1.0,0
2020-09-25,1601006400,209.46093942996384,216.56656700855015,2020-10-07,1602043200,1.0,0
2020-09-25,1601006400,209.46093942996384,216.56656700855015,2020-10-08,1602129600,1.0,0
2020-09-25,1601006400,209.46093942996384,216.56656700855015,2020-10-09,1602216000,1.0,0
2020-09-25,1601006400,209.46093942996384,216.56656700855015,2020-10-12,1602475200,1.0,0
2020-09-25,1601006400,209.46093942996384,216.56656700855015,2020-10-13,1602561600,1.0,0
2020-09-25,1601006400,209.46093942996384,216.56656700855015,2020-10-14,1602648000,1.0,0
2020-09-25,1601006400,209.46093942996384,216.56656700855015,2020-10-15,1602734400,1.0,0
2020-09-25,1601006400,209.46093942996384,216.56656700855015,2020-10-16,1602820800,1.0,1
2020-10-19,1603080000,203.21749301314824,209.46093942996384,2020-10-19,1603080000,-1.0,1
2020-10-20,1603166400,209.46093942996384,215.5747111027212,2020-10-20,1603166400,1.0,0
2020-10-20,1603166400,209.46093942996384,215.5747111027212,2020-10-21,1603252800,1.0,0
2020-10-20,1603166400,209.46093942996384,215.5747111027212,2020-10-22,1603339200,1.0,0
2020-10-20,1603166400,209.46093942996384,215.5747111027212,2020-10-23,1603425600,1.0,1
2020-10-26,1603684800,203.34378708808487,209.46093942996384,2020-10-26,1603684800,-1.0,0
2020-10-26,1603684800,203.34378708808487,209.46093942996384,2020-10-27,1603771200,-1.0,1
2020-10-28,1603857600,196.92970165044431,203.34378708808487,2020-10-28,1603857600,-1.0,0
2020-10-28,1603857600,196.92970165044431,203.34378708808487,2020-10-29,1603944000,-1.0,0
2020-10-28,1603857600,196.92970165044431,203.34378708808487,2020-10-30,1604030400,-1.0,1
2020-11-02,1604293200,203.34378708808487,210.02625731639984,2020-11-02,1604293200,1.0,0
2020-11-02,1604293200,203.34378708808487,210.02625731639984,2020-11-03,1604379600,1.0,0
2020-11-02,1604293200,203.34378708808487,210.02625731639984,2020-11-04,1604466000,1.0,0
2020-11-02,1604293200,203.34378708808487,210.02625731639984,2020-11-05,1604552400,1.0,0
2020-11-02,1604293200,203.34378708808487,210.02625731639984,2020-11-06,1604638800,1.0,1
2020-11-09,1604898000,210.02625731639984,218.67863460588813,2020-11-09,1604898000,1.0,1
2020-11-10,1604984400,218.67863460588813,227.69912780327013,2020-11-10,1604984400,1.0,0
2020-11-10,1604984400,218.67863460588813,227.69912780327013,2020-11-11,1605070800,1.0,0
2020-11-10,1604984400,218.67863460588813,227.69912780327013,2020-11-12,1605157200,1.0,0
2020-11-10,1604984400,218.67863460588813,227.69912780327013,2020-11-13,1605243600,1.0,1
2020-11-16,1605502800,227.69912780327013,236.41685262497012,2020-11-16,1605502800,1.0,0
2020-11-16,1605502800,227.69912780327013,236.41685262497012,2020-11-17,1605589200,1.0,0
2020-11-16,1605502800,227.69912780327013,236.41685262497012,2020-11-18,1605675600,1.0,0
2020-11-16,1605502800,227.69912780327013,236.41685262497012,2020-11-19,1605762000,1.0,1
2020-11-20,1605848400,219.53878779721603,227.69912780327013,2020-11-20,1605848400,-1.0,1
2020-11-23,1606107600,227.69912780327013,235.72530066603463,2020-11-23,1606107600,1.0,0
2020-11-23,1606107600,227.69912780327013,235.72530066603463,2020-11-24,1606194000,1.0,0
2020-11-23,1606107600,227.69912780327013,235.72530066603463,2020-11-25,1606280400,1.0,0
2020-11-23,1606107600,227.69912780327013,235.72530066603463,2020-11-27,1606453200,1.0,0
2020-11-23,1606107600,227.69912780327013,235.72530066603463,2020-11-30,1606712400,1.0,0
2020-11-23,1606107600,227.69912780327013,235.72530066603463,2020-12-01,1606798800,1.0,0
2020-11-23,1606107600,227.69912780327013,235.72530066603463,2020-12-02,1606885200,1.0,0
2020-11-23,1606107600,227.69912780327013,235.72530066603463,2020-12-03,1606971600,1.0,0
2020-11-23,1606107600,227.69912780327013,235.72530066603463,2020-12-04,1607058000,1.0,0
2020-11-23,1606107600,227.69912780327013,235.72530066603463,2020-12-07,1607317200,1.0,0
2020-11-23,1606107600,227.69912780327013,235.72530066603463,2020-12-08,1607403600,1.0,1
2020-12-09,1607490000,221.31624880047934,227.69912780327013,2020-12-09,1607490000,-1.0,0
2020-12-09,1607490000,221.31624880047934,227.69912780327013,2020-12-10,1607576400,-1.0,0
2020-12-09,1607490000,221.31624880047934,227.69912780327013,2020-12-11,1607662800,-1.0,0
2020-12-09,1607490000,221.31624880047934,227.69912780327013,2020-12-14,1607922000,-1.0,0
2020-12-09,1607490000,221.31624880047934,227.69912780327013,2020-12-15,1608008400,-1.0,0
2020-12-09,1607490000,221.31624880047934,227.69912780327013,2020-12-16,1608094800,-1.0,0
2020-12-09,1607490000,221.31624880047934,227.69912780327013,2020-12-17,1608181200,-1.0,0
2020-12-09,1607490000,221.31624880047934,227.69912780327013,2020-12-18,1608267600,-1.0,0
2020-12-09,1607490000,221.31624880047934,227.69912780327013,2020-12-21,1608526800,-1.0,0
2020-12-09,1607490000,221.31624880047934,227.69912780327013,2020-12-22,1608613200,-1.0,0
2020-12-09,1607490000,221.31624880047934,227.69912780327013,2020-12-23,1608699600,-1.0,0
2020-12-09,1607490000,221.31624880047934,227.69912780327013,2020-12-24,1608786000,-1.0,1
2020-12-28,1609131600,227.69912780327013,233.71554079602066,2020-12-28,1609131600,1.0,0
2020-12-28,1609131600,227.69912780327013,233.71554079602066,2020-12-29,1609218000,1.0,0
2020-12-28,1609131600,227.69912780327013,233.71554079602066,2020-12-30,1609304400,1.0,0
2020-12-28,1609131600,227.69912780327013,233.71554079602066,2020-12-31,1609390800,1.0,0
2020-12-28,1609131600,227.69912780327013,233.71554079602066,2021-01-04,1609736400,1.0,1
2021-01-05,1609822800,221.7401826842027,227.69912780327013,2021-01-05,1609822800,-1.0,1
2021-01-06,1609909200,227.69912780327013,233.90229112811846,2021-01-06,1609909200,1.0,0
2021-01-06,1609909200,227.69912780327013,233.90229112811846,2021-01-07,1609995600,1.0,1
2021-01-08,1610082000,233.90229112811846,240.06227695413565,2021-01-08,1610082000,1.0,1
2021-01-11,1610341200,227.79530428967394,233.90229112811846,2021-01-11,1610341200,-1.0,0
2021-01-11,1610341200,227.79530428967394,233.90229112811846,2021-01-12,1610427600,-1.0,1
2021-01-13,1610514000,233.90229112811846,239.85678488167522,2021-01-13,1610514000,1.0,0
2021-01-13,1610514000,233.90229112811846,239.85678488167522,2021-01-14,1610600400,1.0,1
2021-01-15,1610686800,228.1458066161231,233.90229112811846,2021-01-15,1610686800,-1.0,1
2021-01-19,1611032400,233.90229112811846,239.83131246068558,2021-01-19,1611032400,1.0,0
2021-01-19,1611032400,233.90229112811846,239.83131246068558,2021-01-20,1611118800,1.0,0
2021-01-19,1611032400,233.90229112811846,239.83131246068558,2021-01-21,1611205200,1.0,1
2021-01-22,1611291600,228.43408272154048,233.90229112811846,2021-01-22,1611291600,-1.0,0
2021-01-22,1611291600,228.43408272154048,233.90229112811846,2021-01-25,1611550800,-1.0,0
2021-01-22,1611291600,228.43408272154048,233.90229112811846,2021-01-26,1611637200,-1.0,1
2021-01-27,1611723600,222.75323145723587,228.43408272154048,2021-01-27,1611723600,-1.0,1
2021-01-28,1611810000,228.43408272154048,234.49987318125187,2021-01-28,1611810000,1.0,1
2021-01-29,1611896400,222.32070586609416,228.43408272154048,2021-01-29,1611896400,-1.0,1
2021-02-01,1612155600,228.43408272154048,234.4489326587406,2021-02-01,1612155600,1.0,0
2021-02-01,1612155600,228.43408272154048,234.4489326587406,2021-02-02,1612242000,1.0,0
2021-02-01,1612155600,228.43408272154048,234.4489326587406,2021-02-03,1612328400,1.0,1
2021-02-04,1612414800,234.4489326587406,240.3941991718706,2021-02-04,1612414800,1.0,0
2021-02-04,1612414800,234.4489326587406,240.3941991718706,2021-02-05,1612501200,1.0,0
2021-02-04,1612414800,234.4489326587406,240.3941991718706,2021-02-08,1612760400,1.0,0
2021-02-04,1612414800,234.4489326587406,240.3941991718706,2021-02-09,1612846800,1.0,0
2021-02-04,1612414800,234.4489326587406,240.3941991718706,2021-02-10,1612933200,1.0,0
2021-02-04,1612414800,234.4489326587406,240.3941991718706,2021-02-11,1613019600,1.0,1
2021-02-12,1613106000,240.3941991718706,246.22204141858734,2021-02-12,1613106000,1.0,0
2021-02-12,1613106000,240.3941991718706,246.22204141858734,2021-02-16,1613451600,1.0,0
2021-02-12,1613106000,240.3941991718706,246.22204141858734,2021-02-17,1613538000,1.0,0
2021-02-12,1613106000,240.3941991718706,246.22204141858734,2021-02-18,1613624400,1.0,0
2021-02-12,1613106000,240.3941991718706,246.22204141858734,2021-02-19,1613710800,1.0,0
2021-02-12,1613106000,240.3941991718706,246.22204141858734,2021-02-22,1613970000,1.0,0
2021-02-12,1613106000,240.3941991718706,246.22204141858734,2021-02-23,1614056400,1.0,1
2021-02-24,1614142800,246.22204141858734,252.5710893454843,2021-02-24,1614142800,1.0,1
2021-02-25,1614229200,239.34511120075445,246.22204141858734,2021-02-25,1614229200,-1.0,0
2021-02-25,1614229200,239.34511120075445,246.22204141858734,2021-02-26,1614315600,-1.0,1
2021-03-01,1614574800,246.22204141858734,254.02749655539222,2021-03-01,1614574800,1.0,0
2021-03-01,1614574800,246.22204141858734,254.02749655539222,2021-03-02,1614661200,1.0,0
2021-03-01,1614574800,246.22204141858734,254.02749655539222,2021-03-03,1614747600,1.0,1
2021-03-04,1614834000,237.77763947414115,246.22204141858734,2021-03-04,1614834000,-1.0,1
2021-03-05,1614920400,246.22204141858734,255.08798608128737,2021-03-05,1614920400,1.0,1
2021-03-08,1615179600,255.08798608128737,264.2309346966517,2021-03-08,1615179600,1.0,0
2021-03-08,1615179600,255.08798608128737,264.2309346966517,2021-03-09,1615266000,1.0,0
2021-03-08,1615179600,255.08798608128737,264.2309346966517,2021-03-10,1615352400,1.0,0
2021-03-08,1615179600,255.08798608128737,264.2309346966517,2021-03-11,1615438800,1.0,0
2021-03-08,1615179600,255.08798608128737,264.2309346966517,2021-03-12,1615525200,1.0,1
2021-03-15,1615780800,245.23259500806552,255.08798608128737,2021-03-15,1615780800,-1.0,0
2021-03-15,1615780800,245.23259500806552,255.08798608128737,2021-03-16,1615867200,-1.0,0
2021-03-15,1615780800,245.23259500806552,255.08798608128737,2021-03-17,1615953600,-1.0,0
2021-03-15,1615780800,245.23259500806552,255.08798608128737,2021-03-18,1616040000,-1.0,0
2021-03-15,1615780800,245.23259500806552,255.08798608128737,2021-03-19,1616126400,-1.0,0
2021-03-15,1615780800,245.23259500806552,255.08798608128737,2021-03-22,1616385600,-1.0,0
2021-03-15,1615780800,245.23259500806552,255.08798608128737,2021-03-23,1616472000,-1.0,0
2021-03-15,1615780800,245.23259500806552,255.08798608128737,2021-03-24,1616558400,-1.0,0
2021-03-15,1615780800,245.23259500806552,255.08798608128737,2021-03-25,1616644800,-1.0,1
2021-03-26,1616731200,255.08798608128737,263.90947558234717,2021-03-26,1616731200,1.0,0
2021-03-26,1616731200,255.08798608128737,263.90947558234717,2021-03-29,1616990400,1.0,0
2021-03-26,1616731200,255.08798608128737,263.90947558234717,2021-03-30,1617076800,1.0,0
2021-03-26,1616731200,255.08798608128737,263.90947558234717,2021-03-31,1617163200,1.0,0
2021-03-26,1616731200,255.08798608128737,263.90947558234717,2021-04-01,1617249600,1.0,0
2021-03-26,1616731200,255.08798608128737,263.90947558234717,2021-04-05,1617595200,1.0,0
2021-03-26,1616731200,255.08798608128737,263.90947558234717,2021-04-06,1617681600,1.0,0
2021-03-26,1616731200,255.08798608128737,263.90947558234717,2021-04-07,1617768000,1.0,0
2021-03-26,1616731200,255.08798608128737,263.90947558234717,2021-04-08,1617854400,1.0,1
2021-04-09,1617940800,263.90947558234717,271.2433770551704,2021-04-09,1617940800,1.0,0
2021-04-09,1617940800,263.90947558234717,271.2433770551704,2021-04-12,1618200000,1.0,0
2021-04-09,1617940800,263.90947558234717,271.2433770551704,2021-04-13,1618286400,1.0,0
2021-04-09,1617940800,263.90947558234717,271.2433770551704,2021-04-14,1618372800,1.0,0
2021-04-09,1617940800,263.90947558234717,271.2433770551704,2021-04-15,1618459200,1.0,1
2021-04-16,1618545600,271.2433770551704,277.735964236607,2021-04-16,1618545600,1.0,1
2021-04-19,1618804800,264.9291175295507,271.2433770551704,2021-04-19,1618804800,-1.0,0
2021-04-19,1618804800,264.9291175295507,271.2433770551704,2021-04-20,1618891200,-1.0,1
2021-04-21,1618977600,271.2433770551704,277.70873654409763,2021-04-21,1618977600,1.0,1
2021-04-22,1619064000,264.79882895830946,271.2433770551704,2021-04-22,1619064000,-1.0,1
2021-04-23,1619150400,271.2433770551704,277.6365345736842,2021-04-23,1619150400,1.0,1
2021-04-26,1619409600,264.8761593594076,271.2433770551704,2021-04-26,1619409600,-1.0,1
2021-04-27,1619496000,271.2433770551704,277.68422205837874,2021-04-27,1619496000,1.0,0
2021-04-27,1619496000,271.2433770551704,277.68422205837874,2021-04-28,1619582400,1.0,0
2021-04-27,1619496000,271.2433770551704,277.68422205837874,2021-04-29,1619668800,1.0,0
2021-04-27,1619496000,271.2433770551704,277.68422205837874,2021-04-30,1619755200,1.0,1
2021-05-03,1620014400,277.68422205837874,284.3957288299487,2021-05-03,1620014400,1.0,0
2021-05-03,1620014400,277.68422205837874,284.3957288299487,2021-05-04,1620100800,1.0,0
2021-05-03,1620014400,277.68422205837874,284.3957288299487,2021-05-05,1620187200,1.0,1
2021-05-06,1620273600,284.3957288299487,291.6210146816759,2021-05-06,1620273600,1.0,0
2021-05-06,1620273600,284.3957288299487,291.6210146816759,2021-05-07,1620360000,1.0,1
2021-05-10,1620619200,291.6210146816759,298.77891727831815,2021-05-10,1620619200,1.0,1
2021-05-11,1620705600,283.94067655622234,291.6210146816759,2021-05-11,1620705600,-1.0,1
2021-05-12,1620792000,276.3499340111583,283.94067655622234,2021-05-12,1620792000,-1.0,1
2021-05-13,1620878400,283.94067655622234,291.6989374909246,2021-05-13,1620878400,1.0,0
2021-05-13,1620878400,283.94067655622234,291.6989374909246,2021-05-14,1620964800,1.0,0
2021-05-13,1620878400,283.94067655622234,291.6989374909246,2021-05-17,1621224000,1.0,0
2021-05-13,1620878400,283.94067655622234,291.6989374909246,2021-05-18,1621310400,1.0,0
2021-05-13,1620878400,283.94067655622234,291.6989374909246,2021-05-19,1621396800,1.0,0
2021-05-13,1620878400,283.94067655622234,291.6989374909246,2021-05-20,1621483200,1.0,0
2021-05-13,1620878400,283.94067655622234,291.6989374909246,2021-05-21,1621569600,1.0,0
2021-05-13,1620878400,283.94067655622234,291.6989374909246,2021-05-24,1621828800,1.0,0
2021-05-13,1620878400,283.94067655622234,291.6989374909246,2021-05-25,1621915200,1.0,0
2021-05-13,1620878400,283.94067655622234,291.6989374909246,2021-05-26,1622001600,1.0,0
2021-05-13,1620878400,283.94067655622234,291.6989374909246,2021-05-27,1622088000,1.0,0
2021-05-13,1620878400,283.94067655622234,291.6989374909246,2021-05-28,1622174400,1.0,0
2021-05-13,1620878400,283.94067655622234,291.6989374909246,2021-06-01,1622520000,1.0,0
2021-05-13,1620878400,283.94067655622234,291.6989374909246,2021-06-02,1622606400,1.0,1
2021-06-03,1622692800,291.6989374909246,298.36735399560166,2021-06-03,1622692800,1.0,0
2021-06-03,1622692800,291.6989374909246,298.36735399560166,2021-06-04,1622779200,1.0,1
2021-06-07,1623038400,285.2736701986265,291.6989374909246,2021-06-07,1623038400,-1.0,0
2021-06-07,1623038400,285.2736701986265,291.6989374909246,2021-06-08,1623124800,-1.0,0
2021-06-07,1623038400,285.2736701986265,291.6989374909246,2021-06-09,1623211200,-1.0,1
2021-06-10,1623297600,278.6199966413456,285.2736701986265,2021-06-10,1623297600,-1.0,1
2021-06-11,1623384000,285.2736701986265,291.7670813589588,2021-06-11,1623384000,1.0,1
2021-06-14,1623643200,278.5582226926037,285.2736701986265,2021-06-14,1623643200,-1.0,0
2021-06-14,1623643200,278.5582226926037,285.2736701986265,2021-06-15,1623729600,-1.0,0
2021-06-14,1623643200,278.5582226926037,285.2736701986265,2021-06-16,1623816000,-1.0,0
2021-06-14,1623643200,278.5582226926037,285.2736701986265,2021-06-17,1623902400,-1.0,1
2021-06-18,1623988800,271.2846111968853,278.5582226926037,2021-06-18,1623988800,-1.0,0
2021-06-18,1623988800,271.2846111968853,278.5582226926037,2021-06-21,1624248000,-1.0,0
2021-06-18,1623988800,271.2846111968853,278.5582226926037,2021-06-22,1624334400,-1.0,0
2021-06-18,1623988800,271.2846111968853,278.5582226926037,2021-06-23,1624420800,-1.0,0
2021-06-18,1623988800,271.2846111968853,278.5582226926037,2021-06-24,1624507200,-1.0,0
2021-06-18,1623988800,271.2846111968853,278.5582226926037,2021-06-25,1624593600,-1.0,0
2021-06-18,1623988800,271.2846111968853,278.5582226926037,2021-06-28,1624852800,-1.0,0
2021-06-18,1623988800,271.2846111968853,278.5582226926037,2021-06-29,1624939200,-1.0,0
2021-06-18,1623988800,271.2846111968853,278.5582226926037,2021-06-30,1625025600,-1.0,1
2021-07-01,1625112000,278.5582226926037,284.91819629851926,2021-07-01,1625112000,1.0,0
2021-07-01,1625112000,278.5582226926037,284.91819629851926,2021-07-02,1625198400,1.0,1
2021-07-06,1625544000,272.21780667525815,278.5582226926037,2021-07-06,1625544000,-1.0,1
2021-07-07,1625630400,278.5582226926037,284.9458947087103,2021-07-07,1625630400,1.0,1
2021-07-08,1625716800,271.84509867764757,278.5582226926037,2021-07-08,1625716800,-1.0,1
2021-07-09,1625803200,278.5582226926037,285.66355213506296,2021-07-09,1625803200,1.0,0
2021-07-09,1625803200,278.5582226926037,285.66355213506296,2021-07-12,1626062400,1.0,0
2021-07-09,1625803200,278.5582226926037,285.66355213506296,2021-07-13,1626148800,1.0,1
2021-07-14,1626235200,271.8021738496434,278.5582226926037,2021-07-14,1626235200,-1.0,1
2021-07-15,1626321600,278.5582226926037,285.2881251896382,2021-07-15,1626321600,1.0,1
2021-07-16,1626408000,271.8320275167859,278.5582226926037,2021-07-16,1626408000,-1.0,0
2021-07-16,1626408000,271.8320275167859,278.5582226926037,2021-07-19,1626667200,-1.0,0
2021-07-16,1626408000,271.8320275167859,278.5582226926037,2021-07-20,1626753600,-1.0,1
2021-07-21,1626840000,278.5582226926037,285.9496335968572,2021-07-21,1626840000,1.0,1
2021-07-22,1626926400,271.37848399579684,278.5582226926037,2021-07-22,1626926400,-1.0,0
2021-07-22,1626926400,271.37848399579684,278.5582226926037,2021-07-23,1627012800,-1.0,1
2021-07-26,1627272000,278.5582226926037,285.3315279975035,2021-07-26,1627272000,1.0,0
2021-07-26,1627272000,278.5582226926037,285.3315279975035,2021-07-27,1627358400,1.0,1
2021-07-28,1627444800,271.78436250623605,278.5582226926037,2021-07-28,1627444800,-1.0,1
2021-07-29,1627531200,278.5582226926037,285.25195000851653,2021-07-29,1627531200,1.0,1
2021-07-30,1627617600,271.8951901849704,278.5582226926037,2021-07-30,1627617600,-1.0,0
2021-07-30,1627617600,271.8951901849704,278.5582226926037,2021-08-02,1627876800,-1.0,1
2021-08-03,1627963200,278.5582226926037,285.5487864364304,2021-08-03,1627963200,1.0,0
2021-08-03,1627963200,278.5582226926037,285.5487864364304,2021-08-04,1628049600,1.0,0
2021-08-03,1627963200,278.5582226926037,285.5487864364304,2021-08-05,1628136000,1.0,1
2021-08-06,1628222400,285.5487864364304,292.656865352315,2021-08-06,1628222400,1.0,0
2021-08-06,1628222400,285.5487864364304,292.656865352315,2021-08-09,1628481600,1.0,0
2021-08-06,1628222400,285.5487864364304,292.656865352315,2021-08-10,1628568000,1.0,0
2021-08-06,1628222400,285.5487864364304,292.656865352315,2021-08-11,1628654400,1.0,0
2021-08-06,1628222400,285.5487864364304,292.656865352315,2021-08-12,1628740800,1.0,0
2021-08-06,1628222400,285.5487864364304,292.656865352315,2021-08-13,1628827200,1.0,0
2021-08-06,1628222400,285.5487864364304,292.656865352315,2021-08-16,1629086400,1.0,0
2021-08-06,1628222400,285.5487864364304,292.656865352315,2021-08-17,1629172800,1.0,0
2021-08-06,1628222400,285.5487864364304,292.656865352315,2021-08-18,1629259200,1.0,1
2021-08-19,1629345600,278.87615087135987,285.5487864364304,2021-08-19,1629345600,-1.0,0
2021-08-19,1629345600,278.87615087135987,285.5487864364304,2021-08-20,1629432000,-1.0,1
2021-08-23,1629691200,285.5487864364304,291.8087120001902,2021-08-23,1629691200,1.0,0
2021-08-23,1629691200,285.5487864364304,291.8087120001902,2021-08-24,1629777600,1.0,0
2021-08-23,1629691200,285.5487864364304,291.8087120001902,2021-08-25,1629864000,1.0,1
2021-08-26,1629950400,279.4624203782744,285.5487864364304,2021-08-26,1629950400,-1.0,1
2021-08-27,1630036800,285.5487864364304,291.40471206186106,2021-08-27,1630036800,1.0,0
2021-08-27,1630036800,285.5487864364304,291.40471206186106,2021-08-30,1630296000,1.0,0
2021-08-27,1630036800,285.5487864364304,291.40471206186106,2021-08-31,1630382400,1.0,1
2021-09-01,1630468800,280.15439992073397,285.5487864364304,2021-09-01,1630468800,-1.0,0
2021-09-01,1630468800,280.15439992073397,285.5487864364304,2021-09-02,1630555200,-1.0,0
2021-09-01,1630468800,280.15439992073397,285.5487864364304,2021-09-03,1630641600,-1.0,1
2021-09-07,1630987200,274.78052194151195,280.15439992073397,2021-09-07,1630987200,-1.0,0
2021-09-07,1630987200,274.78052194151195,280.15439992073397,2021-09-08,1631073600,-1.0,0
2021-09-07,1630987200,274.78052194151195,280.15439992073397,2021-09-09,1631160000,-1.0,0
2021-09-07,1630987200,274.78052194151195,280.15439992073397,2021-09-10,1631246400,-1.0,0
2021-09-07,1630987200,274.78052194151195,280.15439992073397,2021-09-13,1631505600,-1.0,0
2021-09-07,1630987200,274.78052194151195,280.15439992073397,2021-09-14,1631592000,-1.0,0
2021-09-07,1630987200,274.78052194151195,280.15439992073397,2021-09-15,1631678400,-1.0,0
2021-09-07,1630987200,274.78052194151195,280.15439992073397,2021-09-16,1631764800,-1.0,0
2021-09-07,1630987200,274.78052194151195,280.15439992073397,2021-09-17,1631851200,-1.0,1
2021-09-20,1632110400,268.86786731155274,274.78052194151195,2021-09-20,1632110400,-1.0,0
2021-09-20,1632110400,268.86786731155274,274.78052194151195,2021-09-21,1632196800,-1.0,0
2021-09-20,1632110400,268.86786731155274,274.78052194151195,2021-09-22,1632283200,-1.0,1
2021-09-23,1632369600,274.78052194151195,281.05030336353104,2021-09-23,1632369600,1.0,0
2021-09-23,1632369600,274.78052194151195,281.05030336353104,2021-09-24,1632456000,1.0,0
2021-09-23,1632369600,274.78052194151195,281.05030336353104,2021-09-27,1632715200,1.0,0
2021-09-23,1632369600,274.78052194151195,281.05030336353104,2021-09-28,1632801600,1.0,0
2021-09-23,1632369600,274.78052194151195,281.05030336353104,2021-09-29,1632888000,1.0,1
2021-09-30,1632974400,268.33884073069623,274.78052194151195,2021-09-30,1632974400,-1.0,1
2021-10-01,1633060800,274.78052194151195,281.44222592298365,2021-10-01,1633060800,1.0,1
2021-10-04,1633320000,268.0919396730025,274.78052194151195,2021-10-04,1633320000,-1.0,1
2021-10-05,1633406400,274.78052194151195,281.82320547655644,2021-10-05,1633406400,1.0,0
2021-10-05,1633406400,274.78052194151195,281.82320547655644,2021-10-06,1633492800,1.0,1
2021-10-07,1633579200,281.82320547655644,289.1994285246305,2021-10-07,1633579200,1.0,0
2021-10-07,1633579200,281.82320547655644,289.1994285246305,2021-10-08,1633665600,1.0,1
2021-10-11,1633924800,274.48530907285993,281.82320547655644,2021-10-11,1633924800,-1.0,0
2021-10-11,1633924800,274.48530907285993,281.82320547655644,2021-10-12,1634011200,-1.0,0
2021-10-11,1633924800,274.48530907285993,281.82320547655644,2021-10-13,1634097600,-1.0,0
2021-10-11,1633924800,274.48530907285993,281.82320547655644,2021-10-14,1634184000,-1.0,1
2021-10-15,1634270400,281.82320547655644,289.0098253272951,2021-10-15,1634270400,1.0,0
2021-10-15,1634270400,281.82320547655644,289.0098253272951,2021-10-18,1634529600,1.0,0
2021-10-15,1634270400,281.82320547655644,289.0098253272951,2021-10-19,1634616000,1.0,0
2021-10-15,1634270400,281.82320547655644,289.0098253272951,2021-10-20,1634702400,1.0,0
2021-10-15,1634270400,281.82320547655644,289.0098253272951,2021-10-21,1634788800,1.0,1
2021-10-22,1634875200,289.0098253272951,295.58692495141065,2021-10-22,1634875200,1.0,0
2021-10-22,1634875200,289.0098253272951,295.58692495141065,2021-10-25,1635134400,1.0,0
2021-10-22,1634875200,289.0098253272951,295.58692495141065,2021-10-26,1635220800,1.0,1
2021-10-27,1635307200,282.94854476090234,289.0098253272951,2021-10-27,1635307200,-1.0,1
2021-10-28,1635393600,289.0098253272951,294.98015728180275,2021-10-28,1635393600,1.0,1
2021-10-29,1635480000,283.04680279810947,289.0098253272951,2021-10-29,1635480000,-1.0,0
2021-10-29,1635480000,283.04680279810947,289.0098253272951,2021-11-01,1635739200,-1.0,0
2021-10-29,1635480000,283.04680279810947,289.0098253272951,2021-11-02,1635825600,-1.0,0
2021-10-29,1635480000,283.04680279810947,289.0098253272951,2021-11-03,1635912000,-1.0,0
2021-10-29,1635480000,283.04680279810947,289.0098253272951,2021-11-04,1635998400,-1.0,0
2021-10-29,1635480000,283.04680279810947,289.0098253272951,2021-11-05,1636084800,-1.0,0
2021-10-29,1635480000,283.04680279810947,289.0098253272951,2021-11-08,1636347600,-1.0,0
2021-10-29,1635480000,283.04680279810947,289.0098253272951,2021-11-09,1636434000,-1.0,0
2021-10-29,1635480000,283.04680279810947,289.0098253272951,2021-11-10,1636520400,-1.0,0
2021-10-29,1635480000,283.04680279810947,289.0098253272951,2021-11-11,1636606800,-1.0,0
2021-10-29,1635480000,283.04680279810947,289.0098253272951,2021-11-12,1636693200,-1.0,0
2021-10-29,1635480000,283.04680279810947,289.0098253272951,2021-11-15,1636952400,-1.0,0
2021-10-29,1635480000,283.04680279810947,289.0098253272951,2021-11-16,1637038800,-1.0,1
2021-11-17,1637125200,277.2247624813221,283.04680279810947,2021-11-17,1637125200,-1.0,0
2021-11-17,1637125200,277.2247624813221,283.04680279810947,2021-11-18,1637211600,-1.0,0
2021-11-17,1637125200,277.2247624813221,283.04680279810947,2021-11-19,1637298000,-1.0,1
2021-11-22,1637557200,283.04680279810947,289.1680777893565,2021-11-22,1637557200,1.0,0
2021-11-22,1637557200,283.04680279810947,289.1680777893565,2021-11-23,1637643600,1.0,0
2021-11-22,1637557200,283.04680279810947,289.1680777893565,2021-11-24,1637730000,1.0,0
2021-11-22,1637557200,283.04680279810947,289.1680777893565,2021-11-26,1637902800,1.0,1
2021-11-29,1638162000,276.4794468259883,283.04680279810947,2021-11-29,1638162000,-1.0,0
2021-11-29,1638162000,276.4794468259883,283.04680279810947,2021-11-30,1638248400,-1.0,1
2021-12-01,1638334800,269.18199193165935,276.4794468259883,2021-12-01,1638334800,-1.0,1
2021-12-02,1638421200,276.4794468259883,283.9460835135795,2021-12-02,1638421200,1.0,0
2021-12-02,1638421200,276.4794468259883,283.9460835135795,2021-12-03,1638507600,1.0,0
2021-12-02,1638421200,276.4794468259883,283.9460835135795,2021-12-06,1638766800,1.0,1
2021-12-07,1638853200,283.9460835135795,291.6484989955904,2021-12-07,1638853200,1.0,1
2021-12-08,1638939600,276.31941199456935,283.9460835135795,2021-12-08,1638939600,-1.0,1
2021-12-09,1639026000,283.9460835135795,291.43556420980315,2021-12-09,1639026000,1.0,0
2021-12-09,1639026000,283.9460835135795,291.43556420980315,2021-12-10,1639112400,1.0,0
2021-12-09,1639026000,283.9460835135795,291.43556420980315,2021-12-13,1639371600,1.0,1
2021-12-14,1639458000,291.43556420980315,299.4572912832738,2021-12-14,1639458000,1.0,0
2021-12-14,1639458000,291.43556420980315,299.4572912832738,2021-12-15,1639544400,1.0,1
2021-12-16,1639630800,299.4572912832738,307.71413136192956,2021-12-16,1639630800,1.0,1
2021-12-17,1639717200,290.7848097816648,299.4572912832738,2021-12-17,1639717200,-1.0,1
2021-12-20,1639976400,281.9513626730279,290.7848097816648,2021-12-20,1639976400,-1.0,1
2021-12-21,1640062800,290.7848097816648,299.7330106682562,2021-12-21,1640062800,1.0,0
2021-12-21,1640062800,290.7848097816648,299.7330106682562,2021-12-22,1640149200,1.0,0
2021-12-21,1640062800,290.7848097816648,299.7330106682562,2021-12-23,1640235600,1.0,0
2021-12-21,1640062800,290.7848097816648,299.7330106682562,2021-12-27,1640581200,1.0,0
2021-12-21,1640062800,290.7848097816648,299.7330106682562,2021-12-28,1640667600,1.0,0
2021-12-21,1640062800,290.7848097816648,299.7330106682562,2021-12-29,1640754000,1.0,1
2021-12-30,1640840400,299.7330106682562,307.10440395827663,2021-12-30,1640840400,1.0,1
2021-12-31,1640926800,292.65028832752296,299.7330106682562,2021-12-31,1640926800,-1.0,1
2022-01-03,1641186000,299.7330106682562,306.60553855608,2022-01-03,1641186000,1.0,1
2022-01-04,1641272400,306.60553855608,314.06974302334487,2022-01-04,1641272400,1.0,0
2022-01-04,1641272400,306.60553855608,314.06974302334487,2022-01-05,1641358800,1.0,0
2022-01-04,1641272400,306.60553855608,314.06974302334487,2022-01-06,1641445200,1.0,1
2022-01-07,1641531600,314.06974302334487,322.10328355344,2022-01-07,1641531600,1.0,0
2022-01-07,1641531600,314.06974302334487,322.10328355344,2022-01-10,1641790800,1.0,0
2022-01-07,1641531600,314.06974302334487,322.10328355344,2022-01-11,1641877200,1.0,0
2022-01-07,1641531600,314.06974302334487,322.10328355344,2022-01-12,1641963600,1.0,0
2022-01-07,1641531600,314.06974302334487,322.10328355344,2022-01-13,1642050000,1.0,1
2022-01-14,1642136400,322.10328355344,330.66598201249093,2022-01-14,1642136400,1.0,1
2022-01-18,1642482000,313.37306355574987,322.10328355344,2022-01-18,1642482000,-1.0,0
2022-01-18,1642482000,313.37306355574987,322.10328355344,2022-01-19,1642568400,-1.0,1
2022-01-20,1642654800,304.2015065169252,313.37306355574987,2022-01-20,1642654800,-1.0,0
2022-01-20,1642654800,304.2015065169252,313.37306355574987,2022-01-21,1642741200,-1.0,1
2022-01-24,1643000400,294.40099049875494,304.2015065169252,2022-01-24,1643000400,-1.0,1
2022-01-25,1643086800,304.2015065169252,315.14312853379755,2022-01-25,1643086800,1.0,0
2022-01-25,1643086800,304.2015065169252,315.14312853379755,2022-01-26,1643173200,1.0,0
2022-01-25,1643086800,304.2015065169252,315.14312853379755,2022-01-27,1643259600,1.0,0
2022-01-25,1643086800,304.2015065169252,315.14312853379755,2022-01-28,1643346000,1.0,0
2022-01-25,1643086800,304.2015065169252,315.14312853379755,2022-01-31,1643605200,1.0,0
2022-01-25,1643086800,304.2015065169252,315.14312853379755,2022-02-01,1643691600,1.0,1
2022-02-02,1643778000,315.14312853379755,326.7587753950434,2022-02-02,1643778000,1.0,0
2022-02-02,1643778000,315.14312853379755,326.7587753950434,2022-02-03,1643864400,1.0,1
2022-02-04,1643950800,303.86519200547843,315.14312853379755,2022-02-04,1643950800,-1.0,1
2022-02-07,1644210000,315.14312853379755,326.4074981672368,2022-02-07,1644210000,1.0,0
2022-02-07,1644210000,315.14312853379755,326.4074981672368,2022-02-08,1644296400,1.0,0
2022-02-07,1644210000,315.14312853379755,326.4074981672368,2022-02-09,1644382800,1.0,0
2022-02-07,1644210000,315.14312853379755,326.4074981672368,2022-02-10,1644469200,1.0,0
2022-02-07,1644210000,315.14312853379755,326.4074981672368,2022-02-11,1644555600,1.0,1
2022-02-14,1644814800,304.15467774634936,315.14312853379755,2022-02-14,1644814800,-1.0,1
2022-02-15,1644901200,315.14312853379755,325.8172485507137,2022-02-15,1644901200,1.0,0
2022-02-15,1644901200,315.14312853379755,325.8172485507137,2022-02-16,1644987600,1.0,1
2022-02-17,1645074000,305.19591280492597,315.14312853379755,2022-02-17,1645074000,-1.0,0
2022-02-17,1645074000,305.19591280492597,315.14312853379755,2022-02-18,1645160400,-1.0,0
2022-02-17,1645074000,305.19591280492597,315.14312853379755,2022-02-22,1645506000,-1.0,0
2022-02-17,1645074000,305.19591280492597,315.14312853379755,2022-02-23,1645592400,-1.0,0
2022-02-17,1645074000,305.19591280492597,315.14312853379755,2022-02-24,1645678800,-1.0,1
2022-02-25,1645765200,315.14312853379755,326.52535234917195,2022-02-25,1645765200,1.0,0
2022-02-25,1645765200,315.14312853379755,326.52535234917195,2022-02-28,1646024400,1.0,0
2022-02-25,1645765200,315.14312853379755,326.52535234917195,2022-03-01,1646110800,1.0,0
2022-02-25,1645765200,315.14312853379755,326.52535234917195,2022-03-02,1646197200,1.0,1
2022-03-03,1646283600,326.52535234917195,338.3733596479774,2022-03-03,1646283600,1.0,1
2022-03-04,1646370000,314.5439170002812,326.52535234917195,2022-03-04,1646370000,-1.0,0
2022-03-04,1646370000,314.5439170002812,326.52535234917195,2022-03-07,1646629200,-1.0,0
2022-03-04,1646370000,314.5439170002812,326.52535234917195,2022-03-08,1646715600,-1.0,0
2022-03-04,1646370000,314.5439170002812,326.52535234917195,2022-03-09,1646802000,-1.0,0
2022-03-04,1646370000,314.5439170002812,326.52535234917195,2022-03-10,1646888400,-1.0,1
2022-03-11,1646974800,326.52535234917195,338.3218709911732,2022-03-11,1646974800,1.0,0
2022-03-11,1646974800,326.52535234917195,338.3218709911732,2022-03-14,1647230400,1.0,0
2022-03-11,1646974800,326.52535234917195,338.3218709911732,2022-03-15,1647316800,1.0,0
2022-03-11,1646974800,326.52535234917195,338.3218709911732,2022-03-16,1647403200,1.0,1
2022-03-17,1647489600,338.3218709911732,350.20855872686144,2022-03-17,1647489600,1.0,0
2022-03-17,1647489600,338.3218709911732,350.20855872686144,2022-03-18,1647576000,1.0,0
2022-03-17,1647489600,338.3218709911732,350.20855872686144,2022-03-21,1647835200,1.0,0
2022-03-17,1647489600,338.3218709911732,350.20855872686144,2022-03-22,1647921600,1.0,0
2022-03-17,1647489600,338.3218709911732,350.20855872686144,2022-03-23,1648008000,1.0,1
2022-03-24,1648094400,350.20855872686144,361.8269974318781,2022-03-24,1648094400,1.0,0
2022-03-24,1648094400,350.20855872686144,361.8269974318781,2022-03-25,1648180800,1.0,0
2022-03-24,1648094400,350.20855872686144,361.8269974318781,2022-03-28,1648440000,1.0,0
2022-03-24,1648094400,350.20855872686144,361.8269974318781,2022-03-29,1648526400,1.0,0
2022-03-24,1648094400,350.20855872686144,361.8269974318781,2022-03-30,1648612800,1.0,0
2022-03-24,1648094400,350.20855872686144,361.8269974318781,2022-03-31,1648699200,1.0,0
2022-03-24,1648094400,350.20855872686144,361.8269974318781,2022-04-01,1648785600,1.0,1
2022-04-04,1649044800,338.16006970675414,350.20855872686144,2022-04-04,1649044800,-1.0,0
2022-04-04,1649044800,338.16006970675414,350.20855872686144,2022-04-05,1649131200,-1.0,0
2022-04-04,1649044800,338.16006970675414,350.20855872686144,2022-04-06,1649217600,-1.0,0
2022-04-04,1649044800,338.16006970675414,350.20855872686144,2022-04-07,1649304000,-1.0,1
2022-04-08,1649390400,350.20855872686144,361.9819912264263,2022-04-08,1649390400,1.0,0
2022-04-08,1649390400,350.20855872686144,361.9819912264263,2022-04-11,1649649600,1.0,1
2022-04-12,1649736000,338.7399460103999,350.20855872686144,2022-04-12,1649736000,-1.0,0
2022-04-12,1649736000,338.7399460103999,350.20855872686144,2022-04-13,1649822400,-1.0,0
2022-04-12,1649736000,338.7399460103999,350.20855872686144,2022-04-14,1649908800,-1.0,0
2022-04-12,1649736000,338.7399460103999,350.20855872686144,2022-04-18,1650254400,-1.0,0
2022-04-12,1649736000,338.7399460103999,350.20855872686144,2022-04-19,1650340800,-1.0,0
2022-04-12,1649736000,338.7399460103999,350.20855872686144,2022-04-20,1650427200,-1.0,0
2022-04-12,1649736000,338.7399460103999,350.20855872686144,2022-04-21,1650513600,-1.0,1
2022-04-22,1650600000,328.120960874148,338.7399460103999,2022-04-22,1650600000,-1.0,0
2022-04-22,1650600000,328.120960874148,338.7399460103999,2022-04-25,1650859200,-1.0,0
2022-04-22,1650600000,328.120960874148,338.7399460103999,2022-04-26,1650945600,-1.0,0
2022-04-22,1650600000,328.120960874148,338.7399460103999,2022-04-27,1651032000,-1.0,0
2022-04-22,1650600000,328.120960874148,338.7399460103999,2022-04-28,1651118400,-1.0,1
2022-04-29,1651204800,316.7641373478748,328.120960874148,2022-04-29,1651204800,-1.0,0
2022-04-29,1651204800,316.7641373478748,328.120960874148,2022-05-02,1651464000,-1.0,0
2022-04-29,1651204800,316.7641373478748,328.120960874148,2022-05-03,1651550400,-1.0,0
2022-04-29,1651204800,316.7641373478748,328.120960874148,2022-05-04,1651636800,-1.0,0
2022-04-29,1651204800,316.7641373478748,328.120960874148,2022-05-05,1651723200,-1.0,0
2022-04-29,1651204800,316.7641373478748,328.120960874148,2022-05-06,1651809600,-1.0,1
2022-05-09,1652068800,303.8729630541564,316.7641373478748,2022-05-09,1652068800,-1.0,0
2022-05-09,1652068800,303.8729630541564,316.7641373478748,2022-05-10,1652155200,-1.0,0
2022-05-09,1652068800,303.8729630541564,316.7641373478748,2022-05-11,1652241600,-1.0,0
2022-05-09,1652068800,303.8729630541564,316.7641373478748,2022-05-12,1652328000,-1.0,0
2022-05-09,1652068800,303.8729630541564,316.7641373478748,2022-05-13,1652414400,-1.0,0
2022-05-09,1652068800,303.8729630541564,316.7641373478748,2022-05-16,1652673600,-1.0,0
2022-05-09,1652068800,303.8729630541564,316.7641373478748,2022-05-17,1652760000,-1.0,0
2022-05-09,1652068800,303.8729630541564,316.7641373478748,2022-05-18,1652846400,-1.0,0
2022-05-09,1652068800,303.8729630541564,316.7641373478748,2022-05-19,1652932800,-1.0,0
2022-05-09,1652068800,303.8729630541564,316.7641373478748,2022-05-20,1653019200,-1.0,0
2022-05-09,1652068800,303.8729630541564,316.7641373478748,2022-05-23,1653278400,-1.0,0
2022-05-09,1652068800,303.8729630541564,316.7641373478748,2022-05-24,1653364800,-1.0,0
2022-05-09,1652068800,303.8729630541564,316.7641373478748,2022-05-25,1653451200,-1.0,0
2022-05-09,1652068800,303.8729630541564,316.7641373478748,2022-05-26,1653537600,-1.0,1
2022-05-27,1653624000,316.7641373478748,329.1712464244844,2022-05-27,1653624000,1.0,1
2022-05-31,1653969600,304.689107491023,316.7641373478748,2022-05-31,1653969600,-1.0,0
2022-05-31,1653969600,304.689107491023,316.7641373478748,2022-06-01,1654056000,-1.0,0
2022-05-31,1653969600,304.689107491023,316.7641373478748,2022-06-02,1654142400,-1.0,0
2022-05-31,1653969600,304.689107491023,316.7641373478748,2022-06-03,1654228800,-1.0,0
2022-05-31,1653969600,304.689107491023,316.7641373478748,2022-06-06,1654488000,-1.0,0
2022-05-31,1653969600,304.689107491023,316.7641373478748,2022-06-07,1654574400,-1.0,0
2022-05-31,1653969600,304.689107491023,316.7641373478748,2022-06-08,1654660800,-1.0,1
2022-06-09,1654747200,293.1802175001486,304.689107491023,2022-06-09,1654747200,-1.0,1
2022-06-10,1654833600,281.3118196514796,293.1802175001486,2022-06-10,1654833600,-1.0,0
2022-06-10,1654833600,281.3118196514796,293.1802175001486,2022-06-13,1655092800,-1.0,1
2022-06-14,1655179200,268.6818708942088,281.3118196514796,2022-06-14,1655179200,-1.0,0
2022-06-14,1655179200,268.6818708942088,281.3118196514796,2022-06-15,1655265600,-1.0,1
2022-06-16,1655352000,255.21215997594987,268.6818708942088,2022-06-16,1655352000,-1.0,0
2022-06-16,1655352000,255.21215997594987,268.6818708942088,2022-06-17,1655438400,-1.0,1
2022-06-21,1655784000,268.6818708942088,281.63008081862597,2022-06-21,1655784000,1.0,0
2022-06-21,1655784000,268.6818708942088,281.63008081862597,2022-06-22,1655870400,1.0,1
2022-06-23,1655956800,255.89536845937974,268.6818708942088,2022-06-23,1655956800,-1.0,1
2022-06-24,1656043200,268.6818708942088,282.117194583693,2022-06-24,1656043200,1.0,0
2022-06-24,1656043200,268.6818708942088,282.117194583693,2022-06-27,1656302400,1.0,0
2022-06-24,1656043200,268.6818708942088,282.117194583693,2022-06-28,1656388800,1.0,0
2022-06-24,1656043200,268.6818708942088,282.117194583693,2022-06-29,1656475200,1.0,0
2022-06-24,1656043200,268.6818708942088,282.117194583693,2022-06-30,1656561600,1.0,0
2022-06-24,1656043200,268.6818708942088,282.117194583693,2022-07-01,1656648000,1.0,0
2022-06-24,1656043200,268.6818708942088,282.117194583693,2022-07-05,1656993600,1.0,0
2022-06-24,1656043200,268.6818708942088,282.117194583693,2022-07-06,1657080000,1.0,0
2022-06-24,1656043200,268.6818708942088,282.117194583693,2022-07-07,1657166400,1.0,0
2022-06-24,1656043200,268.6818708942088,282.117194583693,2022-07-08,1657252800,1.0,0
2022-06-24,1656043200,268.6818708942088,282.117194583693,2022-07-11,1657512000,1.0,0
2022-06-24,1656043200,268.6818708942088,282.117194583693,2022-07-12,1657598400,1.0,0
2022-06-24,1656043200,268.6818708942088,282.117194583693,2022-07-13,1657684800,1.0,0
2022-06-24,1656043200,268.6818708942088,282.117194583693,2022-07-14,1657771200,1.0,0
2022-06-24,1656043200,268.6818708942088,282.117194583693,2022-07-15,1657857600,1.0,0
2022-06-24,1656043200,268.6818708942088,282.117194583693,2022-07-18,1658116800,1.0,1
2022-07-19,1658203200,282.117194583693,293.2332533703814,2022-07-19,1658203200,1.0,0
2022-07-19,1658203200,282.117194583693,293.2332533703814,2022-07-20,1658289600,1.0,0
2022-07-19,1658203200,282.117194583693,293.2332533703814,2022-07-21,1658376000,1.0,0
2022-07-19,1658203200,282.117194583693,293.2332533703814,2022-07-22,1658462400,1.0,0
2022-07-19,1658203200,282.117194583693,293.2332533703814,2022-07-25,1658721600,1.0,0
2022-07-19,1658203200,282.117194583693,293.2332533703814,2022-07-26,1658808000,1.0,0
2022-07-19,1658203200,282.117194583693,293.2332533703814,2022-07-27,1658894400,1.0,1
2022-07-28,1658980800,293.2332533703814,303.6308706632292,2022-07-28,1658980800,1.0,0
2022-07-28,1658980800,293.2332533703814,303.6308706632292,2022-07-29,1659067200,1.0,0
2022-07-28,1658980800,293.2332533703814,303.6308706632292,2022-08-01,1659326400,1.0,1
2022-08-02,1659412800,282.7705896705321,293.2332533703814,2022-08-02,1659412800,-1.0,1
2022-08-03,1659499200,293.2332533703814,303.56315537738436,2022-08-03,1659499200,1.0,1
2022-08-04,1659585600,283.20920150673584,293.2332533703814,2022-08-04,1659585600,-1.0,0
2022-08-04,1659585600,283.20920150673584,293.2332533703814,2022-08-05,1659672000,-1.0,0
2022-08-04,1659585600,283.20920150673584,293.2332533703814,2022-08-08,1659931200,-1.0,0
2022-08-04,1659585600,283.20920150673584,293.2332533703814,2022-08-09,1660017600,-1.0,1
2022-08-10,1660104000,293.2332533703814,303.07725132429596,2022-08-10,1660104000,1.0,0
2022-08-10,1660104000,293.2332533703814,303.07725132429596,2022-08-11,1660190400,1.0,0
2022-08-10,1660104000,293.2332533703814,303.07725132429596,2022-08-12,1660276800,1.0,0
2022-08-10,1660104000,293.2332533703814,303.07725132429596,2022-08-15,1660536000,1.0,1
2022-08-16,1660622400,303.07725132429596,312.8258319043083,2022-08-16,1660622400,1.0,0
2022-08-16,1660622400,303.07725132429596,312.8258319043083,2022-08-17,1660708800,1.0,0
2022-08-16,1660622400,303.07725132429596,312.8258319043083,2022-08-18,1660795200,1.0,1
2022-08-19,1660881600,293.4922288992642,303.07725132429596,2022-08-19,1660881600,-1.0,1
2022-08-22,1661140800,283.3807080760205,293.4922288992642,2022-08-22,1661140800,-1.0,0
2022-08-22,1661140800,283.3807080760205,293.4922288992642,2022-08-23,1661227200,-1.0,1
2022-08-24,1661313600,293.4922288992642,303.211175119306,2022-08-24,1661313600,1.0,0
2022-08-24,1661313600,293.4922288992642,303.211175119306,2022-08-25,1661400000,1.0,1
2022-08-26,1661486400,283.1547080258608,293.4922288992642,2022-08-26,1661486400,-1.0,0
2022-08-26,1661486400,283.1547080258608,293.4922288992642,2022-08-29,1661745600,-1.0,0
2022-08-26,1661486400,283.1547080258608,293.4922288992642,2022-08-30,1661832000,-1.0,1
2022-08-31,1661918400,272.8948206356031,283.1547080258608,2022-08-31,1661918400,-1.0,0
2022-08-31,1661918400,272.8948206356031,283.1547080258608,2022-09-01,1662004800,-1.0,0
2022-08-31,1661918400,272.8948206356031,283.1547080258608,2022-09-02,1662091200,-1.0,0
2022-08-31,1661918400,272.8948206356031,283.1547080258608,2022-09-06,1662436800,-1.0,0
2022-08-31,1661918400,272.8948206356031,283.1547080258608,2022-09-07,1662523200,-1.0,1
2022-09-08,1662609600,283.1547080258608,293.68169345007203,2022-09-08,1662609600,1.0,0
2022-09-08,1662609600,283.1547080258608,293.68169345007203,2022-09-09,1662696000,1.0,0
2022-09-08,1662609600,283.1547080258608,293.68169345007203,2022-09-12,1662955200,1.0,1
2022-09-13,1663041600,272.4883306435751,283.1547080258608,2022-09-13,1663041600,-1.0,0
2022-09-13,1663041600,272.4883306435751,283.1547080258608,2022-09-14,1663128000,-1.0,0
2022-09-13,1663041600,272.4883306435751,283.1547080258608,2022-09-15,1663214400,-1.0,0
2022-09-13,1663041600,272.4883306435751,283.1547080258608,2022-09-16,1663300800,-1.0,0
2022-09-13,1663041600,272.4883306435751,283.1547080258608,2022-09-19,1663560000,-1.0,0
2022-09-13,1663041600,272.4883306435751,283.1547080258608,2022-09-20,1663646400,-1.0,1
2022-09-21,1663732800,262.13895671306824,272.4883306435751,2022-09-21,1663732800,-1.0,0
2022-09-21,1663732800,262.13895671306824,272.4883306435751,2022-09-22,1663819200,-1.0,0
2022-09-21,1663732800,262.13895671306824,272.4883306435751,2022-09-23,1663905600,-1.0,0
2022-09-21,1663732800,262.13895671306824,272.4883306435751,2022-09-26,1664164800,-1.0,0
2022-09-21,1663732800,262.13895671306824,272.4883306435751,2022-09-27,1664251200,-1.0,0
2022-09-21,1663732800,262.13895671306824,272.4883306435751,2022-09-28,1664337600,-1.0,0
2022-09-21,1663732800,262.13895671306824,272.4883306435751,2022-09-29,1664424000,-1.0,0
2022-09-21,1663732800,262.13895671306824,272.4883306435751,2022-09-30,1664510400,-1.0,1
2022-10-03,1664769600,272.4883306435751,283.1664599996386,2022-10-03,1664769600,1.0,0
2022-10-03,1664769600,272.4883306435751,283.1664599996386,2022-10-04,1664856000,1.0,0
2022-10-03,1664769600,272.4883306435751,283.1664599996386,2022-10-05,1664942400,1.0,0
2022-10-03,1664769600,272.4883306435751,283.1664599996386,2022-10-06,1665028800,1.0,1
2022-10-07,1665115200,261.50889706021064,272.4883306435751,2022-10-07,1665115200,-1.0,0
2022-10-07,1665115200,261.50889706021064,272.4883306435751,2022-10-10,1665374400,-1.0,0
2022-10-07,1665115200,261.50889706021064,272.4883306435751,2022-10-11,1665460800,-1.0,0
2022-10-07,1665115200,261.50889706021064,272.4883306435751,2022-10-12,1665547200,-1.0,1
2022-10-13,1665633600,272.4883306435751,284.29542387489727,2022-10-13,1665633600,1.0,0
2022-10-13,1665633600,272.4883306435751,284.29542387489727,2022-10-14,1665720000,1.0,0
2022-10-13,1665633600,272.4883306435751,284.29542387489727,2022-10-17,1665979200,1.0,0
2022-10-13,1665633600,272.4883306435751,284.29542387489727,2022-10-18,1666065600,1.0,0
2022-10-13,1665633600,272.4883306435751,284.29542387489727,2022-10-19,1666152000,1.0,0
2022-10-13,1665633600,272.4883306435751,284.29542387489727,2022-10-20,1666238400,1.0,0
2022-10-13,1665633600,272.4883306435751,284.29542387489727,2022-10-21,1666324800,1.0,1
2022-10-24,1666584000,284.29542387489727,296.57017209035365,2022-10-24,1666584000,1.0,0
2022-10-24,1666584000,284.29542387489727,296.57017209035365,2022-10-25,1666670400,1.0,0
2022-10-24,1666584000,284.29542387489727,296.57017209035365,2022-10-26,1666756800,1.0,0
2022-10-24,1666584000,284.29542387489727,296.57017209035365,2022-10-27,1666843200,1.0,1
2022-10-28,1666929600,296.57017209035365,308.4133880884183,2022-10-28,1666929600,1.0,1
2022-10-31,1667188800,284.9583286635794,296.57017209035365,2022-10-31,1667188800,-1.0,0
2022-10-31,1667188800,284.9583286635794,296.57017209035365,2022-11-01,1667275200,-1.0,0
2022-10-31,1667188800,284.9583286635794,296.57017209035365,2022-11-02,1667361600,-1.0,0
2022-10-31,1667188800,284.9583286635794,296.57017209035365,2022-11-03,1667448000,-1.0,0
2022-10-31,1667188800,284.9583286635794,296.57017209035365,2022-11-04,1667534400,-1.0,0
2022-10-31,1667188800,284.9583286635794,296.57017209035365,2022-11-07,1667797200,-1.0,0
2022-10-31,1667188800,284.9583286635794,296.57017209035365,2022-11-08,1667883600,-1.0,0
2022-10-31,1667188800,284.9583286635794,296.57017209035365,2022-11-09,1667970000,-1.0,1
2022-11-10,1668056400,296.57017209035365,309.18940786125376,2022-11-10,1668056400,1.0,1
2022-11-11,1668142800,309.18940786125376,322.0296982199467,2022-11-11,1668142800,1.0,1
2022-11-14,1668402000,296.880566813896,309.18940786125376,2022-11-14,1668402000,-1.0,1
2022-11-15,1668488400,309.18940786125376,321.48127169094306,2022-11-15,1668488400,1.0,1
2022-11-16,1668574800,297.1571057336851,309.18940786125376,2022-11-16,1668574800,-1.0,0
2022-11-16,1668574800,297.1571057336851,309.18940786125376,2022-11-17,1668661200,-1.0,1
2022-11-18,1668747600,309.18940786125376,320.5980051039022,2022-11-18,1668747600,1.0,0
2022-11-18,1668747600,309.18940786125376,320.5980051039022,2022-11-21,1669006800,1.0,0
2022-11-18,1668747600,309.18940786125376,320.5980051039022,2022-11-22,1669093200,1.0,0
2022-11-18,1668747600,309.18940786125376,320.5980051039022,2022-11-23,1669179600,1.0,0
2022-11-18,1668747600,309.18940786125376,320.5980051039022,2022-11-25,1669352400,1.0,0
2022-11-18,1668747600,309.18940786125376,320.5980051039022,2022-11-28,1669611600,1.0,0
2022-11-18,1668747600,309.18940786125376,320.5980051039022,2022-11-29,1669698000,1.0,0
2022-11-18,1668747600,309.18940786125376,320.5980051039022,2022-11-30,1669784400,1.0,0
2022-11-18,1668747600,309.18940786125376,320.5980051039022,2022-12-01,1669870800,1.0,0
2022-11-18,1668747600,309.18940786125376,320.5980051039022,2022-12-02,1669957200,1.0,0
2022-11-18,1668747600,309.18940786125376,320.5980051039022,2022-12-05,1670216400,1.0,1
2022-12-06,1670302800,298.9207337500693,309.18940786125376,2022-12-06,1670302800,-1.0,0
2022-12-06,1670302800,298.9207337500693,309.18940786125376,2022-12-07,1670389200,-1.0,0
2022-12-06,1670302800,298.9207337500693,309.18940786125376,2022-12-08,1670475600,-1.0,0
2022-12-06,1670302800,298.9207337500693,309.18940786125376,2022-12-09,1670562000,-1.0,1
2022-12-12,1670821200,309.18940786125376,318.8126030333055,2022-12-12,1670821200,1.0,0
2022-12-12,1670821200,309.18940786125376,318.8126030333055,2022-12-13,1670907600,1.0,0
2022-12-12,1670821200,309.18940786125376,318.8126030333055,2022-12-14,1670994000,1.0,1
2022-12-15,1671080400,298.3716167705112,309.18940786125376,2022-12-15,1671080400,-1.0,0
2022-12-15,1671080400,298.3716167705112,309.18940786125376,2022-12-16,1671166800,-1.0,0
2022-12-15,1671080400,298.3716167705112,309.18940786125376,2022-12-19,1671426000,-1.0,0
2022-12-15,1671080400,298.3716167705112,309.18940786125376,2022-12-20,1671512400,-1.0,0
2022-12-15,1671080400,298.3716167705112,309.18940786125376,2022-12-21,1671598800,-1.0,0
2022-12-15,1671080400,298.3716167705112,309.18940786125376,2022-12-22,1671685200,-1.0,0
2022-12-15,1671080400,298.3716167705112,309.18940786125376,2022-12-23,1671771600,-1.0,0
2022-12-15,1671080400,298.3716167705112,309.18940786125376,2022-12-27,1672117200,-1.0,0
2022-12-15,1671080400,298.3716167705112,309.18940786125376,2022-12-28,1672203600,-1.0,0
2022-12-15,1671080400,298.3716167705112,309.18940786125376,2022-12-29,1672290000,-1.0,0
2022-12-15,1671080400,298.3716167705112,309.18940786125376,2022-12-30,1672376400,-1.0,1
2023-01-03,1672722000,309.18940786125376,319.42419374739075,2023-01-03,1672722000,1.0,0
2023-01-03,1672722000,309.18940786125376,319.42419374739075,2023-01-04,1672808400,1.0,0
2023-01-03,1672722000,309.18940786125376,319.42419374739075,2023-01-05,1672894800,1.0,0
2023-01-03,1672722000,309.18940786125376,319.42419374739075,2023-01-06,1672981200,1.0,0
2023-01-03,1672722000,309.18940786125376,319.42419374739075,2023-01-09,1673240400,1.0,0
2023-01-03,1672722000,309.18940786125376,319.42419374739075,2023-01-10,1673326800,1.0,1
2023-01-11,1673413200,319.42419374739075,329.3801346558716,2023-01-11,1673413200,1.0,1
2023-01-12,1673499600,309.7165343323728,319.42419374739075,2023-01-12,1673499600,-1.0,0
2023-01-12,1673499600,309.7165343323728,319.42419374739075,2023-01-13,1673586000,-1.0,0
2023-01-12,1673499600,309.7165343323728,319.42419374739075,2023-01-17,1673931600,-1.0,1
2023-01-18,1674018000,300.08458107625245,309.7165343323728,2023-01-18,1674018000,-1.0,0
2023-01-18,1674018000,300.08458107625245,309.7165343323728,2023-01-19,1674104400,-1.0,1
2023-01-20,1674190800,309.7165343323728,319.2778128032113,2023-01-20,1674190800,1.0,0
2023-01-20,1674190800,309.7165343323728,319.2778128032113,2023-01-23,1674450000,1.0,0
2023-01-20,1674190800,309.7165343323728,319.2778128032113,2023-01-24,1674536400,1.0,0
2023-01-20,1674190800,309.7165343323728,319.2778128032113,2023-01-25,1674622800,1.0,0
2023-01-20,1674190800,309.7165343323728,319.2778128032113,2023-01-26,1674709200,1.0,1
2023-01-27,1674795600,300.54315682915046,309.7165343323728,2023-01-27,1674795600,-1.0,0
2023-01-27,1674795600,300.54315682915046,309.7165343323728,2023-01-30,1675054800,-1.0,1
2023-01-31,1675141200,309.7165343323728,318.72918687341655,2023-01-31,1675141200,1.0,0
2023-01-31,1675141200,309.7165343323728,318.72918687341655,2023-02-01,1675227600,1.0,0
2023-01-31,1675141200,309.7165343323728,318.72918687341655,2023-02-02,1675314000,1.0,1
2023-02-03,1675400400,300.5262373816902,309.7165343323728,2023-02-03,1675400400,-1.0,0
2023-02-03,1675400400,300.5262373816902,309.7165343323728,2023-02-06,1675659600,-1.0,1
2023-02-07,1675746000,309.7165343323728,318.9897189480124,2023-02-07,1675746000,1.0,1
2023-02-08,1675832400,300.411434332136,309.7165343323728,2023-02-08,1675832400,-1.0,0
2023-02-08,1675832400,300.411434332136,309.7165343323728,2023-02-09,1675918800,-1.0,1
2023-02-10,1676005200,309.7165343323728,318.8729828019647,2023-02-10,1676005200,1.0,0
2023-02-10,1676005200,309.7165343323728,318.8729828019647,2023-02-13,1676264400,1.0,0
2023-02-10,1676005200,309.7165343323728,318.8729828019647,2023-02-14,1676350800,1.0,1
2023-02-15,1676437200,301.00180937330083,309.7165343323728,2023-02-15,1676437200,-1.0,0
2023-02-15,1676437200,301.00180937330083,309.7165343323728,2023-02-16,1676523600,-1.0,0
2023-02-15,1676437200,301.00180937330083,309.7165343323728,2023-02-17,1676610000,-1.0,0
2023-02-15,1676437200,301.00180937330083,309.7165343323728,2023-02-21,1676955600,-1.0,0
2023-02-15,1676437200,301.00180937330083,309.7165343323728,2023-02-22,1677042000,-1.0,0
2023-02-15,1676437200,301.00180937330083,309.7165343323728,2023-02-23,1677128400,-1.0,0
2023-02-15,1676437200,301.00180937330083,309.7165343323728,2023-02-24,1677214800,-1.0,0
2023-02-15,1676437200,301.00180937330083,309.7165343323728,2023-02-27,1677474000,-1.0,0
2023-02-15,1676437200,301.00180937330083,309.7165343323728,2023-02-28,1677560400,-1.0,0
2023-02-15,1676437200,301.00180937330083,309.7165343323728,2023-03-01,1677646800,-1.0,0
2023-02-15,1676437200,301.00180937330083,309.7165343323728,2023-03-02,1677733200,-1.0,1
2023-03-03,1677819600,309.7165343323728,318.18528884686066,2023-03-03,1677819600,1.0,0
2023-03-03,1677819600,309.7165343323728,318.18528884686066,2023-03-06,1678078800,1.0,0
2023-03-03,1677819600,309.7165343323728,318.18528884686066,2023-03-07,1678165200,1.0,0
2023-03-03,1677819600,309.7165343323728,318.18528884686066,2023-03-08,1678251600,1.0,1
2023-03-09,1678338000,300.5760139593957,309.7165343323728,2023-03-09,1678338000,-1.0,0
2023-03-09,1678338000,300.5760139593957,309.7165343323728,2023-03-10,1678424400,-1.0,0
2023-03-09,1678338000,300.5760139593957,309.7165343323728,2023-03-13,1678680000,-1.0,0
2023-03-09,1678338000,300.5760139593957,309.7165343323728,2023-03-14,1678766400,-1.0,1
2023-03-15,1678852800,290.59810604673953,300.5760139593957,2023-03-15,1678852800,-1.0,1
2023-03-16,1678939200,300.5760139593957,311.00735702114787,2023-03-16,1678939200,1.0,1
2023-03-17,1679025600,289.6567668306259,300.5760139593957,2023-03-17,1679025600,-1.0,1
2023-03-20,1679284800,300.5760139593957,311.7438862932534,2023-03-20,1679284800,1.0,0
2023-03-20,1679284800,300.5760139593957,311.7438862932534,2023-03-21,1679371200,1.0,1
2023-03-22,1679457600,289.44954240622246,300.5760139593957,2023-03-22,1679457600,-1.0,0
2023-03-22,1679457600,289.44954240622246,300.5760139593957,2023-03-23,1679544000,-1.0,0
2023-03-22,1679457600,289.44954240622246,300.5760139593957,2023-03-24,1679630400,-1.0,1
2023-03-27,1679889600,300.5760139593957,311.40571944857993,2023-03-27,1679889600,1.0,0
2023-03-27,1679889600,300.5760139593957,311.40571944857993,2023-03-28,1679976000,1.0,0
2023-03-27,1679889600,300.5760139593957,311.40571944857993,2023-03-29,1680062400,1.0,0
2023-03-27,1679889600,300.5760139593957,311.40571944857993,2023-03-30,1680148800,1.0,0
2023-03-27,1679889600,300.5760139593957,311.40571944857993,2023-03-31,1680235200,1.0,0
2023-03-27,1679889600,300.5760139593957,311.40571944857993,2023-04-03,1680494400,1.0,0
2023-03-27,1679889600,300.5760139593957,311.40571944857993,2023-04-04,1680580800,1.0,0
2023-03-27,1679889600,300.5760139593957,311.40571944857993,2023-04-05,1680667200,1.0,1
2023-04-06,1680753600,311.40571944857993,320.29846695248995,2023-04-06,1680753600,1.0,0
2023-04-06,1680753600,311.40571944857993,320.29846695248995,2023-04-10,1681099200,1.0,0
2023-04-06,1680753600,311.40571944857993,320.29846695248995,2023-04-11,1681185600,1.0,0
2023-04-06,1680753600,311.40571944857993,320.29846695248995,2023-04-12,1681272000,1.0,0
2023-04-06,1680753600,311.40571944857993,320.29846695248995,2023-04-13,1681358400,1.0,0
2023-04-06,1680753600,311.40571944857993,320.29846695248995,2023-04-14,1681444800,1.0,1
2023-04-17,1681704000,320.29846695248995,328.7407325039928,2023-04-17,1681704000,1.0,0
2023-04-17,1681704000,320.29846695248995,328.7407325039928,2023-04-18,1681790400,1.0,0
2023-04-17,1681704000,320.29846695248995,328.7407325039928,2023-04-19,1681876800,1.0,0
2023-04-17,1681704000,320.29846695248995,328.7407325039928,2023-04-20,1681963200,1.0,0
2023-04-17,1681704000,320.29846695248995,328.7407325039928,2023-04-21,1682049600,1.0,0
2023-04-17,1681704000,320.29846695248995,328.7407325039928,2023-04-24,1682308800,1.0,0
2023-04-17,1681704000,320.29846695248995,328.7407325039928,2023-04-25,1682395200,1.0,0
2023-04-17,1681704000,320.29846695248995,328.7407325039928,2023-04-26,1682481600,1.0,0
2023-04-17,1681704000,320.29846695248995,328.7407325039928,2023-04-27,1682568000,1.0,0
2023-04-17,1681704000,320.29846695248995,328.7407325039928,2023-04-28,1682654400,1.0,1
2023-05-01,1682913600,328.7407325039928,336.1943526289496,2023-05-01,1682913600,1.0,1
2023-05-02,1683000000,320.8565266736757,328.7407325039928,2023-05-02,1683000000,-1.0,0
2023-05-02,1683000000,320.8565266736757,328.7407325039928,2023-05-03,1683086400,-1.0,1
2023-05-04,1683172800,312.3571349118207,320.8565266736757,2023-05-04,1683172800,-1.0,1
2023-05-05,1683259200,320.8565266736757,329.41224759539824,2023-05-05,1683259200,1.0,0
2023-05-05,1683259200,320.8565266736757,329.41224759539824,2023-05-08,1683518400,1.0,0
2023-05-05,1683259200,320.8565266736757,329.41224759539824,2023-05-09,1683604800,1.0,0
2023-05-05,1683259200,320.8565266736757,329.41224759539824,2023-05-10,1683691200,1.0,0
2023-05-05,1683259200,320.8565266736757,329.41224759539824,2023-05-11,1683777600,1.0,0
2023-05-05,1683259200,320.8565266736757,329.41224759539824,2023-05-12,1683864000,1.0,0
2023-05-05,1683259200,320.8565266736757,329.41224759539824,2023-05-15,1684123200,1.0,0
2023-05-05,1683259200,320.8565266736757,329.41224759539824,2023-05-16,1684209600,1.0,0
2023-05-05,1683259200,320.8565266736757,329.41224759539824,2023-05-17,1684296000,1.0,1
2023-05-18,1684382400,329.41224759539824,337.38885201570287,2023-05-18,1684382400,1.0,0
2023-05-18,1684382400,329.41224759539824,337.38885201570287,2023-05-19,1684468800,1.0,1
2023-05-22,1684728000,321.5552978656458,329.41224759539824,2023-05-22,1684728000,-1.0,0
2023-05-22,1684728000,321.5552978656458,329.41224759539824,2023-05-23,1684814400,-1.0,1
2023-05-24,1684900800,313.57211161907355,321.5552978656458,2023-05-24,1684900800,-1.0,0
2023-05-24,1684900800,313.57211161907355,321.5552978656458,2023-05-25,1684987200,-1.0,0
2023-05-24,1684900800,313.57211161907355,321.5552978656458,2023-05-26,1685073600,-1.0,1
2023-05-30,1685419200,321.5552978656458,329.14016746612657,2023-05-30,1685419200,1.0,1
2023-05-31,1685505600,314.12391895091366,321.5552978656458,2023-05-31,1685505600,-1.0,1
2023-06-01,1685592000,321.5552978656458,328.9302925721828,2023-06-01,1685592000,1.0,1
2023-06-02,1685678400,328.9302925721828,336.74921622825286,2023-06-02,1685678400,1.0,1
2023-06-05,1685937600,321.24300632011773,328.9302925721828,2023-06-05,1685937600,-1.0,1
2023-06-06,1686024000,328.9302925721828,336.78591552052893,2023-06-06,1686024000,1.0,0
2023-06-06,1686024000,328.9302925721828,336.78591552052893,2023-06-07,1686110400,1.0,0
2023-06-06,1686024000,328.9302925721828,336.78591552052893,2023-06-08,1686196800,1.0,0
2023-06-06,1686024000,328.9302925721828,336.78591552052893,2023-06-09,1686283200,1.0,0
2023-06-06,1686024000,328.9302925721828,336.78591552052893,2023-06-12,1686542400,1.0,0
2023-06-06,1686024000,328.9302925721828,336.78591552052893,2023-06-13,1686628800,1.0,0
2023-06-06,1686024000,328.9302925721828,336.78591552052893,2023-06-14,1686715200,1.0,1
2023-06-15,1686801600,336.78591552052893,344.62870546639664,2023-06-15,1686801600,1.0,0
2023-06-15,1686801600,336.78591552052893,344.62870546639664,2023-06-16,1686888000,1.0,0
2023-06-15,1686801600,336.78591552052893,344.62870546639664,2023-06-20,1687233600,1.0,0
2023-06-15,1686801600,336.78591552052893,344.62870546639664,2023-06-21,1687320000,1.0,0
2023-06-15,1686801600,336.78591552052893,344.62870546639664,2023-06-22,1687406400,1.0,1
2023-06-23,1687492800,329.3952677062048,336.78591552052893,2023-06-23,1687492800,-1.0,0
2023-06-23,1687492800,329.3952677062048,336.78591552052893,2023-06-26,1687752000,-1.0,0
2023-06-23,1687492800,329.3952677062048,336.78591552052893,2023-06-27,1687838400,-1.0,0
2023-06-23,1687492800,329.3952677062048,336.78591552052893,2023-06-28,1687924800,-1.0,1
2023-06-29,1688011200,336.78591552052893,343.8016589926476,2023-06-29,1688011200,1.0,0
2023-06-29,1688011200,336.78591552052893,343.8016589926476,2023-06-30,1688097600,1.0,0
2023-06-29,1688011200,336.78591552052893,343.8016589926476,2023-07-03,1688356800,1.0,0
2023-06-29,1688011200,336.78591552052893,343.8016589926476,2023-07-05,1688529600,1.0,0
2023-06-29,1688011200,336.78591552052893,343.8016589926476,2023-07-06,1688616000,1.0,0
2023-06-29,1688011200,336.78591552052893,343.8016589926476,2023-07-07,1688702400,1.0,0
2023-06-29,1688011200,336.78591552052893,343.8016589926476,2023-07-10,1688961600,1.0,0
2023-06-29,1688011200,336.78591552052893,343.8016589926476,2023-07-11,1689048000,1.0,1
2023-07-12,1689134400,343.8016589926476,350.50185148883617,2023-07-12,1689134400,1.0,1
2023-07-13,1689220800,337.22583738904393,343.8016589926476,2023-07-13,1689220800,-1.0,0
2023-07-13,1689220800,337.22583738904393,343.8016589926476,2023-07-14,1689307200,-1.0,1
2023-07-17,1689566400,343.8016589926476,350.60296435493854,2023-07-17,1689566400,1.0,0
2023-07-17,1689566400,343.8016589926476,350.60296435493854,2023-07-18,1689652800,1.0,1
2023-07-19,1689739200,337.0584824302641,343.8016589926476,2023-07-19,1689739200,-1.0,1
2023-07-20,1689825600,343.8016589926476,350.6237515148609,2023-07-20,1689825600,1.0,0
2023-07-20,1689825600,343.8016589926476,350.6237515148609,2023-07-21,1689912000,1.0,0
2023-07-20,1689825600,343.8016589926476,350.6237515148609,2023-07-24,1690171200,1.0,0
2023-07-20,1689825600,343.8016589926476,350.6237515148609,2023-07-25,1690257600,1.0,0
2023-07-20,1689825600,343.8016589926476,350.6237515148609,2023-07-26,1690344000,1.0,0
2023-07-20,1689825600,343.8016589926476,350.6237515148609,2023-07-27,1690430400,1.0,0
2023-07-20,1689825600,343.8016589926476,350.6237515148609,2023-07-28,1690516800,1.0,1
2023-07-31,1690776000,350.6237515148609,357.07562764118404,2023-07-31,1690776000,1.0,0
2023-07-31,1690776000,350.6237515148609,357.07562764118404,2023-08-01,1690862400,1.0,0
2023-07-31,1690776000,350.6237515148609,357.07562764118404,2023-08-02,1690948800,1.0,0
2023-07-31,1690776000,350.6237515148609,357.07562764118404,2023-08-03,1691035200,1.0,1
2023-08-04,1691121600,343.91004125757445,350.6237515148609,2023-08-04,1691121600,-1.0,1
2023-08-07,1691380800,350.6237515148609,358.74019675376974,2023-08-07,1691380800,1.0,1
2023-08-08,1691467200,358.74019675376974,366.9711816184708,2023-08-08,1691467200,1.0,1
2023-08-09,1691553600,350.0209965222616,358.74019675376974,2023-08-09,1691553600,-1.0,0
2023-08-09,1691553600,350.0209965222616,358.74019675376974,2023-08-10,1691640000,-1.0,0
2023-08-09,1691553600,350.0209965222616,358.74019675376974,2023-08-11,1691726400,-1.0,0
2023-08-09,1691553600,350.0209965222616,358.74019675376974,2023-08-14,1691985600,-1.0,0
2023-08-09,1691553600,350.0209965222616,358.74019675376974,2023-08-15,1692072000,-1.0,0
2023-08-09,1691553600,350.0209965222616,358.74019675376974,2023-08-16,1692158400,-1.0,0
2023-08-09,1691553600,350.0209965222616,358.74019675376974,2023-08-17,1692244800,-1.0,0
2023-08-09,1691553600,350.0209965222616,358.74019675376974,2023-08-18,1692331200,-1.0,0
2023-08-09,1691553600,350.0209965222616,358.74019675376974,2023-08-21,1692590400,-1.0,0
2023-08-09,1691553600,350.0209965222616,358.74019675376974,2023-08-22,1692676800,-1.0,0
2023-08-09,1691553600,350.0209965222616,358.74019675376974,2023-08-23,1692763200,-1.0,0
2023-08-09,1691553600,350.0209965222616,358.74019675376974,2023-08-24,1692849600,-1.0,0
2023-08-09,1691553600,350.0209965222616,358.74019675376974,2023-08-25,1692936000,-1.0,0
2023-08-09,1691553600,350.0209965222616,358.74019675376974,2023-08-28,1693195200,-1.0,0
2023-08-09,1691553600,350.0209965222616,358.74019675376974,2023-08-29,1693281600,-1.0,1
2023-08-30,1693368000,358.74019675376974,366.7138597239476,2023-08-30,1693368000,1.0,0
2023-08-30,1693368000,358.74019675376974,366.7138597239476,2023-08-31,1693454400,1.0,0
2023-08-30,1693368000,358.74019675376974,366.7138597239476,2023-09-01,1693540800,1.0,0
2023-08-30,1693368000,358.74019675376974,366.7138597239476,2023-09-05,1693886400,1.0,0
2023-08-30,1693368000,358.74019675376974,366.7138597239476,2023-09-06,1693972800,1.0,0
2023-08-30,1693368000,358.74019675376974,366.7138597239476,2023-09-07,1694059200,1.0,0
2023-08-30,1693368000,358.74019675376974,366.7138597239476,2023-09-08,1694145600,1.0,0
2023-08-30,1693368000,358.74019675376974,366.7138597239476,2023-09-11,1694404800,1.0,1
2023-09-12,1694491200,366.7138597239476,374.1837266297907,2023-09-12,1694491200,1.0,0
2023-09-12,1694491200,366.7138597239476,374.1837266297907,2023-09-13,1694577600,1.0,0
2023-09-12,1694491200,366.7138597239476,374.1837266297907,2023-09-14,1694664000,1.0,0
2023-09-12,1694491200,366.7138597239476,374.1837266297907,2023-09-15,1694750400,1.0,0
2023-09-12,1694491200,366.7138597239476,374.1837266297907,2023-09-18,1695009600,1.0,0
2023-09-12,1694491200,366.7138597239476,374.1837266297907,2023-09-19,1695096000,1.0,0
2023-09-12,1694491200,366.7138597239476,374.1837266297907,2023-09-20,1695182400,1.0,1
2023-09-21,1695268800,359.39241068744326,366.7138597239476,2023-09-21,1695268800,-1.0,0
2023-09-21,1695268800,359.39241068744326,366.7138597239476,2023-09-22,1695355200,-1.0,0
2023-09-21,1695268800,359.39241068744326,366.7138597239476,2023-09-25,1695614400,-1.0,0
2023-09-21,1695268800,359.39241068744326,366.7138597239476,2023-09-26,1695700800,-1.0,1
2023-09-27,1695787200,351.8077516409105,359.39241068744326,2023-09-27,1695787200,-1.0,0
2023-09-27,1695787200,351.8077516409105,359.39241068744326,2023-09-28,1695873600,-1.0,1
2023-09-29,1695960000,343.7829180752777,351.8077516409105,2023-09-29,1695960000,-1.0,0
2023-09-29,1695960000,343.7829180752777,351.8077516409105,2023-10-02,1696219200,-1.0,1
2023-10-03,1696305600,335.49364158246163,343.7829180752777,2023-10-03,1696305600,-1.0,0
2023-10-03,1696305600,335.49364158246163,343.7829180752777,2023-10-04,1696392000,-1.0,1
2023-10-05,1696478400,343.7829180752777,351.9265493369405,2023-10-05,1696478400,1.0,0
2023-10-05,1696478400,343.7829180752777,351.9265493369405,2023-10-06,1696564800,1.0,0
2023-10-05,1696478400,343.7829180752777,351.9265493369405,2023-10-09,1696824000,1.0,0
2023-10-05,1696478400,343.7829180752777,351.9265493369405,2023-10-10,1696910400,1.0,0
2023-10-05,1696478400,343.7829180752777,351.9265493369405,2023-10-11,1696996800,1.0,0
2023-10-05,1696478400,343.7829180752777,351.9265493369405,2023-10-12,1697083200,1.0,0
2023-10-05,1696478400,343.7829180752777,351.9265493369405,2023-10-13,1697169600,1.0,0
2023-10-05,1696478400,343.7829180752777,351.9265493369405,2023-10-16,1697428800,1.0,0
2023-10-05,1696478400,343.7829180752777,351.9265493369405,2023-10-17,1697515200,1.0,1
2023-10-18,1697601600,335.34126047651944,343.7829180752777,2023-10-18,1697601600,-1.0,0
2023-10-18,1697601600,335.34126047651944,343.7829180752777,2023-10-19,1697688000,-1.0,0
2023-10-18,1697601600,335.34126047651944,343.7829180752777,2023-10-20,1697774400,-1.0,0
2023-10-18,1697601600,335.34126047651944,343.7829180752777,2023-10-23,1698033600,-1.0,0
2023-10-18,1697601600,335.34126047651944,343.7829180752777,2023-10-24,1698120000,-1.0,0
2023-10-18,1697601600,335.34126047651944,343.7829180752777,2023-10-25,1698206400,-1.0,0
2023-10-18,1697601600,335.34126047651944,343.7829180752777,2023-10-26,1698292800,-1.0,1
2023-10-27,1698379200,327.23775711600257,335.34126047651944,2023-10-27,1698379200,-1.0,1
2023-10-30,1698638400,335.34126047651944,343.720942168428,2023-10-30,1698638400,1.0,0
2023-10-30,1698638400,335.34126047651944,343.720942168428,2023-10-31,1698724800,1.0,1
2023-11-01,1698811200,343.720942168428,352.04409628032874,2023-11-01,1698811200,1.0,0
2023-11-01,1698811200,343.720942168428,352.04409628032874,2023-11-02,1698897600,1.0,0
2023-11-01,1698811200,343.720942168428,352.04409628032874,2023-11-03,1698984000,1.0,0
2023-11-01,1698811200,343.720942168428,352.04409628032874,2023-11-06,1699246800,1.0,0
2023-11-01,1698811200,343.720942168428,352.04409628032874,2023-11-07,1699333200,1.0,0
2023-11-01,1698811200,343.720942168428,352.04409628032874,2023-11-08,1699419600,1.0,0
2023-11-01,1698811200,343.720942168428,352.04409628032874,2023-11-09,1699506000,1.0,0
2023-11-01,1698811200,343.720942168428,352.04409628032874,2023-11-10,1699592400,1.0,0
2023-11-01,1698811200,343.720942168428,352.04409628032874,2023-11-13,1699851600,1.0,1
2023-11-14,1699938000,352.04409628032874,360.2085911602998,2023-11-14,1699938000,1.0,0
2023-11-14,1699938000,352.04409628032874,360.2085911602998,2023-11-15,1700024400,1.0,0
2023-11-14,1699938000,352.04409628032874,360.2085911602998,2023-11-16,1700110800,1.0,0
2023-11-14,1699938000,352.04409628032874,360.2085911602998,2023-11-17,1700197200,1.0,1
2023-11-20,1700456400,360.2085911602998,367.8163263296786,2023-11-20,1700456400,1.0,0
2023-11-20,1700456400,360.2085911602998,367.8163263296786,2023-11-21,1700542800,1.0,0
2023-11-20,1700456400,360.2085911602998,367.8163263296786,2023-11-22,1700629200,1.0,0
2023-11-20,1700456400,360.2085911602998,367.8163263296786,2023-11-24,1700802000,1.0,0
2023-11-20,1700456400,360.2085911602998,367.8163263296786,2023-11-27,1701061200,1.0,1
2023-11-28,1701147600,353.4820457582275,360.2085911602998,2023-11-28,1701147600,-1.0,0
2023-11-28,1701147600,353.4820457582275,360.2085911602998,2023-11-29,1701234000,-1.0,0
2023-11-28,1701147600,353.4820457582275,360.2085911602998,2023-11-30,1701320400,-1.0,0
2023-11-28,1701147600,353.4820457582275,360.2085911602998,2023-12-01,1701406800,-1.0,0
2023-11-28,1701147600,353.4820457582275,360.2085911602998,2023-12-04,1701666000,-1.0,0
2023-11-28,1701147600,353.4820457582275,360.2085911602998,2023-12-05,1701752400,-1.0,1
2023-12-06,1701838800,346.49907296031654,353.4820457582275,2023-12-06,1701838800,-1.0,0
2023-12-06,1701838800,346.49907296031654,353.4820457582275,2023-12-07,1701925200,-1.0,0
2023-12-06,1701838800,346.49907296031654,353.4820457582275,2023-12-08,1702011600,-1.0,1
2023-12-11,1702270800,353.4820457582275,360.1969485413946,2023-12-11,1702270800,1.0,0
2023-12-11,1702270800,353.4820457582275,360.1969485413946,2023-12-12,1702357200,1.0,1
2023-12-13,1702443600,360.1969485413946,366.82144043096207,2023-12-13,1702443600,1.0,1
2023-12-14,1702530000,353.0594917867962,360.1969485413946,2023-12-14,1702530000,-1.0,0
2023-12-14,1702530000,353.0594917867962,360.1969485413946,2023-12-15,1702616400,-1.0,0
2023-12-14,1702530000,353.0594917867962,360.1969485413946,2023-12-18,1702875600,-1.0,1
2023-12-19,1702962000,360.1969485413946,367.3449837053351,2023-12-19,1702962000,1.0,1
2023-12-20,1703048400,352.7006301748784,360.1969485413946,2023-12-20,1703048400,-1.0,0
2023-12-20,1703048400,352.7006301748784,360.1969485413946,2023-12-21,1703134800,-1.0,0
2023-12-20,1703048400,352.7006301748784,360.1969485413946,2023-12-22,1703221200,-1.0,0
2023-12-20,1703048400,352.7006301748784,360.1969485413946,2023-12-26,1703566800,-1.0,0
2023-12-20,1703048400,352.7006301748784,360.1969485413946,2023-12-27,1703653200,-1.0,0
2023-12-20,1703048400,352.7006301748784,360.1969485413946,2023-12-28,1703739600,-1.0,0
2023-12-20,1703048400,352.7006301748784,360.1969485413946,2023-12-29,1703826000,-1.0,1
2024-01-02,1704171600,360.1969485413946,366.9045417709686,2024-01-02,1704171600,1.0,0
2024-01-02,1704171600,360.1969485413946,366.9045417709686,2024-01-03,1704258000,1.0,0
2024-01-02,1704171600,360.1969485413946,366.9045417709686,2024-01-04,1704344400,1.0,0
2024-01-02,1704171600,360.1969485413946,366.9045417709686,2024-01-05,1704430800,1.0,1
2024-01-08,1704690000,366.9045417709686,374.0900115947364,2024-01-08,1704690000,1.0,1
2024-01-09,1704776400,359.7938912203271,366.9045417709686,2024-01-09,1704776400,-1.0,1
2024-01-10,1704862800,366.9045417709686,373.90328871085,2024-01-10,1704862800,1.0,1
2024-01-11,1704949200,359.66127675536444,366.9045417709686,2024-01-11,1704949200,-1.0,0
2024-01-11,1704949200,359.66127675536444,366.9045417709686,2024-01-12,1705035600,-1.0,0
2024-01-11,1704949200,359.66127675536444,366.9045417709686,2024-01-16,1705381200,-1.0,1
2024-01-17,1705467600,352.3568055457134,359.66127675536444,2024-01-17,1705467600,-1.0,1
2024-01-18,1705554000,359.66127675536444,367.0020000214689,2024-01-18,1705554000,1.0,0
2024-01-18,1705554000,359.66127675536444,367.0020000214689,2024-01-19,1705640400,1.0,1
2024-01-22,1705899600,367.0020000214689,374.5541236539774,2024-01-22,1705899600,1.0,0
2024-01-22,1705899600,367.0020000214689,374.5541236539774,2024-01-23,1705986000,1.0,1
2024-01-24,1706072400,374.5541236539774,382.36938841874235,2024-01-24,1706072400,1.0,0
2024-01-24,1706072400,374.5541236539774,382.36938841874235,2024-01-25,1706158800,1.0,1
2024-01-26,1706245200,382.36938841874235,390.3700809965244,2024-01-26,1706245200,1.0,0
2024-01-26,1706245200,382.36938841874235,390.3700809965244,2024-01-29,1706504400,1.0,0
2024-01-26,1706245200,382.36938841874235,390.3700809965244,2024-01-30,1706590800,1.0,0
2024-01-26,1706245200,382.36938841874235,390.3700809965244,2024-01-31,1706677200,1.0,0
2024-01-26,1706245200,382.36938841874235,390.3700809965244,2024-02-01,1706763600,1.0,1
2024-02-02,1706850000,390.3700809965244,399.11009047040886,2024-02-02,1706850000,1.0,0
2024-02-02,1706850000,390.3700809965244,399.11009047040886,2024-02-05,1707109200,1.0,0
2024-02-02,1706850000,390.3700809965244,399.11009047040886,2024-02-06,1707195600,1.0,0
2024-02-02,1706850000,390.3700809965244,399.11009047040886,2024-02-07,1707282000,1.0,0
2024-02-02,1706850000,390.3700809965244,399.11009047040886,2024-02-08,1707368400,1.0,0
2024-02-02,1706850000,390.3700809965244,399.11009047040886,2024-02-09,1707454800,1.0,0
2024-02-02,1706850000,390.3700809965244,399.11009047040886,2024-02-12,1707714000,1.0,0
2024-02-02,1706850000,390.3700809965244,399.11009047040886,2024-02-13,1707800400,1.0,0
2024-02-02,1706850000,390.3700809965244,399.11009047040886,2024-02-14,1707886800,1.0,1
2024-02-15,1707973200,399.11009047040886,407.79660912980484,2024-02-15,1707973200,1.0,0
2024-02-15,1707973200,399.11009047040886,407.79660912980484,2024-02-16,1708059600,1.0,0
2024-02-15,1707973200,399.11009047040886,407.79660912980484,2024-02-20,1708405200,1.0,1
2024-02-21,1708491600,407.79660912980484,416.1802853304947,2024-02-21,1708491600,1.0,0
2024-02-21,1708491600,407.79660912980484,416.1802853304947,2024-02-22,1708578000,1.0,1
2024-02-23,1708664400,416.1802853304947,424.94026123823244,2024-02-23,1708664400,1.0,1
2024-02-26,1708923600,405.3263248447383,416.1802853304947,2024-02-26,1708923600,-1.0,0
2024-02-26,1708923600,405.3263248447383,416.1802853304947,2024-02-27,1709010000,-1.0,0
2024-02-26,1708923600,405.3263248447383,416.1802853304947,2024-02-28,1709096400,-1.0,0
2024-02-26,1708923600,405.3263248447383,416.1802853304947,2024-02-29,1709182800,-1.0,0
2024-02-26,1708923600,405.3263248447383,416.1802853304947,2024-03-01,1709269200,-1.0,1
2024-03-04,1709528400,394.4088193044538,405.3263248447383,2024-03-04,1709528400,-1.0,0
2024-03-04,1709528400,394.4088193044538,405.3263248447383,2024-03-05,1709614800,-1.0,0
2024-03-04,1709528400,394.4088193044538,405.3263248447383,2024-03-06,1709701200,-1.0,0
2024-03-04,1709528400,394.4088193044538,405.3263248447383,2024-03-07,1709787600,-1.0,0
2024-03-04,1709528400,394.4088193044538,405.3263248447383,2024-03-08,1709874000,-1.0,0
2024-03-04,1709528400,394.4088193044538,405.3263248447383,2024-03-11,1710129600,-1.0,0
2024-03-04,1709528400,394.4088193044538,405.3263248447383,2024-03-12,1710216000,-1.0,1
2024-03-13,1710302400,405.3263248447383,415.0427359567899,2024-03-13,1710302400,1.0,0
2024-03-13,1710302400,405.3263248447383,415.0427359567899,2024-03-14,1710388800,1.0,0
2024-03-13,1710302400,405.3263248447383,415.0427359567899,2024-03-15,1710475200,1.0,0
2024-03-13,1710302400,405.3263248447383,415.0427359567899,2024-03-18,1710734400,1.0,0
2024-03-13,1710302400,405.3263248447383,415.0427359567899,2024-03-19,1710820800,1.0,1
2024-03-20,1710907200,415.0427359567899,424.52421672504676,2024-03-20,1710907200,1.0,1
2024-03-21,1710993600,405.6837181005514,415.0427359567899,2024-03-21,1710993600,-1.0,0
2024-03-21,1710993600,405.6837181005514,415.0427359567899,2024-03-22,1711080000,-1.0,0
2024-03-21,1710993600,405.6837181005514,415.0427359567899,2024-03-25,1711339200,-1.0,0
2024-03-21,1710993600,405.6837181005514,415.0427359567899,2024-03-26,1711425600,-1.0,1
2024-03-27,1711512000,415.0427359567899,423.81098974771106,2024-03-27,1711512000,1.0,0
2024-03-27,1711512000,415.0427359567899,423.81098974771106,2024-03-28,1711598400,1.0,0
2024-03-27,1711512000,415.0427359567899,423.81098974771106,2024-04-01,1711944000,1.0,0
2024-03-27,1711512000,415.0427359567899,423.81098974771106,2024-04-02,1712030400,1.0,0
2024-03-27,1711512000,415.0427359567899,423.81098974771106,2024-04-03,1712116800,1.0,0
2024-03-27,1711512000,415.0427359567899,423.81098974771106,2024-04-04,1712203200,1.0,0
2024-03-27,1711512000,415.0427359567899,423.81098974771106,2024-04-05,1712289600,1.0,0
2024-03-27,1711512000,415.0427359567899,423.81098974771106,2024-04-08,1712548800,1.0,1
2024-04-09,1712635200,406.3769886086594,415.0427359567899,2024-04-09,1712635200,-1.0,0
2024-04-09,1712635200,406.3769886086594,415.0427359567899,2024-04-10,1712721600,-1.0,0
2024-04-09,1712635200,406.3769886086594,415.0427359567899,2024-04-11,1712808000,-1.0,1
2024-04-12,1712894400,397.0043914498246,406.3769886086594,2024-04-12,1712894400,-1.0,0
2024-04-12,1712894400,397.0043914498246,406.3769886086594,2024-04-15,1713153600,-1.0,1
2024-04-16,1713240000,387.21438492001295,397.0043914498246,2024-04-16,1713240000,-1.0,1
2024-04-17,1713326400,397.0043914498246,406.56041179893543,2024-04-17,1713326400,1.0,0
2024-04-17,1713326400,397.0043914498246,406.56041179893543,2024-04-18,1713412800,1.0,0
2024-04-17,1713326400,397.0043914498246,406.56041179893543,2024-04-19,1713499200,1.0,1
2024-04-22,1713758400,406.56041179893543,416.27777721693707,2024-04-22,1713758400,1.0,0
2024-04-22,1713758400,406.56041179893543,416.27777721693707,2024-04-23,1713844800,1.0,1
2024-04-24,1713931200,396.950316106883,406.56041179893543,2024-04-24,1713931200,-1.0,0
2024-04-24,1713931200,396.950316106883,406.56041179893543,2024-04-25,1714017600,-1.0,0
2024-04-24,1713931200,396.950316106883,406.56041179893543,2024-04-26,1714104000,-1.0,0
2024-04-24,1713931200,396.950316106883,406.56041179893543,2024-04-29,1714363200,-1.0,1
2024-04-30,1714449600,387.6594825723997,396.950316106883,2024-04-30,1714449600,-1.0,1
2024-05-01,1714536000,396.950316106883,406.3450901031889,2024-05-01,1714536000,1.0,0
2024-05-01,1714536000,396.950316106883,406.3450901031889,2024-05-02,1714622400,1.0,0
2024-05-01,1714536000,396.950316106883,406.3450901031889,2024-05-03,1714708800,1.0,0
2024-05-01,1714536000,396.950316106883,406.3450901031889,2024-05-06,1714968000,1.0,0
2024-05-01,1714536000,396.950316106883,406.3450901031889,2024-05-07,1715054400,1.0,1
2024-05-08,1715140800,406.3450901031889,415.26317821344503,2024-05-08,1715140800,1.0,0
2024-05-08,1715140800,406.3450901031889,415.26317821344503,2024-05-09,1715227200,1.0,0
2024-05-08,1715140800,406.3450901031889,415.26317821344503,2024-05-10,1715313600,1.0,0
2024-05-08,1715140800,406.3450901031889,415.26317821344503,2024-05-13,1715572800,1.0,0
2024-05-08,1715140800,406.3450901031889,415.26317821344503,2024-05-14,1715659200,1.0,0
2024-05-08,1715140800,406.3450901031889,415.26317821344503,2024-05-15,1715745600,1.0,0
2024-05-08,1715140800,406.3450901031889,415.26317821344503,2024-05-16,1715832000,1.0,1
2024-05-17,1715918400,415.26317821344503,423.24506054519696,2024-05-17,1715918400,1.0,1
2024-05-20,1716177600,407.25164461967535,415.26317821344503,2024-05-20,1716177600,-1.0,0
2024-05-20,1716177600,407.25164461967535,415.26317821344503,2024-05-21,1716264000,-1.0,0
2024-05-20,1716177600,407.25164461967535,415.26317821344503,2024-05-22,1716350400,-1.0,1
2024-05-23,1716436800,398.80312300687945,407.25164461967535,2024-05-23,1716436800,-1.0,1
2024-05-24,1716523200,407.25164461967535,415.4129732601287,2024-05-24,1716523200,1.0,1
2024-05-28,1716868800,398.8542680249687,407.25164461967535,2024-05-28,1716868800,-1.0,0
2024-05-28,1716868800,398.8542680249687,407.25164461967535,2024-05-29,1716955200,-1.0,1
2024-05-30,1717041600,407.25164461967535,415.8105432140908,2024-05-30,1717041600,1.0,0
2024-05-30,1717041600,407.25164461967535,415.8105432140908,2024-05-31,1717128000,1.0,0
2024-05-30,1717041600,407.25164461967535,415.8105432140908,2024-06-03,1717387200,1.0,0
2024-05-30,1717041600,407.25164461967535,415.8105432140908,2024-06-04,1717473600,1.0,0
2024-05-30,1717041600,407.25164461967535,415.8105432140908,2024-06-05,1717560000,1.0,0
2024-05-30,1717041600,407.25164461967535,415.8105432140908,2024-06-06,1717646400,1.0,0
2024-05-30,1717041600,407.25164461967535,415.8105432140908,2024-06-07,1717732800,1.0,0
2024-05-30,1717041600,407.25164461967535,415.8105432140908,2024-06-10,1717992000,1.0,0
2024-05-30,1717041600,407.25164461967535,415.8105432140908,2024-06-11,1718078400,1.0,0
2024-05-30,1717041600,407.25164461967535,415.8105432140908,2024-06-12,1718164800,1.0,1
2024-06-13,1718251200,397.7969151947024,407.25164461967535,2024-06-13,1718251200,-1.0,0
2024-06-13,1718251200,397.7969151947024,407.25164461967535,2024-06-14,1718337600,-1.0,1
2024-06-17,1718596800,407.25164461967535,416.31163825651424,2024-06-17,1718596800,1.0,0
2024-06-17,1718596800,407.25164461967535,416.31163825651424,2024-06-18,1718683200,1.0,0
2024-06-17,1718596800,407.25164461967535,416.31163825651424,2024-06-20,1718856000,1.0,0
2024-06-17,1718596800,407.25164461967535,416.31163825651424,2024-06-21,1718942400,1.0,0
2024-06-17,1718596800,407.25164461967535,416.31163825651424,2024-06-24,1719201600,1.0,0
2024-06-17,1718596800,407.25164461967535,416.31163825651424,2024-06-25,1719288000,1.0,0
2024-06-17,1718596800,407.25164461967535,416.31163825651424,2024-06-26,1719374400,1.0,0
2024-06-17,1718596800,407.25164461967535,416.31163825651424,2024-06-27,1719460800,1.0,1
2024-06-28,1719547200,398.5669640164727,407.25164461967535,2024-06-28,1719547200,-1.0,0
2024-06-28,1719547200,398.5669640164727,407.25164461967535,2024-07-01,1719806400,-1.0,0
2024-06-28,1719547200,398.5669640164727,407.25164461967535,2024-07-02,1719892800,-1.0,0
2024-06-28,1719547200,398.5669640164727,407.25164461967535,2024-07-03,1719979200,-1.0,1
2024-07-05,1720152000,407.25164461967535,415.8653037384818,2024-07-05,1720152000,1.0,0
2024-07-05,1720152000,407.25164461967535,415.8653037384818,2024-07-08,1720411200,1.0,0
2024-07-05,1720152000,407.25164461967535,415.8653037384818,2024-07-09,1720497600,1.0,0
2024-07-05,1720152000,407.25164461967535,415.8653037384818,2024-07-10,1720584000,1.0,1
2024-07-11,1720670400,415.8653037384818,424.89701959625546,2024-07-11,1720670400,1.0,0
2024-07-11,1720670400,415.8653037384818,424.89701959625546,2024-07-12,1720756800,1.0,1
2024-07-15,1721016000,424.89701959625546,435.0400909226011,2024-07-15,1721016000,1.0,1
2024-07-16,1721102400,435.0400909226011,445.1055642970649,2024-07-16,1721102400,1.0,1
2024-07-17,1721188800,445.1055642970649,455.52050385906705,2024-07-17,1721188800,1.0,1
2024-07-18,1721275200,434.1899775609201,445.1055642970649,2024-07-18,1721275200,-1.0,0
2024-07-18,1721275200,434.1899775609201,445.1055642970649,2024-07-19,1721361600,-1.0,0
2024-07-18,1721275200,434.1899775609201,445.1055642970649,2024-07-22,1721620800,-1.0,1
2024-07-23,1721707200,423.1154447404718,434.1899775609201,2024-07-23,1721707200,-1.0,0
2024-07-23,1721707200,423.1154447404718,434.1899775609201,2024-07-24,1721793600,-1.0,0
2024-07-23,1721707200,423.1154447404718,434.1899775609201,2024-07-25,1721880000,-1.0,1
2024-07-26,1721966400,434.1899775609201,444.9315710764175,2024-07-26,1721966400,1.0,0
2024-07-26,1721966400,434.1899775609201,444.9315710764175,2024-07-29,1722225600,1.0,0
2024-07-26,1721966400,434.1899775609201,444.9315710764175,2024-07-30,1722312000,1.0,0
2024-07-26,1721966400,434.1899775609201,444.9315710764175,2024-07-31,1722398400,1.0,1
2024-08-01,1722484800,423.51644684985905,434.1899775609201,2024-08-01,1722484800,-1.0,0
2024-08-01,1722484800,423.51644684985905,434.1899775609201,2024-08-02,1722571200,-1.0,1
2024-08-05,1722830400,409.9291593489952,423.51644684985905,2024-08-05,1722830400,-1.0,0
2024-08-05,1722830400,409.9291593489952,423.51644684985905,2024-08-06,1722916800,-1.0,1
2024-08-07,1723003200,423.51644684985905,438.29054678682843,2024-08-07,1723003200,1.0,0
2024-08-07,1723003200,423.51644684985905,438.29054678682843,2024-08-08,1723089600,1.0,0
2024-08-07,1723003200,423.51644684985905,438.29054678682843,2024-08-09,1723176000,1.0,0
2024-08-07,1723003200,423.51644684985905,438.29054678682843,2024-08-12,1723435200,1.0,0
2024-08-07,1723003200,423.51644684985905,438.29054678682843,2024-08-13,1723521600,1.0,1
2024-08-14,1723608000,438.29054678682843,451.7888586266072,2024-08-14,1723608000,1.0,0
2024-08-14,1723608000,438.29054678682843,451.7888586266072,2024-08-15,1723694400,1.0,0
2024-08-14,1723608000,438.29054678682843,451.7888586266072,2024-08-16,1723780800,1.0,0
2024-08-14,1723608000,438.29054678682843,451.7888586266072,2024-08-19,1724040000,1.0,0
2024-08-14,1723608000,438.29054678682843,451.7888586266072,2024-08-20,1724126400,1.0,0
2024-08-14,1723608000,438.29054678682843,451.7888586266072,2024-08-21,1724212800,1.0,0
2024-08-14,1723608000,438.29054678682843,451.7888586266072,2024-08-22,1724299200,1.0,1
2024-08-23,1724385600,451.7888586266072,463.6239845455583,2024-08-23,1724385600,1.0,0
2024-08-23,1724385600,451.7888586266072,463.6239845455583,2024-08-26,1724644800,1.0,0
2024-08-23,1724385600,451.7888586266072,463.6239845455583,2024-08-27,1724731200,1.0,1
2024-08-28,1724817600,463.6239845455583,475.43335015194884,2024-08-28,1724817600,1.0,0
2024-08-28,1724817600,463.6239845455583,475.43335015194884,2024-08-29,1724904000,1.0,1
2024-08-30,1724990400,475.43335015194884,487.5368643737856,2024-08-30,1724990400,1.0,0
2024-08-30,1724990400,475.43335015194884,487.5368643737856,2024-09-03,1725336000,1.0,0
2024-08-30,1724990400,475.43335015194884,487.5368643737856,2024-09-04,1725422400,1.0,1
2024-09-05,1725508800,461.332645069815,475.43335015194884,2024-09-05,1725508800,-1.0,1
2024-09-06,1725595200,447.0022760649764,461.332645069815,2024-09-06,1725595200,-1.0,0
2024-09-06,1725595200,447.0022760649764,461.332645069815,2024-09-09,1725854400,-1.0,0
2024-09-06,1725595200,447.0022760649764,461.332645069815,2024-09-10,1725940800,-1.0,0
2024-09-06,1725595200,447.0022760649764,461.332645069815,2024-09-11,1726027200,-1.0,0
2024-09-06,1725595200,447.0022760649764,461.332645069815,2024-09-12,1726113600,-1.0,0
2024-09-06,1725595200,447.0022760649764,461.332645069815,2024-09-13,1726200000,-1.0,0
2024-09-06,1725595200,447.0022760649764,461.332645069815,2024-09-16,1726459200,-1.0,0
2024-09-06,1725595200,447.0022760649764,461.332645069815,2024-09-17,1726545600,-1.0,0
2024-09-06,1725595200,447.0022760649764,461.332645069815,2024-09-18,1726632000,-1.0,0
2024-09-06,1725595200,447.0022760649764,461.332645069815,2024-09-19,1726718400,-1.0,0
2024-09-06,1725595200,447.0022760649764,461.332645069815,2024-09-20,1726804800,-1.0,0
2024-09-06,1725595200,447.0022760649764,461.332645069815,2024-09-23,1727064000,-1.0,0
2024-09-06,1725595200,447.0022760649764,461.332645069815,2024-09-24,1727150400,-1.0,0
2024-09-06,1725595200,447.0022760649764,461.332645069815,2024-09-25,1727236800,-1.0,0
2024-09-06,1725595200,447.0022760649764,461.332645069815,2024-09-26,1727323200,-1.0,0
2024-09-06,1725595200,447.0022760649764,461.332645069815,2024-09-27,1727409600,-1.0,0
2024-09-06,1725595200,447.0022760649764,461.332645069815,2024-09-30,1727668800,-1.0,0
2024-09-06,1725595200,447.0022760649764,461.332645069815,2024-10-01,1727755200,-1.0,0
2024-09-06,1725595200,447.0022760649764,461.332645069815,2024-10-02,1727841600,-1.0,0
2024-09-06,1725595200,447.0022760649764,461.332645069815,2024-10-03,1727928000,-1.0,1
2024-10-04,1728014400,461.332645069815,473.0263762298524,2024-10-04,1728014400,1.0,1
2024-10-07,1728273600,449.19747899263734,461.332645069815,2024-10-07,1728273600,-1.0,0
2024-10-07,1728273600,449.19747899263734,461.332645069815,2024-10-08,1728360000,-1.0,0
2024-10-07,1728273600,449.19747899263734,461.332645069815,2024-10-09,1728446400,-1.0,0
2024-10-07,1728273600,449.19747899263734,461.332645069815,2024-10-10,1728532800,-1.0,0
2024-10-07,1728273600,449.19747899263734,461.332645069815,2024-10-11,1728619200,-1.0,0
2024-10-07,1728273600,449.19747899263734,461.332645069815,2024-10-14,1728878400,-1.0,1
2024-10-15,1728964800,461.332645069815,472.8186727116213,2024-10-15,1728964800,1.0,0
2024-10-15,1728964800,461.332645069815,472.8186727116213,2024-10-16,1729051200,1.0,0
2024-10-15,1728964800,461.332645069815,472.8186727116213,2024-10-17,1729137600,1.0,0
2024-10-15,1728964800,461.332645069815,472.8186727116213,2024-10-18,1729224000,1.0,0
2024-10-15,1728964800,461.332645069815,472.8186727116213,2024-10-21,1729483200,1.0,0
2024-10-15,1728964800,461.332645069815,472.8186727116213,2024-10-22,1729569600,1.0,1
2024-10-23,1729656000,450.96808136555495,461.332645069815,2024-10-23,1729656000,-1.0,0
2024-10-23,1729656000,450.96808136555495,461.332645069815,2024-10-24,1729742400,-1.0,0
2024-10-23,1729656000,450.96808136555495,461.332645069815,2024-10-25,1729828800,-1.0,0
2024-10-23,1729656000,450.96808136555495,461.332645069815,2024-10-28,1730088000,-1.0,0
2024-10-23,1729656000,450.96808136555495,461.332645069815,2024-10-29,1730174400,-1.0,0
2024-10-23,1729656000,450.96808136555495,461.332645069815,2024-10-30,1730260800,-1.0,1
2024-10-31,1730347200,440.7745319381592,450.96808136555495,2024-10-31,1730347200,-1.0,1
2024-11-01,1730433600,450.96808136555495,461.001805833851,2024-11-01,1730433600,1.0,1
2024-11-04,1730696400,439.82019435928004,450.96808136555495,2024-11-04,1730696400,-1.0,0
2024-11-04,1730696400,439.82019435928004,450.96808136555495,2024-11-05,1730782800,-1.0,1
2024-11-06,1730869200,450.96808136555495,464.184790059741,2024-11-06,1730869200,1.0,0
2024-11-06,1730869200,450.96808136555495,464.184790059741,2024-11-07,1730955600,1.0,0
2024-11-06,1730869200,450.96808136555495,464.184790059741,2024-11-08,1731042000,1.0,1
2024-11-11,1731301200,464.184790059741,477.4730467073819,2024-11-11,1731301200,1.0,0
2024-11-11,1731301200,464.184790059741,477.4730467073819,2024-11-12,1731387600,1.0,0
2024-11-11,1731301200,464.184790059741,477.4730467073819,2024-11-13,1731474000,1.0,0
2024-11-11,1731301200,464.184790059741,477.4730467073819,2024-11-14,1731560400,1.0,0
2024-11-11,1731301200,464.184790059741,477.4730467073819,2024-11-15,1731646800,1.0,0
2024-11-11,1731301200,464.184790059741,477.4730467073819,2024-11-18,1731906000,1.0,0
2024-11-11,1731301200,464.184790059741,477.4730467073819,2024-11-19,1731992400,1.0,0
2024-11-11,1731301200,464.184790059741,477.4730467073819,2024-11-20,1732078800,1.0,0
2024-11-11,1731301200,464.184790059741,477.4730467073819,2024-11-21,1732165200,1.0,0
2024-11-11,1731301200,464.184790059741,477.4730467073819,2024-11-22,1732251600,1.0,0
2024-11-11,1731301200,464.184790059741,477.4730467073819,2024-11-25,1732510800,1.0,1
2024-11-26,1732597200,477.4730467073819,489.0395243986184,2024-11-26,1732597200,1.0,0
2024-11-26,1732597200,477.4730467073819,489.0395243986184,2024-11-27,1732683600,1.0,0
2024-11-26,1732597200,477.4730467073819,489.0395243986184,2024-11-29,1732856400,1.0,1
2024-12-02,1733115600,464.9566977687352,477.4730467073819,2024-12-02,1733115600,-1.0,0
2024-12-02,1733115600,464.9566977687352,477.4730467073819,2024-12-03,1733202000,-1.0,0
2024-12-02,1733115600,464.9566977687352,477.4730467073819,2024-12-04,1733288400,-1.0,0
2024-12-02,1733115600,464.9566977687352,477.4730467073819,2024-12-05,1733374800,-1.0,0
2024-12-02,1733115600,464.9566977687352,477.4730467073819,2024-12-06,1733461200,-1.0,1
2024-12-09,1733720400,452.8468774604616,464.9566977687352,2024-12-09,1733720400,-1.0,0
2024-12-09,1733720400,452.8468774604616,464.9566977687352,2024-12-10,1733806800,-1.0,0
2024-12-09,1733720400,452.8468774604616,464.9566977687352,2024-12-11,1733893200,-1.0,0
2024-12-09,1733720400,452.8468774604616,464.9566977687352,2024-12-12,1733979600,-1.0,0
2024-12-09,1733720400,452.8468774604616,464.9566977687352,2024-12-13,1734066000,-1.0,0
2024-12-09,1733720400,452.8468774604616,464.9566977687352,2024-12-16,1734325200,-1.0,0
2024-12-09,1733720400,452.8468774604616,464.9566977687352,2024-12-17,1734411600,-1.0,1
2024-12-18,1734498000,440.88776507358625,452.8468774604616,2024-12-18,1734498000,-1.0,0
2024-12-18,1734498000,440.88776507358625,452.8468774604616,2024-12-19,1734584400,-1.0,1
2024-12-20,1734670800,452.8468774604616,465.4927753858796,2024-12-20,1734670800,1.0,0
2024-12-20,1734670800,452.8468774604616,465.4927753858796,2024-12-23,1734930000,1.0,0
2024-12-20,1734670800,452.8468774604616,465.4927753858796,2024-12-24,1735016400,1.0,0
2024-12-20,1734670800,452.8468774604616,465.4927753858796,2024-12-26,1735189200,1.0,0
2024-12-20,1734670800,452.8468774604616,465.4927753858796,2024-12-27,1735275600,1.0,1
2024-12-30,1735534800,441.0127037582426,452.8468774604616,2024-12-30,1735534800,-1.0,1
2024-12-31,1735621200,452.8468774604616,464.2497530410935,2024-12-31,1735621200,1.0,1
2025-01-02,1735794000,441.3765058498748,452.8468774604616,2025-01-02,1735794000,-1.0,1
2025-01-03,1735880400,452.8468774604616,464.06453824172075,2025-01-03,1735880400,1.0,1
2025-01-06,1736139600,441.70149102072094,452.8468774604616,2025-01-06,1736139600,-1.0,1
2025-01-07,1736226000,452.8468774604616,463.8923791545065,2025-01-07,1736226000,1.0,1
2025-01-08,1736312400,442.0284830302771,452.8468774604616,2025-01-08,1736312400,-1.0,0
2025-01-08,1736312400,442.0284830302771,452.8468774604616,2025-01-10,1736485200,-1.0,0
2025-01-08,1736312400,442.0284830302771,452.8468774604616,2025-01-13,1736744400,-1.0,0
2025-01-08,1736312400,442.0284830302771,452.8468774604616,2025-01-14,1736830800,-1.0,1
2025-01-15,1736917200,452.8468774604616,464.57249000004146,2025-01-15,1736917200,1.0,0
2025-01-15,1736917200,452.8468774604616,464.57249000004146,2025-01-16,1737003600,1.0,1
2025-01-17,1737090000,464.57249000004146,476.2324274448833,2025-01-17,1737090000,1.0,0
2025-01-17,1737090000,464.57249000004146,476.2324274448833,2025-01-21,1737435600,1.0,1
2025-01-22,1737522000,452.1182480195401,464.57249000004146,2025-01-22,1737522000,-1.0,0
2025-01-22,1737522000,452.1182480195401,464.57249000004146,2025-01-23,1737608400,-1.0,0
2025-01-22,1737522000,452.1182480195401,464.57249000004146,2025-01-24,1737694800,-1.0,1
2025-01-27,1737954000,464.57249000004146,477.6063754341382,2025-01-27,1737954000,1.0,0
2025-01-27,1737954000,464.57249000004146,477.6063754341382,2025-01-28,1738040400,1.0,0
2025-01-27,1737954000,464.57249000004146,477.6063754341382,2025-01-29,1738126800,1.0,0
2025-01-27,1737954000,464.57249000004146,477.6063754341382,2025-01-30,1738213200,1.0,0
2025-01-27,1737954000,464.57249000004146,477.6063754341382,2025-01-31,1738299600,1.0,0
2025-01-27,1737954000,464.57249000004146,477.6063754341382,2025-02-03,1738558800,1.0,0
2025-01-27,1737954000,464.57249000004146,477.6063754341382,2025-02-04,1738645200,1.0,0
2025-01-27,1737954000,464.57249000004146,477.6063754341382,2025-02-05,1738731600,1.0,0
2025-01-27,1737954000,464.57249000004146,477.6063754341382,2025-02-06,1738818000,1.0,0
2025-01-27,1737954000,464.57249000004146,477.6063754341382,2025-02-07,1738904400,1.0,0
2025-01-27,1737954000,464.57249000004146,477.6063754341382,2025-02-10,1739163600,1.0,0
2025-01-27,1737954000,464.57249000004146,477.6063754341382,2025-02-11,1739250000,1.0,0
2025-01-27,1737954000,464.57249000004146,477.6063754341382,2025-02-12,1739336400,1.0,0
