unix,date,open,high,low,close,volume_base
1451883600,2016-01-04,26.13,26.29,25.94,26.16,3112910.0
1451970000,2016-01-05,26.15,26.49,25.79,26.43,2255437.0
1452056400,2016-01-06,26.27,26.82,26.19,26.71,5415418.0
1452142800,2016-01-07,26.46,26.87,26.42,26.81,5413773.0
1452229200,2016-01-08,26.81,26.93,26.44,26.52,3212709.0
1452488400,2016-01-11,26.55,26.83,26.54,26.73,3996817.0
1452574800,2016-01-12,26.81,26.9,26.29,26.63,3530571.0
1452661200,2016-01-13,26.6,26.88,26.42,26.46,5042266.0
1452747600,2016-01-14,26.51,27.07,26.49,26.9,3970096.0
1452834000,2016-01-15,26.55,26.92,26.38,26.75,4348130.0
1453179600,2016-01-19,26.92,27.37,26.8,27.27,5765972.0
1453266000,2016-01-20,27.19,27.29,26.46,26.84,5756940.0
1453352400,2016-01-21,26.86,27.16,26.32,26.48,5599078.0
1453438800,2016-01-22,26.61,26.87,26.39,26.85,4695789.0
1453698000,2016-01-25,26.86,26.94,26.6,26.77,2468710.0
1453784400,2016-01-26,26.86,27.18,26.68,26.95,2920087.0
1453870800,2016-01-27,26.93,27.24,26.67,26.88,4013363.0
1453957200,2016-01-28,26.65,27.73,26.46,27.53,3414072.0
1454043600,2016-01-29,27.51,28.04,27.48,28.01,6060497.0
1454302800,2016-02-01,27.92,28.39,27.78,28.26,6244093.0
1454389200,2016-02-02,28.09,28.58,28.06,28.57,5186384.0
1454475600,2016-02-03,28.49,28.9,26.57,28.77,8481691.0
1454562000,2016-02-04,28.68,28.95,28.45,28.63,5702814.0
1454648400,2016-02-05,28.52,29.04,28.19,28.97,5333620.0
1454907600,2016-02-08,28.7,29.47,28.48,28.77,7289805.0
1454994000,2016-02-09,28.76,29.13,28.6,29.04,4377970.0
1455080400,2016-02-10,28.95,29.15,28.42,28.84,5026502.0
1455166800,2016-02-11,28.8,28.92,28.49,28.58,4783518.0
1455253200,2016-02-12,28.61,28.8,28.19,28.45,4294925.0
1455598800,2016-02-16,28.52,28.52,28.16,28.46,3375879.0
1455685200,2016-02-17,28.54,28.55,28.22,28.54,4562913.0
1455771600,2016-02-18,28.6,29.18,28.51,29.05,4020659.0
1455858000,2016-02-19,29.11,29.11,28.74,28.82,4919773.0
1456117200,2016-02-22,28.93,29.14,28.78,29.07,2654924.0
1456203600,2016-02-23,28.99,29.24,28.85,29.19,3058777.0
1456290000,2016-02-24,29.21,29.53,29.0,29.25,3024378.0
1456376400,2016-02-25,29.28,29.63,29.18,29.46,3161225.0
1456462800,2016-02-26,29.29,29.39,28.69,28.78,5317565.0
1456722000,2016-02-29,28.74,29.26,28.74,28.98,6640555.0
1456808400,2016-03-01,29.07,29.24,28.61,28.92,5233815.0
1456894800,2016-03-02,28.76,29.04,28.04,29.01,5221602.0
1456981200,2016-03-03,28.97,29.04,28.61,29.02,3379274.0
1457067600,2016-03-04,28.84,29.37,28.64,29.27,5403065.0
1457326800,2016-03-07,29.23,29.47,29.13,29.36,4254210.0
1457413200,2016-03-08,29.43,29.81,29.26,29.8,4466430.0
1457499600,2016-03-09,29.78,30.0,29.7,29.84,3808572.0
1457586000,2016-03-10,29.81,29.95,29.56,29.86,3544973.0
1457672400,2016-03-11,29.93,30.12,29.78,29.84,3443907.0
1457928000,2016-03-14,29.84,29.98,29.68,29.87,3534612.0
1458014400,2016-03-15,29.93,30.15,29.78,29.93,2588034.0
1458100800,2016-03-16,29.84,30.33,29.63,30.24,2465751.0
1458187200,2016-03-17,30.3,30.74,30.09,30.67,3295805.0
1458273600,2016-03-18,30.69,30.75,30.35,30.35,6753284.0
1458532800,2016-03-21,30.2,30.5,30.0,30.34,2524381.0
1458619200,2016-03-22,30.34,30.45,30.12,30.13,2763600.0
1458705600,2016-03-23,30.12,30.51,29.99,30.39,2795017.0
1458792000,2016-03-24,30.39,30.59,30.26,30.47,2524822.0
1459137600,2016-03-28,30.55,30.74,30.33,30.42,1725241.0
1459224000,2016-03-29,30.49,30.81,30.38,30.79,3297273.0
1459310400,2016-03-30,30.77,30.81,30.54,30.72,2205865.0
1459396800,2016-03-31,30.75,30.93,30.66,30.91,3625869.0
1459483200,2016-04-01,30.81,31.06,30.7,31.0,2998253.0
1459742400,2016-04-04,31.05,31.07,30.61,30.94,2390638.0
1459828800,2016-04-05,30.8,30.93,30.2,30.26,4692684.0
1459915200,2016-04-06,30.21,30.24,29.95,30.19,3375357.0
1460001600,2016-04-07,30.1,30.35,30.02,30.15,3481376.0
1460088000,2016-04-08,30.23,30.48,30.21,30.31,2229751.0
1460347200,2016-04-11,30.32,30.47,30.12,30.15,2400735.0
1460433600,2016-04-12,30.17,30.35,30.04,30.29,3292056.0
1460520000,2016-04-13,30.36,30.4,29.84,30.07,2775316.0
1460606400,2016-04-14,29.98,30.14,29.9,29.99,2220956.0
1460692800,2016-04-15,30.06,30.27,29.97,30.18,3160736.0
1460952000,2016-04-18,30.18,30.4,30.01,30.4,2207329.0
1461038400,2016-04-19,30.46,30.5,30.16,30.42,3024193.0
1461124800,2016-04-20,30.46,30.6,29.36,29.36,5162731.0
1461211200,2016-04-21,29.34,29.36,28.4,28.53,8592981.0
1461297600,2016-04-22,28.68,28.89,28.65,28.86,5360683.0
1461556800,2016-04-25,28.79,28.96,28.68,28.93,3416034.0
1461643200,2016-04-26,28.97,29.09,28.87,28.96,3517532.0
1461729600,2016-04-27,29.05,29.55,28.99,29.35,4604985.0
1461816000,2016-04-28,29.09,29.53,28.94,29.52,3323066.0
1461902400,2016-04-29,29.32,29.64,29.08,29.58,4346387.0
1462161600,2016-05-02,29.78,30.11,29.64,29.94,3288487.0
1462248000,2016-05-03,29.85,30.1,29.78,29.97,2634382.0
1462334400,2016-05-04,29.89,30.5,29.89,30.31,3581606.0
1462420800,2016-05-05,30.23,30.52,30.04,30.18,3171524.0
1462507200,2016-05-06,30.16,30.18,29.69,29.9,3851837.0
1462766400,2016-05-09,29.93,30.53,29.92,30.42,4314879.0
1462852800,2016-05-10,30.53,30.72,30.32,30.57,3298325.0
1462939200,2016-05-11,30.66,30.73,30.38,30.58,2519541.0
1463025600,2016-05-12,30.57,31.03,30.44,30.93,3920414.0
1463112000,2016-05-13,30.9,30.94,30.58,30.83,2861837.0
1463371200,2016-05-16,30.74,30.86,30.58,30.86,2941918.0
1463457600,2016-05-17,30.75,30.82,30.04,30.2,3451659.0
1463544000,2016-05-18,30.01,30.32,29.52,29.63,3931251.0
1463630400,2016-05-19,29.5,29.95,29.33,29.94,2651170.0
1463716800,2016-05-20,30.06,30.09,29.7,29.91,3290489.0
1463976000,2016-05-23,29.98,30.03,29.59,29.61,2605379.0
1464062400,2016-05-24,29.64,30.01,29.61,29.98,2449734.0
1464148800,2016-05-25,29.89,29.96,29.69,29.84,2909418.0
1464235200,2016-05-26,29.87,30.26,29.81,30.22,2568016.0
1464321600,2016-05-27,30.27,30.35,30.07,30.24,2265543.0
1464667200,2016-05-31,30.35,30.6,30.12,30.57,5582669.0
1464753600,2016-06-01,30.54,30.72,30.49,30.72,2779422.0
1464840000,2016-06-02,30.61,30.66,30.29,30.6,2461226.0
1464926400,2016-06-03,30.86,31.34,30.86,31.18,2866687.0
1465185600,2016-06-06,31.18,31.32,30.9,31.08,2459013.0
1465272000,2016-06-07,31.1,31.25,30.97,31.05,2382298.0
1465358400,2016-06-08,30.92,31.18,30.92,31.17,2397582.0
1465444800,2016-06-09,31.17,31.59,31.17,31.56,3165455.0
1465531200,2016-06-10,31.55,31.71,31.46,31.59,3024174.0
1465790400,2016-06-13,31.67,31.76,31.48,31.57,3390778.0
1465876800,2016-06-14,31.6,31.88,31.37,31.88,3249184.0
1465963200,2016-06-15,31.88,31.95,31.41,31.54,3305353.0
1466049600,2016-06-16,31.7,32.0,31.57,31.91,4149652.0
1466136000,2016-06-17,31.84,31.99,31.57,31.92,4553610.0
1466395200,2016-06-20,31.94,31.99,31.49,31.85,3131150.0
1466481600,2016-06-21,31.83,32.11,31.7,31.91,2442400.0
1466568000,2016-06-22,31.96,32.02,31.76,31.79,2582637.0
1466654400,2016-06-23,31.82,31.85,31.61,31.81,2737321.0
1466740800,2016-06-24,31.54,32.53,31.47,32.26,7816679.0
1467000000,2016-06-27,32.18,32.69,32.12,32.57,5789760.0
1467086400,2016-06-28,32.54,32.64,32.12,32.59,2922962.0
1467172800,2016-06-29,32.75,32.86,32.49,32.67,2744210.0
1467259200,2016-06-30,32.72,33.36,32.61,33.36,4129266.0
1467345600,2016-07-01,33.52,33.54,32.97,33.36,2489268.0
1467691200,2016-07-05,33.36,33.76,33.36,33.72,3686982.0
1467777600,2016-07-06,33.65,33.83,33.45,33.77,3982386.0
1467864000,2016-07-07,33.64,33.69,32.94,33.02,4411812.0
1467950400,2016-07-08,32.96,33.23,32.54,33.22,5106175.0
1468209600,2016-07-11,33.11,33.13,32.72,33.08,3414443.0
1468296000,2016-07-12,32.9,32.96,32.4,32.4,4377942.0
1468382400,2016-07-13,32.58,32.83,32.55,32.74,3824890.0
1468468800,2016-07-14,32.49,32.66,32.36,32.49,4109355.0
1468555200,2016-07-15,32.53,32.76,32.43,32.59,3835053.0
1468814400,2016-07-18,32.59,32.82,32.55,32.67,3070871.0
1468900800,2016-07-19,32.67,32.73,32.51,32.62,2575519.0
1468987200,2016-07-20,32.65,32.71,32.4,32.49,2653488.0
1469073600,2016-07-21,32.38,32.71,32.28,32.69,3262970.0
1469160000,2016-07-22,32.66,33.08,32.57,33.02,3468918.0
1469419200,2016-07-25,33.02,33.06,32.8,32.96,2073933.0
1469505600,2016-07-26,33.05,33.05,32.48,32.62,2938026.0
1469592000,2016-07-27,32.52,32.63,32.11,32.4,2988578.0
1469678400,2016-07-28,32.4,32.68,32.3,32.6,2329136.0
1469764800,2016-07-29,32.58,32.9,32.58,32.76,3415339.0
1470024000,2016-08-01,32.67,32.87,32.61,32.73,3421451.0
1470110400,2016-08-02,32.68,32.7,32.37,32.57,3793926.0
1470196800,2016-08-03,32.42,32.57,32.02,32.15,3470554.0
1470283200,2016-08-04,32.15,32.53,32.15,32.26,3023280.0
1470369600,2016-08-05,32.19,32.2,31.71,31.79,3517561.0
1470628800,2016-08-08,31.86,32.05,31.61,31.71,2688685.0
1470715200,2016-08-09,31.71,31.92,31.61,31.77,3256521.0
1470801600,2016-08-10,31.84,31.92,31.7,31.8,1614435.0
1470888000,2016-08-11,31.8,31.88,31.67,31.82,3140342.0
1470974400,2016-08-12,31.85,32.1,31.85,31.88,2116698.0
1471233600,2016-08-15,31.93,31.99,31.35,31.38,2268402.0
1471320000,2016-08-16,31.3,31.32,30.97,31.02,3737261.0
1471406400,2016-08-17,30.95,31.61,30.76,31.53,5344730.0
1471492800,2016-08-18,31.47,32.01,31.47,32.0,3742293.0
1471579200,2016-08-19,31.85,31.95,31.42,31.6,2775788.0
1471838400,2016-08-22,31.69,31.85,31.61,31.72,2089944.0
1471924800,2016-08-23,31.82,31.94,31.41,31.43,2725425.0
1472011200,2016-08-24,31.37,31.48,31.14,31.44,2237619.0
1472097600,2016-08-25,31.47,31.64,31.35,31.5,1923088.0
1472184000,2016-08-26,31.49,31.69,30.79,30.83,3044437.0
1472443200,2016-08-29,30.93,31.18,30.93,31.06,2168361.0
1472529600,2016-08-30,31.06,31.22,30.66,30.68,3084400.0
1472616000,2016-08-31,30.72,30.83,30.59,30.81,3020621.0
1472702400,2016-09-01,30.79,30.89,30.62,30.74,2862703.0
1472788800,2016-09-02,30.78,31.16,30.7,31.07,2808865.0
1473134400,2016-09-06,31.28,31.53,31.12,31.44,2827970.0
1473220800,2016-09-07,31.43,31.63,31.17,31.57,3750920.0
1473307200,2016-09-08,31.49,31.74,31.39,31.56,3074769.0
1473393600,2016-09-09,31.3,31.3,30.37,30.38,4443189.0
1473652800,2016-09-12,30.39,30.93,30.39,30.85,3848542.0
1473739200,2016-09-13,30.95,30.95,30.3,30.5,3766460.0
1473825600,2016-09-14,30.6,30.92,30.46,30.62,2837860.0
1473912000,2016-09-15,30.52,30.76,30.47,30.69,3175949.0
1473998400,2016-09-16,30.55,30.99,30.47,30.95,4704101.0
1474257600,2016-09-19,31.09,31.38,30.97,31.31,4045145.0
1474344000,2016-09-20,31.43,31.53,31.17,31.19,3221998.0
1474430400,2016-09-21,31.2,32.01,31.19,31.96,3714332.0
1474516800,2016-09-22,32.11,32.26,31.93,32.23,3168945.0
1474603200,2016-09-23,32.13,32.48,32.01,32.35,4525899.0
1474862400,2016-09-26,32.31,32.47,32.19,32.38,4584998.0
1474948800,2016-09-27,32.46,32.67,31.76,31.83,3538016.0
1475035200,2016-09-28,31.91,31.92,31.44,31.74,2679117.0
1475121600,2016-09-29,31.61,31.65,31.15,31.41,4387615.0
1475208000,2016-09-30,31.53,31.65,30.74,30.9,4601839.0
1475467200,2016-10-03,30.84,30.9,30.27,30.48,3251264.0
1475553600,2016-10-04,30.47,30.47,29.53,29.74,4879174.0
1475640000,2016-10-05,29.85,30.21,29.59,29.68,4400381.0
1475726400,2016-10-06,29.52,29.84,29.36,29.76,3951335.0
1475812800,2016-10-07,29.91,30.24,29.66,29.75,4917702.0
1476072000,2016-10-10,29.81,29.98,29.72,29.96,2056680.0
1476158400,2016-10-11,29.91,29.96,29.54,29.63,4383889.0
1476244800,2016-10-12,29.67,29.98,29.67,29.84,3406597.0
1476331200,2016-10-13,29.87,30.51,29.84,30.3,4450892.0
1476417600,2016-10-14,30.15,30.44,30.05,30.08,2742124.0
1476676800,2016-10-17,30.23,30.39,30.15,30.3,2994293.0
1476763200,2016-10-18,30.5,30.67,30.08,30.45,2855937.0
1476849600,2016-10-19,30.45,30.46,30.14,30.29,2732984.0
1476936000,2016-10-20,30.34,30.53,30.2,30.34,2932395.0
1477022400,2016-10-21,30.19,30.26,29.86,30.01,2676102.0
1477281600,2016-10-24,30.15,30.25,29.95,30.2,1916218.0
1477368000,2016-10-25,30.11,30.44,30.07,30.41,2950166.0
1477454400,2016-10-26,30.38,30.58,30.21,30.5,2765980.0
1477540800,2016-10-27,30.29,30.58,30.15,30.38,2627959.0
1477627200,2016-10-28,30.43,30.66,30.32,30.56,2908933.0
1477886400,2016-10-31,30.66,31.4,30.63,31.21,3182035.0
1477972800,2016-11-01,31.23,31.25,30.59,30.69,2925765.0
1478059200,2016-11-02,30.58,30.61,30.14,30.39,4262783.0
1478145600,2016-11-03,30.31,30.64,30.21,30.51,2406176.0
1478232000,2016-11-04,30.63,30.9,30.3,30.32,2563328.0
1478494800,2016-11-07,30.49,30.92,30.14,30.91,2096564.0
1478581200,2016-11-08,30.96,31.36,30.96,31.19,2714885.0
1478667600,2016-11-09,30.75,30.75,29.67,29.73,7016696.0
1478754000,2016-11-10,29.61,29.61,28.54,29.06,8328360.0
1478840400,2016-11-11,29.03,29.57,29.03,29.18,3318522.0
1479099600,2016-11-14,28.97,29.04,28.69,28.93,5374974.0
1479186000,2016-11-15,29.06,29.64,29.06,29.48,3752297.0
1479272400,2016-11-16,29.48,29.68,29.11,29.3,2174716.0
1479358800,2016-11-17,29.12,29.45,29.1,29.3,2465785.0
1479445200,2016-11-18,29.27,29.45,29.06,29.2,2636693.0
1479704400,2016-11-21,29.34,29.57,29.21,29.55,2803543.0
1479790800,2016-11-22,29.56,29.74,29.36,29.51,4271961.0
1479877200,2016-11-23,29.2,29.54,29.07,29.12,3055101.0
1480050000,2016-11-25,29.26,29.75,29.26,29.69,1381321.0
1480309200,2016-11-28,29.78,30.34,29.78,30.29,2573997.0
1480395600,2016-11-29,30.19,30.65,30.17,30.41,2813016.0
1480482000,2016-11-30,30.03,30.03,29.3,29.3,4087947.0
1480568400,2016-12-01,29.14,29.15,28.72,28.95,2570035.0
1480654800,2016-12-02,28.96,29.33,28.92,29.1,2932084.0
1480914000,2016-12-05,28.97,29.15,28.71,29.14,2099106.0
1481000400,2016-12-06,29.24,29.31,29.06,29.12,2362948.0
1481086800,2016-12-07,29.16,29.58,29.14,29.56,3274840.0
1481173200,2016-12-08,29.33,29.59,29.17,29.48,3136518.0
1481259600,2016-12-09,29.48,29.95,29.45,29.93,2928635.0
1481518800,2016-12-12,29.84,30.47,29.77,30.4,3191329.0
1481605200,2016-12-13,30.53,30.63,30.3,30.59,3465040.0
1481691600,2016-12-14,30.71,30.9,30.01,30.08,3846287.0
1481778000,2016-12-15,29.95,30.24,29.74,30.21,2727079.0
1481864400,2016-12-16,30.23,30.67,30.23,30.57,4841467.0
1482123600,2016-12-19,30.67,30.75,30.39,30.62,2348086.0
1482210000,2016-12-20,30.63,30.84,30.52,30.78,3172946.0
1482296400,2016-12-21,30.78,30.95,30.72,30.73,2255054.0
1482382800,2016-12-22,30.7,30.85,30.52,30.81,1732644.0
1482469200,2016-12-23,30.9,30.95,30.69,30.81,983769.0
1482814800,2016-12-27,30.73,30.93,30.66,30.85,983348.0
1482901200,2016-12-28,30.84,30.85,30.49,30.52,1161863.0
1482987600,2016-12-29,30.63,31.06,30.57,31.01,1551151.0
1483074000,2016-12-30,31.06,31.11,30.72,30.83,2256721.0
1483419600,2017-01-03,30.86,30.93,30.54,30.77,2268111.0
1483506000,2017-01-04,30.84,31.04,30.75,30.9,2742416.0
1483592400,2017-01-05,30.96,31.05,30.66,30.9,2779911.0
1483678800,2017-01-06,30.78,31.1,30.76,30.99,1858476.0
1483938000,2017-01-09,31.15,31.18,30.5,30.53,2079362.0
1484024400,2017-01-10,30.58,30.58,30.33,30.52,1946374.0
1484110800,2017-01-11,30.56,30.86,30.49,30.82,2011478.0
1484197200,2017-01-12,30.81,30.99,30.63,30.94,2768448.0
1484283600,2017-01-13,30.8,30.92,30.62,30.79,2670812.0
1484629200,2017-01-17,30.96,31.29,30.87,31.21,2088026.0
1484715600,2017-01-18,31.13,31.38,31.06,31.31,2678703.0
1484802000,2017-01-19,31.13,31.34,30.92,30.97,2604732.0
1484888400,2017-01-20,31.06,31.16,30.84,31.11,2677514.0
1485147600,2017-01-23,31.18,31.24,30.88,30.91,2967226.0
1485234000,2017-01-24,30.88,30.99,30.78,30.9,2208994.0
1485320400,2017-01-25,30.77,30.91,30.68,30.88,2283875.0
1485406800,2017-01-26,30.87,31.14,30.81,30.99,2992161.0
1485493200,2017-01-27,31.06,31.14,30.78,30.84,2799838.0
1485752400,2017-01-30,30.93,30.97,30.68,30.85,2718942.0
1485838800,2017-01-31,30.95,31.31,30.87,31.3,3558023.0
1485925200,2017-02-01,31.04,31.24,30.71,30.78,2901056.0
1486011600,2017-02-02,30.83,31.41,30.62,31.35,3589990.0
1486098000,2017-02-03,31.4,31.59,31.32,31.4,2300494.0
1486357200,2017-02-06,31.46,31.55,31.29,31.43,2934861.0
1486443600,2017-02-07,31.43,31.62,31.39,31.56,3121758.0
1486530000,2017-02-08,31.6,31.96,31.59,31.86,2941808.0
1486616400,2017-02-09,31.77,31.99,31.52,31.63,2788066.0
1486702800,2017-02-10,31.52,31.81,31.46,31.77,2179675.0
1486962000,2017-02-13,31.8,31.92,31.64,31.84,2899167.0
1487048400,2017-02-14,31.83,31.83,31.43,31.6,2342743.0
1487134800,2017-02-15,31.43,31.54,31.18,31.52,2142070.0
1487221200,2017-02-16,31.57,31.75,31.49,31.73,2192448.0
1487307600,2017-02-17,31.76,31.87,31.59,31.81,2589249.0
1487653200,2017-02-21,31.77,32.19,31.64,32.14,1991555.0
1487739600,2017-02-22,32.06,32.31,31.99,32.18,2939513.0
1487826000,2017-02-23,32.35,32.56,32.21,32.53,3786357.0
1487912400,2017-02-24,32.83,32.98,32.53,32.83,3327530.0
1488171600,2017-02-27,32.87,32.95,32.7,32.81,2524947.0
1488258000,2017-02-28,32.74,33.19,32.71,33.11,2888356.0
1488344400,2017-03-01,32.61,33.15,32.58,32.95,3706664.0
1488430800,2017-03-02,32.84,33.4,32.75,33.21,2713558.0
1488517200,2017-03-03,33.23,33.23,32.84,33.12,2321212.0
1488776400,2017-03-06,33.06,33.18,32.96,33.04,2322822.0
1488862800,2017-03-07,32.96,33.31,32.96,33.19,3478298.0
1488949200,2017-03-08,32.96,32.99,32.52,32.61,2497373.0
1489035600,2017-03-09,32.64,32.81,32.56,32.62,2074665.0
1489122000,2017-03-10,32.74,32.96,32.66,32.95,3357106.0
1489377600,2017-03-13,32.96,33.08,32.86,33.02,2905632.0
1489464000,2017-03-14,32.97,33.11,32.92,33.03,2392917.0
1489550400,2017-03-15,33.15,33.83,33.14,33.64,3620723.0
1489636800,2017-03-16,33.56,33.56,33.19,33.28,2963297.0
1489723200,2017-03-17,33.4,33.66,33.31,33.49,4461339.0
1489982400,2017-03-20,33.53,33.64,33.19,33.29,1874707.0
1490068800,2017-03-21,33.26,33.96,33.26,33.88,3754784.0
1490155200,2017-03-22,34.03,34.32,33.85,33.99,4313377.0
1490241600,2017-03-23,33.99,34.32,33.89,34.05,3512921.0
1490328000,2017-03-24,34.0,34.32,33.97,34.19,2406773.0
1490587200,2017-03-27,34.27,34.41,34.04,34.19,2678050.0
1490673600,2017-03-28,34.11,34.34,34.08,34.32,4396924.0
1490760000,2017-03-29,34.23,34.23,33.9,33.96,2819971.0
1490846400,2017-03-30,33.86,33.9,33.67,33.84,2294853.0
1490932800,2017-03-31,33.84,34.09,33.8,33.95,2831368.0
1491192000,2017-04-03,33.91,33.92,33.61,33.91,2650541.0
1491278400,2017-04-04,33.86,34.1,33.83,33.99,1881631.0
1491364800,2017-04-05,33.98,34.26,33.89,34.23,3377902.0
1491451200,2017-04-06,34.1,34.18,33.96,34.06,2739639.0
1491537600,2017-04-07,34.13,34.22,33.91,33.91,3789063.0
1491796800,2017-04-10,33.97,34.07,33.77,34.05,1823512.0
1491883200,2017-04-11,34.0,34.11,33.74,34.05,2094719.0
1491969600,2017-04-12,33.93,34.32,33.83,34.29,2828552.0
1492056000,2017-04-13,34.25,34.39,34.04,34.23,2588256.0
1492401600,2017-04-17,34.35,34.45,34.26,34.43,2036576.0
1492488000,2017-04-18,34.45,34.59,34.36,34.45,2384594.0
1492574400,2017-04-19,34.44,34.51,34.08,34.22,2335862.0
1492660800,2017-04-20,33.86,34.14,33.8,34.1,3212756.0
1492747200,2017-04-21,34.07,34.38,34.07,34.24,2119406.0
1493006400,2017-04-24,34.28,34.42,34.04,34.38,2564126.0
1493092800,2017-04-25,34.26,34.4,34.16,34.38,2175311.0
1493179200,2017-04-26,34.33,34.46,34.19,34.25,2341497.0
1493265600,2017-04-27,34.29,34.71,34.23,34.47,2348139.0
1493352000,2017-04-28,34.48,34.58,34.35,34.41,3274049.0
1493611200,2017-05-01,34.41,34.44,34.11,34.22,2193042.0
1493697600,2017-05-02,34.28,34.41,34.13,34.22,2557183.0
1493784000,2017-05-03,34.22,34.36,34.14,34.15,2016846.0
1493870400,2017-05-04,34.03,34.32,33.96,34.31,3687805.0
1493956800,2017-05-05,34.41,34.54,34.32,34.41,2355121.0
1494216000,2017-05-08,34.49,34.51,34.23,34.47,1450444.0
1494302400,2017-05-09,34.38,34.47,34.16,34.19,2004739.0
1494388800,2017-05-10,34.23,34.37,34.16,34.28,2052356.0
1494475200,2017-05-11,34.23,34.48,34.09,34.48,3894472.0
1494561600,2017-05-12,34.49,34.85,34.49,34.81,3847019.0
1494820800,2017-05-15,34.81,35.08,34.79,34.99,2864509.0
1494907200,2017-05-16,34.96,35.07,34.79,34.8,2849480.0
1494993600,2017-05-17,34.82,34.97,34.74,34.83,2239626.0
1495080000,2017-05-18,34.87,35.19,34.64,34.86,2635996.0
1495166400,2017-05-19,34.83,35.03,34.6,35.02,3003557.0
1495425600,2017-05-22,34.92,35.44,34.91,35.36,2121166.0
1495512000,2017-05-23,35.37,35.74,35.37,35.52,1909482.0
1495598400,2017-05-24,35.55,35.75,35.54,35.72,2540836.0
1495684800,2017-05-25,35.78,36.14,35.67,36.1,1941640.0
1495771200,2017-05-26,36.13,36.21,36.05,36.13,1744707.0
1496116800,2017-05-30,36.11,36.37,36.06,36.34,1860031.0
1496203200,2017-05-31,36.38,36.67,36.29,36.59,4667364.0
1496289600,2017-06-01,36.57,36.76,36.41,36.76,3807748.0
1496376000,2017-06-02,36.97,37.04,36.68,36.9,1889549.0
1496635200,2017-06-05,36.94,36.95,36.53,36.54,3061979.0
1496721600,2017-06-06,36.54,36.64,36.31,36.31,3681270.0
1496808000,2017-06-07,36.37,36.7,36.33,36.58,2709206.0
1496894400,2017-06-08,36.55,36.55,35.88,36.16,3273174.0
1496980800,2017-06-09,36.06,36.19,35.85,36.16,2826829.0
1497240000,2017-06-12,36.21,36.3,35.77,36.03,3041276.0
1497326400,2017-06-13,36.05,36.23,35.92,36.22,2488863.0
1497412800,2017-06-14,36.45,36.65,36.31,36.46,2584902.0
1497499200,2017-06-15,36.37,36.66,36.27,36.63,2000814.0
1497585600,2017-06-16,36.67,36.83,36.56,36.78,5263070.0
1497844800,2017-06-19,36.83,36.83,36.52,36.63,2751378.0
1497931200,2017-06-20,36.65,36.77,36.64,36.69,2049283.0
1498017600,2017-06-21,36.64,36.77,36.49,36.59,3527968.0
1498104000,2017-06-22,36.53,36.69,36.41,36.43,1698641.0
1498190400,2017-06-23,36.41,36.59,36.21,36.27,2881924.0
1498449600,2017-06-26,36.27,36.66,36.19,36.46,2179584.0
1498536000,2017-06-27,36.28,36.41,36.09,36.18,3824905.0
1498622400,2017-06-28,36.3,36.36,35.74,35.76,3057357.0
1498708800,2017-06-29,35.55,35.56,35.24,35.37,5216774.0
1498795200,2017-06-30,35.43,35.59,35.31,35.31,3640916.0
1499054400,2017-07-03,35.42,35.44,35.07,35.07,1436449.0
1499227200,2017-07-05,35.07,35.11,34.77,35.04,3416966.0
1499313600,2017-07-06,34.96,35.12,34.87,35.07,3573308.0
1499400000,2017-07-07,35.07,35.34,35.04,35.16,4141828.0
1499659200,2017-07-10,35.28,35.3,35.06,35.06,2975673.0
1499745600,2017-07-11,35.12,35.16,34.95,35.05,2375412.0
1499832000,2017-07-12,35.32,35.41,35.25,35.32,2672256.0
1499918400,2017-07-13,35.24,35.32,35.05,35.15,3652697.0
1500004800,2017-07-14,35.33,35.46,35.26,35.34,2541784.0
1500264000,2017-07-17,35.38,35.52,35.29,35.49,4489794.0
1500350400,2017-07-18,35.52,35.77,35.48,35.71,3113794.0
1500436800,2017-07-19,35.75,35.89,35.61,35.88,4192601.0
1500523200,2017-07-20,35.94,36.32,35.88,36.27,4075278.0
1500609600,2017-07-21,36.27,36.49,36.07,36.49,3000270.0
1500868800,2017-07-24,36.49,36.52,36.01,36.09,2488142.0
1500955200,2017-07-25,36.12,36.12,35.85,35.94,1374702.0
1501041600,2017-07-26,35.9,36.38,35.82,36.38,2657899.0
1501128000,2017-07-27,36.33,36.68,36.09,36.68,4923977.0
1501214400,2017-07-28,36.65,36.71,36.21,36.29,3205490.0
1501473600,2017-07-31,36.28,36.49,36.14,36.41,3376433.0
1501560000,2017-08-01,36.41,36.71,36.33,36.61,2928140.0
1501646400,2017-08-02,36.46,36.72,36.31,36.72,1586682.0
1501732800,2017-08-03,36.66,37.03,36.65,37.03,2441987.0
1501819200,2017-08-04,36.84,36.95,36.67,36.92,2058538.0
1502078400,2017-08-07,36.93,37.1,36.78,37.09,2163047.0
1502164800,2017-08-08,36.99,37.29,36.99,37.28,1754192.0
1502251200,2017-08-09,37.37,37.39,37.13,37.15,2865508.0
1502337600,2017-08-10,37.09,37.49,36.97,37.43,3424346.0
1502424000,2017-08-11,37.46,37.46,36.93,37.09,1883795.0
1502683200,2017-08-14,37.09,37.33,37.09,37.27,2092443.0
1502769600,2017-08-15,37.13,37.53,37.13,37.5,1536174.0
1502856000,2017-08-16,37.52,37.69,37.43,37.66,1483711.0
1502942400,2017-08-17,37.67,37.72,37.41,37.46,1882470.0
1503028800,2017-08-18,37.53,37.88,37.35,37.71,2580165.0
1503288000,2017-08-21,37.79,37.96,37.65,37.87,2227434.0
1503374400,2017-08-22,37.9,37.9,37.66,37.81,2396828.0
1503460800,2017-08-23,37.84,38.04,37.67,37.99,1870637.0
1503547200,2017-08-24,37.94,38.11,37.88,37.98,2116443.0
1503633600,2017-08-25,38.12,38.17,37.99,37.99,2230814.0
1503892800,2017-08-28,38.09,38.16,37.95,38.13,1603334.0
1503979200,2017-08-29,38.17,38.25,38.0,38.1,2115114.0
1504065600,2017-08-30,38.12,38.18,38.01,38.08,2163763.0
1504152000,2017-08-31,38.13,38.15,38.02,38.1,3545029.0
1504238400,2017-09-01,38.13,38.18,37.86,37.99,2064917.0
1504584000,2017-09-05,37.96,38.24,37.84,38.21,2642360.0
1504670400,2017-09-06,38.3,38.3,38.03,38.14,2101712.0
1504756800,2017-09-07,38.26,38.44,38.1,38.4,3192027.0
1504843200,2017-09-08,38.39,38.71,38.27,38.66,1820094.0
1505102400,2017-09-11,38.58,38.91,38.5,38.87,2481739.0
1505188800,2017-09-12,38.84,38.88,37.95,38.12,3515698.0
1505275200,2017-09-13,38.09,38.12,37.72,37.83,3361649.0
1505361600,2017-09-14,37.89,38.07,37.66,38.06,3468989.0
1505448000,2017-09-15,38.15,38.16,37.8,38.05,4744302.0
1505707200,2017-09-18,38.05,38.06,37.36,37.69,3018153.0
1505793600,2017-09-19,37.73,37.77,37.48,37.55,3549090.0
1505880000,2017-09-20,37.64,37.73,37.14,37.31,3169360.0
1505966400,2017-09-21,37.29,37.52,37.18,37.22,2943954.0
1506052800,2017-09-22,37.33,37.33,36.66,36.75,4076414.0
1506312000,2017-09-25,36.77,37.09,36.67,36.98,3741611.0
1506398400,2017-09-26,36.99,37.18,36.86,36.99,2797455.0
1506484800,2017-09-27,36.68,36.87,36.2,36.47,3521836.0
1506571200,2017-09-28,36.41,36.81,36.31,36.72,3236848.0
1506657600,2017-09-29,36.72,36.8,36.57,36.68,3298940.0
1506916800,2017-10-02,36.8,36.91,36.65,36.72,2277430.0
1507003200,2017-10-03,36.68,36.74,36.32,36.58,2133795.0
1507089600,2017-10-04,36.58,37.06,36.46,37.03,2637930.0
1507176000,2017-10-05,37.03,37.04,36.75,36.89,2227182.0
1507262400,2017-10-06,36.79,36.88,36.62,36.74,3198611.0
1507521600,2017-10-09,36.8,36.9,36.72,36.89,4303888.0
1507608000,2017-10-10,36.91,37.21,36.81,37.16,2688575.0
1507694400,2017-10-11,37.16,37.56,37.14,37.43,3081337.0
1507780800,2017-10-12,37.46,37.83,37.33,37.8,3074999.0
1507867200,2017-10-13,37.88,38.05,37.56,37.68,3851987.0
1508126400,2017-10-16,37.6,37.71,37.41,37.59,3419419.0
1508212800,2017-10-17,37.66,37.89,37.5,37.77,3066801.0
1508299200,2017-10-18,37.66,37.85,37.56,37.78,1793934.0
1508385600,2017-10-19,37.79,38.2,37.72,38.18,2543697.0
1508472000,2017-10-20,38.13,38.3,38.03,38.19,2650139.0
1508731200,2017-10-23,38.23,38.28,38.06,38.2,2176108.0
1508817600,2017-10-24,38.37,38.41,38.15,38.34,3400030.0
1508904000,2017-10-25,38.22,38.34,37.65,38.28,3384214.0
1508990400,2017-10-26,38.63,38.63,37.97,38.03,4671546.0
1509076800,2017-10-27,37.95,38.31,37.92,38.15,3669852.0
1509336000,2017-10-30,38.12,38.26,38.06,38.21,2866678.0
1509422400,2017-10-31,38.11,38.52,38.07,38.39,3170675.0
1509508800,2017-11-01,38.5,38.54,38.13,38.17,2845285.0
1509595200,2017-11-02,38.1,38.7,37.93,38.19,5847390.0
1509681600,2017-11-03,38.09,38.61,38.09,38.44,4478605.0
1509944400,2017-11-06,38.48,38.6,38.28,38.3,2906512.0
1510030800,2017-11-07,38.34,38.95,38.21,38.79,3199621.0
1510117200,2017-11-08,38.71,39.05,38.71,38.96,5641628.0
1510203600,2017-11-09,38.79,39.2,38.79,39.16,4728091.0
1510290000,2017-11-10,38.92,39.05,38.79,38.92,4327324.0
1510549200,2017-11-13,38.89,39.42,38.86,39.37,3796073.0
1510635600,2017-11-14,39.27,40.2,39.26,40.16,4913192.0
1510722000,2017-11-15,40.29,40.48,39.68,39.68,4057020.0
1510808400,2017-11-16,39.57,39.74,39.51,39.68,2572846.0
1510894800,2017-11-17,39.58,39.75,39.38,39.45,2526226.0
1511154000,2017-11-20,39.48,39.58,39.2,39.22,2366734.0
1511240400,2017-11-21,39.33,39.41,39.18,39.23,3123918.0
1511326800,2017-11-22,39.23,39.34,39.03,39.17,2182085.0
1511499600,2017-11-24,39.28,39.44,39.25,39.31,1034464.0
1511758800,2017-11-27,39.39,39.51,39.23,39.43,2888782.0
1511845200,2017-11-28,39.58,39.75,39.51,39.73,3036150.0
1511931600,2017-11-29,39.68,39.91,39.42,39.74,2638072.0
1512018000,2017-11-30,39.81,40.03,39.65,40.01,5928181.0
1512104400,2017-12-01,40.08,40.19,39.6,39.82,3513898.0
1512363600,2017-12-04,39.89,39.99,39.54,39.6,2159902.0
1512450000,2017-12-05,39.65,39.65,39.07,39.38,2984310.0
1512536400,2017-12-06,39.47,39.72,39.37,39.61,2350547.0
1512622800,2017-12-07,39.61,39.61,39.15,39.41,2998867.0
1512709200,2017-12-08,39.31,39.72,39.21,39.69,3111548.0
1512968400,2017-12-11,39.54,39.89,39.42,39.88,4156616.0
1513054800,2017-12-12,39.82,39.85,39.16,39.18,3626950.0
1513141200,2017-12-13,39.27,39.55,39.1,39.41,3428640.0
1513227600,2017-12-14,39.34,39.34,38.89,39.06,3536048.0
1513314000,2017-12-15,39.04,39.45,38.97,39.37,5373562.0
1513573200,2017-12-18,39.41,39.43,38.83,38.83,3581402.0
1513659600,2017-12-19,38.83,38.91,38.18,38.24,4486743.0
1513746000,2017-12-20,38.2,38.37,37.58,37.59,5367859.0
1513832400,2017-12-21,37.5,37.82,37.3,37.51,4934583.0
1513918800,2017-12-22,37.6,37.72,37.35,37.41,3342360.0
1514264400,2017-12-26,37.35,37.53,37.04,37.08,3204436.0
1514350800,2017-12-27,37.24,37.37,37.12,37.34,2238250.0
1514437200,2017-12-28,37.43,37.56,37.27,37.55,2583946.0
1514523600,2017-12-29,37.58,37.72,37.55,37.58,3468536.0
1514869200,2018-01-02,37.66,37.77,37.1,37.34,2706241.0
1514955600,2018-01-03,37.16,37.52,37.05,37.09,4300079.0
1515042000,2018-01-04,36.94,37.38,36.73,36.8,3073506.0
1515128400,2018-01-05,36.85,36.98,36.42,36.55,4164987.0
1515387600,2018-01-08,36.62,36.87,36.48,36.82,4059047.0
1515474000,2018-01-09,36.84,36.88,36.24,36.39,3177810.0
1515560400,2018-01-10,36.32,36.38,35.94,36.03,2835213.0
1515646800,2018-01-11,35.93,36.16,35.44,35.55,3467375.0
1515733200,2018-01-12,35.5,35.64,35.2,35.27,4124445.0
1516078800,2018-01-16,35.23,35.58,35.06,35.38,5197891.0
1516165200,2018-01-17,35.56,35.82,35.42,35.69,4403137.0
1516251600,2018-01-18,35.6,35.77,35.19,35.45,5142593.0
1516338000,2018-01-19,35.3,35.62,35.19,35.25,3321555.0
1516597200,2018-01-22,35.54,35.64,35.24,35.33,3385772.0
1516683600,2018-01-23,35.4,35.94,35.33,35.71,3399189.0
1516770000,2018-01-24,35.7,35.79,35.47,35.58,2660261.0
1516856400,2018-01-25,35.53,35.98,35.46,35.93,3889991.0
1516942800,2018-01-26,35.91,36.01,35.34,35.7,2889324.0
1517202000,2018-01-29,35.57,35.59,35.03,35.03,4232725.0
1517288400,2018-01-30,34.95,35.42,34.95,35.31,3395794.0
1517374800,2018-01-31,35.28,35.69,35.09,35.65,4204582.0
1517461200,2018-02-01,35.67,35.76,34.89,35.0,5074915.0
1517547600,2018-02-02,34.85,35.16,34.72,34.73,3168979.0
1517806800,2018-02-05,34.7,34.95,34.05,34.08,4480239.0
1517893200,2018-02-06,33.77,33.77,32.71,33.38,6448677.0
1517979600,2018-02-07,32.47,33.81,32.42,33.16,4446643.0
1518066000,2018-02-08,32.95,33.71,32.89,33.15,5699261.0
1518152400,2018-02-09,33.2,34.1,33.16,33.86,5702502.0
1518411600,2018-02-12,34.01,34.37,33.62,34.18,5016126.0
1518498000,2018-02-13,34.3,34.48,33.77,34.34,3826975.0
1518584400,2018-02-14,34.09,34.18,33.75,33.76,4764586.0
1518670800,2018-02-15,33.82,34.52,33.64,34.52,4096109.0
1518757200,2018-02-16,34.47,35.05,34.41,34.9,4582689.0
1519102800,2018-02-20,34.88,34.97,34.25,34.46,3995790.0
1519189200,2018-02-21,34.38,34.83,34.13,34.13,5062113.0
1519275600,2018-02-22,34.16,34.44,33.98,34.06,3779871.0
1519362000,2018-02-23,34.09,35.01,34.09,34.97,3696105.0
1519621200,2018-02-26,35.02,35.09,34.73,34.79,3421621.0
1519707600,2018-02-27,34.71,34.91,34.1,34.13,5074166.0
1519794000,2018-02-28,34.23,34.33,33.79,33.81,4537848.0
1519880400,2018-03-01,33.81,34.32,33.46,33.72,4641279.0
1519966800,2018-03-02,33.69,34.06,33.31,33.61,4876990.0
1520226000,2018-03-05,33.49,34.38,33.41,34.23,4488427.0
1520312400,2018-03-06,34.07,34.23,33.45,33.52,4978685.0
1520398800,2018-03-07,33.42,33.65,33.25,33.37,3657060.0
1520485200,2018-03-08,33.5,33.86,33.31,33.69,3097583.0
1520571600,2018-03-09,33.65,33.81,33.41,33.81,2619096.0
1520827200,2018-03-12,33.78,34.27,33.77,34.1,3442237.0
1520913600,2018-03-13,34.18,34.3,33.77,33.98,5042786.0
1521000000,2018-03-14,34.1,34.5,34.08,34.3,2944112.0
1521086400,2018-03-15,34.27,34.64,34.14,34.39,4592713.0
1521172800,2018-03-16,34.45,34.85,34.45,34.77,10220860.0
1521432000,2018-03-19,34.69,35.02,34.58,34.8,3669429.0
1521518400,2018-03-20,34.84,35.04,34.71,34.87,3769399.0
1521604800,2018-03-21,34.9,35.45,34.82,35.03,6442017.0
1521691200,2018-03-22,35.0,35.6,34.95,35.12,5457617.0
1521777600,2018-03-23,35.25,35.44,34.4,34.46,4796410.0
1522036800,2018-03-26,34.59,34.92,34.52,34.78,3215811.0
1522123200,2018-03-27,35.08,35.84,34.76,35.54,4845231.0
1522209600,2018-03-28,35.69,35.85,35.38,35.72,4983251.0
1522296000,2018-03-29,35.79,36.14,35.53,35.83,4160074.0
1522641600,2018-04-02,35.93,36.08,35.2,35.42,3351796.0
1522728000,2018-04-03,35.5,35.79,35.27,35.61,3662632.0
1522814400,2018-04-04,35.46,35.74,35.21,35.62,3649150.0
1522900800,2018-04-05,35.63,36.12,35.27,36.0,4106613.0
1522987200,2018-04-06,36.01,36.24,35.75,35.83,3936022.0
1523246400,2018-04-09,35.81,36.09,35.64,35.86,2967203.0
1523332800,2018-04-10,35.76,35.9,35.42,35.48,4224226.0
1523419200,2018-04-11,35.37,35.77,35.28,35.33,3141029.0
1523505600,2018-04-12,35.4,35.47,34.61,34.68,3444297.0
1523592000,2018-04-13,34.68,35.19,34.68,35.05,3698001.0
1523851200,2018-04-16,35.18,35.75,35.05,35.68,4701837.0
1523937600,2018-04-17,35.78,36.05,35.57,35.92,3678744.0
1524024000,2018-04-18,36.02,36.25,35.68,35.71,2085513.0
1524110400,2018-04-19,35.57,35.81,35.42,35.76,2819091.0
1524196800,2018-04-20,35.84,35.9,35.42,35.53,3402276.0
1524456000,2018-04-23,35.65,35.9,35.55,35.7,2666309.0
1524542400,2018-04-24,35.76,36.28,35.68,35.99,4606184.0
1524628800,2018-04-25,35.95,36.3,35.76,36.06,3760247.0
1524715200,2018-04-26,35.98,36.75,35.88,36.62,3069616.0
1524801600,2018-04-27,36.51,37.33,36.5,37.11,3608100.0
1525060800,2018-04-30,37.2,37.32,36.88,36.9,3423748.0
1525147200,2018-05-01,36.91,36.98,36.71,36.76,2686641.0
1525233600,2018-05-02,36.73,36.73,36.67,36.67,271661.0
1525320000,2018-05-03,36.6,36.62,36.6,36.62,277771.0
1525406400,2018-05-04,36.75,36.77,36.45,36.55,3944923.0
1525665600,2018-05-07,36.6,36.67,36.24,36.35,2161409.0
1525752000,2018-05-08,36.23,36.33,35.34,35.46,4496013.0
1525838400,2018-05-09,35.46,35.53,35.12,35.31,3563299.0
1525924800,2018-05-10,35.52,35.76,35.34,35.65,2416633.0
1526011200,2018-05-11,35.7,35.79,35.59,35.66,2197432.0
1526270400,2018-05-14,35.7,35.78,35.2,35.46,2516432.0
1526356800,2018-05-15,35.18,35.39,34.94,35.1,2726918.0
1526443200,2018-05-16,35.13,35.17,34.74,34.86,2780432.0
1526529600,2018-05-17,34.88,34.97,34.48,34.53,2381635.0
1526616000,2018-05-18,34.57,34.77,34.22,34.43,2507863.0
1526875200,2018-05-21,34.45,34.51,34.1,34.31,2652837.0
1526961600,2018-05-22,34.29,34.59,34.22,34.44,2129205.0
1527048000,2018-05-23,34.54,34.97,34.46,34.95,3361920.0
1527134400,2018-05-24,34.98,35.36,34.86,35.33,3350948.0
1527220800,2018-05-25,35.31,35.69,35.31,35.6,2692457.0
1527566400,2018-05-29,35.57,35.91,35.42,35.65,3484605.0
1527652800,2018-05-30,35.64,36.02,35.46,35.94,2719046.0
1527739200,2018-05-31,35.91,36.14,35.67,35.86,3961442.0
1527825600,2018-06-01,35.94,35.94,35.16,35.25,2749057.0
1528084800,2018-06-04,35.23,35.4,34.67,34.78,3583006.0
1528171200,2018-06-05,34.77,34.88,34.13,34.13,4400951.0
1528257600,2018-06-06,34.14,34.16,33.32,33.37,5100225.0
1528344000,2018-06-07,33.45,33.96,33.3,33.66,3113819.0
1528430400,2018-06-08,33.64,33.77,33.47,33.64,2793671.0
1528689600,2018-06-11,33.72,33.75,33.08,33.19,3313077.0
1528776000,2018-06-12,33.18,33.62,33.15,33.55,3404879.0
1528862400,2018-06-13,33.52,33.71,33.31,33.49,2959809.0
1528948800,2018-06-14,33.6,34.16,33.5,34.08,4104104.0
1529035200,2018-06-15,34.05,34.52,33.85,34.44,8901074.0
1529294400,2018-06-18,34.41,34.78,34.38,34.66,3084419.0
1529380800,2018-06-19,34.43,35.28,34.43,35.13,3835404.0
1529467200,2018-06-20,34.78,34.98,34.62,34.88,3722200.0
1529553600,2018-06-21,34.84,35.11,34.64,34.86,2656596.0
1529640000,2018-06-22,34.97,35.09,34.73,34.86,6654215.0
1529899200,2018-06-25,34.95,35.94,34.9,35.89,3935654.0
1529985600,2018-06-26,35.97,36.26,35.75,36.03,4202032.0
1530072000,2018-06-27,35.94,36.37,35.84,36.32,3535201.0
1530158400,2018-06-28,36.41,36.76,36.22,36.29,3170560.0
1530244800,2018-06-29,36.18,36.53,35.88,36.31,3481982.0
1530504000,2018-07-02,36.44,36.78,36.33,36.75,3039214.0
1530590400,2018-07-03,36.72,37.07,36.6,36.76,1998503.0
1530763200,2018-07-05,36.83,37.05,36.64,37.03,3012589.0
1530849600,2018-07-06,37.11,37.42,37.04,37.33,2515503.0
1531108800,2018-07-09,37.3,37.32,35.8,35.9,4661294.0
1531195200,2018-07-10,35.9,36.56,35.58,36.32,3048535.0
1531281600,2018-07-11,36.41,36.93,36.37,36.87,2307847.0
1531368000,2018-07-12,36.85,36.95,36.62,36.83,3968468.0
1531454400,2018-07-13,36.92,37.02,36.56,36.78,2356943.0
1531713600,2018-07-16,35.84,36.84,35.84,36.62,2881171.0
1531800000,2018-07-17,36.76,36.79,36.44,36.45,2670162.0
1531886400,2018-07-18,36.52,36.56,36.09,36.26,2615180.0
1531972800,2018-07-19,36.24,36.7,36.24,36.49,3392783.0
1532059200,2018-07-20,36.49,36.49,35.85,36.27,4406311.0
1532318400,2018-07-23,36.28,36.33,35.81,35.99,2694039.0
1532404800,2018-07-24,35.89,36.24,35.4,36.2,4730113.0
1532491200,2018-07-25,36.14,36.51,36.02,36.32,4219792.0
1532577600,2018-07-26,37.17,37.37,36.49,37.26,4318243.0
1532664000,2018-07-27,37.33,37.48,36.85,37.03,3437782.0
1532923200,2018-07-30,36.99,37.0,36.57,36.79,3360091.0
1533009600,2018-07-31,36.91,37.29,36.81,37.25,4353904.0
1533096000,2018-08-01,36.99,37.07,36.46,36.87,3927804.0
1533182400,2018-08-02,36.87,37.22,36.54,37.04,3532546.0
1533268800,2018-08-03,37.06,37.63,36.83,37.5,3121674.0
1533528000,2018-08-06,37.55,37.8,37.46,37.58,2670935.0
1533614400,2018-08-07,37.57,37.62,37.1,37.52,4287520.0
1533700800,2018-08-08,37.41,37.7,37.25,37.61,3117239.0
1533787200,2018-08-09,37.65,37.91,37.49,37.87,3003342.0
1533873600,2018-08-10,37.94,38.36,37.72,37.78,2400486.0
1534132800,2018-08-13,37.85,37.94,37.62,37.78,3298092.0
1534219200,2018-08-14,37.72,37.98,37.65,37.72,2426781.0
1534305600,2018-08-15,37.78,38.38,37.65,38.07,3468610.0
1534392000,2018-08-16,38.12,38.37,37.85,38.29,4253734.0
1534478400,2018-08-17,38.26,38.61,38.15,38.38,4093141.0
1534737600,2018-08-20,38.5,38.55,38.24,38.34,2502485.0
1534824000,2018-08-21,38.27,38.33,37.85,38.09,3471224.0
1534910400,2018-08-22,38.08,38.12,37.51,37.7,2883799.0
1534996800,2018-08-23,37.74,38.15,37.65,37.91,3201558.0
1535083200,2018-08-24,37.91,38.19,37.7,38.11,2316734.0
1535342400,2018-08-27,38.13,38.17,37.52,37.76,2910334.0
1535428800,2018-08-28,37.76,37.92,37.61,37.81,5461555.0
1535515200,2018-08-29,37.88,38.19,37.87,38.19,3929342.0
1535601600,2018-08-30,38.23,38.54,38.19,38.42,2963454.0
1535688000,2018-08-31,38.69,38.73,38.13,38.19,4051341.0
1536033600,2018-09-04,38.42,38.77,38.19,38.55,3534294.0
1536120000,2018-09-05,38.4,39.2,38.4,39.17,2963906.0
1536206400,2018-09-06,39.15,39.34,38.9,39.18,5082008.0
1536292800,2018-09-07,38.85,39.09,38.55,38.69,3487967.0
1536552000,2018-09-10,38.77,39.13,38.69,38.96,3100357.0
1536638400,2018-09-11,38.96,39.09,38.65,38.73,3863727.0
1536724800,2018-09-12,38.76,39.08,38.46,38.62,2962957.0
1536811200,2018-09-13,38.67,38.85,38.41,38.81,3458784.0
1536897600,2018-09-14,38.74,38.82,38.34,38.77,2555360.0
1537156800,2018-09-17,38.81,38.86,38.56,38.77,3433153.0
1537243200,2018-09-18,38.81,38.85,38.4,38.55,3518742.0
1537329600,2018-09-19,38.56,38.57,37.55,37.8,4948780.0
1537416000,2018-09-20,37.77,37.94,37.4,37.93,4654063.0
1537502400,2018-09-21,37.86,38.12,37.55,38.04,9190014.0
1537761600,2018-09-24,38.0,38.12,37.64,37.68,3166263.0
1537848000,2018-09-25,37.58,37.71,37.22,37.34,3180287.0
1537934400,2018-09-26,37.26,37.48,36.88,36.91,4577967.0
1538020800,2018-09-27,36.92,37.49,36.86,37.32,3343231.0
1538107200,2018-09-28,37.44,37.84,37.44,37.82,4237180.0
1538366400,2018-10-01,37.63,37.89,37.46,37.75,2894967.0
1538452800,2018-10-02,37.8,38.32,37.76,38.25,2172738.0
1538539200,2018-10-03,38.2,38.4,37.44,37.76,3112782.0
1538625600,2018-10-04,37.59,38.04,37.26,38.01,2540635.0
1538712000,2018-10-05,38.01,38.91,37.99,38.75,3695311.0
1538971200,2018-10-08,38.89,39.43,38.77,39.08,3624870.0
1539057600,2018-10-09,39.11,39.49,39.01,39.26,3835286.0
1539144000,2018-10-10,39.22,39.85,39.1,39.13,3362104.0
1539230400,2018-10-11,39.22,39.34,38.04,38.15,5217968.0
1539316800,2018-10-12,38.1,38.27,37.71,38.17,3906661.0
1539576000,2018-10-15,38.15,38.54,38.07,38.17,2989902.0
1539662400,2018-10-16,38.21,38.89,38.0,38.67,3216147.0
1539748800,2018-10-17,38.73,38.81,38.41,38.65,3070173.0
1539835200,2018-10-18,38.77,38.88,38.45,38.74,3206096.0
1539921600,2018-10-19,38.72,39.56,38.72,39.36,3198868.0
1540180800,2018-10-22,39.45,39.46,39.02,39.15,3192659.0
1540267200,2018-10-23,39.33,39.64,38.84,39.17,5456255.0
1540353600,2018-10-24,39.36,40.48,39.18,40.26,4737721.0
1540440000,2018-10-25,39.35,39.85,39.05,39.6,4366013.0
1540526400,2018-10-26,39.84,40.02,38.54,38.86,5038309.0
1540785600,2018-10-29,39.02,39.7,38.82,39.58,5305787.0
1540872000,2018-10-30,39.73,40.03,39.25,39.81,4574373.0
1540958400,2018-10-31,39.66,39.8,38.95,39.26,4292826.0
1541044800,2018-11-01,39.31,39.31,38.57,38.83,4649608.0
1541131200,2018-11-02,38.65,38.94,38.0,38.23,5961978.0
1541394000,2018-11-05,38.33,38.97,38.31,38.77,3664881.0
1541480400,2018-11-06,38.78,39.45,38.74,39.37,2730170.0
1541566800,2018-11-07,39.66,39.82,39.33,39.66,5621605.0
1541653200,2018-11-08,39.01,39.53,38.89,39.52,10967827.0
1541739600,2018-11-09,39.55,40.39,39.49,40.33,10652767.0
1541998800,2018-11-12,40.2,41.32,40.14,40.94,6353705.0
1542085200,2018-11-13,40.98,41.28,40.63,41.16,4353129.0
1542171600,2018-11-14,41.02,41.24,40.73,40.98,5767064.0
1542258000,2018-11-15,40.9,41.35,40.46,41.15,7098558.0
1542344400,2018-11-16,41.65,41.85,40.88,40.9,21533011.0
1542603600,2018-11-19,40.87,41.37,40.74,41.35,5766437.0
1542690000,2018-11-20,41.66,42.03,41.15,41.51,6427371.0
1542776400,2018-11-21,41.39,41.39,40.5,40.66,4490014.0
1542949200,2018-11-23,40.65,40.79,40.47,40.74,1554565.0
1543208400,2018-11-26,40.84,41.06,40.45,40.94,5374512.0
1543294800,2018-11-27,40.97,41.47,40.69,41.45,3114186.0
1543381200,2018-11-28,41.39,41.63,41.17,41.31,4970290.0
1543467600,2018-11-29,41.31,41.35,40.71,41.28,3392587.0
1543554000,2018-11-30,41.39,42.05,41.27,42.02,5433602.0
1543813200,2018-12-03,41.83,42.44,41.42,42.41,4702854.0
1543899600,2018-12-04,42.35,42.84,42.26,42.32,4526284.0
1544072400,2018-12-06,42.48,42.65,41.63,42.63,6526294.0
1544158800,2018-12-07,42.51,42.84,42.23,42.61,4428724.0
1544418000,2018-12-10,42.66,42.93,42.02,42.83,3903327.0
1544504400,2018-12-11,42.9,43.07,42.53,42.88,6628772.0
1544590800,2018-12-12,43.03,43.23,42.39,42.41,5147133.0
1544677200,2018-12-13,42.51,43.19,42.51,43.0,3551521.0
1544763600,2018-12-14,43.0,43.35,42.37,42.57,8243476.0
1545022800,2018-12-17,42.78,42.87,41.28,41.44,5573399.0
1545109200,2018-12-18,41.63,41.99,41.07,41.25,6442852.0
1545195600,2018-12-19,41.35,41.55,40.62,40.79,8115401.0
1545282000,2018-12-20,40.97,41.57,40.39,41.15,8298265.0
1545368400,2018-12-21,41.56,42.13,40.73,40.78,12740821.0
1545627600,2018-12-24,40.94,41.12,38.85,38.93,3002818.0
1545800400,2018-12-26,38.97,39.77,38.58,39.7,5485398.0
1545886800,2018-12-27,39.66,40.06,38.93,40.04,5146139.0
1545973200,2018-12-28,40.03,40.46,39.66,39.76,7044052.0
1546232400,2018-12-31,39.84,39.97,39.34,39.77,5557591.0
1546405200,2019-01-02,39.68,39.75,38.71,38.93,5018423.0
1546491600,2019-01-03,38.97,39.29,38.64,38.77,5595488.0
1546578000,2019-01-04,38.51,39.21,38.51,39.15,6628476.0
1546837200,2019-01-07,38.96,39.22,38.71,38.98,4984836.0
1546923600,2019-01-08,38.96,39.47,38.82,39.43,3535226.0
1547010000,2019-01-09,39.45,39.56,38.96,39.12,3945276.0
1547096400,2019-01-10,39.05,39.81,38.94,39.77,4302436.0
1547182800,2019-01-11,39.68,39.82,39.4,39.79,3965248.0
1547442000,2019-01-14,39.56,39.69,38.98,39.5,4754067.0
1547528400,2019-01-15,39.5,40.43,39.42,40.27,3437498.0
1547614800,2019-01-16,40.16,40.6,39.91,40.56,3761789.0
1547701200,2019-01-17,40.72,40.95,40.5,40.92,3483476.0
1547787600,2019-01-18,41.09,41.17,40.77,40.93,4117126.0
1548133200,2019-01-22,40.98,41.32,40.48,40.89,8068795.0
1548219600,2019-01-23,40.87,41.29,40.77,41.27,3242874.0
1548306000,2019-01-24,41.29,41.51,40.85,41.48,3193713.0
1548392400,2019-01-25,41.43,41.64,40.72,40.8,3828980.0
1548651600,2019-01-28,40.8,41.02,40.44,40.73,2656208.0
1548738000,2019-01-29,40.94,41.11,40.69,40.88,3535714.0
1548824400,2019-01-30,40.68,41.44,40.68,41.11,3553086.0
1548910800,2019-01-31,41.13,42.45,40.85,42.27,8400080.0
1548997200,2019-02-01,42.19,42.38,41.6,42.09,4047554.0
1549256400,2019-02-04,41.94,42.29,41.63,42.28,3424739.0
1549342800,2019-02-05,42.31,42.39,41.99,42.3,3233480.0
1549429200,2019-02-06,42.27,42.52,42.04,42.32,2216155.0
1549515600,2019-02-07,42.03,42.91,42.03,42.89,2620575.0
1549602000,2019-02-08,42.87,43.19,42.57,43.17,2340973.0
1549861200,2019-02-11,43.18,43.37,43.05,43.24,2629952.0
1549947600,2019-02-12,43.33,43.51,42.94,43.17,3545158.0
1550034000,2019-02-13,43.15,43.2,42.81,43.0,2733547.0
1550120400,2019-02-14,43.03,43.4,42.82,43.0,7326166.0
1550206800,2019-02-15,43.32,43.35,43.0,43.16,3550126.0
1550552400,2019-02-19,43.24,43.46,43.06,43.42,3715629.0
1550638800,2019-02-20,43.41,43.74,43.14,43.67,6697699.0
1550725200,2019-02-21,43.56,44.32,43.38,44.22,3284957.0
1550811600,2019-02-22,44.37,44.62,44.07,44.62,2928282.0
1551070800,2019-02-25,44.57,44.69,44.0,44.16,3960028.0
1551157200,2019-02-26,44.3,44.32,43.93,43.97,4724431.0
1551243600,2019-02-27,43.85,44.04,43.7,43.91,2900649.0
1551330000,2019-02-28,43.85,44.32,43.7,44.29,5760350.0
1551416400,2019-03-01,44.29,44.4,43.83,44.33,4189952.0
1551675600,2019-03-04,44.31,44.48,43.92,44.46,3792358.0
1551762000,2019-03-05,44.37,44.5,44.16,44.32,6563985.0
1551848400,2019-03-06,44.34,44.58,44.17,44.47,3360392.0
1551934800,2019-03-07,44.6,44.96,44.53,44.82,3553070.0
1552021200,2019-03-08,44.93,45.13,44.56,44.94,3809265.0
1552276800,2019-03-11,44.93,45.27,44.9,45.25,3203934.0
1552363200,2019-03-12,45.35,45.66,45.2,45.58,2858698.0
1552449600,2019-03-13,45.59,45.82,45.46,45.73,3117619.0
1552536000,2019-03-14,45.77,45.94,45.48,45.66,3727145.0
1552622400,2019-03-15,45.74,46.26,45.65,45.94,15502110.0
1552881600,2019-03-18,45.9,46.03,45.42,45.63,4096854.0
1552968000,2019-03-19,45.59,45.73,45.07,45.26,3008340.0
1553054400,2019-03-20,45.37,45.86,45.17,45.39,2717182.0
1553140800,2019-03-21,45.36,46.03,45.28,45.92,2584921.0
1553227200,2019-03-22,46.17,46.76,46.05,46.4,3269376.0
1553486400,2019-03-25,46.43,46.57,46.2,46.4,3148376.0
1553572800,2019-03-26,46.33,46.74,46.29,46.64,2217958.0
1553659200,2019-03-27,46.74,46.74,46.0,46.27,2544399.0
1553745600,2019-03-28,46.26,46.45,45.43,45.66,4122507.0
1553832000,2019-03-29,45.68,45.75,45.38,45.7,6590319.0
1554091200,2019-04-01,45.74,45.74,44.8,45.18,3539769.0
1554177600,2019-04-02,45.35,45.52,44.99,45.19,3900377.0
1554264000,2019-04-03,45.19,45.25,44.72,45.02,4471402.0
1554350400,2019-04-04,45.2,45.21,44.5,44.95,2863747.0
1554436800,2019-04-05,45.0,45.3,44.83,45.3,2764579.0
1554696000,2019-04-08,45.3,45.33,44.81,44.97,2813650.0
1554782400,2019-04-09,44.91,45.35,44.88,45.34,3524826.0
1554868800,2019-04-10,45.43,45.79,44.91,45.0,3382830.0
1554955200,2019-04-11,45.08,45.3,44.95,45.26,3974636.0
1555041600,2019-04-12,45.2,45.51,44.82,45.43,2690710.0
1555300800,2019-04-15,45.47,45.7,45.26,45.35,2467859.0
1555387200,2019-04-16,45.35,45.52,44.53,44.61,4862484.0
1555473600,2019-04-17,44.68,44.79,44.39,44.53,3065677.0
1555560000,2019-04-18,44.66,44.94,44.43,44.46,3597773.0
1555905600,2019-04-22,44.31,44.61,44.28,44.54,4707695.0
1555992000,2019-04-23,44.72,44.97,44.39,44.87,3167190.0
1556078400,2019-04-24,44.91,45.26,44.79,45.05,2868973.0
1556164800,2019-04-25,44.79,45.77,44.48,45.52,2389875.0
1556251200,2019-04-26,45.69,46.11,45.43,45.47,2446485.0
1556510400,2019-04-29,45.28,45.47,44.67,45.08,2100568.0
1556596800,2019-04-30,45.07,45.96,45.0,45.94,3230115.0
1556683200,2019-05-01,45.69,46.0,45.43,45.45,2624157.0
1556769600,2019-05-02,45.43,45.69,45.08,45.47,2267808.0
1556856000,2019-05-03,45.55,46.06,45.39,46.0,1959806.0
1557115200,2019-05-06,46.04,46.16,45.76,45.95,3973193.0
1557201600,2019-05-07,45.83,46.3,45.79,46.0,4798446.0
1557288000,2019-05-08,45.91,45.93,45.4,45.43,3466930.0
1557374400,2019-05-09,45.35,45.69,44.93,45.58,2688413.0
1557460800,2019-05-10,45.45,46.53,45.42,46.52,2722646.0
1557720000,2019-05-13,46.26,47.01,46.26,46.98,4032015.0
1557806400,2019-05-14,46.92,47.04,46.52,46.6,2868458.0
1557892800,2019-05-15,46.61,46.82,46.43,46.52,3371375.0
1557979200,2019-05-16,46.38,47.1,46.32,46.94,2069902.0
1558065600,2019-05-17,46.85,47.55,46.72,47.33,3067042.0
1558324800,2019-05-20,47.38,47.72,47.32,47.48,2627649.0
1558411200,2019-05-21,47.5,47.76,47.13,47.22,2575793.0
1558497600,2019-05-22,47.43,47.59,47.18,47.57,3989862.0
1558584000,2019-05-23,47.56,48.05,47.48,48.04,2693205.0
1558670400,2019-05-24,48.09,48.48,47.92,47.96,1888942.0
1559016000,2019-05-28,48.09,48.13,47.1,47.18,5366862.0
1559102400,2019-05-29,47.28,47.31,46.38,46.51,2932780.0
1559188800,2019-05-30,46.58,46.83,46.47,46.64,2337174.0
1559275200,2019-05-31,46.83,46.94,46.43,46.62,4280070.0
1559534400,2019-06-03,46.87,47.18,46.43,47.12,3770731.0
1559620800,2019-06-04,47.05,47.13,45.83,46.98,2876959.0
1559707200,2019-06-05,47.05,47.13,45.83,46.98,2876959.0
1559793600,2019-06-06,48.35,48.69,48.17,48.62,1933844.0
1559880000,2019-06-07,48.88,49.24,48.28,48.32,3546154.0
1560139200,2019-06-10,48.26,48.3,47.83,48.18,2213637.0
1560225600,2019-06-11,48.13,48.24,47.45,47.72,2003492.0
1560312000,2019-06-12,47.95,48.48,47.72,48.39,2068245.0
1560398400,2019-06-13,48.54,48.72,48.26,48.67,3128137.0
1560484800,2019-06-14,48.72,49.25,48.57,49.14,3995269.0
1560744000,2019-06-17,49.3,49.39,48.69,49.02,3014008.0
1560830400,2019-06-18,49.35,49.44,48.8,49.18,4608990.0
1560916800,2019-06-19,48.93,49.94,48.93,49.77,4015811.0
1561003200,2019-06-20,50.04,50.36,49.62,50.19,3995319.0
1561089600,2019-06-21,50.16,50.45,49.64,50.38,6942040.0
1561348800,2019-06-24,50.73,50.73,50.05,50.16,3430593.0
1561435200,2019-06-25,50.2,50.27,49.71,49.93,4267239.0
1561521600,2019-06-26,49.71,50.02,48.61,48.67,6433017.0
1561608000,2019-06-27,48.67,48.88,48.3,48.53,3506705.0
1561694400,2019-06-28,48.57,48.99,48.39,48.7,4874223.0
1561953600,2019-07-01,48.87,48.87,48.13,48.65,2720061.0
1562040000,2019-07-02,48.78,49.31,48.67,49.24,2300103.0
1562126400,2019-07-03,49.43,50.0,49.34,49.7,1680243.0
1562299200,2019-07-05,49.22,49.76,48.62,49.68,2151202.0
1562558400,2019-07-08,49.58,49.92,49.47,49.81,2022421.0
1562644800,2019-07-09,49.79,49.88,49.53,49.85,2607136.0
1562731200,2019-07-10,50.05,50.38,49.87,50.07,2646503.0
1562817600,2019-07-11,49.94,50.36,49.53,50.09,3316435.0
1562904000,2019-07-12,50.14,50.18,49.58,49.77,2396585.0
1563163200,2019-07-15,49.8,50.14,49.54,50.08,2650332.0
1563249600,2019-07-16,49.98,50.2,49.67,49.94,3280287.0
1563336000,2019-07-17,50.24,50.48,50.03,50.16,3286226.0
1563422400,2019-07-18,50.28,50.74,49.88,50.7,2537188.0
1563508800,2019-07-19,50.62,50.78,49.72,49.75,4070433.0
1563768000,2019-07-22,49.85,49.89,49.31,49.7,3347129.0
1563854400,2019-07-23,49.83,49.83,49.12,49.45,3135764.0
1563940800,2019-07-24,49.64,49.65,49.1,49.49,2842128.0
1564027200,2019-07-25,49.42,49.69,49.06,49.27,3106768.0
1564113600,2019-07-26,49.3,49.74,49.2,49.53,7274937.0
1564372800,2019-07-29,49.76,50.07,49.6,49.92,3056332.0
1564459200,2019-07-30,49.62,50.19,49.3,49.6,2523453.0
1564545600,2019-07-31,49.4,49.71,48.41,48.8,6692360.0
1564632000,2019-08-01,48.22,50.12,48.09,49.74,6637624.0
1564718400,2019-08-02,49.85,50.2,48.86,48.97,4570886.0
1564977600,2019-08-05,49.17,49.9,48.64,48.81,5617528.0
1565064000,2019-08-06,48.63,49.7,48.25,49.47,3575028.0
1565150400,2019-08-07,49.54,50.05,48.71,49.76,4987255.0
1565236800,2019-08-08,49.79,50.59,49.19,50.46,3142976.0
1565323200,2019-08-09,50.43,50.77,50.24,50.57,2680159.0
1565582400,2019-08-12,50.7,50.77,50.11,50.37,3288981.0
1565668800,2019-08-13,50.25,50.51,49.82,50.25,2879554.0
1565755200,2019-08-14,50.37,50.46,49.58,49.76,4193082.0
1565841600,2019-08-15,49.71,50.51,49.53,50.37,4434698.0
1565928000,2019-08-16,50.43,50.89,50.31,50.59,2664334.0
1566187200,2019-08-19,50.61,51.18,50.41,50.88,2753603.0
1566273600,2019-08-20,51.04,51.17,50.57,51.08,5537519.0
1566360000,2019-08-21,51.03,51.6,50.92,51.57,2434254.0
1566446400,2019-08-22,51.58,51.91,51.31,51.8,3443304.0
1566532800,2019-08-23,51.88,52.13,50.79,51.12,4441528.0
1566792000,2019-08-26,51.29,52.02,51.13,52.01,2891320.0
1566878400,2019-08-27,52.23,52.73,52.19,52.38,3427944.0
1566964800,2019-08-28,52.51,52.82,52.15,52.37,3547843.0
1567051200,2019-08-29,52.58,52.91,52.11,52.88,3083024.0
1567137600,2019-08-30,53.0,53.14,52.44,52.58,3731025.0
1567483200,2019-09-03,52.67,53.68,52.57,53.64,3311262.0
1567569600,2019-09-04,53.87,54.07,53.5,53.88,2996932.0
1567656000,2019-09-05,53.66,53.75,53.01,53.33,3198281.0
1567742400,2019-09-06,53.52,53.64,52.82,53.05,2865045.0
1568001600,2019-09-09,52.93,52.97,51.83,51.89,5252324.0
1568088000,2019-09-10,51.7,51.91,50.91,51.56,5073619.0
1568174400,2019-09-11,51.53,52.17,51.15,51.78,3776579.0
1568260800,2019-09-12,52.25,52.6,51.66,51.96,3966754.0
1568347200,2019-09-13,51.82,52.14,51.51,51.58,3173914.0
1568606400,2019-09-16,51.66,51.92,51.31,51.76,6752842.0
1568692800,2019-09-17,52.09,52.67,51.94,52.51,5226765.0
1568779200,2019-09-18,52.74,52.86,52.24,52.74,4530145.0
1568865600,2019-09-19,52.76,53.0,52.64,52.94,2006529.0
1568952000,2019-09-20,52.83,53.37,52.74,53.24,8626432.0
1569211200,2019-09-23,53.39,53.56,53.09,53.22,3395232.0
1569297600,2019-09-24,53.5,54.11,53.3,53.91,6805330.0
1569384000,2019-09-25,53.84,53.92,53.3,53.59,3963157.0
1569470400,2019-09-26,53.86,54.24,53.52,54.02,4795539.0
1569556800,2019-09-27,54.1,54.24,53.43,53.85,2695292.0
1569816000,2019-09-30,53.44,53.97,53.3,53.46,4662296.0
1569902400,2019-10-01,53.35,53.59,52.88,53.51,3767928.0
1569988800,2019-10-02,53.53,53.55,51.9,52.18,8381976.0
1570075200,2019-10-03,52.43,52.43,51.84,52.29,4866912.0
1570161600,2019-10-04,52.37,53.39,52.36,53.25,3004412.0
1570420800,2019-10-07,53.06,53.13,52.74,52.96,3086637.0
1570507200,2019-10-08,52.96,53.01,52.37,52.39,3042253.0
1570593600,2019-10-09,52.45,52.88,52.37,52.66,2204102.0
1570680000,2019-10-10,52.32,52.87,52.01,52.69,2324759.0
1570766400,2019-10-11,52.59,52.67,51.94,52.18,2906614.0
1571025600,2019-10-14,52.49,52.54,51.94,52.13,2492377.0
1571112000,2019-10-15,52.17,52.42,51.79,52.03,2196315.0
1571198400,2019-10-16,52.06,52.33,51.74,52.31,2637707.0
1571284800,2019-10-17,52.25,52.64,52.14,52.46,2086167.0
1571371200,2019-10-18,52.56,52.84,52.18,52.74,3180603.0
1571630400,2019-10-21,52.86,52.98,52.45,52.97,2016816.0
1571716800,2019-10-22,53.21,53.25,52.79,52.9,2879751.0
1571803200,2019-10-23,52.86,53.21,52.82,53.09,3853549.0
1571889600,2019-10-24,53.53,53.67,52.77,53.17,2915810.0
1571976000,2019-10-25,53.28,53.54,52.18,52.43,3671740.0
1572235200,2019-10-28,51.96,52.18,51.31,51.44,3622732.0
1572321600,2019-10-29,51.52,51.65,51.23,51.56,2882378.0
1572408000,2019-10-30,51.58,52.31,51.58,52.17,3106588.0
1572494400,2019-10-31,52.17,52.55,51.99,52.32,9565781.0
1572580800,2019-11-01,52.28,52.61,51.84,51.99,3442542.0
1572843600,2019-11-04,51.93,51.93,50.68,50.79,3511409.0
1572930000,2019-11-05,50.54,50.77,49.76,49.88,4592926.0
1573016400,2019-11-06,49.93,50.54,49.82,50.47,6382814.0
1573102800,2019-11-07,49.92,50.15,48.99,49.7,5996934.0
1573189200,2019-11-08,49.41,49.8,49.15,49.5,5218957.0
1573448400,2019-11-11,49.52,49.68,49.32,49.49,3585353.0
1573534800,2019-11-12,49.6,49.71,49.42,49.57,1720303.0
1573621200,2019-11-13,49.68,50.88,49.68,50.78,4089285.0
1573707600,2019-11-14,50.71,51.18,50.38,50.5,3730514.0
1573794000,2019-11-15,50.54,50.63,49.7,50.15,4831972.0
1574053200,2019-11-18,50.21,50.79,50.05,50.16,3890471.0
1574139600,2019-11-19,50.21,50.79,49.82,50.52,3010464.0
1574226000,2019-11-20,50.51,50.92,50.4,50.82,2638481.0
1574312400,2019-11-21,50.87,50.98,50.48,50.83,2409304.0
1574398800,2019-11-22,50.87,51.05,50.04,50.47,2675919.0
1574658000,2019-11-25,50.58,50.71,49.98,50.09,3056480.0
1574744400,2019-11-26,50.08,50.48,49.93,50.4,7272379.0
1574830800,2019-11-27,50.47,50.77,50.18,50.72,2994328.0
1575003600,2019-11-29,50.89,51.14,50.56,50.66,1963799.0
1575262800,2019-12-02,50.49,50.69,50.13,50.42,3095163.0
1575349200,2019-12-03,50.57,50.87,50.44,50.63,3427280.0
1575435600,2019-12-04,50.39,51.17,50.39,51.09,2488261.0
1575522000,2019-12-05,50.92,51.21,50.72,51.2,2058238.0
1575608400,2019-12-06,51.09,51.31,50.74,51.08,2948767.0
1575867600,2019-12-09,51.24,51.36,50.74,50.86,2825726.0
1575954000,2019-12-10,50.87,51.09,50.77,50.92,1945301.0
1576040400,2019-12-11,51.08,51.25,50.87,51.21,2559507.0
1576126800,2019-12-12,51.07,51.45,50.28,50.55,4836949.0
1576213200,2019-12-13,50.54,51.39,50.34,51.29,3137609.0
1576472400,2019-12-16,51.23,51.95,51.14,51.93,3393339.0
1576558800,2019-12-17,52.08,52.61,51.92,52.28,3419512.0
1576645200,2019-12-18,52.37,52.66,52.1,52.55,4459024.0
1576731600,2019-12-19,52.73,52.74,52.37,52.6,3127504.0
1576818000,2019-12-20,52.79,53.28,52.51,52.85,11471268.0
1577077200,2019-12-23,53.04,53.05,51.71,51.92,4832837.0
1577163600,2019-12-24,51.86,52.16,51.67,52.12,1064630.0
1577336400,2019-12-26,52.1,52.26,51.86,52.06,1543142.0
1577422800,2019-12-27,52.08,52.37,51.98,52.33,2196031.0
1577682000,2019-12-30,52.19,52.48,52.01,52.48,1950268.0
1577768400,2019-12-31,52.48,52.69,52.35,52.64,2536489.0
1577941200,2020-01-02,52.69,52.72,51.57,51.72,3113401.0
1578027600,2020-01-03,51.64,52.17,51.64,51.97,2894681.0
1578286800,2020-01-06,52.04,52.19,51.68,51.9,2929187.0
1578373200,2020-01-07,51.53,51.84,51.38,51.79,2057095.0
1578459600,2020-01-08,51.9,51.94,51.51,51.74,7906220.0
1578546000,2020-01-09,51.53,52.04,51.5,51.86,7329370.0
1578632400,2020-01-10,51.86,52.11,51.82,51.94,8184736.0
1578891600,2020-01-13,51.86,52.69,51.86,52.54,3096099.0
1578978000,2020-01-14,52.49,52.75,52.15,52.63,2789331.0
1579064400,2020-01-15,52.88,53.56,52.84,53.46,2246273.0
1579150800,2020-01-16,53.64,53.99,53.5,53.92,2254359.0
1579237200,2020-01-17,54.03,54.29,53.69,54.2,2910171.0
1579582800,2020-01-21,54.21,54.73,54.04,54.73,5984011.0
1579669200,2020-01-22,54.81,55.06,54.74,54.9,3577700.0
1579755600,2020-01-23,54.87,55.53,54.83,55.47,2994739.0
1579842000,2020-01-24,55.34,55.95,55.21,55.7,2100654.0
1580101200,2020-01-27,55.67,56.13,55.26,55.49,1989413.0
1580187600,2020-01-28,55.51,55.94,55.46,55.74,2341189.0
1580274000,2020-01-29,55.7,55.9,55.36,55.9,2664768.0
1580360400,2020-01-30,55.77,57.1,55.51,57.01,3828646.0
1580446800,2020-01-31,57.22,57.73,57.01,57.37,5644660.0
1580706000,2020-02-03,57.75,57.89,57.43,57.59,4521357.0
1580792400,2020-02-04,57.54,57.85,57.23,57.46,4113289.0
1580878800,2020-02-05,57.88,57.88,57.01,57.46,3427139.0
1580965200,2020-02-06,57.32,57.66,57.22,57.46,4869330.0
1581051600,2020-02-07,57.62,57.66,56.96,56.97,2637114.0
1581310800,2020-02-10,57.14,57.31,56.83,57.26,2563104.0
1581397200,2020-02-11,57.26,57.4,57.08,57.18,2529301.0
1581483600,2020-02-12,57.01,57.42,56.84,57.24,2311224.0
1581570000,2020-02-13,57.28,57.95,57.15,57.89,2716898.0
1581656400,2020-02-14,58.03,58.37,57.85,58.26,2228237.0
1582002000,2020-02-18,58.56,59.23,58.51,59.0,4091982.0
1582088400,2020-02-19,58.82,59.07,58.68,58.7,2568935.0
1582174800,2020-02-20,58.66,58.86,58.2,58.6,2463496.0
1582261200,2020-02-21,58.64,59.22,58.41,58.72,4310230.0
1582520400,2020-02-24,59.44,59.82,58.22,58.35,4030712.0
1582606800,2020-02-25,58.44,58.58,56.99,57.08,4068315.0
1582693200,2020-02-26,57.48,57.62,56.65,56.67,3659156.0
1582779600,2020-02-27,56.66,56.94,53.74,53.77,4993682.0
1582866000,2020-02-28,53.13,53.13,50.79,51.67,9055940.0
1583125200,2020-03-02,51.59,54.72,51.53,54.62,6006080.0
1583211600,2020-03-03,54.24,55.94,54.06,54.49,6225154.0
1583298000,2020-03-04,55.17,57.55,54.78,57.38,3913256.0
1583384400,2020-03-05,56.25,58.06,55.93,57.42,6447321.0
1583470800,2020-03-06,55.15,58.17,54.92,58.17,7440491.0
1583726400,2020-03-09,55.02,58.03,54.15,56.38,10675171.0
1583812800,2020-03-10,56.84,58.61,54.81,56.79,9505755.0
1583899200,2020-03-11,55.58,56.57,54.42,55.41,6520979.0
1583985600,2020-03-12,52.65,55.93,49.74,51.18,8092733.0
1584072000,2020-03-13,52.91,55.82,50.93,55.81,6765537.0
1584331200,2020-03-16,50.82,55.94,47.94,48.73,8486836.0
1584417600,2020-03-17,49.88,56.16,49.8,54.22,9765603.0
1584504000,2020-03-18,51.34,53.44,48.15,51.24,7332006.0
1584590400,2020-03-19,51.38,52.17,47.8,48.42,7372865.0
1584676800,2020-03-20,49.26,49.39,41.77,42.28,10987225.0
1584936000,2020-03-23,42.17,42.58,38.89,41.75,6768919.0
1585022400,2020-03-24,42.82,45.35,42.23,45.13,6265886.0
1585108800,2020-03-25,44.54,47.64,43.9,46.38,6829171.0
1585195200,2020-03-26,46.71,48.95,45.87,48.35,6197288.0
1585281600,2020-03-27,47.5,50.6,46.75,49.07,5003499.0
1585540800,2020-03-30,50.03,52.7,49.29,52.24,7872011.0
1585627200,2020-03-31,51.64,51.81,49.94,50.35,8780250.0
1585713600,2020-04-01,48.73,49.34,47.56,48.5,4562412.0
1585800000,2020-04-02,47.87,51.02,47.69,50.45,3871530.0
1585886400,2020-04-03,50.0,50.45,47.84,48.31,3943463.0
1586145600,2020-04-06,49.55,51.94,49.21,51.06,5362344.0
1586232000,2020-04-07,51.03,52.11,48.93,49.46,4417183.0
1586318400,2020-04-08,49.64,52.84,49.16,52.44,3169848.0
1586404800,2020-04-09,52.29,55.64,52.28,55.33,4723920.0
1586750400,2020-04-13,54.75,55.25,52.62,53.15,2640745.0
1586836800,2020-04-14,54.2,55.43,54.04,55.32,3539332.0
1586923200,2020-04-15,54.77,55.08,53.36,53.69,2827246.0
1587009600,2020-04-16,53.46,54.72,53.39,54.48,3706939.0
1587096000,2020-04-17,55.75,56.3,54.61,56.07,3135206.0
1587355200,2020-04-20,56.14,56.31,53.7,53.73,3880723.0
1587441600,2020-04-21,52.86,53.71,52.41,52.95,4642335.0
1587528000,2020-04-22,53.75,55.03,53.51,54.54,2862991.0
1587614400,2020-04-23,54.18,54.63,52.94,53.76,3289497.0
1587700800,2020-04-24,52.86,53.98,52.86,53.92,3314631.0
1587960000,2020-04-27,54.1,54.83,54.08,54.67,2998480.0
1588046400,2020-04-28,55.12,55.84,54.64,55.25,3451163.0
1588132800,2020-04-29,56.01,56.01,54.02,54.34,4243702.0
1588219200,2020-04-30,54.42,54.83,52.8,53.07,4135047.0
1588305600,2020-05-01,52.75,52.75,51.38,51.92,3801268.0
1588564800,2020-05-04,52.1,52.43,51.49,52.1,2943520.0
1588651200,2020-05-05,52.1,53.37,52.1,52.83,3723991.0
1588737600,2020-05-06,52.87,53.36,50.88,51.12,11635238.0
1588824000,2020-05-07,52.5,53.06,49.94,50.07,3617342.0
1588910400,2020-05-08,50.71,50.91,50.0,50.36,2840222.0
1589169600,2020-05-11,49.93,50.3,49.21,50.21,3068863.0
1589256000,2020-05-12,50.28,50.48,49.03,49.09,2757751.0
1589342400,2020-05-13,48.32,48.72,47.95,48.48,5272766.0
1589428800,2020-05-14,48.37,48.64,46.82,48.6,6732185.0
1589515200,2020-05-15,48.5,48.57,47.17,48.34,7261552.0
1589774400,2020-05-18,49.54,50.38,49.1,50.21,2459050.0
1589860800,2020-05-19,49.89,50.38,49.54,49.85,2757791.0
1589947200,2020-05-20,50.09,50.43,49.57,50.31,2936985.0
1590033600,2020-05-21,50.07,50.41,49.89,50.22,2943507.0
1590120000,2020-05-22,50.1,50.48,49.8,50.41,2232840.0
1590465600,2020-05-26,50.84,51.79,50.43,50.98,3078011.0
1590552000,2020-05-27,51.57,51.92,51.0,51.54,3208335.0
1590638400,2020-05-28,52.24,53.54,51.94,53.45,2996063.0
1590724800,2020-05-29,53.6,54.53,52.92,54.3,4572060.0
1590984000,2020-06-01,54.6,55.16,53.71,54.9,2097908.0
1591070400,2020-06-02,55.07,55.22,54.5,55.17,3970632.0
1591156800,2020-06-03,55.42,56.39,55.23,55.79,2865057.0
1591243200,2020-06-04,55.16,55.69,53.59,54.3,2627811.0
1591329600,2020-06-05,54.37,55.54,54.3,54.49,3329075.0
1591588800,2020-06-08,53.95,56.09,53.94,55.9,2972779.0
1591675200,2020-06-09,55.63,55.64,54.54,55.41,2507127.0
1591761600,2020-06-10,55.63,56.33,55.37,55.89,3055821.0
1591848000,2020-06-11,55.58,55.69,53.75,54.34,4048052.0
1591934400,2020-06-12,54.99,54.99,52.77,53.51,3904190.0
1592193600,2020-06-15,52.64,53.87,52.23,53.39,3263629.0
1592280000,2020-06-16,54.88,55.17,53.34,53.58,3216675.0
1592366400,2020-06-17,54.05,54.12,53.01,53.71,2822298.0
1592452800,2020-06-18,53.51,54.31,53.32,54.23,3297619.0
1592539200,2020-06-19,54.3,54.95,53.22,53.81,9389699.0
1592798400,2020-06-22,53.7,55.27,53.05,54.77,4008623.0
1592884800,2020-06-23,55.05,55.31,53.77,53.96,2487516.0
1592971200,2020-06-24,53.5,53.98,52.89,53.53,2540748.0
1593057600,2020-06-25,53.76,53.78,52.22,52.88,2426790.0
1593144000,2020-06-26,52.82,53.48,51.77,52.38,6168807.0
1593403200,2020-06-29,52.96,52.96,52.12,52.56,3041116.0
1593489600,2020-06-30,52.67,53.1,52.33,52.54,4879698.0
1593576000,2020-07-01,52.41,54.08,52.41,53.96,4985049.0
1593662400,2020-07-02,54.53,54.7,53.78,53.88,3461309.0
1594008000,2020-07-06,54.41,54.62,52.98,53.45,3421879.0
1594094400,2020-07-07,53.04,53.67,52.68,53.46,2751895.0
1594180800,2020-07-08,53.33,53.85,52.96,53.61,3444155.0
1594267200,2020-07-09,53.02,53.44,52.24,53.16,2036558.0
1594353600,2020-07-10,53.25,54.0,53.14,53.61,1845790.0
1594612800,2020-07-13,53.1,54.58,53.1,53.94,2494081.0
1594699200,2020-07-14,53.71,54.73,53.71,54.34,3406552.0
1594785600,2020-07-15,54.7,55.13,53.83,53.97,2674415.0
1594872000,2020-07-16,54.19,54.81,53.92,54.63,2671614.0
1594958400,2020-07-17,55.07,55.9,54.69,55.81,2417726.0
1595217600,2020-07-20,55.8,56.04,55.25,55.44,1815288.0
1595304000,2020-07-21,55.67,56.27,55.29,55.67,3342036.0
1595390400,2020-07-22,55.64,57.8,55.35,57.48,2922274.0
1595476800,2020-07-23,57.4,57.82,57.02,57.39,2127721.0
1595563200,2020-07-24,57.82,57.99,56.73,57.06,1774484.0
1595822400,2020-07-27,57.15,57.3,56.26,56.75,2217163.0
1595908800,2020-07-28,56.66,57.92,56.52,57.47,1860296.0
1595995200,2020-07-29,57.47,57.84,57.12,57.78,1998530.0
1596081600,2020-07-30,57.06,58.47,56.71,58.0,2413514.0
1596168000,2020-07-31,57.6,58.34,57.2,58.04,3089463.0
1596427200,2020-08-03,57.79,58.01,57.33,57.8,2507044.0
1596513600,2020-08-04,57.78,59.04,57.49,58.79,3577219.0
1596600000,2020-08-05,59.05,59.05,58.09,58.67,2960982.0
1596686400,2020-08-06,58.67,59.13,58.35,58.93,2689430.0
1596772800,2020-08-07,59.16,61.23,59.0,60.81,5479923.0
1597032000,2020-08-10,60.72,61.37,60.32,60.9,3015996.0
1597118400,2020-08-11,60.83,60.92,59.17,59.28,3983653.0
1597204800,2020-08-12,59.45,60.56,59.29,60.09,2327300.0
1597291200,2020-08-13,59.75,60.17,59.53,59.92,1695603.0
1597377600,2020-08-14,59.92,60.11,59.32,59.46,3622275.0
1597636800,2020-08-17,59.7,59.7,58.95,59.01,2367774.0
1597723200,2020-08-18,58.95,59.25,58.63,58.84,1750597.0
1597809600,2020-08-19,59.06,59.06,58.37,58.49,1937690.0
1597896000,2020-08-20,58.26,58.67,57.85,58.01,2318122.0
1597982400,2020-08-21,58.11,58.63,57.72,58.52,2074581.0
1598241600,2020-08-24,58.63,59.2,58.05,59.19,1424957.0
1598328000,2020-08-25,59.07,59.1,57.78,57.98,1925334.0
1598414400,2020-08-26,57.58,57.74,56.84,57.27,2151340.0
1598500800,2020-08-27,57.65,57.92,57.25,57.69,2111919.0
1598587200,2020-08-28,57.65,57.74,56.85,57.71,2464349.0
1598846400,2020-08-31,57.12,58.58,57.12,58.4,2552964.0
1598932800,2020-09-01,58.06,58.06,57.18,57.63,2386980.0
1599019200,2020-09-02,57.52,60.31,57.26,60.15,3236486.0
1599105600,2020-09-03,60.39,60.89,58.89,59.39,3313071.0
1599192000,2020-09-04,59.65,59.88,58.14,58.86,2810082.0
1599537600,2020-09-08,58.67,58.85,57.5,58.1,2669563.0
1599624000,2020-09-09,58.12,59.98,58.12,59.34,2501327.0
1599710400,2020-09-10,58.8,59.41,58.04,58.11,2476422.0
1599796800,2020-09-11,58.21,58.3,57.3,57.88,2591446.0
1600056000,2020-09-14,57.88,59.12,57.81,58.82,2116861.0
1600142400,2020-09-15,59.09,60.18,59.05,59.56,2032866.0
1600228800,2020-09-16,59.74,60.34,59.36,59.99,2487257.0
1600315200,2020-09-17,59.09,59.26,57.57,57.89,3140311.0
1600401600,2020-09-18,57.82,58.0,56.27,56.59,5567210.0
1600660800,2020-09-21,56.48,56.74,55.56,56.37,2082123.0
1600747200,2020-09-22,56.29,57.25,56.0,56.56,1954213.0
1600833600,2020-09-23,56.64,56.79,55.89,55.99,2628300.0
1600920000,2020-09-24,55.91,57.07,55.66,56.73,2367826.0
1601006400,2020-09-25,56.42,58.02,56.26,57.94,2519920.0
1601265600,2020-09-28,58.24,58.58,57.83,58.24,2546460.0
1601352000,2020-09-29,58.46,58.8,57.85,58.06,2426242.0
1601438400,2020-09-30,58.4,58.87,58.12,58.37,4021306.0
1601524800,2020-10-01,58.71,59.56,58.57,59.53,2579230.0
1601611200,2020-10-02,59.12,59.96,58.77,59.61,2559917.0
1601870400,2020-10-05,59.58,60.52,58.87,60.45,1781415.0
1601956800,2020-10-06,60.16,61.7,60.03,61.28,2797485.0
1602043200,2020-10-07,61.42,61.59,60.28,60.98,1962386.0
1602129600,2020-10-08,61.26,61.52,60.94,61.33,2174895.0
1602216000,2020-10-09,61.74,61.81,61.1,61.5,1776631.0
1602475200,2020-10-12,61.89,62.94,61.64,62.27,2674978.0
1602561600,2020-10-13,62.08,62.13,61.31,61.75,2920406.0
1602648000,2020-10-14,62.04,62.04,60.95,61.2,1986855.0
1602734400,2020-10-15,60.76,61.68,60.69,61.07,2275945.0
1602820800,2020-10-16,61.13,62.2,60.77,61.86,3206531.0
1603080000,2020-10-19,61.65,62.03,60.44,60.64,4684736.0
1603166400,2020-10-20,60.93,61.04,60.18,60.5,2190542.0
1603252800,2020-10-21,60.5,60.97,60.14,60.5,2432522.0
1603339200,2020-10-22,60.52,60.9,60.1,60.4,2290131.0
1603425600,2020-10-23,60.83,60.85,60.17,60.45,1856091.0
1603684800,2020-10-26,59.77,60.71,59.53,60.64,1948876.0
1603771200,2020-10-27,60.87,61.85,60.44,61.18,2852001.0
1603857600,2020-10-28,60.53,61.31,59.34,59.43,3213741.0
1603944000,2020-10-29,59.18,60.49,58.28,59.83,3683635.0
1604030400,2020-10-30,59.36,60.01,58.63,59.23,2957397.0
1604293200,2020-11-02,60.1,61.32,59.42,60.71,2948833.0
1604379600,2020-11-03,61.08,62.63,61.08,61.73,2890503.0
1604466000,2020-11-04,62.49,63.11,61.39,61.51,2687693.0
1604552400,2020-11-05,62.39,63.33,61.97,62.36,2287268.0
1604638800,2020-11-06,62.79,62.93,61.89,62.01,1715808.0
1604898000,2020-11-09,63.76,64.66,62.02,62.11,3297673.0
1604984400,2020-11-10,61.86,62.65,61.66,62.36,2844641.0
1605070800,2020-11-11,62.89,63.98,62.24,63.18,2431791.0
1605157200,2020-11-12,62.66,63.08,61.88,62.39,2390655.0
1605243600,2020-11-13,62.69,63.01,62.34,62.66,1440486.0
1605502800,2020-11-16,62.85,63.26,62.2,63.19,2401365.0
1605589200,2020-11-17,62.93,63.24,61.34,61.43,2926884.0
1605675600,2020-11-18,61.86,61.89,59.6,59.63,2525821.0
1605762000,2020-11-19,59.61,59.71,57.94,58.66,4405411.0
1605848400,2020-11-20,58.62,59.22,58.37,58.62,2855589.0
1606107600,2020-11-23,58.91,58.94,57.35,57.82,6724666.0
1606194000,2020-11-24,58.03,58.32,57.0,57.63,7555633.0
1606280400,2020-11-25,57.67,58.11,57.0,57.61,6865189.0
1606453200,2020-11-27,57.79,57.8,56.82,57.2,3152625.0
1606712400,2020-11-30,57.19,57.49,56.67,56.98,10483415.0
1606798800,2020-12-01,57.2,58.51,57.18,57.86,5674714.0
1606885200,2020-12-02,57.67,58.24,56.95,58.09,5305651.0
1606971600,2020-12-03,57.78,58.01,56.69,56.93,2662856.0
1607058000,2020-12-04,56.81,57.13,55.33,55.61,2558595.0
1607317200,2020-12-07,55.64,56.55,55.5,56.34,2545216.0
1607403600,2020-12-08,56.04,56.41,55.65,55.86,2286622.0
1607490000,2020-12-09,55.83,56.04,55.06,55.45,2557633.0
1607576400,2020-12-10,55.58,55.73,54.85,55.13,2476560.0
1607662800,2020-12-11,54.84,55.17,54.51,54.98,2556491.0
1607922000,2020-12-14,55.19,56.21,54.99,55.01,2752627.0
1608008400,2020-12-15,55.38,56.13,54.8,55.84,2344760.0
1608094800,2020-12-16,55.97,56.59,55.39,55.48,2390701.0
1608181200,2020-12-17,55.82,57.05,55.68,56.68,3593609.0
1608267600,2020-12-18,56.93,57.1,55.73,55.91,8899079.0
1608526800,2020-12-21,55.17,55.46,54.41,55.31,3637223.0
1608613200,2020-12-22,55.23,55.44,54.88,55.2,2105063.0
1608699600,2020-12-23,55.48,55.83,54.72,54.76,1406815.0
1608786000,2020-12-24,54.82,55.13,54.53,55.03,730805.0
1609131600,2020-12-28,55.24,55.71,55.14,55.62,2035348.0
1609218000,2020-12-29,55.77,56.0,55.37,55.7,2120866.0
1609304400,2020-12-30,55.78,56.07,55.68,55.9,1627339.0
1609390800,2020-12-31,55.98,56.89,55.68,56.77,2248537.0
1609736400,2021-01-04,56.65,56.94,55.45,55.9,3814878.0
1609822800,2021-01-05,55.85,56.13,54.92,55.36,2370180.0
1609909200,2021-01-06,54.99,57.05,54.99,56.59,3120521.0
1609995600,2021-01-07,56.88,56.88,55.28,55.48,3048950.0
1610082000,2021-01-08,55.39,56.14,55.25,55.99,2743046.0
1610341200,2021-01-11,55.92,56.08,54.42,54.83,2581686.0
1610427600,2021-01-12,54.82,54.89,53.79,53.98,3222212.0
1610514000,2021-01-13,54.11,55.44,53.8,55.35,3000036.0
1610600400,2021-01-14,55.2,55.31,53.99,54.12,2014747.0
1610686800,2021-01-15,53.99,55.39,53.67,55.31,4573233.0
1611032400,2021-01-19,55.55,55.62,54.72,55.1,3128192.0
1611118800,2021-01-20,54.92,55.89,54.76,55.71,3042025.0
1611205200,2021-01-21,55.32,55.75,55.07,55.44,2150729.0
1611291600,2021-01-22,55.36,55.49,54.84,55.14,2166751.0
1611550800,2021-01-25,55.0,56.65,54.71,56.62,2948945.0
1611637200,2021-01-26,56.37,56.41,55.35,56.03,2542570.0
1611723600,2021-01-27,55.66,56.35,54.28,54.34,3936704.0
1611810000,2021-01-28,53.79,55.72,52.78,54.19,3533419.0
1611896400,2021-01-29,53.79,55.0,53.57,54.48,3025929.0
1612155600,2021-02-01,54.62,55.28,53.94,54.44,3090590.0
1612242000,2021-02-02,54.39,55.48,54.16,54.66,2242475.0
1612328400,2021-02-03,54.57,54.65,53.73,53.79,2344495.0
1612414800,2021-02-04,53.71,54.32,53.41,54.14,2878221.0
1612501200,2021-02-05,54.31,54.44,53.89,54.02,1874457.0
1612760400,2021-02-08,54.0,54.11,52.93,53.0,2101592.0
1612846800,2021-02-09,53.31,53.41,52.36,52.89,1818015.0
1612933200,2021-02-10,52.97,53.3,52.42,53.03,1915070.0
1613019600,2021-02-11,52.87,53.22,52.36,52.42,1953891.0
1613106000,2021-02-12,52.36,52.59,51.94,52.4,3197040.0
1613451600,2021-02-16,52.22,52.48,51.5,51.52,2447059.0
1613538000,2021-02-17,51.47,52.15,51.41,51.85,2853029.0
1613624400,2021-02-18,51.78,53.16,51.77,53.04,3771237.0
1613710800,2021-02-19,51.78,53.16,51.77,53.04,3771237.0
1613970000,2021-02-22,53.34,53.34,50.78,51.45,3649102.0
1614056400,2021-02-23,51.46,52.91,51.46,52.73,3766527.0
1614142800,2021-02-24,52.47,52.5,51.18,51.27,3002328.0
1614229200,2021-02-25,50.9,51.53,50.6,50.95,3115417.0
1614315600,2021-02-26,51.07,51.64,49.81,49.89,4437248.0
1614574800,2021-03-01,50.38,51.34,50.27,50.36,5409173.0
1614661200,2021-03-02,50.27,50.59,49.55,50.22,3711387.0
1614747600,2021-03-03,50.09,50.15,48.73,49.41,3188725.0
1614834000,2021-03-04,49.27,50.82,49.2,50.17,5726099.0
1614920400,2021-03-05,50.31,52.37,50.26,52.24,5128855.0
1615179600,2021-03-08,52.25,53.33,51.96,52.76,5550369.0
1615266000,2021-03-09,53.07,53.3,52.63,52.92,5502898.0
1615352400,2021-03-10,52.99,53.42,52.67,52.94,4040442.0
1615438800,2021-03-11,52.64,53.55,52.64,52.67,3242275.0
1615525200,2021-03-12,52.64,53.69,52.44,53.25,3512131.0
1615780800,2021-03-15,53.45,54.44,53.45,54.1,5926837.0
1615867200,2021-03-16,54.02,54.58,53.92,54.39,3437378.0
1615953600,2021-03-17,54.33,54.38,53.65,53.77,3910131.0
1616040000,2021-03-18,53.44,53.82,52.93,53.52,3891380.0
1616126400,2021-03-19,53.38,54.36,53.06,54.03,13696244.0
1616385600,2021-03-22,53.92,54.97,53.9,54.68,4131630.0
1616472000,2021-03-23,55.14,56.38,54.54,56.13,4191161.0
1616558400,2021-03-24,55.71,56.76,55.62,56.25,3756904.0
1616644800,2021-03-25,56.58,57.1,56.03,56.61,3926601.0
1616731200,2021-03-26,56.45,56.93,55.86,56.88,2972832.0
1616990400,2021-03-29,56.79,57.68,56.27,57.47,2703663.0
1617076800,2021-03-30,56.95,57.19,56.2,56.62,2620835.0
1617163200,2021-03-31,56.61,57.3,56.49,57.05,5132964.0
1617249600,2021-04-01,57.05,57.3,56.58,57.29,3147648.0
1617595200,2021-04-05,57.45,58.94,57.24,58.42,3985307.0
1617681600,2021-04-06,58.02,58.61,57.74,58.46,2569646.0
1617768000,2021-04-07,58.36,58.78,58.1,58.37,2731882.0
1617854400,2021-04-08,58.56,58.7,58.02,58.08,2778569.0
1617940800,2021-04-09,58.16,58.57,57.77,57.84,2851394.0
1618200000,2021-04-12,57.72,58.32,57.72,58.25,2910710.0
1618286400,2021-04-13,57.95,58.96,57.86,58.74,2571048.0
1618372800,2021-04-14,58.65,58.96,57.92,58.91,2752330.0
1618459200,2021-04-15,58.81,60.15,58.78,60.01,4402018.0
1618545600,2021-04-16,60.28,60.83,59.89,60.36,12157019.0
1618804800,2021-04-19,60.47,60.72,59.88,60.46,3307278.0
1618891200,2021-04-20,60.65,61.58,60.25,61.37,2697441.0
1618977600,2021-04-21,61.5,61.95,60.84,61.17,2575822.0
1619064000,2021-04-22,61.08,61.36,60.72,61.0,3260110.0
1619150400,2021-04-23,61.05,61.48,60.84,60.97,3644556.0
1619409600,2021-04-26,60.88,60.98,60.4,60.55,2785209.0
1619496000,2021-04-27,60.76,61.12,59.97,60.04,2352205.0
1619582400,2021-04-28,60.11,60.27,59.54,59.88,2586025.0
1619668800,2021-04-29,60.0,60.79,59.65,60.52,2189608.0
1619755200,2021-04-30,60.53,61.22,60.11,61.16,3303623.0
1620014400,2021-05-03,61.16,61.89,61.05,61.43,2040553.0
1620100800,2021-05-04,60.91,61.88,60.91,61.62,4119629.0
1620187200,2021-05-05,61.52,61.54,60.16,60.68,2708749.0
1620273600,2021-05-06,60.78,61.71,60.7,61.37,2352316.0
1620360000,2021-05-07,61.58,61.92,61.17,61.17,2208877.0
1620619200,2021-05-10,61.49,62.49,61.43,62.26,3435257.0
1620705600,2021-05-11,62.21,62.56,60.45,60.92,3057178.0
1620792000,2021-05-12,61.06,61.23,60.02,60.19,3175660.0
1620878400,2021-05-13,59.7,61.37,59.62,61.0,2822554.0
1620964800,2021-05-14,61.11,61.67,61.03,61.52,3348846.0
1621224000,2021-05-17,60.71,61.84,60.55,60.73,4225419.0
1621310400,2021-05-18,60.69,61.04,60.43,60.73,2463435.0
1621396800,2021-05-19,60.64,60.73,59.85,60.53,3245616.0
1621483200,2021-05-20,60.47,61.67,60.47,61.4,3533138.0
1621569600,2021-05-21,61.56,61.97,61.24,61.79,3201840.0
1621828800,2021-05-24,62.21,62.24,61.42,61.47,2501234.0
1621915200,2021-05-25,61.51,61.7,60.91,61.1,2377989.0
1622001600,2021-05-26,61.07,61.19,60.78,60.9,2082626.0
1622088000,2021-05-27,60.97,61.01,60.25,60.27,4434335.0
1622174400,2021-05-28,61.11,61.22,60.62,60.79,3250929.0
1622520000,2021-06-01,61.04,61.07,59.91,60.04,2761647.0
1622606400,2021-06-02,60.25,60.79,59.96,60.25,2694921.0
1622692800,2021-06-03,59.79,60.72,59.61,60.45,4648127.0
1622779200,2021-06-04,60.71,60.81,60.0,60.11,2590861.0
1623038400,2021-06-07,60.21,60.32,60.0,60.14,3360432.0
1623124800,2021-06-08,60.01,60.21,58.73,59.01,2461453.0
1623211200,2021-06-09,59.03,59.68,58.86,59.48,3337464.0
1623297600,2021-06-10,59.57,59.92,59.3,59.72,2533896.0
1623384000,2021-06-11,59.66,59.83,59.22,59.65,2515407.0
1623643200,2021-06-14,59.57,59.82,59.19,59.64,1914201.0
1623729600,2021-06-15,59.76,60.01,59.57,59.74,2497100.0
1623816000,2021-06-16,59.91,60.02,58.47,58.5,2958843.0
1623902400,2021-06-17,58.45,59.3,58.15,59.01,3098659.0
1623988800,2021-06-18,58.81,58.82,57.38,57.5,6082697.0
1624248000,2021-06-21,57.64,58.11,57.23,57.97,2385018.0
1624334400,2021-06-22,57.97,58.19,57.55,57.63,2082165.0
1624420800,2021-06-23,57.35,57.61,57.08,57.18,2738201.0
1624507200,2021-06-24,57.18,57.36,56.85,57.21,1863914.0
1624593600,2021-06-25,57.21,57.98,57.09,57.93,2494508.0
1624852800,2021-06-28,58.07,58.44,57.71,57.9,2227152.0
1624939200,2021-06-29,57.67,58.02,56.61,56.73,2728207.0
1625025600,2021-06-30,56.73,57.1,56.54,56.88,2966253.0
1625112000,2021-07-01,57.07,58.0,56.66,57.87,3574507.0
1625198400,2021-07-02,58.03,58.19,57.51,57.69,1985448.0
1625544000,2021-07-06,57.55,57.97,56.94,57.91,3340380.0
1625630400,2021-07-07,57.97,58.49,57.64,58.44,2239384.0
1625716800,2021-07-08,58.27,58.89,58.08,58.28,2488974.0
1625803200,2021-07-09,58.19,58.56,57.76,58.43,2984328.0
1626062400,2021-07-12,58.33,58.62,57.99,58.57,2287998.0
1626148800,2021-07-13,58.54,58.84,58.15,58.35,2285021.0
1626235200,2021-07-14,58.42,59.1,58.0,58.79,3583533.0
1626321600,2021-07-15,58.75,59.36,58.62,59.33,3777534.0
1626408000,2021-07-16,59.26,60.12,59.26,59.69,3652027.0
1626667200,2021-07-19,59.89,60.71,58.33,58.94,4519369.0
1626753600,2021-07-20,59.13,59.83,58.69,58.85,3488179.0
1626840000,2021-07-21,58.73,58.92,57.82,57.9,2605911.0
1626926400,2021-07-22,57.81,58.29,57.72,58.05,2253511.0
1627012800,2021-07-23,58.27,58.97,58.11,58.94,2070082.0
1627272000,2021-07-26,58.89,59.07,58.39,58.98,1896458.0
1627358400,2021-07-27,58.89,60.15,58.67,59.97,2758147.0
1627444800,2021-07-28,59.87,60.01,58.9,59.32,2424378.0
1627531200,2021-07-29,60.23,60.23,59.0,59.39,1775628.0
1627617600,2021-07-30,59.44,60.05,58.81,58.93,2966969.0
1627876800,2021-08-02,59.02,59.51,58.65,59.19,2866644.0
1627963200,2021-08-03,59.26,59.89,59.05,59.32,2138110.0
1628049600,2021-08-04,59.16,59.62,58.62,59.53,3355360.0
1628136000,2021-08-05,59.65,59.92,59.12,59.78,2371606.0
1628222400,2021-08-06,59.65,60.08,59.3,59.64,2464404.0
1628481600,2021-08-09,59.64,59.96,59.25,59.68,1625436.0
1628568000,2021-08-10,59.73,59.73,59.23,59.32,1783136.0
1628654400,2021-08-11,59.55,59.95,59.44,59.63,1985348.0
1628740800,2021-08-12,59.6,59.87,59.21,59.39,2635544.0
1628827200,2021-08-13,59.63,59.81,59.43,59.61,1783872.0
1629086400,2021-08-16,59.83,60.72,59.73,60.24,2691078.0
1629172800,2021-08-17,60.13,60.52,59.96,60.39,2260468.0
1629259200,2021-08-18,60.24,60.51,59.63,59.86,2848236.0
1629345600,2021-08-19,60.05,60.83,59.94,60.54,3889954.0
1629432000,2021-08-20,60.17,61.37,60.07,60.96,4169654.0
1629691200,2021-08-23,60.66,60.75,59.57,59.57,3065052.0
1629777600,2021-08-24,59.57,59.72,58.35,58.96,2717071.0
1629864000,2021-08-25,58.86,59.45,58.29,58.98,2512431.0
1629950400,2021-08-26,58.76,59.09,58.35,58.97,1848062.0
1630036800,2021-08-27,59.7,59.7,58.77,59.32,3854032.0
1630296000,2021-08-30,59.17,59.87,58.95,59.6,1901244.0
1630382400,2021-08-31,59.63,59.93,59.0,59.36,3223475.0
1630468800,2021-09-01,59.59,60.4,59.43,60.22,2020603.0
1630555200,2021-09-02,60.27,60.75,60.23,60.71,1744176.0
1630641600,2021-09-03,60.53,60.8,60.01,60.27,2172134.0
1630987200,2021-09-07,59.91,59.91,58.62,58.62,2675106.0
1631073600,2021-09-08,58.5,59.9,58.38,59.84,2339703.0
1631160000,2021-09-09,59.62,60.05,59.39,59.81,3075567.0
1631246400,2021-09-10,59.77,59.77,58.46,58.5,2673341.0
1631505600,2021-09-13,58.89,59.14,57.87,57.92,2755712.0
1631592000,2021-09-14,58.18,58.3,57.4,57.47,3167835.0
1631678400,2021-09-15,57.04,57.6,56.77,56.9,3478755.0
1631764800,2021-09-16,56.81,57.33,56.43,56.51,3571215.0
1631851200,2021-09-17,56.35,56.58,55.47,55.64,9137042.0
1632110400,2021-09-20,55.94,56.0,54.74,55.15,5746797.0
1632196800,2021-09-21,55.27,55.73,54.94,55.02,3449129.0
1632283200,2021-09-22,55.0,55.45,54.75,54.94,3908104.0
1632369600,2021-09-23,54.8,55.37,54.63,54.68,3140876.0
1632456000,2021-09-24,54.72,55.21,54.52,55.05,4121444.0
1632715200,2021-09-27,54.96,55.38,54.06,54.12,3794603.0
1632801600,2021-09-28,54.14,54.27,53.17,53.4,5518409.0
1632888000,2021-09-29,53.46,54.81,53.21,54.48,3381906.0
1632974400,2021-09-30,54.44,54.79,54.11,54.34,4923254.0
1633060800,2021-10-01,55.38,55.4,54.26,54.33,4957799.0
1633320000,2021-10-04,54.24,55.76,54.14,55.55,5525108.0
1633406400,2021-10-05,55.64,55.71,54.9,55.03,3947293.0
1633492800,2021-10-06,54.82,55.98,54.61,55.93,3302499.0
1633579200,2021-10-07,56.07,56.6,55.57,55.61,3213317.0
1633665600,2021-10-08,55.63,55.73,54.86,54.94,2438709.0
1633924800,2021-10-11,54.31,54.8,53.56,54.28,5653606.0
1634011200,2021-10-12,54.24,54.85,54.04,54.77,4360986.0
1634097600,2021-10-13,55.54,56.07,54.85,55.98,5481222.0
1634184000,2021-10-14,56.13,57.22,55.87,56.88,5645230.0
1634270400,2021-10-15,56.93,57.38,56.67,57.32,25049107.0
1634529600,2021-10-18,56.87,56.94,55.95,56.23,3571063.0
1634616000,2021-10-19,56.83,56.83,56.18,56.45,2937088.0
1634702400,2021-10-20,56.66,57.29,56.63,57.0,2852040.0
1634788800,2021-10-21,57.07,57.29,56.76,57.04,2655300.0
1634875200,2021-10-22,57.2,57.37,56.93,56.99,2217692.0
1635134400,2021-10-25,56.94,56.94,56.13,56.21,3003748.0
1635220800,2021-10-26,56.27,56.56,56.02,56.06,4371160.0
1635307200,2021-10-27,56.2,56.45,54.88,55.11,3877144.0
1635393600,2021-10-28,54.84,56.15,54.19,55.93,3493588.0
1635480000,2021-10-29,56.96,57.03,55.72,56.15,4718049.0
1635739200,2021-11-01,56.0,56.32,55.74,56.07,3343129.0
1635825600,2021-11-02,56.4,56.55,55.71,56.26,2849344.0
1635912000,2021-11-03,55.94,56.37,54.74,55.21,2771546.0
1635998400,2021-11-04,55.14,55.47,54.5,54.83,5601747.0
1636084800,2021-11-05,55.13,55.76,55.01,55.47,4795615.0
1636347600,2021-11-08,55.5,55.63,54.21,54.54,2971487.0
1636434000,2021-11-09,54.61,55.47,54.5,55.29,6569798.0
1636520400,2021-11-10,55.49,56.07,55.3,55.98,2579048.0
1636606800,2021-11-11,55.9,55.9,54.81,55.21,2111605.0
1636693200,2021-11-12,55.14,55.31,54.6,54.88,4150493.0
1636952400,2021-11-15,55.01,55.94,54.91,55.91,2584121.0
1637038800,2021-11-16,55.94,56.29,55.7,55.74,3265801.0
1637125200,2021-11-17,55.61,56.55,55.36,56.48,3822704.0
1637211600,2021-11-18,56.31,56.31,55.64,55.93,2706538.0
1637298000,2021-11-19,55.91,56.72,55.74,56.6,3632953.0
1637557200,2021-11-22,56.8,58.27,56.47,57.65,5702776.0
1637643600,2021-11-23,57.48,57.81,56.97,57.24,2192905.0
1637730000,2021-11-24,57.27,57.33,56.77,56.99,2309186.0
1637902800,2021-11-26,56.96,57.45,56.18,56.3,2492830.0
1638162000,2021-11-29,56.27,57.19,55.81,57.02,3045043.0
1638248400,2021-11-30,56.84,56.84,55.21,55.41,5741814.0
1638334800,2021-12-01,56.0,57.0,55.51,55.82,4021969.0
1638421200,2021-12-02,55.98,56.73,55.87,56.2,3481757.0
1638507600,2021-12-03,56.55,57.01,55.78,56.66,3763327.0
1638766800,2021-12-06,57.12,57.72,56.63,56.67,4189769.0
1638853200,2021-12-07,56.6,57.43,56.38,57.41,5626168.0
1638939600,2021-12-08,57.47,58.53,57.31,58.34,3381862.0
1639026000,2021-12-09,58.29,58.44,57.8,58.07,3481912.0
1639112400,2021-12-10,58.47,58.64,57.73,57.82,3473907.0
1639371600,2021-12-13,57.77,58.99,57.77,58.65,2865617.0
1639458000,2021-12-14,58.53,58.83,58.0,58.59,3643478.0
1639544400,2021-12-15,58.82,59.88,58.77,59.83,3876203.0
1639630800,2021-12-16,59.62,60.48,59.39,59.94,4146978.0
1639717200,2021-12-17,59.41,59.87,58.11,58.25,7027902.0
1639976400,2021-12-20,57.74,58.46,57.1,58.35,2920350.0
1640062800,2021-12-21,58.68,58.88,57.86,58.07,3792533.0
1640149200,2021-12-22,57.56,58.6,57.56,58.41,2471784.0
1640235600,2021-12-23,58.47,58.68,58.19,58.31,3295358.0
1640581200,2021-12-27,58.49,58.59,58.11,58.49,1484513.0
1640667600,2021-12-28,58.49,59.2,58.49,59.19,1410708.0
1640754000,2021-12-29,59.28,59.59,59.06,59.49,1751500.0
1640840400,2021-12-30,59.72,59.78,59.34,59.73,1942727.0
1640926800,2021-12-31,59.03,59.51,58.14,59.26,6140352.0
1641186000,2022-01-03,59.22,59.52,58.5,59.47,3974437.0
1641272400,2022-01-04,59.41,60.86,59.32,59.85,4917368.0
1641358800,2022-01-05,59.85,61.11,59.67,60.44,4643726.0
1641445200,2022-01-06,60.56,60.9,59.81,59.96,2638982.0
1641531600,2022-01-07,59.76,60.78,59.31,60.49,3162728.0
1641790800,2022-01-10,60.83,61.46,60.64,61.15,4383102.0
1641877200,2022-01-11,61.01,61.29,59.66,60.05,4133424.0
1641963600,2022-01-12,59.82,60.11,59.39,60.04,2480058.0
1642050000,2022-01-13,60.17,60.66,59.99,60.42,3045282.0
1642136400,2022-01-14,60.47,60.74,60.01,60.37,3570298.0
1642482000,2022-01-18,59.83,60.2,59.04,59.87,4235306.0
1642568400,2022-01-19,59.87,60.35,59.26,59.63,4232723.0
1642654800,2022-01-20,59.8,60.3,59.56,59.68,4216687.0
1642741200,2022-01-21,59.99,60.7,59.57,59.72,5500645.0
1643000400,2022-01-24,60.09,60.46,57.42,59.03,4890370.0
1643086800,2022-01-25,58.92,59.92,58.76,59.42,5231851.0
1643173200,2022-01-26,59.21,60.15,58.64,59.19,4592776.0
1643259600,2022-01-27,59.03,60.68,58.47,60.35,4848112.0
1643346000,2022-01-28,58.14,61.18,58.14,61.14,3874167.0
1643605200,2022-01-31,60.51,61.06,60.12,60.98,4223003.0
1643691600,2022-02-01,60.8,61.02,59.4,59.95,3949587.0
1643778000,2022-02-02,59.66,60.97,59.6,60.92,2936619.0
1643864400,2022-02-03,61.0,61.43,60.57,60.81,2993161.0
1643950800,2022-02-04,60.23,60.66,59.38,60.21,2857705.0
1644210000,2022-02-07,60.09,60.56,59.53,60.18,3255004.0
1644296400,2022-02-08,60.53,60.74,60.04,60.26,4570736.0
1644382800,2022-02-09,60.5,60.8,60.28,60.57,4656698.0
1644469200,2022-02-10,59.9,60.01,58.51,58.72,3732442.0
1644555600,2022-02-11,58.86,59.28,58.45,58.61,4104737.0
1644814800,2022-02-14,58.62,58.97,57.57,58.12,4982362.0
1644901200,2022-02-15,58.19,58.75,57.55,57.88,10815946.0
1644987600,2022-02-16,58.07,58.18,57.1,57.72,3677976.0
1645074000,2022-02-17,57.63,58.25,56.91,57.86,4067659.0
1645160400,2022-02-18,57.69,58.15,57.37,57.77,4272079.0
1645506000,2022-02-22,57.88,58.12,57.43,57.72,3580609.0
1645592400,2022-02-23,57.9,57.97,56.79,56.84,4248216.0
1645678800,2022-02-24,56.97,57.36,55.86,56.75,5342173.0
1645765200,2022-02-25,57.19,58.91,57.13,58.85,5479764.0
1646024400,2022-02-28,58.3,59.05,58.21,58.94,4217866.0
1646110800,2022-03-01,58.73,59.48,57.84,58.22,5425244.0
1646197200,2022-03-02,58.25,59.42,58.18,59.14,3629975.0
1646283600,2022-03-03,59.4,60.65,59.15,60.51,3265833.0
1646370000,2022-03-04,60.36,62.43,60.09,62.38,3944844.0
1646629200,2022-03-07,62.27,62.83,61.57,62.63,4975995.0
1646715600,2022-03-08,62.88,63.52,61.4,61.44,3369584.0
1646802000,2022-03-09,61.7,61.84,60.58,61.14,3633193.0
1646888400,2022-03-10,60.69,61.62,60.62,61.42,2240634.0
1646974800,2022-03-11,62.11,62.12,61.27,61.6,3767798.0
1647230400,2022-03-14,61.92,62.46,61.05,61.27,2759359.0
1647316800,2022-03-15,61.8,62.06,61.11,61.91,5186467.0
1647403200,2022-03-16,61.65,61.71,59.92,61.04,4414003.0
1647489600,2022-03-17,60.97,61.83,60.81,61.44,4627468.0
1647576000,2022-03-18,61.44,61.44,60.22,60.64,8232459.0
1647835200,2022-03-21,60.55,61.65,60.53,61.11,3139090.0
1647921600,2022-03-22,61.45,61.45,60.69,61.01,2850842.0
1648008000,2022-03-23,61.02,61.5,60.47,61.09,3060483.0
1648094400,2022-03-24,61.22,61.84,60.91,61.6,2742335.0
1648180800,2022-03-25,61.76,62.45,61.58,62.32,2012947.0
1648440000,2022-03-28,62.44,62.83,61.8,62.8,2268694.0
1648526400,2022-03-29,62.8,63.34,62.49,63.32,3145646.0
1648612800,2022-03-30,63.34,63.77,63.02,63.75,1898862.0
1648699200,2022-03-31,63.78,64.13,63.56,63.62,3864137.0
1648785600,2022-04-01,63.66,64.19,62.97,64.13,3105683.0
1649044800,2022-04-04,63.64,64.25,62.99,64.09,2514796.0
1649131200,2022-04-05,64.22,65.27,64.16,64.41,3533804.0
1649217600,2022-04-06,64.48,66.25,64.39,66.1,3388943.0
1649304000,2022-04-07,65.88,66.11,65.15,65.73,3929291.0
1649390400,2022-04-08,65.89,66.47,65.58,65.95,2136329.0
1649649600,2022-04-11,66.02,66.57,65.38,65.55,2771868.0
1649736000,2022-04-12,65.43,66.3,64.95,65.88,3152486.0
1649822400,2022-04-13,66.12,66.2,65.23,65.56,2603659.0
1649908800,2022-04-14,65.59,65.96,65.39,65.53,2545580.0
1650254400,2022-04-18,65.75,65.94,65.13,65.41,2760804.0
1650340800,2022-04-19,65.45,66.27,65.39,65.97,3769111.0
1650427200,2022-04-20,66.48,66.8,66.21,66.42,3759142.0
1650513600,2022-04-21,66.31,67.04,66.11,66.38,3641028.0
1650600000,2022-04-22,66.32,66.45,65.43,65.5,2855329.0
1650859200,2022-04-25,65.8,66.04,63.81,64.97,4951710.0
1650945600,2022-04-26,64.87,65.81,64.66,64.68,4220750.0
1651032000,2022-04-27,64.75,65.46,64.02,64.32,3524169.0
1651118400,2022-04-28,66.59,66.65,64.4,66.01,5946824.0
1651204800,2022-04-29,65.98,66.0,64.38,64.58,6474762.0
1651464000,2022-05-02,64.79,65.34,63.38,64.06,4843396.0
1651550400,2022-05-03,64.58,64.89,63.31,63.58,5439512.0
1651636800,2022-05-04,63.42,64.92,63.33,64.7,4797301.0
1651723200,2022-05-05,64.41,64.9,63.64,64.16,4687258.0
1651809600,2022-05-06,64.1,64.61,63.71,64.42,2891969.0
1652068800,2022-05-09,64.21,65.49,63.99,64.92,4666587.0
1652155200,2022-05-10,65.14,65.93,64.0,64.78,4760775.0
1652241600,2022-05-11,64.51,66.19,64.42,65.21,4926069.0
1652328000,2022-05-12,65.2,65.5,63.81,64.83,2994761.0
1652414400,2022-05-13,64.83,65.85,64.42,65.66,2729634.0
1652673600,2022-05-16,65.55,66.28,65.28,65.96,3015127.0
1652760000,2022-05-17,66.13,66.52,64.87,66.38,2928032.0
1652846400,2022-05-18,66.54,66.74,65.8,66.02,3775388.0
1652932800,2022-05-19,65.94,66.53,65.09,66.12,2989701.0
1653019200,2022-05-20,66.15,66.24,64.9,65.43,5246086.0
1653278400,2022-05-23,66.35,66.35,65.2,66.0,3115014.0
1653364800,2022-05-24,66.11,67.35,64.73,67.22,3108690.0
1653451200,2022-05-25,67.33,67.55,66.44,66.73,3379114.0
1653537600,2022-05-26,66.81,67.0,66.01,66.08,4997799.0
1653624000,2022-05-27,65.92,67.31,65.5,67.29,3494705.0
1653969600,2022-05-31,66.78,66.89,65.94,66.41,3796555.0
1654056000,2022-06-01,66.57,66.6,65.68,66.22,2796664.0
1654142400,2022-06-02,66.55,66.69,64.87,66.54,3050959.0
1654228800,2022-06-03,66.45,66.68,65.87,66.01,2280569.0
1654488000,2022-06-06,66.23,66.35,65.52,65.86,2822564.0
1654574400,2022-06-07,65.84,66.71,65.51,66.62,2593102.0
1654660800,2022-06-08,66.4,66.41,64.05,64.5,5808899.0
1654747200,2022-06-09,64.3,65.13,62.8,62.83,3349548.0
1654833600,2022-06-10,62.25,63.09,61.94,62.6,4107160.0
1655092800,2022-06-13,62.23,62.29,59.97,60.29,3338741.0
1655179200,2022-06-14,60.52,60.52,57.92,58.5,3396609.0
1655265600,2022-06-15,59.03,59.29,57.78,58.48,3603255.0
1655352000,2022-06-16,57.66,58.03,56.94,57.68,5525600.0
1655438400,2022-06-17,57.9,58.19,56.45,56.75,9996836.0
1655784000,2022-06-21,56.82,57.71,56.57,57.51,3881482.0
1655870400,2022-06-22,57.22,58.7,57.19,58.41,3830240.0
1655956800,2022-06-23,58.53,59.89,58.53,59.75,4543104.0
1656043200,2022-06-24,59.92,61.02,59.78,60.88,3956677.0
1656302400,2022-06-27,60.88,61.66,60.43,61.57,3504904.0
1656388800,2022-06-28,61.69,62.53,61.51,62.15,4835816.0
1656475200,2022-06-29,62.28,62.58,61.96,62.35,3241921.0
1656561600,2022-06-30,61.69,63.4,61.69,62.84,4272698.0
1656648000,2022-07-01,62.86,64.53,62.56,64.5,4389013.0
1656993600,2022-07-05,64.47,64.58,61.33,62.06,4134951.0
1657080000,2022-07-06,62.37,63.64,61.77,63.06,3523324.0
1657166400,2022-07-07,63.27,63.65,61.47,61.79,6782580.0
1657252800,2022-07-08,61.8,62.06,61.33,61.81,2616086.0
1657512000,2022-07-11,61.78,62.46,61.22,62.06,2554482.0
1657598400,2022-07-12,62.22,62.71,61.47,61.72,2339918.0
1657684800,2022-07-13,61.14,62.11,61.1,61.45,1973131.0
1657771200,2022-07-14,60.58,61.64,60.39,61.55,1749662.0
1657857600,2022-07-15,61.76,62.2,61.06,62.13,3189888.0
1658116800,2022-07-18,61.89,62.04,60.8,60.87,3475504.0
1658203200,2022-07-19,61.45,61.58,60.67,61.15,5130789.0
1658289600,2022-07-20,61.15,61.24,59.91,60.03,4720078.0
1658376000,2022-07-21,59.94,60.22,59.47,60.12,4298400.0
1658462400,2022-07-22,60.39,61.03,60.19,60.98,2600621.0
1658721600,2022-07-25,61.15,61.74,60.83,61.68,2260192.0
1658808000,2022-07-26,62.05,62.73,61.9,62.35,3238774.0
1658894400,2022-07-27,61.93,62.49,61.66,62.38,2994106.0
1658980800,2022-07-28,62.57,64.26,62.03,64.12,2989902.0
1659067200,2022-07-29,63.99,65.34,63.95,64.99,3292132.0
1659326400,2022-08-01,64.79,65.34,64.38,64.99,3738116.0
1659412800,2022-08-02,65.43,66.1,64.95,65.23,3329552.0
1659499200,2022-08-03,65.08,66.13,64.25,65.99,3540577.0
1659585600,2022-08-04,65.94,66.93,65.87,66.21,3268398.0
1659672000,2022-08-05,66.19,66.3,64.95,65.54,3679220.0
1659931200,2022-08-08,65.86,66.39,65.42,65.63,2314859.0
1660017600,2022-08-09,65.63,66.64,65.63,66.44,2139227.0
1660104000,2022-08-10,66.87,67.03,66.27,66.7,2744160.0
1660190400,2022-08-11,66.84,67.34,66.16,66.26,2195149.0
1660276800,2022-08-12,66.79,67.48,66.66,67.45,2061233.0
1660536000,2022-08-15,67.49,68.16,67.19,68.1,1686353.0
1660622400,2022-08-16,67.76,68.63,67.76,68.39,1709230.0
1660708800,2022-08-17,68.11,68.77,68.11,68.32,1900400.0
1660795200,2022-08-18,68.39,68.85,68.22,68.37,2157282.0
1660881600,2022-08-19,68.28,68.75,68.16,68.33,3032552.0
1661140800,2022-08-22,68.22,68.39,67.45,67.67,2398675.0
1661227200,2022-08-23,67.51,67.52,66.69,66.91,1756054.0
1661313600,2022-08-24,66.96,67.09,66.46,66.97,1775314.0
1661400000,2022-08-25,67.22,67.58,66.62,67.56,1894065.0
1661486400,2022-08-26,67.71,67.8,66.52,66.54,3040349.0
1661745600,2022-08-29,66.34,67.51,65.99,67.15,2514480.0
1661832000,2022-08-30,67.12,67.21,66.1,66.33,2905336.0
1661918400,2022-08-31,66.44,66.89,65.94,65.94,3491187.0
1662004800,2022-09-01,65.96,67.05,65.85,66.98,2158298.0
1662091200,2022-09-02,67.16,67.9,65.91,66.08,2561208.0
1662436800,2022-09-06,66.12,67.28,65.92,66.1,2643769.0
1662523200,2022-09-07,66.71,68.57,66.56,68.36,3271258.0
1662609600,2022-09-08,68.05,68.54,67.65,68.01,2199654.0
1662696000,2022-09-09,68.33,68.64,67.69,68.36,2943039.0
1662955200,2022-09-12,68.46,68.96,68.06,68.74,2281097.0
1663041600,2022-09-13,68.03,68.4,66.46,66.67,4291155.0
1663128000,2022-09-14,66.84,67.63,66.64,67.31,2982414.0
1663214400,2022-09-15,67.04,67.09,65.36,65.59,4228836.0
1663300800,2022-09-16,65.76,66.28,65.55,66.05,10520644.0
1663560000,2022-09-19,65.89,66.63,65.51,66.61,2084261.0
1663646400,2022-09-20,66.43,66.43,64.94,65.67,2872461.0
1663732800,2022-09-21,65.91,66.67,64.8,64.8,2817715.0
1663819200,2022-09-22,64.91,65.22,64.38,64.75,2849462.0
1663905600,2022-09-23,64.47,64.53,63.39,63.96,3084609.0
1664164800,2022-09-26,63.86,64.1,62.01,62.52,3606725.0
1664251200,2022-09-27,62.71,62.92,60.91,61.11,3619917.0
1664337600,2022-09-28,61.77,61.99,60.85,61.59,3231926.0
1664424000,2022-09-29,61.18,61.56,58.24,58.42,4698028.0
1664510400,2022-09-30,58.62,59.13,57.06,57.2,7832895.0
1664769600,2022-10-03,57.85,59.03,57.47,58.58,3675219.0
1664856000,2022-10-04,58.72,59.6,58.39,59.41,3221777.0
1664942400,2022-10-05,58.68,58.76,57.01,57.5,3362055.0
1665028800,2022-10-06,57.36,57.36,55.17,55.25,4249712.0
1665115200,2022-10-07,55.19,55.45,53.34,53.5,7672033.0
1665374400,2022-10-10,53.64,54.44,53.54,53.81,4340995.0
1665460800,2022-10-11,53.54,54.31,53.42,53.47,5087962.0
1665547200,2022-10-12,53.58,53.58,51.75,51.79,5056270.0
1665633600,2022-10-13,51.12,53.61,50.85,53.39,8032901.0
1665720000,2022-10-14,53.81,54.03,52.31,52.61,4190490.0
1665979200,2022-10-17,53.28,54.58,53.22,54.16,4535433.0
1666065600,2022-10-18,54.88,55.57,54.51,55.07,3659615.0
1666152000,2022-10-19,54.19,54.76,53.97,54.61,3040813.0
1666238400,2022-10-20,55.22,55.22,53.09,53.38,7495214.0
1666324800,2022-10-21,53.48,54.73,53.12,54.43,4461888.0
1666584000,2022-10-24,54.91,55.49,54.59,55.04,4987884.0
1666670400,2022-10-25,55.31,56.01,55.17,55.77,3384304.0
1666756800,2022-10-26,56.33,56.84,55.8,55.92,4625473.0
1666843200,2022-10-27,55.8,57.61,55.6,56.53,4866109.0
1666929600,2022-10-28,56.94,58.53,56.87,58.43,4521464.0
1667188800,2022-10-31,58.23,58.45,57.46,58.19,4733676.0
1667275200,2022-11-01,58.38,59.01,57.9,58.9,4538784.0
1667361600,2022-11-02,58.65,60.23,58.31,58.37,7007942.0
1667448000,2022-11-03,58.65,60.23,58.31,58.37,7007942.0
1667534400,2022-11-04,58.33,59.0,57.56,58.59,3913209.0
1667797200,2022-11-07,58.73,59.02,57.34,58.32,4407401.0
1667883600,2022-11-08,58.39,59.33,58.31,59.07,3326939.0
1667970000,2022-11-09,59.01,59.3,58.43,58.64,4335412.0
1668056400,2022-11-10,60.28,62.0,59.5,61.77,5532997.0
1668142800,2022-11-11,61.32,61.62,59.74,60.32,5506012.0
1668402000,2022-11-14,60.54,60.65,59.72,59.73,4604453.0
1668488400,2022-11-15,60.18,60.5,59.55,60.23,5575612.0
1668574800,2022-11-16,60.58,61.38,60.46,61.06,4658700.0
1668661200,2022-11-17,60.29,60.7,59.78,60.01,3350434.0
1668747600,2022-11-18,60.27,61.21,60.27,61.12,3618443.0
1669006800,2022-11-21,60.71,61.81,60.71,61.38,3615669.0
1669093200,2022-11-22,61.67,62.22,61.34,61.54,3105452.0
1669179600,2022-11-23,61.38,61.88,61.2,61.85,2334367.0
1669352400,2022-11-25,62.09,62.48,61.91,62.23,1387236.0
1669611600,2022-11-28,61.91,62.3,61.35,62.02,2613168.0
1669698000,2022-11-29,61.86,61.9,61.0,61.54,2340651.0
1669784400,2022-11-30,61.45,63.08,61.24,62.76,6360338.0
1669870800,2022-12-01,63.3,64.11,62.64,62.73,3100385.0
1669957200,2022-12-02,61.89,62.37,61.2,61.8,3197236.0
1670216400,2022-12-05,61.37,61.65,61.15,61.38,2537002.0
1670302800,2022-12-06,61.38,62.03,61.3,61.96,2974595.0
1670389200,2022-12-07,62.14,62.39,61.23,61.55,3465299.0
1670475600,2022-12-08,61.45,62.54,61.29,62.39,2634681.0
1670562000,2022-12-09,62.27,62.93,62.09,62.42,4559976.0
1670821200,2022-12-12,63.02,64.0,62.54,63.99,2395833.0
1670907600,2022-12-13,64.75,65.24,63.32,63.99,4034940.0
1670994000,2022-12-14,64.21,64.81,63.26,63.68,3451534.0
1671080400,2022-12-15,63.42,63.65,62.79,63.12,3830661.0
1671166800,2022-12-16,62.8,62.84,61.46,62.49,10394776.0
1671426000,2022-12-19,62.5,63.01,61.64,62.03,2515178.0
1671512400,2022-12-20,62.11,62.39,61.53,62.11,2610197.0
1671598800,2022-12-21,62.31,62.98,62.16,62.93,2143859.0
1671685200,2022-12-22,62.67,62.82,61.48,62.59,2369196.0
1671771600,2022-12-23,62.51,63.41,62.41,63.4,1468873.0
1672117200,2022-12-27,63.45,64.1,63.08,63.97,2080003.0
1672203600,2022-12-28,64.15,64.45,63.48,63.51,1804824.0
1672290000,2022-12-29,63.8,64.36,63.78,63.96,1756328.0
1672376400,2022-12-30,63.81,63.96,62.55,63.1,2030372.0
1672722000,2023-01-03,62.83,63.45,61.93,63.06,3190717.0
1672808400,2023-01-04,63.37,64.1,63.11,63.6,2937150.0
1672894800,2023-01-05,62.92,63.41,62.08,62.31,2493852.0
1672981200,2023-01-06,63.13,64.42,63.06,64.16,3410175.0
1673240400,2023-01-09,63.88,65.24,63.84,64.78,3047259.0
1673326800,2023-01-10,64.63,64.97,64.32,64.9,3374439.0
1673413200,2023-01-11,65.04,65.67,65.03,65.5,3480666.0
1673499600,2023-01-12,65.36,65.62,64.6,64.75,3632455.0
1673586000,2023-01-13,64.45,64.61,63.65,64.05,3118163.0
1673931600,2023-01-17,63.89,64.5,63.62,63.98,3604767.0
1674018000,2023-01-18,63.98,64.01,61.77,61.88,3438565.0
1674104400,2023-01-19,61.8,61.93,61.1,61.2,2532009.0
1674190800,2023-01-20,60.9,61.75,60.25,61.69,3547632.0
1674450000,2023-01-23,61.29,61.83,60.93,61.21,2908639.0
1674536400,2023-01-24,61.21,61.78,60.55,61.5,2402838.0
1674622800,2023-01-25,61.52,61.7,60.7,61.7,2923675.0
1674709200,2023-01-26,60.91,62.53,60.91,61.92,4102011.0
1674795600,2023-01-27,61.63,62.11,61.03,61.58,3914565.0
1675054800,2023-01-30,61.31,61.9,61.14,61.29,3546607.0
1675141200,2023-01-31,61.41,61.96,60.73,61.89,3635804.0
1675227600,2023-02-01,61.54,62.9,61.31,62.65,3691939.0
1675314000,2023-02-02,62.59,63.19,61.98,62.6,3104853.0
1675400400,2023-02-03,62.13,62.37,60.31,61.18,3367156.0
1675659600,2023-02-06,61.12,61.95,60.94,61.92,2252657.0
1675746000,2023-02-07,61.79,62.19,60.97,61.99,3332533.0
1675832400,2023-02-08,61.58,61.58,60.84,61.06,2609767.0
1675918800,2023-02-09,61.06,61.5,60.46,60.58,3487641.0
1676005200,2023-02-10,60.85,61.72,60.54,61.63,2298712.0
1676264400,2023-02-13,61.62,62.22,61.57,61.84,2334605.0
1676350800,2023-02-14,62.02,62.08,61.1,61.18,2900438.0
1676437200,2023-02-15,60.76,61.15,60.43,61.11,3179659.0
1676523600,2023-02-16,60.41,60.89,59.92,60.53,3371440.0
1676610000,2023-02-17,60.71,61.48,60.18,61.21,2769123.0
1676955600,2023-02-21,60.85,61.06,60.42,60.48,3124599.0
1677042000,2023-02-22,60.42,60.95,59.9,60.02,2427594.0
1677128400,2023-02-23,60.21,60.36,59.41,59.69,2836832.0
1677214800,2023-02-24,59.23,59.51,58.78,59.23,2744595.0
1677474000,2023-02-27,59.53,60.05,58.6,58.86,2077068.0
1677560400,2023-02-28,58.7,59.07,57.95,58.11,4065259.0
1677646800,2023-03-01,57.78,57.97,56.61,56.94,3673683.0
1677733200,2023-03-02,56.89,58.01,56.77,57.9,2831027.0
1677819600,2023-03-03,58.17,58.61,57.39,58.59,3318405.0
1678078800,2023-03-06,58.24,59.02,58.24,58.54,2792000.0
1678165200,2023-03-07,58.61,58.82,57.08,57.25,3836506.0
1678251600,2023-03-08,57.39,58.07,57.2,57.96,3151796.0
1678338000,2023-03-09,58.26,58.99,57.46,57.82,3949264.0
1678424400,2023-03-10,57.97,58.09,56.56,56.9,3570998.0
1678680000,2023-03-13,57.06,59.67,57.0,58.77,5476623.0
1678766400,2023-03-14,58.68,59.81,58.68,59.36,4589279.0
1678852800,2023-03-15,58.97,61.47,58.97,61.06,5185625.0
1678939200,2023-03-16,60.77,61.92,60.62,60.99,5105599.0
1679025600,2023-03-17,59.93,61.11,59.64,60.67,11263847.0
1679284800,2023-03-20,60.84,61.48,60.69,61.13,3496840.0
1679371200,2023-03-21,61.16,61.18,58.35,59.42,4476590.0
1679457600,2023-03-22,59.31,59.59,58.15,58.19,3909120.0
1679544000,2023-03-23,57.99,58.63,57.12,57.43,3912666.0
1679630400,2023-03-24,57.56,59.48,57.47,59.46,3117648.0
1679889600,2023-03-27,59.68,59.91,59.07,59.22,3475944.0
1679976000,2023-03-28,59.06,59.93,58.95,59.32,2392332.0
1680062400,2023-03-29,59.78,60.42,59.68,60.36,2957144.0
1680148800,2023-03-30,60.5,60.87,60.16,60.69,2321116.0
1680235200,2023-03-31,60.93,61.66,60.58,61.18,6000195.0
1680494400,2023-04-03,61.08,61.78,60.69,61.25,4864601.0
1680580800,2023-04-04,61.26,62.13,61.12,62.09,3741526.0
1680667200,2023-04-05,62.51,64.67,62.47,64.51,4811082.0
1680753600,2023-04-06,64.98,65.28,64.14,64.65,2962006.0
1681099200,2023-04-10,64.3,64.39,63.27,64.19,1964310.0
1681185600,2023-04-11,64.12,64.69,64.01,64.44,2297572.0
1681272000,2023-04-12,64.55,64.92,64.19,64.44,3124366.0
1681358400,2023-04-13,64.12,64.51,63.02,64.44,2559058.0
1681444800,2023-04-14,63.57,63.83,63.18,63.62,2343413.0
1681704000,2023-04-17,63.95,64.28,63.2,63.79,2075020.0
1681790400,2023-04-18,63.64,63.95,63.03,63.28,1845943.0
1681876800,2023-04-19,63.66,64.17,63.48,64.03,1755068.0
1681963200,2023-04-20,64.28,64.56,63.69,64.12,2715653.0
1682049600,2023-04-21,64.24,64.64,63.68,63.9,1990735.0
1682308800,2023-04-24,63.83,64.59,63.54,64.43,2615175.0
1682395200,2023-04-25,64.43,64.69,64.25,64.57,2051062.0
1682481600,2023-04-26,64.09,64.38,63.11,63.21,2684821.0
1682568000,2023-04-27,63.78,63.87,62.79,63.73,3342410.0
1682654400,2023-04-28,63.88,64.15,62.91,63.42,2297363.0
1682913600,2023-05-01,63.3,64.04,63.1,63.65,2278332.0
1683000000,2023-05-02,63.45,63.59,62.25,62.68,2184494.0
1683086400,2023-05-03,62.84,63.14,61.99,62.14,2889256.0
1683172800,2023-05-04,62.22,63.1,61.62,62.69,3770869.0
1683259200,2023-05-05,62.25,63.13,62.2,63.11,2488512.0
1683518400,2023-05-08,62.9,63.36,62.61,62.88,2424338.0
1683604800,2023-05-09,62.62,62.81,62.35,62.69,2393297.0
1683691200,2023-05-10,62.98,63.23,62.31,62.86,2963101.0
1683777600,2023-05-11,62.73,62.96,61.96,62.25,3260366.0
1683864000,2023-05-12,62.57,62.94,62.16,62.49,2616638.0
1684123200,2023-05-15,62.7,62.72,61.18,61.6,1935680.0
1684209600,2023-05-16,61.68,61.76,60.38,60.4,1784885.0
1684296000,2023-05-17,60.46,60.56,59.61,59.91,2117958.0
1684382400,2023-05-18,59.49,59.78,59.1,59.75,2794012.0
1684468800,2023-05-19,59.91,60.32,59.69,59.81,2104747.0
1684728000,2023-05-22,60.13,60.34,59.49,59.76,1878382.0
1684814400,2023-05-23,59.53,60.23,59.36,59.5,4365990.0
1684900800,2023-05-24,59.63,60.0,59.07,59.08,3592028.0
1684987200,2023-05-25,58.61,58.7,57.85,58.32,4361544.0
1685073600,2023-05-26,58.22,58.39,57.55,58.34,3501673.0
1685419200,2023-05-30,58.3,58.73,58.06,58.19,2652454.0
1685505600,2023-05-31,58.34,59.39,58.11,59.22,3553586.0
1685592000,2023-06-01,59.43,59.49,57.28,57.65,6610321.0
1685678400,2023-06-02,55.91,57.68,55.19,57.27,9370651.0
1685937600,2023-06-05,57.24,58.56,57.24,58.01,3169013.0
1686024000,2023-06-06,58.3,58.45,57.41,57.66,3062935.0
1686110400,2023-06-07,57.99,58.61,57.48,58.34,3953762.0
1686196800,2023-06-08,58.8,58.8,56.5,58.18,6888212.0
1686283200,2023-06-09,57.98,58.08,57.17,57.56,3342583.0
1686542400,2023-06-12,57.6,57.71,57.15,57.66,2486374.0
1686628800,2023-06-13,57.42,57.62,57.12,57.27,4272807.0
1686715200,2023-06-14,57.46,58.14,57.04,57.16,5341891.0
1686801600,2023-06-15,57.54,59.2,57.13,58.83,6034603.0
1686888000,2023-06-16,58.93,59.21,58.35,58.46,6372551.0
1687233600,2023-06-20,58.36,58.54,57.26,57.69,3502827.0
1687320000,2023-06-21,57.17,57.55,56.3,57.45,3487169.0
1687406400,2023-06-22,57.65,57.82,56.84,57.4,3023231.0
1687492800,2023-06-23,57.66,57.72,56.46,56.8,5325776.0
1687752000,2023-06-26,56.9,57.67,56.51,57.5,4010860.0
1687838400,2023-06-27,57.52,57.65,57.08,57.11,3287600.0
1687924800,2023-06-28,57.12,57.17,55.89,56.01,2965380.0
1688011200,2023-06-29,55.52,56.32,55.24,56.06,2881868.0
1688097600,2023-06-30,56.05,56.95,56.03,56.86,3170668.0
1688356800,2023-07-03,56.74,57.64,56.71,57.6,1362844.0
1688529600,2023-07-05,57.5,58.51,57.29,58.35,4555357.0
1688616000,2023-07-06,57.97,58.56,57.39,58.32,5360934.0
1688702400,2023-07-07,57.9,58.02,57.5,57.56,3730862.0
1688961600,2023-07-10,57.67,58.03,57.04,57.3,4047445.0
1689048000,2023-07-11,57.47,57.76,57.23,57.73,2878849.0
1689134400,2023-07-12,57.71,58.77,57.71,58.35,3137852.0
1689220800,2023-07-13,58.23,58.85,58.09,58.84,2924954.0
1689307200,2023-07-14,58.76,59.08,58.18,58.78,2561823.0
1689566400,2023-07-17,58.74,58.74,57.81,57.82,2881600.0
1689652800,2023-07-18,58.02,58.41,56.96,57.62,3332480.0
1689739200,2023-07-19,57.72,58.7,57.72,57.98,3602745.0
1689825600,2023-07-20,58.35,59.21,57.91,59.05,3484193.0
1689912000,2023-07-21,59.32,59.81,59.04,59.64,10681942.0
1690171200,2023-07-24,59.53,59.89,59.14,59.53,2837207.0
1690257600,2023-07-25,59.52,59.78,59.29,59.42,3247045.0
1690344000,2023-07-26,59.37,60.02,59.21,59.5,2529917.0
1690430400,2023-07-27,59.1,59.24,57.2,57.5,4046286.0
1690516800,2023-07-28,57.71,58.4,57.39,57.52,4227331.0
1690776000,2023-07-31,57.6,57.9,57.1,57.38,3600707.0
1690862400,2023-08-01,57.38,57.82,57.17,57.49,3826793.0
1690948800,2023-08-02,57.42,57.84,57.19,57.51,3139850.0
1691035200,2023-08-03,57.27,57.42,55.94,56.09,4053184.0
1691121600,2023-08-04,56.04,56.72,55.06,55.24,3406541.0
1691380800,2023-08-07,55.35,55.49,54.61,54.66,4222244.0
1691467200,2023-08-08,54.65,54.7,53.9,54.55,3831650.0
1691553600,2023-08-09,54.52,55.17,54.4,54.6,3892877.0
1691640000,2023-08-10,55.03,55.19,54.23,54.42,2535747.0
1691726400,2023-08-11,54.56,54.82,54.32,54.6,2921976.0
1691985600,2023-08-14,54.63,54.65,53.71,54.18,3166140.0
1692072000,2023-08-15,53.96,53.96,53.1,53.16,3003997.0
1692158400,2023-08-16,53.3,53.69,53.28,53.44,3099256.0
1692244800,2023-08-17,53.48,53.86,53.1,53.21,4337460.0
1692331200,2023-08-18,53.32,53.65,53.12,53.22,3636998.0
1692590400,2023-08-21,53.17,53.37,52.35,53.01,3132263.0
1692676800,2023-08-22,52.47,53.13,52.35,53.0,3142640.0
1692763200,2023-08-23,53.06,53.1,52.02,52.61,8610717.0
1692849600,2023-08-24,52.64,53.1,51.84,52.14,5780927.0
1692936000,2023-08-25,52.22,52.9,52.13,52.67,7705582.0
1693195200,2023-08-28,52.92,53.19,52.73,52.91,3982152.0
1693281600,2023-08-29,52.85,53.36,52.6,53.0,4614939.0
1693368000,2023-08-30,52.94,53.27,52.51,52.76,2583657.0
1693454400,2023-08-31,53.01,53.12,52.24,52.25,3983710.0
1693540800,2023-09-01,52.58,52.62,51.29,51.69,2848060.0
1693886400,2023-09-05,51.68,51.7,50.41,50.85,4170443.0
1693972800,2023-09-06,51.03,51.55,50.78,51.53,3815401.0
1694059200,2023-09-07,51.94,52.25,51.53,51.77,3554879.0
1694145600,2023-09-08,51.86,52.29,51.69,52.2,3627772.0
1694404800,2023-09-11,52.21,52.73,52.14,52.53,5586325.0
1694491200,2023-09-12,52.46,52.6,52.11,52.33,4702373.0
1694577600,2023-09-13,52.39,53.4,52.36,53.17,6005967.0
1694664000,2023-09-14,53.43,54.21,53.41,54.15,5419631.0
1694750400,2023-09-15,54.06,54.43,53.44,53.49,9226008.0
1695009600,2023-09-18,53.47,53.76,53.17,53.51,4445305.0
1695096000,2023-09-19,53.51,54.26,53.34,54.0,7855967.0
1695182400,2023-09-20,54.35,55.57,54.02,55.33,7670612.0
1695268800,2023-09-21,55.37,55.64,54.75,54.79,4904880.0
1695355200,2023-09-22,54.54,55.55,54.46,55.12,4904301.0
1695614400,2023-09-25,54.65,54.96,54.09,54.89,3617792.0
1695700800,2023-09-26,54.89,54.89,52.97,53.26,6275456.0
1695787200,2023-09-27,53.14,53.25,52.4,52.79,4481208.0
1695873600,2023-09-28,52.99,53.15,51.75,52.48,4362288.0
1695960000,2023-09-29,52.98,53.32,52.4,52.8,4081048.0
1696219200,2023-10-02,52.68,52.68,50.35,50.78,4875644.0
1696305600,2023-10-03,50.22,51.71,49.58,51.53,5161429.0
1696392000,2023-10-04,51.58,52.31,51.1,52.26,3948650.0
1696478400,2023-10-05,52.26,52.35,51.5,52.12,3835402.0
1696564800,2023-10-06,51.94,53.22,51.34,52.92,6337243.0
1696824000,2023-10-09,52.85,53.28,52.62,53.2,2702072.0
1696910400,2023-10-10,53.09,53.67,52.97,53.58,3117921.0
1696996800,2023-10-11,53.9,54.34,53.46,54.27,3116450.0
1697083200,2023-10-12,53.98,54.24,53.31,53.66,4775605.0
1697169600,2023-10-13,53.99,54.77,53.82,54.31,3732804.0
1697428800,2023-10-16,54.61,55.31,54.09,54.96,3184749.0
1697515200,2023-10-17,54.65,55.15,54.32,54.91,3778772.0
1697601600,2023-10-18,54.96,55.25,54.26,54.75,3830808.0
1697688000,2023-10-19,54.69,55.33,54.45,54.49,4442349.0
1697774400,2023-10-20,54.46,54.82,53.55,53.61,4224753.0
1698033600,2023-10-23,53.39,54.09,52.7,53.57,4854204.0
1698120000,2023-10-24,53.88,54.73,53.87,54.52,3854025.0
1698206400,2023-10-25,54.48,55.07,54.25,54.88,3133136.0
1698292800,2023-10-26,55.02,55.88,54.96,55.15,3468080.0
1698379200,2023-10-27,54.44,55.33,53.61,53.81,4310658.0
1698638400,2023-10-30,54.23,54.52,53.61,54.2,3818364.0
1698724800,2023-10-31,54.45,54.81,54.09,54.69,3832318.0
1698811200,2023-11-01,54.67,56.13,54.26,55.86,5029555.0
1698897600,2023-11-02,55.84,56.81,55.73,56.35,3961331.0
1698984000,2023-11-03,57.15,57.23,56.3,56.32,3920644.0
1699246800,2023-11-06,56.36,56.5,55.8,55.88,3139682.0
1699333200,2023-11-07,56.02,56.02,55.09,55.21,3515268.0
1699419600,2023-11-08,54.99,55.07,53.99,54.52,3953320.0
1699506000,2023-11-09,54.47,54.8,54.0,54.17,3871714.0
1699592400,2023-11-10,54.39,54.68,54.1,54.63,2912085.0
1699851600,2023-11-13,54.44,54.73,53.63,53.77,2960520.0
1699938000,2023-11-14,54.54,55.83,54.5,55.64,4249996.0
1700024400,2023-11-15,55.54,56.07,55.25,55.45,3439464.0
1700110800,2023-11-16,56.02,56.27,55.6,56.01,3970758.0
1700197200,2023-11-17,56.3,56.3,55.68,55.88,4327899.0
1700456400,2023-11-20,55.58,55.6,54.7,55.42,6312100.0
1700542800,2023-11-21,55.59,55.64,54.98,55.38,4139425.0
1700629200,2023-11-22,55.57,55.8,55.15,55.76,4060368.0
1700802000,2023-11-24,55.89,55.91,55.4,55.85,1357714.0
1701061200,2023-11-27,55.9,56.07,55.25,55.78,2834519.0
1701147600,2023-11-28,55.91,56.69,55.67,56.26,3667134.0
1701234000,2023-11-29,56.33,56.43,55.18,55.37,4314036.0
1701320400,2023-11-30,55.5,56.22,55.31,56.14,4797083.0
1701406800,2023-12-01,56.23,56.74,55.85,56.68,2918601.0
1701666000,2023-12-04,56.33,57.02,56.14,56.72,3606894.0
1701752400,2023-12-05,56.86,56.94,56.16,56.32,3110402.0
1701838800,2023-12-06,56.51,57.2,56.29,57.18,3780081.0
1701925200,2023-12-07,57.24,57.47,56.71,56.8,3749574.0
1702011600,2023-12-08,56.67,56.83,55.75,56.21,4343741.0
1702270800,2023-12-11,56.25,56.85,55.84,56.8,4332546.0
1702357200,2023-12-12,57.02,57.04,56.24,56.44,3289916.0
1702443600,2023-12-13,56.51,58.44,56.12,58.44,6787195.0
1702530000,2023-12-14,58.79,58.94,57.58,57.74,7975226.0
1702616400,2023-12-15,57.51,57.54,56.45,56.82,10786572.0
1702875600,2023-12-18,57.09,57.74,56.8,57.53,6632184.0
1702962000,2023-12-19,57.74,57.76,56.82,57.32,6398958.0
1703048400,2023-12-20,57.4,57.63,56.57,56.57,4264488.0
1703134800,2023-12-21,56.57,57.1,56.29,56.78,2807677.0
1703221200,2023-12-22,57.19,57.61,57.04,57.27,2429409.0
1703566800,2023-12-26,57.19,57.68,57.18,57.44,2147501.0
1703653200,2023-12-27,57.44,57.51,57.11,57.27,2865927.0
1703739600,2023-12-28,57.25,57.71,57.15,57.59,2421925.0
1703826000,2023-12-29,57.41,57.65,57.15,57.61,2813294.0
1704171600,2024-01-02,57.54,59.09,57.42,59.06,4627636.0
1704258000,2024-01-03,59.31,59.49,58.74,59.16,4538619.0
1704344400,2024-01-04,59.2,59.78,58.83,59.3,3129383.0
1704430800,2024-01-05,59.12,59.52,58.69,59.3,3531014.0
1704690000,2024-01-08,59.23,59.27,58.82,59.16,3739019.0
1704776400,2024-01-09,59.06,59.06,58.57,58.88,3510886.0
1704862800,2024-01-10,58.82,58.83,58.11,58.36,3341237.0
1704949200,2024-01-11,57.91,58.01,56.71,56.76,3825893.0
1705035600,2024-01-12,57.09,57.37,56.82,57.05,2753662.0
1705381200,2024-01-16,56.9,57.08,56.41,56.68,4354416.0
1705467600,2024-01-17,56.21,56.76,55.54,55.92,4019628.0
1705554000,2024-01-18,55.58,55.82,55.17,55.51,4447824.0
1705640400,2024-01-19,55.53,55.75,55.07,55.35,3582365.0
1705899600,2024-01-22,55.44,55.78,54.58,54.84,3858678.0
1705986000,2024-01-23,54.91,55.23,54.67,55.08,4648422.0
1706072400,2024-01-24,55.39,55.61,54.09,54.18,6092698.0
1706158800,2024-01-25,54.9,55.14,53.72,54.8,6469988.0
1706245200,2024-01-26,54.81,55.47,54.81,55.27,4038883.0
1706504400,2024-01-29,55.39,55.94,55.18,55.52,4798769.0
1706590800,2024-01-30,55.38,56.0,54.97,55.61,3782944.0
1706677200,2024-01-31,56.03,56.46,55.22,55.71,13842809.0
1706763600,2024-02-01,55.52,56.9,55.01,56.89,5303174.0
1706850000,2024-02-02,56.46,56.47,55.14,55.67,3901771.0
1707109200,2024-02-05,54.96,55.17,54.4,54.46,3177022.0
1707195600,2024-02-06,54.34,54.7,54.14,54.38,2918511.0
1707282000,2024-02-07,54.64,54.65,54.1,54.32,2621191.0
1707368400,2024-02-08,54.19,54.19,53.42,53.97,2570853.0
1707454800,2024-02-09,53.88,54.16,53.67,54.13,2732759.0
1707714000,2024-02-12,54.16,55.0,53.99,54.87,2691147.0
1707800400,2024-02-13,54.88,55.09,53.26,54.23,3253433.0
1707886800,2024-02-14,54.23,54.68,53.8,54.6,3965918.0
1707973200,2024-02-15,54.79,55.52,54.67,54.91,3571439.0
1708059600,2024-02-16,54.9,55.15,54.5,54.97,2476070.0
1708405200,2024-02-20,55.01,55.69,54.86,55.08,2895128.0
1708491600,2024-02-21,55.58,55.99,55.26,55.66,3579235.0
1708578000,2024-02-22,55.08,55.38,54.48,55.21,3251218.0
1708664400,2024-02-23,55.18,55.86,54.99,55.21,2415408.0
1708923600,2024-02-26,55.15,55.15,53.99,54.02,2418853.0
1709010000,2024-02-27,54.1,54.52,53.98,54.23,5753027.0
1709096400,2024-02-28,54.15,54.2,53.5,53.67,6761904.0
1709182800,2024-02-29,53.37,53.4,48.48,49.03,22782205.0
1709269200,2024-03-01,48.07,48.07,45.58,46.13,18786257.0
1709528400,2024-03-04,45.63,47.65,45.15,47.51,10184436.0
1709614800,2024-03-05,47.59,48.04,44.95,45.27,12549192.0
1709701200,2024-03-06,45.86,46.55,43.54,45.08,14401880.0
1709787600,2024-03-07,45.57,47.26,45.31,46.56,17176854.0
1709874000,2024-03-08,46.6,47.83,46.43,47.48,8848743.0
1710129600,2024-03-11,49.11,49.6,48.51,49.24,9838055.0
1710216000,2024-03-12,48.98,49.32,48.05,48.3,8809681.0
1710302400,2024-03-13,48.44,48.81,47.85,47.92,5420040.0
1710388800,2024-03-14,47.75,48.81,47.73,48.79,11859997.0
1710475200,2024-03-15,48.67,49.12,48.49,48.89,11161025.0
1710734400,2024-03-18,48.57,49.29,48.31,48.94,7217688.0
1710820800,2024-03-19,48.85,49.83,48.85,49.3,5656951.0
1710907200,2024-03-20,49.03,49.58,48.93,49.44,4547253.0
1710993600,2024-03-21,49.58,49.96,49.16,49.18,3854120.0
1711080000,2024-03-22,49.37,49.57,48.94,49.15,3312618.0
1711339200,2024-03-25,49.47,49.59,49.13,49.35,3022666.0
1711425600,2024-03-26,49.36,49.51,48.5,48.71,3498397.0
1711512000,2024-03-27,49.1,50.22,49.07,50.2,3691769.0
1711598400,2024-03-28,50.27,50.68,50.21,50.55,3556393.0
1711944000,2024-04-01,50.49,50.54,49.85,50.1,4266575.0
1712030400,2024-04-02,50.1,50.94,49.97,50.86,4561558.0
1712116800,2024-04-03,50.65,50.89,50.1,50.86,4122634.0
1712203200,2024-04-04,51.51,51.68,50.26,50.56,7021959.0
1712289600,2024-04-05,50.34,50.56,49.8,50.34,4483985.0
1712548800,2024-04-08,50.44,50.93,50.37,50.86,4473442.0
1712635200,2024-04-09,51.2,51.32,50.82,51.13,2331382.0
1712721600,2024-04-10,50.21,50.68,49.72,50.55,3263922.0
1712808000,2024-04-11,50.86,50.97,50.0,50.3,2630991.0
1712894400,2024-04-12,50.53,50.69,49.69,50.0,3010402.0
1713153600,2024-04-15,50.15,50.52,49.68,50.0,3826484.0
1713240000,2024-04-16,49.88,49.92,49.06,49.4,3849838.0
1713326400,2024-04-17,49.85,50.17,49.31,50.02,3926393.0
1713412800,2024-04-18,50.46,50.75,49.93,50.55,3086997.0
1713499200,2024-04-19,50.66,51.72,50.63,51.46,4477921.0
1713758400,2024-04-22,51.57,51.91,51.22,51.68,3996079.0
1713844800,2024-04-23,51.42,52.18,51.42,51.97,4432126.0
1713931200,2024-04-24,51.07,52.32,50.92,52.03,4614423.0
1714017600,2024-04-25,52.2,52.37,51.11,51.73,6717657.0
1714104000,2024-04-26,51.33,51.42,50.51,50.74,6451721.0
1714363200,2024-04-29,51.03,51.57,50.96,51.23,3884610.0
1714449600,2024-04-30,50.73,51.01,50.38,50.53,6805638.0
1714536000,2024-05-01,50.05,50.97,49.7,50.57,4589568.0
1714622400,2024-05-02,50.63,51.1,50.21,50.58,3910474.0
1714708800,2024-05-03,50.64,51.04,50.36,51.02,3285090.0
1714968000,2024-05-06,51.18,51.18,50.19,51.12,4816676.0
1715054400,2024-05-07,51.38,51.81,50.82,51.74,4676302.0
1715140800,2024-05-08,51.82,52.02,51.32,51.65,3123283.0
1715227200,2024-05-09,51.65,52.16,51.38,51.95,4374912.0
1715313600,2024-05-10,52.19,52.44,51.84,52.15,2432982.0
1715572800,2024-05-13,52.47,53.08,52.28,52.5,4508281.0
1715659200,2024-05-14,52.76,53.02,52.04,52.25,2693913.0
1715745600,2024-05-15,52.96,52.98,52.41,52.46,2278367.0
1715832000,2024-05-16,52.51,53.02,52.28,52.52,2483464.0
1715918400,2024-05-17,52.33,52.51,52.03,52.21,4092822.0
1716177600,2024-05-20,52.44,52.76,52.06,52.73,3694233.0
1716264000,2024-05-21,52.92,53.4,52.74,53.36,2974446.0
1716350400,2024-05-22,53.07,53.2,52.03,52.21,4231139.0
1716436800,2024-05-23,51.81,51.81,50.8,50.83,3074881.0
1716523200,2024-05-24,50.84,50.96,50.45,50.52,2016201.0
1716868800,2024-05-28,50.71,51.41,50.39,50.54,2561453.0
1716955200,2024-05-29,50.03,50.35,49.87,50.12,3238116.0
1717041600,2024-05-30,50.27,51.19,50.07,51.08,3206507.0
1717128000,2024-05-31,51.21,52.21,51.02,52.14,11067874.0
1717387200,2024-06-03,52.02,52.31,51.58,51.98,3195100.0
1717473600,2024-06-04,51.7,53.16,51.7,52.69,3460030.0
1717560000,2024-06-05,52.54,52.7,51.82,51.87,2474913.0
1717646400,2024-06-06,51.72,52.3,51.41,51.55,2395085.0
1717732800,2024-06-07,50.98,51.65,50.65,51.48,3824525.0
1717992000,2024-06-10,51.51,52.2,51.24,51.95,4067987.0
1718078400,2024-06-11,51.36,52.0,51.1,51.76,3273623.0
1718164800,2024-06-12,52.12,52.14,51.19,51.5,3006344.0
1718251200,2024-06-13,51.34,51.72,50.62,51.1,3339755.0
1718337600,2024-06-14,51.47,51.78,51.24,51.6,2400617.0
1718596800,2024-06-17,51.19,51.56,50.96,51.09,2255935.0
1718683200,2024-06-18,50.9,51.22,50.55,50.98,4269039.0
1718856000,2024-06-20,50.86,51.44,50.74,51.37,3028147.0
1718942400,2024-06-21,51.61,51.96,51.05,51.22,6889808.0
1719201600,2024-06-24,51.45,52.14,51.17,51.8,2705293.0
1719288000,2024-06-25,51.7,51.77,51.21,51.57,2312056.0
1719374400,2024-06-26,51.4,51.69,50.98,51.62,2662913.0
1719460800,2024-06-27,51.67,51.96,51.3,51.68,2471025.0
1719547200,2024-06-28,51.69,51.75,50.9,51.25,3718661.0
1719806400,2024-07-01,51.38,51.62,50.19,50.31,2158409.0
1719892800,2024-07-02,50.54,51.13,50.36,51.05,2660989.0
1719979200,2024-07-03,50.93,51.23,50.58,50.62,1178345.0
1720152000,2024-07-05,50.63,50.91,50.23,50.56,1653017.0
1720411200,2024-07-08,50.37,50.57,49.92,50.01,2244958.0
1720497600,2024-07-09,50.06,50.5,49.87,50.35,2240529.0
1720584000,2024-07-10,50.43,50.6,49.99,50.47,2129136.0
1720670400,2024-07-11,50.67,52.37,50.51,51.9,3535710.0
1720756800,2024-07-12,52.07,52.56,51.59,52.09,2353946.0
1721016000,2024-07-15,51.5,51.56,50.83,51.08,2219567.0
1721102400,2024-07-16,51.41,51.78,51.22,51.75,2377728.0
1721188800,2024-07-17,52.12,53.57,52.07,53.08,3242316.0
1721275200,2024-07-18,52.78,53.84,52.75,53.53,3023854.0
1721361600,2024-07-19,53.55,53.82,52.81,53.68,3043940.0
1721620800,2024-07-22,53.92,54.11,53.36,53.49,2545063.0
1721707200,2024-07-23,53.36,53.47,52.8,52.91,2164876.0
1721793600,2024-07-24,53.42,54.12,53.13,54.08,2907547.0
1721880000,2024-07-25,53.42,54.12,53.13,54.08,2907547.0
1721966400,2024-07-26,54.99,55.34,54.79,55.04,3434870.0
1722225600,2024-07-29,55.26,55.63,54.91,55.36,1995659.0
1722312000,2024-07-30,55.2,56.36,55.19,56.26,2497976.0
1722398400,2024-07-31,56.11,56.3,55.54,55.93,6198289.0
1722484800,2024-08-01,55.28,56.77,54.4,56.72,4540099.0
1722571200,2024-08-02,58.75,59.08,56.55,57.34,3640956.0
1722830400,2024-08-05,59.4,59.4,55.53,55.65,4273823.0
1722916800,2024-08-06,55.56,56.39,55.5,55.52,3064019.0
1723003200,2024-08-07,55.48,56.71,55.42,56.0,2768021.0
1723089600,2024-08-08,55.62,56.47,55.3,55.8,3025002.0
1723176000,2024-08-09,56.08,56.08,54.93,55.62,1795173.0
1723435200,2024-08-12,55.52,55.86,55.11,55.68,1792063.0
1723521600,2024-08-13,56.05,57.32,55.96,57.25,4337647.0
1723608000,2024-08-14,56.92,57.2,56.28,56.58,5190786.0
1723694400,2024-08-15,56.32,56.81,56.04,56.52,2483616.0
1723780800,2024-08-16,56.76,57.77,56.66,57.56,5147641.0
1724040000,2024-08-19,57.57,57.95,57.57,57.72,2266126.0
1724126400,2024-08-20,57.58,58.05,57.34,57.57,2669453.0
1724212800,2024-08-21,57.53,57.83,57.2,57.54,1574086.0
1724299200,2024-08-22,57.58,57.62,57.22,57.5,1581113.0
1724385600,2024-08-23,57.74,58.12,57.49,57.69,2069299.0
1724644800,2024-08-26,58.34,59.22,58.14,58.98,3678662.0
1724731200,2024-08-27,59.06,59.17,58.09,58.43,2645637.0
1724817600,2024-08-28,58.65,58.77,58.15,58.23,1545597.0
1724904000,2024-08-29,58.38,59.03,58.21,58.91,2940269.0
1724990400,2024-08-30,58.89,59.15,58.39,58.76,2858332.0
1725336000,2024-09-03,58.74,60.33,58.61,60.0,3410354.0
1725422400,2024-09-04,60.31,60.79,60.11,60.61,4033934.0
1725508800,2024-09-05,61.17,61.23,60.54,60.9,2969476.0
1725595200,2024-09-06,60.9,61.18,60.31,60.37,4731757.0
1725854400,2024-09-09,60.31,61.05,60.22,60.93,2687848.0
1725940800,2024-09-10,61.08,61.44,60.98,61.26,4935062.0
1726027200,2024-09-11,61.13,61.37,60.53,61.27,4352787.0
1726113600,2024-09-12,61.54,61.83,60.89,61.31,4886474.0
1726200000,2024-09-13,61.76,61.93,61.01,61.79,2961647.0
1726459200,2024-09-16,62.24,62.86,62.13,62.48,3933171.0
1726545600,2024-09-17,62.36,62.57,62.16,62.43,3519814.0
1726632000,2024-09-18,62.37,62.53,61.83,62.29,5170966.0
1726718400,2024-09-19,62.2,62.42,61.63,62.0,4861174.0
1726804800,2024-09-20,62.36,62.6,61.99,62.07,7665855.0
1727064000,2024-09-23,62.28,62.29,61.7,61.9,2006153.0
1727150400,2024-09-24,61.54,62.71,61.37,62.11,4888058.0
1727236800,2024-09-25,62.41,62.47,61.85,62.13,2882874.0
1727323200,2024-09-26,61.89,62.4,61.69,61.92,2031629.0
1727409600,2024-09-27,62.17,62.74,62.07,62.49,1912936.0
1727668800,2024-09-30,62.85,63.32,62.32,63.2,3139754.0
1727755200,2024-10-01,63.22,63.53,62.78,63.22,2621287.0
1727841600,2024-10-02,63.0,63.38,62.91,63.06,1940369.0
1727928000,2024-10-03,63.08,63.25,62.31,62.33,1818293.0
1728014400,2024-10-04,61.63,61.92,60.64,61.68,3052914.0
1728273600,2024-10-07,61.36,61.36,60.52,60.98,4288920.0
1728360000,2024-10-08,60.56,61.39,60.56,60.91,2743995.0
1728446400,2024-10-09,60.76,61.21,60.42,60.57,1867470.0
1728532800,2024-10-10,60.76,60.99,60.14,60.16,2277396.0
1728619200,2024-10-11,60.18,60.65,60.12,60.31,2822159.0
1728878400,2024-10-14,60.45,61.01,60.34,60.99,3148015.0
1728964800,2024-10-15,61.18,62.17,61.06,61.39,3413211.0
1729051200,2024-10-16,61.39,62.0,61.27,61.95,2590483.0
1729137600,2024-10-17,61.8,61.93,61.02,61.22,3382558.0
1729224000,2024-10-18,61.13,62.6,60.9,62.01,3651774.0
1729483200,2024-10-21,61.95,62.06,61.09,61.39,2178848.0
1729569600,2024-10-22,61.21,61.75,60.99,61.63,2244157.0
1729656000,2024-10-23,61.32,62.3,61.21,62.25,2338233.0
1729742400,2024-10-24,62.46,63.1,62.19,63.02,4941016.0
1729828800,2024-10-25,63.45,63.65,62.15,62.39,7028049.0
1730088000,2024-10-28,62.37,62.79,62.22,62.41,4165714.0
1730174400,2024-10-29,62.23,62.32,61.3,61.3,6475726.0
1730260800,2024-10-30,61.31,61.73,60.62,61.02,2894626.0
1730347200,2024-10-31,62.31,65.55,61.59,64.66,6805346.0
1730433600,2024-11-01,65.62,66.16,64.46,64.55,6860953.0
1730696400,2024-11-04,63.85,64.05,63.17,63.7,12450772.0
1730782800,2024-11-05,63.82,64.3,63.6,64.2,4713540.0
1730869200,2024-11-06,63.73,64.94,63.22,64.35,5057919.0
1730955600,2024-11-07,64.25,64.73,63.95,64.07,4185826.0
1731042000,2024-11-08,64.14,65.27,64.08,65.2,3859144.0
1731301200,2024-11-11,65.07,66.61,64.98,66.44,5555993.0
1731387600,2024-11-12,66.42,67.12,66.15,66.4,5337499.0
1731474000,2024-11-13,66.46,66.72,65.94,66.44,4068272.0
1731560400,2024-11-14,66.67,67.29,66.28,66.69,3347527.0
1731646800,2024-11-15,66.68,67.65,66.47,67.23,4018542.0
1731906000,2024-11-18,67.29,68.16,67.18,67.69,2598128.0
1731992400,2024-11-19,67.63,67.75,66.89,67.33,2268127.0
1732078800,2024-11-20,67.16,67.98,67.12,67.8,2439543.0
1732165200,2024-11-21,68.21,69.13,67.58,69.09,2645011.0
1732251600,2024-11-22,69.34,69.48,68.94,69.06,2065350.0
1732510800,2024-11-25,69.44,69.64,68.9,69.3,3122602.0
1732597200,2024-11-26,69.73,69.77,68.96,69.56,3155878.0
1732683600,2024-11-27,70.0,71.02,69.89,70.58,2528394.0
1732856400,2024-11-29,70.53,70.73,70.14,70.23,1383042.0
1733115600,2024-12-02,70.16,70.26,68.84,68.91,2718032.0
1733202000,2024-12-03,69.2,69.45,68.7,68.72,2672529.0
1733288400,2024-12-04,68.9,69.09,68.1,68.45,3233348.0
1733374800,2024-12-05,68.54,68.97,68.34,68.58,2518525.0
1733461200,2024-12-06,68.38,68.48,67.29,67.5,3432767.0
1733720400,2024-12-09,67.49,67.83,66.71,66.89,2760687.0
1733806800,2024-12-10,66.89,67.4,66.03,66.93,2587458.0
1733893200,2024-12-11,67.01,67.22,66.1,66.16,3013003.0
1733979600,2024-12-12,66.95,67.01,65.99,66.29,2575276.0
1734066000,2024-12-13,66.02,66.38,65.72,65.93,2253986.0
1734325200,2024-12-16,65.93,66.25,65.46,65.48,4244692.0
1734411600,2024-12-17,65.33,66.54,64.87,65.89,6459715.0
1734498000,2024-12-18,65.47,65.85,64.21,64.27,5884925.0
1734584400,2024-12-19,63.98,65.42,63.95,64.51,4607989.0
1734670800,2024-12-20,64.39,65.64,64.33,65.23,13060777.0
1734930000,2024-12-23,64.96,65.65,64.68,65.54,2535653.0
1735016400,2024-12-24,65.61,66.08,65.43,66.02,943915.0
1735189200,2024-12-26,65.69,66.24,65.55,65.99,1394942.0
1735275600,2024-12-27,65.54,66.44,65.44,65.95,2014955.0
1735534800,2024-12-30,65.95,65.95,65.0,65.42,2642910.0
1735621200,2024-12-31,65.28,65.87,65.06,65.35,2143881.0
1735794000,2025-01-02,65.66,65.81,64.49,64.71,2817170.0
1735880400,2025-01-03,64.97,65.15,64.42,64.55,3157381.0
1736139600,2025-01-06,64.17,64.83,63.42,63.58,3657563.0
1736226000,2025-01-07,63.58,64.92,63.41,64.06,3017834.0
1736312400,2025-01-08,63.99,64.84,63.49,64.8,3714749.0
1736485200,2025-01-10,64.45,64.45,61.08,61.85,5441065.0
1736744400,2025-01-13,62.29,62.6,61.61,62.09,3114553.0
1736830800,2025-01-14,61.91,62.75,61.69,62.54,5952823.0
1736917200,2025-01-15,63.45,63.96,63.19,63.38,2655622.0
1737003600,2025-01-16,63.2,64.62,63.06,64.61,3024125.0
1737090000,2025-01-17,64.93,65.28,64.35,65.12,3235025.0
1737435600,2025-01-21,65.33,66.35,65.03,66.05,4147485.0
1737522000,2025-01-22,65.95,65.95,65.23,65.37,3746056.0
1737608400,2025-01-23,65.66,65.66,64.41,64.47,3928593.0
1737694800,2025-01-24,64.56,65.38,64.17,65.01,3110246.0
1737954000,2025-01-27,65.03,66.42,64.72,66.36,4142654.0
1738040400,2025-01-28,66.23,66.23,64.59,64.83,3043657.0
1738126800,2025-01-29,64.71,65.21,64.39,64.48,2447363.0
1738213200,2025-01-30,65.13,65.43,64.64,65.25,2704356.0
1738299600,2025-01-31,65.15,65.63,65.01,65.59,6442305.0
1738558800,2025-02-03,65.48,66.35,64.85,66.12,2915894.0
1738645200,2025-02-04,65.61,65.95,64.98,65.7,2706779.0
1738731600,2025-02-05,66.37,66.85,65.76,66.32,2941056.0
1738818000,2025-02-06,65.4,66.1,64.41,65.51,5611554.0
1738904400,2025-02-07,65.79,66.26,64.83,65.0,3783358.0
1739163600,2025-02-10,65.3,65.42,64.29,65.27,2637067.0
1739250000,2025-02-11,65.0,65.62,64.41,65.58,2284376.0
1739336400,2025-02-12,64.86,65.87,64.59,65.78,2706184.0
