unix,date,open,high,low,close,volume_base
1451883600,2016-01-04,76.1,76.49,75.15,76.42,3071544.0
1451970000,2016-01-05,76.6,78.04,76.5,77.93,2596755.0
1452056400,2016-01-06,77.51,77.96,77.07,77.66,2249603.0
1452142800,2016-01-07,76.58,76.92,75.37,75.72,3472994.0
1452229200,2016-01-08,75.86,76.26,74.21,74.47,2136474.0
1452488400,2016-01-11,74.87,75.08,74.16,74.67,1682554.0
1452574800,2016-01-12,75.17,75.22,74.11,74.67,2060617.0
1452661200,2016-01-13,74.96,75.13,72.79,72.83,2125116.0
1452747600,2016-01-14,73.29,73.54,72.47,72.87,2706111.0
1452834000,2016-01-15,71.57,72.42,69.43,69.86,5833751.0
1453179600,2016-01-19,70.94,73.92,70.81,71.85,4387789.0
1453266000,2016-01-20,71.13,71.27,68.13,70.34,4641186.0
1453352400,2016-01-21,70.23,72.04,69.71,71.14,3107675.0
1453438800,2016-01-22,71.85,73.96,71.39,73.7,3404138.0
1453698000,2016-01-25,73.72,73.81,71.86,72.01,3177867.0
1453784400,2016-01-26,72.71,74.04,72.63,73.08,3052166.0
1453870800,2016-01-27,72.69,73.85,72.25,73.11,2207165.0
1453957200,2016-01-28,73.21,73.85,72.98,73.11,2043497.0
1454043600,2016-01-29,74.0,74.68,73.4,74.56,3266881.0
1454302800,2016-02-01,73.97,74.21,73.36,73.58,2767861.0
1454389200,2016-02-02,73.09,73.37,72.04,72.19,2017452.0
1454475600,2016-02-03,72.52,72.52,69.86,71.51,4401622.0
1454562000,2016-02-04,71.38,72.58,71.14,71.99,2446411.0
1454648400,2016-02-05,71.68,71.88,69.99,70.21,2153945.0
1454907600,2016-02-08,69.87,69.91,66.82,67.5,3182297.0
1454994000,2016-02-09,66.83,67.88,66.31,67.63,2722273.0
1455080400,2016-02-10,67.85,68.86,67.46,67.84,1711091.0
1455166800,2016-02-11,66.9,66.9,65.65,66.12,3042629.0
1455253200,2016-02-12,67.25,67.82,66.19,67.71,2368941.0
1455598800,2016-02-16,68.83,69.12,67.95,68.32,2114052.0
1455685200,2016-02-17,68.71,69.03,68.05,68.12,2754929.0
1455771600,2016-02-18,68.04,69.55,67.79,69.15,2941708.0
1455858000,2016-02-19,69.08,69.48,68.37,69.01,3571395.0
1456117200,2016-02-22,69.56,70.99,69.56,70.53,2775238.0
1456203600,2016-02-23,70.23,70.62,69.21,69.56,2054702.0
1456290000,2016-02-24,69.18,70.68,68.76,70.36,3849922.0
1456376400,2016-02-25,70.55,71.24,70.31,70.67,4702000.0
1456462800,2016-02-26,70.18,72.55,68.98,71.14,4867533.0
1456722000,2016-02-29,71.25,73.7,71.14,72.87,4259567.0
1456808400,2016-03-01,73.3,74.91,72.43,74.84,3384152.0
1456894800,2016-03-02,74.58,74.84,74.08,74.78,1751957.0
1456981200,2016-03-03,74.92,75.33,74.39,75.32,1984487.0
1457067600,2016-03-04,75.17,76.13,75.16,75.82,2110102.0
1457326800,2016-03-07,75.44,76.03,75.25,75.55,2093044.0
1457413200,2016-03-08,75.09,75.52,74.58,74.76,1896803.0
1457499600,2016-03-09,75.03,75.22,74.49,74.76,1948271.0
1457586000,2016-03-10,75.33,75.72,74.04,74.85,1835281.0
1457672400,2016-03-11,75.51,77.89,75.41,77.81,2882139.0
1457928000,2016-03-14,77.2,77.69,76.41,77.5,2135538.0
1458014400,2016-03-15,76.71,77.95,76.68,77.77,2197749.0
1458100800,2016-03-16,77.54,79.01,77.28,78.88,1913550.0
1458187200,2016-03-17,78.81,81.32,78.61,80.41,3711606.0
1458273600,2016-03-18,80.77,80.77,79.15,79.43,4003390.0
1458532800,2016-03-21,79.05,79.55,78.84,79.3,1788509.0
1458619200,2016-03-22,79.09,79.32,78.6,78.98,1629652.0
1458705600,2016-03-23,79.03,79.79,78.69,78.7,1458515.0
1458792000,2016-03-24,78.56,79.52,78.14,79.31,1823369.0
1459137600,2016-03-28,79.43,79.73,78.94,79.22,1220998.0
1459224000,2016-03-29,79.27,80.67,78.87,80.55,2061374.0
1459310400,2016-03-30,80.89,81.33,80.67,80.86,1762540.0
1459396800,2016-03-31,80.61,81.35,80.52,80.9,1811027.0
1459483200,2016-04-01,80.51,82.84,80.51,82.59,3332978.0
1459742400,2016-04-04,82.44,82.89,82.29,82.75,2087528.0
1459828800,2016-04-05,82.19,82.5,81.99,82.19,1811562.0
1459915200,2016-04-06,82.22,83.64,81.99,83.54,2558938.0
1460001600,2016-04-07,83.15,83.42,82.53,82.98,2241261.0
1460088000,2016-04-08,83.4,84.23,83.24,83.95,1468249.0
1460347200,2016-04-11,84.38,84.6,83.92,84.18,1543609.0
1460433600,2016-04-12,84.11,84.57,83.59,84.31,1578148.0
1460520000,2016-04-13,84.76,84.77,84.03,84.36,2384762.0
1460606400,2016-04-14,84.3,84.45,83.45,83.54,1702980.0
1460692800,2016-04-15,83.6,84.18,83.28,84.0,1439586.0
1460952000,2016-04-18,83.56,83.99,83.38,83.81,2173754.0
1461038400,2016-04-19,83.4,83.81,82.55,83.78,2595447.0
1461124800,2016-04-20,83.82,84.09,83.09,83.24,1838712.0
1461211200,2016-04-21,82.99,82.99,81.3,81.45,2609714.0
1461297600,2016-04-22,81.76,83.49,81.68,82.74,1869181.0
1461556800,2016-04-25,82.74,83.03,82.04,82.73,1432801.0
1461643200,2016-04-26,82.93,83.42,82.89,83.2,1378082.0
1461729600,2016-04-27,83.01,83.6,82.43,82.98,1705345.0
1461816000,2016-04-28,82.44,83.65,82.21,82.69,2476594.0
1461902400,2016-04-29,82.55,83.58,81.23,83.29,2961367.0
1462161600,2016-05-02,83.38,83.99,82.99,83.79,2177627.0
1462248000,2016-05-03,82.92,83.37,81.91,82.72,2077643.0
1462334400,2016-05-04,82.31,83.96,82.0,83.79,2117116.0
1462420800,2016-05-05,83.87,84.75,83.87,84.42,2242669.0
1462507200,2016-05-06,84.22,84.72,83.57,84.63,1388078.0
1462766400,2016-05-09,84.68,85.1,84.36,84.69,1234934.0
1462852800,2016-05-10,84.87,85.16,84.61,85.11,1240425.0
1462939200,2016-05-11,84.92,85.07,83.94,83.96,1138987.0
1463025600,2016-05-12,84.38,84.8,83.85,84.62,1266080.0
1463112000,2016-05-13,84.65,84.65,83.68,83.94,1388444.0
1463371200,2016-05-16,83.98,84.75,83.94,84.56,1729464.0
1463457600,2016-05-17,84.69,84.69,83.24,83.67,1403579.0
1463544000,2016-05-18,83.53,83.73,82.12,83.03,1809439.0
1463630400,2016-05-19,82.19,82.66,81.88,82.41,1226342.0
1463716800,2016-05-20,82.81,82.93,82.29,82.6,1771770.0
1463976000,2016-05-23,82.81,82.94,82.29,82.72,1152171.0
1464062400,2016-05-24,82.95,83.66,82.75,83.62,2409538.0
1464148800,2016-05-25,84.18,84.55,83.8,84.31,1373485.0
1464235200,2016-05-26,84.2,84.37,83.31,83.62,1626929.0
1464321600,2016-05-27,83.74,84.61,83.67,84.22,1247208.0
1464667200,2016-05-31,84.14,84.41,83.58,84.0,2746891.0
1464753600,2016-06-01,83.75,84.06,83.28,83.76,1242668.0
1464840000,2016-06-02,83.66,84.63,83.33,84.62,1449764.0
1464926400,2016-06-03,84.94,85.2,84.5,84.95,1567877.0
1465185600,2016-06-06,85.06,85.49,84.7,85.13,1224414.0
1465272000,2016-06-07,85.19,85.98,84.92,85.66,1442056.0
1465358400,2016-06-08,85.64,86.01,85.15,85.42,1331262.0
1465444800,2016-06-09,85.29,86.64,85.05,86.61,2085604.0
1465531200,2016-06-10,86.11,86.86,85.79,86.39,2159721.0
1465790400,2016-06-13,86.38,87.19,86.2,86.5,2644472.0
1465876800,2016-06-14,86.16,86.44,85.14,85.46,1642569.0
1465963200,2016-06-15,85.59,86.0,85.28,85.57,1459671.0
1466049600,2016-06-16,85.37,85.99,85.1,85.94,1591958.0
1466136000,2016-06-17,85.87,85.96,84.99,85.34,2998790.0
1466395200,2016-06-20,86.06,86.63,85.68,85.73,2635535.0
1466481600,2016-06-21,86.08,87.62,85.9,87.34,2199425.0
1466568000,2016-06-22,87.3,87.64,86.69,87.31,1343592.0
1466654400,2016-06-23,87.78,88.96,87.41,88.96,1959197.0
1466740800,2016-06-24,86.33,88.0,85.93,86.4,3745268.0
1467000000,2016-06-27,85.9,86.92,85.1,86.9,2908114.0
1467086400,2016-06-28,87.64,88.46,87.14,88.42,1979519.0
1467172800,2016-06-29,89.1,90.28,88.67,90.18,2635162.0
1467259200,2016-06-30,90.35,90.68,89.17,90.67,3930412.0
1467345600,2016-07-01,90.93,91.38,90.54,90.66,1709300.0
1467691200,2016-07-05,90.68,91.16,90.55,90.84,2467852.0
1467777600,2016-07-06,90.56,90.59,89.08,89.7,2553472.0
1467864000,2016-07-07,89.75,90.56,89.12,89.54,2095874.0
1467950400,2016-07-08,90.32,90.78,89.64,90.71,2115174.0
1468209600,2016-07-11,90.71,91.61,89.97,91.51,2175388.0
1468296000,2016-07-12,91.46,92.67,91.18,92.65,3319000.0
1468382400,2016-07-13,92.89,93.13,92.24,92.58,2316556.0
1468468800,2016-07-14,92.6,93.5,92.29,93.37,2477455.0
1468555200,2016-07-15,93.47,93.8,92.53,93.23,1870824.0
1468814400,2016-07-18,93.36,93.77,92.77,92.81,1572561.0
1468900800,2016-07-19,92.8,93.67,92.68,93.67,1628881.0
1468987200,2016-07-20,93.67,94.04,93.45,93.95,1700524.0
1469073600,2016-07-21,93.89,94.11,93.35,93.81,1393275.0
1469160000,2016-07-22,93.9,94.38,93.63,94.04,1633722.0
1469419200,2016-07-25,94.09,94.26,92.71,93.27,1602700.0
1469505600,2016-07-26,93.32,93.55,92.96,93.35,1673572.0
1469592000,2016-07-27,93.61,93.97,92.72,93.86,2070729.0
1469678400,2016-07-28,93.56,94.09,92.45,93.09,2302192.0
1469764800,2016-07-29,92.78,92.93,92.22,92.39,2621561.0
1470024000,2016-08-01,92.47,93.41,92.44,93.4,2007146.0
1470110400,2016-08-02,92.95,93.27,92.51,93.16,2232637.0
1470196800,2016-08-03,93.51,93.55,92.0,92.36,2121275.0
1470283200,2016-08-04,92.57,93.37,92.34,92.91,1825206.0
1470369600,2016-08-05,93.03,93.57,92.6,93.04,1986401.0
1470628800,2016-08-08,92.99,93.21,92.23,92.36,1666685.0
1470715200,2016-08-09,92.4,92.68,92.15,92.51,1386681.0
1470801600,2016-08-10,92.84,92.84,92.45,92.76,1102596.0
1470888000,2016-08-11,92.75,93.11,92.25,92.49,1157040.0
1470974400,2016-08-12,92.51,93.32,92.33,92.97,1012198.0
1471233600,2016-08-15,93.07,93.46,92.38,92.41,949199.0
1471320000,2016-08-16,91.93,92.2,90.87,91.07,1905129.0
1471406400,2016-08-17,91.3,91.51,90.22,91.42,1562370.0
1471492800,2016-08-18,91.39,91.71,90.78,91.26,1201401.0
1471579200,2016-08-19,91.13,91.43,90.38,90.67,3880404.0
1471838400,2016-08-22,90.69,91.68,90.24,91.47,1589961.0
1471924800,2016-08-23,91.94,92.86,91.79,91.95,1995272.0
1472011200,2016-08-24,91.95,92.16,91.26,91.43,1482760.0
1472097600,2016-08-25,91.46,91.8,91.06,91.18,1273620.0
1472184000,2016-08-26,91.33,91.78,89.61,90.36,1751033.0
1472443200,2016-08-29,90.77,91.12,90.65,90.85,1306623.0
1472529600,2016-08-30,90.9,90.98,89.92,90.35,1609793.0
1472616000,2016-08-31,90.18,90.87,89.96,90.48,3167079.0
1472702400,2016-09-01,90.74,90.86,90.05,90.83,1258835.0
1472788800,2016-09-02,91.24,92.2,91.17,91.85,1886019.0
1473134400,2016-09-06,92.25,93.62,91.94,93.49,2534897.0
1473220800,2016-09-07,93.24,93.49,92.85,93.24,1531050.0
1473307200,2016-09-08,92.82,93.2,92.76,92.77,3665455.0
1473393600,2016-09-09,92.01,92.33,87.94,87.94,3230424.0
1473652800,2016-09-12,87.35,89.25,86.99,88.8,2844130.0
1473739200,2016-09-13,88.54,88.54,86.12,86.28,2590738.0
1473825600,2016-09-14,86.61,87.33,86.0,86.48,2030117.0
1473912000,2016-09-15,86.6,87.28,86.2,87.05,1715419.0
1473998400,2016-09-16,86.56,86.66,85.85,86.19,3430232.0
1474257600,2016-09-19,86.67,87.3,86.45,87.15,1606083.0
1474344000,2016-09-20,87.86,88.02,86.68,86.71,1463371.0
1474430400,2016-09-21,86.68,88.06,86.2,87.86,1583213.0
1474516800,2016-09-22,88.69,89.72,88.53,89.6,2140881.0
1474603200,2016-09-23,89.5,90.5,88.98,90.17,2565675.0
1474862400,2016-09-26,89.78,90.23,89.15,89.93,1727518.0
1474948800,2016-09-27,90.35,90.35,89.56,89.84,1550952.0
1475035200,2016-09-28,90.14,90.43,89.53,90.32,1612376.0
1475121600,2016-09-29,90.07,91.21,89.44,91.0,2576066.0
1475208000,2016-09-30,91.36,92.13,90.86,90.88,3197257.0
1475467200,2016-10-03,90.48,90.81,89.62,90.02,2665063.0
1475553600,2016-10-04,90.02,90.02,88.36,88.7,2876348.0
1475640000,2016-10-05,88.78,88.9,86.01,86.16,3967449.0
1475726400,2016-10-06,85.93,87.21,85.04,87.02,3036082.0
1475812800,2016-10-07,87.18,87.88,86.46,87.02,2523275.0
1476072000,2016-10-10,87.05,87.92,87.02,87.76,1382614.0
1476158400,2016-10-11,87.55,87.8,86.8,87.36,1620339.0
1476244800,2016-10-12,87.23,89.91,87.23,89.45,2548314.0
1476331200,2016-10-13,89.26,90.43,88.91,90.38,2481970.0
1476417600,2016-10-14,90.6,91.89,90.39,90.9,2427652.0
1476676800,2016-10-17,90.61,91.27,90.52,90.89,1880556.0
1476763200,2016-10-18,91.7,92.01,90.9,91.54,1161050.0
1476849600,2016-10-19,91.77,92.49,91.37,92.48,1719937.0
1476936000,2016-10-20,92.52,92.52,91.2,92.09,1863005.0
1477022400,2016-10-21,91.42,92.86,91.1,92.79,2113630.0
1477281600,2016-10-24,93.19,94.7,93.13,93.63,2099826.0
1477368000,2016-10-25,93.35,93.95,93.1,93.63,1700983.0
1477454400,2016-10-26,92.9,93.23,92.6,92.76,2554896.0
1477540800,2016-10-27,93.61,94.17,92.42,92.54,3406783.0
1477627200,2016-10-28,93.06,93.88,92.47,93.13,2928326.0
1477886400,2016-10-31,93.79,94.14,93.19,93.98,2150653.0
1477972800,2016-11-01,93.98,94.2,91.88,92.34,2699873.0
1478059200,2016-11-02,92.01,92.24,90.0,90.55,3984338.0
1478145600,2016-11-03,90.75,91.21,89.83,90.84,2322274.0
1478232000,2016-11-04,91.09,91.12,90.59,90.6,2620971.0
1478494800,2016-11-07,91.9,92.48,91.51,92.38,1858128.0
1478581200,2016-11-08,92.62,93.15,92.38,92.97,1850929.0
1478667600,2016-11-09,90.62,91.67,87.06,87.59,6578101.0
1478754000,2016-11-10,87.83,87.83,82.74,84.77,8926991.0
1478840400,2016-11-11,84.61,85.75,83.5,84.77,4494616.0
1479099600,2016-11-14,84.34,84.55,80.52,82.26,7702855.0
1479186000,2016-11-15,82.68,84.73,82.61,82.99,3613616.0
1479272400,2016-11-16,83.0,84.75,82.65,84.55,3101045.0
1479358800,2016-11-17,84.46,85.96,84.02,84.64,3353630.0
1479445200,2016-11-18,84.8,85.35,83.38,84.28,3118119.0
1479704400,2016-11-21,85.22,85.89,84.78,84.93,3110539.0
1479790800,2016-11-22,85.29,86.75,84.55,86.59,2680759.0
1479877200,2016-11-23,86.0,86.41,85.52,85.63,2474070.0
1480050000,2016-11-25,85.61,86.52,85.55,86.05,798833.0
1480309200,2016-11-28,85.96,86.64,84.97,85.09,2729514.0
1480395600,2016-11-29,85.24,86.03,84.69,85.05,2201678.0
1480482000,2016-11-30,85.25,85.36,81.95,82.01,7534454.0
1480568400,2016-12-01,81.28,81.76,79.97,80.98,5206578.0
1480654800,2016-12-02,81.41,82.69,81.2,82.26,3462593.0
1480914000,2016-12-05,82.07,82.24,81.17,81.83,2944616.0
1481000400,2016-12-06,82.6,82.73,80.83,80.88,3260736.0
1481086800,2016-12-07,81.4,82.13,80.9,81.96,4825484.0
1481173200,2016-12-08,81.95,83.29,81.61,82.11,3639872.0
1481259600,2016-12-09,82.17,82.7,82.14,82.53,3449323.0
1481518800,2016-12-12,82.34,84.08,82.32,83.31,3665579.0
1481605200,2016-12-13,83.94,85.5,83.77,85.11,3319490.0
1481691600,2016-12-14,85.34,86.75,84.7,85.41,4641468.0
1481778000,2016-12-15,85.05,85.62,84.7,85.05,2607590.0
1481864400,2016-12-16,85.27,85.63,84.68,84.85,3406988.0
1482123600,2016-12-19,85.38,85.94,84.84,85.77,1623954.0
1482210000,2016-12-20,85.88,86.51,85.45,85.79,1933942.0
1482296400,2016-12-21,85.79,86.41,85.44,85.49,1428547.0
1482382800,2016-12-22,85.21,85.49,84.44,85.49,1166626.0
1482469200,2016-12-23,85.65,86.18,85.15,85.49,1045124.0
1482814800,2016-12-27,85.68,86.13,85.49,85.7,1037118.0
1482901200,2016-12-28,85.87,85.95,85.24,85.34,1198438.0
1482987600,2016-12-29,85.4,86.09,85.27,85.79,1841373.0
1483074000,2016-12-30,85.82,86.03,84.99,85.21,2044643.0
1483419600,2017-01-03,86.06,86.18,84.94,85.59,2439063.0
1483506000,2017-01-04,85.8,86.23,85.63,85.74,1839861.0
1483592400,2017-01-05,85.39,85.82,84.98,85.45,2063453.0
1483678800,2017-01-06,85.41,85.71,84.81,84.88,2142773.0
1483938000,2017-01-09,85.07,85.33,84.62,84.68,2429785.0
1484024400,2017-01-10,84.86,84.87,83.19,83.45,2482317.0
1484110800,2017-01-11,83.45,84.0,82.66,83.72,2726705.0
1484197200,2017-01-12,83.62,84.07,83.15,84.02,1659013.0
1484283600,2017-01-13,84.04,84.47,82.95,83.41,2164159.0
1484629200,2017-01-17,83.66,84.82,83.38,84.8,2246767.0
1484715600,2017-01-18,84.87,85.81,84.7,85.2,2462565.0
1484802000,2017-01-19,85.2,85.2,83.75,84.21,1824928.0
1484888400,2017-01-20,84.54,85.0,83.83,84.02,2962783.0
1485147600,2017-01-23,84.18,84.82,84.07,84.49,2336067.0
1485234000,2017-01-24,84.64,84.64,83.88,84.32,1962978.0
1485320400,2017-01-25,84.52,84.57,83.61,83.79,2240393.0
1485406800,2017-01-26,83.97,84.78,83.66,84.1,1331750.0
1485493200,2017-01-27,84.19,84.49,83.58,83.71,1303244.0
1485752400,2017-01-30,83.9,83.9,82.83,83.06,1740442.0
1485838800,2017-01-31,83.49,83.86,83.18,83.45,1601165.0
1485925200,2017-02-01,83.45,83.73,83.07,83.28,2015497.0
1486011600,2017-02-02,83.19,84.12,83.11,83.95,1434930.0
1486098000,2017-02-03,84.47,85.19,84.47,84.87,3183137.0
1486357200,2017-02-06,84.71,84.99,83.11,83.57,2250836.0
1486443600,2017-02-07,83.58,83.8,82.98,83.43,1458765.0
1486530000,2017-02-08,83.72,84.2,83.34,84.1,1390463.0
1486616400,2017-02-09,84.02,85.47,83.43,85.29,2647124.0
1486702800,2017-02-10,85.03,85.28,84.45,85.06,1348467.0
1486962000,2017-02-13,85.3,86.83,85.15,86.72,2079189.0
1487048400,2017-02-14,86.79,86.79,85.33,86.1,1671469.0
1487134800,2017-02-15,86.35,86.58,85.48,86.37,1529539.0
1487221200,2017-02-16,86.24,87.06,86.16,86.85,1403171.0
1487307600,2017-02-17,86.99,88.53,86.81,87.17,5808516.0
1487653200,2017-02-21,87.17,89.68,87.1,89.65,3159863.0
1487739600,2017-02-22,89.82,90.17,89.18,89.52,2341694.0
1487826000,2017-02-23,89.64,90.51,89.62,90.47,2362445.0
1487912400,2017-02-24,90.37,91.28,90.12,91.03,2741445.0
1488171600,2017-02-27,91.93,92.61,90.95,91.39,3029540.0
1488258000,2017-02-28,91.23,93.28,91.19,92.56,3440039.0
1488344400,2017-03-01,92.58,92.62,91.18,91.79,2986508.0
1488430800,2017-03-02,91.77,92.92,91.08,92.57,2701098.0
1488517200,2017-03-03,92.39,93.34,92.2,93.27,1530747.0
1488776400,2017-03-06,93.16,93.16,92.15,92.49,1918172.0
1488862800,2017-03-07,92.19,92.92,91.86,92.49,2538819.0
1488949200,2017-03-08,91.96,92.49,91.25,91.31,2247940.0
1489035600,2017-03-09,91.46,91.68,90.94,91.12,2144437.0
1489122000,2017-03-10,91.71,92.08,91.2,91.58,1674709.0
1489377600,2017-03-13,91.68,92.34,91.28,92.13,1751304.0
1489464000,2017-03-14,91.84,92.51,91.65,91.94,1519963.0
1489550400,2017-03-15,92.03,93.57,91.88,92.95,2232260.0
1489636800,2017-03-16,93.31,93.53,92.54,92.8,1986927.0
1489723200,2017-03-17,93.02,93.76,92.78,93.54,4525904.0
1489982400,2017-03-20,93.56,94.23,93.32,93.52,2146644.0
1490068800,2017-03-21,93.98,95.58,93.79,94.13,3009681.0
1490155200,2017-03-22,94.77,95.63,94.17,95.4,2994763.0
1490241600,2017-03-23,95.49,96.36,95.2,95.91,2785175.0
1490328000,2017-03-24,96.11,96.57,95.86,96.21,2680134.0
1490587200,2017-03-27,95.73,96.96,95.59,96.77,3839255.0
1490673600,2017-03-28,96.49,97.34,96.37,97.07,2411471.0
1490760000,2017-03-29,96.91,97.83,96.89,97.6,2425825.0
1490846400,2017-03-30,97.39,97.64,96.9,97.49,1891843.0
1490932800,2017-03-31,97.28,98.25,97.14,98.0,3439626.0
1491192000,2017-04-03,97.8,98.29,97.12,97.69,2319914.0
1491278400,2017-04-04,97.49,98.04,97.17,97.36,1851053.0
1491364800,2017-04-05,97.46,98.16,97.22,97.28,2179496.0
1491451200,2017-04-06,97.29,98.44,97.11,98.33,2005632.0
1491537600,2017-04-07,98.35,98.93,98.12,98.47,2127771.0
1491796800,2017-04-10,98.58,99.37,98.52,99.26,2169208.0
1491883200,2017-04-11,99.68,100.81,99.21,99.49,2527972.0
1491969600,2017-04-12,99.22,99.64,98.94,99.17,2575057.0
1492056000,2017-04-13,99.48,99.93,99.07,99.36,2011579.0
1492401600,2017-04-17,99.74,100.73,99.68,100.69,1962332.0
1492488000,2017-04-18,100.38,101.37,100.34,101.19,2520587.0
1492574400,2017-04-19,101.33,101.64,100.78,101.03,2543740.0
1492660800,2017-04-20,101.07,101.24,100.47,100.73,3708928.0
1492747200,2017-04-21,100.67,100.93,100.15,100.84,1855609.0
1493006400,2017-04-24,101.24,101.61,100.22,100.37,2384308.0
1493092800,2017-04-25,101.12,101.15,100.27,100.44,2350269.0
1493179200,2017-04-26,100.05,100.45,99.46,99.53,2263946.0
1493265600,2017-04-27,99.59,102.4,99.49,101.93,5420745.0
1493352000,2017-04-28,101.68,102.27,101.2,102.06,3099995.0
1493611200,2017-05-01,102.57,103.72,102.03,103.34,3462974.0
1493697600,2017-05-02,103.51,104.23,103.36,103.66,2752032.0
1493784000,2017-05-03,104.19,104.23,102.71,102.75,1874655.0
1493870400,2017-05-04,102.6,103.6,102.12,103.24,1765233.0
1493956800,2017-05-05,103.44,104.41,103.04,104.29,1748301.0
1494216000,2017-05-08,104.54,104.67,103.58,104.44,1456246.0
1494302400,2017-05-09,104.39,104.55,103.64,103.81,1644420.0
1494388800,2017-05-10,103.73,103.85,102.87,103.0,1607893.0
1494475200,2017-05-11,103.21,103.21,102.08,102.34,1922240.0
1494561600,2017-05-12,102.48,102.63,102.03,102.21,1679945.0
1494820800,2017-05-15,102.3,103.95,102.03,103.68,1710499.0
1494907200,2017-05-16,103.72,104.46,103.17,104.03,1351159.0
1494993600,2017-05-17,103.85,107.05,103.85,105.95,3639353.0
1495080000,2017-05-18,105.35,105.39,101.71,103.72,4190933.0
1495166400,2017-05-19,103.82,107.67,103.4,103.99,3120156.0
1495425600,2017-05-22,103.97,104.62,102.69,104.32,1539891.0
1495512000,2017-05-23,104.43,104.7,104.23,104.32,1389961.0
1495598400,2017-05-24,104.27,105.13,104.27,104.79,1752759.0
1495684800,2017-05-25,105.0,106.98,104.54,106.2,1563355.0
1495771200,2017-05-26,106.32,106.52,105.75,106.25,984645.0
1496116800,2017-05-30,106.17,111.12,106.0,107.07,2195210.0
1496203200,2017-05-31,107.36,108.32,106.27,106.32,3200694.0
1496289600,2017-06-01,106.93,106.95,106.16,106.84,1310972.0
1496376000,2017-06-02,107.61,107.87,106.8,107.37,1525300.0
1496635200,2017-06-05,107.25,107.49,106.29,106.66,1598891.0
1496721600,2017-06-06,106.76,107.4,106.36,106.73,1987687.0
1496808000,2017-06-07,106.86,107.04,105.43,106.83,1860385.0
1496894400,2017-06-08,107.07,107.12,104.85,106.14,2137259.0
1496980800,2017-06-09,105.7,106.74,105.2,105.58,1730368.0
1497240000,2017-06-12,103.85,105.3,101.5,104.69,2113041.0
1497326400,2017-06-13,104.75,105.58,104.49,105.51,1451699.0
1497412800,2017-06-14,106.44,106.94,105.49,105.76,1399830.0
1497499200,2017-06-15,105.36,107.14,105.18,106.58,1330167.0
1497585600,2017-06-16,106.59,107.7,106.32,107.46,2261454.0
1497844800,2017-06-19,107.73,108.3,107.2,107.77,1561978.0
1497931200,2017-06-20,107.64,108.05,106.28,106.85,1526693.0
1498017600,2017-06-21,106.84,107.05,106.13,106.37,2021555.0
1498104000,2017-06-22,106.54,107.12,106.4,106.58,1518541.0
1498190400,2017-06-23,106.58,107.44,106.34,107.4,2163922.0
1498449600,2017-06-26,107.66,107.92,106.76,107.87,1359871.0
1498536000,2017-06-27,109.7,110.8,109.12,110.55,4476094.0
1498622400,2017-06-28,110.5,110.99,109.35,109.56,2263857.0
1498708800,2017-06-29,108.58,108.58,107.35,108.16,2173375.0
1498795200,2017-06-30,108.25,108.86,107.64,107.76,3008384.0
1499054400,2017-07-03,108.0,108.45,106.54,107.02,1339403.0
1499227200,2017-07-05,106.9,107.91,106.72,107.7,1850052.0
1499313600,2017-07-06,107.14,107.6,106.68,107.12,1414692.0
1499400000,2017-07-07,107.56,108.96,106.98,108.43,1373951.0
1499659200,2017-07-10,108.83,108.85,106.85,106.85,1414000.0
1499745600,2017-07-11,106.83,107.35,106.61,106.63,1332508.0
1499832000,2017-07-12,107.33,109.33,107.06,109.03,1249460.0
1499918400,2017-07-13,109.03,109.52,108.77,109.24,1042261.0
1500004800,2017-07-14,109.88,111.02,109.84,110.79,1320380.0
1500264000,2017-07-17,110.81,111.08,109.73,110.27,1552851.0
1500350400,2017-07-18,110.16,112.38,110.0,110.9,2415351.0
1500436800,2017-07-19,110.43,111.3,109.39,110.28,2977915.0
1500523200,2017-07-20,110.49,111.94,110.49,110.95,2160638.0
1500609600,2017-07-21,110.77,111.63,110.45,111.49,1653005.0
1500868800,2017-07-24,111.54,112.37,110.84,111.63,1545003.0
1500955200,2017-07-25,112.16,112.16,110.78,111.26,1317659.0
1501041600,2017-07-26,111.02,112.38,110.98,112.28,1430310.0
1501128000,2017-07-27,113.3,113.6,109.13,109.83,3274144.0
1501214400,2017-07-28,110.08,113.03,109.79,112.66,2093962.0
1501473600,2017-07-31,112.93,113.3,110.55,111.02,2644172.0
1501560000,2017-08-01,110.94,111.1,110.36,110.73,2616321.0
1501646400,2017-08-02,110.73,112.5,110.45,112.36,2587029.0
1501732800,2017-08-03,112.43,112.53,111.44,111.69,1819057.0
1501819200,2017-08-04,111.98,112.39,111.69,112.03,1026555.0
1502078400,2017-08-07,111.88,112.51,111.53,112.44,1092866.0
1502164800,2017-08-08,111.97,112.03,110.89,111.27,1415970.0
1502251200,2017-08-09,111.06,112.7,111.02,112.26,1394840.0
1502337600,2017-08-10,111.81,112.47,111.41,111.43,1135427.0
1502424000,2017-08-11,111.72,112.2,110.99,111.31,981089.0
1502683200,2017-08-14,111.89,114.03,111.89,113.99,1782614.0
1502769600,2017-08-15,113.74,114.14,113.13,113.76,1507274.0
1502856000,2017-08-16,114.01,114.93,113.75,114.9,1418280.0
1502942400,2017-08-17,114.85,115.24,113.73,113.73,1063841.0
1503028800,2017-08-18,113.56,114.32,112.97,114.01,1216140.0
1503288000,2017-08-21,114.17,115.2,114.11,115.05,1640330.0
1503374400,2017-08-22,115.05,115.85,114.79,115.71,1132085.0
1503460800,2017-08-23,115.63,116.54,115.4,116.32,1028653.0
1503547200,2017-08-24,116.34,117.48,116.06,117.11,1771585.0
1503633600,2017-08-25,117.86,118.97,117.25,117.47,1328027.0
1503892800,2017-08-28,117.52,119.0,117.51,118.72,1794252.0
1503979200,2017-08-29,118.16,119.41,117.99,118.81,1260614.0
1504065600,2017-08-30,118.61,120.23,118.34,120.14,1891623.0
1504152000,2017-08-31,120.02,121.11,119.62,120.57,2644022.0
1504238400,2017-09-01,120.8,120.8,118.27,118.71,1864669.0
1504584000,2017-09-05,118.87,119.83,118.63,119.66,2052703.0
1504670400,2017-09-06,119.63,119.96,118.96,118.96,1805751.0
1504756800,2017-09-07,119.13,119.74,118.91,119.7,1817435.0
1504843200,2017-09-08,119.55,119.55,117.63,118.08,2403493.0
1505102400,2017-09-11,119.24,119.59,117.77,119.04,2301335.0
1505188800,2017-09-12,119.01,119.14,117.15,117.95,2172258.0
1505275200,2017-09-13,118.03,118.11,116.77,117.03,2211823.0
1505361600,2017-09-14,116.3,116.54,115.16,116.33,2949749.0
1505448000,2017-09-15,116.41,118.2,116.35,118.09,3954200.0
1505707200,2017-09-18,118.08,119.09,117.7,117.9,1668097.0
1505793600,2017-09-19,117.9,118.56,113.02,114.81,5898502.0
1505880000,2017-09-20,114.96,115.33,113.58,114.34,3216675.0
1505966400,2017-09-21,114.44,114.73,113.52,113.52,2129964.0
1506052800,2017-09-22,112.55,113.34,111.71,112.2,3378047.0
1506312000,2017-09-25,112.19,112.68,111.63,111.89,2128175.0
1506398400,2017-09-26,111.89,112.34,109.22,111.1,2929854.0
1506484800,2017-09-27,110.77,111.07,109.54,109.73,2899265.0
1506571200,2017-09-28,109.89,111.41,109.44,111.37,2109886.0
1506657600,2017-09-29,111.06,112.26,110.97,111.85,2022072.0
1506916800,2017-10-02,112.22,112.64,111.01,111.18,1618398.0
1507003200,2017-10-03,111.2,112.27,111.18,111.83,2060467.0
1507089600,2017-10-04,112.03,114.28,111.86,113.62,1995516.0
1507176000,2017-10-05,113.84,114.51,113.75,113.95,2169611.0
1507262400,2017-10-06,113.35,113.85,112.42,113.84,1457052.0
1507521600,2017-10-09,113.75,113.84,112.54,112.88,2192159.0
1507608000,2017-10-10,113.06,113.3,112.0,112.18,2278105.0
1507694400,2017-10-11,112.13,113.74,112.13,112.87,2133603.0
1507780800,2017-10-12,112.89,114.84,112.42,114.59,1810382.0
1507867200,2017-10-13,115.18,115.31,113.97,114.54,1936095.0
1508126400,2017-10-16,114.33,115.12,113.58,114.23,1706034.0
1508212800,2017-10-17,114.28,114.84,112.99,113.85,1550326.0
1508299200,2017-10-18,113.71,113.86,112.45,112.5,1765160.0
1508385600,2017-10-19,112.45,113.75,112.15,113.25,2194266.0
1508472000,2017-10-20,113.57,114.75,113.09,113.8,2054341.0
1508731200,2017-10-23,113.44,113.95,112.72,113.54,1657250.0
1508817600,2017-10-24,113.35,113.8,112.28,112.95,2005584.0
1508904000,2017-10-25,112.59,113.03,111.78,112.38,1344342.0
1508990400,2017-10-26,112.98,113.94,112.45,113.3,1772624.0
1509076800,2017-10-27,113.98,114.68,113.05,113.77,1764187.0
1509336000,2017-10-30,113.55,118.49,113.26,116.91,5293591.0
1509422400,2017-10-31,114.5,118.11,113.17,117.57,3231888.0
1509508800,2017-11-01,117.99,118.38,114.88,115.23,2997392.0
1509595200,2017-11-02,115.1,116.99,114.99,116.56,1504507.0
1509681600,2017-11-03,116.06,116.54,114.75,116.28,1675965.0
1509944400,2017-11-06,118.62,123.53,118.62,122.88,4080453.0
1510030800,2017-11-07,122.74,123.39,120.15,123.29,2621890.0
1510117200,2017-11-08,122.99,127.07,122.87,124.97,2446400.0
1510203600,2017-11-09,124.22,125.21,123.21,124.24,1972523.0
1510290000,2017-11-10,123.83,124.22,121.49,123.19,1629878.0
1510549200,2017-11-13,123.32,125.04,121.62,122.78,2547467.0
1510635600,2017-11-14,122.6,123.54,121.39,122.33,1937291.0
1510722000,2017-11-15,122.34,122.62,120.13,121.87,1732071.0
1510808400,2017-11-16,122.66,122.89,120.97,121.44,2125584.0
1510894800,2017-11-17,121.11,121.81,119.12,119.37,2186807.0
1511154000,2017-11-20,119.76,120.45,119.17,119.65,1784321.0
1511240400,2017-11-21,119.79,120.54,119.18,119.96,2117219.0
1511326800,2017-11-22,119.79,120.19,118.66,118.91,1814466.0
1511499600,2017-11-24,119.28,120.83,119.0,120.54,931466.0
1511758800,2017-11-27,120.71,122.18,120.71,121.3,1616068.0
1511845200,2017-11-28,121.59,122.32,120.42,121.64,2698836.0
1511931600,2017-11-29,121.49,121.76,119.24,119.72,2284845.0
1512018000,2017-11-30,120.06,120.37,116.64,117.78,5038004.0
1512104400,2017-12-01,118.02,118.78,115.93,117.52,2171531.0
1512363600,2017-12-04,117.6,118.16,113.71,113.72,2378269.0
1512450000,2017-12-05,113.45,115.65,113.4,115.19,1868909.0
1512536400,2017-12-06,114.91,116.47,114.68,116.04,1234495.0
1512622800,2017-12-07,116.82,118.28,115.79,117.93,2357482.0
1512709200,2017-12-08,118.25,118.59,116.42,116.59,1809504.0
1512968400,2017-12-11,116.35,118.26,115.76,117.88,2417039.0
1513054800,2017-12-12,117.97,119.15,117.16,117.44,2037906.0
1513141200,2017-12-13,117.44,119.14,117.41,117.62,1946244.0
1513227600,2017-12-14,117.63,118.66,117.49,117.54,2276399.0
1513314000,2017-12-15,117.67,118.48,116.15,116.82,4408789.0
1513573200,2017-12-18,117.55,117.55,116.21,116.89,2167393.0
1513659600,2017-12-19,117.22,117.8,116.0,116.09,2572589.0
1513746000,2017-12-20,116.2,116.42,114.58,114.72,3030059.0
1513832400,2017-12-21,114.77,115.56,114.08,114.25,3051135.0
1513918800,2017-12-22,114.73,115.46,113.35,115.11,3303028.0
1514264400,2017-12-26,114.74,116.01,114.51,115.31,873964.0
1514350800,2017-12-27,115.63,116.98,115.41,116.41,1135797.0
1514437200,2017-12-28,116.49,117.87,116.41,117.52,1996102.0
1514523600,2017-12-29,117.73,118.02,117.19,117.33,1438260.0
1514869200,2018-01-02,117.73,117.78,115.88,116.06,2051403.0
1514955600,2018-01-03,116.0,117.19,115.84,116.51,1932580.0
1515042000,2018-01-04,116.32,116.74,114.79,114.81,1866320.0
1515128400,2018-01-05,115.32,115.71,114.79,115.55,2325561.0
1515387600,2018-01-08,115.67,117.8,115.67,116.78,2030099.0
1515474000,2018-01-09,116.86,116.98,115.84,116.0,1723684.0
1515560400,2018-01-10,115.44,115.62,111.87,113.17,3461236.0
1515646800,2018-01-11,113.49,113.5,110.62,111.0,3369408.0
1515733200,2018-01-12,111.34,111.43,109.0,109.37,3353007.0
1516078800,2018-01-16,109.63,113.49,109.57,111.54,3391741.0
1516165200,2018-01-17,111.94,112.8,111.47,112.37,2165638.0
1516251600,2018-01-18,112.32,112.39,110.79,111.18,3757534.0
1516338000,2018-01-19,111.76,113.22,110.81,113.17,3759114.0
1516597200,2018-01-22,113.23,114.51,113.0,114.51,2040484.0
1516683600,2018-01-23,114.73,116.32,114.47,116.12,3231526.0
1516770000,2018-01-24,116.04,117.34,115.96,116.58,3327480.0
1516856400,2018-01-25,117.15,117.65,116.37,117.57,2530463.0
1516942800,2018-01-26,117.71,119.35,117.46,119.35,2026487.0
1517202000,2018-01-29,119.16,120.06,118.16,118.69,4670083.0
1517288400,2018-01-30,118.32,119.79,117.46,119.37,2670612.0
1517374800,2018-01-31,119.58,122.4,119.44,121.46,3601665.0
1517461200,2018-02-01,121.69,122.83,120.51,120.94,2597727.0
1517547600,2018-02-02,120.43,120.67,118.61,119.42,2695379.0
1517806800,2018-02-05,118.54,120.3,116.59,116.81,3256332.0
1517893200,2018-02-06,116.18,116.92,113.18,115.27,4057687.0
1517979600,2018-02-07,114.87,117.05,114.51,115.13,2444553.0
1518066000,2018-02-08,114.83,115.9,109.75,109.84,4189536.0
1518152400,2018-02-09,110.49,112.61,107.21,111.88,4185462.0
1518411600,2018-02-12,112.66,112.85,110.06,112.03,4129399.0
1518498000,2018-02-13,111.95,112.6,110.9,112.1,3982611.0
1518584400,2018-02-14,111.04,111.76,109.06,111.41,5457142.0
1518670800,2018-02-15,111.48,112.61,109.41,112.02,3466357.0
1518757200,2018-02-16,111.73,116.0,111.68,115.15,3125176.0
1519102800,2018-02-20,114.44,115.71,114.04,114.51,2411909.0
1519189200,2018-02-21,114.66,115.34,112.94,113.03,3197072.0
1519275600,2018-02-22,113.45,115.53,112.85,114.29,3334026.0
1519362000,2018-02-23,114.8,116.67,114.2,116.67,2061145.0
1519621200,2018-02-26,116.89,117.56,116.84,117.38,2316349.0
1519707600,2018-02-27,117.39,117.59,111.69,115.71,4896194.0
1519794000,2018-02-28,116.21,116.46,114.56,114.58,4617836.0
1519880400,2018-03-01,114.31,114.82,110.95,111.32,3329151.0
1519966800,2018-03-02,110.72,110.81,108.57,110.2,3429728.0
1520226000,2018-03-05,109.6,112.86,109.6,112.51,2678799.0
1520312400,2018-03-06,112.4,115.49,112.01,114.21,3334855.0
1520398800,2018-03-07,113.48,115.82,113.18,115.13,3173933.0
1520485200,2018-03-08,115.55,117.49,115.22,117.38,3336063.0
1520571600,2018-03-09,117.33,118.69,117.21,118.08,2431575.0
1520827200,2018-03-12,117.85,119.82,117.85,119.31,2609336.0
1520913600,2018-03-13,119.51,123.45,119.51,120.27,2424313.0
1521000000,2018-03-14,120.48,121.15,119.73,120.44,2870724.0
1521086400,2018-03-15,120.87,121.24,119.99,120.6,2347752.0
1521172800,2018-03-16,120.37,121.05,119.55,120.52,5756285.0
1521432000,2018-03-19,120.11,120.58,118.44,119.34,3087347.0
1521518400,2018-03-20,119.56,121.45,119.56,120.32,2815314.0
1521604800,2018-03-21,120.73,120.73,116.92,117.05,2587331.0
1521691200,2018-03-22,116.68,119.4,116.18,117.61,2708656.0
1521777600,2018-03-23,117.58,119.11,116.7,117.0,2476215.0
1522036800,2018-03-26,118.61,119.66,117.28,119.42,2363862.0
1522123200,2018-03-27,119.39,121.01,117.57,118.8,3470680.0
1522209600,2018-03-28,118.68,120.23,118.47,118.67,2614365.0
1522296000,2018-03-29,119.08,119.92,118.1,119.52,3687119.0
1522641600,2018-04-02,119.84,120.88,117.42,118.28,2949141.0
1522728000,2018-04-03,118.5,119.14,115.45,116.3,3923207.0
1522814400,2018-04-04,115.94,118.05,115.33,117.64,2129636.0
1522900800,2018-04-05,117.6,119.75,117.48,118.49,2128661.0
1522987200,2018-04-06,118.02,118.75,116.34,116.91,1728302.0
1523246400,2018-04-09,117.07,119.25,117.07,117.75,1947443.0
1523332800,2018-04-10,118.65,119.22,111.74,113.61,6743724.0
1523419200,2018-04-11,112.75,117.17,112.73,115.69,2954120.0
1523505600,2018-04-12,116.42,116.42,113.78,114.42,2909864.0
1523592000,2018-04-13,114.85,116.11,114.2,114.85,1602671.0
1523851200,2018-04-16,115.59,115.79,114.06,114.54,2344251.0
1523937600,2018-04-17,115.16,117.47,114.37,116.6,3111818.0
1524024000,2018-04-18,116.43,116.71,115.49,115.6,1917172.0
1524110400,2018-04-19,115.07,115.44,113.01,113.63,2690542.0
1524196800,2018-04-20,113.83,114.85,112.65,112.97,3017451.0
1524456000,2018-04-23,113.53,114.44,113.1,114.27,2073432.0
1524542400,2018-04-24,114.7,115.07,112.58,113.25,2935229.0
1524628800,2018-04-25,112.58,113.24,111.92,112.23,1680369.0
1524715200,2018-04-26,112.72,113.87,112.38,113.15,1926333.0
1524801600,2018-04-27,111.25,112.3,110.41,111.82,2406023.0
1525060800,2018-04-30,111.58,113.89,111.22,112.75,2931743.0
1525147200,2018-05-01,113.34,114.65,110.67,111.71,3843243.0
1525233600,2018-05-02,111.12,113.88,111.12,112.84,2566845.0
1525320000,2018-05-03,112.27,114.07,111.66,113.76,1975250.0
1525406400,2018-05-04,113.44,115.51,113.44,114.81,1878213.0
1525665600,2018-05-07,114.73,115.59,113.54,114.22,1622631.0
1525752000,2018-05-08,113.92,114.13,112.33,113.29,3985812.0
1525838400,2018-05-09,113.41,114.29,112.62,114.06,1794561.0
1525924800,2018-05-10,114.84,116.6,114.42,115.67,1926367.0
1526011200,2018-05-11,115.76,116.12,114.44,114.82,1431671.0
1526270400,2018-05-14,114.69,115.29,113.68,114.35,1251024.0
1526356800,2018-05-15,113.54,114.01,111.85,113.03,3385022.0
1526443200,2018-05-16,113.16,113.56,112.36,112.84,2120393.0
1526529600,2018-05-17,113.28,113.63,112.48,113.16,1968145.0
1526616000,2018-05-18,113.22,114.65,112.44,113.32,5191284.0
1526875200,2018-05-21,113.81,113.88,112.65,113.59,1378741.0
1526961600,2018-05-22,113.78,113.78,112.35,113.4,3058706.0
1527048000,2018-05-23,113.42,113.72,112.62,113.14,2028271.0
1527134400,2018-05-24,113.2,113.73,111.68,112.04,1907650.0
1527220800,2018-05-25,112.22,113.85,112.15,112.73,1650074.0
1527566400,2018-05-29,112.2,113.07,111.52,112.43,2861668.0
1527652800,2018-05-30,112.4,114.35,112.14,113.97,1969728.0
1527739200,2018-05-31,113.49,114.58,112.44,114.41,6602918.0
1527825600,2018-06-01,114.31,114.78,113.16,114.54,1784809.0
1528084800,2018-06-04,115.34,115.97,114.76,115.81,1391261.0
1528171200,2018-06-05,115.81,116.11,113.9,114.86,3561116.0
1528257600,2018-06-06,115.24,115.36,113.76,114.97,1593508.0
1528344000,2018-06-07,114.99,115.22,113.77,114.26,1681551.0
1528430400,2018-06-08,114.49,115.14,113.96,114.59,3792714.0
1528689600,2018-06-11,114.17,116.29,114.17,115.46,1675006.0
1528776000,2018-06-12,114.59,116.79,114.11,116.7,3972654.0
1528862400,2018-06-13,116.31,116.31,112.48,112.83,2484881.0
1528948800,2018-06-14,112.87,114.88,112.87,114.4,2267585.0
1529035200,2018-06-15,114.69,115.93,114.31,114.57,3762004.0
1529294400,2018-06-18,114.18,115.02,113.69,114.93,1864603.0
1529380800,2018-06-19,114.42,116.65,114.31,115.64,3593164.0
1529467200,2018-06-20,115.55,117.24,115.12,116.85,2546228.0
1529553600,2018-06-21,116.93,117.92,116.69,117.8,2113649.0
1529640000,2018-06-22,118.38,119.18,117.14,118.75,3482430.0
1529899200,2018-06-25,118.2,118.95,117.51,118.19,2370906.0
1529985600,2018-06-26,118.47,119.27,118.03,119.04,4005062.0
1530072000,2018-06-27,119.17,119.89,118.83,119.19,2309437.0
1530158400,2018-06-28,119.19,120.07,118.55,119.95,2371625.0
1530244800,2018-06-29,119.26,120.56,118.61,119.87,2349555.0
1530504000,2018-07-02,120.01,120.34,118.66,120.29,1867181.0
1530590400,2018-07-03,120.29,120.6,118.7,118.92,1852886.0
1530763200,2018-07-05,119.54,121.15,119.22,121.12,1681746.0
1530849600,2018-07-06,121.01,121.67,120.49,121.24,1563489.0
1531108800,2018-07-09,120.42,120.58,117.83,118.22,2501957.0
1531195200,2018-07-10,117.65,119.76,115.71,119.35,4626269.0
1531281600,2018-07-11,118.88,120.05,118.65,119.24,1348661.0
1531368000,2018-07-12,119.37,120.35,118.96,119.53,1693372.0
1531454400,2018-07-13,119.54,120.25,118.84,119.09,1066589.0
1531713600,2018-07-16,117.59,118.86,117.41,117.87,1838646.0
1531800000,2018-07-17,117.88,118.28,117.16,118.21,4007074.0
1531886400,2018-07-18,118.21,118.46,116.95,117.55,2377753.0
1531972800,2018-07-19,117.22,118.53,117.04,117.79,1630533.0
1532059200,2018-07-20,117.5,118.08,116.5,116.72,2319781.0
1532318400,2018-07-23,117.05,117.21,115.92,117.1,1568547.0
1532404800,2018-07-24,116.77,117.8,115.17,117.71,4165962.0
1532491200,2018-07-25,117.44,119.19,117.34,118.85,1764967.0
1532577600,2018-07-26,119.04,120.43,118.76,120.15,1782058.0
1532664000,2018-07-27,120.6,120.68,119.71,120.05,1578908.0
1532923200,2018-07-30,119.76,120.19,118.02,118.67,2160804.0
1533009600,2018-07-31,122.11,125.4,121.06,123.26,4359094.0
1533096000,2018-08-01,122.78,125.13,122.43,124.86,2984691.0
1533182400,2018-08-02,124.54,125.02,123.17,123.23,2049937.0
1533268800,2018-08-03,123.45,125.71,123.06,125.54,1887751.0
1533528000,2018-08-06,125.8,126.07,124.49,125.48,1417199.0
1533614400,2018-08-07,125.44,125.44,123.63,124.74,1533002.0
1533700800,2018-08-08,124.94,124.94,123.62,124.15,1206027.0
1533787200,2018-08-09,124.33,125.3,123.99,125.19,1452545.0
1533873600,2018-08-10,124.83,125.88,123.95,124.04,1464997.0
1534132800,2018-08-13,123.89,124.58,123.55,123.9,1159644.0
1534219200,2018-08-14,124.02,124.61,123.54,123.98,1687382.0
1534305600,2018-08-15,123.96,124.6,123.4,124.34,1560263.0
1534392000,2018-08-16,124.69,125.19,124.32,124.49,1359803.0
1534478400,2018-08-17,124.63,125.73,124.48,125.69,1862666.0
1534737600,2018-08-20,126.07,126.32,125.15,125.38,1829146.0
1534824000,2018-08-21,125.23,125.41,123.84,124.12,1676639.0
1534910400,2018-08-22,124.11,124.46,122.64,123.15,1227762.0
1534996800,2018-08-23,123.41,123.66,122.38,122.54,1372847.0
1535083200,2018-08-24,122.54,123.5,122.54,123.11,1479562.0
1535342400,2018-08-27,123.52,123.93,122.85,123.36,1269755.0
1535428800,2018-08-28,123.1,124.81,122.97,124.8,1347569.0
1535515200,2018-08-29,124.86,125.77,124.86,125.09,1472624.0
1535601600,2018-08-30,125.24,125.45,123.56,123.84,1137914.0
1535688000,2018-08-31,123.95,124.86,123.67,123.99,1243906.0
1536033600,2018-09-04,123.66,123.94,122.69,123.18,1326492.0
1536120000,2018-09-05,123.08,123.15,121.84,122.72,1834763.0
1536206400,2018-09-06,122.89,123.4,122.48,123.13,1570744.0
1536292800,2018-09-07,122.7,123.22,121.69,121.85,1696444.0
1536552000,2018-09-10,122.43,123.36,122.29,122.5,1459133.0
1536638400,2018-09-11,122.37,122.67,121.83,122.23,1347357.0
1536724800,2018-09-12,122.45,122.6,121.76,122.48,1475746.0
1536811200,2018-09-13,123.06,124.23,122.85,123.66,1851822.0
1536897600,2018-09-14,123.5,123.59,121.98,122.38,1386157.0
1537156800,2018-09-17,122.29,123.39,121.71,122.85,1715981.0
1537243200,2018-09-18,122.32,123.46,122.17,122.57,1240413.0
1537329600,2018-09-19,122.72,123.26,122.5,122.71,1398942.0
1537416000,2018-09-20,122.73,123.77,122.11,123.66,1177621.0
1537502400,2018-09-21,123.55,124.39,123.32,123.46,3742653.0
1537761600,2018-09-24,123.05,123.12,121.32,121.71,1468112.0
1537848000,2018-09-25,121.63,121.92,120.96,121.14,1268007.0
1537934400,2018-09-26,120.99,121.34,119.47,119.69,1627584.0
1538020800,2018-09-27,120.15,120.9,119.81,119.88,1747927.0
1538107200,2018-09-28,119.85,121.59,119.85,121.48,1895450.0
1538366400,2018-10-01,122.14,122.14,120.36,120.42,1070057.0
1538452800,2018-10-02,120.42,120.89,119.65,120.5,1215642.0
1538539200,2018-10-03,120.52,121.85,119.35,120.32,2050920.0
1538625600,2018-10-04,119.99,121.07,119.02,120.76,1700754.0
1538712000,2018-10-05,121.07,122.31,120.66,121.02,1770224.0
1538971200,2018-10-08,121.23,122.83,121.23,121.89,2120660.0
1539057600,2018-10-09,122.1,123.64,121.54,123.44,2129797.0
1539144000,2018-10-10,122.55,123.53,121.64,121.64,3847118.0
1539230400,2018-10-11,121.94,122.27,117.38,117.61,2714935.0
1539316800,2018-10-12,118.38,120.21,117.73,118.76,2610479.0
1539576000,2018-10-15,118.53,120.6,118.31,119.33,1444822.0
1539662400,2018-10-16,119.68,122.36,119.3,121.8,1461139.0
1539748800,2018-10-17,121.42,123.01,120.75,122.63,2035258.0
1539835200,2018-10-18,122.47,123.86,121.87,122.72,1701947.0
1539921600,2018-10-19,123.06,126.2,122.81,125.53,2816661.0
1540180800,2018-10-22,125.26,125.98,124.54,124.78,2300835.0
1540267200,2018-10-23,124.65,126.48,124.09,126.12,2309527.0
1540353600,2018-10-24,125.92,127.81,125.19,127.05,3312495.0
1540440000,2018-10-25,127.0,128.7,125.76,128.34,2783813.0
1540526400,2018-10-26,127.46,127.72,124.35,125.08,3879755.0
1540785600,2018-10-29,125.98,128.47,125.67,127.76,3278480.0
1540872000,2018-10-30,128.75,135.2,125.52,134.56,5940554.0
1540958400,2018-10-31,133.77,134.49,129.8,130.26,4354558.0
1541044800,2018-11-01,130.87,131.68,127.79,127.93,4139053.0
1541131200,2018-11-02,127.91,127.91,124.77,127.13,4234007.0
1541394000,2018-11-05,127.83,130.3,127.47,130.17,2475490.0
1541480400,2018-11-06,130.26,130.84,129.4,130.56,1423244.0
1541566800,2018-11-07,131.7,131.91,130.46,131.22,2051192.0
1541653200,2018-11-08,131.23,133.27,130.99,133.23,1877901.0
1541739600,2018-11-09,133.17,134.02,133.09,133.88,2711308.0
1541998800,2018-11-12,133.85,135.41,133.85,134.63,2229362.0
1542085200,2018-11-13,134.9,135.24,133.57,134.86,1636994.0
1542171600,2018-11-14,135.37,136.76,134.34,136.62,2113394.0
1542258000,2018-11-15,136.07,136.15,134.31,135.55,2131100.0
1542344400,2018-11-16,135.35,137.31,135.13,137.09,2259475.0
1542603600,2018-11-19,137.43,139.08,137.01,138.98,2372605.0
1542690000,2018-11-20,138.08,139.69,134.23,134.3,3670565.0
1542776400,2018-11-21,134.25,134.95,132.96,134.03,2151314.0
1542949200,2018-11-23,133.57,134.75,132.82,134.09,827588.0
1543208400,2018-11-26,134.59,135.25,133.14,135.1,1618320.0
1543294800,2018-11-27,135.0,135.57,133.75,135.51,1490753.0
1543381200,2018-11-28,134.8,136.18,134.59,135.44,2618349.0
1543467600,2018-11-29,135.44,137.09,134.7,136.04,2314810.0
1543554000,2018-11-30,136.46,137.66,135.34,137.52,3474563.0
1543813200,2018-12-03,137.96,138.07,135.03,136.34,2882560.0
1543899600,2018-12-04,136.5,138.32,136.31,136.68,2755736.0
1544072400,2018-12-06,136.01,140.33,134.71,140.15,3127680.0
1544158800,2018-12-07,139.93,140.94,138.65,139.14,3625171.0
1544418000,2018-12-10,138.75,139.53,136.07,138.94,2093875.0
1544504400,2018-12-11,139.39,139.89,138.37,139.32,2232213.0
1544590800,2018-12-12,140.03,140.08,137.23,137.65,3002035.0
1544677200,2018-12-13,138.06,140.15,137.47,139.45,2381977.0
1544763600,2018-12-14,139.36,139.62,137.96,139.28,2454645.0
1545022800,2018-12-17,139.62,139.75,134.08,134.55,3113664.0
1545109200,2018-12-18,135.31,136.66,134.75,135.7,2721739.0
1545195600,2018-12-19,135.84,137.69,135.26,135.89,2231685.0
1545282000,2018-12-20,135.73,137.09,134.19,135.05,2989444.0
1545368400,2018-12-21,135.05,137.61,131.78,132.09,5136660.0
1545627600,2018-12-24,131.52,131.69,127.61,128.4,2147770.0
1545800400,2018-12-26,128.93,132.4,126.63,132.4,2234012.0
1545886800,2018-12-27,131.73,133.43,128.85,133.3,1889998.0
1545973200,2018-12-28,134.37,135.83,132.59,133.5,1888068.0
1546232400,2018-12-31,134.2,134.28,131.24,132.96,2546695.0
1546405200,2019-01-02,132.05,132.05,129.38,131.74,2237900.0
1546491600,2019-01-03,131.63,134.51,131.48,132.53,2757524.0
1546578000,2019-01-04,132.89,134.54,132.54,133.06,3050499.0
1546837200,2019-01-07,133.2,135.0,132.82,133.88,2037553.0
1546923600,2019-01-08,134.3,135.43,133.29,135.4,2924664.0
1547010000,2019-01-09,135.62,136.09,133.09,134.21,1958173.0
1547096400,2019-01-10,133.93,136.15,133.32,136.04,2267567.0
1547182800,2019-01-11,135.36,136.38,134.4,135.66,2089712.0
1547442000,2019-01-14,135.35,136.63,135.19,135.66,1613296.0
1547528400,2019-01-15,135.51,137.27,135.01,137.04,1716207.0
1547614800,2019-01-16,137.38,138.1,136.86,137.66,1714244.0
1547701200,2019-01-17,137.66,138.62,137.05,138.16,1635780.0
1547787600,2019-01-18,138.89,138.89,137.32,138.41,1956628.0
1548133200,2019-01-22,138.28,139.03,137.14,138.41,1751231.0
1548219600,2019-01-23,138.27,139.36,138.13,139.35,1988111.0
1548306000,2019-01-24,138.52,139.39,137.93,139.23,1385090.0
1548392400,2019-01-25,139.94,141.31,139.35,140.71,1655047.0
1548651600,2019-01-28,140.31,141.25,139.25,141.25,1300480.0
1548738000,2019-01-29,140.94,142.48,140.83,142.41,2065772.0
1548824400,2019-01-30,142.15,144.15,142.05,143.28,2381436.0
1548910800,2019-01-31,142.71,146.21,142.25,145.27,5123366.0
1548997200,2019-02-01,145.53,145.53,142.5,143.25,3684536.0
1549256400,2019-02-04,143.05,143.68,141.94,143.68,3315797.0
1549342800,2019-02-05,143.58,145.02,142.52,144.93,1862020.0
1549429200,2019-02-06,144.05,144.87,142.97,143.11,1597472.0
1549515600,2019-02-07,143.1,144.9,142.74,144.57,1327640.0
1549602000,2019-02-08,144.49,145.4,143.77,144.93,1538046.0
1549861200,2019-02-11,145.29,145.96,144.69,145.4,1345963.0
1549947600,2019-02-12,145.47,146.04,144.63,145.06,1629187.0
1550034000,2019-02-13,144.93,146.11,144.64,146.0,1364900.0
1550120400,2019-02-14,145.92,147.99,145.47,147.75,1983665.0
1550206800,2019-02-15,149.0,149.74,147.91,149.46,3584446.0
1550552400,2019-02-19,149.58,149.88,148.53,149.27,2102725.0
1550638800,2019-02-20,149.05,149.05,147.53,148.51,1774410.0
1550725200,2019-02-21,148.2,148.56,146.73,148.36,1529106.0
1550811600,2019-02-22,148.89,149.15,147.25,148.46,1476447.0
1551070800,2019-02-25,148.97,149.21,146.31,146.44,2142326.0
1551157200,2019-02-26,146.95,147.36,145.76,146.26,2013867.0
1551243600,2019-02-27,146.5,148.58,144.32,145.57,1792023.0
1551330000,2019-02-28,145.0,150.19,144.89,148.05,3474746.0
1551416400,2019-03-01,148.1,149.77,146.47,149.54,2221088.0
1551675600,2019-03-04,150.45,151.09,148.63,151.03,1999849.0
1551762000,2019-03-05,150.83,152.9,150.81,152.18,2260547.0
1551848400,2019-03-06,152.18,153.21,152.03,152.68,1338044.0
1551934800,2019-03-07,152.98,153.79,151.97,152.76,1526946.0
1552021200,2019-03-08,152.13,153.58,151.66,152.64,1418950.0
1552276800,2019-03-11,153.23,155.75,153.01,155.63,1709686.0
1552363200,2019-03-12,155.94,156.99,155.57,156.12,1787479.0
1552449600,2019-03-13,156.08,157.64,156.08,157.37,1819104.0
1552536000,2019-03-14,157.17,158.05,156.14,157.99,1379428.0
1552622400,2019-03-15,158.01,158.85,157.69,158.83,3372482.0
1552881600,2019-03-18,158.95,159.26,157.59,158.76,1778913.0
1552968000,2019-03-19,159.22,159.88,158.44,159.62,2166490.0
1553054400,2019-03-20,159.93,161.51,158.79,160.99,1734672.0
1553140800,2019-03-21,160.67,163.69,160.37,163.65,1981578.0
1553227200,2019-03-22,163.26,165.4,162.39,162.76,2224451.0
1553486400,2019-03-25,163.14,165.0,162.66,164.48,2267578.0
1553572800,2019-03-26,165.3,165.3,163.02,163.94,2192413.0
1553659200,2019-03-27,163.94,164.77,161.9,163.13,2530421.0
1553745600,2019-03-28,163.06,163.89,162.38,163.84,2733416.0
1553832000,2019-03-29,164.28,165.86,163.61,165.63,3555980.0
1554091200,2019-04-01,166.03,166.58,161.51,161.81,4466222.0
1554177600,2019-04-02,162.22,164.57,161.47,164.0,2922943.0
1554264000,2019-04-03,163.95,164.67,161.79,163.3,2523879.0
1554350400,2019-04-04,163.85,163.95,161.92,162.26,1775133.0
1554436800,2019-04-05,162.44,164.72,161.64,164.54,1798275.0
1554696000,2019-04-08,163.96,165.13,163.22,164.92,2364960.0
1554782400,2019-04-09,164.86,165.69,164.7,165.34,1826207.0
1554868800,2019-04-10,165.88,166.56,165.49,166.02,1418747.0
1554955200,2019-04-11,166.44,166.5,165.02,166.04,1139799.0
1555041600,2019-04-12,166.03,167.23,164.48,167.15,1640513.0
1555300800,2019-04-15,166.33,167.04,164.24,165.57,1868904.0
1555387200,2019-04-16,165.63,165.64,161.32,162.28,2246567.0
1555473600,2019-04-17,163.88,163.88,159.94,161.41,2246870.0
1555560000,2019-04-18,161.21,163.47,160.47,162.88,1523460.0
1555905600,2019-04-22,162.59,162.87,161.22,162.39,1107828.0
1555992000,2019-04-23,163.46,164.13,162.55,163.3,1824584.0
1556078400,2019-04-24,163.8,164.23,162.52,163.15,1496554.0
1556164800,2019-04-25,162.48,163.22,161.11,162.36,1122629.0
1556251200,2019-04-26,162.5,163.26,161.81,163.14,972738.0
1556510400,2019-04-29,162.87,163.74,162.08,162.49,1022806.0
1556596800,2019-04-30,162.8,165.08,161.37,164.9,1812117.0
1556683200,2019-05-01,164.65,164.69,162.23,162.88,1538759.0
1556769600,2019-05-02,163.2,163.58,162.23,162.79,1527276.0
1556856000,2019-05-03,163.25,164.25,162.34,162.92,1167248.0
1557115200,2019-05-06,162.48,163.42,160.82,162.27,1660482.0
1557201600,2019-05-07,162.09,162.38,159.19,160.3,1693759.0
1557288000,2019-05-08,160.57,163.39,160.57,161.81,1501406.0
1557374400,2019-05-09,161.87,162.89,160.5,162.55,1426789.0
1557460800,2019-05-10,162.55,165.69,162.39,165.21,1413500.0
1557720000,2019-05-13,164.24,166.67,163.87,166.24,1941687.0
1557806400,2019-05-14,166.51,169.19,166.08,167.24,1988615.0
1557892800,2019-05-15,167.35,169.88,166.35,169.27,1455153.0
1557979200,2019-05-16,170.4,171.73,169.04,170.58,1665903.0
1558065600,2019-05-17,169.62,171.18,169.32,170.92,1596187.0
1558324800,2019-05-20,168.69,169.68,166.67,167.39,3016017.0
1558411200,2019-05-21,168.43,168.89,167.17,167.32,1493553.0
1558497600,2019-05-22,167.65,169.91,167.37,169.44,1113098.0
1558584000,2019-05-23,169.01,172.12,169.01,171.34,1603927.0
1558670400,2019-05-24,172.37,173.35,171.34,171.4,1515879.0
1559016000,2019-05-28,172.37,172.88,170.96,171.02,2797106.0
1559102400,2019-05-29,171.1,171.77,169.06,169.82,1611850.0
1559188800,2019-05-30,170.0,173.11,169.32,172.83,1779794.0
1559275200,2019-05-31,172.69,177.53,172.43,176.27,2979935.0
1559534400,2019-06-03,176.35,177.14,174.36,176.71,1931622.0
1559620800,2019-06-04,176.67,176.92,174.28,175.63,2573381.0
1559707200,2019-06-05,176.67,176.92,174.28,175.63,2573381.0
1559793600,2019-06-06,179.73,180.45,178.58,179.59,1390603.0
1559880000,2019-06-07,180.31,181.13,179.03,179.39,1287264.0
1560139200,2019-06-10,179.85,180.3,176.49,177.19,2159925.0
1560225600,2019-06-11,177.18,177.71,175.18,176.44,1884030.0
1560312000,2019-06-12,177.3,179.31,176.9,178.58,3493157.0
1560398400,2019-06-13,179.09,179.55,176.07,176.48,2854592.0
1560484800,2019-06-14,176.47,178.96,175.78,178.35,1780087.0
1560744000,2019-06-17,178.41,181.27,178.41,180.77,1975178.0
1560830400,2019-06-18,181.72,183.13,180.9,181.8,1915201.0
1560916800,2019-06-19,181.05,184.04,180.78,183.31,1674635.0
1561003200,2019-06-20,183.3,185.53,183.08,184.45,2344540.0
1561089600,2019-06-21,184.4,184.8,181.67,182.47,3031000.0
1561348800,2019-06-24,183.0,183.16,181.44,181.93,1209257.0
1561435200,2019-06-25,182.31,182.66,178.66,178.76,1719245.0
1561521600,2019-06-26,178.8,178.8,174.03,174.51,2730141.0
1561608000,2019-06-27,175.47,176.55,174.3,174.56,2363163.0
1561694400,2019-06-28,174.73,175.43,172.66,173.37,3762726.0
1561953600,2019-07-01,173.83,174.26,169.15,171.54,3268067.0
1562040000,2019-07-02,172.07,174.88,171.87,174.37,3507829.0
1562126400,2019-07-03,175.03,179.68,175.02,178.22,1531094.0
1562299200,2019-07-05,176.62,178.3,174.86,177.26,1875776.0
1562558400,2019-07-08,177.13,178.41,176.64,177.18,1459907.0
1562644800,2019-07-09,177.62,179.46,177.07,179.19,1626871.0
1562731200,2019-07-10,179.65,180.13,178.11,179.37,2008341.0
1562817600,2019-07-11,179.46,179.46,176.45,177.45,1535290.0
1562904000,2019-07-12,177.67,177.67,175.89,177.21,1544326.0
1563163200,2019-07-15,178.35,179.22,177.21,178.67,1928178.0
1563249600,2019-07-16,179.07,179.42,177.24,177.49,1535016.0
1563336000,2019-07-17,178.13,179.38,176.23,177.01,1607834.0
1563422400,2019-07-18,176.93,177.57,173.84,176.94,1450313.0
1563508800,2019-07-19,177.35,177.59,174.08,174.31,2160447.0
1563768000,2019-07-22,174.68,175.67,173.56,175.28,1452690.0
1563854400,2019-07-23,175.12,176.16,174.24,175.36,1294553.0
1563940800,2019-07-24,175.38,175.78,173.48,173.66,2387176.0
1564027200,2019-07-25,175.56,175.56,172.84,174.19,1216892.0
1564113600,2019-07-26,174.26,174.75,172.69,173.49,1494769.0
1564372800,2019-07-29,173.55,175.53,173.11,174.32,2014429.0
1564459200,2019-07-30,175.14,177.23,174.33,176.93,2234117.0
1564545600,2019-07-31,177.75,181.19,177.52,179.45,3162063.0
1564632000,2019-08-01,178.17,181.35,176.8,179.27,1834029.0
1564718400,2019-08-02,179.55,183.76,178.85,182.71,1932288.0
1564977600,2019-08-05,181.47,183.33,179.19,181.38,2500767.0
1565064000,2019-08-06,181.5,184.04,180.74,183.97,2234389.0
1565150400,2019-08-07,183.19,185.72,179.38,184.37,2150130.0
1565236800,2019-08-08,184.47,187.72,183.16,187.42,1617434.0
1565323200,2019-08-09,187.93,190.55,186.11,188.44,1407845.0
1565582400,2019-08-12,188.42,189.07,186.91,187.82,777266.0
1565668800,2019-08-13,188.83,189.6,186.02,187.49,2641090.0
1565755200,2019-08-14,187.46,187.92,185.25,185.6,2323035.0
1565841600,2019-08-15,185.92,190.43,185.58,190.12,1999462.0
1565928000,2019-08-16,190.88,191.16,188.19,189.04,1923075.0
1566187200,2019-08-19,189.98,191.38,188.95,190.95,1541196.0
1566273600,2019-08-20,191.23,192.82,189.55,191.27,1993945.0
1566360000,2019-08-21,191.26,192.9,190.62,192.81,1427105.0
1566446400,2019-08-22,193.15,194.0,190.79,193.77,1225481.0
1566532800,2019-08-23,194.13,196.42,191.28,192.13,1876698.0
1566792000,2019-08-26,192.97,195.16,191.74,195.09,1099048.0
1566878400,2019-08-27,195.7,196.54,194.21,194.86,2007450.0
1566964800,2019-08-28,194.65,196.33,193.83,195.15,1299054.0
1567051200,2019-08-29,195.88,196.31,194.3,195.38,1136094.0
1567137600,2019-08-30,196.3,196.45,194.24,195.19,1725809.0
1567483200,2019-09-03,195.54,201.73,195.19,201.68,2067322.0
1567569600,2019-09-04,202.01,205.21,201.79,204.42,2126477.0
1567656000,2019-09-05,205.21,205.21,198.93,199.91,2209327.0
1567742400,2019-09-06,200.08,200.6,196.44,197.23,2514877.0
1568001600,2019-09-09,197.73,197.73,189.73,189.95,3547004.0
1568088000,2019-09-10,188.95,189.09,181.04,183.34,4683274.0
1568174400,2019-09-11,183.12,184.75,180.19,180.36,3303067.0
1568260800,2019-09-12,183.18,186.0,182.03,185.58,2516369.0
1568347200,2019-09-13,185.1,185.92,181.4,182.63,2165929.0
1568606400,2019-09-16,182.76,184.43,182.34,183.81,1564457.0
1568692800,2019-09-17,185.59,187.74,184.45,187.66,2071618.0
1568779200,2019-09-18,188.21,188.76,185.26,187.92,1503742.0
1568865600,2019-09-19,186.55,194.49,186.55,192.55,2568676.0
1568952000,2019-09-20,193.55,193.74,190.56,191.27,3338084.0
1569211200,2019-09-23,191.51,192.07,190.75,191.12,1494897.0
1569297600,2019-09-24,191.73,192.72,189.18,190.93,2226198.0
1569384000,2019-09-25,191.18,191.32,187.28,188.28,2003950.0
1569470400,2019-09-26,188.75,190.81,188.67,189.9,1585039.0
1569556800,2019-09-27,189.98,189.98,184.67,186.48,2112302.0
1569816000,2019-09-30,186.77,188.86,186.39,188.31,2027369.0
1569902400,2019-10-01,187.96,189.79,185.83,188.11,1712967.0
1569988800,2019-10-02,187.99,189.05,186.07,187.34,1669922.0
1570075200,2019-10-03,187.71,192.05,187.58,190.67,1797365.0
1570161600,2019-10-04,190.68,193.65,190.47,192.4,1854539.0
1570420800,2019-10-07,191.77,192.98,189.88,191.85,1165299.0
1570507200,2019-10-08,191.79,194.26,190.45,192.54,2185965.0
1570593600,2019-10-09,192.94,193.61,191.89,192.94,1185738.0
1570680000,2019-10-10,192.59,193.89,190.85,192.7,2370577.0
1570766400,2019-10-11,192.6,193.36,191.05,191.14,1605012.0
1571025600,2019-10-14,191.6,192.97,191.19,192.15,936843.0
1571112000,2019-10-15,192.24,192.85,188.92,190.93,1160107.0
1571198400,2019-10-16,190.37,190.37,187.82,189.03,1738730.0
1571284800,2019-10-17,190.84,193.44,190.3,192.38,1334556.0
1571371200,2019-10-18,192.42,195.52,192.33,195.09,1739639.0
1571630400,2019-10-21,195.22,195.52,193.05,195.35,1506290.0
1571716800,2019-10-22,195.15,196.89,192.82,193.09,1420160.0
1571803200,2019-10-23,192.67,193.62,190.64,192.48,1285708.0
1571889600,2019-10-24,192.46,193.08,190.2,190.3,1198349.0
1571976000,2019-10-25,190.07,190.07,183.26,184.51,2549154.0
1572235200,2019-10-28,186.31,186.5,178.86,179.47,3636069.0
1572321600,2019-10-29,179.8,184.64,179.3,184.08,2235520.0
1572408000,2019-10-30,184.1,185.14,182.75,185.0,1633541.0
1572494400,2019-10-31,186.07,186.92,182.28,185.71,2327715.0
1572580800,2019-11-01,186.62,187.14,180.83,183.53,2366697.0
1572843600,2019-11-04,182.89,183.5,179.68,179.74,1764192.0
1572930000,2019-11-05,179.39,179.45,172.8,175.44,3827456.0
1573016400,2019-11-06,175.44,177.88,175.32,177.11,2368808.0
1573102800,2019-11-07,176.03,176.45,173.32,175.16,2236088.0
1573189200,2019-11-08,174.48,177.61,173.94,175.32,2056498.0
1573448400,2019-11-11,175.17,177.63,175.07,176.58,1496274.0
1573534800,2019-11-12,176.65,177.79,175.72,176.07,1780606.0
1573621200,2019-11-13,176.92,179.76,176.75,179.11,1897051.0
1573707600,2019-11-14,179.17,180.46,178.83,180.37,1496729.0
1573794000,2019-11-15,180.79,181.75,179.0,181.7,1838208.0
1574053200,2019-11-18,181.37,183.66,181.37,182.52,1633665.0
1574139600,2019-11-19,182.81,184.46,182.12,183.58,1788940.0
1574226000,2019-11-20,183.7,186.78,183.64,185.56,1513217.0
1574312400,2019-11-21,185.24,186.41,181.65,181.85,1561208.0
1574398800,2019-11-22,181.8,182.32,178.65,178.93,2035342.0
1574658000,2019-11-25,179.25,180.27,177.83,178.59,1621563.0
1574744400,2019-11-26,178.48,183.11,178.48,182.91,2555071.0
1574830800,2019-11-27,182.91,183.53,181.17,183.01,1238902.0
1575003600,2019-11-29,183.01,183.77,181.97,182.26,838224.0
1575262800,2019-12-02,182.37,182.78,178.37,178.47,1410271.0
1575349200,2019-12-03,178.2,180.96,178.19,179.86,1656830.0
1575435600,2019-12-04,178.93,181.99,178.85,181.69,1448084.0
1575522000,2019-12-05,181.57,182.35,180.5,181.84,987998.0
1575608400,2019-12-06,182.03,182.24,180.44,180.71,1371438.0
1575867600,2019-12-09,180.59,182.23,180.39,181.09,1109343.0
1575954000,2019-12-10,181.69,182.31,178.15,178.83,1598250.0
1576040400,2019-12-11,179.4,180.79,178.83,180.16,1703354.0
1576126800,2019-12-12,180.24,180.42,177.65,178.57,2009256.0
1576213200,2019-12-13,178.07,181.25,177.34,180.98,2247622.0
1576472400,2019-12-16,181.39,184.62,180.98,183.6,2120739.0
1576558800,2019-12-17,184.21,184.87,179.71,180.48,2935802.0
1576645200,2019-12-18,181.22,186.42,180.9,185.6,2435706.0
1576731600,2019-12-19,185.24,191.56,185.16,190.93,3274690.0
1576818000,2019-12-20,193.14,194.4,191.18,193.94,4201451.0
1577077200,2019-12-23,193.4,195.85,192.8,193.28,1266205.0
1577163600,2019-12-24,193.43,194.2,192.68,193.38,552027.0
1577336400,2019-12-26,193.9,194.91,192.94,194.91,1285345.0
1577422800,2019-12-27,195.47,196.13,194.64,195.95,885914.0
1577682000,2019-12-30,195.5,195.88,194.37,195.75,1398052.0
1577768400,2019-12-31,195.85,196.61,194.58,196.58,1564783.0
1577941200,2020-01-02,196.46,197.72,195.03,195.45,1576582.0
1578027600,2020-01-03,194.65,196.59,194.17,195.54,1839640.0
1578286800,2020-01-06,195.43,196.73,194.93,195.49,1706308.0
1578373200,2020-01-07,194.28,194.65,189.56,191.33,1623676.0
1578459600,2020-01-08,191.16,193.73,190.33,192.99,1830056.0
1578546000,2020-01-09,192.88,194.29,192.76,193.71,1562163.0
1578632400,2020-01-10,195.1,197.61,194.54,197.42,1893597.0
1578891600,2020-01-13,197.8,201.37,197.72,201.36,2303101.0
1578978000,2020-01-14,201.12,201.81,199.16,200.11,1378237.0
1579064400,2020-01-15,200.58,202.5,200.58,201.33,1434342.0
1579150800,2020-01-16,201.14,201.14,198.39,198.65,1951214.0
1579237200,2020-01-17,199.13,200.5,198.95,199.66,2747882.0
1579582800,2020-01-21,200.09,203.51,199.3,202.49,2203217.0
1579669200,2020-01-22,203.38,203.72,200.38,201.15,1700687.0
1579755600,2020-01-23,201.15,203.99,201.02,203.43,2024483.0
1579842000,2020-01-24,203.58,205.28,202.48,203.16,1674354.0
1580101200,2020-01-27,202.14,203.71,201.59,203.12,1380658.0
1580187600,2020-01-28,202.81,203.29,202.15,202.87,1266052.0
1580274000,2020-01-29,203.09,203.46,199.18,199.68,1691366.0
1580360400,2020-01-30,198.8,201.23,197.85,201.18,1484168.0
1580446800,2020-01-31,200.46,200.96,197.46,198.22,2034801.0
1580706000,2020-02-03,199.28,201.04,198.54,200.21,1956082.0
1580792400,2020-02-04,200.64,203.76,199.31,203.11,1256709.0
1580878800,2020-02-05,203.16,203.56,201.18,202.19,1506285.0
1580965200,2020-02-06,202.87,204.06,202.17,203.41,1418056.0
1581051600,2020-02-07,203.95,204.88,203.41,204.22,1400077.0
1581310800,2020-02-10,205.01,208.61,204.25,208.44,1837384.0
1581397200,2020-02-11,210.89,221.21,210.89,217.49,3416711.0
1581483600,2020-02-12,217.5,219.54,215.62,219.13,1750512.0
1581570000,2020-02-13,218.65,220.2,217.63,219.74,1323225.0
1581656400,2020-02-14,219.83,220.96,218.34,219.19,1762805.0
1582002000,2020-02-18,218.37,218.63,216.13,216.35,2389636.0
1582088400,2020-02-19,214.9,215.88,212.0,212.21,2783811.0
1582174800,2020-02-20,212.11,212.58,209.32,211.74,2312925.0
1582261200,2020-02-21,212.08,212.68,211.1,211.28,3666116.0
1582520400,2020-02-24,209.41,212.79,208.37,209.66,2716850.0
1582606800,2020-02-25,212.06,217.25,208.84,210.54,2571703.0
1582693200,2020-02-26,210.42,212.44,205.29,207.57,2255053.0
1582779600,2020-02-27,205.29,209.47,199.21,199.24,3482586.0
1582866000,2020-02-28,193.91,195.63,186.49,194.0,6024356.0
1583125200,2020-03-02,195.9,206.04,195.09,205.93,3141517.0
1583211600,2020-03-03,205.93,211.14,204.29,207.55,4031782.0
1583298000,2020-03-04,210.06,215.52,209.84,215.26,2687136.0
1583384400,2020-03-05,212.6,214.6,208.31,211.22,2268604.0
1583470800,2020-03-06,208.0,211.77,203.49,210.69,3015272.0
1583726400,2020-03-09,197.96,204.95,192.46,198.32,3748564.0
1583812800,2020-03-10,202.5,208.89,196.6,208.6,2950732.0
1583899200,2020-03-11,203.04,204.59,195.6,199.21,3741388.0
1583985600,2020-03-12,185.01,198.2,174.61,186.32,5156846.0
1584072000,2020-03-13,192.67,206.62,188.19,204.42,4755551.0
1584331200,2020-03-16,176.76,196.57,172.24,173.42,4607167.0
1584417600,2020-03-17,178.85,200.92,174.18,194.62,4910351.0
1584504000,2020-03-18,179.63,201.73,176.35,185.73,4551544.0
1584590400,2020-03-19,186.1,187.99,172.37,178.77,4151675.0
1584676800,2020-03-20,177.06,179.63,164.55,167.13,4530001.0
1584936000,2020-03-23,167.65,167.88,149.11,153.19,4142894.0
1585022400,2020-03-24,160.63,165.81,153.32,162.75,4730216.0
1585108800,2020-03-25,161.58,178.38,159.12,170.44,3668066.0
1585195200,2020-03-26,169.49,193.56,169.36,190.06,3842277.0
1585281600,2020-03-27,184.92,189.92,181.11,186.88,3638551.0
1585540800,2020-03-30,190.47,198.42,189.33,197.23,2846111.0
1585627200,2020-03-31,195.42,196.73,184.68,186.25,6221085.0
1585713600,2020-04-01,175.78,182.53,172.81,177.03,4082323.0
1585800000,2020-04-02,177.06,189.11,175.85,188.82,4606944.0
1585886400,2020-04-03,187.46,191.39,185.46,190.57,3371445.0
1586145600,2020-04-06,195.04,202.05,194.17,201.16,3440875.0
1586232000,2020-04-07,206.24,208.61,194.19,194.83,2434939.0
1586318400,2020-04-08,196.42,213.54,195.02,213.2,3742133.0
1586404800,2020-04-09,212.56,222.76,212.3,222.05,4661127.0
1586750400,2020-04-13,220.52,221.08,211.98,214.56,2022272.0
1586836800,2020-04-14,219.13,221.34,216.93,219.15,2285001.0
1586923200,2020-04-15,217.28,217.32,208.93,212.61,2208926.0
1587009600,2020-04-16,215.24,217.1,212.66,216.29,1924251.0
1587096000,2020-04-17,219.92,221.44,213.12,218.25,3107760.0
1587355200,2020-04-20,216.51,217.34,213.48,213.63,1467491.0
1587441600,2020-04-21,210.65,211.22,205.4,207.89,2147575.0
1587528000,2020-04-22,211.53,219.15,210.95,217.32,2255632.0
1587614400,2020-04-23,216.65,218.9,213.17,213.56,1698071.0
1587700800,2020-04-24,215.01,216.04,209.41,210.13,2022552.0
1587960000,2020-04-27,212.19,216.73,210.68,214.95,1942235.0
1588046400,2020-04-28,219.27,219.75,208.51,209.21,2244736.0
1588132800,2020-04-29,215.64,215.64,202.45,203.43,3803111.0
1588219200,2020-04-30,201.11,205.39,199.91,204.46,4361134.0
1588305600,2020-05-01,200.37,202.65,199.81,201.19,2168824.0
1588564800,2020-05-04,203.93,204.03,195.96,203.28,1820502.0
1588651200,2020-05-05,204.18,209.22,204.18,206.4,1533493.0
1588737600,2020-05-06,206.91,208.1,203.42,203.82,1559035.0
1588824000,2020-05-07,205.47,205.89,201.9,202.09,2970924.0
1588910400,2020-05-08,204.55,206.39,203.32,204.77,2144843.0
1589169600,2020-05-11,202.74,208.69,201.43,204.65,2606665.0
1589256000,2020-05-12,205.62,206.39,198.22,199.04,2040129.0
1589342400,2020-05-13,198.67,203.67,197.06,198.57,2413906.0
1589428800,2020-05-14,195.87,198.44,193.08,197.26,2283209.0
1589515200,2020-05-15,196.22,197.56,192.28,197.22,2517846.0
1589774400,2020-05-18,202.8,204.58,199.36,202.76,2076009.0
1589860800,2020-05-19,201.95,203.47,197.29,197.56,1693024.0
1589947200,2020-05-20,199.28,199.87,196.66,197.7,1489119.0
1590033600,2020-05-21,197.06,198.0,195.11,196.0,1408663.0
1590120000,2020-05-22,196.14,208.41,195.36,208.26,3048128.0
1590465600,2020-05-26,213.55,213.63,206.29,209.55,3261723.0
1590552000,2020-05-27,210.99,217.29,207.75,216.49,2580260.0
1590638400,2020-05-28,219.59,222.9,217.79,221.74,2519939.0
1590724800,2020-05-29,220.92,222.47,218.27,221.78,2695258.0
1590984000,2020-06-01,221.66,229.18,219.51,227.06,2209872.0
1591070400,2020-06-02,227.23,228.16,223.13,226.44,2203837.0
1591156800,2020-06-03,227.65,231.3,226.45,229.7,2069146.0
1591243200,2020-06-04,226.87,229.29,220.36,223.11,2182796.0
1591329600,2020-06-05,226.56,228.43,223.85,227.56,2675825.0
1591588800,2020-06-08,227.56,231.19,227.05,229.27,2462144.0
1591675200,2020-06-09,229.11,229.44,227.09,228.3,3063278.0
1591761600,2020-06-10,228.95,231.11,226.13,227.94,1882239.0
1591848000,2020-06-11,225.78,226.44,215.68,216.06,2968850.0
1591934400,2020-06-12,220.54,222.5,218.17,221.71,1664177.0
1592193600,2020-06-15,216.48,226.0,216.48,225.49,1764731.0
1592280000,2020-06-16,230.73,230.91,224.21,227.46,2110665.0
1592366400,2020-06-17,229.5,230.57,226.6,226.77,1600087.0
1592452800,2020-06-18,224.8,226.06,221.32,222.24,1992351.0
1592539200,2020-06-19,225.61,229.37,221.22,229.14,7892070.0
1592798400,2020-06-22,227.75,230.21,225.28,228.28,2307680.0
1592884800,2020-06-23,229.6,230.19,226.04,228.19,2188247.0
1592971200,2020-06-24,226.25,227.05,215.91,219.29,3898527.0
1593057600,2020-06-25,219.37,220.81,216.18,219.44,2914485.0
1593144000,2020-06-26,219.19,222.66,210.52,212.64,4346144.0
1593403200,2020-06-29,215.72,219.53,213.52,218.96,1875707.0
1593489600,2020-06-30,219.35,223.55,218.37,223.05,2505715.0
1593576000,2020-07-01,223.72,230.1,222.71,228.96,1358700.0
1593662400,2020-07-02,231.25,231.75,226.49,227.94,1356391.0
1594008000,2020-07-06,231.71,232.03,228.25,229.46,1895302.0
1594094400,2020-07-07,227.73,232.7,226.54,229.46,1489028.0
1594180800,2020-07-08,230.2,232.39,225.63,228.36,1538672.0
1594267200,2020-07-09,226.88,230.32,224.66,229.14,1373530.0
1594353600,2020-07-10,229.92,230.87,226.98,228.06,1103280.0
1594612800,2020-07-13,226.67,228.36,219.57,220.8,2178795.0
1594699200,2020-07-14,221.47,224.15,218.91,223.39,2066088.0
1594785600,2020-07-15,226.3,226.33,221.19,221.95,1477152.0
1594872000,2020-07-16,221.89,222.37,218.4,222.13,1734622.0
1594958400,2020-07-17,223.01,225.18,219.78,223.54,1456729.0
1595217600,2020-07-20,224.46,226.16,221.82,224.77,1857237.0
1595304000,2020-07-21,226.9,226.9,222.56,223.63,1356237.0
1595390400,2020-07-22,222.65,225.0,221.74,223.48,1547607.0
1595476800,2020-07-23,223.57,224.65,219.13,222.5,1535748.0
1595563200,2020-07-24,224.09,224.68,220.73,221.14,1556958.0
1595822400,2020-07-27,219.62,225.12,219.59,224.58,1589191.0
1595908800,2020-07-28,224.99,231.81,224.8,230.18,1676260.0
1595995200,2020-07-29,231.33,234.83,231.18,234.05,1596930.0
1596081600,2020-07-30,231.21,231.21,222.18,226.46,2156120.0
1596168000,2020-07-31,225.99,228.17,221.8,225.51,2094903.0
1596427200,2020-08-03,223.45,225.83,220.96,221.36,1696987.0
1596513600,2020-08-04,221.1,226.38,220.8,224.46,2138026.0
1596600000,2020-08-05,224.53,224.63,219.32,220.25,1214542.0
1596686400,2020-08-06,219.74,220.46,217.41,220.44,1280407.0
1596772800,2020-08-07,219.51,223.2,219.29,222.25,1198343.0
1597032000,2020-08-10,222.19,222.33,217.36,218.62,1380128.0
1597118400,2020-08-11,219.09,219.31,211.54,212.4,2348776.0
1597204800,2020-08-12,213.1,218.23,213.09,216.8,1532401.0
1597291200,2020-08-13,216.46,218.27,215.84,216.31,1110149.0
1597377600,2020-08-14,216.4,218.48,214.57,215.79,850982.0
1597636800,2020-08-17,215.76,217.36,215.18,216.47,1631259.0
1597723200,2020-08-18,217.55,219.81,216.84,217.88,2334190.0
1597809600,2020-08-19,218.47,218.77,211.25,211.57,1776859.0
1597896000,2020-08-20,211.37,214.78,209.98,213.68,1142687.0
1597982400,2020-08-21,215.41,215.66,211.75,215.11,1451363.0
1598241600,2020-08-24,214.17,214.28,208.93,211.75,1342947.0
1598328000,2020-08-25,213.02,213.25,210.09,212.58,1166172.0
1598414400,2020-08-26,211.93,213.18,210.29,213.07,1846802.0
1598500800,2020-08-27,213.44,214.91,212.27,213.93,1561700.0
1598587200,2020-08-28,214.62,215.45,211.72,215.33,1212210.0
1598846400,2020-08-31,214.82,215.79,213.52,214.95,1725799.0
1598932800,2020-09-01,214.34,215.47,212.77,213.98,1233653.0
1599019200,2020-09-02,213.71,221.97,213.12,221.29,2447611.0
1599105600,2020-09-03,220.48,221.51,215.02,217.68,2410882.0
1599192000,2020-09-04,217.13,221.05,212.95,215.66,2101119.0
1599537600,2020-09-08,214.58,215.36,209.73,212.93,1656280.0
1599624000,2020-09-09,216.22,220.24,215.22,217.77,2438447.0
1599710400,2020-09-10,217.34,217.34,213.56,214.28,1428664.0
1599796800,2020-09-11,215.49,217.89,214.15,215.5,1431453.0
1600056000,2020-09-14,216.64,220.59,216.48,219.05,1554363.0
1600142400,2020-09-15,220.52,228.81,220.49,227.54,2858095.0
1600228800,2020-09-16,228.62,231.78,226.72,227.15,2641298.0
1600315200,2020-09-17,223.98,224.65,214.77,216.31,2578172.0
1600401600,2020-09-18,214.54,216.77,210.34,211.8,4037097.0
1600660800,2020-09-21,209.97,210.87,205.58,207.89,3171860.0
1600747200,2020-09-22,208.77,211.24,207.23,208.73,1891752.0
1600833600,2020-09-23,208.98,208.98,202.8,203.35,3089208.0
1600920000,2020-09-24,203.86,207.17,202.83,203.76,2467184.0
1601006400,2020-09-25,203.7,208.62,203.68,207.87,3176586.0
1601265600,2020-09-28,210.7,211.87,206.66,208.04,2870920.0
1601352000,2020-09-29,209.09,209.77,207.28,208.14,3771332.0
1601438400,2020-09-30,209.71,211.14,207.77,209.54,4079574.0
1601524800,2020-10-01,209.94,212.37,208.0,209.9,2755118.0
1601611200,2020-10-02,208.1,211.43,207.16,210.9,2561215.0
1601870400,2020-10-05,210.86,211.19,206.21,210.93,2364192.0
1601956800,2020-10-06,211.43,211.86,208.18,208.91,2278736.0
1602043200,2020-10-07,209.07,211.08,209.07,209.57,2635568.0
1602129600,2020-10-08,211.48,213.71,210.52,211.12,3059843.0
1602216000,2020-10-09,211.74,213.58,210.77,212.1,1878180.0
1602475200,2020-10-12,212.59,214.78,211.79,213.57,1618420.0
1602561600,2020-10-13,212.59,213.72,209.27,210.13,1785699.0
1602648000,2020-10-14,210.54,210.88,206.37,206.74,2251759.0
1602734400,2020-10-15,206.76,209.9,205.87,207.69,1917736.0
1602820800,2020-10-16,207.78,211.58,207.31,210.4,1640338.0
1603080000,2020-10-19,211.21,212.98,207.31,207.69,1507430.0
1603166400,2020-10-20,209.49,213.01,208.58,211.33,1539102.0
1603252800,2020-10-21,210.74,213.2,209.17,209.55,1239625.0
1603339200,2020-10-22,209.19,209.43,203.83,204.37,1975024.0
1603425600,2020-10-23,205.13,207.49,204.28,206.06,1184913.0
1603684800,2020-10-26,204.19,206.21,202.32,205.54,1870257.0
1603771200,2020-10-27,207.11,208.89,204.6,204.71,1583099.0
1603857600,2020-10-28,202.68,205.72,198.72,199.48,3073222.0
1603944000,2020-10-29,202.38,204.89,199.95,200.8,1880132.0
1604030400,2020-10-30,199.37,201.54,196.34,199.07,1919522.0
1604293200,2020-11-02,201.61,202.49,198.74,202.4,1739878.0
1604379600,2020-11-03,204.17,205.64,202.4,203.04,1478797.0
1604466000,2020-11-04,203.44,210.85,203.44,205.5,2697944.0
1604552400,2020-11-05,208.28,210.46,206.15,207.97,2010746.0
1604638800,2020-11-06,207.96,211.15,206.88,209.9,1317464.0
1604898000,2020-11-09,215.98,219.38,205.39,206.29,2726551.0
1604984400,2020-11-10,207.11,207.11,199.56,201.43,2939621.0
1605070800,2020-11-11,203.55,209.32,202.24,206.7,1797198.0
1605157200,2020-11-12,207.69,208.3,204.97,206.31,2192993.0
1605243600,2020-11-13,207.83,211.26,206.04,210.72,1667037.0
1605502800,2020-11-16,212.16,212.88,207.04,207.25,1626858.0
1605589200,2020-11-17,207.17,208.79,206.57,207.33,1560736.0
1605675600,2020-11-18,206.57,210.04,205.62,206.04,1809399.0
1605762000,2020-11-19,205.52,207.07,202.29,206.68,1846677.0
1605848400,2020-11-20,206.47,206.68,201.54,201.68,2216557.0
1606107600,2020-11-23,202.46,202.5,198.17,198.43,3145880.0
1606194000,2020-11-24,200.28,200.97,197.11,197.69,3162073.0
1606280400,2020-11-25,198.75,202.29,198.2,201.97,2881129.0
1606453200,2020-11-27,202.8,202.92,199.87,202.92,1103358.0
1606712400,2020-11-30,202.84,202.96,198.29,200.41,4855767.0
1606798800,2020-12-01,201.1,204.91,200.86,204.42,2774698.0
1606885200,2020-12-02,203.52,204.42,198.15,198.42,3054373.0
1606971600,2020-12-03,198.95,200.03,195.72,196.09,4040119.0
1607058000,2020-12-04,196.55,198.42,194.55,198.22,3539821.0
1607317200,2020-12-07,197.34,198.32,193.61,194.4,3017320.0
1607403600,2020-12-08,194.17,194.84,192.59,193.83,3149027.0
1607490000,2020-12-09,193.06,193.34,187.43,190.22,3860758.0
1607576400,2020-12-10,190.88,192.38,189.38,190.19,3720960.0
1607662800,2020-12-11,188.97,190.85,186.72,190.55,3179629.0
1607922000,2020-12-14,191.57,192.81,187.58,187.86,3144467.0
1608008400,2020-12-15,188.17,189.28,186.85,188.32,2497576.0
1608094800,2020-12-16,189.21,190.53,186.96,190.37,2612726.0
1608181200,2020-12-17,191.66,193.82,190.81,193.05,2809015.0
1608267600,2020-12-18,192.59,193.5,190.56,192.02,6088287.0
1608526800,2020-12-21,189.28,191.14,188.22,190.51,2226837.0
1608613200,2020-12-22,190.09,191.44,189.2,191.13,2079477.0
1608699600,2020-12-23,191.8,193.82,188.43,188.45,1819377.0
1608786000,2020-12-24,188.44,191.23,188.44,190.58,779538.0
1609131600,2020-12-28,190.77,193.02,189.52,192.69,2575610.0
1609218000,2020-12-29,193.68,194.74,192.12,192.18,1465036.0
1609304400,2020-12-30,192.2,193.09,191.19,192.05,1555505.0
1609390800,2020-12-31,191.55,195.82,191.41,195.64,1996609.0
1609736400,2021-01-04,197.05,197.17,191.12,191.41,3272235.0
1609822800,2021-01-05,192.02,194.02,190.96,192.38,3101263.0
1609909200,2021-01-06,191.32,191.48,187.02,187.3,3778662.0
1609995600,2021-01-07,187.63,191.33,187.12,189.58,3593219.0
1610082000,2021-01-08,190.22,195.09,190.11,193.68,2920363.0
1610341200,2021-01-11,192.86,193.47,186.69,187.33,2445923.0
1610427600,2021-01-12,187.07,188.08,183.62,187.32,2638553.0
1610514000,2021-01-13,186.78,189.29,186.44,188.67,2503276.0
1610600400,2021-01-14,189.14,189.35,186.89,187.39,4224261.0
1610686800,2021-01-15,187.4,192.15,186.72,191.66,2644413.0
1611032400,2021-01-19,192.76,193.08,188.24,189.04,2764327.0
1611118800,2021-01-20,189.88,194.9,188.34,194.18,2825379.0
1611205200,2021-01-21,192.63,194.51,190.33,193.68,1891268.0
1611291600,2021-01-22,193.5,196.12,193.38,195.17,2384011.0
1611550800,2021-01-25,195.24,199.37,193.61,198.3,2832056.0
1611637200,2021-01-26,198.59,203.08,195.51,202.47,3005794.0
1611723600,2021-01-27,204.08,204.08,198.4,199.65,3190320.0
1611810000,2021-01-28,198.48,203.05,197.52,199.0,3085618.0
1611896400,2021-01-29,197.75,199.41,196.19,198.17,3046715.0
1612155600,2021-02-01,199.75,205.42,196.94,205.33,2535769.0
1612242000,2021-02-02,205.77,207.43,204.47,205.83,2366206.0
1612328400,2021-02-03,204.61,205.29,201.14,202.49,2992241.0
1612414800,2021-02-04,202.33,205.04,201.59,202.39,2273950.0
1612501200,2021-02-05,202.77,204.81,201.89,203.08,1775914.0
1612760400,2021-02-08,203.11,203.41,199.43,202.91,2112699.0
1612846800,2021-02-09,201.56,204.61,201.4,201.92,1499264.0
1612933200,2021-02-10,202.58,204.11,200.88,201.92,1766154.0
1613019600,2021-02-11,201.16,201.87,197.94,198.57,1588517.0
1613106000,2021-02-12,198.57,199.2,194.85,198.02,1806960.0
1613451600,2021-02-16,198.37,198.37,194.56,196.1,1561658.0
1613538000,2021-02-17,194.63,197.62,194.42,197.26,1363331.0
1613624400,2021-02-18,196.61,199.18,196.32,198.96,1298309.0
1613710800,2021-02-19,196.61,199.18,196.32,198.96,1298309.0
1613970000,2021-02-22,197.59,198.08,193.67,196.18,2249424.0
1614056400,2021-02-23,197.27,198.8,193.2,194.52,1866780.0
1614142800,2021-02-24,194.52,197.38,193.85,195.92,1883440.0
1614229200,2021-02-25,194.9,198.63,192.99,195.9,3118206.0
1614315600,2021-02-26,195.82,196.52,188.29,188.38,3787533.0
1614574800,2021-03-01,190.5,191.26,186.11,186.33,3029643.0
1614661200,2021-03-02,186.99,187.29,181.96,182.0,3537377.0
1614747600,2021-03-03,182.0,182.2,176.86,176.86,3689078.0
1614834000,2021-03-04,177.52,179.92,174.77,175.36,3608145.0
1614920400,2021-03-05,176.79,177.87,172.6,174.32,3776044.0
1615179600,2021-03-08,174.58,178.44,172.15,173.16,3515535.0
1615266000,2021-03-09,174.32,178.39,174.13,176.68,3259567.0
1615352400,2021-03-10,176.68,179.28,175.5,178.18,3447449.0
1615438800,2021-03-11,179.91,187.93,179.26,186.44,3992816.0
1615525200,2021-03-12,186.44,189.58,185.03,187.57,2453208.0
1615780800,2021-03-15,188.01,190.7,187.02,190.44,2027719.0
1615867200,2021-03-16,191.52,195.08,190.45,194.23,2167935.0
1615953600,2021-03-17,192.86,194.79,192.17,194.52,2487657.0
1616040000,2021-03-18,192.45,195.05,190.96,193.95,2783465.0
1616126400,2021-03-19,194.24,196.16,192.94,193.38,6136442.0
1616385600,2021-03-22,193.38,198.46,192.92,196.84,2200417.0
1616472000,2021-03-23,197.5,201.68,196.62,200.34,2038091.0
1616558400,2021-03-24,198.04,199.83,195.17,197.86,2655911.0
1616644800,2021-03-25,197.99,199.14,197.02,198.05,2055252.0
1616731200,2021-03-26,201.23,208.38,199.65,208.16,2976086.0
1616990400,2021-03-29,206.91,211.65,206.12,210.78,2661287.0
1617076800,2021-03-30,209.37,209.77,205.38,206.71,1856435.0
1617163200,2021-03-31,206.05,209.97,205.44,208.37,2790075.0
1617249600,2021-04-01,209.24,209.63,206.58,209.24,2055304.0
1617595200,2021-04-05,209.87,213.5,209.48,213.33,2014398.0
1617681600,2021-04-06,212.75,212.79,210.22,212.31,2403256.0
1617768000,2021-04-07,212.35,214.31,210.02,213.3,2686679.0
1617854400,2021-04-08,213.78,214.54,209.85,210.16,2093731.0
1617940800,2021-04-09,209.97,210.45,208.67,209.53,2266317.0
1618200000,2021-04-12,210.88,211.6,209.21,211.58,1463250.0
1618286400,2021-04-13,211.58,213.25,210.98,212.9,2242174.0
1618372800,2021-04-14,213.01,214.12,211.02,211.74,1637243.0
1618459200,2021-04-15,212.04,216.62,212.04,216.54,2096435.0
1618545600,2021-04-16,217.61,219.04,215.26,217.82,1752956.0
1618804800,2021-04-19,217.83,217.83,217.75,217.75,21039.0
1618891200,2021-04-20,217.05,222.4,217.05,221.36,1837385.0
1618977600,2021-04-21,222.59,223.43,219.96,220.93,1318538.0
1619064000,2021-04-22,219.66,222.55,219.1,220.37,1384007.0
1619150400,2021-04-23,220.49,223.65,220.11,222.56,1678242.0
1619409600,2021-04-26,222.62,223.37,220.99,221.64,1703793.0
1619496000,2021-04-27,222.25,223.01,220.45,221.21,1446986.0
1619582400,2021-04-28,221.29,223.11,220.26,220.73,1638625.0
1619668800,2021-04-29,221.65,221.65,214.97,219.38,2124090.0
1619755200,2021-04-30,219.01,223.41,218.67,223.2,2145119.0
1620014400,2021-05-03,222.49,222.74,220.91,221.15,2015989.0
1620100800,2021-05-04,221.61,221.61,216.94,218.04,2105500.0
1620187200,2021-05-05,214.38,218.71,213.79,217.8,2948614.0
1620273600,2021-05-06,214.0,216.25,212.32,213.79,5632717.0
1620360000,2021-05-07,215.21,218.18,214.65,216.83,7079826.0
1620619200,2021-05-10,218.15,219.56,216.72,217.82,2134294.0
1620705600,2021-05-11,216.81,217.27,213.77,216.68,2002338.0
1620792000,2021-05-12,215.6,216.42,211.52,211.98,1912932.0
1620878400,2021-05-13,212.89,214.92,211.03,213.77,1689483.0
1620964800,2021-05-14,214.79,217.12,214.31,216.19,1714514.0
1621224000,2021-05-17,214.64,216.83,214.51,215.42,2236333.0
1621310400,2021-05-18,215.4,217.4,211.53,215.83,2984768.0
1621396800,2021-05-19,214.57,216.74,212.83,215.56,3420665.0
1621483200,2021-05-20,216.06,220.54,214.83,219.74,2066108.0
1621569600,2021-05-21,219.73,220.32,218.07,218.98,2196056.0
1621828800,2021-05-24,219.64,222.48,219.24,221.46,1820359.0
1621915200,2021-05-25,221.96,223.17,218.53,221.98,2000918.0
1622001600,2021-05-26,222.69,224.78,221.43,222.93,2136322.0
1622088000,2021-05-27,222.58,224.4,221.57,222.63,5197182.0
1622174400,2021-05-28,224.73,225.62,223.81,223.81,2345849.0
1622520000,2021-06-01,224.84,226.63,223.36,226.53,2642207.0
1622606400,2021-06-02,226.91,230.41,226.26,230.35,3054327.0
1622692800,2021-06-03,230.27,230.95,228.45,230.72,2235608.0
1622779200,2021-06-04,231.81,232.74,230.46,232.41,2576681.0
1623038400,2021-06-07,233.12,235.78,232.27,235.35,2539406.0
1623124800,2021-06-08,235.85,235.85,231.6,233.06,2177819.0
1623211200,2021-06-09,233.88,235.27,233.48,233.93,1957450.0
1623297600,2021-06-10,233.35,237.33,232.76,237.27,1967005.0
1623384000,2021-06-11,236.27,236.36,233.77,235.1,2206396.0
1623643200,2021-06-14,235.17,237.42,234.23,237.37,1326883.0
1623729600,2021-06-15,237.3,237.69,235.34,236.96,1392343.0
1623816000,2021-06-16,237.94,238.13,232.84,233.51,2046834.0
1623902400,2021-06-17,232.84,237.31,232.19,237.23,1723553.0
1623988800,2021-06-18,236.57,237.29,234.07,234.09,3940774.0
1624248000,2021-06-21,234.13,236.03,232.39,235.67,1699360.0
1624334400,2021-06-22,235.71,236.24,234.56,234.68,1390566.0
1624420800,2021-06-23,234.14,234.68,231.96,232.57,1612632.0
1624507200,2021-06-24,233.74,234.27,230.91,232.51,1069147.0
1624593600,2021-06-25,232.74,235.43,232.21,234.62,2491743.0
1624852800,2021-06-28,236.23,239.42,236.23,239.24,2174755.0
1624939200,2021-06-29,238.9,240.99,237.89,240.12,1856500.0
1625025600,2021-06-30,240.28,241.9,237.69,237.78,2282418.0
1625112000,2021-07-01,236.46,239.19,235.59,237.95,1809549.0
1625198400,2021-07-02,238.81,240.74,238.81,240.19,1566392.0
1625544000,2021-07-06,240.19,242.84,239.04,242.71,2309528.0
1625630400,2021-07-07,242.28,246.16,241.19,244.85,2057659.0
1625716800,2021-07-08,244.66,246.65,243.05,244.63,1358198.0
1625803200,2021-07-09,244.41,245.37,242.34,245.1,1378065.0
1626062400,2021-07-12,245.73,247.04,244.47,246.46,1487948.0
1626148800,2021-07-13,244.83,247.89,244.39,245.17,1383590.0
1626235200,2021-07-14,244.7,248.59,243.83,247.67,1391775.0
1626321600,2021-07-15,248.31,249.3,245.61,247.59,1297539.0
1626408000,2021-07-16,248.44,250.08,247.47,248.63,3001732.0
1626667200,2021-07-19,249.02,250.56,245.2,247.25,2463311.0
1626753600,2021-07-20,249.2,250.37,246.19,249.1,1804855.0
1626840000,2021-07-21,248.82,249.22,246.4,246.69,1359763.0
1626926400,2021-07-22,246.2,248.33,243.73,247.87,1296701.0
1627012800,2021-07-23,248.44,251.52,247.11,251.09,1306499.0
1627272000,2021-07-26,249.43,250.8,248.66,250.52,1316584.0
1627358400,2021-07-27,250.87,253.07,250.01,252.52,1440049.0
1627444800,2021-07-28,252.57,252.89,249.76,250.85,1881335.0
1627531200,2021-07-29,251.75,254.84,248.45,249.1,1859231.0
1627617600,2021-07-30,250.59,252.3,248.87,248.93,2039626.0
1627876800,2021-08-02,249.54,251.86,249.25,249.65,1309733.0
1627963200,2021-08-03,249.72,251.59,248.94,250.29,1206965.0
1628049600,2021-08-04,250.68,251.53,247.97,250.75,1505234.0
1628136000,2021-08-05,252.12,252.38,247.46,248.89,1453198.0
1628222400,2021-08-06,247.7,249.49,247.35,248.33,1716518.0
1628481600,2021-08-09,248.22,248.59,245.54,246.52,1289832.0
1628568000,2021-08-10,247.83,248.21,242.06,242.33,1426984.0
1628654400,2021-08-11,243.3,244.44,242.39,244.02,1022870.0
1628740800,2021-08-12,244.7,246.88,243.08,246.51,1054985.0
1628827200,2021-08-13,246.84,249.06,245.76,249.03,941504.0
1629086400,2021-08-16,249.03,250.48,248.02,249.28,1164618.0
1629172800,2021-08-17,247.47,252.39,247.47,252.21,1056528.0
1629259200,2021-08-18,251.71,252.88,249.4,249.44,1293833.0
1629345600,2021-08-19,247.86,255.03,247.86,254.51,1374066.0
1629432000,2021-08-20,254.74,256.87,253.29,255.99,2175649.0
1629691200,2021-08-23,254.72,255.56,252.9,253.95,1212018.0
1629777600,2021-08-24,254.82,255.1,249.45,250.51,1130251.0
1629864000,2021-08-25,250.56,250.59,247.98,249.02,1135007.0
1629950400,2021-08-26,248.42,250.75,247.98,249.26,1088133.0
1630036800,2021-08-27,250.71,251.58,248.4,251.31,1025618.0
1630296000,2021-08-30,251.31,256.82,251.06,256.75,1921467.0
1630382400,2021-08-31,255.12,257.67,254.21,257.18,3100830.0
1630468800,2021-09-01,257.77,262.7,257.02,262.27,1952687.0
1630555200,2021-09-02,262.4,264.93,260.27,264.85,2112282.0
1630641600,2021-09-03,264.11,266.09,261.58,265.84,1911281.0
1630987200,2021-09-07,264.51,265.78,259.76,263.38,1825077.0
1631073600,2021-09-08,262.89,267.34,262.63,267.25,1783761.0
1631160000,2021-09-09,266.27,267.33,261.15,261.27,1366524.0
1631246400,2021-09-10,260.98,261.56,255.32,258.68,1700906.0
1631505600,2021-09-13,261.0,262.68,258.07,259.32,1535030.0
1631592000,2021-09-14,259.92,262.12,259.5,260.9,1304548.0
1631678400,2021-09-15,261.09,262.16,259.01,261.66,1223923.0
1631764800,2021-09-16,261.24,262.31,257.77,261.55,1048630.0
1631851200,2021-09-17,258.65,261.91,258.41,258.57,4033452.0
1632110400,2021-09-20,256.62,258.92,253.16,256.31,2872158.0
1632196800,2021-09-21,257.25,258.98,255.86,256.91,1293769.0
1632283200,2021-09-22,257.11,259.6,255.43,258.39,1370824.0
1632369600,2021-09-23,258.35,258.35,251.24,253.51,1830434.0
1632456000,2021-09-24,253.41,253.88,247.66,248.38,2563872.0
1632715200,2021-09-27,248.45,249.28,242.04,242.42,1988390.0
1632801600,2021-09-28,239.51,240.56,235.94,237.69,2637863.0
1632888000,2021-09-29,238.71,240.02,237.2,238.81,1627174.0
1632974400,2021-09-30,240.01,240.89,234.61,234.74,2639022.0
1633060800,2021-10-01,236.15,237.93,234.45,235.8,2059840.0
1633320000,2021-10-04,235.18,236.48,231.85,234.58,1602177.0
1633406400,2021-10-05,234.73,236.07,232.0,233.98,1863294.0
1633492800,2021-10-06,232.94,237.43,230.94,236.99,1663857.0
1633579200,2021-10-07,238.09,240.37,234.91,235.36,1462873.0
1633665600,2021-10-08,235.33,235.38,231.2,231.79,1251170.0
1633924800,2021-10-11,231.65,233.02,230.42,231.37,1213397.0
1634011200,2021-10-12,232.4,235.16,231.34,233.98,1611809.0
1634097600,2021-10-13,232.87,233.84,229.35,233.65,1833307.0
1634184000,2021-10-14,234.77,237.37,234.44,236.91,1515945.0
1634270400,2021-10-15,238.61,240.02,236.21,238.2,4268384.0
1634529600,2021-10-18,237.42,239.02,236.08,237.03,1599966.0
1634616000,2021-10-19,238.55,245.4,237.95,241.36,2005499.0
1634702400,2021-10-20,242.42,244.88,242.42,244.14,1302648.0
1634788800,2021-10-21,243.92,247.09,241.7,246.79,1432174.0
1634875200,2021-10-22,247.45,252.34,246.76,251.58,1694841.0
1635134400,2021-10-25,251.62,251.69,251.6,251.69,128251.0
1635220800,2021-10-26,252.95,256.1,252.42,253.78,1852710.0
1635307200,2021-10-27,254.91,257.52,252.34,252.44,1448030.0
1635393600,2021-10-28,252.51,256.48,250.16,252.96,1595664.0
1635480000,2021-10-29,251.38,252.0,247.32,249.38,3186417.0
1635739200,2021-11-01,250.17,250.44,244.47,249.5,1745476.0
1635825600,2021-11-02,250.13,252.32,247.21,249.99,1720163.0
1635912000,2021-11-03,250.93,252.44,244.52,248.17,1333468.0
1635998400,2021-11-04,249.23,250.69,245.55,246.71,1533082.0
1636084800,2021-11-05,248.47,248.92,244.72,245.72,1385629.0
1636347600,2021-11-08,246.09,246.95,241.83,246.55,1247293.0
1636434000,2021-11-09,247.54,249.07,246.58,247.57,985779.0
1636520400,2021-11-10,246.43,248.95,243.72,244.0,1053287.0
1636606800,2021-11-11,244.22,244.72,239.12,240.99,1362492.0
1636693200,2021-11-12,242.77,243.41,240.21,240.65,1142892.0
1636952400,2021-11-15,236.44,237.5,229.19,230.4,3714479.0
1637038800,2021-11-16,231.84,232.01,228.74,229.1,3036887.0
1637125200,2021-11-17,229.16,230.31,225.27,227.77,3720938.0
1637211600,2021-11-18,227.83,229.75,224.12,229.03,2700606.0
1637298000,2021-11-19,230.75,233.75,229.61,230.82,2315198.0
1637557200,2021-11-22,229.95,230.89,226.97,227.86,2169630.0
1637643600,2021-11-23,228.41,231.91,227.08,231.72,2287755.0
1637730000,2021-11-24,232.5,235.27,230.4,234.8,1518598.0
1637902800,2021-11-26,235.77,236.59,231.96,232.49,1169182.0
1638162000,2021-11-29,233.61,238.19,231.27,236.09,2110381.0
1638248400,2021-11-30,233.63,237.16,232.04,232.15,3741604.0
1638334800,2021-12-01,233.47,236.62,228.64,229.02,3019563.0
1638421200,2021-12-02,229.71,236.8,229.31,235.47,2184913.0
1638507600,2021-12-03,235.01,238.12,233.01,236.11,2066345.0
1638766800,2021-12-06,237.5,241.36,236.44,238.42,2181570.0
1638853200,2021-12-07,239.9,245.27,239.9,244.82,2468355.0
1638939600,2021-12-08,244.45,245.8,241.93,243.97,1650910.0
1639026000,2021-12-09,244.0,244.98,239.62,239.74,1300778.0
1639112400,2021-12-10,239.6,242.49,238.31,241.07,1663106.0
1639371600,2021-12-13,240.57,245.28,239.11,244.12,2141171.0
1639458000,2021-12-14,242.75,245.96,239.69,241.81,2722487.0
1639544400,2021-12-15,242.48,244.27,239.79,242.64,2196564.0
1639630800,2021-12-16,243.04,247.35,242.97,247.17,2125688.0
1639717200,2021-12-17,246.98,250.96,245.71,246.63,4697420.0
1639976400,2021-12-20,243.97,247.23,243.23,246.28,1934015.0
1640062800,2021-12-21,247.91,249.45,244.62,245.74,1535213.0
1640149200,2021-12-22,246.71,248.83,245.61,248.75,1101515.0
1640235600,2021-12-23,248.88,249.29,245.73,247.76,1264903.0
1640581200,2021-12-27,248.93,254.13,247.51,254.0,1583265.0
1640667600,2021-12-28,254.0,256.82,253.07,256.42,1307343.0
1640754000,2021-12-29,254.92,257.32,254.92,256.77,1756574.0
1640840400,2021-12-30,257.42,259.53,255.46,258.78,1568095.0
1640926800,2021-12-31,259.01,261.68,257.71,259.99,1630702.0
1641186000,2022-01-03,259.87,260.03,249.13,254.55,1781498.0
1641272400,2022-01-04,255.27,256.21,251.06,251.34,2265761.0
1641358800,2022-01-05,247.96,248.38,233.08,235.16,4930562.0
1641445200,2022-01-06,234.58,235.88,228.23,235.45,2815788.0
1641531600,2022-01-07,234.68,239.31,231.99,236.95,2827087.0
1641790800,2022-01-10,237.63,237.63,229.86,235.02,2375787.0
1641877200,2022-01-11,230.58,232.53,227.63,231.54,2101304.0
1641963600,2022-01-12,230.99,235.1,230.08,230.56,2100670.0
1642050000,2022-01-13,231.1,231.3,226.71,227.05,1911062.0
1642136400,2022-01-14,225.45,225.94,218.73,222.76,2946457.0
1642482000,2022-01-18,220.99,223.07,220.24,222.42,3070127.0
1642568400,2022-01-19,223.29,225.11,220.5,221.32,2418845.0
1642654800,2022-01-20,222.11,224.75,218.25,218.6,2415520.0
1642741200,2022-01-21,221.97,222.9,216.67,217.55,4715067.0
1643000400,2022-01-24,214.49,220.79,212.54,220.79,1066629.0
1643086800,2022-01-25,218.47,224.34,218.11,222.68,2328129.0
1643173200,2022-01-26,222.77,226.1,213.68,215.63,2148731.0
1643259600,2022-01-27,214.7,217.81,209.07,210.15,2975304.0
1643346000,2022-01-28,211.16,219.41,207.7,219.34,2375829.0
1643605200,2022-01-31,218.58,223.7,217.75,223.54,3120664.0
1643691600,2022-02-01,223.16,224.39,220.07,222.34,1916093.0
1643778000,2022-02-02,223.88,226.18,223.59,224.29,1746600.0
1643864400,2022-02-03,223.01,224.6,222.09,222.83,1725502.0
1643950800,2022-02-04,220.58,222.21,217.81,219.04,1458697.0
1644210000,2022-02-07,218.45,220.75,217.32,218.89,1349738.0
1644296400,2022-02-08,218.29,219.84,216.05,218.05,1549093.0
1644382800,2022-02-09,220.57,222.62,219.3,222.11,2186869.0
1644469200,2022-02-10,219.22,221.73,214.37,215.55,1623009.0
1644555600,2022-02-11,215.95,217.72,209.31,210.57,2709922.0
1644814800,2022-02-14,211.46,212.04,206.88,208.25,2114355.0
1644901200,2022-02-15,210.71,210.79,206.46,207.45,1911020.0
1644987600,2022-02-16,207.46,207.77,204.21,206.51,1497372.0
1645074000,2022-02-17,206.22,206.67,202.44,203.25,1977881.0
1645160400,2022-02-18,203.39,205.59,201.51,203.05,3588727.0
1645506000,2022-02-22,202.87,205.23,199.57,202.99,2896060.0
1645592400,2022-02-23,204.34,205.72,201.53,202.17,2243466.0
1645678800,2022-02-24,197.15,206.76,195.55,205.99,3455681.0
1645765200,2022-02-25,205.95,208.39,201.58,207.69,2613411.0
1646024400,2022-02-28,205.46,205.67,198.56,201.65,4705743.0
1646110800,2022-03-01,202.66,205.25,201.48,203.15,2863690.0
1646197200,2022-03-02,202.93,206.9,202.43,205.32,2541403.0
1646283600,2022-03-03,207.53,210.48,205.79,209.09,3308378.0
1646370000,2022-03-04,207.96,212.64,207.96,211.79,2782912.0
1646629200,2022-03-07,210.76,211.43,205.35,206.23,1707804.0
1646715600,2022-03-08,206.67,206.67,202.63,202.63,213423.0
1646802000,2022-03-09,205.9,210.19,205.55,207.2,1783312.0
1646888400,2022-03-10,205.26,207.53,201.86,206.92,1548820.0
1646974800,2022-03-11,209.15,211.57,208.59,208.74,2161547.0
1647230400,2022-03-14,209.74,210.8,206.61,208.82,1983295.0
1647316800,2022-03-15,210.33,211.87,208.06,209.95,1722665.0
1647403200,2022-03-16,211.39,213.7,209.47,212.99,2312546.0
1647489600,2022-03-17,211.98,217.98,211.98,217.89,2180666.0
1647576000,2022-03-18,219.7,220.84,214.92,215.57,5263171.0
1647835200,2022-03-21,214.93,217.77,213.35,214.78,1830951.0
1647921600,2022-03-22,215.31,216.25,212.53,213.03,2354025.0
1648008000,2022-03-23,212.5,213.52,207.73,207.99,2251973.0
1648094400,2022-03-24,207.63,209.38,205.03,209.31,2300006.0
1648180800,2022-03-25,211.03,214.5,210.25,213.94,1710209.0
1648440000,2022-03-28,214.88,217.94,214.21,217.79,1828930.0
1648526400,2022-03-29,220.11,223.3,219.78,222.7,2314753.0
1648612800,2022-03-30,221.46,223.03,219.87,222.98,2157699.0
1648699200,2022-03-31,223.91,225.83,222.83,223.3,4220129.0
1648785600,2022-04-01,223.3,228.78,222.3,228.39,1926180.0
1649044800,2022-04-04,228.42,230.54,227.66,229.17,2187999.0
1649131200,2022-04-05,228.92,235.86,228.47,233.7,2195286.0
1649217600,2022-04-06,232.16,239.22,231.55,238.76,3031317.0
1649304000,2022-04-07,236.4,238.08,234.67,236.19,1965523.0
1649390400,2022-04-08,236.58,238.65,234.68,236.8,1734647.0
1649649600,2022-04-11,236.96,237.98,233.4,234.04,2452366.0
1649736000,2022-04-12,231.36,232.49,228.45,229.84,1710895.0
1649822400,2022-04-13,230.63,230.78,227.84,229.82,1541888.0
1649908800,2022-04-14,230.52,230.88,227.89,228.37,3416394.0
1650254400,2022-04-18,227.12,230.02,225.34,226.92,1291869.0
1650340800,2022-04-19,227.76,231.96,227.69,231.26,1505739.0
1650427200,2022-04-20,232.13,239.46,231.59,239.14,2007037.0
1650513600,2022-04-21,240.3,242.66,237.86,238.39,1915477.0
1650600000,2022-04-22,238.73,238.73,234.01,234.06,1960240.0
1650859200,2022-04-25,234.23,235.04,227.99,231.93,1910223.0
1650945600,2022-04-26,231.31,233.44,227.39,227.73,2250314.0
1651032000,2022-04-27,228.79,230.57,224.81,225.97,2079633.0
1651118400,2022-04-28,225.76,226.87,219.14,225.37,2824469.0
1651204800,2022-04-29,223.7,224.59,215.09,215.4,2808879.0
1651464000,2022-05-02,215.72,219.2,207.99,211.76,2374912.0
1651550400,2022-05-03,211.76,217.17,210.3,215.39,1593126.0
1651636800,2022-05-04,215.05,219.88,213.3,219.52,1239460.0
1651723200,2022-05-05,218.93,220.27,214.22,215.81,1590991.0
1651809600,2022-05-06,213.81,219.06,213.41,218.12,2116942.0
1652068800,2022-05-09,216.39,216.39,205.51,206.52,2789525.0
1652155200,2022-05-10,207.9,209.25,198.7,200.86,2429697.0
1652241600,2022-05-11,202.37,204.99,200.12,200.83,2336793.0
1652328000,2022-05-12,200.78,202.48,198.42,201.53,2508951.0
1652414400,2022-05-13,203.03,208.13,202.14,207.92,2254722.0
1652673600,2022-05-16,207.88,209.92,205.57,205.74,1382825.0
1652760000,2022-05-17,208.41,208.79,205.01,208.23,1951020.0
1652846400,2022-05-18,207.84,208.5,205.11,206.11,1916321.0
1652932800,2022-05-19,205.55,211.08,204.84,208.45,2083301.0
1653019200,2022-05-20,210.42,219.1,209.39,218.31,3746690.0
1653278400,2022-05-23,219.48,223.17,217.65,222.9,2011858.0
1653364800,2022-05-24,222.97,231.74,222.25,231.04,2352410.0
1653451200,2022-05-25,229.49,233.42,225.73,232.62,2410655.0
1653537600,2022-05-26,233.0,234.39,226.96,227.61,1688990.0
1653624000,2022-05-27,229.25,234.65,227.74,233.22,1963365.0
1653969600,2022-05-31,230.36,231.5,228.1,228.9,3939901.0
1654056000,2022-06-01,228.9,228.9,224.18,225.71,1657823.0
1654142400,2022-06-02,219.9,235.21,219.56,234.47,3069193.0
1654228800,2022-06-03,233.98,240.85,233.03,238.37,7950577.0
1654488000,2022-06-06,241.11,242.27,237.87,238.94,5471465.0
1654574400,2022-06-07,237.88,238.6,231.61,237.85,2690018.0
1654660800,2022-06-08,237.4,240.44,235.32,236.34,1857309.0
1654747200,2022-06-09,233.4,239.27,232.38,232.54,2387028.0
1654833600,2022-06-10,229.69,230.43,223.52,224.32,2660821.0
1655092800,2022-06-13,218.95,220.87,213.56,214.51,2597192.0
1655179200,2022-06-14,213.75,214.91,207.92,209.56,2886999.0
1655265600,2022-06-15,210.37,218.51,210.02,215.74,2367780.0
1655352000,2022-06-16,211.1,213.09,208.88,210.56,1930426.0
1655438400,2022-06-17,210.13,214.23,208.71,212.35,5922905.0
1655784000,2022-06-21,217.59,223.47,217.49,221.95,2994627.0
1655870400,2022-06-22,217.88,232.72,217.82,226.59,3476581.0
1655956800,2022-06-23,227.54,233.59,227.24,232.26,3093491.0
1656043200,2022-06-24,234.46,235.69,230.7,235.26,3882995.0
1656302400,2022-06-27,235.78,237.45,232.1,233.17,2369288.0
1656388800,2022-06-28,233.78,234.21,226.69,227.42,1827378.0
1656475200,2022-06-29,224.81,228.32,222.22,227.63,2185636.0
1656561600,2022-06-30,226.23,231.71,224.97,229.81,2445416.0
1656648000,2022-07-01,228.86,232.91,226.98,232.34,1597507.0
1656993600,2022-07-05,229.72,230.23,224.45,230.13,1529598.0
1657080000,2022-07-06,231.94,234.3,230.81,232.19,1359253.0
1657166400,2022-07-07,232.43,234.3,229.65,231.24,1235151.0
1657252800,2022-07-08,229.57,231.87,228.13,229.29,1097500.0
1657512000,2022-07-11,229.28,232.39,227.02,231.97,1437012.0
1657598400,2022-07-12,231.03,232.64,227.62,229.72,1815527.0
1657684800,2022-07-13,226.95,232.17,225.84,230.11,1379591.0
1657771200,2022-07-14,226.36,231.84,226.07,230.64,1801219.0
1657857600,2022-07-15,233.67,234.48,229.58,231.26,1468108.0
1658116800,2022-07-18,231.0,231.79,223.51,224.11,1877653.0
1658203200,2022-07-19,226.23,231.32,226.13,231.22,1852672.0
1658289600,2022-07-20,230.18,231.92,224.27,224.55,1814023.0
1658376000,2022-07-21,224.94,230.17,223.16,229.64,1481387.0
1658462400,2022-07-22,230.67,234.1,229.97,233.42,1830015.0
1658721600,2022-07-25,233.19,233.47,230.09,231.39,1754506.0
1658808000,2022-07-26,232.48,236.54,231.82,232.86,1730645.0
1658894400,2022-07-27,233.35,234.89,229.62,232.23,1700553.0
1658980800,2022-07-28,235.09,242.37,233.83,241.78,2864697.0
1659067200,2022-07-29,243.08,246.32,240.53,243.51,2209753.0
1659326400,2022-08-01,243.02,244.35,239.41,241.53,1556969.0
1659412800,2022-08-02,241.96,243.83,239.2,239.74,1982988.0
1659499200,2022-08-03,240.83,242.71,238.16,241.72,1606955.0
1659585600,2022-08-04,242.0,244.31,240.97,243.91,1495828.0
1659672000,2022-08-05,241.3,244.95,240.1,244.74,1295487.0
1659931200,2022-08-08,247.04,248.95,243.96,245.47,1134103.0
1660017600,2022-08-09,246.21,249.35,243.08,248.32,1848367.0
1660104000,2022-08-10,251.73,251.73,247.33,249.77,1631025.0
1660190400,2022-08-11,250.79,250.79,245.71,246.32,1476449.0
1660276800,2022-08-12,247.88,249.88,246.94,249.71,1301618.0
1660536000,2022-08-15,250.31,253.98,250.08,253.13,1458666.0
1660622400,2022-08-16,250.73,251.83,248.06,250.37,1434045.0
1660708800,2022-08-17,248.93,250.84,247.66,249.48,1189449.0
1660795200,2022-08-18,249.53,251.04,245.39,247.7,1288236.0
1660881600,2022-08-19,247.25,249.59,245.82,246.73,2969183.0
1661140800,2022-08-22,244.85,246.5,241.8,242.54,1120276.0
1661227200,2022-08-23,241.26,241.78,236.76,238.48,1144889.0
1661313600,2022-08-24,239.43,239.81,237.46,237.8,1591702.0
1661400000,2022-08-25,238.95,241.38,235.85,241.19,1574986.0
1661486400,2022-08-26,240.85,241.25,234.74,234.85,1420629.0
1661745600,2022-08-29,233.6,236.15,232.15,233.53,1769711.0
1661832000,2022-08-30,233.69,234.39,227.21,227.84,1378030.0
1661918400,2022-08-31,228.26,230.37,227.46,228.43,2493040.0
1662004800,2022-09-01,227.43,231.75,226.24,231.65,1762044.0
1662091200,2022-09-02,233.36,234.65,225.22,225.55,1658505.0
1662436800,2022-09-06,226.68,230.6,225.68,228.54,1388155.0
1662523200,2022-09-07,229.22,233.82,228.07,233.33,1279512.0
1662609600,2022-09-08,233.47,235.58,231.31,235.28,1735611.0
1662696000,2022-09-09,236.02,236.66,233.48,235.21,1020228.0
1662955200,2022-09-12,235.63,238.78,235.54,238.35,1122173.0
1663041600,2022-09-13,234.27,235.77,228.35,228.95,2086057.0
1663128000,2022-09-14,226.07,229.36,224.59,226.42,2411787.0
1663214400,2022-09-15,226.22,226.57,219.92,220.34,1797951.0
1663300800,2022-09-16,219.78,222.67,219.36,221.09,4658827.0
1663560000,2022-09-19,219.75,222.79,217.21,222.54,1447965.0
1663646400,2022-09-20,220.6,221.05,213.39,213.91,2298712.0
1663732800,2022-09-21,215.77,217.99,210.44,210.53,2336175.0
1663819200,2022-09-22,209.24,212.61,208.79,209.3,1761993.0
1663905600,2022-09-23,207.62,208.49,202.87,205.73,2176733.0
1664164800,2022-09-26,206.03,206.03,196.13,199.04,2424252.0
1664251200,2022-09-27,201.3,203.66,197.33,198.35,2195258.0
1664337600,2022-09-28,201.04,201.34,197.64,198.76,2265804.0
1664424000,2022-09-29,196.32,197.96,190.06,192.16,2363046.0
1664510400,2022-09-30,194.09,195.4,190.64,193.05,3346958.0
1664769600,2022-10-03,195.01,197.09,190.93,195.27,2434002.0
1664856000,2022-10-04,196.87,201.71,195.98,197.88,2415503.0
1664942400,2022-10-05,195.24,195.6,190.06,192.54,1727349.0
1665028800,2022-10-06,192.07,192.56,182.33,182.59,3248855.0
1665115200,2022-10-07,180.39,182.12,175.22,176.32,3633795.0
1665374400,2022-10-10,177.56,179.53,171.19,171.75,2208899.0
1665460800,2022-10-11,171.62,173.92,167.84,171.47,2764546.0
1665547200,2022-10-12,170.84,171.54,165.15,166.5,2880059.0
1665633600,2022-10-13,162.95,173.43,161.41,171.99,3904277.0
1665720000,2022-10-14,173.59,174.55,167.65,168.3,2832179.0
1665979200,2022-10-17,171.91,177.47,171.07,174.38,3567641.0
1666065600,2022-10-18,176.22,179.32,175.95,178.67,3614525.0
1666152000,2022-10-19,176.45,177.73,172.59,173.02,2082516.0
1666238400,2022-10-20,173.17,173.17,167.93,170.32,2789150.0
1666324800,2022-10-21,171.19,171.19,165.9,169.92,2431656.0
1666584000,2022-10-24,172.05,173.42,166.85,167.96,2049172.0
1666670400,2022-10-25,168.47,177.61,168.43,177.14,2839340.0
1666756800,2022-10-26,176.95,180.56,175.94,178.4,2800519.0
1666843200,2022-10-27,180.16,184.76,177.73,179.99,3761286.0
1666929600,2022-10-28,178.74,188.77,178.74,185.45,2913408.0
1667188800,2022-10-31,182.68,190.14,181.82,187.7,2977726.0
1667275200,2022-11-01,189.71,193.25,187.16,188.33,2179471.0
1667361600,2022-11-02,187.28,192.07,183.31,185.89,3005293.0
1667448000,2022-11-03,187.28,192.07,183.31,185.89,3005293.0
1667534400,2022-11-04,183.82,185.15,180.41,184.74,2112907.0
1667797200,2022-11-07,185.39,186.61,182.73,183.02,1828829.0
1667883600,2022-11-08,183.02,186.16,182.18,183.92,2071794.0
1667970000,2022-11-09,184.82,187.28,181.55,182.13,1530293.0
1668056400,2022-11-10,193.06,200.74,189.92,200.12,2781282.0
1668142800,2022-11-11,201.85,204.23,200.23,202.26,1915688.0
1668402000,2022-11-14,200.92,201.27,194.98,195.12,1628136.0
1668488400,2022-11-15,195.14,199.14,194.84,198.92,2152341.0
1668574800,2022-11-16,199.39,202.08,197.61,198.54,2400809.0
1668661200,2022-11-17,197.24,198.93,194.22,195.99,2144778.0
1668747600,2022-11-18,197.16,199.5,194.44,195.62,2360439.0
1669006800,2022-11-21,195.31,199.52,195.31,199.22,1682406.0
1669093200,2022-11-22,199.97,200.39,195.2,197.61,1562378.0
1669179600,2022-11-23,197.67,199.69,195.92,197.72,1210527.0
1669352400,2022-11-25,198.98,200.43,197.84,199.38,566461.0
1669611600,2022-11-28,198.14,199.64,193.0,193.78,1367286.0
1669698000,2022-11-29,194.6,196.83,193.25,196.79,1848103.0
1669784400,2022-11-30,195.57,200.52,194.48,200.44,3889213.0
1669870800,2022-12-01,203.31,204.71,199.21,200.48,1708694.0
1669957200,2022-12-02,197.74,200.13,195.93,198.73,1354421.0
1670216400,2022-12-05,195.64,197.94,194.4,195.33,1454287.0
1670302800,2022-12-06,195.93,196.45,191.84,192.53,1672297.0
1670389200,2022-12-07,191.99,195.32,189.76,191.25,1624784.0
1670475600,2022-12-08,190.6,193.72,189.54,192.28,2465283.0
1670562000,2022-12-09,192.03,196.03,191.4,193.72,1646829.0
1670821200,2022-12-12,194.67,195.62,192.03,195.56,1847664.0
1670907600,2022-12-13,201.99,206.53,200.13,202.38,2179126.0
1670994000,2022-12-14,201.77,205.62,199.07,199.17,1902769.0
1671080400,2022-12-15,196.88,200.56,196.17,197.69,1693552.0
1671166800,2022-12-16,194.86,194.91,188.51,193.37,3724142.0
1671426000,2022-12-19,193.1,193.1,188.22,189.9,1401770.0
1671512400,2022-12-20,188.4,190.64,186.4,189.06,1307461.0
1671598800,2022-12-21,190.06,193.32,189.78,190.79,1410201.0
1671685200,2022-12-22,189.67,191.24,186.98,190.79,2212186.0
1671771600,2022-12-23,189.71,192.59,189.35,192.47,1146729.0
1672117200,2022-12-27,192.57,193.19,190.41,192.47,1550053.0
1672203600,2022-12-28,192.89,195.53,191.64,191.74,1411720.0
1672290000,2022-12-29,193.34,197.77,191.77,196.89,1323910.0
1672376400,2022-12-30,195.6,196.4,190.9,193.35,1450413.0
1672722000,2023-01-03,195.3,196.44,192.54,195.92,1812441.0
1672808400,2023-01-04,198.42,203.1,196.68,199.87,1796147.0
1672894800,2023-01-05,198.11,198.78,193.02,193.6,1494990.0
1672981200,2023-01-06,194.76,200.18,192.5,199.41,1980172.0
1673240400,2023-01-09,201.56,203.94,199.99,200.14,1727437.0
1673326800,2023-01-10,201.77,203.47,200.55,202.56,1691259.0
1673413200,2023-01-11,204.17,208.82,204.17,208.19,1894016.0
1673499600,2023-01-12,209.27,212.46,205.85,211.92,2364724.0
1673586000,2023-01-13,209.22,214.35,209.22,212.47,2007062.0
1673931600,2023-01-17,213.77,214.99,210.78,210.86,2204636.0
1674018000,2023-01-18,211.06,212.2,204.65,205.52,2212952.0
1674104400,2023-01-19,204.49,207.27,203.49,203.84,1864404.0
1674190800,2023-01-20,202.02,202.39,195.72,202.07,2989118.0
1674450000,2023-01-23,199.77,200.77,196.31,196.83,2723609.0
1674536400,2023-01-24,196.15,197.64,194.06,196.37,1991885.0
1674622800,2023-01-25,195.22,200.23,194.2,199.56,1985144.0
1674709200,2023-01-26,200.63,202.15,199.41,201.72,1126119.0
1674795600,2023-01-27,201.43,202.54,200.26,201.5,1360204.0
1675054800,2023-01-30,200.77,203.13,198.82,199.01,1422213.0
1675141200,2023-01-31,199.0,203.9,199.0,203.87,1548484.0
1675227600,2023-02-01,202.5,208.97,201.75,207.3,2601470.0
1675314000,2023-02-02,210.1,214.92,205.84,207.52,2195833.0
1675400400,2023-02-03,204.8,205.69,198.99,202.66,2485743.0
1675659600,2023-02-06,199.76,202.18,197.6,201.3,1797855.0
1675746000,2023-02-07,199.8,200.97,196.95,200.3,1834467.0
1675832400,2023-02-08,199.76,200.77,197.92,199.38,1936139.0
1675918800,2023-02-09,200.26,201.23,195.87,196.39,1220039.0
1676005200,2023-02-10,194.53,198.22,193.8,197.79,1929793.0
1676264400,2023-02-13,198.55,199.88,196.57,198.28,1352755.0
1676350800,2023-02-14,197.97,198.52,194.52,196.35,1017286.0
1676437200,2023-02-15,194.86,197.7,194.4,197.68,1381596.0
1676523600,2023-02-16,195.15,196.0,191.98,193.48,1719821.0
1676610000,2023-02-17,192.53,193.45,190.27,191.89,1793501.0
1676955600,2023-02-21,190.43,190.43,185.53,186.77,1888502.0
1677042000,2023-02-22,187.16,187.19,181.24,181.87,3564534.0
1677128400,2023-02-23,183.67,186.14,182.53,184.32,3234006.0
1677214800,2023-02-24,181.42,182.78,177.12,178.63,2726966.0
1677474000,2023-02-27,181.22,182.4,176.1,178.04,2348110.0
1677560400,2023-02-28,178.05,182.16,177.36,180.71,2741611.0
1677646800,2023-03-01,179.35,181.44,176.01,177.86,3261010.0
1677733200,2023-03-02,176.43,180.87,176.43,180.27,1884904.0
1677819600,2023-03-03,181.85,184.88,181.69,184.81,2044464.0
1678078800,2023-03-06,186.07,186.32,180.83,181.22,1788930.0
1678165200,2023-03-07,180.81,180.94,175.26,175.56,1907035.0
1678251600,2023-03-08,175.34,180.0,174.65,178.67,1603067.0
1678338000,2023-03-09,178.5,180.49,174.08,174.5,1463930.0
1678424400,2023-03-10,174.46,177.54,173.75,174.56,2357812.0
1678680000,2023-03-13,174.22,183.43,172.99,179.18,2325320.0
1678766400,2023-03-14,181.68,182.54,178.26,182.37,2461552.0
1678852800,2023-03-15,180.61,185.46,180.46,184.64,3117498.0
1678939200,2023-03-16,184.34,188.14,183.81,187.14,2622423.0
1679025600,2023-03-17,187.46,189.51,183.32,183.76,3456917.0
1679284800,2023-03-20,183.38,185.89,182.34,184.31,2000732.0
1679371200,2023-03-21,183.93,184.66,177.63,180.87,2578260.0
1679457600,2023-03-22,178.92,180.41,175.15,175.34,1943534.0
1679544000,2023-03-23,175.5,178.24,173.74,174.88,2053220.0
1679630400,2023-03-24,174.21,182.23,172.83,182.18,1897541.0
1679889600,2023-03-27,182.7,183.75,175.92,176.28,2389878.0
1679976000,2023-03-28,175.22,177.28,174.28,176.02,1480223.0
1680062400,2023-03-29,178.29,181.22,178.04,181.15,1784192.0
1680148800,2023-03-30,184.04,185.03,182.54,183.6,1477845.0
1680235200,2023-03-31,183.57,186.62,183.45,186.49,2558007.0
1680494400,2023-04-03,185.44,187.04,181.72,183.53,2876208.0
1680580800,2023-04-04,183.68,186.28,183.27,185.68,3431571.0
1680667200,2023-04-05,185.73,189.61,185.67,186.81,2060205.0
1680753600,2023-04-06,187.43,188.92,185.75,188.63,1273382.0
1681099200,2023-04-10,187.21,190.49,185.97,190.15,1728792.0
1681185600,2023-04-11,190.12,193.94,189.19,192.0,2115059.0
1681272000,2023-04-12,193.48,194.83,192.05,192.8,2306315.0
1681358400,2023-04-13,193.18,194.86,191.98,193.82,1686105.0
1681444800,2023-04-14,193.52,193.78,188.75,190.21,1174757.0
1681704000,2023-04-17,191.02,194.85,190.39,192.0,1857904.0
1681790400,2023-04-18,191.65,192.02,189.55,191.4,2116106.0
1681876800,2023-04-19,190.43,193.66,190.11,191.34,1186696.0
1681963200,2023-04-20,191.06,191.06,188.21,189.02,1472334.0
1682049600,2023-04-21,189.94,189.94,186.48,187.68,2177269.0
1682308800,2023-04-24,187.82,188.48,185.49,187.5,1356696.0
1682395200,2023-04-25,186.98,188.58,185.34,185.48,1339909.0
1682481600,2023-04-26,186.22,189.83,183.95,184.19,1789358.0
1682568000,2023-04-27,184.19,189.36,184.19,189.06,1744746.0
1682654400,2023-04-28,189.08,189.95,186.93,187.91,2082284.0
1682913600,2023-05-01,186.9,187.55,183.29,183.42,2135963.0
1683000000,2023-05-02,183.57,185.48,179.91,180.32,2133831.0
1683086400,2023-05-03,180.61,181.53,176.15,176.49,1491315.0
1683172800,2023-05-04,175.85,180.59,175.85,178.73,1984321.0
1683259200,2023-05-05,179.23,181.71,178.03,180.89,1210825.0
1683518400,2023-05-08,179.75,180.6,177.03,177.63,1311512.0
1683604800,2023-05-09,176.81,179.23,175.47,177.92,1511522.0
1683691200,2023-05-10,179.73,182.19,179.12,180.53,1628776.0
1683777600,2023-05-11,179.88,180.18,177.25,179.91,1714523.0
1683864000,2023-05-12,180.1,184.25,179.87,184.14,2130696.0
1684123200,2023-05-15,184.59,186.08,178.64,179.7,2134852.0
1684209600,2023-05-16,179.49,180.33,175.58,175.64,1395580.0
1684296000,2023-05-17,176.52,179.16,175.41,179.06,1181172.0
1684382400,2023-05-18,178.12,178.6,172.45,175.63,2387553.0
1684468800,2023-05-19,175.99,177.33,174.3,175.35,1250570.0
1684728000,2023-05-22,175.6,179.31,174.94,177.87,1753997.0
1684814400,2023-05-23,177.0,178.28,172.52,172.98,1755539.0
1684900800,2023-05-24,172.61,172.96,168.4,168.61,2011483.0
1684987200,2023-05-25,169.7,169.76,167.01,167.84,2597937.0
1685073600,2023-05-26,167.33,168.25,165.64,167.49,2692132.0
1685419200,2023-05-30,169.42,173.17,166.69,167.33,2483454.0
1685505600,2023-05-31,167.57,170.68,164.14,169.57,7074825.0
1685592000,2023-06-01,169.34,173.59,169.31,171.93,2618295.0
1685678400,2023-06-02,174.94,176.59,173.82,175.74,2188214.0
1685937600,2023-06-05,176.45,178.09,173.18,173.43,1481235.0
1686024000,2023-06-06,174.49,174.49,171.25,173.87,1390365.0
1686110400,2023-06-07,174.68,178.08,173.79,175.54,1823217.0
1686196800,2023-06-08,174.88,175.71,172.53,174.7,1184641.0
1686283200,2023-06-09,174.67,174.67,169.92,172.2,1825380.0
1686542400,2023-06-12,172.39,173.5,170.9,173.36,1533474.0
1686628800,2023-06-13,173.06,175.83,171.87,175.62,1946310.0
1686715200,2023-06-14,176.75,178.15,174.95,177.46,2510061.0
1686801600,2023-06-15,177.53,180.68,175.44,180.05,2432476.0
1686888000,2023-06-16,178.22,180.21,177.53,178.77,3283334.0
1687233600,2023-06-20,177.57,179.07,176.05,176.14,2139417.0
1687320000,2023-06-21,175.05,176.16,172.38,175.48,2127629.0
1687406400,2023-06-22,175.74,175.74,172.67,172.79,2431585.0
1687492800,2023-06-23,172.4,175.39,171.68,172.42,4203591.0
1687752000,2023-06-26,172.06,175.01,171.29,174.36,2308834.0
1687838400,2023-06-27,175.14,175.56,173.48,173.98,1776340.0
1687924800,2023-06-28,174.0,177.72,172.32,177.59,2600278.0
1688011200,2023-06-29,175.92,178.89,174.87,178.63,2674173.0
1688097600,2023-06-30,180.05,181.01,177.2,179.75,3188532.0
1688356800,2023-07-03,179.25,181.95,178.56,180.77,963779.0
1688529600,2023-07-05,180.73,184.73,180.56,183.84,2179049.0
1688616000,2023-07-06,181.66,182.99,179.59,181.67,1605643.0
1688702400,2023-07-07,180.63,182.68,177.84,181.24,1830202.0
1688961600,2023-07-10,180.13,181.31,178.83,179.39,1615728.0
1689048000,2023-07-11,179.47,180.75,178.57,180.36,1484251.0
1689134400,2023-07-12,182.82,183.82,180.35,181.13,1649200.0
1689220800,2023-07-13,180.8,182.53,178.69,182.43,1750015.0
1689307200,2023-07-14,181.75,182.27,179.44,179.77,1712216.0
1689566400,2023-07-17,178.81,179.07,171.37,172.63,4360153.0
1689652800,2023-07-18,172.39,175.11,168.83,172.19,3090640.0
1689739200,2023-07-19,175.47,179.44,174.82,175.27,3380769.0
1689825600,2023-07-20,169.44,171.33,166.09,171.14,4163962.0
1689912000,2023-07-21,171.39,172.43,168.31,171.36,4474305.0
1690171200,2023-07-24,172.31,177.32,170.56,176.86,3420678.0
1690257600,2023-07-25,177.02,177.47,173.0,173.12,2353661.0
1690344000,2023-07-26,173.35,176.32,173.18,176.08,3158567.0
1690430400,2023-07-27,180.19,186.11,179.05,179.09,2969644.0
1690516800,2023-07-28,180.66,181.82,175.11,175.14,1714588.0
1690776000,2023-07-31,175.48,177.66,175.17,176.38,1812773.0
1690862400,2023-08-01,176.79,178.27,175.78,177.24,2243801.0
1690948800,2023-08-02,176.25,177.89,174.36,176.67,2236424.0
1691035200,2023-08-03,175.48,176.37,170.24,172.16,2493049.0
1691121600,2023-08-04,170.69,174.05,169.93,171.25,1687503.0
1691380800,2023-08-07,171.46,172.4,168.9,170.09,1559572.0
1691467200,2023-08-08,168.87,171.36,166.69,171.1,2047318.0
1691553600,2023-08-09,170.47,173.5,170.04,173.41,1475753.0
1691640000,2023-08-10,173.47,175.47,172.85,173.26,1618380.0
1691726400,2023-08-11,172.23,174.15,172.22,173.42,1073115.0
1691985600,2023-08-14,172.27,173.68,171.41,173.45,1341964.0
1692072000,2023-08-15,171.78,173.45,170.71,172.06,1487826.0
1692158400,2023-08-16,172.16,172.55,164.42,164.96,2200418.0
1692244800,2023-08-17,164.65,166.51,163.05,163.41,2370200.0
1692331200,2023-08-18,161.91,164.86,161.54,163.54,1511325.0
1692590400,2023-08-21,162.4,163.01,159.92,162.21,1998505.0
1692676800,2023-08-22,162.34,163.47,160.53,162.87,1658405.0
1692763200,2023-08-23,164.47,165.43,163.79,164.83,1655774.0
1692849600,2023-08-24,165.34,166.39,163.38,164.19,1055717.0
1692936000,2023-08-25,164.13,165.48,162.81,164.54,1174703.0
1693195200,2023-08-28,165.11,165.95,163.86,165.13,1381866.0
1693281600,2023-08-29,165.6,168.36,164.77,168.22,1573110.0
1693368000,2023-08-30,169.14,170.71,168.5,168.94,1858342.0
1693454400,2023-08-31,169.68,170.09,167.5,168.05,1567090.0
1693540800,2023-09-01,169.13,169.13,166.17,167.56,1654106.0
1693886400,2023-09-05,167.35,169.09,166.36,167.22,1715243.0
1693972800,2023-09-06,167.0,167.0,163.25,164.98,2313337.0
1694059200,2023-09-07,164.62,170.1,164.36,169.19,2404519.0
1694145600,2023-09-08,169.51,169.89,165.77,167.65,1645782.0
1694404800,2023-09-11,167.53,167.79,164.56,167.09,1393107.0
1694491200,2023-09-12,166.22,166.47,162.56,166.08,1341478.0
1694577600,2023-09-13,165.42,165.84,163.46,164.0,1639015.0
1694664000,2023-09-14,165.56,168.88,165.56,167.83,1444606.0
1694750400,2023-09-15,167.73,169.08,166.12,166.96,3514612.0
1695009600,2023-09-18,166.74,168.35,165.62,166.39,1499123.0
1695096000,2023-09-19,165.41,166.82,164.11,164.38,1612621.0
1695182400,2023-09-20,165.89,166.56,164.08,164.43,1885948.0
1695268800,2023-09-21,163.82,163.83,156.77,156.93,2499683.0
1695355200,2023-09-22,156.67,157.35,153.77,154.05,3732844.0
1695614400,2023-09-25,152.97,153.77,151.15,153.59,2681107.0
1695700800,2023-09-26,151.39,152.82,150.75,150.99,2702812.0
1695787200,2023-09-27,150.99,151.49,146.59,148.0,3178872.0
1695873600,2023-09-28,148.66,151.35,147.22,150.44,2694054.0
1695960000,2023-09-29,153.49,153.84,151.73,152.42,2529282.0
1696219200,2023-10-02,151.66,152.0,148.86,149.88,2061254.0
1696305600,2023-10-03,149.22,150.12,146.18,146.53,1783474.0
1696392000,2023-10-04,146.87,147.78,144.24,146.14,2217240.0
1696478400,2023-10-05,145.48,147.63,144.22,147.1,1485981.0
1696564800,2023-10-06,145.32,148.72,143.27,147.89,1878737.0
1696824000,2023-10-09,147.14,150.81,147.14,150.16,1952111.0
1696910400,2023-10-10,149.7,150.51,148.2,148.46,2794020.0
1696996800,2023-10-11,149.52,155.24,148.71,155.07,2782470.0
1697083200,2023-10-12,155.3,155.91,152.21,153.78,1765097.0
1697169600,2023-10-13,155.58,157.81,154.93,156.32,1969369.0
1697428800,2023-10-16,155.79,159.47,154.04,158.4,2062229.0
1697515200,2023-10-17,156.66,159.09,155.21,156.28,1732546.0
1697601600,2023-10-18,156.37,156.87,152.33,152.41,1728696.0
1697688000,2023-10-19,148.37,152.18,147.94,149.27,2672218.0
1697774400,2023-10-20,150.53,151.88,149.54,149.89,2560766.0
1698033600,2023-10-23,148.41,150.98,147.23,149.14,2187738.0
1698120000,2023-10-24,149.72,153.27,149.72,152.83,2404562.0
1698206400,2023-10-25,151.88,152.9,150.26,151.61,2448370.0
1698292800,2023-10-26,152.61,165.93,152.19,163.91,5013467.0
1698379200,2023-10-27,164.32,164.81,159.36,161.03,2829578.0
1698638400,2023-10-30,160.97,162.89,158.89,161.64,2568592.0
1698724800,2023-10-31,162.98,167.27,162.91,166.84,2930741.0
1698811200,2023-11-01,167.11,167.85,165.72,167.01,1781319.0
1698897600,2023-11-02,169.77,174.65,169.11,172.42,2908014.0
1698984000,2023-11-03,174.21,180.89,174.02,178.43,3417105.0
1699246800,2023-11-06,177.84,178.61,173.47,174.8,1943824.0
1699333200,2023-11-07,175.57,175.68,173.37,173.63,1544401.0
1699419600,2023-11-08,173.86,173.86,171.51,172.67,1447455.0
1699506000,2023-11-09,172.84,173.47,169.38,170.25,1949345.0
1699592400,2023-11-10,171.85,172.79,167.89,172.08,1738752.0
1699851600,2023-11-13,170.63,173.48,169.5,171.92,1425177.0
1699938000,2023-11-14,180.67,183.49,178.73,181.83,2910454.0
1700024400,2023-11-15,180.81,186.09,180.44,183.4,3803045.0
1700110800,2023-11-16,184.26,187.12,182.72,186.42,3268496.0
1700197200,2023-11-17,187.37,187.73,184.49,185.14,2593657.0
1700456400,2023-11-20,184.87,187.07,182.89,186.92,1945538.0
1700542800,2023-11-21,186.85,186.85,184.28,184.95,1989325.0
1700629200,2023-11-22,187.43,187.8,185.23,186.12,1393261.0
1700802000,2023-11-24,185.38,186.63,183.89,186.62,614123.0
1701061200,2023-11-27,187.71,189.92,186.34,188.39,2525271.0
1701147600,2023-11-28,187.99,190.55,187.75,190.27,2105311.0
1701234000,2023-11-29,191.94,195.52,190.99,193.04,2933424.0
1701320400,2023-11-30,192.44,195.65,191.26,195.48,2943346.0
1701406800,2023-12-01,195.12,197.4,193.0,197.06,2093352.0
1701666000,2023-12-04,195.88,196.47,194.46,195.43,2668581.0
1701752400,2023-12-05,195.61,197.61,194.2,197.0,1738062.0
1701838800,2023-12-06,198.3,199.72,197.2,197.33,2037797.0
1701925200,2023-12-07,198.12,198.54,196.85,197.29,1964478.0
1702011600,2023-12-08,196.43,196.89,191.05,193.3,2364324.0
1702270800,2023-12-11,192.78,194.74,191.11,192.5,2468644.0
1702357200,2023-12-12,192.73,192.86,190.61,191.99,1712877.0
1702443600,2023-12-13,191.92,198.9,190.68,197.59,2244544.0
1702530000,2023-12-14,201.73,204.56,197.78,198.65,2975050.0
1702616400,2023-12-15,196.74,199.23,195.06,198.63,3722435.0
1702875600,2023-12-18,198.53,200.4,196.54,197.27,1805046.0
1702962000,2023-12-19,197.98,199.64,197.23,197.56,1776883.0
1703048400,2023-12-20,198.03,200.84,195.94,197.66,2991192.0
1703134800,2023-12-21,199.42,200.68,198.06,200.63,1685487.0
1703221200,2023-12-22,201.26,203.28,200.05,201.48,1106416.0
1703566800,2023-12-26,201.56,203.16,200.78,202.46,1053089.0
1703653200,2023-12-27,201.95,204.87,201.95,204.5,1860666.0
1703739600,2023-12-28,204.49,206.01,203.43,204.92,1125411.0
1703826000,2023-12-29,203.81,204.58,202.88,203.71,1584433.0
1704171600,2024-01-02,202.32,206.75,202.32,206.48,1566330.0
1704258000,2024-01-03,205.23,206.65,202.51,202.59,1533506.0
1704344400,2024-01-04,201.6,205.4,200.69,203.31,2032973.0
1704430800,2024-01-05,201.65,204.06,201.03,202.2,1884018.0
1704690000,2024-01-08,201.39,204.03,200.54,203.9,1703214.0
1704776400,2024-01-09,202.27,202.34,198.42,199.92,1578869.0
1704862800,2024-01-10,199.68,200.13,196.62,197.19,2088949.0
1704949200,2024-01-11,196.55,196.97,194.47,195.94,2271646.0
1705035600,2024-01-12,197.85,199.88,196.71,197.62,1763449.0
1705381200,2024-01-16,197.19,198.95,195.85,196.32,2400038.0
1705467600,2024-01-17,193.82,198.53,191.29,193.4,2629464.0
1705554000,2024-01-18,193.68,195.13,191.12,192.42,2881022.0
1705640400,2024-01-19,193.12,193.58,191.35,192.38,1986366.0
1705899600,2024-01-22,192.6,195.04,190.57,192.52,2185510.0
1705986000,2024-01-23,193.22,193.72,190.03,190.86,2108946.0
1706072400,2024-01-24,191.65,191.93,184.91,185.67,3308619.0
1706158800,2024-01-25,188.15,190.27,186.84,188.92,2510687.0
1706245200,2024-01-26,187.97,188.57,185.97,186.17,1831069.0
1706504400,2024-01-29,185.97,188.07,184.73,187.89,2466044.0
1706590800,2024-01-30,187.31,187.78,184.35,184.54,2428092.0
1706677200,2024-01-31,185.8,189.55,183.77,184.62,2454201.0
1706763600,2024-02-01,184.32,187.24,182.47,187.21,2700870.0
1706850000,2024-02-02,184.01,184.53,178.66,182.6,2913979.0
1707109200,2024-02-05,180.28,180.88,177.23,178.79,2489076.0
1707195600,2024-02-06,178.79,181.72,178.49,180.87,1777672.0
1707282000,2024-02-07,181.45,182.93,179.81,182.71,2254848.0
1707368400,2024-02-08,181.77,183.3,180.83,182.72,2001165.0
1707454800,2024-02-09,182.5,183.55,180.84,183.48,1903969.0
1707714000,2024-02-12,184.0,184.39,180.65,180.96,1589691.0
1707800400,2024-02-13,177.56,178.06,173.68,177.8,3512561.0
1707886800,2024-02-14,178.2,179.32,176.31,177.86,1818138.0
1707973200,2024-02-15,179.26,179.97,177.16,178.78,2412001.0
1708059600,2024-02-16,176.25,177.03,174.59,176.58,2127509.0
1708405200,2024-02-20,176.54,178.07,175.3,177.78,2241019.0
1708491600,2024-02-21,178.55,178.97,176.11,177.61,1863180.0
1708578000,2024-02-22,178.36,178.36,175.14,177.41,2149718.0
1708664400,2024-02-23,177.52,180.49,176.88,179.22,1458552.0
1708923600,2024-02-26,178.53,180.59,176.19,177.14,3310691.0
1709010000,2024-02-27,178.53,179.87,170.95,176.16,4672171.0
1709096400,2024-02-28,175.99,184.79,175.99,182.84,4059122.0
1709182800,2024-02-29,184.2,189.48,184.14,187.65,4676993.0
1709269200,2024-03-01,187.69,190.66,185.09,190.39,3473494.0
1709528400,2024-03-04,190.08,194.88,187.77,194.53,2851856.0
1709614800,2024-03-05,194.33,197.79,193.1,193.84,2469875.0
1709701200,2024-03-06,194.82,195.55,193.43,194.4,1865480.0
1709787600,2024-03-07,195.93,196.21,192.31,193.19,2085790.0
1709874000,2024-03-08,194.95,197.37,194.28,195.62,2155964.0
1710129600,2024-03-11,194.32,196.58,193.31,195.1,2006252.0
1710216000,2024-03-12,194.11,194.61,190.22,192.67,1746177.0
1710302400,2024-03-13,192.78,193.49,189.94,190.94,1690392.0
1710388800,2024-03-14,189.69,191.13,185.15,187.96,2010395.0
1710475200,2024-03-15,184.56,187.55,184.13,186.22,3346948.0
1710734400,2024-03-18,185.52,186.68,184.49,184.87,1833532.0
1710820800,2024-03-19,185.11,185.78,183.72,185.55,1463536.0
1710907200,2024-03-20,184.4,185.63,182.89,183.66,2154994.0
1710993600,2024-03-21,184.82,185.47,182.74,183.01,2658145.0
1711080000,2024-03-22,183.76,183.76,180.75,181.92,2581885.0
1711339200,2024-03-25,182.77,185.16,182.62,184.54,2144835.0
1711425600,2024-03-26,184.25,184.45,182.97,183.16,1823364.0
1711512000,2024-03-27,184.62,186.6,183.08,186.25,2494193.0
1711598400,2024-03-28,187.19,187.19,184.96,186.45,2170518.0
1711944000,2024-04-01,185.47,185.5,181.35,182.13,2195793.0
1712030400,2024-04-02,181.02,182.9,180.55,181.35,2321286.0
1712116800,2024-04-03,180.58,182.36,179.46,181.47,2270398.0
1712203200,2024-04-04,183.15,183.82,179.37,179.57,2265425.0
1712289600,2024-04-05,178.58,181.4,178.14,179.45,2446081.0
1712548800,2024-04-08,179.38,179.75,176.11,177.6,2296949.0
1712635200,2024-04-09,178.7,182.11,178.2,181.94,1962968.0
1712721600,2024-04-10,176.64,176.92,170.36,171.7,4136543.0
1712808000,2024-04-11,173.31,173.56,169.8,170.1,3688596.0
1712894400,2024-04-12,170.23,171.08,168.66,170.63,3838997.0
1713153600,2024-04-15,170.63,171.66,167.6,169.6,2563028.0
1713240000,2024-04-16,169.44,169.44,163.55,163.98,3848820.0
1713326400,2024-04-17,164.69,165.07,162.9,163.8,2732832.0
1713412800,2024-04-18,165.42,165.74,162.51,162.82,2276185.0
1713499200,2024-04-19,163.59,164.74,162.53,163.11,2867595.0
1713758400,2024-04-22,163.42,164.67,162.83,164.06,2603759.0
1713844800,2024-04-23,164.24,167.65,163.23,165.85,2659034.0
1713931200,2024-04-24,164.41,167.05,164.11,165.06,3029333.0
1714017600,2024-04-25,163.54,164.94,163.09,164.63,1862294.0
1714104000,2024-04-26,164.46,166.58,163.14,163.48,1701397.0
1714363200,2024-04-29,164.98,167.17,164.92,166.62,2115182.0
1714449600,2024-04-30,167.14,168.46,162.31,163.36,3710749.0
1714536000,2024-05-01,165.0,170.26,163.3,168.38,3877575.0
1714622400,2024-05-02,169.5,171.11,166.98,171.05,3278182.0
1714708800,2024-05-03,174.73,176.05,172.51,173.05,3130327.0
1714968000,2024-05-06,173.56,173.96,169.03,170.15,2297894.0
1715054400,2024-05-07,171.37,172.77,170.66,172.61,2594855.0
1715140800,2024-05-08,171.35,172.84,169.98,172.66,2014399.0
1715227200,2024-05-09,173.91,178.77,173.26,177.46,2588033.0
1715313600,2024-05-10,177.55,177.78,173.77,175.67,3158133.0
1715572800,2024-05-13,176.5,177.33,174.3,176.15,1842738.0
1715659200,2024-05-14,177.45,178.64,176.54,178.02,2008358.0
1715745600,2024-05-15,182.01,184.97,182.01,182.84,2815317.0
1715832000,2024-05-16,182.49,186.83,182.35,185.62,2616921.0
1715918400,2024-05-17,186.21,186.21,183.95,185.21,2157303.0
1716177600,2024-05-20,184.72,185.76,182.5,182.59,1733508.0
1716264000,2024-05-21,182.34,185.04,181.18,184.85,1527286.0
1716350400,2024-05-22,184.33,184.95,181.13,182.19,1681095.0
1716436800,2024-05-23,180.71,182.41,177.59,177.68,1768802.0
1716523200,2024-05-24,178.2,179.5,176.67,177.04,1257941.0
1716868800,2024-05-28,177.64,178.74,176.03,176.18,1828433.0
1716955200,2024-05-29,174.58,177.56,174.29,176.46,1977702.0
1717041600,2024-05-30,177.49,181.89,176.48,181.66,2850462.0
1717128000,2024-05-31,182.71,187.76,182.03,186.38,7332012.0
1717387200,2024-06-03,186.63,188.37,185.67,187.55,2333298.0
1717473600,2024-06-04,188.53,191.94,187.58,190.83,3236297.0
1717560000,2024-06-05,190.69,191.29,188.24,188.71,1737070.0
1717646400,2024-06-06,188.53,190.47,187.35,189.95,1865862.0
1717732800,2024-06-07,186.51,187.08,182.58,184.97,2143410.0
1717992000,2024-06-10,184.59,186.7,183.49,185.41,2874742.0
1718078400,2024-06-11,185.41,186.95,183.91,184.03,2781808.0
1718164800,2024-06-12,188.49,189.33,184.39,184.55,3331545.0
1718251200,2024-06-13,184.74,188.06,184.72,187.37,1531260.0
1718337600,2024-06-14,187.14,189.84,187.14,189.15,1933243.0
1718596800,2024-06-17,187.07,187.18,184.51,184.59,1779925.0
1718683200,2024-06-18,184.88,188.14,184.86,185.07,2407868.0
1718856000,2024-06-20,184.17,186.87,183.86,186.41,2236362.0
1718942400,2024-06-21,186.34,188.52,185.2,187.06,2837037.0
1719201600,2024-06-24,186.92,190.77,185.97,188.54,1792183.0
1719288000,2024-06-25,188.5,189.54,184.51,184.98,1364437.0
1719374400,2024-06-26,183.7,185.54,182.77,184.97,1828480.0
1719460800,2024-06-27,185.52,187.6,184.49,187.51,1599526.0
1719547200,2024-06-28,188.34,189.97,186.04,186.61,2389000.0
1719806400,2024-07-01,186.63,188.07,183.96,186.26,1691747.0
1719892800,2024-07-02,186.58,187.43,183.89,184.58,1913583.0
1719979200,2024-07-03,185.35,187.28,184.77,187.0,1182562.0
1720152000,2024-07-05,187.18,188.51,185.73,187.82,1018567.0
1720411200,2024-07-08,187.33,189.5,186.73,188.33,1508837.0
1720497600,2024-07-09,187.73,188.38,185.03,188.12,1577224.0
1720584000,2024-07-10,189.5,189.59,186.05,188.9,1576905.0
1720670400,2024-07-11,193.05,199.1,192.0,198.92,2256189.0
1720756800,2024-07-12,200.7,203.71,199.2,202.19,2238589.0
1721016000,2024-07-15,201.6,202.77,198.66,200.49,1585429.0
1721102400,2024-07-16,202.03,202.77,198.82,201.75,1329375.0
1721188800,2024-07-17,201.89,204.66,201.23,204.6,1759861.0
1721275200,2024-07-18,202.38,205.89,201.29,202.23,1736359.0
1721361600,2024-07-19,203.4,203.4,200.95,201.74,1404055.0
1721620800,2024-07-22,201.57,203.94,199.9,201.0,1476193.0
1721707200,2024-07-23,201.18,203.7,200.61,201.14,1123621.0
1721793600,2024-07-24,201.84,204.3,200.23,201.02,1922843.0
1721880000,2024-07-25,201.84,204.3,200.23,201.02,1922843.0
1721966400,2024-07-26,202.38,205.56,201.66,205.17,1548313.0
1722225600,2024-07-29,205.17,206.97,202.56,206.34,1607965.0
1722312000,2024-07-30,211.2,214.53,208.91,214.13,2447841.0
1722398400,2024-07-31,212.64,213.44,209.28,211.59,2924228.0
1722484800,2024-08-01,213.89,220.06,213.13,218.82,3047037.0
1722571200,2024-08-02,220.8,226.56,219.64,225.26,4750517.0
1722830400,2024-08-05,222.61,226.69,216.97,217.15,4329568.0
1722916800,2024-08-06,216.02,221.43,215.34,219.04,2823195.0
1723003200,2024-08-07,217.3,220.58,216.05,216.94,3315841.0
1723089600,2024-08-08,214.91,216.53,212.64,214.67,2942192.0
1723176000,2024-08-09,215.85,216.38,213.45,213.69,2071509.0
1723435200,2024-08-12,212.72,216.64,211.0,216.52,1455653.0
1723521600,2024-08-13,216.83,217.12,213.15,213.76,5449941.0
1723608000,2024-08-14,214.3,216.22,213.89,214.26,2313737.0
1723694400,2024-08-15,212.42,212.6,208.8,209.34,1858378.0
1723780800,2024-08-16,209.19,211.63,208.32,211.06,1986252.0
1724040000,2024-08-19,210.65,212.07,210.28,210.88,1262046.0
1724126400,2024-08-20,210.88,212.14,209.57,211.57,1630990.0
1724212800,2024-08-21,209.64,211.2,208.34,210.71,2262630.0
1724299200,2024-08-22,210.25,211.79,209.72,211.3,1926500.0
1724385600,2024-08-23,212.14,218.58,211.74,217.92,1803979.0
1724644800,2024-08-26,218.62,219.26,216.02,216.3,1142472.0
1724731200,2024-08-27,213.31,217.24,213.31,217.12,921558.0
1724817600,2024-08-28,217.4,218.55,215.22,216.24,1105576.0
1724904000,2024-08-29,215.27,217.2,212.4,214.58,2003196.0
1724990400,2024-08-30,214.93,216.66,212.58,215.1,1796764.0
1725336000,2024-09-03,213.94,222.43,213.9,221.16,2660171.0
1725422400,2024-09-04,222.18,226.68,221.05,223.22,2261861.0
1725508800,2024-09-05,225.02,226.02,222.85,224.3,1990837.0
1725595200,2024-09-06,224.64,226.99,223.23,226.72,2749994.0
1725854400,2024-09-09,225.99,229.65,225.64,228.99,1983964.0
1725940800,2024-09-10,229.78,233.82,229.59,233.12,2016794.0
1726027200,2024-09-11,230.61,231.52,227.33,229.42,2216503.0
1726113600,2024-09-12,229.44,229.92,224.59,227.66,2003818.0
1726200000,2024-09-13,228.26,229.23,225.94,228.96,1983420.0
1726459200,2024-09-16,229.37,232.3,229.37,230.71,2255500.0
1726545600,2024-09-17,230.58,231.81,229.6,229.88,1526006.0
1726632000,2024-09-18,229.31,230.67,225.94,226.52,1828121.0
1726718400,2024-09-19,224.64,225.18,218.6,223.02,3434476.0
1726804800,2024-09-20,222.4,225.93,221.51,225.66,3682951.0
1727064000,2024-09-23,226.59,227.42,223.87,226.82,1762013.0
1727150400,2024-09-24,224.87,227.54,224.39,227.02,1616104.0
1727236800,2024-09-25,227.12,228.81,225.76,226.21,1447232.0
1727323200,2024-09-26,223.8,224.66,221.05,222.5,2312538.0
1727409600,2024-09-27,223.79,224.16,220.72,221.11,3051009.0
1727668800,2024-09-30,220.93,223.47,219.6,223.26,2256722.0
1727755200,2024-10-01,224.15,225.1,221.86,222.79,2279933.0
1727841600,2024-10-02,221.75,223.73,220.34,222.61,2229583.0
1727928000,2024-10-03,222.34,222.45,218.6,220.11,1590914.0
1728014400,2024-10-04,216.84,216.96,212.65,214.72,1942688.0
1728273600,2024-10-07,213.39,214.6,212.53,214.44,1658097.0
1728360000,2024-10-08,214.59,216.6,214.27,215.31,1630902.0
1728446400,2024-10-09,214.69,215.35,212.18,213.51,1573997.0
1728532800,2024-10-10,212.35,214.22,209.38,210.72,1924286.0
1728619200,2024-10-11,211.84,212.44,210.42,212.05,1614001.0
1728878400,2024-10-14,210.54,214.68,209.86,214.4,1501964.0
1728964800,2024-10-15,216.62,222.16,216.01,221.87,2310128.0
1729051200,2024-10-16,220.74,223.44,219.34,220.03,1518104.0
1729137600,2024-10-17,218.75,220.03,215.94,216.78,2021729.0
1729224000,2024-10-18,218.43,219.58,216.81,218.85,1441933.0
1729483200,2024-10-21,217.68,220.49,213.02,214.18,1295730.0
1729569600,2024-10-22,212.37,215.15,212.03,214.17,1971495.0
1729656000,2024-10-23,214.2,219.29,214.2,218.82,2712931.0
1729742400,2024-10-24,218.56,221.26,218.36,218.49,1618292.0
1729828800,2024-10-25,218.23,220.4,214.58,215.46,2054209.0
1730088000,2024-10-28,217.91,218.21,214.53,214.9,1934987.0
1730174400,2024-10-29,208.07,212.75,204.58,205.9,3591423.0
1730260800,2024-10-30,206.55,209.95,205.44,206.45,2437824.0
1730347200,2024-10-31,204.32,209.17,202.79,206.51,1961938.0
1730433600,2024-11-01,210.59,211.71,203.97,204.3,1989131.0
1730696400,2024-11-04,206.03,207.38,202.75,205.12,2333808.0
1730782800,2024-11-05,203.98,206.89,202.6,206.81,1302803.0
1730869200,2024-11-06,194.19,196.46,188.02,190.97,8133504.0
1730955600,2024-11-07,192.89,194.3,189.58,191.35,4924462.0
1731042000,2024-11-08,192.64,196.53,191.64,195.15,3981626.0
1731301200,2024-11-11,193.13,195.5,189.4,189.62,2698987.0
1731387600,2024-11-12,188.68,189.53,185.42,187.34,2953442.0
1731474000,2024-11-13,189.74,191.28,188.6,188.73,2355020.0
1731560400,2024-11-14,188.49,190.33,187.13,188.35,2282842.0
1731646800,2024-11-15,188.57,190.25,187.37,189.98,2587387.0
1731906000,2024-11-18,188.24,192.55,187.73,192.29,2375058.0
1731992400,2024-11-19,192.69,195.12,191.7,194.52,2514423.0
1732078800,2024-11-20,193.41,194.91,192.37,194.26,2243412.0
1732165200,2024-11-21,193.72,196.81,192.16,196.13,1961716.0
1732251600,2024-11-22,196.41,198.43,196.12,197.58,2016051.0
1732510800,2024-11-25,198.7,201.19,197.96,200.71,3606003.0
1732597200,2024-11-26,199.77,201.95,198.6,201.15,1791455.0
1732683600,2024-11-27,201.15,202.76,200.98,202.41,1669442.0
1732856400,2024-11-29,202.41,202.86,200.69,202.12,1610156.0
1733115600,2024-12-02,200.7,201.64,198.93,200.5,2374861.0
1733202000,2024-12-03,201.56,202.47,199.73,200.95,2551463.0
1733288400,2024-12-04,199.73,201.09,197.94,200.67,2529178.0
1733374800,2024-12-05,198.54,202.42,198.54,202.27,2291117.0
1733461200,2024-12-06,202.68,203.72,198.27,200.28,2677955.0
1733720400,2024-12-09,199.88,203.13,199.31,202.15,2854255.0
1733806800,2024-12-10,200.51,201.19,192.25,192.96,2653352.0
1733893200,2024-12-11,192.95,193.98,191.56,193.02,2356879.0
1733979600,2024-12-12,192.99,193.98,190.88,191.33,1922615.0
1734066000,2024-12-13,190.69,192.04,189.66,190.67,1995540.0
1734325200,2024-12-16,190.04,192.19,187.19,187.35,2219154.0
1734411600,2024-12-17,184.9,190.27,184.13,186.89,2637513.0
1734498000,2024-12-18,185.45,186.55,178.46,178.76,4186148.0
1734584400,2024-12-19,177.4,178.42,173.14,173.49,4709995.0
1734670800,2024-12-20,176.08,180.37,175.84,177.68,5750257.0
1734930000,2024-12-23,176.62,178.53,175.08,178.31,2594197.0
1735016400,2024-12-24,176.6,178.66,176.53,178.63,788396.0
1735189200,2024-12-26,178.33,178.33,176.58,177.92,1464729.0
1735275600,2024-12-27,177.57,179.85,177.09,177.45,1640928.0
1735534800,2024-12-30,177.45,177.8,175.48,177.49,1887056.0
1735621200,2024-12-31,178.5,179.57,176.78,178.95,2115492.0
1735794000,2025-01-02,179.61,180.2,176.18,176.63,3142972.0
1735880400,2025-01-03,176.84,179.26,175.73,178.12,1817315.0
1736139600,2025-01-06,177.15,179.02,175.49,175.88,2262657.0
1736226000,2025-01-07,175.75,176.56,172.6,172.86,2096053.0
1736312400,2025-01-08,172.26,174.96,170.53,174.83,2048382.0
1736485200,2025-01-10,169.34,172.23,168.31,169.24,3539246.0
1736744400,2025-01-13,170.41,172.89,169.55,172.64,2409816.0
1736830800,2025-01-14,172.58,175.91,171.97,174.45,2124347.0
1736917200,2025-01-15,179.57,180.79,175.69,175.93,2230902.0
1737003600,2025-01-16,176.6,185.9,176.02,185.45,3544868.0
1737090000,2025-01-17,186.12,187.09,184.82,185.76,2882498.0
1737435600,2025-01-21,186.66,189.06,184.72,185.31,2460864.0
1737522000,2025-01-22,183.88,184.37,179.18,180.78,2753713.0
1737608400,2025-01-23,181.27,182.08,178.9,181.86,1683990.0
1737694800,2025-01-24,181.48,182.4,180.39,180.58,1218209.0
1737954000,2025-01-27,185.38,188.16,183.4,187.37,2862670.0
1738040400,2025-01-28,185.59,186.66,181.64,182.38,1997239.0
1738126800,2025-01-29,182.3,183.22,178.67,179.16,1735117.0
1738213200,2025-01-30,181.7,182.75,179.57,181.3,1457077.0
1738299600,2025-01-31,180.77,183.07,179.86,180.45,1570262.0
1738558800,2025-02-03,180.32,181.96,177.72,180.86,1831452.0
1738645200,2025-02-04,179.3,180.33,177.71,179.65,1446514.0
1738731600,2025-02-05,182.27,183.64,180.32,182.9,1869739.0
1738818000,2025-02-06,183.72,185.25,182.18,185.13,1407034.0
1738904400,2025-02-07,185.16,185.16,182.14,184.25,1581705.0
1739163600,2025-02-10,184.96,185.47,182.68,185.26,1955394.0
1739250000,2025-02-11,184.58,188.79,184.4,188.72,1825675.0
1739336400,2025-02-12,184.79,185.87,182.52,184.91,1766431.0
