unix,date,open,high,low,close,volume_base
1451883600,2016-01-04,126.82,127.01,124.97,125.93,6178380.0
1451970000,2016-01-05,126.37,127.01,125.28,126.44,3567191.0
1452056400,2016-01-06,124.44,124.9,123.03,124.44,4577599.0
1452142800,2016-01-07,122.24,122.5,118.77,119.22,7531199.0
1452229200,2016-01-08,119.84,121.09,116.34,116.51,6229798.0
1452488400,2016-01-11,117.18,117.42,115.55,116.71,6093632.0
1452574800,2016-01-12,117.94,118.47,116.2,118.24,4867074.0
1452661200,2016-01-13,118.76,119.1,114.5,114.84,5427440.0
1452747600,2016-01-14,116.15,116.58,112.77,115.8,7501756.0
1452834000,2016-01-15,112.76,113.95,111.6,112.6,7467972.0
1453179600,2016-01-19,113.88,114.03,112.14,112.99,5883464.0
1453266000,2016-01-20,111.19,111.99,107.4,109.48,7872004.0
1453352400,2016-01-21,109.93,112.92,108.94,110.61,5816712.0
1453438800,2016-01-22,111.52,112.65,110.53,111.69,5580681.0
1453698000,2016-01-25,111.67,112.26,110.61,111.15,4780361.0
1453784400,2016-01-26,112.0,114.86,111.59,114.74,5705633.0
1453870800,2016-01-27,107.47,107.66,103.09,104.49,28577017.0
1453957200,2016-01-28,104.96,105.79,103.13,105.77,10983998.0
1454043600,2016-01-29,105.89,107.72,105.78,107.67,10313792.0
1454302800,2016-02-01,107.23,109.61,106.35,108.96,7126344.0
1454389200,2016-02-02,107.28,107.81,105.2,105.34,8853562.0
1454475600,2016-02-03,106.48,109.47,105.0,109.23,7552446.0
1454562000,2016-02-04,108.56,111.96,108.56,110.79,6052783.0
1454648400,2016-02-05,110.81,111.3,108.48,109.85,6427592.0
1454907600,2016-02-08,108.16,108.75,105.09,107.08,7082502.0
1454994000,2016-02-09,105.75,107.54,105.25,106.55,4318590.0
1455080400,2016-02-10,106.9,108.08,105.19,105.27,5157047.0
1455166800,2016-02-11,102.4,102.59,92.37,98.11,34239282.0
1455253200,2016-02-12,95.1,99.37,95.0,98.28,13555628.0
1455598800,2016-02-16,99.27,102.02,98.61,101.87,8951963.0
1455685200,2016-02-17,103.17,105.7,103.13,105.25,6883188.0
1455771600,2016-02-18,105.8,106.96,105.56,106.37,6678764.0
1455858000,2016-02-19,106.13,106.15,103.52,104.19,7748043.0
1456117200,2016-02-22,105.44,107.63,104.97,106.2,5337417.0
1456203600,2016-02-23,105.82,107.21,104.88,105.76,4008618.0
1456290000,2016-02-24,104.38,104.91,101.79,104.58,7214669.0
1456376400,2016-02-25,105.21,106.39,104.75,105.69,4836439.0
1456462800,2016-02-26,106.53,108.07,106.3,106.9,3997754.0
1456722000,2016-02-29,106.87,108.08,106.3,106.92,5280706.0
1456808400,2016-03-01,107.67,109.46,106.98,108.53,4911703.0
1456894800,2016-03-02,108.29,109.24,107.21,108.25,4504122.0
1456981200,2016-03-03,107.52,108.32,106.98,108.21,3794025.0
1457067600,2016-03-04,108.72,110.58,108.43,109.53,4619396.0
1457326800,2016-03-07,109.29,111.57,109.08,111.19,4810331.0
1457413200,2016-03-08,110.38,111.25,109.75,110.69,5526797.0
1457499600,2016-03-09,110.72,111.52,110.4,111.15,3641474.0
1457586000,2016-03-10,111.41,112.02,109.86,111.23,4311161.0
1457672400,2016-03-11,112.3,113.54,112.06,112.75,3632820.0
1457928000,2016-03-14,112.12,114.9,112.06,114.3,5035129.0
1458014400,2016-03-15,113.59,114.33,112.37,114.32,3942586.0
1458100800,2016-03-16,114.21,115.92,113.77,115.41,5557196.0
1458187200,2016-03-17,115.84,119.06,115.28,118.25,6063848.0
1458273600,2016-03-18,118.73,121.85,118.53,121.2,9903709.0
1458532800,2016-03-21,120.78,123.75,120.68,122.91,6011256.0
1458619200,2016-03-22,122.26,123.13,121.94,122.25,5512494.0
1458705600,2016-03-23,122.13,122.14,120.09,120.2,4635259.0
1458792000,2016-03-24,119.09,119.63,117.64,119.53,4822557.0
1459137600,2016-03-28,119.88,119.98,118.11,118.78,3654605.0
1459224000,2016-03-29,117.46,118.45,115.97,118.41,5140493.0
1459310400,2016-03-30,118.95,120.08,115.82,116.33,6226271.0
1459396800,2016-03-31,115.88,116.15,113.32,114.84,9781961.0
1459483200,2016-04-01,114.08,114.98,113.19,114.86,5611593.0
1459742400,2016-04-04,114.48,115.78,113.89,114.3,5178525.0
1459828800,2016-04-05,114.13,116.34,113.61,114.93,4959434.0
1459915200,2016-04-06,115.04,115.84,113.77,115.74,4499982.0
1460001600,2016-04-07,114.9,116.65,114.5,114.9,4825555.0
1460088000,2016-04-08,115.84,117.63,115.45,115.7,4053737.0
1460347200,2016-04-11,116.03,117.52,115.51,115.72,3828120.0
1460433600,2016-04-12,115.46,117.96,114.61,117.13,4384319.0
1460520000,2016-04-13,118.07,118.97,117.44,118.64,3822716.0
1460606400,2016-04-14,118.97,119.38,118.09,118.38,5363876.0
1460692800,2016-04-15,118.47,119.06,118.23,118.64,6044756.0
1460952000,2016-04-18,118.19,119.65,117.9,119.4,3336158.0
1461038400,2016-04-19,119.91,121.1,119.61,120.04,3208697.0
1461124800,2016-04-20,116.3,118.84,116.25,118.13,7116925.0
1461211200,2016-04-21,118.5,120.0,117.88,118.28,5216084.0
1461297600,2016-04-22,118.6,119.27,118.07,118.56,4120185.0
1461556800,2016-04-25,118.02,118.52,116.99,118.29,5585596.0
1461643200,2016-04-26,118.74,120.57,118.57,120.54,6344747.0
1461729600,2016-04-27,120.51,124.75,119.37,124.02,7255019.0
1461816000,2016-04-28,123.3,124.6,121.68,121.96,5249560.0
1461902400,2016-04-29,121.61,122.34,120.16,121.96,4147609.0
1462161600,2016-05-02,121.58,122.14,120.53,121.24,3918849.0
1462248000,2016-05-03,120.06,120.61,118.93,119.87,4301958.0
1462334400,2016-05-04,119.05,119.7,118.09,118.42,3589755.0
1462420800,2016-05-05,119.18,120.0,118.63,119.49,4353655.0
1462507200,2016-05-06,119.52,120.9,119.21,120.56,2599114.0
1462766400,2016-05-09,120.15,121.06,119.26,119.51,3581999.0
1462852800,2016-05-10,120.49,122.35,120.14,121.88,3620375.0
1462939200,2016-05-11,122.05,123.13,121.26,121.31,3615286.0
1463025600,2016-05-12,121.76,123.17,121.76,122.61,4775538.0
1463112000,2016-05-13,121.99,123.08,120.32,120.51,4223490.0
1463371200,2016-05-16,120.06,122.6,119.99,122.35,3414910.0
1463457600,2016-05-17,121.88,122.67,120.36,120.91,4294755.0
1463544000,2016-05-18,120.67,121.48,118.89,119.48,4737331.0
1463630400,2016-05-19,118.8,118.97,115.92,116.83,5542684.0
1463716800,2016-05-20,117.78,117.89,116.03,116.2,3514815.0
1463976000,2016-05-23,116.2,117.13,114.82,116.37,4212652.0
1464062400,2016-05-24,116.67,117.49,115.22,116.3,5284794.0
1464148800,2016-05-25,116.75,118.38,116.18,117.54,4848701.0
1464235200,2016-05-26,117.19,118.48,117.04,117.95,2718591.0
1464321600,2016-05-27,117.63,118.3,117.51,117.87,3262880.0
1464667200,2016-05-31,118.47,118.56,114.96,115.07,7795990.0
1464753600,2016-06-01,115.02,115.38,113.82,115.3,4967767.0
1464840000,2016-06-02,115.52,115.87,114.31,115.7,5381664.0
1464926400,2016-06-03,115.31,116.37,114.88,116.19,5835773.0
1465185600,2016-06-06,116.31,120.47,116.25,120.31,7201449.0
1465272000,2016-06-07,120.78,121.67,120.24,120.34,4690258.0
1465358400,2016-06-08,120.88,121.8,120.44,121.31,4072760.0
1465444800,2016-06-09,120.49,122.06,120.33,121.4,3996203.0
1465531200,2016-06-10,120.05,120.51,118.91,119.62,3988530.0
1465790400,2016-06-13,119.3,119.95,118.47,118.5,3891816.0
1465876800,2016-06-14,118.25,119.12,117.21,119.03,3854408.0
1465963200,2016-06-15,119.38,120.19,118.55,118.72,3520512.0
1466049600,2016-06-16,117.96,118.48,115.75,118.0,4340508.0
1466136000,2016-06-17,118.45,118.57,117.49,118.41,9569944.0
1466395200,2016-06-20,119.82,122.13,119.68,121.09,4589374.0
1466481600,2016-06-21,121.49,121.57,119.93,119.96,3269205.0
1466568000,2016-06-22,120.49,121.46,120.02,120.19,2765617.0
1466654400,2016-06-23,122.14,122.73,121.07,121.82,4347607.0
1466740800,2016-06-24,116.88,118.02,115.12,115.4,11211819.0
1467000000,2016-06-27,114.64,114.7,111.6,111.92,6544766.0
1467086400,2016-06-28,113.56,113.8,111.92,113.0,4657714.0
1467172800,2016-06-29,114.46,116.13,113.25,115.83,5264504.0
1467259200,2016-06-30,115.97,118.46,115.91,118.46,4679899.0
1467345600,2016-07-01,118.33,118.89,117.81,118.29,3454762.0
1467691200,2016-07-05,117.14,117.66,115.5,115.81,5666197.0
1467777600,2016-07-06,116.07,116.12,113.07,115.8,4222093.0
1467864000,2016-07-07,115.84,116.91,115.17,116.0,3260681.0
1467950400,2016-07-08,117.3,119.0,116.44,118.66,3809059.0
1468209600,2016-07-11,119.34,121.54,119.31,120.44,4254819.0
1468296000,2016-07-12,121.13,121.31,118.88,119.32,4493737.0
1468382400,2016-07-13,119.74,119.84,118.0,118.68,3302465.0
1468468800,2016-07-14,120.06,120.33,118.76,119.99,4456397.0
1468555200,2016-07-15,120.2,121.09,119.9,120.76,3402383.0
1468814400,2016-07-18,120.72,122.13,120.36,121.71,3714046.0
1468900800,2016-07-19,121.23,123.75,121.16,122.83,3580115.0
1468987200,2016-07-20,122.73,123.3,122.26,122.88,2887924.0
1469073600,2016-07-21,122.92,123.12,121.34,121.8,3089627.0
1469160000,2016-07-22,120.17,121.76,119.1,121.74,5206304.0
1469419200,2016-07-25,121.47,121.59,120.75,121.26,3473875.0
1469505600,2016-07-26,121.22,123.11,120.87,123.0,4847096.0
1469592000,2016-07-27,124.18,127.2,123.79,124.01,5970100.0
1469678400,2016-07-28,123.44,123.92,120.9,121.32,5545415.0
1469764800,2016-07-29,121.36,122.04,120.67,121.92,4319317.0
1470024000,2016-08-01,121.5,122.44,121.04,121.5,3191716.0
1470110400,2016-08-02,121.31,121.68,119.81,120.04,3426735.0
1470196800,2016-08-03,120.19,120.81,120.05,120.28,2628325.0
1470283200,2016-08-04,120.4,120.9,119.45,119.68,3357504.0
1470369600,2016-08-05,120.59,120.8,119.5,120.16,3368819.0
1470628800,2016-08-08,120.57,121.27,120.17,120.57,2635958.0
1470715200,2016-08-09,121.07,121.3,120.61,120.97,3117000.0
1470801600,2016-08-10,121.49,122.8,121.13,121.65,2743626.0
1470888000,2016-08-11,122.18,122.83,121.67,122.31,2720650.0
1470974400,2016-08-12,122.22,123.03,121.97,122.41,2811519.0
1471233600,2016-08-15,122.96,124.15,122.82,123.84,3154836.0
1471320000,2016-08-16,123.37,124.35,122.68,124.15,2866381.0
1471406400,2016-08-17,123.94,124.14,123.33,123.89,3136513.0
1471492800,2016-08-18,123.89,125.04,123.72,124.15,2158670.0
1471579200,2016-08-19,123.69,124.15,123.09,123.64,2288856.0
1471838400,2016-08-22,123.51,124.77,123.09,124.14,2759488.0
1471924800,2016-08-23,124.45,125.41,122.9,123.36,4000256.0
1472011200,2016-08-24,123.23,123.83,122.38,122.58,2299350.0
1472097600,2016-08-25,122.59,122.59,121.78,122.29,1904870.0
1472184000,2016-08-26,122.77,123.31,121.23,121.6,2086498.0
1472443200,2016-08-29,122.06,122.85,121.69,122.22,2625429.0
1472529600,2016-08-30,122.51,122.72,120.18,120.3,3789911.0
1472616000,2016-08-31,120.32,120.32,118.76,119.05,4419299.0
1472702400,2016-09-01,119.58,119.58,118.05,119.46,3051550.0
1472788800,2016-09-02,120.37,121.36,120.09,120.62,2924260.0
1473134400,2016-09-06,121.05,122.3,120.72,122.3,4651243.0
1473220800,2016-09-07,121.83,122.39,121.39,121.98,2327577.0
1473307200,2016-09-08,121.69,122.23,120.94,122.22,2742835.0
1473393600,2016-09-09,121.34,121.34,118.19,118.2,5184080.0
1473652800,2016-09-12,116.68,120.18,116.16,119.66,6854649.0
1473739200,2016-09-13,118.73,119.57,117.95,118.41,4749568.0
1473825600,2016-09-14,118.55,118.92,117.11,117.41,4365150.0
1473912000,2016-09-15,117.32,118.14,116.74,117.5,3717486.0
1473998400,2016-09-16,117.45,117.45,116.19,116.52,11756041.0
1474257600,2016-09-19,117.25,117.99,117.04,117.24,3364901.0
1474344000,2016-09-20,117.7,118.17,117.32,117.52,2739753.0
1474430400,2016-09-21,117.98,120.13,117.88,120.07,3396144.0
1474516800,2016-09-22,120.89,121.83,120.63,121.27,3614344.0
1474603200,2016-09-23,120.7,121.66,120.48,121.19,2580483.0
1474862400,2016-09-26,120.54,121.01,119.95,120.08,2630010.0
1474948800,2016-09-27,119.82,121.15,119.43,120.77,2221472.0
1475035200,2016-09-28,121.02,121.72,120.1,121.6,1884400.0
1475121600,2016-09-29,121.15,122.11,120.18,120.5,2356603.0
1475208000,2016-09-30,121.48,121.97,120.72,121.15,3782711.0
1475467200,2016-10-03,120.73,122.06,120.23,121.74,2653691.0
1475553600,2016-10-04,121.82,122.53,121.11,121.62,3055532.0
1475640000,2016-10-05,122.22,124.06,121.9,123.84,3351273.0
1475726400,2016-10-06,123.97,124.15,122.94,123.62,3815208.0
1475812800,2016-10-07,123.17,123.84,121.89,123.09,4583992.0
1476072000,2016-10-10,123.77,125.87,123.77,124.92,3556630.0
1476158400,2016-10-11,124.1,124.79,122.56,122.99,3886466.0
1476244800,2016-10-12,123.01,123.49,122.31,122.46,2529389.0
1476331200,2016-10-13,121.78,123.17,120.83,122.66,3886668.0
1476417600,2016-10-14,123.71,124.38,122.75,122.77,2538080.0
1476676800,2016-10-17,122.77,124.5,122.62,123.23,2659039.0
1476763200,2016-10-18,124.18,124.83,124.07,124.24,2417163.0
1476849600,2016-10-19,124.54,125.95,124.46,125.24,2525381.0
1476936000,2016-10-20,125.0,125.76,124.49,124.92,2728509.0
1477022400,2016-10-21,123.89,125.25,123.46,124.73,2575881.0
1477281600,2016-10-24,125.5,127.72,125.45,126.41,4197324.0
1477368000,2016-10-25,126.45,128.22,126.31,127.85,5682555.0
1477454400,2016-10-26,127.31,134.44,125.73,133.85,13606097.0
1477540800,2016-10-27,134.11,134.48,130.39,131.79,8170219.0
1477627200,2016-10-28,132.17,132.43,130.75,131.52,4870456.0
1477886400,2016-10-31,131.56,131.83,130.73,130.99,3515805.0
1477972800,2016-11-01,131.46,132.34,130.42,130.97,3442896.0
1478059200,2016-11-02,130.51,131.39,129.29,129.44,3062041.0
1478145600,2016-11-03,129.45,129.57,128.15,128.77,2639823.0
1478232000,2016-11-04,127.93,129.53,127.65,128.33,3330221.0
1478494800,2016-11-07,130.12,131.6,130.12,131.54,3416164.0
1478581200,2016-11-08,131.52,132.8,130.94,131.78,3242526.0
1478667600,2016-11-09,131.22,135.16,131.16,134.45,5908085.0
1478754000,2016-11-10,135.77,138.39,135.66,136.86,7031514.0
1478840400,2016-11-11,136.41,137.71,135.82,137.63,3844662.0
1479099600,2016-11-14,137.35,139.09,137.35,139.0,4902015.0
1479186000,2016-11-15,137.56,138.49,136.4,137.25,4501052.0
1479272400,2016-11-16,136.5,137.53,135.43,135.71,3817435.0
1479358800,2016-11-17,136.07,136.34,134.37,134.68,3843827.0
1479445200,2016-11-18,134.54,135.85,133.87,135.62,2357777.0
1479704400,2016-11-21,136.42,137.61,135.78,136.24,3036414.0
1479790800,2016-11-22,137.06,138.78,137.04,138.56,4035386.0
1479877200,2016-11-23,138.64,139.76,138.11,138.76,3427426.0
1480050000,2016-11-25,139.0,139.14,138.11,139.04,1064417.0
1480309200,2016-11-28,138.08,139.09,137.44,138.79,5337464.0
1480395600,2016-11-29,138.85,140.96,138.18,140.52,4332642.0
1480482000,2016-11-30,140.48,141.86,139.52,139.52,5033397.0
1480568400,2016-12-01,139.94,141.5,139.37,141.22,3014996.0
1480654800,2016-12-02,141.27,141.31,140.04,141.09,2389427.0
1480914000,2016-12-05,142.01,142.48,140.72,141.01,3207100.0
1481000400,2016-12-06,139.78,141.45,139.02,141.08,3689763.0
1481086800,2016-12-07,140.65,143.0,140.0,142.84,3197361.0
1481173200,2016-12-08,143.09,144.54,142.84,144.0,3359366.0
1481259600,2016-12-09,144.24,145.38,144.03,145.02,2879506.0
1481518800,2016-12-12,144.56,146.42,142.99,145.64,4553969.0
1481605200,2016-12-13,147.44,148.34,143.53,145.18,6088097.0
1481691600,2016-12-14,144.78,144.91,142.88,143.15,4040820.0
1481778000,2016-12-15,142.65,143.86,141.84,142.5,3155204.0
1481864400,2016-12-16,142.6,144.56,141.91,143.17,8385748.0
1482123600,2016-12-19,143.79,145.58,143.7,144.73,3361398.0
1482210000,2016-12-20,145.45,146.32,144.52,144.93,2472744.0
1482296400,2016-12-21,145.2,146.88,145.17,145.94,2687396.0
1482382800,2016-12-22,146.88,147.34,144.8,145.92,4498694.0
1482469200,2016-12-23,146.67,146.67,145.04,146.24,2567685.0
1482814800,2016-12-27,146.8,146.86,145.41,145.94,2205840.0
1482901200,2016-12-28,145.6,145.82,144.57,144.66,1955771.0
1482987600,2016-12-29,144.56,145.26,143.79,144.28,2042720.0
1483074000,2016-12-30,145.02,145.3,143.6,144.27,2403630.0
1483419600,2017-01-03,144.84,145.62,143.83,145.46,3756474.0
1483506000,2017-01-04,146.24,147.56,146.24,146.99,3631560.0
1483592400,2017-01-05,146.8,147.99,145.86,147.08,3099650.0
1483678800,2017-01-06,147.33,147.96,146.32,147.44,2608268.0
1483938000,2017-01-09,147.34,147.57,146.58,146.71,3369756.0
1484024400,2017-01-10,147.31,148.22,146.95,147.41,3369621.0
1484110800,2017-01-11,147.85,147.99,146.68,147.72,2614294.0
1484197200,2017-01-12,147.48,147.49,145.19,146.69,3245106.0
1484283600,2017-01-13,147.1,147.88,146.73,147.19,2735493.0
1484629200,2017-01-17,146.61,147.38,145.7,146.11,2986017.0
1484715600,2017-01-18,146.0,147.39,145.26,146.71,2311931.0
1484802000,2017-01-19,147.22,148.15,146.33,147.34,3418343.0
1484888400,2017-01-20,148.1,148.55,146.63,147.84,3932780.0
1485147600,2017-01-23,147.34,147.81,145.76,146.27,4510068.0
1485234000,2017-01-24,146.96,149.13,146.27,148.78,4374648.0
1485320400,2017-01-25,151.6,156.29,151.27,155.09,7834279.0
1485406800,2017-01-26,155.25,157.54,154.99,156.72,5830365.0
1485493200,2017-01-27,156.94,157.35,154.77,155.41,5021851.0
1485752400,2017-01-30,153.76,153.82,151.81,153.43,6872573.0
1485838800,2017-01-31,152.87,153.0,151.26,151.44,6610947.0
1485925200,2017-02-01,152.21,153.66,151.16,151.95,3323769.0
1486011600,2017-02-02,151.26,151.95,149.03,150.37,4014648.0
1486098000,2017-02-03,151.04,151.57,150.41,150.5,3185962.0
1486357200,2017-02-06,150.51,152.05,150.48,151.96,3260405.0
1486443600,2017-02-07,152.9,155.15,152.79,154.29,4595251.0
1486530000,2017-02-08,154.23,154.45,153.01,153.12,3218794.0
1486616400,2017-02-09,153.92,154.31,153.35,153.56,4090109.0
1486702800,2017-02-10,154.46,155.59,153.73,155.38,2884272.0
1486962000,2017-02-13,155.49,158.03,155.49,157.06,4054581.0
1487048400,2017-02-14,156.75,157.78,156.31,157.5,2888716.0
1487134800,2017-02-15,157.5,158.86,157.36,158.25,4452715.0
1487221200,2017-02-16,158.57,159.66,157.74,159.66,3267123.0
1487307600,2017-02-17,159.38,161.94,159.28,161.44,5972063.0
1487653200,2017-02-21,162.57,164.67,162.34,164.1,4729872.0
1487739600,2017-02-22,163.56,164.28,162.65,163.91,3048783.0
1487826000,2017-02-23,164.48,165.45,164.23,165.32,3961257.0
1487912400,2017-02-24,165.21,167.13,164.61,165.86,4536687.0
1488171600,2017-02-27,166.38,168.14,165.96,167.72,3040867.0
1488258000,2017-02-28,168.57,170.06,167.94,168.47,5315744.0
1488344400,2017-03-01,169.98,172.74,169.95,171.91,6768547.0
1488430800,2017-03-02,171.99,173.59,171.03,171.05,5154463.0
1488517200,2017-03-03,171.09,171.6,169.61,170.29,4192742.0
1488776400,2017-03-06,169.56,170.4,168.65,169.12,4485237.0
1488862800,2017-03-07,168.85,170.91,168.83,170.14,2662570.0
1488949200,2017-03-08,170.49,170.77,169.64,169.88,2589000.0
1489035600,2017-03-09,169.54,170.67,167.86,168.78,3308854.0
1489122000,2017-03-10,170.03,170.09,166.31,167.04,4819039.0
1489377600,2017-03-13,165.6,167.49,165.51,167.36,3898202.0
1489464000,2017-03-14,166.89,167.96,166.11,167.06,2601127.0
1489550400,2017-03-15,167.32,167.54,166.35,167.05,3762765.0
1489636800,2017-03-16,168.08,168.25,166.05,166.56,3302806.0
1489723200,2017-03-17,166.67,168.61,166.54,168.34,7545520.0
1489982400,2017-03-20,168.34,168.39,167.45,167.68,2450311.0
1490068800,2017-03-21,168.32,168.48,164.05,164.47,3581974.0
1490155200,2017-03-22,164.47,165.54,164.05,165.43,2683053.0
1490241600,2017-03-23,165.76,166.24,165.06,165.69,2464210.0
1490328000,2017-03-24,165.31,165.94,163.36,164.34,2610933.0
1490587200,2017-03-27,162.99,164.92,162.41,164.61,3616994.0
1490673600,2017-03-28,164.78,166.09,163.58,165.78,2748774.0
1490760000,2017-03-29,165.82,166.37,165.42,166.04,1793169.0
1490846400,2017-03-30,165.68,166.84,165.65,166.36,1844108.0
1490932800,2017-03-31,166.4,166.55,165.27,165.32,2428103.0
1491192000,2017-04-03,165.52,166.13,164.05,165.12,3114175.0
1491278400,2017-04-04,165.33,167.12,165.22,167.04,2530212.0
1491364800,2017-04-05,167.32,168.42,165.34,165.52,2754795.0
1491451200,2017-04-06,165.99,166.59,165.56,165.79,2542453.0
1491537600,2017-04-07,166.75,167.4,165.69,167.18,3094085.0
1491796800,2017-04-10,167.32,168.22,165.9,165.97,2430388.0
1491883200,2017-04-11,165.91,166.94,165.41,166.91,2429993.0
1491969600,2017-04-12,166.45,166.62,164.46,164.56,3050970.0
1492056000,2017-04-13,164.26,165.33,164.1,164.16,2195593.0
1492401600,2017-04-17,164.51,167.39,164.19,167.34,2632638.0
1492488000,2017-04-18,166.4,168.22,165.56,166.24,3074759.0
1492574400,2017-04-19,166.81,168.16,166.53,166.76,2312043.0
1492660800,2017-04-20,167.17,168.08,166.71,167.6,2552344.0
1492747200,2017-04-21,167.71,169.12,167.71,168.61,3328476.0
1493006400,2017-04-24,169.89,170.55,169.76,170.18,3526012.0
1493092800,2017-04-25,170.62,171.85,170.62,171.53,3940965.0
1493179200,2017-04-26,170.41,171.06,168.35,169.85,4692584.0
1493265600,2017-04-27,170.67,171.77,170.67,171.26,3475836.0
1493352000,2017-04-28,171.45,172.86,171.07,172.77,2517474.0
1493611200,2017-05-01,172.21,172.44,169.93,170.49,3840473.0
1493697600,2017-05-02,170.63,171.91,170.62,171.47,2126067.0
1493784000,2017-05-03,171.49,171.76,170.35,171.42,3184016.0
1493870400,2017-05-04,171.34,172.22,170.29,171.12,2390020.0
1493956800,2017-05-05,171.21,172.99,171.21,172.93,2862541.0
1494216000,2017-05-08,173.02,174.22,172.92,173.88,2097201.0
1494302400,2017-05-09,173.91,174.99,173.91,174.71,3166137.0
1494388800,2017-05-10,174.36,174.88,167.84,172.55,7234205.0
1494475200,2017-05-11,172.29,173.63,171.6,173.27,3019742.0
1494561600,2017-05-12,173.18,173.3,172.03,172.62,3954819.0
1494820800,2017-05-15,172.66,173.43,171.7,171.81,3810131.0
1494907200,2017-05-16,172.13,172.52,171.48,172.1,2252482.0
1494993600,2017-05-17,170.86,170.99,168.31,168.41,2807554.0
1495080000,2017-05-18,168.12,168.14,165.29,167.11,3276109.0
1495166400,2017-05-19,167.47,170.89,166.51,170.27,4279592.0
1495425600,2017-05-22,173.12,174.57,171.93,173.01,3324411.0
1495512000,2017-05-23,173.32,173.76,172.25,172.84,2297328.0
1495598400,2017-05-24,172.85,174.64,172.81,174.5,2575888.0
1495684800,2017-05-25,174.86,176.55,174.82,176.22,2525979.0
1495771200,2017-05-26,175.9,176.72,175.46,175.76,1880949.0
1496116800,2017-05-30,175.88,176.55,175.39,176.04,2371242.0
1496203200,2017-05-31,176.5,177.34,175.89,176.74,6963062.0
1496289600,2017-06-01,176.54,177.01,173.82,176.45,3058785.0
1496376000,2017-06-02,176.92,180.58,176.76,179.19,3342987.0
1496635200,2017-06-05,179.04,179.67,177.85,177.99,2708581.0
1496721600,2017-06-06,177.48,177.9,175.85,175.91,3022979.0
1496808000,2017-06-07,176.01,177.6,175.58,177.19,2669577.0
1496894400,2017-06-08,177.19,179.98,176.81,178.91,2490582.0
1496980800,2017-06-09,179.02,179.91,178.27,179.0,3548009.0
1497240000,2017-06-12,179.26,179.47,177.14,178.98,3262313.0
1497326400,2017-06-13,179.02,180.44,178.36,180.0,2121484.0
1497412800,2017-06-14,179.99,182.16,179.75,181.22,2466574.0
1497499200,2017-06-15,180.32,184.2,180.27,184.11,3162541.0
1497585600,2017-06-16,184.63,186.46,184.45,185.04,9204426.0
1497844800,2017-06-19,186.4,187.9,185.57,187.53,2895911.0
1497931200,2017-06-20,187.22,189.56,186.8,186.82,3253631.0
1498017600,2017-06-21,188.0,188.12,186.1,187.61,3334637.0
1498104000,2017-06-22,187.69,188.78,187.62,187.87,3753801.0
1498190400,2017-06-23,187.7,190.61,187.15,190.5,5190068.0
1498449600,2017-06-26,191.0,192.53,188.34,188.38,3241906.0
1498536000,2017-06-27,188.21,189.26,187.35,187.35,2482894.0
1498622400,2017-06-28,187.92,189.29,187.74,188.04,2390718.0
1498708800,2017-06-29,188.16,188.16,185.05,186.0,2607343.0
1498795200,2017-06-30,186.98,187.87,185.94,186.28,2601255.0
1499054400,2017-07-03,186.58,187.87,186.28,187.07,1748402.0
1499227200,2017-07-05,187.74,190.41,187.32,190.1,3136762.0
1499313600,2017-07-06,189.94,190.74,189.13,189.79,2982035.0
1499400000,2017-07-07,190.51,191.48,189.58,190.63,3509098.0
1499659200,2017-07-10,190.58,192.71,190.46,192.13,2931006.0
1499745600,2017-07-11,192.16,194.67,192.16,194.3,2982243.0
1499832000,2017-07-12,194.94,196.51,194.35,194.46,2997893.0
1499918400,2017-07-13,194.8,194.99,193.43,194.26,2182619.0
1500004800,2017-07-14,194.8,196.62,194.74,196.41,4353738.0
1500264000,2017-07-17,196.62,197.55,196.46,196.87,2522546.0
1500350400,2017-07-18,197.05,197.05,195.49,196.16,2055869.0
1500436800,2017-07-19,197.28,198.69,196.86,198.64,2415100.0
1500523200,2017-07-20,198.99,198.99,197.74,198.08,2545026.0
1500609600,2017-07-21,197.81,199.89,197.26,199.83,2349080.0
1500868800,2017-07-24,199.6,200.3,199.13,199.87,2731594.0
1500955200,2017-07-25,200.85,201.58,199.65,200.13,3080881.0
1501041600,2017-07-26,210.51,220.4,210.08,219.9,14819705.0
1501128000,2017-07-27,223.46,228.6,222.97,227.02,11319300.0
1501214400,2017-07-28,226.85,227.96,224.71,227.27,4915966.0
1501473600,2017-07-31,227.82,232.19,227.79,228.39,6208653.0
1501560000,2017-08-01,229.26,229.83,225.28,225.55,5386103.0
1501646400,2017-08-02,225.19,227.54,224.08,224.14,5460227.0
1501732800,2017-08-03,223.3,225.69,222.34,224.43,5362247.0
1501819200,2017-08-04,224.74,225.82,222.66,223.92,6199782.0
1502078400,2017-08-07,223.81,227.42,223.45,226.29,3993758.0
1502164800,2017-08-08,225.99,226.56,225.07,225.6,5126026.0
1502251200,2017-08-09,225.55,226.21,221.85,222.05,5836489.0
1502337600,2017-08-10,221.76,223.81,219.78,220.7,7620507.0
1502424000,2017-08-11,220.58,223.08,218.86,222.59,3807472.0
1502683200,2017-08-14,223.66,225.06,223.39,224.74,3152234.0
1502769600,2017-08-15,224.8,227.1,223.66,226.66,2973366.0
1502856000,2017-08-16,227.16,227.69,224.99,225.16,3203114.0
1502942400,2017-08-17,224.96,225.17,222.94,223.26,3099359.0
1503028800,2017-08-18,222.71,224.85,222.29,223.44,3298231.0
1503288000,2017-08-21,223.44,224.54,222.09,223.35,2731988.0
1503374400,2017-08-22,223.82,227.34,223.76,227.21,3101265.0
1503460800,2017-08-23,226.73,226.84,224.78,225.63,2733103.0
1503547200,2017-08-24,226.04,226.4,224.22,226.25,2706413.0
1503633600,2017-08-25,226.5,226.58,223.27,223.55,2351817.0
1503892800,2017-08-28,223.86,225.13,222.34,224.77,2559300.0
1503979200,2017-08-29,224.8,228.55,223.73,227.91,3734677.0
1504065600,2017-08-30,228.38,228.81,226.5,227.88,3025719.0
1504152000,2017-08-31,228.39,228.49,225.94,227.12,3626868.0
1504238400,2017-09-01,227.11,229.84,226.66,227.76,3520579.0
1504584000,2017-09-05,227.73,227.79,223.87,224.6,4177760.0
1504670400,2017-09-06,225.1,225.41,222.08,222.35,4711785.0
1504756800,2017-09-07,222.47,224.17,222.03,223.95,3333268.0
1504843200,2017-09-08,223.42,226.87,222.9,226.29,3790286.0
1505102400,2017-09-11,226.97,229.2,226.79,228.0,4182809.0
1505188800,2017-09-12,228.0,229.06,226.45,227.99,2846553.0
1505275200,2017-09-13,227.44,230.74,224.69,229.27,5005804.0
1505361600,2017-09-14,230.33,232.76,229.81,232.4,5435254.0
1505448000,2017-09-15,234.42,236.87,233.33,235.97,12420733.0
1505707200,2017-09-18,236.89,240.51,235.89,239.84,5616220.0
1505793600,2017-09-19,239.84,241.82,238.47,239.25,4494946.0
1505880000,2017-09-20,240.01,243.26,239.05,242.1,4238528.0
1505966400,2017-09-21,242.73,243.55,241.11,242.65,2978304.0
1506052800,2017-09-22,242.9,245.73,242.73,243.03,3761630.0
1506312000,2017-09-25,243.29,243.53,238.34,241.02,3684878.0
1506398400,2017-09-26,241.28,243.06,240.28,240.43,2340055.0
1506484800,2017-09-27,241.91,245.23,240.68,241.92,4079587.0
1506571200,2017-09-28,240.83,242.42,238.03,240.97,2842850.0
1506657600,2017-09-29,240.57,241.91,239.38,240.91,2985880.0
1506916800,2017-10-02,241.32,242.6,240.27,242.6,2963392.0
1507003200,2017-10-03,242.61,244.75,241.37,242.1,3315291.0
1507089600,2017-10-04,242.61,243.68,240.78,242.38,3313057.0
1507176000,2017-10-05,241.92,245.44,241.45,245.35,4408987.0
1507262400,2017-10-06,244.5,245.36,243.61,245.05,2842310.0
1507521600,2017-10-09,245.45,245.45,243.66,244.87,2321885.0
1507608000,2017-10-10,246.15,247.4,243.74,247.28,3185332.0
1507694400,2017-10-11,247.65,247.96,245.47,247.76,3299163.0
1507780800,2017-10-12,247.3,249.22,246.4,248.21,2774401.0
1507867200,2017-10-13,249.15,249.99,247.1,247.1,2495306.0
1508126400,2017-10-16,247.82,248.29,246.1,246.16,1980661.0
1508212800,2017-10-17,243.07,245.5,242.85,245.09,2715201.0
1508299200,2017-10-18,244.95,247.09,243.23,246.44,2271331.0
1508385600,2017-10-19,245.43,245.54,242.64,245.49,2974647.0
1508472000,2017-10-20,246.74,250.97,245.87,250.9,4484328.0
1508731200,2017-10-23,251.23,252.07,248.43,248.6,3479256.0
1508817600,2017-10-24,249.47,253.23,249.47,252.08,4612667.0
1508904000,2017-10-25,250.93,252.08,241.19,244.9,8354382.0
1508990400,2017-10-26,246.13,247.76,243.85,245.71,3574873.0
1509076800,2017-10-27,244.75,245.92,242.42,243.04,3158562.0
1509336000,2017-10-30,242.13,246.79,241.97,245.69,3319567.0
1509422400,2017-10-31,245.91,246.33,244.0,244.48,3116807.0
1509508800,2017-11-01,244.78,245.84,242.83,244.98,3222215.0
1509595200,2017-11-02,244.8,249.47,244.5,248.89,2680411.0
1509681600,2017-11-03,248.49,249.99,246.47,248.06,2798651.0
1509944400,2017-11-06,248.87,251.93,248.8,250.25,3173585.0
1510030800,2017-11-07,250.25,253.3,250.25,252.21,3457118.0
1510117200,2017-11-08,252.22,253.62,251.41,251.68,3108166.0
1510203600,2017-11-09,252.52,254.16,247.31,250.3,3348439.0
1510290000,2017-11-10,249.74,250.11,247.35,248.54,1888269.0
1510549200,2017-11-13,249.32,250.93,248.2,250.04,2880316.0
1510635600,2017-11-14,249.64,250.02,247.92,249.41,2678653.0
1510722000,2017-11-15,248.93,252.27,247.87,250.45,2709092.0
1510808400,2017-11-16,251.4,252.53,250.91,251.26,2866948.0
1510894800,2017-11-17,250.02,251.29,249.66,249.88,1852757.0
1511154000,2017-11-20,250.59,253.08,250.36,252.14,2810160.0
1511240400,2017-11-21,253.68,254.4,252.22,254.39,2564980.0
1511326800,2017-11-22,254.4,254.86,252.05,252.64,1714823.0
1511499600,2017-11-24,252.87,253.99,252.05,253.33,864320.0
1511758800,2017-11-27,253.2,254.25,252.23,253.05,2133533.0
1511845200,2017-11-28,254.26,255.36,252.71,255.34,2374375.0
1511931600,2017-11-29,256.76,256.95,253.59,256.59,3353942.0
1512018000,2017-11-30,257.17,263.97,256.71,263.74,6190444.0
1512104400,2017-12-01,264.32,265.58,257.83,258.57,4965557.0
1512363600,2017-12-04,263.13,268.53,262.97,264.85,5870177.0
1512450000,2017-12-05,265.57,266.25,261.89,262.54,3101320.0
1512536400,2017-12-06,261.9,265.97,261.07,265.14,2927679.0
1512622800,2017-12-07,265.35,271.35,264.69,268.66,4523534.0
1512709200,2017-12-08,271.55,273.76,270.18,272.41,4775181.0
1512968400,2017-12-11,272.97,272.97,266.69,269.8,4344128.0
1513054800,2017-12-12,274.56,278.98,274.14,276.26,6186786.0
1513141200,2017-12-13,276.79,281.89,276.03,278.07,5196777.0
1513227600,2017-12-14,279.51,282.81,278.79,280.01,4119540.0
1513314000,2017-12-15,281.91,283.34,279.19,280.07,8483992.0
1513573200,2017-12-18,282.03,283.12,280.62,282.16,3147440.0
1513659600,2017-12-19,282.64,283.54,280.3,283.22,3004484.0
1513746000,2017-12-20,284.6,285.2,283.09,283.84,2939598.0
1513832400,2017-12-21,283.98,284.3,280.25,281.11,5807462.0
1513918800,2017-12-22,282.35,282.53,279.18,281.17,2489292.0
1514264400,2017-12-26,281.52,283.4,280.74,281.42,1561550.0
1514350800,2017-12-27,282.42,282.79,280.89,281.67,1642073.0
1514437200,2017-12-28,281.85,282.97,280.83,282.36,1539522.0
1514523600,2017-12-29,282.93,283.27,280.92,280.99,2155461.0
1514869200,2018-01-02,281.79,282.97,281.46,282.83,3194154.0
1514955600,2018-01-03,282.48,284.41,281.53,283.75,3573329.0
1515042000,2018-01-04,283.88,284.34,281.53,282.67,4638324.0
1515128400,2018-01-05,282.76,294.31,282.72,294.26,6519209.0
1515387600,2018-01-08,294.09,296.19,291.32,295.51,4597447.0
1515474000,2018-01-09,295.93,304.81,295.84,303.4,5921096.0
1515560400,2018-01-10,302.51,306.95,300.61,305.15,4951444.0
1515646800,2018-01-11,306.93,312.9,306.03,312.63,4822253.0
1515733200,2018-01-12,314.79,320.98,314.79,320.34,6894421.0
1516078800,2018-01-16,323.86,331.32,315.69,319.34,12633941.0
1516165200,2018-01-17,321.0,335.61,320.53,334.44,9934699.0
1516251600,2018-01-18,334.15,334.27,323.14,324.11,9728569.0
1516338000,2018-01-19,325.55,327.77,319.9,321.79,7488977.0
1516597200,2018-01-22,319.47,325.27,316.37,322.05,7278475.0
1516683600,2018-01-23,322.37,322.94,319.01,319.75,4739378.0
1516770000,2018-01-24,320.34,322.99,318.37,318.89,4526257.0
1516856400,2018-01-25,319.48,327.4,319.48,326.92,4914045.0
1516942800,2018-01-26,328.57,329.65,325.15,327.02,5506035.0
1517202000,2018-01-29,325.13,328.22,324.05,324.74,3523383.0
1517288400,2018-01-30,323.16,323.94,318.39,321.77,5148678.0
1517374800,2018-01-31,343.49,343.93,335.03,337.65,12082800.0
1517461200,2018-02-01,336.29,344.39,335.43,340.09,6450458.0
1517547600,2018-02-02,337.32,338.44,332.24,332.44,5808180.0
1517806800,2018-02-05,326.5,333.48,302.41,313.36,10916515.0
1517893200,2018-02-06,304.9,325.55,302.66,324.82,12298864.0
1517979600,2018-02-07,324.45,336.9,323.83,331.69,8260380.0
1518066000,2018-02-08,333.3,334.25,315.48,315.73,8704994.0
1518152400,2018-02-09,319.68,323.54,305.76,318.77,9403560.0
1518411600,2018-02-12,322.35,333.06,320.97,329.27,7441447.0
1518498000,2018-02-13,326.07,333.18,325.91,328.66,4186574.0
1518584400,2018-02-14,327.01,332.75,326.76,330.28,4581378.0
1518670800,2018-02-15,333.75,341.49,333.34,341.4,5995218.0
1518757200,2018-02-16,341.52,344.31,338.57,340.04,5717398.0
1519102800,2018-02-20,337.13,342.67,336.55,338.42,4544264.0
1519189200,2018-02-21,337.65,345.57,336.89,337.48,5670071.0
1519275600,2018-02-22,340.0,342.94,337.74,340.88,3599700.0
1519362000,2018-02-23,343.05,343.61,338.15,341.59,3582019.0
1519621200,2018-02-26,344.31,348.67,343.08,348.12,4493720.0
1519707600,2018-02-27,349.2,354.26,347.95,349.23,4974492.0
1519794000,2018-02-28,351.3,355.9,346.91,346.91,5940662.0
1519880400,2018-03-01,347.02,347.41,331.76,334.92,9267391.0
1519966800,2018-03-02,327.38,331.47,321.13,330.11,10404782.0
1520226000,2018-03-05,323.72,339.78,322.39,337.85,8759793.0
1520312400,2018-03-06,339.27,340.2,331.4,334.18,5140031.0
1520398800,2018-03-07,327.09,333.69,325.16,332.38,4797606.0
1520485200,2018-03-08,334.92,337.61,329.42,334.0,4691623.0
1520571600,2018-03-09,337.75,339.9,335.43,339.54,3751826.0
1520827200,2018-03-12,340.19,340.22,328.76,329.65,6330986.0
1520913600,2018-03-13,330.73,333.18,323.35,324.36,5724355.0
1521000000,2018-03-14,325.44,326.14,308.68,316.31,13706192.0
1521086400,2018-03-15,318.26,318.85,309.27,316.04,9461041.0
1521172800,2018-03-16,315.88,316.85,311.87,316.51,11933588.0
1521432000,2018-03-19,313.61,319.25,312.97,317.74,7123345.0
1521518400,2018-03-20,317.82,325.35,317.01,323.36,7594734.0
1521604800,2018-03-21,322.83,327.46,321.01,322.86,4381177.0
1521691200,2018-03-22,316.16,318.62,305.53,306.11,7561851.0
1521777600,2018-03-23,306.62,317.15,304.87,307.44,7451540.0
1522036800,2018-03-26,316.52,317.92,309.92,315.07,5784887.0
1522123200,2018-03-27,317.5,320.73,305.52,307.55,5554001.0
1522209600,2018-03-28,308.25,309.58,298.02,306.5,5845762.0
1522296000,2018-03-29,309.72,316.52,308.4,314.03,3990903.0
1522641600,2018-04-02,311.46,316.0,303.77,308.82,5524938.0
1522728000,2018-04-03,311.04,317.11,309.44,316.84,5132969.0
1522814400,2018-04-04,299.11,313.96,298.7,313.61,8610083.0
1522900800,2018-04-05,316.62,324.64,316.31,322.19,6669250.0
1522987200,2018-04-06,316.64,320.45,308.6,312.34,6026635.0
1523246400,2018-04-09,318.21,320.73,308.44,308.85,5310410.0
1523332800,2018-04-10,317.35,322.46,315.63,320.68,6048192.0
1523419200,2018-04-11,317.59,323.31,312.52,313.53,4751235.0
1523505600,2018-04-12,317.95,324.05,316.5,323.22,4570763.0
1523592000,2018-04-13,324.67,325.32,312.8,315.37,4911022.0
1523851200,2018-04-16,318.3,319.14,313.78,317.75,4183271.0
1523937600,2018-04-17,320.59,325.39,319.55,322.49,3609399.0
1524024000,2018-04-18,324.04,327.93,322.93,326.59,3337958.0
1524110400,2018-04-19,325.82,327.94,323.24,326.25,3101740.0
1524196800,2018-04-20,326.33,326.97,320.89,324.36,3399469.0
1524456000,2018-04-23,325.43,326.84,321.8,324.52,3020900.0
1524542400,2018-04-24,328.67,332.98,309.62,315.16,7285551.0
1524628800,2018-04-25,323.83,330.34,316.56,328.37,11245434.0
1524715200,2018-04-26,329.48,331.05,324.04,328.31,5592311.0
1524801600,2018-04-27,326.59,328.43,323.5,326.48,3482090.0
1525060800,2018-04-30,326.81,328.11,319.31,319.47,4033621.0
1525147200,2018-05-01,318.45,319.8,310.48,315.62,4544033.0
1525233600,2018-05-02,315.58,316.74,310.29,310.49,3657009.0
1525320000,2018-05-03,309.32,318.58,305.64,316.72,6990391.0
1525406400,2018-05-04,314.49,321.7,314.18,320.3,3779517.0
1525665600,2018-05-07,321.79,328.49,321.05,326.05,4295079.0
1525752000,2018-05-08,325.41,327.49,322.39,324.07,4231284.0
1525838400,2018-05-09,325.15,332.27,324.27,329.94,4572130.0
1525924800,2018-05-10,331.09,335.5,329.57,331.17,4169509.0
1526011200,2018-05-11,330.88,332.47,328.27,329.62,2475017.0
1526270400,2018-05-14,331.1,334.7,331.0,331.67,2649735.0
1526356800,2018-05-15,330.14,330.96,327.51,329.29,3195996.0
1526443200,2018-05-16,329.18,330.68,327.54,328.19,2485035.0
1526529600,2018-05-17,327.71,331.84,327.49,331.24,2622496.0
1526616000,2018-05-18,332.64,338.85,332.25,338.06,4507102.0
1526875200,2018-05-21,345.02,351.32,345.01,350.28,7211240.0
1526961600,2018-05-22,350.35,351.17,341.23,341.71,5648965.0
1527048000,2018-05-23,338.9,346.12,338.44,345.74,5120323.0
1527134400,2018-05-24,345.01,347.14,341.08,345.54,4172495.0
1527220800,2018-05-25,344.69,347.08,343.66,346.59,2615753.0
1527566400,2018-05-29,344.3,347.44,337.51,339.27,4515823.0
1527652800,2018-05-30,342.32,345.46,340.83,344.76,3017792.0
1527739200,2018-05-31,343.45,343.45,338.44,338.96,5048192.0
1527825600,2018-06-01,342.45,344.72,341.17,343.35,2787742.0
1528084800,2018-06-04,345.52,349.76,345.4,347.21,3164752.0
1528171200,2018-06-05,346.98,349.75,345.4,346.6,2855556.0
1528257600,2018-06-06,348.94,357.67,347.46,357.63,4787144.0
1528344000,2018-06-07,358.17,360.44,352.33,354.71,4772970.0
1528430400,2018-06-08,354.34,357.5,351.76,355.65,3529286.0
1528689600,2018-06-11,357.09,359.33,354.97,357.03,2608678.0
1528776000,2018-06-12,357.82,358.75,354.19,356.73,2625630.0
1528862400,2018-06-13,356.77,357.09,349.67,350.21,4102724.0
1528948800,2018-06-14,352.42,353.86,345.37,348.83,4363160.0
1529035200,2018-06-15,344.72,348.1,340.22,344.46,12303659.0
1529294400,2018-06-18,339.95,344.24,339.16,341.44,3513099.0
1529380800,2018-06-19,334.15,334.15,325.88,328.33,7141932.0
1529467200,2018-06-20,333.03,333.97,327.7,329.84,4891943.0
1529553600,2018-06-21,328.36,328.36,323.59,325.0,4337054.0
1529640000,2018-06-22,327.67,328.16,323.98,326.2,3896546.0
1529899200,2018-06-25,320.05,321.33,315.32,318.78,5439456.0
1529985600,2018-06-26,319.93,321.86,318.09,318.88,3343470.0
1530072000,2018-06-27,322.3,328.62,317.4,317.45,4859745.0
1530158400,2018-06-28,317.63,324.89,315.02,322.1,3479181.0
1530244800,2018-06-29,324.55,327.25,322.79,322.93,3516954.0
1530504000,2018-07-02,318.29,323.72,316.97,323.48,2999651.0
1530590400,2018-07-03,325.5,326.95,319.55,320.45,1574792.0
1530763200,2018-07-05,323.55,324.64,316.76,320.69,2547171.0
1530849600,2018-07-06,320.36,323.5,318.06,322.09,2304539.0
1531108800,2018-07-09,324.85,330.18,323.89,329.1,3362612.0
1531195200,2018-07-10,329.99,334.95,329.93,334.14,3415344.0
1531281600,2018-07-11,328.92,331.48,326.47,327.83,3177133.0
1531368000,2018-07-12,332.33,333.61,329.89,333.06,2124085.0
1531454400,2018-07-13,333.99,338.07,333.22,337.64,2452584.0
1531713600,2018-07-16,340.7,342.98,339.14,342.75,3298231.0
1531800000,2018-07-17,344.2,345.54,341.73,343.5,2862430.0
1531886400,2018-07-18,345.52,348.29,340.98,346.72,3298392.0
1531972800,2018-07-19,344.28,345.92,341.94,342.01,3166186.0
1532059200,2018-07-20,339.77,343.61,339.77,341.59,1973995.0
1532318400,2018-07-23,341.69,341.69,339.18,340.03,2162892.0
1532404800,2018-07-24,343.38,345.99,341.34,344.84,3338828.0
1532491200,2018-07-25,338.34,342.94,332.55,342.58,7538552.0
1532577600,2018-07-26,342.06,346.7,341.95,345.85,3381907.0
1532664000,2018-07-27,347.47,350.87,346.0,347.13,3029252.0
1532923200,2018-07-30,348.42,348.86,337.33,337.9,3205986.0
1533009600,2018-07-31,341.68,345.56,340.79,342.94,3005724.0
1533096000,2018-08-01,340.81,344.49,337.36,339.53,2943148.0
1533182400,2018-08-02,335.55,337.58,333.06,336.62,2795032.0
1533268800,2018-08-03,336.4,337.83,332.71,335.38,2504442.0
1533528000,2018-08-06,334.35,334.35,330.26,333.58,3474079.0
1533614400,2018-08-07,335.0,338.92,332.55,337.61,2461050.0
1533700800,2018-08-08,337.36,338.44,333.27,334.74,2452528.0
1533787200,2018-08-09,334.75,335.5,331.9,332.48,2423825.0
1533873600,2018-08-10,329.65,329.85,325.45,328.31,2868842.0
1534132800,2018-08-13,328.49,330.96,326.31,327.29,2077591.0
1534219200,2018-08-14,328.11,329.03,326.58,328.05,2118914.0
1534305600,2018-08-15,325.56,326.12,317.3,320.91,3978190.0
1534392000,2018-08-16,327.97,336.35,327.24,334.67,6052862.0
1534478400,2018-08-17,334.68,337.1,330.5,335.07,3210446.0
1534737600,2018-08-20,337.2,341.08,335.75,339.27,3157613.0
1534824000,2018-08-21,339.52,342.86,338.2,342.2,3191707.0
1534910400,2018-08-22,342.73,344.23,338.4,338.58,2836053.0
1534996800,2018-08-23,337.73,338.82,334.17,336.12,1960617.0
1535083200,2018-08-24,336.72,339.16,336.72,337.95,2137602.0
1535342400,2018-08-27,340.6,343.39,339.53,342.17,2467630.0
1535428800,2018-08-28,343.11,344.05,339.14,339.72,2636513.0
1535515200,2018-08-29,340.74,340.83,337.79,338.74,2032070.0
1535601600,2018-08-30,338.89,339.47,334.44,335.56,3397934.0
1535688000,2018-08-31,334.31,334.54,330.41,331.58,3853059.0
1536033600,2018-09-04,330.43,334.99,328.18,334.93,2908964.0
1536120000,2018-09-05,334.5,335.89,331.94,335.34,3568089.0
1536206400,2018-09-06,336.18,341.79,335.25,339.78,3915239.0
1536292800,2018-09-07,337.41,338.56,333.2,337.86,4182112.0
1536552000,2018-09-10,338.34,339.28,330.51,330.68,3231475.0
1536638400,2018-09-11,327.92,335.28,326.28,333.96,3020878.0
1536724800,2018-09-12,333.72,343.43,333.34,341.85,4197615.0
1536811200,2018-09-13,344.71,348.63,342.71,343.84,3397704.0
1536897600,2018-09-14,344.78,350.41,344.45,348.03,2990644.0
1537156800,2018-09-17,347.4,349.48,342.95,344.32,2723386.0
1537243200,2018-09-18,345.62,353.85,344.45,351.69,3140469.0
1537329600,2018-09-19,351.69,359.09,351.31,353.28,5111844.0
1537416000,2018-09-20,356.68,359.57,353.71,355.44,4442707.0
1537502400,2018-09-21,357.42,360.38,354.08,360.06,8996544.0
1537761600,2018-09-24,358.67,359.73,355.32,355.96,3166296.0
1537848000,2018-09-25,357.01,358.35,354.88,355.22,3392697.0
1537934400,2018-09-26,355.48,356.51,352.41,353.09,2591908.0
1538020800,2018-09-27,356.35,356.9,352.48,355.38,2560535.0
1538107200,2018-09-28,356.57,361.98,354.24,359.74,3990632.0
1538366400,2018-10-01,362.89,370.68,362.74,369.79,5090320.0
1538452800,2018-10-02,368.17,375.91,367.35,373.73,5010918.0
1538539200,2018-10-03,376.18,381.39,374.04,379.47,5266021.0
1538625600,2018-10-04,377.96,378.3,372.69,377.24,4027175.0
1538712000,2018-10-05,376.28,379.56,370.5,373.83,3047480.0
1538971200,2018-10-08,371.29,374.08,365.01,373.15,3684372.0
1539057600,2018-10-09,371.8,374.17,368.68,372.84,3073897.0
1539144000,2018-10-10,370.44,371.25,355.09,355.45,6323130.0
1539230400,2018-10-11,351.55,357.75,343.49,346.4,6717246.0
1539316800,2018-10-12,354.04,355.11,340.74,348.33,5623284.0
1539576000,2018-10-15,347.7,350.69,343.87,347.14,3215921.0
1539662400,2018-10-16,348.66,356.52,346.82,356.21,3026295.0
1539748800,2018-10-17,355.97,356.45,350.84,353.55,2413181.0
1539835200,2018-10-18,352.89,355.73,345.09,347.6,3446896.0
1539921600,2018-10-19,348.03,348.1,342.62,344.61,3721519.0
1540180800,2018-10-22,346.15,347.03,340.93,344.34,2478445.0
1540267200,2018-10-23,338.07,342.0,331.61,338.6,4629458.0
1540353600,2018-10-24,349.77,352.68,340.19,343.05,8657844.0
1540440000,2018-10-25,346.34,352.47,343.36,351.87,4224513.0
1540526400,2018-10-26,348.9,351.42,342.54,347.52,4476229.0
1540785600,2018-10-29,348.76,349.88,317.88,324.62,7767361.0
1540872000,2018-10-30,319.55,339.57,318.99,338.47,6307595.0
1540958400,2018-10-31,340.98,351.52,340.98,343.26,4546099.0
1541044800,2018-11-01,345.78,352.65,341.65,351.2,4053225.0
1541131200,2018-11-02,354.97,359.39,345.09,346.05,4259516.0
1541394000,2018-11-05,347.99,351.41,344.82,350.14,2578747.0
1541480400,2018-11-06,350.27,356.39,350.27,354.49,2861955.0
1541566800,2018-11-07,355.48,360.66,347.74,359.85,4317679.0
1541653200,2018-11-08,358.9,363.15,355.23,360.3,2991990.0
1541739600,2018-11-09,357.44,360.52,355.78,358.91,3057298.0
1541998800,2018-11-12,359.66,360.02,345.94,346.95,3435827.0
1542085200,2018-11-13,339.68,345.34,332.38,339.64,5264955.0
1542171600,2018-11-14,342.06,345.8,334.18,334.98,3745517.0
1542258000,2018-11-15,331.49,338.15,327.01,331.92,5074790.0
1542344400,2018-11-16,329.77,330.58,321.81,326.46,4827709.0
1542603600,2018-11-19,326.07,326.55,308.24,311.88,7087041.0
1542690000,2018-11-20,293.57,313.08,288.23,308.73,7060821.0
1542776400,2018-11-21,315.89,317.66,306.65,308.36,4714505.0
1542949200,2018-11-23,306.1,308.05,303.06,303.5,1712319.0
1543208400,2018-11-26,306.65,309.59,301.89,307.43,3731265.0
1543294800,2018-11-27,305.04,309.56,302.18,309.05,3193653.0
1543381200,2018-11-28,316.52,324.58,312.64,324.08,6526045.0
1543467600,2018-11-29,326.48,333.54,324.63,332.89,5745718.0
1543554000,2018-11-30,332.28,337.76,327.97,336.97,6591708.0
1543813200,2018-12-03,354.02,358.58,346.31,349.79,6964680.0
1543899600,2018-12-04,346.19,348.2,332.09,332.83,5583606.0
1544072400,2018-12-06,320.67,324.21,308.34,322.53,9911471.0
1544158800,2018-12-07,322.96,328.08,312.31,314.09,4855445.0
1544418000,2018-12-10,312.2,317.96,306.6,317.13,4833565.0
1544504400,2018-12-11,323.84,325.04,309.75,312.94,3700373.0
1544590800,2018-12-12,318.13,322.53,315.49,317.46,3728376.0
1544677200,2018-12-13,319.13,319.46,315.02,316.28,2610902.0
1544763600,2018-12-14,313.34,314.76,306.65,309.75,3607705.0
1545022800,2018-12-17,307.96,317.98,305.56,307.2,5616754.0
1545109200,2018-12-18,316.27,322.71,314.07,318.8,6313509.0
1545195600,2018-12-19,320.03,324.06,307.17,310.53,5202230.0
1545282000,2018-12-20,308.05,312.73,299.3,304.21,5785684.0
1545368400,2018-12-21,300.36,306.07,295.42,295.95,9149852.0
1545627600,2018-12-24,292.16,294.44,285.85,285.85,3655928.0
1545800400,2018-12-26,290.18,305.22,284.21,305.06,5199891.0
1545886800,2018-12-27,300.31,308.18,293.7,308.18,4697672.0
1545973200,2018-12-28,310.64,312.45,306.25,307.45,3917917.0
1546232400,2018-12-31,311.45,314.5,309.75,313.39,3896534.0
1546405200,2019-01-02,307.26,314.8,304.85,314.67,3636581.0
1546491600,2019-01-03,310.47,310.71,300.66,302.12,6038036.0
1546578000,2019-01-04,307.75,319.16,307.15,317.84,4922029.0
1546837200,2019-01-07,321.19,321.35,314.22,318.84,4390338.0
1546923600,2019-01-08,324.67,331.61,323.26,330.91,5106034.0
1547010000,2019-01-09,333.27,337.39,331.24,334.12,4520627.0
1547096400,2019-01-10,336.72,343.48,333.31,342.65,5727988.0
1547182800,2019-01-11,338.72,344.35,338.26,342.93,3332594.0
1547442000,2019-01-14,338.16,342.85,337.21,340.47,2681755.0
1547528400,2019-01-15,342.06,343.34,338.15,342.29,3196211.0
1547614800,2019-01-16,342.51,344.97,341.63,342.12,3202513.0
1547701200,2019-01-17,340.84,353.55,340.82,348.95,4559184.0
1547787600,2019-01-18,353.6,356.94,351.12,354.43,4483055.0
1548133200,2019-01-22,352.46,353.91,344.23,347.79,4777736.0
1548219600,2019-01-23,351.69,351.97,343.68,348.48,3193036.0
1548306000,2019-01-24,348.77,352.92,346.82,348.15,3166570.0
1548392400,2019-01-25,352.25,356.58,350.15,353.91,3389181.0
1548651600,2019-01-28,350.46,352.91,347.4,352.72,3526255.0
1548738000,2019-01-29,352.82,357.39,352.18,354.6,3337526.0
1548824400,2019-01-30,376.46,380.9,369.75,376.77,12901821.0
1548910800,2019-01-31,376.23,378.0,371.29,374.73,7971903.0
1548997200,2019-02-01,375.21,381.71,373.86,376.49,6497205.0
1549256400,2019-02-04,377.98,385.86,377.16,385.79,4583168.0
1549342800,2019-02-05,389.78,399.15,388.27,398.6,8157213.0
1549429200,2019-02-06,399.68,402.19,394.2,399.5,5732429.0
1549515600,2019-02-07,398.42,400.78,392.91,395.72,5469579.0
1549602000,2019-02-08,390.67,395.52,388.53,395.47,5022671.0
1549861200,2019-02-11,398.59,400.28,393.3,394.53,3195188.0
1549947600,2019-02-12,397.51,401.62,395.94,401.15,3485009.0
1550034000,2019-02-13,402.9,403.1,398.17,401.01,3261696.0
1550120400,2019-02-14,399.47,402.61,398.29,400.27,3107270.0
1550206800,2019-02-15,402.88,408.3,401.84,408.23,4203203.0
1550552400,2019-02-19,405.81,408.2,404.88,406.56,3191981.0
1550638800,2019-02-20,407.42,412.01,407.39,411.72,4385205.0
1550725200,2019-02-21,411.72,412.56,405.99,407.85,3119829.0
1550811600,2019-02-22,409.92,414.57,409.37,414.16,3301113.0
1551070800,2019-02-25,417.52,419.9,416.58,416.92,3419469.0
1551157200,2019-02-26,416.07,419.0,414.36,416.82,2712269.0
1551243600,2019-02-27,417.21,426.16,417.19,425.29,4772373.0
1551330000,2019-02-28,428.47,431.13,426.89,429.7,5421851.0
1551416400,2019-03-01,435.61,435.61,429.93,430.35,5481086.0
1551675600,2019-03-04,432.89,434.14,416.68,422.6,6215666.0
1551762000,2019-03-05,420.52,423.74,418.65,420.09,3086874.0
1551848400,2019-03-06,419.68,421.93,412.24,414.56,4436735.0
1551934800,2019-03-07,413.44,424.22,406.73,412.71,5284841.0
1552021200,2019-03-08,407.05,413.56,405.81,412.69,4095213.0
1552276800,2019-03-11,362.74,393.28,357.03,390.68,35018649.0
1552363200,2019-03-12,375.74,380.91,359.42,366.66,37212893.0
1552449600,2019-03-13,369.61,372.87,354.86,368.35,33079268.0
1552536000,2019-03-14,366.25,371.52,363.43,364.6,13790183.0
1552622400,2019-03-15,362.23,376.72,357.91,370.15,28744419.0
1552881600,2019-03-18,361.37,364.37,358.64,363.6,13478646.0
1552968000,2019-03-19,362.49,369.94,362.36,364.72,10341396.0
1553054400,2019-03-20,365.96,371.92,364.97,367.39,8936289.0
1553140800,2019-03-21,365.32,368.21,363.55,364.01,7113964.0
1553227200,2019-03-22,360.19,361.24,353.1,353.73,10341706.0
1553486400,2019-03-25,356.49,362.56,354.43,361.82,8078181.0
1553572800,2019-03-26,366.82,366.84,359.03,361.75,6670067.0
1553659200,2019-03-27,363.22,367.88,357.03,365.49,9824178.0
1553745600,2019-03-28,367.82,367.88,363.65,365.71,5033560.0
1553832000,2019-03-29,367.74,373.27,366.0,372.53,8037460.0
1554091200,2019-04-01,376.81,383.74,374.17,382.41,7942235.0
1554177600,2019-04-02,379.44,385.63,379.44,381.64,6582917.0
1554264000,2019-04-03,380.6,382.41,375.12,375.77,7511117.0
1554350400,2019-04-04,376.99,387.8,376.12,386.63,9589466.0
1554436800,2019-04-05,388.79,389.37,381.84,382.79,7000030.0
1554696000,2019-04-08,367.43,370.95,363.19,365.79,14815274.0
1554782400,2019-04-09,361.66,363.56,359.18,360.44,8147035.0
1554868800,2019-04-10,359.81,360.19,354.46,356.43,8427401.0
1554955200,2019-04-11,356.12,362.43,355.72,361.53,6706106.0
1555041600,2019-04-12,366.99,371.09,363.33,370.79,7369223.0
1555300800,2019-04-15,367.92,369.09,364.97,366.71,4044997.0
1555387200,2019-04-16,367.73,375.67,366.29,372.82,7274597.0
1555473600,2019-04-17,375.15,375.23,368.68,368.72,4536996.0
1555560000,2019-04-18,369.19,373.26,368.7,371.21,4907352.0
1555905600,2019-04-22,366.93,370.12,366.16,366.42,4311849.0
1555992000,2019-04-23,366.79,368.08,363.92,365.3,5040030.0
1556078400,2019-04-24,369.08,372.26,364.95,366.71,10059674.0
1556164800,2019-04-25,367.24,375.83,364.07,373.88,6847903.0
1556251200,2019-04-26,374.94,375.05,369.32,371.91,4434243.0
1556510400,2019-04-29,369.67,376.32,367.98,370.21,5611415.0
1556596800,2019-04-30,370.65,372.25,366.31,368.89,3978445.0
1556683200,2019-05-01,369.71,372.31,367.61,368.02,2923622.0
1556769600,2019-05-02,366.75,368.85,364.55,367.04,2524357.0
1556856000,2019-05-03,367.53,369.09,365.5,367.68,3293977.0
1557115200,2019-05-06,359.3,363.8,357.11,362.94,4920991.0
1557201600,2019-05-07,357.79,359.14,346.74,348.9,9977539.0
1557288000,2019-05-08,349.19,353.09,345.09,351.36,6258879.0
1557374400,2019-05-09,348.5,349.37,341.34,347.88,6253882.0
1557460800,2019-05-10,345.66,349.27,341.42,348.41,4948284.0
1557720000,2019-05-13,338.43,340.51,331.05,331.42,7998242.0
1557806400,2019-05-14,333.9,339.99,331.28,336.99,4951613.0
1557892800,2019-05-15,333.8,342.65,331.68,339.54,4989038.0
1557979200,2019-05-16,341.91,350.21,339.72,347.57,6269337.0
1558065600,2019-05-17,345.3,353.64,344.97,348.76,5471940.0
1558324800,2019-05-20,346.77,349.66,344.34,346.57,3341359.0
1558411200,2019-05-21,351.71,354.4,348.62,352.42,4223154.0
1558497600,2019-05-22,350.92,351.26,345.54,346.56,4003462.0
1558584000,2019-05-23,339.82,345.27,335.13,344.36,5599610.0
1558670400,2019-05-24,349.42,355.02,346.77,348.64,5523740.0
1559016000,2019-05-28,349.02,352.97,348.62,348.62,3894532.0
1559102400,2019-05-29,346.37,346.57,339.94,342.65,4352405.0
1559188800,2019-05-30,343.82,345.71,341.8,343.7,2269339.0
1559275200,2019-05-31,339.42,339.75,335.34,335.58,3451202.0
1559534400,2019-06-03,332.23,333.13,324.84,332.91,5483562.0
1559620800,2019-06-04,336.46,340.3,334.12,338.54,3813889.0
1559707200,2019-06-05,336.46,340.3,334.12,338.54,3813889.0
1559793600,2019-06-06,342.04,345.44,339.48,344.45,2771084.0
1559880000,2019-06-07,346.08,349.01,346.08,347.46,2619299.0
1560139200,2019-06-10,349.72,351.09,347.31,347.56,2796192.0
1560225600,2019-06-11,349.15,349.2,341.99,343.17,2856101.0
1560312000,2019-06-12,342.79,343.11,336.75,340.91,2907448.0
1560398400,2019-06-13,341.12,342.9,338.03,342.7,2718977.0
1560484800,2019-06-14,341.96,343.01,339.78,341.03,2477445.0
1560744000,2019-06-17,342.47,349.77,340.93,348.64,3918931.0
1560830400,2019-06-18,351.3,368.04,351.29,367.36,9522875.0
1560916800,2019-06-19,368.78,372.62,361.85,362.06,6025513.0
1561003200,2019-06-20,366.42,369.16,362.45,368.27,4099312.0
1561089600,2019-06-21,367.78,369.47,365.16,365.28,5965322.0
1561348800,2019-06-24,366.37,368.86,365.53,367.39,2561271.0
1561435200,2019-06-25,368.18,368.63,361.54,362.8,3216597.0
1561521600,2019-06-26,364.46,372.29,363.47,368.32,4804560.0
1561608000,2019-06-27,361.05,363.4,355.96,357.6,9232043.0
1561694400,2019-06-28,357.5,359.76,355.19,357.59,5555329.0
1561953600,2019-07-01,358.44,358.79,347.09,350.17,6641179.0
1562040000,2019-07-02,349.35,350.49,346.47,347.91,3956459.0
1562126400,2019-07-03,348.24,348.59,346.04,348.22,2341403.0
1562299200,2019-07-05,347.72,350.95,345.23,349.58,3472162.0
1562558400,2019-07-08,344.23,346.73,343.24,344.92,3404613.0
1562644800,2019-07-09,342.89,347.61,341.76,346.86,5143994.0
1562731200,2019-07-10,348.24,350.23,345.05,346.08,3066848.0
1562817600,2019-07-11,346.4,352.92,344.51,352.67,5254019.0
1562904000,2019-07-12,353.65,359.0,351.82,358.88,3708844.0
1563163200,2019-07-15,354.14,356.45,352.69,355.23,4924782.0
1563249600,2019-07-16,355.12,358.9,354.83,356.35,3109479.0
1563336000,2019-07-17,356.35,363.23,355.61,363.0,4205173.0
1563422400,2019-07-18,361.11,361.95,353.4,354.74,4801474.0
1563508800,2019-07-19,364.13,371.72,362.0,370.7,10020771.0
1563768000,2019-07-22,370.29,375.73,365.33,366.83,4439298.0
1563854400,2019-07-23,367.67,369.79,364.14,366.49,3464759.0
1563940800,2019-07-24,363.75,364.81,353.68,355.05,7665879.0
1564027200,2019-07-25,349.9,351.38,339.61,341.95,9852216.0
1564113600,2019-07-26,340.09,342.28,335.97,338.91,4720931.0
1564372800,2019-07-29,338.91,339.97,333.13,334.21,4272673.0
1564459200,2019-07-30,333.84,341.36,330.62,341.33,4704191.0
1564545600,2019-07-31,342.34,345.09,335.03,335.16,5542656.0
1564632000,2019-08-01,335.88,338.22,327.12,328.39,6665442.0
1564718400,2019-08-02,328.58,334.53,326.46,333.57,4869317.0
1564977600,2019-08-05,326.59,327.49,321.19,325.22,6234455.0
1565064000,2019-08-06,328.1,329.78,323.33,326.58,3898335.0
1565150400,2019-08-07,322.8,327.76,318.84,325.53,4488320.0
1565236800,2019-08-08,327.44,332.51,325.03,332.43,4064147.0
1565323200,2019-08-09,330.17,335.13,329.29,333.62,3283752.0
1565582400,2019-08-12,329.79,332.1,327.51,328.27,2644028.0
1565668800,2019-08-13,327.96,333.47,326.65,328.98,3899635.0
1565755200,2019-08-14,324.53,325.7,316.68,316.69,5414555.0
1565841600,2019-08-15,319.24,324.25,315.83,324.18,4899022.0
1565928000,2019-08-16,326.38,327.3,322.68,326.6,4038341.0
1566187200,2019-08-19,330.38,332.0,327.54,329.89,2559385.0
1566273600,2019-08-20,328.6,329.62,325.05,327.89,2247595.0
1566360000,2019-08-21,331.59,338.59,329.33,336.03,3435996.0
1566446400,2019-08-22,338.51,352.29,337.04,350.28,8715603.0
1566532800,2019-08-23,351.21,365.39,350.22,351.86,11912832.0
1566792000,2019-08-26,361.07,363.06,352.73,354.86,4882226.0
1566878400,2019-08-27,355.24,357.1,349.5,350.6,3959847.0
1566964800,2019-08-28,349.2,356.0,347.09,355.78,2579778.0
1567051200,2019-08-29,359.61,361.78,355.98,358.52,2875061.0
1567137600,2019-08-30,360.13,362.1,358.18,359.85,3388716.0
1567483200,2019-09-03,349.99,351.18,346.52,350.29,4428670.0
1567569600,2019-09-04,353.52,353.86,350.3,352.38,2943800.0
1567656000,2019-09-05,355.95,360.46,354.95,356.11,3834308.0
1567742400,2019-09-06,357.4,360.66,354.94,358.77,3252842.0
1568001600,2019-09-09,353.81,356.73,350.6,354.6,4355455.0
1568088000,2019-09-10,354.82,365.19,354.38,365.19,4737858.0
1568174400,2019-09-11,364.45,379.03,363.72,378.48,8675534.0
1568260800,2019-09-12,379.24,379.53,369.95,371.26,4679089.0
1568347200,2019-09-13,373.0,377.31,372.66,375.34,3797163.0
1568606400,2019-09-16,373.74,377.19,370.63,374.44,3261177.0
1568692800,2019-09-17,374.03,380.82,373.4,379.73,3547513.0
1568779200,2019-09-18,378.79,382.24,375.38,381.91,4387791.0
1568865600,2019-09-19,381.64,384.0,378.45,379.96,3197747.0
1568952000,2019-09-20,379.64,380.25,373.52,374.97,8477830.0
1569211200,2019-09-23,372.23,375.68,370.06,372.64,3285337.0
1569297600,2019-09-24,375.08,377.44,370.94,377.21,4040302.0
1569384000,2019-09-25,380.43,386.45,378.64,381.7,5191427.0
1569470400,2019-09-26,382.59,383.71,378.86,382.39,2780343.0
1569556800,2019-09-27,383.67,385.15,376.87,378.4,2873052.0
1569816000,2019-09-30,378.54,379.3,372.3,376.04,3388820.0
1569902400,2019-10-01,377.26,378.39,370.27,370.57,3192070.0
1569988800,2019-10-02,367.27,368.65,359.53,363.08,4005935.0
1570075200,2019-10-03,361.95,367.92,359.0,367.74,2863594.0
1570161600,2019-10-04,367.92,371.75,367.39,371.33,2257153.0
1570420800,2019-10-07,369.5,373.75,368.72,372.16,2207516.0
1570507200,2019-10-08,366.73,372.95,364.35,369.74,4220160.0
1570593600,2019-10-09,371.62,373.46,369.15,370.59,2983400.0
1570680000,2019-10-10,369.35,370.18,366.02,366.68,2926387.0
1570766400,2019-10-11,368.66,372.55,365.77,370.55,4153408.0
1571025600,2019-10-14,369.89,374.29,368.34,368.84,2232212.0
1571112000,2019-10-15,368.46,369.18,366.22,366.64,3036395.0
1571198400,2019-10-16,365.93,373.03,364.94,368.09,3840012.0
1571284800,2019-10-17,368.08,369.45,364.76,364.76,2583826.0
1571371200,2019-10-18,364.7,365.05,339.99,339.99,13893183.0
1571630400,2019-10-21,329.01,330.35,320.62,327.21,15913675.0
1571716800,2019-10-22,332.16,337.5,330.57,333.08,8245673.0
1571803200,2019-10-23,340.98,346.72,332.58,336.54,11168583.0
1571889600,2019-10-24,337.72,341.71,333.84,340.54,5774812.0
1571976000,2019-10-25,338.93,339.37,334.95,335.87,4356058.0
1572235200,2019-10-28,337.52,340.96,335.54,336.91,3432533.0
1572321600,2019-10-29,336.23,345.65,335.27,344.87,6333651.0
1572408000,2019-10-30,342.59,345.92,339.27,342.03,4124538.0
1572494400,2019-10-31,340.53,342.03,335.5,335.95,4114330.0
1572580800,2019-11-01,336.62,341.17,335.55,341.17,3867466.0
1572843600,2019-11-04,342.43,347.36,342.02,347.0,3949017.0
1572930000,2019-11-05,351.09,357.4,349.08,354.12,5754662.0
1573016400,2019-11-06,354.68,355.22,349.02,350.07,4100703.0
1573102800,2019-11-07,354.0,357.26,352.93,355.18,3016131.0
1573189200,2019-11-08,354.28,354.87,348.46,348.91,3396385.0
1573448400,2019-11-11,346.96,367.55,343.51,364.77,11725210.0
1573534800,2019-11-12,364.31,364.92,357.86,360.72,5917290.0
1573621200,2019-11-13,359.71,364.44,358.96,360.34,3759630.0
1573707600,2019-11-14,360.94,366.28,359.33,365.25,5337590.0
1573794000,2019-11-15,367.8,371.25,367.1,369.47,5771507.0
1574053200,2019-11-18,369.46,373.36,365.71,367.26,3965934.0
1574139600,2019-11-19,371.28,372.6,359.46,364.81,6942332.0
1574226000,2019-11-20,363.82,368.78,363.57,368.7,4044035.0
1574312400,2019-11-21,367.55,368.55,364.07,364.26,2896006.0
1574398800,2019-11-22,366.08,371.32,364.43,369.13,4188147.0
1574658000,2019-11-25,370.3,372.07,367.0,370.91,3767835.0
1574744400,2019-11-26,371.43,372.54,369.15,371.28,3072138.0
1574830800,2019-11-27,367.76,369.61,364.61,365.81,4398540.0
1575003600,2019-11-29,365.31,366.11,364.0,364.0,1572117.0
1575262800,2019-12-02,364.89,365.19,353.04,353.06,5123218.0
1575349200,2019-12-03,349.99,353.44,345.54,349.98,5067777.0
1575435600,2019-12-04,352.88,353.17,346.74,346.76,3384386.0
1575522000,2019-12-05,348.13,348.33,343.53,343.62,5054632.0
1575608400,2019-12-06,345.7,352.29,345.04,351.98,3054901.0
1575867600,2019-12-09,350.57,351.49,347.49,349.12,3118833.0
1575954000,2019-12-10,348.06,349.31,345.38,345.83,3080850.0
1576040400,2019-12-11,339.96,347.94,336.48,347.91,7588748.0
1576126800,2019-12-12,346.17,348.98,338.97,344.23,6252097.0
1576213200,2019-12-13,344.55,347.23,339.07,339.63,4749930.0
1576472400,2019-12-16,326.57,334.23,324.48,325.05,17013900.0
1576558800,2019-12-17,320.14,328.98,318.7,325.05,13883039.0
1576645200,2019-12-18,326.76,333.25,326.18,328.71,7427724.0
1576731600,2019-12-19,331.08,332.81,329.01,331.51,6225811.0
1576818000,2019-12-20,332.63,333.5,326.05,326.05,10890781.0
1577077200,2019-12-23,334.74,338.56,332.21,335.54,9737419.0
1577163600,2019-12-24,337.49,337.73,330.64,331.02,4236149.0
1577336400,2019-12-26,330.72,331.37,327.34,327.95,4957877.0
1577422800,2019-12-27,328.23,331.66,327.21,328.17,4383602.0
1577682000,2019-12-30,328.53,328.66,323.77,324.46,4887467.0
1577768400,2019-12-31,323.47,324.62,321.39,323.82,5344705.0
1577941200,2020-01-02,326.54,331.36,325.75,331.33,4904928.0
1578027600,2020-01-03,328.66,332.89,328.33,330.78,4236942.0
1578286800,2020-01-06,327.34,332.86,325.93,331.75,5624703.0
1578373200,2020-01-07,332.27,342.14,328.74,335.27,10294978.0
1578459600,2020-01-08,330.42,332.04,327.64,329.4,8502780.0
1578546000,2020-01-09,332.95,339.69,330.07,334.34,8388637.0
1578632400,2020-01-10,333.46,335.69,327.49,327.95,7375607.0
1578891600,2020-01-13,330.42,332.11,328.11,328.25,5908255.0
1578978000,2020-01-14,328.79,333.35,326.32,330.37,7273090.0
1579064400,2020-01-15,330.32,331.13,327.73,327.83,4874693.0
1579150800,2020-01-16,329.08,330.89,327.35,330.02,4258816.0
1579237200,2020-01-17,330.41,330.52,321.08,322.22,11427996.0
1579582800,2020-01-21,320.68,324.65,303.93,311.5,20031005.0
1579669200,2020-01-22,307.97,310.98,300.92,307.16,19113453.0
1579755600,2020-01-23,306.66,316.27,305.87,315.9,9971813.0
1579842000,2020-01-24,320.08,324.26,310.65,321.13,18024872.0
1580101200,2020-01-27,314.33,319.34,312.71,314.71,7837268.0
1580187600,2020-01-28,316.15,317.45,312.13,314.67,5723649.0
1580274000,2020-01-29,322.42,325.23,317.24,320.1,12940643.0
1580360400,2020-01-30,318.59,323.41,315.74,321.37,6261594.0
1580446800,2020-01-31,319.83,320.01,315.1,316.37,5363473.0
1580706000,2020-02-03,316.75,318.83,313.0,314.12,5563730.0
1580792400,2020-02-04,316.38,317.58,313.15,316.05,4028601.0
1580878800,2020-02-05,318.59,327.72,317.33,327.59,6306368.0
1580965200,2020-02-06,328.94,341.39,323.72,339.4,13037265.0
1581051600,2020-02-07,338.34,338.71,333.69,334.74,5555628.0
1581310800,2020-02-10,335.21,343.88,334.32,342.62,6035661.0
1581397200,2020-02-11,345.57,346.0,340.06,342.37,5472916.0
1581483600,2020-02-12,344.36,347.86,343.79,345.38,4663842.0
1581570000,2020-02-13,344.225,347.89,342.63,342.82,3973534.0
1581656400,2020-02-14,342.3,344.5,338.0,340.49,4492613.0
1582002000,2020-02-18,338.77,339.99,336.1,338.88,3042070.0
1582088400,2020-02-19,338.11,341.4742,335.861,338.3,5112457.0
1582174800,2020-02-20,338.29,341.24,335.39,336.28,3010048.0
1582261200,2020-02-21,334.05,334.6599,330.23,330.38,3932303.0
1582520400,2020-02-24,320.0,321.74,316.33,317.9,6347122.0
1582606800,2020-02-25,318.26,320.64,303.63,304.14,8646596.0
1582693200,2020-02-26,307.0,315.22,304.06,305.59,7236658.0
1582779600,2020-02-27,300.37,301.0,284.29,287.76,11409834.0
1582866000,2020-02-28,278.07,282.86,269.6,275.11,16203022.0
1583125200,2020-03-02,279.54,291.7099,274.29,289.27,11874137.0
1583211600,2020-03-03,292.0,297.44,278.08,280.62,8166362.0
1583298000,2020-03-04,284.55,285.91,277.01,283.12,7442200.0
1583384400,2020-03-05,275.79,276.31,259.65,260.37,15458584.0
1583470800,2020-03-06,253.7,264.29,249.8,262.33,13639555.0
1583726400,2020-03-09,238.0035,241.48,224.37,227.17,12001703.0
1583812800,2020-03-10,237.0,237.83,215.0,231.01,13654426.0
1583899200,2020-03-11,222.99,226.99,187.0,189.08,29168351.0
1583985600,2020-03-12,160.53,189.85,154.813,154.84,32342907.0
1584072000,2020-03-13,174.97,178.28,161.3755,170.2,21702719.0
1584331200,2020-03-16,149.42,151.0,128.76,129.61,27472070.0
1584417600,2020-03-17,132.51,134.96,101.25,124.14,55412338.0
1584504000,2020-03-18,99.85,107.85,89.0,96.64,62558964.0
1584590400,2020-03-19,98.8,103.57,90.35,97.71,40696811.0
1584676800,2020-03-20,99.85,107.0,94.28,95.01,42460787.0
1584936000,2020-03-23,98.75,114.49,93.56,105.62,47273459.0
1585022400,2020-03-24,123.68,127.96,116.13,127.68,44460350.0
1585108800,2020-03-25,154.9,174.77,141.0,158.73,78414965.0
1585195200,2020-03-26,172.29,186.48,167.18,180.55,64191068.0
1585281600,2020-03-27,172.0,172.92,155.5401,162.0,48470276.0
1585540800,2020-03-30,153.81,153.81,140.68,152.28,51546858.0
1585627200,2020-03-31,155.0,160.64,149.0,149.14,30409749.0
1585713600,2020-04-01,138.91,144.38,130.0,130.7,42417082.0
1585800000,2020-04-02,128.51,136.68,120.0204,123.27,42831911.0
1585886400,2020-04-03,125.0,131.29,122.5,124.52,37885223.0
1586145600,2020-04-06,133.7,149.69,129.21,148.77,52251464.0
1586232000,2020-04-07,162.0,164.8,140.26,141.58,57098542.0
1586318400,2020-04-08,147.51,154.0,144.55,146.87,41724290.0
1586404800,2020-04-09,154.71,157.98,150.09,151.84,38437366.0
1586750400,2020-04-13,155.5,156.0,146.26,147.33,26544638.0
1586836800,2020-04-14,150.51,152.4,140.0,141.0,34300101.0
1586923200,2020-04-15,139.0,148.6873,132.9,145.98,39850464.0
1587009600,2020-04-16,141.51,143.24,134.0,134.24,41632131.0
1587096000,2020-04-17,149.41,154.0,145.0,154.0,52791852.0
1587355200,2020-04-20,147.21,151.6299,142.5,143.61,35335080.0
1587441600,2020-04-21,139.02,141.8962,135.45,136.33,27283558.0
1587528000,2020-04-22,140.45,140.8199,134.5202,134.97,23226527.0
1587614400,2020-04-23,136.5,142.38,136.05,137.74,26295813.0
1587700800,2020-04-24,137.0,137.57,128.33,128.98,36328536.0
1587960000,2020-04-27,129.97,131.2,123.83,128.68,34951872.0
1588046400,2020-04-28,133.88,137.2,127.74,131.3,38237420.0
1588132800,2020-04-29,138.08,147.18,135.25,139.0,60917786.0
1588219200,2020-04-30,137.67,144.65,132.31,141.02,38181800.0
1588305600,2020-05-01,143.23,143.71,132.84,133.37,36886974.0
1588564800,2020-05-04,127.115,131.5,124.35,131.46,30980036.0
1588651200,2020-05-05,132.88,133.8,125.0,125.4,30770516.0
1588737600,2020-05-06,125.8,126.8591,121.37,121.86,29813212.0
1588824000,2020-05-07,122.81,130.71,122.36,128.65,29703579.0
1588910400,2020-05-08,132.57,135.55,131.56,133.44,23049571.0
1589169600,2020-05-11,130.92,131.0,127.95,128.91,20463349.0
1589256000,2020-05-12,129.72,133.12,125.1989,125.22,23029387.0
1589342400,2020-05-13,125.0,125.07,119.33,121.5,26331581.0
1589428800,2020-05-14,118.98,122.61,113.89,122.52,37668918.0
1589515200,2020-05-15,118.33,121.8899,117.78,120.0,27105067.0
1589774400,2020-05-18,126.18,136.2,125.7998,135.44,44315190.0
1589860800,2020-05-19,137.0,137.04,130.28,130.48,32565201.0
1589947200,2020-05-20,133.27,135.45,131.3101,133.32,22055431.0
1590033600,2020-05-21,137.0,144.239,136.1508,139.0,48809827.0
1590120000,2020-05-22,141.01,141.08,135.7766,137.53,21373785.0
1590465600,2020-05-26,145.21,145.91,142.61,144.73,30886045.0
1590552000,2020-05-27,149.14,149.65,141.24,149.52,33084743.0
1590638400,2020-05-28,156.1,156.7,149.05,149.82,35235102.0
1590724800,2020-05-29,145.3,152.0,142.94,145.85,34289887.0
1590984000,2020-06-01,145.45,153.55,144.55,151.39,27425174.0
1591070400,2020-06-02,154.0,155.85,151.8101,153.31,25212184.0
1591156800,2020-06-03,157.1,173.78,155.49,173.16,67038947.0
1591243200,2020-06-04,181.28,188.6,177.4,184.3,67423938.0
1591329600,2020-06-05,205.0,218.79,197.36,205.43,100136566.0
1591588800,2020-06-08,222.94,234.2,218.93,230.5,82034744.0
1591675200,2020-06-09,222.14,227.0,213.08,216.81,67007320.0
1591761600,2020-06-10,211.17,213.03,197.4,203.41,90695871.0
1591848000,2020-06-11,179.35,192.18,166.01,170.0,103849653.0
1591934400,2020-06-12,187.15,191.3,176.26,189.51,89674427.0
1592193600,2020-06-15,177.18,193.23,175.89,190.94,78862226.0
1592280000,2020-06-16,207.15,208.3,192.6,197.77,76836931.0
1592366400,2020-06-17,194.52,196.43,191.25,192.54,53318761.0
1592452800,2020-06-18,188.04,198.0345,187.2,192.29,61044223.0
1592539200,2020-06-19,197.9,197.96,184.571,187.02,69575491.0
1592798400,2020-06-22,184.56,188.7,181.9,188.52,54474688.0
1592884800,2020-06-23,189.3,190.12,183.55,187.88,50630810.0
1592971200,2020-06-24,183.61,185.2,176.07,176.69,56886997.0
1593057600,2020-06-25,169.87,177.5,169.59,174.88,57784014.0
1593144000,2020-06-26,173.42,173.85,167.6,170.01,52467636.0
1593403200,2020-06-29,181.0,194.5,176.27,194.49,79079176.0
1593489600,2020-06-30,188.02,188.49,180.38,183.3,66026291.0
1593576000,2020-07-01,185.88,190.61,180.04,180.32,49324711.0
1593662400,2020-07-02,185.58,187.79,180.43,180.81,42360961.0
1594008000,2020-07-06,184.52,189.36,181.6,187.91,49918186.0
1594094400,2020-07-07,185.07,185.07,178.65,178.88,37636107.0
1594180800,2020-07-08,179.05,181.58,175.51,180.08,38655453.0
1594267200,2020-07-09,179.67,180.75,172.81,173.28,33749230.0
1594353600,2020-07-10,171.7,179.3251,169.75,178.44,41229673.0
1594612800,2020-07-13,180.2,183.25,174.3601,175.65,43904262.0
1594699200,2020-07-14,177.0,181.3,173.41,179.96,39596246.0
1594785600,2020-07-15,185.54,189.53,181.25,187.94,48563760.0
1594872000,2020-07-16,184.32,184.59,177.3385,178.7,35275509.0
1594958400,2020-07-17,178.41,181.1,175.55,175.66,26361961.0
1595217600,2020-07-20,175.13,176.57,171.62,174.42,26009926.0
1595304000,2020-07-21,178.43,182.65,176.75,178.63,41160014.0
1595390400,2020-07-22,176.43,182.95,175.39,179.79,29956932.0
1595476800,2020-07-23,178.0,182.5,175.42,176.45,29862311.0
1595563200,2020-07-24,175.49,181.0999,173.6,173.76,28657705.0
1595822400,2020-07-27,173.19,174.14,169.0,170.21,30591450.0
1595908800,2020-07-28,168.46,173.74,168.23,170.84,25511390.0
1595995200,2020-07-29,172.9,173.01,162.25,166.0,51986630.0
1596081600,2020-07-30,162.88,164.5499,160.64,161.95,29384454.0
1596168000,2020-07-31,161.55,163.4,156.26,158.0,30668550.0
1596427200,2020-08-03,156.51,163.58,153.41,162.27,38975638.0
1596513600,2020-08-04,164.63,167.4,163.01,165.07,30976653.0
1596600000,2020-08-05,167.6,174.98,166.4,174.28,46997890.0
1596686400,2020-08-06,172.8,175.57,170.6,172.2,33180522.0
1596772800,2020-08-07,171.5,171.8599,168.7,170.02,19586020.0
1597032000,2020-08-10,171.36,179.79,171.33,179.41,36356310.0
1597118400,2020-08-11,184.51,189.97,179.53,180.13,61713824.0
1597204800,2020-08-12,184.01,184.149,173.19,175.44,40955913.0
1597291200,2020-08-13,173.74,179.47,172.4301,174.73,23158225.0
1597377600,2020-08-14,173.09,179.47,172.35,178.08,32577559.0
1597636800,2020-08-17,178.24,178.29,171.4085,172.01,23556556.0
1597723200,2020-08-18,172.01,173.238,169.01,170.23,21703533.0
1597809600,2020-08-19,170.44,174.1,169.09,169.27,25855926.0
1597896000,2020-08-20,168.54,170.84,165.86,169.58,23452200.0
1597982400,2020-08-21,168.35,170.0839,167.27,167.5,17169425.0
1598241600,2020-08-24,168.78,178.27,167.93,178.27,39681254.0
1598328000,2020-08-25,180.46,180.63,172.44,174.73,31564789.0
1598414400,2020-08-26,173.8,174.4299,171.35,171.9,16377501.0
1598500800,2020-08-27,174.71,181.31,173.5601,174.2,29828614.0
1598587200,2020-08-28,175.11,177.28,172.57,175.8,20790323.0
1598846400,2020-08-31,174.57,175.2699,171.7,171.82,16771716.0
1598932800,2020-09-01,170.71,175.49,169.25,172.1,19245514.0
1599019200,2020-09-02,172.7398,175.0,171.45,174.78,16919884.0
1599105600,2020-09-03,175.0,180.85,168.12,168.77,28261023.0
1599192000,2020-09-04,171.31,172.83,164.0,171.05,19111435.0
1599537600,2020-09-08,165.8,166.9,160.5,161.08,23195842.0
1599624000,2020-09-09,161.61,163.06,157.0,160.78,23097501.0
1599710400,2020-09-10,160.96,163.78,157.57,157.69,14819541.0
1599796800,2020-09-11,158.0,161.3592,156.32,160.23,15011577.0
1600056000,2020-09-14,161.75,165.94,158.9,165.35,17966952.0
1600142400,2020-09-15,166.65,168.84,163.33,163.49,15058468.0
1600228800,2020-09-16,161.95,170.57,160.31,167.46,22131077.0
1600315200,2020-09-17,164.63,168.455,161.05,167.53,19981922.0
1600401600,2020-09-18,165.66,169.72,161.02,161.14,25065685.0
1600660800,2020-09-21,157.83,158.83,154.2,156.35,23474809.0
1600747200,2020-09-22,156.81,160.0678,154.95,156.8,17943286.0
1600833600,2020-09-23,157.33,160.42,150.89,151.18,18625501.0
1600920000,2020-09-24,150.29,150.31,145.02,146.05,27438810.0
1601006400,2020-09-25,146.85,156.3116,146.415,156.03,29199023.0
1601265600,2020-09-28,160.33,168.0,159.2,166.08,39290400.0
1601352000,2020-09-29,164.77,165.5,162.01,163.6,20444600.0
1601438400,2020-09-30,164.5,170.98,164.11,165.26,38866329.0
1601524800,2020-10-01,170.15,172.76,165.57,167.86,31139631.0
1601611200,2020-10-02,161.86,169.78,161.8,168.08,32646245.0
1601870400,2020-10-05,169.49,172.08,167.51,171.2,19293255.0
1601956800,2020-10-06,173.0,175.56,159.33,159.54,47595238.0
1602043200,2020-10-07,163.71,166.3447,162.38,164.61,26998784.0
1602129600,2020-10-08,166.22,168.09,163.5401,168.0,20860414.0
1602216000,2020-10-09,169.93,170.0,166.82,167.33,17959677.0
1602475200,2020-10-12,167.75,169.2,165.95,167.35,12372093.0
1602561600,2020-10-13,165.36,165.5299,162.09,162.14,15409454.0
1602648000,2020-10-14,162.7,165.17,162.49,163.24,10728231.0
1602734400,2020-10-15,161.01,164.54,158.73,164.24,13380359.0
1602820800,2020-10-16,171.22,173.42,167.27,167.35,32020118.0
1603080000,2020-10-19,169.09,170.84,166.11,167.11,16825207.0
1603166400,2020-10-20,168.29,169.29,166.18,167.24,12494611.0
1603252800,2020-10-21,166.44,167.63,163.82,163.86,12030464.0
1603339200,2020-10-22,164.4027,169.63,164.095,169.07,14855232.0
1603425600,2020-10-23,169.99,170.26,166.05,167.36,10141287.0
1603684800,2020-10-26,164.95,165.5,159.05,160.83,16577065.0
1603771200,2020-10-27,159.16,160.25,155.0,155.24,15740415.0
1603857600,2020-10-28,153.0,153.95,148.0,148.14,20615305.0
1603944000,2020-10-29,148.03,150.1,146.6,148.29,14882873.0
1604030400,2020-10-30,147.2,149.1699,141.58,144.39,15810661.0
1604293200,2020-11-02,145.75,149.59,143.38,148.6,14889480.0
1604379600,2020-11-03,151.83,154.82,150.64,153.65,12493938.0
1604466000,2020-11-04,153.17,155.4,151.17,151.63,11727766.0
1604552400,2020-11-05,152.48,157.63,152.1009,157.09,12898941.0
1604638800,2020-11-06,156.33,158.47,154.52,157.74,9395288.0
1604898000,2020-11-09,179.0,184.46,172.16,179.36,49532792.0
1604984400,2020-11-10,182.8,193.95,180.38,188.69,46750851.0
1605070800,2020-11-11,189.89,190.0,180.41,182.15,31208750.0
1605157200,2020-11-12,178.99,184.59,176.25,176.72,20599749.0
1605243600,2020-11-13,178.9997,187.27,178.71,187.11,20323926.0
1605502800,2020-11-16,194.56,202.94,191.3501,202.4,41127384.0
1605589200,2020-11-17,200.25,211.2,196.05,210.05,38590255.0
1605675600,2020-11-18,223.02,223.02,203.0,203.3,66270297.0
1605762000,2020-11-19,200.45,209.44,199.9007,205.67,34547655.0
1605848400,2020-11-20,204.59,206.58,199.17,199.62,18486666.0
1606107600,2020-11-23,203.24,214.2099,201.87,211.53,29017422.0
1606194000,2020-11-24,219.43,222.95,215.76,218.49,31802694.0
1606280400,2020-11-25,217.71,221.0,213.09,217.61,19409933.0
1606453200,2020-11-27,218.25,219.93,216.04,216.5,10075518.0
1606712400,2020-11-30,215.7,217.7799,208.5188,210.71,16977762.0
1606798800,2020-12-01,214.31,218.09,213.0,213.01,16356888.0
1606885200,2020-12-02,213.01,224.99,210.3,223.85,26494638.0
1606971600,2020-12-03,228.3,242.0,226.53,237.2,46321902.0
1607058000,2020-12-04,236.36,238.1799,230.25,232.71,29870937.0
1607317200,2020-12-07,238.5,244.08,237.11,238.17,34310059.0
1607403600,2020-12-08,238.7,241.7,234.46,236.57,19928077.0
1607490000,2020-12-09,238.72,240.84,228.28,232.06,19814927.0
1607576400,2020-12-10,228.1,237.01,228.02,234.43,16584893.0
1607662800,2020-12-11,233.09,236.22,228.33,230.33,17871318.0
1607922000,2020-12-14,235.0,237.63,228.37,228.62,19782886.0
1608008400,2020-12-15,230.0,232.5,224.36,229.5,19531284.0
1608094800,2020-12-16,229.33,232.37,225.2959,225.87,18407468.0
1608181200,2020-12-17,227.24,228.49,220.53,221.24,17930523.0
1608267600,2020-12-18,222.05,223.464,218.61,219.75,21316820.0
1608526800,2020-12-21,212.34,219.43,211.1,219.31,19438769.0
1608613200,2020-12-22,223.65,223.89,217.7,218.78,14018055.0
1608699600,2020-12-23,219.55,224.4022,219.32,219.69,11290428.0
1608786000,2020-12-24,219.62,219.88,216.05,217.15,6499513.0
1609131600,2020-12-28,218.19,219.2,215.1627,216.09,9518387.0
1609218000,2020-12-29,218.32,221.68,215.4,216.25,14759003.0
1609304400,2020-12-30,216.36,218.554,214.365,216.67,11655235.0
1609390800,2020-12-31,216.08,216.9,212.7,214.06,10817019.0
1609736400,2021-01-04,210.09,210.2,202.4911,202.72,21652085.0
1609822800,2021-01-05,204.74,213.35,204.6,211.63,20092815.0
1609909200,2021-01-06,210.22,215.61,209.34,211.03,16667176.0
1609995600,2021-01-07,213.39,216.6,211.78,212.71,14981056.0
1610082000,2021-01-08,213.61,214.1,208.155,209.9,14586873.0
1610341200,2021-01-11,203.0,207.7799,201.01,206.79,17223462.0
1610427600,2021-01-12,206.65,209.06,204.81,208.41,13299179.0
1610514000,2021-01-13,207.15,208.79,204.85,207.21,8722926.0
1610600400,2021-01-14,208.79,214.19,208.21,209.91,12716423.0
1610686800,2021-01-15,208.96,209.25,204.2,204.32,11437849.0
1611032400,2021-01-19,206.99,211.52,206.52,210.71,12226713.0
1611118800,2021-01-20,213.24,215.59,211.21,211.45,9995472.0
1611205200,2021-01-21,211.72,211.93,206.34,207.41,11455056.0
1611291600,2021-01-22,205.6,206.6999,204.27,205.84,7752847.0
1611550800,2021-01-25,203.265,203.8,199.3,203.36,14883647.0
1611637200,2021-01-26,205.34,208.35,201.79,202.06,11301991.0
1611723600,2021-01-27,196.9,199.47,191.8504,194.03,21544039.0
1611810000,2021-01-28,198.045,200.42,196.0,197.23,11171079.0
1611896400,2021-01-29,198.3,201.57,193.1201,194.19,14170288.0
1612155600,2021-02-01,196.0,197.38,192.86,195.84,9614429.0
1612242000,2021-02-02,198.98,203.03,198.09,200.94,11400834.0
1612328400,2021-02-03,202.0,208.16,201.2606,207.39,12084583.0
1612414800,2021-02-04,209.87,212.48,208.02,210.64,12131013.0
1612501200,2021-02-05,212.16,213.1988,206.66,207.93,9893572.0
1612760400,2021-02-08,209.55,211.99,208.3,211.95,12157805.0
1612846800,2021-02-09,210.6,216.73,208.9027,215.12,13753868.0
1612933200,2021-02-10,215.65,217.49,211.12,211.92,11726734.0
1613019600,2021-02-11,212.235,213.99,208.5709,210.66,7261839.0
1613106000,2021-02-12,210.36,213.16,209.67,210.98,6228192.0
1613451600,2021-02-16,213.08,217.4,212.3301,217.18,10695187.0
1613538000,2021-02-17,215.57,218.71,212.68,215.52,9631391.0
1613624400,2021-02-18,213.45,214.34,208.08,208.48,9299224.0
1613710800,2021-02-19,213.45,214.34,208.08,208.48,9299224.0
1613970000,2021-02-22,211.89,220.39,210.8,212.88,21843786.0
1614056400,2021-02-23,214.15,214.75,206.6,212.12,16445910.0
1614142800,2021-02-24,212.0,229.61,211.6,229.34,31103876.0
1614229200,2021-02-25,227.8,228.5,214.71,216.45,19565265.0
1614315600,2021-02-26,218.51,220.66,211.29,212.01,13221000.0
1614574800,2021-03-01,219.6,226.98,219.02,224.39,19048883.0
1614661200,2021-03-02,224.8,227.19,222.15,223.14,11541571.0
1614747600,2021-03-03,226.36,235.4,225.04,228.56,30705317.0
1614834000,2021-03-04,232.73,237.1027,218.7,224.71,26889853.0
1614920400,2021-03-05,229.01,229.92,213.8,223.22,20349219.0
1615179600,2021-03-08,226.67,229.89,223.71,224.03,14055306.0
1615266000,2021-03-09,226.81,234.06,222.5801,230.61,21491049.0
1615352400,2021-03-10,233.81,246.8,232.88,245.34,28148773.0
1615438800,2021-03-11,248.77,256.65,246.55,252.0,30423807.0
1615525200,2021-03-12,253.86,269.72,253.5,269.19,35464338.0
1615780800,2021-03-15,274.15,278.5671,264.33,265.63,35314938.0
1615867200,2021-03-16,263.23,264.17,254.02,255.21,29150124.0
1615953600,2021-03-17,254.7,263.61,253.68,263.59,24377251.0
1616040000,2021-03-18,261.24,267.3693,254.73,256.06,25061520.0
1616126400,2021-03-19,257.75,258.88,251.31,255.82,19667712.0
1616385600,2021-03-22,255.82,257.6699,250.16,251.23,15654931.0
1616472000,2021-03-23,249.26,251.3,239.43,241.25,21752152.0
1616558400,2021-03-24,243.75,248.8,239.06,239.24,24379897.0
1616644800,2021-03-25,234.34,247.58,231.7,247.19,28007695.0
1616731200,2021-03-26,249.62,250.9,240.3,244.87,17431306.0
1616990400,2021-03-29,251.3,254.71,248.03,250.52,22800643.0
1617076800,2021-03-30,251.24,253.5,248.91,252.01,12964985.0
1617163200,2021-03-31,254.7,257.88,253.36,254.72,14536094.0
1617249600,2021-04-01,256.67,257.88,251.31,252.96,11104868.0
1617595200,2021-04-05,256.56,260.48,256.25,259.36,14027900.0
1617681600,2021-04-06,257.21,259.35,254.6643,255.17,11382403.0
1617768000,2021-04-07,255.31,255.9,250.83,252.58,10167841.0
1617854400,2021-04-08,251.7,254.95,249.31,254.95,10296622.0
1617940800,2021-04-09,250.51,252.8399,249.438,252.36,12428349.0
1618200000,2021-04-12,250.57,251.55,246.29,249.52,10383611.0
1618286400,2021-04-13,248.33,254.4873,246.1,253.27,15901402.0
1618372800,2021-04-14,255.32,258.37,251.28,252.43,13050867.0
1618459200,2021-04-15,253.56,254.12,249.43,251.11,9479008.0
1618545600,2021-04-16,252.0,253.05,246.2312,248.18,14503427.0
1618804800,2021-04-19,247.0,247.0,244.15,244.15,69503.0
1618891200,2021-04-20,241.03,241.088,232.34,234.06,19483582.0
1618977600,2021-04-21,232.22,236.76,230.22,235.92,13116191.0
1619064000,2021-04-22,235.955,239.6499,233.38,234.33,14215063.0
1619150400,2021-04-23,233.89,238.58,233.11,238.38,11755875.0
1619409600,2021-04-26,240.24,244.65,240.1,241.44,10802392.0
1619496000,2021-04-27,241.88,243.49,239.41,242.47,10993283.0
1619582400,2021-04-28,239.0,239.65,232.85,235.46,19322734.0
1619668800,2021-04-29,237.0,237.68,231.8,235.94,12464732.0
1619755200,2021-04-30,233.68,236.77,232.7,234.31,10633248.0
1620014400,2021-05-03,234.11,237.1,233.81,235.19,10226553.0
1620100800,2021-05-04,235.75,236.65,225.65,233.63,18147936.0
1620187200,2021-05-05,232.45,233.49,227.56,228.18,15092659.0
1620273600,2021-05-06,229.3,231.165,226.545,229.81,12348900.0
1620360000,2021-05-07,229.8,235.905,227.99,235.47,13056421.0
1620619200,2021-05-10,236.84,241.1049,232.5,232.93,14813949.0
1620705600,2021-05-11,226.56,230.1299,223.85,228.88,16499894.0
1620792000,2021-05-12,227.25,229.74,220.63,220.78,15830544.0
1620878400,2021-05-13,223.0,229.27,219.07,222.64,16886499.0
1620964800,2021-05-14,225.99,228.81,224.35,228.47,10146288.0
1621224000,2021-05-17,226.24,228.26,223.58,227.98,16067672.0
1621310400,2021-05-18,227.25,232.2652,226.43,227.55,17024914.0
1621396800,2021-05-19,223.18,225.12,220.28,224.42,22175224.0
1621483200,2021-05-20,225.13,228.4389,223.77,227.65,15663289.0
1621569600,2021-05-21,232.9,236.3,231.39,234.82,27871867.0
1621828800,2021-05-24,235.14,238.5,232.6,237.44,17021596.0
1621915200,2021-05-25,240.0,243.78,239.23,240.74,21798847.0
1622001600,2021-05-26,241.7,242.49,239.87,241.37,12173258.0
1622088000,2021-05-27,248.11,252.6,247.19,250.7,30955909.0
1622174400,2021-05-28,247.475,248.98,245.37,247.02,18937931.0
1622520000,2021-06-01,253.0,255.64,251.52,254.73,23167901.0
1622606400,2021-06-02,255.6,258.3957,254.62,255.62,18227672.0
1622692800,2021-06-03,252.98,254.8,249.69,250.32,17659402.0
1622779200,2021-06-04,251.51,251.7999,248.49,249.92,15020580.0
1623038400,2021-06-07,251.5,253.1999,248.81,252.66,18522912.0
1623124800,2021-06-08,256.26,256.31,250.0,252.76,26044440.0
1623211200,2021-06-09,251.2,253.17,247.91,248.06,18263587.0
1623297600,2021-06-10,251.72,255.14,248.1,248.34,24612586.0
1623384000,2021-06-11,250.35,251.12,245.78,247.28,17035911.0
1623643200,2021-06-14,246.44,249.2,244.4,245.14,9614087.0
1623729600,2021-06-15,245.36,248.51,244.94,246.54,10948457.0
1623816000,2021-06-16,245.25,246.0601,241.55,242.27,11035552.0
1623902400,2021-06-17,241.96,243.5,237.33,239.22,11182782.0
1623988800,2021-06-18,237.79,239.31,235.8,237.35,13384094.0
1624248000,2021-06-21,238.66,245.62,237.25,245.28,15737882.0
1624334400,2021-06-22,244.5,244.63,241.08,243.78,10352562.0
1624420800,2021-06-23,244.8,246.87,243.17,243.57,10147004.0
1624507200,2021-06-24,245.2,250.74,243.7,250.57,14418091.0
1624593600,2021-06-25,250.75,252.3,248.25,248.38,10086294.0
1624852800,2021-06-28,244.73,245.08,238.88,239.96,18647768.0
1624939200,2021-06-29,243.74,244.37,235.66,235.76,17268258.0
1625025600,2021-06-30,236.24,241.17,236.0,239.56,12596962.0
1625112000,2021-07-01,240.36,241.8,238.61,239.73,9829688.0
1625198400,2021-07-02,239.55,240.1073,233.47,236.68,16217811.0
1625544000,2021-07-06,236.85,237.1727,233.47,236.14,11529999.0
1625630400,2021-07-07,235.17,238.01,230.5201,231.78,11942903.0
1625716800,2021-07-08,227.48,237.47,226.16,236.77,18429531.0
1625803200,2021-07-09,237.77,240.38,236.22,239.59,12816314.0
1626062400,2021-07-12,237.99,240.77,236.4626,238.29,9542535.0
1626148800,2021-07-13,232.27,234.49,228.16,228.2,21466054.0
1626235200,2021-07-14,229.02,230.515,224.3,224.45,12728361.0
1626321600,2021-07-15,222.88,226.666,220.8,222.76,12655260.0
1626408000,2021-07-16,223.11,224.0,217.0338,217.74,12971800.0
1626667200,2021-07-19,211.18,211.55,204.8,206.99,24710223.0
1626753600,2021-07-20,208.1,217.3699,206.62,217.15,17619120.0
1626840000,2021-07-21,219.5,224.09,218.9,222.54,11771386.0
1626926400,2021-07-22,221.52,222.25,218.31,220.87,10065602.0
1627012800,2021-07-23,222.97,224.63,220.94,221.52,9498308.0
1627272000,2021-07-26,220.0,226.1209,219.89,225.85,9252763.0
1627358400,2021-07-27,223.17,225.7,220.42,222.27,8990925.0
1627444800,2021-07-28,234.05,237.49,231.3301,231.57,19645848.0
1627531200,2021-07-29,233.69,234.8199,231.12,231.63,9005647.0
1627617600,2021-07-30,229.39,231.18,225.4,226.48,10360150.0
1627876800,2021-08-02,227.19,230.47,224.87,225.34,9145799.0
1627963200,2021-08-03,225.9,229.1,221.3,229.09,7654923.0
1628049600,2021-08-04,226.42,232.35,225.33,226.63,10040670.0
1628136000,2021-08-05,226.68,231.54,226.49,229.94,8831394.0
1628222400,2021-08-06,231.55,233.57,230.42,231.33,6590271.0
1628481600,2021-08-09,229.0,233.5723,226.89,232.27,8634281.0
1628568000,2021-08-10,231.97,236.85,231.62,235.78,9810798.0
1628654400,2021-08-11,236.61,239.59,234.58,239.49,9948727.0
1628740800,2021-08-12,240.0,241.15,236.51,238.18,7132190.0
1628827200,2021-08-13,238.01,239.69,234.2848,234.46,6568551.0
1629086400,2021-08-16,231.9,232.03,227.14,229.06,8171549.0
1629172800,2021-08-17,226.2,226.24,219.8,222.22,13351958.0
1629259200,2021-08-18,221.73,223.65,218.9,219.0,9263442.0
1629345600,2021-08-19,216.3,218.2965,211.73,212.16,11709498.0
1629432000,2021-08-20,212.31,214.7399,210.94,212.67,9541914.0
1629691200,2021-08-23,215.83,220.18,215.38,219.4,10643036.0
1629777600,2021-08-24,220.11,223.1,219.8,221.43,9313336.0
1629864000,2021-08-25,221.5,222.3,219.1,221.03,6671920.0
1629950400,2021-08-26,221.41,222.9,215.91,216.5,8478071.0
1630036800,2021-08-27,217.47,222.43,216.86,221.75,7873712.0
1630296000,2021-08-30,222.35,222.37,217.53,217.66,7812368.0
1630382400,2021-08-31,217.33,221.325,217.0854,219.5,7076219.0
1630468800,2021-09-01,220.0,221.76,217.62,218.12,7319925.0
1630555200,2021-09-02,218.95,223.84,218.08,220.83,9121640.0
1630641600,2021-09-03,219.454,221.18,217.46,218.17,6601667.0
1630987200,2021-09-07,215.91,216.71,212.17,214.24,13675853.0
1631073600,2021-09-08,213.6,216.08,210.51,211.38,9186626.0
1631160000,2021-09-09,211.15,216.61,210.72,213.94,9409741.0
1631246400,2021-09-10,215.16,215.89,210.12,210.3,7155269.0
1631505600,2021-09-13,211.35,215.64,209.88,214.48,10596750.0
1631592000,2021-09-14,215.84,216.11,210.711,211.57,10396718.0
1631678400,2021-09-15,211.79,214.35,210.32,214.22,8273649.0
1631764800,2021-09-16,213.96,216.31,213.31,213.36,6654582.0
1631851200,2021-09-17,213.12,215.37,211.91,213.36,8810295.0
1632110400,2021-09-20,210.81,212.43,206.53,209.5,10973383.0
1632196800,2021-09-21,210.25,211.76,207.72,208.51,7317394.0
1632283200,2021-09-22,210.0,217.99,209.65,216.98,11344179.0
1632369600,2021-09-23,217.81,222.62,217.1501,221.1,9565574.0
1632456000,2021-09-24,219.13,222.41,218.66,221.39,6736043.0
1632715200,2021-09-27,224.0,228.6,223.8775,224.16,10014067.0
1632801600,2021-09-28,222.9,224.577,216.4201,218.41,9873475.0
1632888000,2021-09-29,227.8,229.9399,224.86,225.36,17122490.0
1632974400,2021-09-30,226.08,226.15,219.46,219.94,10855201.0
1633060800,2021-10-01,222.85,226.72,220.6,226.0,9458610.0
1633320000,2021-10-04,225.68,227.9707,222.0,223.79,7304295.0
1633406400,2021-10-05,224.27,226.45,222.42,224.42,5910052.0
1633492800,2021-10-06,221.08,225.07,219.2001,224.99,7387834.0
1633579200,2021-10-07,227.34,229.0,225.9,226.48,8136802.0
1633665600,2021-10-08,226.75,228.7124,225.4,226.39,4694183.0
1633924800,2021-10-11,226.5,232.1,225.32,226.45,7448844.0
1634011200,2021-10-12,226.0,228.66,223.12,223.57,8854901.0
1634097600,2021-10-13,224.0,224.2995,219.36,221.78,8513373.0
1634184000,2021-10-14,221.07,222.18,217.0411,217.44,10900012.0
1634270400,2021-10-15,218.165,219.61,216.28,217.04,9019678.0
1634529600,2021-10-18,216.0,217.28,214.05,216.98,6940786.0
1634616000,2021-10-19,217.47,217.6585,215.28,215.97,6342794.0
1634702400,2021-10-20,215.49,218.66,214.35,216.17,8937598.0
1634788800,2021-10-21,216.54,218.1122,213.81,214.34,8951831.0
1634875200,2021-10-22,214.6,216.72,212.575,212.97,7309886.0
1635134400,2021-10-25,213.25,213.25,212.87,212.87,781819.0
1635220800,2021-10-26,213.19,214.85,208.18,209.81,11258541.0
1635307200,2021-10-27,212.85,212.9,205.64,206.61,15152330.0
1635393600,2021-10-28,206.0,208.74,204.6,207.85,9240853.0
1635480000,2021-10-29,206.84,208.24,205.29,207.03,8892839.0
1635739200,2021-11-01,207.0,214.69,206.81,214.58,9704277.0
1635825600,2021-11-02,213.83,215.715,210.7,212.77,6416420.0
1635912000,2021-11-03,211.47,213.76,210.8721,213.38,4922192.0
1635998400,2021-11-04,213.8,214.82,211.87,213.03,6117039.0
1636084800,2021-11-05,217.7,224.58,217.7,224.46,17558738.0
1636347600,2021-11-08,225.24,226.99,222.11,222.68,10302583.0
1636434000,2021-11-09,222.49,222.85,217.54,220.79,7650088.0
1636520400,2021-11-10,219.36,225.68,217.27,218.5,8683830.0
1636606800,2021-11-11,220.5,222.65,218.9,219.38,6791435.0
1636693200,2021-11-12,219.72,223.75,218.9,220.96,6643510.0
1636952400,2021-11-15,227.37,233.94,226.92,233.09,22583388.0
1637038800,2021-11-16,232.94,232.95,225.51,225.8,10469101.0
1637125200,2021-11-17,229.54,231.32,224.2,226.62,11075239.0
1637211600,2021-11-18,230.3,231.5,224.951,227.25,11545496.0
1637298000,2021-11-19,225.07,225.33,213.23,214.13,21439506.0
1637557200,2021-11-22,215.0,215.02,208.95,209.9,11195167.0
1637643600,2021-11-23,211.5,212.99,207.77,209.13,9596079.0
1637730000,2021-11-24,207.52,211.22,206.87,210.6,5688617.0
1637902800,2021-11-26,197.57,199.42,194.0,199.21,17838585.0
1638162000,2021-11-29,201.87,204.28,195.33,198.5,12767318.0
1638248400,2021-11-30,196.02,198.82,193.85,197.85,13340238.0
1638334800,2021-12-01,200.81,201.62,188.0,188.19,13859959.0
1638421200,2021-12-02,196.8,202.54,192.41,202.38,20582970.0
1638507600,2021-12-03,198.7,199.9,195.4201,198.49,10956465.0
1638766800,2021-12-06,199.77,206.4201,199.2,205.88,12627254.0
1638853200,2021-12-07,207.06,211.65,206.38,208.83,10921233.0
1638939600,2021-12-08,209.18,212.6799,207.71,211.03,7382142.0
1639026000,2021-12-09,207.53,208.545,205.2,207.56,7386727.0
1639112400,2021-12-10,208.81,209.0,203.48,205.06,6311443.0
1639371600,2021-12-13,202.5,202.81,195.55,197.4,11116076.0
1639458000,2021-12-14,195.6,200.5,195.18,195.5,9132375.0
1639544400,2021-12-15,195.28,196.5799,190.32,195.43,10996836.0
1639630800,2021-12-16,197.0,198.3175,190.44,190.79,8831847.0
1639717200,2021-12-17,190.27,194.77,187.88,192.63,14200749.0
1639976400,2021-12-20,188.11,190.36,185.26,188.48,10866023.0
1640062800,2021-12-21,190.28,199.69,190.04,199.52,12913830.0
1640149200,2021-12-22,199.46,202.93,197.94,201.69,8482548.0
1640235600,2021-12-23,202.13,205.13,201.32,204.22,7849830.0
1640581200,2021-12-27,201.99,203.43,199.1,203.17,8171354.0
1640667600,2021-12-28,202.23,208.9373,201.65,206.13,9181170.0
1640754000,2021-12-29,205.36,205.41,202.6,203.66,6407050.0
1640840400,2021-12-30,203.0,206.0,202.6,202.71,7238518.0
1640926800,2021-12-31,202.2,203.69,200.03,201.32,8444099.0
1641186000,2022-01-03,204.0,210.55,203.34,207.86,9612721.0
1641272400,2022-01-04,211.3,214.5555,209.78,213.63,11885612.0
1641358800,2022-01-05,216.64,218.93,211.81,213.07,12057035.0
1641445200,2022-01-06,214.64,216.0,207.86,211.34,7432959.0
1641531600,2022-01-07,212.98,218.32,212.3825,215.5,10025609.0
1641790800,2022-01-10,214.26,215.28,207.13,209.31,8820020.0
1641877200,2022-01-11,209.0,217.03,208.41,216.02,8446695.0
1641963600,2022-01-12,217.09,221.24,216.3,217.45,9721705.0
1642050000,2022-01-13,222.25,226.89,220.05,223.9,18125722.0
1642136400,2022-01-14,222.16,226.2,220.25,225.96,8446647.0
1642482000,2022-01-18,224.5,229.67,224.26,225.01,9348267.0
1642568400,2022-01-19,225.1,225.42,216.94,217.08,9726141.0
1642654800,2022-01-20,217.38,221.95,213.42,214.19,8261529.0
1642741200,2022-01-21,213.79,213.79,204.57,205.44,12082936.0
1643000400,2022-01-24,199.85,204.2,193.94,204.2,4852766.0
1643086800,2022-01-25,200.1,205.63,197.5501,204.1,9497277.0
1643173200,2022-01-26,206.214,206.214,191.92,194.27,19401257.0
1643259600,2022-01-27,196.38,199.7073,188.64,189.75,13123253.0
1643346000,2022-01-28,188.78,190.72,183.77,190.57,11372008.0
1643605200,2022-01-31,190.73,200.34,190.0,200.24,16201190.0
1643691600,2022-02-01,202.48,208.89,200.495,208.34,12752298.0
1643778000,2022-02-02,205.43,208.3857,203.21,207.52,8434739.0
1643864400,2022-02-03,206.06,209.1,204.26,206.39,7514653.0
1643950800,2022-02-04,205.0,208.25,203.1,206.45,6214747.0
1644210000,2022-02-07,205.79,214.37,205.42,211.92,12174337.0
1644296400,2022-02-08,212.68,213.87,209.69,213.27,7654775.0
1644382800,2022-02-09,214.91,217.04,213.3004,215.86,7942637.0
1644469200,2022-02-10,213.71,223.23,213.695,218.75,12025161.0
1644555600,2022-02-11,217.87,221.42,210.27,212.3,11851845.0
1644814800,2022-02-14,213.0,215.63,208.76,210.04,6793870.0
1644901200,2022-02-15,214.84,219.5394,213.69,217.73,10719791.0
1644987600,2022-02-16,216.1,219.68,215.28,218.93,6027787.0
1645074000,2022-02-17,218.47,218.5799,212.67,213.58,6460018.0
1645160400,2022-02-18,212.56,214.7288,208.6,209.03,7446944.0
1645506000,2022-02-22,205.0,206.9,197.82,198.74,10857176.0
1645592400,2022-02-23,201.13,203.2499,195.91,196.42,7661860.0
1645678800,2022-02-24,189.29,198.855,186.88,198.43,13783760.0
1645765200,2022-02-25,201.09,204.07,199.1006,201.48,9292713.0
1646024400,2022-02-28,198.58,207.31,196.75,205.34,10716652.0
1646110800,2022-03-01,203.11,203.5,192.93,194.91,12279776.0
1646197200,2022-03-02,196.27,199.85,194.6413,197.81,7856745.0
1646283600,2022-03-03,197.94,198.5,188.71,188.85,12951734.0
1646370000,2022-03-04,187.37,188.3203,178.97,180.84,13485804.0
1646629200,2022-03-07,181.03,182.72,169.06,169.17,13381793.0
1646715600,2022-03-08,169.91,173.8,169.91,173.8,1139728.0
1646802000,2022-03-09,179.8,182.87,177.41,178.56,10550780.0
1646888400,2022-03-10,175.76,182.02,175.39,178.39,8828222.0
1646974800,2022-03-11,183.59,184.86,175.95,176.23,9645058.0
1647230400,2022-03-14,175.88,178.2289,172.57,175.52,8478840.0
1647316800,2022-03-15,176.3,180.5,175.6,179.89,8525755.0
1647403200,2022-03-16,183.39,189.6,182.3,188.99,12566306.0
1647489600,2022-03-17,186.36,190.24,185.27,190.19,8543210.0
1647576000,2022-03-18,192.07,193.38,190.1,192.83,15692562.0
1647835200,2022-03-21,184.4,187.265,180.61,185.9,29110089.0
1647921600,2022-03-22,185.24,192.8629,184.52,191.04,15221523.0
1648008000,2022-03-23,189.67,190.16,185.03,186.04,8974613.0
1648094400,2022-03-24,186.35,189.19,184.72,189.05,7655137.0
1648180800,2022-03-25,187.76,191.7,186.93,188.95,6948526.0
1648440000,2022-03-28,188.43,189.26,184.47,188.16,7613428.0
1648526400,2022-03-29,191.62,196.36,191.2,193.8,8768304.0
1648612800,2022-03-30,192.32,197.45,191.36,194.91,10750336.0
1648699200,2022-03-31,195.0,197.5799,191.45,191.5,6990652.0
1648785600,2022-04-01,192.58,192.616,188.78,190.76,5154142.0
1649044800,2022-04-04,190.02,191.8448,186.91,191.18,8721575.0
1649131200,2022-04-05,189.7,192.35,182.52,182.65,9764197.0
1649217600,2022-04-06,180.4,180.57,176.5802,178.72,8552114.0
1649304000,2022-04-07,178.13,178.66,173.87,177.97,7758626.0
1649390400,2022-04-08,176.54,178.13,174.24,175.2,6823107.0
1649649600,2022-04-11,173.84,179.67,173.4,175.03,6313493.0
1649736000,2022-04-12,175.5,178.5,174.53,176.28,6421320.0
1649822400,2022-04-13,176.96,183.46,176.96,182.87,7664018.0
1649908800,2022-04-14,182.75,185.54,181.64,181.94,5567553.0
1650254400,2022-04-18,181.45,182.46,178.55,179.85,5245724.0
1650340800,2022-04-19,180.36,187.61,180.28,185.98,7799547.0
1650427200,2022-04-20,187.24,187.34,182.86,183.55,7143934.0
1650513600,2022-04-21,188.73,189.85,180.55,181.02,8337663.0
1650600000,2022-04-22,180.78,182.67,176.5,176.92,6683136.0
1650859200,2022-04-25,174.51,176.08,172.45,175.91,6576478.0
1650945600,2022-04-26,174.76,174.87,166.85,167.04,9669539.0
1651032000,2022-04-27,161.25,161.25,146.0,154.46,40606434.0
1651118400,2022-04-28,156.61,156.79,149.0,154.22,14022247.0
1651204800,2022-04-29,153.44,157.0299,148.52,148.84,11464302.0
1651464000,2022-05-02,147.63,149.4517,143.3821,148.61,12992244.0
1651550400,2022-05-03,149.09,154.4494,147.91,153.58,10565738.0
1651636800,2022-05-04,152.91,157.14,150.7723,156.97,9931323.0
1651723200,2022-05-05,155.69,157.99,149.05,150.47,8570531.0
1651809600,2022-05-06,149.96,150.9,145.85,148.9,8068905.0
1652068800,2022-05-09,146.0,146.95,132.65,133.31,13049506.0
1652155200,2022-05-10,136.76,137.835,130.3301,132.95,12274392.0
1652241600,2022-05-11,132.95,138.96,129.11,129.39,12101078.0
1652328000,2022-05-12,126.89,128.53,120.28,123.14,16334253.0
1652414400,2022-05-13,124.98,130.8,122.38,127.2,20944301.0
1652673600,2022-05-16,127.05,131.1242,122.35,124.05,11185148.0
1652760000,2022-05-17,126.905,132.83,125.79,132.05,12526469.0
1652846400,2022-05-18,130.34,132.1,124.36,125.52,10030079.0
1652932800,2022-05-19,124.4,128.4,123.7,127.14,8413381.0
1653019200,2022-05-20,128.77,128.85,117.08,120.7,19455381.0
1653278400,2022-05-23,121.7,124.48,120.34,124.07,10818367.0
1653364800,2022-05-24,122.44,122.7,117.29,119.4,9496735.0
1653451200,2022-05-25,119.17,122.595,118.76,122.06,8064141.0
1653537600,2022-05-26,123.1,128.8416,122.74,127.73,8719852.0
1653624000,2022-05-27,128.77,132.23,128.32,132.23,7646224.0
1653969600,2022-05-31,131.03,132.99,128.86,131.4,8624309.0
1654056000,2022-06-01,133.0,134.33,127.01,130.65,10373855.0
1654142400,2022-06-02,132.14,140.55,131.87,140.5,13537510.0
1654228800,2022-06-03,138.52,140.7,137.585,139.25,10474884.0
1654488000,2022-06-06,139.99,141.14,136.83,139.24,6622717.0
1654574400,2022-06-07,137.49,141.24,135.91,140.82,5779566.0
1654660800,2022-06-08,139.13,142.2063,138.4401,139.63,5898410.0
1654747200,2022-06-09,139.35,139.66,133.7,133.73,6347205.0
1654833600,2022-06-10,130.27,132.1949,126.85,127.0,8272607.0
1655092800,2022-06-13,123.0,123.25,114.14,115.86,17239675.0
1655179200,2022-06-14,116.65,122.19,113.02,122.16,18132827.0
1655265600,2022-06-15,124.35,134.99,123.83,133.72,26108654.0
1655352000,2022-06-16,131.7,135.34,131.26,133.36,20312353.0
1655438400,2022-06-17,132.25,138.98,131.5,136.8,19334956.0
1655784000,2022-06-21,139.17,140.9395,135.84,136.75,11270601.0
1655870400,2022-06-22,134.03,138.79,133.28,137.16,8292699.0
1655956800,2022-06-23,136.42,137.42,130.0917,133.97,11174474.0
1656043200,2022-06-24,135.01,141.87,134.95,141.53,15128848.0
1656302400,2022-06-27,140.28,140.5725,136.22,138.72,9653380.0
1656388800,2022-06-28,140.89,147.18,138.54,138.7,12529775.0
1656475200,2022-06-29,138.61,138.92,134.84,138.45,8181872.0
1656561600,2022-06-30,134.3,137.49,131.6,136.72,9135350.0
1656648000,2022-07-01,135.88,141.79,135.4,139.84,8075528.0
1656993600,2022-07-05,136.25,138.07,131.29,137.7,10534048.0
1657080000,2022-07-06,137.54,138.71,134.46,136.31,6970038.0
1657166400,2022-07-07,137.93,142.275,137.8985,139.97,8076558.0
1657252800,2022-07-08,139.7,140.7391,137.3747,139.07,5895623.0
1657512000,2022-07-11,137.77,139.24,134.89,136.99,6668124.0
1657598400,2022-07-12,136.86,149.32,136.81,147.15,18958049.0
1657684800,2022-07-13,142.785,146.41,142.18,143.95,9425505.0
1657771200,2022-07-14,141.11,147.49,140.61,147.15,10047823.0
1657857600,2022-07-15,149.17,149.7359,144.65,147.74,8378425.0
1658116800,2022-07-18,153.305,155.94,147.2,147.72,14392985.0
1658203200,2022-07-19,149.61,156.28,148.97,156.13,14577294.0
1658289600,2022-07-20,156.0,159.4,154.26,158.38,8980293.0
1658376000,2022-07-21,158.89,161.655,156.19,161.41,8407663.0
1658462400,2022-07-22,161.8,163.3399,157.77,158.16,8027023.0
1658721600,2022-07-25,156.94,157.31,152.84,156.64,6186348.0
1658808000,2022-07-26,155.24,158.18,154.5,155.92,6441659.0
1658894400,2022-07-27,161.12,162.74,152.8,156.09,16738400.0
1658980800,2022-07-28,154.02,160.1,153.03,159.09,9066419.0
1659067200,2022-07-29,157.95,159.84,155.54,159.31,6281599.0
1659326400,2022-08-01,165.95,171.76,164.25,169.07,18925010.0
1659412800,2022-08-02,167.0,167.325,163.14,163.28,11343857.0
1659499200,2022-08-03,164.51,167.52,162.33,166.64,6988439.0
1659585600,2022-08-04,165.77,168.12,164.41,166.5,5317188.0
1659672000,2022-08-05,164.4,167.07,163.93,165.04,5186104.0
1659931200,2022-08-08,166.41,171.09,164.7115,165.89,11582653.0
1660017600,2022-08-09,166.51,166.51,163.45,164.85,6413576.0
1660104000,2022-08-10,168.35,171.14,167.25,169.02,7581842.0
1660190400,2022-08-11,170.5,171.7599,167.05,167.88,5238869.0
1660276800,2022-08-12,168.39,170.11,167.57,169.99,4620226.0
1660536000,2022-08-15,169.29,172.55,168.32,170.47,4976322.0
1660622400,2022-08-16,170.0,173.85,169.15,172.08,5537170.0
1660708800,2022-08-17,169.61,169.85,166.09,167.2,6857631.0
1660795200,2022-08-18,167.2,169.1799,165.77,168.69,4795693.0
1660881600,2022-08-19,166.33,166.84,162.58,162.92,6179811.0
1661140800,2022-08-22,159.4,160.2682,157.91,158.98,5724016.0
1661227200,2022-08-23,159.14,161.6899,159.0806,160.07,3637890.0
1661313600,2022-08-24,162.27,164.14,161.3801,163.6,4539459.0
1661400000,2022-08-25,164.56,169.65,163.7,169.38,5397306.0
1661486400,2022-08-26,170.0,171.37,164.27,164.53,5348561.0
1661745600,2022-08-29,162.28,166.9021,162.2,165.42,5256534.0
1661832000,2022-08-30,167.27,169.92,160.7201,162.21,6598434.0
1661918400,2022-08-31,163.0,163.551,160.14,160.25,4688692.0
1662004800,2022-09-01,158.0,158.9,150.82,153.66,8105132.0
1662091200,2022-09-02,155.19,156.99,151.48,151.82,5623716.0
1662436800,2022-09-06,152.39,154.48,150.46,152.39,6269892.0
1662523200,2022-09-07,151.26,156.345,150.87,155.95,5681921.0
1662609600,2022-09-08,155.0,158.3,153.84,157.79,5441349.0
1662696000,2022-09-09,158.0,159.75,156.95,157.52,6199448.0
1662955200,2022-09-12,158.46,160.97,157.45,158.72,5798489.0
1663041600,2022-09-13,153.6,155.19,147.13,147.31,9308526.0
1663128000,2022-09-14,146.9,149.7,144.3,149.26,9380782.0
1663214400,2022-09-15,147.88,153.45,147.28,149.78,10489898.0
1663300800,2022-09-16,145.23,145.63,141.35,144.29,12493425.0
1663560000,2022-09-19,142.62,146.99,142.35,144.88,5549605.0
1663646400,2022-09-20,145.26,147.67,143.9,145.94,7009816.0
1663732800,2022-09-21,146.77,149.87,143.21,143.29,6685404.0
1663819200,2022-09-22,143.13,143.7,138.29,138.71,6596425.0
1663905600,2022-09-23,135.65,136.185,129.5,131.26,9346110.0
1664164800,2022-09-26,129.77,132.45,126.88,127.34,7559229.0
1664251200,2022-09-27,129.32,130.45,125.6,127.51,7100311.0
1664337600,2022-09-28,128.04,133.89,127.4,133.44,10691370.0
1664424000,2022-09-29,131.2,131.61,123.8,125.33,9327998.0
1664510400,2022-09-30,123.14,125.475,120.99,121.08,9112827.0
1664769600,2022-10-03,122.0,127.15,121.02,126.05,8396396.0
1664856000,2022-10-04,129.4,133.57,129.33,133.51,7605618.0
1664942400,2022-10-05,130.28,133.55,128.26,132.11,6862595.0
1665028800,2022-10-06,131.13,133.3099,129.7407,132.2,4697722.0
1665115200,2022-10-07,130.36,130.607,128.02,129.79,5619414.0
1665374400,2022-10-10,131.42,135.74,130.2007,131.9,7169935.0
1665460800,2022-10-11,132.96,135.36,129.5101,131.57,8885653.0
1665547200,2022-10-12,128.43,131.34,127.86,130.42,6716536.0
1665633600,2022-10-13,126.5,134.7,124.17,132.4,8282188.0
1665720000,2022-10-14,135.59,136.41,131.37,133.15,6406356.0
1665979200,2022-10-17,136.98,137.28,133.2601,136.09,10218650.0
1666065600,2022-10-18,139.0,139.42,135.22,137.34,6468059.0
1666152000,2022-10-19,137.17,141.2,136.63,138.39,6914772.0
1666238400,2022-10-20,138.36,141.88,138.36,139.13,4581809.0
1666324800,2022-10-21,138.48,141.33,136.62,141.32,6030554.0
1666584000,2022-10-24,142.85,142.88,139.2815,142.05,5456261.0
1666670400,2022-10-25,142.09,146.88,141.88,146.65,6835530.0
1666756800,2022-10-26,147.05,150.14,132.205,133.79,30334657.0
1666843200,2022-10-27,137.1,143.1024,136.6201,139.76,14441628.0
1666929600,2022-10-28,141.16,144.73,139.9314,143.84,8483241.0
1667188800,2022-10-31,141.88,144.449,139.52,142.51,6805809.0
1667275200,2022-11-01,143.99,145.25,141.835,143.38,6211694.0
1667361600,2022-11-02,142.12,153.59,141.54,147.41,20749947.0
1667448000,2022-11-03,142.12,153.59,141.54,147.41,20749947.0
1667534400,2022-11-04,156.66,160.98,154.495,160.01,9856097.0
1667797200,2022-11-07,161.4,166.6999,160.63,164.91,10220309.0
1667883600,2022-11-08,166.0,170.55,164.9117,169.62,11274519.0
1667970000,2022-11-09,169.29,171.62,166.86,168.74,8893769.0
1668056400,2022-11-10,172.14,179.32,171.75,177.58,12374959.0
1668142800,2022-11-11,176.4,178.0299,172.99,177.49,8885945.0
1668402000,2022-11-14,176.5,178.19,173.5,173.55,5598338.0
1668488400,2022-11-15,175.49,176.69,172.75,175.35,7207867.0
1668574800,2022-11-16,174.11,174.79,171.85,172.69,4438554.0
1668661200,2022-11-17,169.3,173.15,168.52,172.78,4881887.0
1668747600,2022-11-18,173.98,175.1899,171.53,173.89,4690886.0
1669006800,2022-11-21,172.53,174.72,171.12,172.94,3501842.0
1669093200,2022-11-22,173.65,174.99,171.0,172.5,4370635.0
1669179600,2022-11-23,172.09,175.0,171.77,174.85,3523516.0
1669352400,2022-11-25,174.35,178.46,174.0301,178.36,3476919.0
1669611600,2022-11-28,176.17,177.14,171.7,171.83,5358932.0
1669698000,2022-11-29,172.88,175.95,172.56,175.32,5077828.0
1669784400,2022-11-30,178.0,179.98,174.2005,178.88,6778734.0
1669870800,2022-12-01,178.88,179.7,174.69,175.78,4517476.0
1669957200,2022-12-02,173.12,183.45,172.85,182.87,10550599.0
1670216400,2022-12-05,182.0,188.4499,180.8002,185.1,10456278.0
1670302800,2022-12-06,184.01,184.79,177.01,178.43,8236878.0
1670389200,2022-12-07,176.28,178.43,174.62,176.5,5871242.0
1670475600,2022-12-08,179.32,184.88,178.61,179.08,6707652.0
1670562000,2022-12-09,180.75,183.89,179.2501,179.54,6348215.0
1670821200,2022-12-12,180.8,186.69,180.5,186.27,8098395.0
1670907600,2022-12-13,191.11,191.11,184.85,187.13,10975251.0
1670994000,2022-12-14,187.33,189.67,185.41,188.25,5814881.0
1671080400,2022-12-15,186.25,187.975,181.2801,183.72,5347787.0
1671166800,2022-12-16,182.79,186.61,181.295,184.7,7901551.0
1671426000,2022-12-19,184.92,188.04,184.71,185.68,6605378.0
1671512400,2022-12-20,186.18,189.91,185.74,188.29,6156847.0
1671598800,2022-12-21,190.04,196.4,189.72,196.0,9175376.0
1671685200,2022-12-22,193.82,194.17,185.67,188.25,6928514.0
1671771600,2022-12-23,188.25,189.43,184.72,189.06,3980759.0
1672117200,2022-12-27,189.58,192.44,187.6169,189.4,5014846.0
1672203600,2022-12-28,189.32,191.32,187.425,188.38,4426251.0
1672290000,2022-12-29,189.0,190.25,186.19,188.91,4518946.0
1672376400,2022-12-30,187.5,190.65,187.04,190.49,4004503.0
1672722000,2023-01-03,192.95,197.175,192.4,195.39,8624570.0
1672808400,2023-01-04,195.18,203.76,195.1758,203.64,9746939.0
1672894800,2023-01-05,201.72,204.99,200.78,204.99,6913273.0
1672981200,2023-01-06,205.3,213.04,203.55,213.0,11245021.0
1673240400,2023-01-09,212.36,213.88,207.91,208.57,9005601.0
1673326800,2023-01-10,203.9,209.6022,203.4608,206.69,8183236.0
1673413200,2023-01-11,209.87,210.47,206.69,208.03,7190749.0
1673499600,2023-01-12,209.58,214.92,207.3701,214.32,8208101.0
1673586000,2023-01-13,212.0,216.64,211.58,214.13,6208598.0
1673931600,2023-01-17,212.71,213.34,209.07,211.41,6150658.0
1674018000,2023-01-18,212.9,213.4245,209.2,209.41,5403094.0
1674104400,2023-01-19,206.77,209.67,204.82,207.09,5813518.0
1674190800,2023-01-20,207.47,207.99,204.78,206.76,5466561.0
1674450000,2023-01-23,208.36,211.09,206.99,209.97,5481938.0
1674536400,2023-01-24,205.0,212.15,205.0,211.98,4753703.0
1674622800,2023-01-25,205.8,214.75,203.11,212.68,16106547.0
1674709200,2023-01-26,213.48,213.79,207.2,212.73,7288144.0
1674795600,2023-01-27,211.32,212.88,209.42,211.17,5218884.0
1675054800,2023-01-30,209.19,211.36,207.71,209.67,6066779.0
1675141200,2023-01-31,210.15,213.11,208.24,213.0,5162983.0
1675227600,2023-02-01,212.11,218.97,211.9,214.75,8462076.0
1675314000,2023-02-02,215.15,215.29,208.3,209.34,6513357.0
1675400400,2023-02-03,207.71,210.75,205.618,206.01,5392288.0
1675659600,2023-02-06,205.19,208.21,203.69,206.81,3903023.0
1675746000,2023-02-07,208.04,215.15,206.92,214.76,7311187.0
1675832400,2023-02-08,213.07,215.77,211.78,213.5,4229794.0
1675918800,2023-02-09,214.46,215.4521,210.06,211.99,5018879.0
1676005200,2023-02-10,212.01,214.5,210.5,212.89,4860124.0
1676264400,2023-02-13,213.6,216.355,211.5,215.65,5193329.0
1676350800,2023-02-14,214.02,221.33,213.15,218.45,10033115.0
1676437200,2023-02-15,217.16,218.25,214.6,217.44,4852436.0
1676523600,2023-02-16,215.0,216.52,212.17,212.21,4387973.0
1676610000,2023-02-17,211.21,211.76,207.6196,211.66,4983508.0
1676955600,2023-02-21,208.99,210.84,205.05,205.52,4663756.0
1677042000,2023-02-22,205.31,207.665,204.65,205.76,2920010.0
1677128400,2023-02-23,207.45,209.692,205.76,208.13,4139351.0
1677214800,2023-02-24,200.0,201.7,197.36,198.15,9652861.0
1677474000,2023-02-27,199.87,203.1259,199.06,200.46,4318866.0
1677560400,2023-02-28,201.0,202.38,199.32,201.55,3589900.0
1677646800,2023-03-01,201.47,205.435,200.85,204.55,4402266.0
1677733200,2023-03-02,203.78,210.33,203.15,210.06,5454074.0
1677819600,2023-03-03,210.25,216.12,209.4,215.11,7491132.0
1678078800,2023-03-06,214.12,214.75,209.6,211.92,7004436.0
1678165200,2023-03-07,211.31,213.175,207.775,207.92,4619710.0
1678251600,2023-03-08,208.25,208.88,205.94,207.2,2406897.0
1678338000,2023-03-09,208.32,209.02,200.3,201.24,4284026.0
1678424400,2023-03-10,201.43,205.0,197.79,203.07,8534787.0
1678680000,2023-03-13,200.2,207.08,197.11,203.37,6670595.0
1678766400,2023-03-14,207.53,213.5599,205.0,207.28,8245664.0
1678852800,2023-03-15,201.92,202.2077,192.41,198.21,10894034.0
1678939200,2023-03-16,196.205,203.9104,194.43,203.19,6752125.0
1679025600,2023-03-17,201.35,202.8336,199.0,201.05,9853492.0
1679284800,2023-03-20,201.12,205.87,200.87,204.77,4763997.0
1679371200,2023-03-21,207.3,207.86,203.89,204.7,4673304.0
1679457600,2023-03-22,203.68,203.83,196.01,196.16,7311578.0
1679544000,2023-03-23,197.9,201.5,195.14,197.9,6266894.0
1679630400,2023-03-24,195.5,197.57,193.9202,197.53,4511462.0
1679889600,2023-03-27,198.63,201.55,198.63,200.57,3891702.0
1679976000,2023-03-28,200.82,206.3,200.485,204.96,5460587.0
1680062400,2023-03-29,206.5,208.6467,205.88,207.97,3572163.0
1680148800,2023-03-30,208.97,212.8699,206.5207,211.04,6583391.0
1680235200,2023-03-31,211.75,214.8,211.39,212.43,5142712.0
1680494400,2023-04-03,212.8,218.57,212.53,215.39,6085935.0
1680580800,2023-04-04,212.0,213.99,209.12,213.9,6192254.0
1680667200,2023-04-05,212.23,214.23,208.671,210.0,4138426.0
1680753600,2023-04-06,210.0,212.37,208.22,211.37,5618125.0
1681099200,2023-04-10,211.0,214.1,209.73,210.78,3729340.0
1681185600,2023-04-11,213.29,214.5,211.86,212.32,5277549.0
1681272000,2023-04-12,213.66,214.3,210.13,212.34,4600326.0
1681358400,2023-04-13,213.0,213.68,211.495,213.59,4501594.0
1681444800,2023-04-14,202.59,204.2819,198.1541,201.71,19049418.0
1681704000,2023-04-17,202.0,206.1,200.8,205.03,6306078.0
1681790400,2023-04-18,205.5,208.9356,203.72,208.37,7445759.0
1681876800,2023-04-19,207.12,210.87,206.94,208.71,4757402.0
1681963200,2023-04-20,207.42,209.88,206.0776,207.23,3322910.0
1682049600,2023-04-21,208.0,208.376,204.18,205.15,3428675.0
1682308800,2023-04-24,204.87,206.5,203.25,205.77,3058925.0
1682395200,2023-04-25,204.54,204.94,201.12,202.19,4699498.0
1682481600,2023-04-26,208.25,211.7,202.68,203.03,9137206.0
1682568000,2023-04-27,204.65,209.09,203.53,206.04,5105173.0
1682654400,2023-04-28,204.51,206.95,202.9,206.78,3709162.0
1682913600,2023-05-01,206.25,208.52,203.62,203.87,3776842.0
1683000000,2023-05-02,203.0,204.19,200.09,203.25,3970843.0
1683086400,2023-05-03,204.36,206.1014,200.55,200.93,4537939.0
1683172800,2023-05-04,200.65,201.25,193.27,197.05,6934072.0
1683259200,2023-05-05,198.09,199.04,196.76,198.34,3869862.0
1683518400,2023-05-08,199.16,199.66,196.4,197.26,4677387.0
1683604800,2023-05-09,201.21,204.61,198.78,201.88,9329516.0
1683691200,2023-05-10,203.14,203.2,198.25,200.84,3923706.0
1683777600,2023-05-11,199.25,202.55,198.07,201.84,3322037.0
1683864000,2023-05-12,201.84,203.11,198.82,200.7,3168041.0
1684123200,2023-05-15,200.01,203.32,198.65,202.77,2842669.0
1684209600,2023-05-16,201.82,202.36,199.9401,200.87,3013181.0
1684296000,2023-05-17,202.71,208.58,202.71,206.87,6641940.0
1684382400,2023-05-18,206.45,208.17,204.01,207.24,4349708.0
1684468800,2023-05-19,208.11,208.37,204.63,205.49,3891483.0
1684728000,2023-05-22,205.51,206.98,203.9,205.91,3094296.0
1684814400,2023-05-23,204.58,207.4891,202.445,202.6,4011110.0
1684900800,2023-05-24,201.32,201.32,197.5,199.27,4371635.0
1684987200,2023-05-25,199.99,201.75,196.6,200.87,3909225.0
1685073600,2023-05-26,201.6,204.8,201.18,203.63,3817669.0
1685419200,2023-05-30,204.09,207.7999,203.3101,204.69,3978166.0
1685505600,2023-05-31,203.5,206.19,200.91,205.7,5461557.0
1685592000,2023-06-01,206.46,210.23,206.0,207.96,5125111.0
1685678400,2023-06-02,210.0,215.24,210.0,213.32,7486308.0
1685937600,2023-06-05,213.28,213.28,207.5,208.78,5781323.0
1686024000,2023-06-06,208.37,211.68,200.61,207.29,10957200.0
1686110400,2023-06-07,207.99,212.38,207.2,211.93,6462334.0
1686196800,2023-06-08,212.34,220.0,212.05,218.11,9364668.0
1686283200,2023-06-09,217.99,219.1574,215.69,217.31,5300208.0
1686542400,2023-06-12,217.16,223.91,216.63,221.56,8072614.0
1686628800,2023-06-13,222.35,223.12,219.35,220.38,5880968.0
1686715200,2023-06-14,221.4,221.585,216.0313,216.9,5629060.0
1686801600,2023-06-15,217.17,220.61,215.31,219.41,5001434.0
1686888000,2023-06-16,220.72,223.87,218.975,219.99,7803924.0
1687233600,2023-06-20,218.89,219.29,211.88,212.37,8226382.0
1687320000,2023-06-21,211.83,212.99,209.3875,212.08,5356373.0
1687406400,2023-06-22,205.61,208.4999,203.65,205.61,7066257.0
1687492800,2023-06-23,204.02,205.61,202.55,205.41,6380230.0
1687752000,2023-06-26,206.11,207.09,204.66,205.58,3444886.0
1687838400,2023-06-27,206.15,209.66,206.08,209.43,4465457.0
1687924800,2023-06-28,211.21,212.19,209.45,210.72,4276104.0
1688011200,2023-06-29,211.12,213.22,210.23,211.83,3443613.0
1688097600,2023-06-30,213.14,213.24,209.38,211.16,5410798.0
1688356800,2023-07-03,210.5,212.1686,210.24,210.92,2131076.0
1688529600,2023-07-05,210.0,214.28,207.89,213.31,4928369.0
1688616000,2023-07-06,212.48,213.61,209.58,212.62,4683146.0
1688702400,2023-07-07,212.94,215.66,211.83,212.1,4893552.0
1688961600,2023-07-10,211.84,213.59,211.22,213.31,3497126.0
1689048000,2023-07-11,212.915,218.98,211.35,218.76,7458379.0
1689134400,2023-07-12,219.51,221.56,216.92,217.11,5123180.0
1689220800,2023-07-13,218.13,218.9,216.3,216.85,4291711.0
1689307200,2023-07-14,217.0,217.016,212.81,213.12,4295545.0
1689566400,2023-07-17,212.5,214.23,211.735,211.87,3621510.0
1689652800,2023-07-18,211.0,213.04,209.5699,211.57,5895775.0
1689739200,2023-07-19,211.12,211.87,208.235,208.6,4814147.0
1689825600,2023-07-20,208.83,215.1,208.8,213.61,5782188.0
1689912000,2023-07-21,213.89,215.6,211.64,211.8,4056797.0
1690171200,2023-07-24,212.06,215.94,211.46,215.87,4898343.0
1690257600,2023-07-25,214.2,214.82,210.81,214.12,6513324.0
1690344000,2023-07-26,222.16,233.09,221.77,232.8,24923798.0
1690430400,2023-07-27,235.245,238.67,231.83,233.75,12018318.0
1690516800,2023-07-28,236.12,240.13,235.7,238.69,7059535.0
1690776000,2023-07-31,238.99,239.07,236.21,238.85,4897786.0
1690862400,2023-08-01,237.55,243.1,237.31,238.01,4983842.0
1690948800,2023-08-02,234.985,236.68,230.69,231.38,5332963.0
1691035200,2023-08-03,231.0,233.577,230.4,231.36,3285836.0
1691121600,2023-08-04,232.29,234.91,230.08,231.36,3500706.0
1691380800,2023-08-07,232.74,238.98,232.74,238.25,6068012.0
1691467200,2023-08-08,236.52,240.73,236.0,238.04,5149188.0
1691553600,2023-08-09,238.54,241.24,236.4061,237.86,4044413.0
1691640000,2023-08-10,238.45,241.58,237.04,238.26,3710810.0
1691726400,2023-08-11,237.61,238.26,235.12,235.72,2652075.0
1691985600,2023-08-14,237.0,238.65,235.75,236.71,2486937.0
1692072000,2023-08-15,235.0,235.56,231.5401,232.26,3201850.0
1692158400,2023-08-16,231.5,234.67,229.6002,229.95,2273334.0
1692244800,2023-08-17,230.57,231.64,224.26,224.54,4359412.0
1692331200,2023-08-18,222.23,226.79,221.68,226.65,3583166.0
1692590400,2023-08-21,226.8,227.6899,225.1006,227.22,2734618.0
1692676800,2023-08-22,228.08,230.48,226.93,230.07,3012892.0
1692763200,2023-08-23,230.0,230.54,227.105,228.58,3004523.0
1692849600,2023-08-24,222.51,224.2,217.09,217.31,9132574.0
1692936000,2023-08-25,218.41,223.77,212.8801,223.41,12352325.0
1693195200,2023-08-28,224.21,227.45,223.2901,227.06,4641754.0
1693281600,2023-08-29,225.88,229.4,225.6638,227.25,3716674.0
1693368000,2023-08-30,227.08,231.17,226.65,228.85,3328307.0
1693454400,2023-08-31,229.33,230.4339,222.93,224.03,6953817.0
1693540800,2023-09-01,226.0,226.23,221.95,223.4,3658372.0
1693886400,2023-09-05,223.1,224.0916,221.2,222.57,3246493.0
1693972800,2023-09-06,221.77,222.7878,216.4249,217.95,4233539.0
1694059200,2023-09-07,217.5,220.55,214.86,216.05,4929554.0
1694145600,2023-09-08,215.825,216.0,210.51,211.27,5759416.0
1694404800,2023-09-11,213.76,214.2,208.77,211.01,4522284.0
1694491200,2023-09-12,209.35,212.26,208.58,210.65,3256456.0
1694577600,2023-09-13,210.0,212.18,207.75,208.4,3538052.0
1694664000,2023-09-14,209.14,210.44,208.1,209.05,3974822.0
1694750400,2023-09-15,209.28,209.83,206.88,208.11,4670575.0
1695009600,2023-09-18,207.91,207.91,204.98,205.12,4299154.0
1695096000,2023-09-19,205.395,205.658,202.39,204.48,4043319.0
1695182400,2023-09-20,205.87,206.25,202.31,202.37,3742064.0
1695268800,2023-09-21,201.0,203.6,199.71,199.95,4751023.0
1695355200,2023-09-22,199.96,200.74,197.14,197.71,4452354.0
1695614400,2023-09-25,196.84,198.98,195.19,198.78,3527080.0
1695700800,2023-09-26,197.79,199.39,195.42,195.64,3666267.0
1695787200,2023-09-27,196.01,196.4,192.77,195.46,4015734.0
1695873600,2023-09-28,193.7,195.2615,190.03,190.43,8009512.0
1695960000,2023-09-29,191.92,192.95,190.17,191.68,5158381.0
1696219200,2023-10-02,191.47,192.44,186.93,187.83,5244881.0
1696305600,2023-10-03,188.625,192.49,188.2,188.92,7285528.0
1696392000,2023-10-04,188.85,190.6324,184.34,186.73,7419797.0
1696478400,2023-10-05,186.16,188.095,184.135,186.29,4331652.0
1696564800,2023-10-06,185.37,188.64,182.55,187.38,5364254.0
1696824000,2023-10-09,188.0,189.49,185.68,188.49,4575848.0
1696910400,2023-10-10,190.01,194.3,188.76,193.53,8062374.0
1696996800,2023-10-11,195.47,199.6199,194.27,196.07,7393965.0
1697083200,2023-10-12,195.1,195.7,189.96,191.3,5668343.0
1697169600,2023-10-13,186.27,187.29,183.175,184.91,8222733.0
1697428800,2023-10-16,185.91,186.23,182.5,184.93,4700967.0
1697515200,2023-10-17,183.75,188.3299,183.3,185.6,5121790.0
1697601600,2023-10-18,187.22,190.249,185.05,185.69,6268102.0
1697688000,2023-10-19,185.5,187.05,182.54,182.79,4043655.0
1697774400,2023-10-20,182.68,183.3899,179.85,180.04,4523504.0
1698033600,2023-10-23,179.44,183.72,178.43,181.03,4146155.0
1698120000,2023-10-24,183.21,184.35,181.8,182.36,4652873.0
1698206400,2023-10-25,186.0,187.0,176.25,177.73,13806359.0
1698292800,2023-10-26,177.11,182.95,176.53,179.09,6961818.0
1698379200,2023-10-27,180.0,182.3299,179.01,179.69,4606335.0
1698638400,2023-10-30,179.42,184.16,179.42,182.35,5507131.0
1698724800,2023-10-31,183.38,187.29,181.32,186.82,5043020.0
1698811200,2023-11-01,189.69,190.7799,187.501,189.38,5832249.0
1698897600,2023-11-02,190.9,192.94,190.34,192.01,4312986.0
1698984000,2023-11-03,194.0,197.14,193.71,195.05,4485079.0
1699246800,2023-11-06,195.88,196.15,192.46,192.95,4222217.0
1699333200,2023-11-07,192.17,192.17,189.57,191.41,4012944.0
1699419600,2023-11-08,191.45,192.44,190.135,191.83,2984209.0
1699506000,2023-11-09,193.03,197.07,192.56,193.33,4576286.0
1699592400,2023-11-10,195.0,197.26,194.21,196.65,4790116.0
1699851600,2023-11-13,203.49,206.8486,202.51,204.54,13040325.0
1699938000,2023-11-14,207.25,208.56,205.98,207.47,7280095.0
1700024400,2023-11-15,208.21,211.09,207.6,208.71,5205859.0
1700110800,2023-11-16,207.5,207.89,204.81,206.6,4655085.0
1700197200,2023-11-17,208.36,209.42,206.82,208.04,3568497.0
1700456400,2023-11-20,211.01,218.88,210.94,217.71,11587366.0
1700542800,2023-11-21,216.5,219.375,216.07,218.27,5362089.0
1700629200,2023-11-22,218.0,221.5,217.7,219.91,5386266.0
1700802000,2023-11-24,220.61,221.59,218.96,220.0,2312135.0
1701061200,2023-11-27,218.81,219.53,217.66,219.3,3691177.0
1701147600,2023-11-28,222.01,224.8,219.41,222.37,7817757.0
1701234000,2023-11-29,223.35,224.99,221.3408,224.43,5424445.0
1701320400,2023-11-30,225.0,233.0,224.9957,231.63,8736249.0
1701406800,2023-12-01,231.77,235.38,231.38,233.87,6956207.0
1701666000,2023-12-04,231.3,234.94,230.07,234.87,5228476.0
1701752400,2023-12-05,233.54,234.74,231.49,234.16,3589846.0
1701838800,2023-12-06,234.78,239.23,234.43,236.89,4740614.0
1701925200,2023-12-07,236.9,238.3,230.0,237.33,6363664.0
1702011600,2023-12-08,237.32,244.7,237.32,244.7,7171150.0
1702270800,2023-12-11,243.5,248.08,243.31,248.08,7545047.0
1702357200,2023-12-12,247.95,250.5686,247.4,248.63,5719220.0
1702443600,2023-12-13,249.1,251.87,247.5316,250.91,5513393.0
1702530000,2023-12-14,250.91,257.12,249.26,256.24,7883554.0
1702616400,2023-12-15,255.7,265.52,255.7,264.27,14995889.0
1702875600,2023-12-18,260.63,263.13,260.25,260.41,6140097.0
1702962000,2023-12-19,261.04,265.34,260.8001,263.51,6089492.0
1703048400,2023-12-20,262.25,266.1298,260.15,260.25,5151674.0
1703134800,2023-12-21,265.95,267.54,260.19,262.02,6487150.0
1703221200,2023-12-22,261.83,262.8424,259.2,260.44,4433959.0
1703566800,2023-12-26,259.8,263.7599,259.54,262.79,3938565.0
1703653200,2023-12-27,262.63,264.66,260.9,262.1,3484867.0
1703739600,2023-12-28,261.53,262.1,257.68,260.35,5096448.0
1703826000,2023-12-29,260.67,262.22,259.5613,260.66,3686554.0
1704171600,2024-01-02,257.28,258.59,250.87,251.76,5815219.0
1704258000,2024-01-03,248.32,250.13,243.0,243.91,7219930.0
1704344400,2024-01-04,244.58,248.28,244.18,244.94,5170739.0
1704430800,2024-01-05,245.04,250.19,245.04,249.0,3849746.0
1704690000,2024-01-08,228.0,233.85,225.79,229.0,40730433.0
1704776400,2024-01-09,225.66,228.7899,223.2,225.76,20687539.0
1704862800,2024-01-10,226.9,231.6099,226.64,227.84,12883738.0
1704949200,2024-01-11,228.07,228.28,222.62,222.66,11830489.0
1705035600,2024-01-12,219.97,222.07,217.04,217.7,11285521.0
1705381200,2024-01-16,210.07,210.98,199.5,200.52,35289981.0
1705467600,2024-01-17,202.63,206.3,201.65,203.06,20140113.0
1705554000,2024-01-18,205.64,213.04,203.315,211.61,20046757.0
1705640400,2024-01-19,210.89,215.16,209.23,215.02,14345444.0
1705899600,2024-01-22,213.07,217.0,212.36,214.93,10760764.0
1705986000,2024-01-23,215.35,216.85,211.13,211.5,9076878.0
1706072400,2024-01-24,209.83,217.59,209.355,214.13,15119120.0
1706158800,2024-01-25,208.2,208.73,198.32,201.88,22112472.0
1706245200,2024-01-26,203.08,206.75,203.0,205.47,9911195.0
1706504400,2024-01-29,206.06,207.04,203.85,205.19,7535398.0
1706590800,2024-01-30,203.65,203.98,199.14,200.44,13321189.0
1706677200,2024-01-31,204.92,213.77,203.25,211.04,22409376.0
1706763600,2024-02-01,213.84,214.6324,206.81,209.81,10679209.0
1706850000,2024-02-02,209.06,209.54,206.3501,209.38,6275335.0
1707109200,2024-02-05,204.64,207.34,202.0,206.63,8682514.0
1707195600,2024-02-06,206.02,210.6399,203.89,208.58,7561923.0
1707282000,2024-02-07,208.76,213.77,207.99,211.92,7747653.0
1707368400,2024-02-08,212.4,213.1,208.72,209.22,5787652.0
1707454800,2024-02-09,209.77,211.44,207.9,209.2,4349671.0
1707714000,2024-02-12,208.7,209.8,207.6,209.33,4077413.0
1707800400,2024-02-13,206.9,207.81,202.33,204.46,8263634.0
1707886800,2024-02-14,205.95,206.58,202.21,203.38,6503032.0
1707973200,2024-02-15,204.12,206.55,203.4,205.33,5309060.0
1708059600,2024-02-16,204.88,205.05,202.81,203.89,5986529.0
1708405200,2024-02-20,203.55,205.58,202.71,203.37,5248399.0
1708491600,2024-02-21,202.9,203.6322,201.21,201.57,4179808.0
1708578000,2024-02-22,202.0,204.097,200.4,201.5,6513541.0
1708664400,2024-02-23,200.99,202.07,197.15,200.83,7433353.0
1708923600,2024-02-26,201.01,202.75,200.0,200.54,4807216.0
1709010000,2024-02-27,200.93,202.0,200.04,201.4,3932875.0
1709096400,2024-02-28,201.14,208.1,200.18,207.0,9654653.0
1709182800,2024-02-29,206.44,206.615,202.7043,203.72,6670260.0
1709269200,2024-03-01,204.0,205.06,199.01,200.0,11609465.0
1709528400,2024-03-04,199.5,201.54,196.92,200.54,7213885.0
1709614800,2024-03-05,199.49,202.85,198.7,201.14,5034661.0
1709701200,2024-03-06,201.77,202.345,199.8601,201.0,4736636.0
1709787600,2024-03-07,200.7,203.73,200.57,203.03,5965338.0
1709874000,2024-03-08,201.84,203.8,198.46,198.49,9000175.0
1710129600,2024-03-11,194.21,196.07,189.8,192.49,14160616.0
1710216000,2024-03-12,188.235,188.58,183.16,184.24,18714751.0
1710302400,2024-03-13,183.16,185.97,182.08,182.35,10196147.0
1710388800,2024-03-14,182.0,184.9399,180.52,181.15,10016189.0
1710475200,2024-03-15,180.99,184.18,180.91,182.53,10800678.0
1710734400,2024-03-18,180.26,181.19,177.5194,179.84,9497831.0
1710820800,2024-03-19,180.11,181.86,179.735,181.14,7648033.0
1710907200,2024-03-20,178.99,188.297,178.6,187.78,12770004.0
1710993600,2024-03-21,189.79,190.3843,187.55,187.7,7436385.0
1711080000,2024-03-22,188.75,192.94,188.19,188.85,7826970.0
1711339200,2024-03-25,196.01,196.18,189.5001,191.41,12952957.0
1711425600,2024-03-26,192.02,192.03,186.81,187.5,8972192.0
1711512000,2024-03-27,188.84,191.99,188.33,191.95,7372795.0
1711598400,2024-03-28,192.0,193.38,191.2,192.99,4471666.0
1711944000,2024-04-01,192.24,192.8673,189.03,189.5,5107773.0
1712030400,2024-04-02,189.0,189.23,187.13,188.04,4477218.0
1712116800,2024-04-03,187.68,188.78,184.27,184.92,6609307.0
1712203200,2024-04-04,185.93,188.0,182.81,183.29,6513806.0
1712289600,2024-04-05,184.16,184.66,182.44,183.14,4130401.0
1712548800,2024-04-08,182.14,184.55,181.49,181.56,6176429.0
1712635200,2024-04-09,181.51,183.05,176.57,178.12,11439940.0
1712721600,2024-04-10,176.31,178.1,172.44,174.63,9727732.0
1712808000,2024-04-11,174.47,174.7,171.38,173.36,7625110.0
1712894400,2024-04-12,172.2,173.24,169.37,169.55,7560421.0
1713153600,2024-04-15,170.74,171.18,167.53,167.82,6490657.0
1713240000,2024-04-16,168.14,170.64,167.75,170.55,7986725.0
1713326400,2024-04-17,170.0,170.85,168.1215,170.21,8162632.0
1713412800,2024-04-18,169.48,172.04,169.095,170.23,5123020.0
1713499200,2024-04-19,170.0,172.0,169.65,169.82,4693869.0
1713758400,2024-04-22,169.82,172.15,168.16,170.48,4724887.0
1713844800,2024-04-23,170.95,171.18,168.43,169.18,7632123.0
1713931200,2024-04-24,176.5,177.64,162.74,164.33,20889273.0
1714017600,2024-04-25,163.59,168.13,159.7,166.81,12504691.0
1714104000,2024-04-26,165.98,168.65,164.93,167.22,7208103.0
1714363200,2024-04-29,167.9,173.81,167.55,173.49,7805459.0
1714449600,2024-04-30,171.49,174.07,167.76,167.84,8248754.0
1714536000,2024-05-01,167.5,173.86,167.5,171.46,6206091.0
1714622400,2024-05-02,173.0,178.9,172.2501,178.85,10223730.0
1714708800,2024-05-03,179.59,180.49,177.9,179.79,5416263.0
1714968000,2024-05-06,180.88,183.98,174.71,178.35,11913389.0
1715054400,2024-05-07,177.22,178.35,176.13,176.71,5097451.0
1715140800,2024-05-08,175.95,181.66,175.95,180.35,4956761.0
1715227200,2024-05-09,179.55,181.75,179.31,181.25,5107368.0
1715313600,2024-05-10,181.25,181.88,177.92,178.51,3715473.0
1715572800,2024-05-13,179.04,180.75,178.07,178.44,3105206.0
1715659200,2024-05-14,180.23,183.66,179.63,180.76,4686537.0
1715745600,2024-05-15,180.14,180.67,176.17,176.99,5858857.0
1715832000,2024-05-16,177.6,183.76,177.25,182.96,6993218.0
1715918400,2024-05-17,183.25,185.3799,181.22,184.95,5562368.0
1716177600,2024-05-20,184.65,188.63,184.01,186.61,6228560.0
1716264000,2024-05-21,185.3,186.39,183.11,184.78,4349117.0
1716350400,2024-05-22,184.6,186.8183,183.41,186.28,3785412.0
1716436800,2024-05-23,185.79,186.0,171.61,172.21,17117754.0
1716523200,2024-05-24,173.2,174.8595,169.57,174.52,9489380.0
1716868800,2024-05-28,174.73,178.4914,173.38,175.08,5274390.0
1716955200,2024-05-29,173.61,175.8299,171.61,171.65,3666368.0
1717041600,2024-05-30,172.64,174.68,171.5501,172.75,3927919.0
1717128000,2024-05-31,173.12,177.9,172.21,177.61,5774549.0
1717387200,2024-06-03,178.09,186.01,178.0197,184.57,8951574.0
1717473600,2024-06-04,185.05,188.84,183.25,188.62,7176817.0
1717560000,2024-06-05,187.9,190.34,186.5268,189.85,5943952.0
1717646400,2024-06-06,188.83,192.1,187.35,191.42,5942160.0
1717732800,2024-06-07,190.46,191.98,189.66,190.24,3374548.0
1717992000,2024-06-10,190.0,192.63,189.6,190.12,4388254.0
1718078400,2024-06-11,189.32,189.32,182.75,185.5,5010058.0
1718164800,2024-06-12,186.5,187.16,181.71,182.67,5245156.0
1718251200,2024-06-13,181.74,183.87,178.99,180.7,4201004.0
1718337600,2024-06-14,178.9,180.2899,175.22,177.27,5105974.0
1718596800,2024-06-17,176.75,180.45,176.32,178.39,4789953.0
1718683200,2024-06-18,177.61,178.0,173.82,174.99,6179870.0
1718856000,2024-06-20,173.02,176.6489,172.045,176.3,5479280.0
1718942400,2024-06-21,176.83,178.41,175.66,176.56,8635096.0
1719201600,2024-06-24,176.15,180.6,175.5901,179.1,7388289.0
1719288000,2024-06-25,176.29,178.76,173.29,175.1,7695061.0
1719374400,2024-06-26,174.96,178.82,173.76,178.5,6553895.0
1719460800,2024-06-27,178.91,183.68,178.01,182.51,8198963.0
1719547200,2024-06-28,182.6,184.435,180.65,182.01,5891538.0
1719806400,2024-07-01,182.2,189.47,182.2,186.7,9056710.0
1719892800,2024-07-02,186.34,189.225,184.52,185.42,4110453.0
1719979200,2024-07-03,185.05,185.42,182.85,184.31,2764797.0
1720152000,2024-07-05,184.0,185.38,182.23,184.83,3290380.0
1720411200,2024-07-08,186.94,191.5,182.28,185.84,9878141.0
1720497600,2024-07-09,185.11,186.245,183.15,183.24,3955122.0
1720584000,2024-07-10,183.6,184.9,182.8,183.73,3583175.0
1720670400,2024-07-11,184.17,186.1,183.4,183.91,4843225.0
1720756800,2024-07-12,183.73,184.4899,180.45,182.31,5129294.0
1721016000,2024-07-15,183.5,183.72,178.88,179.11,5189034.0
1721102400,2024-07-16,180.05,187.44,179.2,186.05,8546392.0
1721188800,2024-07-17,185.32,188.45,183.79,184.84,4899566.0
1721275200,2024-07-18,184.24,187.37,179.88,180.23,5354761.0
1721361600,2024-07-19,181.4,181.5,177.39,179.67,5121317.0
1721620800,2024-07-22,181.36,182.72,177.23,178.9,4883531.0
1721707200,2024-07-23,179.1,187.04,179.0,186.48,7614345.0
1721793600,2024-07-24,185.62,187.0,179.97,180.07,5109135.0
1721880000,2024-07-25,185.62,187.0,179.97,180.07,5109135.0
1721966400,2024-07-26,185.86,189.59,184.63,186.89,6271995.0
1722225600,2024-07-29,186.7,187.08,183.83,185.43,3608584.0
1722312000,2024-07-30,186.1,188.13,185.15,186.86,4789017.0
1722398400,2024-07-31,189.88,196.95,183.86,190.6,15416951.0
1722484800,2024-08-01,190.0,191.17,176.69,178.31,13886965.0
1722571200,2024-08-02,175.22,175.46,167.25,169.95,11742812.0
1722830400,2024-08-05,162.52,167.68,162.5,167.03,9255072.0
1722916800,2024-08-06,168.89,169.19,163.39,165.04,5817257.0
1723003200,2024-08-07,167.0,167.98,162.99,163.24,5186448.0
1723089600,2024-08-08,164.23,169.35,164.0,168.87,6063808.0
1723176000,2024-08-09,168.39,169.85,166.9,167.91,3635590.0
1723435200,2024-08-12,167.73,168.05,163.519,164.13,4715584.0
1723521600,2024-08-13,164.5,168.88,162.62,168.76,6475461.0
1723608000,2024-08-14,167.885,169.75,167.33,168.5,3852650.0
1723694400,2024-08-15,170.0,176.56,169.98,176.41,5942222.0
1723780800,2024-08-16,176.3,180.51,176.3,179.99,6731504.0
1724040000,2024-08-19,180.04,180.7,177.63,179.64,3894182.0
1724126400,2024-08-20,176.49,177.5,170.04,172.1,9549138.0
1724212800,2024-08-21,173.0,174.2,171.04,173.43,4493631.0
1724299200,2024-08-22,173.0,175.21,172.3,172.76,2788031.0
1724385600,2024-08-23,173.88,176.92,173.17,174.96,4405948.0
1724644800,2024-08-26,173.0,174.915,172.3,173.48,4034303.0
1724731200,2024-08-27,173.62,173.93,171.25,173.05,3295800.0
1724817600,2024-08-28,172.3,174.25,170.15,170.71,4550273.0
1724904000,2024-08-29,171.71,175.28,170.62,172.26,4119472.0
1724990400,2024-08-30,173.14,174.36,171.49,173.74,4146190.0
1725336000,2024-09-03,167.03,169.6,158.3,161.02,17925418.0
1725422400,2024-09-04,160.28,166.7,160.28,163.22,7316302.0
1725508800,2024-09-05,164.15,164.6163,160.1,162.15,4717520.0
1725595200,2024-09-06,162.5,162.85,156.695,157.62,7328641.0
1725854400,2024-09-09,162.3,164.55,161.11,162.91,9091545.0
1725940800,2024-09-10,162.61,163.9,157.93,160.07,6367077.0
1726027200,2024-09-11,159.79,161.8699,156.1,161.33,6664756.0
1726113600,2024-09-12,159.42,163.5,159.06,162.77,4756367.0
1726200000,2024-09-13,159.78,162.8899,155.6,156.77,19003354.0
1726459200,2024-09-16,156.25,157.76,154.02,155.55,9955158.0
1726545600,2024-09-17,156.17,158.88,155.14,156.39,8123236.0
1726632000,2024-09-18,157.0,158.45,154.8,155.11,7714430.0
1726718400,2024-09-19,157.0,157.18,154.27,154.59,9570002.0
1726804800,2024-09-20,154.01,154.64,152.6,153.29,13919395.0
1727064000,2024-09-23,153.0,158.43,151.65,156.3,12476805.0
1727150400,2024-09-24,155.8,155.9,153.69,155.81,7414902.0
1727236800,2024-09-25,156.42,157.22,152.045,152.22,9587697.0
1727323200,2024-09-26,153.94,157.33,152.66,154.58,11414380.0
1727409600,2024-09-27,155.365,157.33,154.39,156.32,7636991.0
1727668800,2024-09-30,154.79,155.3,151.24,152.04,10925178.0
1727755200,2024-10-01,151.46,156.4,149.49,154.22,12588778.0
1727841600,2024-10-02,153.765,154.8499,152.835,152.89,4357023.0
1727928000,2024-10-03,152.12,152.74,150.51,150.52,5704814.0
1728014400,2024-10-04,152.26,155.0,150.85,155.0,6680591.0
1728273600,2024-10-07,155.0,158.7599,154.68,155.91,6267890.0
1728360000,2024-10-08,155.99,156.7,154.14,154.65,5336289.0
1728446400,2024-10-09,152.05,152.19,148.8,149.37,12488480.0
1728532800,2024-10-10,149.07,149.11,146.26,146.62,11275836.0
1728619200,2024-10-11,146.3,151.12,146.3,151.02,10688553.0
1728878400,2024-10-14,148.0,150.09,146.02,148.99,9736998.0
1728964800,2024-10-15,150.5,153.95,148.55,152.35,11241668.0
1729051200,2024-10-16,151.91,154.99,151.34,154.9,8356210.0
1729137600,2024-10-17,155.0,157.14,154.25,155.31,6291759.0
1729224000,2024-10-18,155.84,156.37,153.9,155.0,6030173.0
1729483200,2024-10-21,160.25,163.44,158.36,159.82,13277553.0
1729569600,2024-10-22,160.5,160.66,158.37,159.88,7380826.0
1729656000,2024-10-23,160.0,161.4725,153.53,157.06,15931493.0
1729742400,2024-10-24,152.61,155.89,151.98,155.2,9774355.0
1729828800,2024-10-25,156.2,157.48,154.5202,155.01,8152969.0
1730088000,2024-10-28,153.5,155.2,150.61,150.69,20992479.0
1730174400,2024-10-29,147.86,155.99,147.58,152.98,66387677.0
1730260800,2024-10-30,152.51,156.91,152.51,154.29,50738362.0
1730347200,2024-10-31,154.31,154.48,147.88,149.31,29388204.0
1730433600,2024-11-01,152.78,156.0,151.23,154.59,18894509.0
1730696400,2024-11-04,154.62,156.72,152.46,155.07,10290387.0
1730782800,2024-11-05,157.47,157.66,150.65,151.0,23126635.0
1730869200,2024-11-06,152.3,153.2,144.13,147.16,28069287.0
1730955600,2024-11-07,148.8,152.8,148.03,150.98,14709235.0
1731042000,2024-11-08,151.12,152.6,149.43,151.68,12996805.0
1731301200,2024-11-11,152.0,152.5,148.07,148.96,12799077.0
1731387600,2024-11-12,148.4,148.5,143.85,145.17,16746650.0
1731474000,2024-11-13,145.58,145.58,139.1,139.97,21249600.0
1731560400,2024-11-14,140.8,141.55,137.22,138.14,15646710.0
1731646800,2024-11-15,138.14,140.3247,137.03,140.19,12120095.0
1731906000,2024-11-18,140.255,144.69,138.2,143.87,12259932.0
1731992400,2024-11-19,143.0,145.99,142.6901,145.6,8247289.0
1732078800,2024-11-20,146.04,147.3,145.0201,146.08,9228303.0
1732165200,2024-11-21,146.39,146.42,141.34,143.41,7845135.0
1732251600,2024-11-22,143.61,150.339,143.49,149.29,13353083.0
1732510800,2024-11-25,150.7,153.28,150.26,153.1,11479406.0
1732597200,2024-11-26,152.5,153.1398,149.8,150.76,8234985.0
1732683600,2024-11-27,151.11,152.91,150.25,152.4,5210147.0
1732856400,2024-11-29,153.0,157.5025,152.85,155.44,7100090.0
1733115600,2024-12-02,155.91,160.35,155.7,156.54,10097911.0
1733202000,2024-12-03,156.0,156.6486,154.42,155.0,6130313.0
1733288400,2024-12-04,155.88,160.2,154.21,158.28,9269316.0
1733374800,2024-12-05,158.5,160.02,156.0475,156.67,7119832.0
1733461200,2024-12-06,157.03,158.9533,153.37,153.93,8182668.0
1733720400,2024-12-09,154.27,161.95,154.27,157.04,13540021.0
1733806800,2024-12-10,160.0,166.68,159.42,164.1,17149192.0
1733893200,2024-12-11,165.52,169.3,164.381,165.96,13116634.0
1733979600,2024-12-12,168.23,168.82,165.6501,167.75,10617736.0
1734066000,2024-12-13,168.0,170.43,166.33,169.65,9754901.0
1734325200,2024-12-16,168.09,175.2,166.1,173.17,13050714.0
1734411600,2024-12-17,173.04,175.7866,171.71,173.03,13557076.0
1734498000,2024-12-18,173.28,177.94,171.002,172.62,15437178.0
1734584400,2024-12-19,175.0,179.5788,173.72,177.04,14777065.0
1734670800,2024-12-20,176.86,182.0,175.31,177.35,23233668.0
1734930000,2024-12-23,178.12,179.65,174.2901,177.69,8486421.0
1735016400,2024-12-24,177.69,180.95,177.5,179.34,4316969.0
1735189200,2024-12-26,178.98,182.57,178.33,180.38,5917678.0
1735275600,2024-12-27,180.01,181.43,179.4,180.72,6806925.0
1735534800,2024-12-30,173.72,178.17,170.15,176.55,18082312.0
1735621200,2024-12-31,177.54,179.3499,175.82,177.0,9748554.0
1735794000,2025-01-02,178.31,179.19,169.82,171.87,12449954.0
1735880400,2025-01-03,171.4,173.98,169.8,169.9,10513769.0
1736139600,2025-01-06,173.5,173.9442,170.19,170.78,11133425.0
1736226000,2025-01-07,171.165,175.02,170.8,172.51,7045017.0
1736312400,2025-01-08,171.15,173.78,169.61,171.76,5108711.0
1736485200,2025-01-10,171.49,173.535,167.41,172.0,7556765.0
1736744400,2025-01-13,171.18,172.5,167.91,170.57,6049552.0
1736830800,2025-01-14,171.37,171.88,164.62,167.02,7966857.0
1736917200,2025-01-15,169.01,169.99,165.9701,166.2,6451034.0
1737003600,2025-01-16,166.79,170.6399,166.57,168.93,5812341.0
1737090000,2025-01-17,169.795,171.77,169.45,171.09,9557133.0
1737435600,2025-01-21,172.38,177.09,171.9321,175.56,8755311.0
1737522000,2025-01-22,175.29,176.23,173.88,174.8,5134446.0
1737608400,2025-01-23,174.01,178.6699,173.75,178.5,7097348.0
1737694800,2025-01-24,176.0,180.43,174.365,176.06,9304227.0
1737954000,2025-01-27,175.55,178.18,174.4,175.16,7148613.0
1738040400,2025-01-28,181.31,188.48,174.02,177.78,22768851.0
1738126800,2025-01-29,179.125,182.55,170.65,173.66,12263458.0
1738213200,2025-01-30,174.59,179.94,173.7218,179.53,6996317.0
1738299600,2025-01-31,180.51,181.78,175.74,176.52,6116155.0
1738558800,2025-02-03,174.11,178.2,173.1277,175.87,6496847.0
1738645200,2025-02-04,176.9,177.45,174.25,176.23,4486891.0
1738731600,2025-02-05,176.0,181.86,175.505,181.84,7430431.0
1738818000,2025-02-06,182.0,185.85,182.0,184.8,6919404.0
1738904400,2025-02-07,185.26,186.1087,180.93,181.49,5381892.0
1739163600,2025-02-10,183.12,183.55,179.9,180.55,3986269.0
1739250000,2025-02-11,179.78,182.14,177.6,180.44,4366651.0
1739336400,2025-02-12,178.34,186.27,178.25,186.25,7686842.0
