start,start_unix,end,end_unix,direction,bottom,top,start_open,start_high,start_low,start_close,start_volume,end_open,end_high,end_low,end_close,end_volume,bb_bbh,bb_bbl,kch_high,kch_low,squeeze,rsi,roc,tsi,mfi,vwap,atr,adx,obv,pocket_pivot,cmf,aroon_up,aroon,aroon_down,sma,ema20,ema50,macd_diff,rel_open,rel_high,rel_low,rel_close
2016-03-15,1458014400,2016-04-04,1459742400,0.75,185.35000000000002,212.59405493021828,185.66,187.08,183.62,186.93,1082578.0,205.28,206.63,203.47,205.35,1611108.0,3.2501181326093587,-12.168550078068321,-2.6554662770878963,-6.622352081811528,0,17.289465596394308,11.132157159865782,34.45891829050961,25.29862779544716,-2.7023918916059415,2.2571504421042174,11.011722121269372,0.692871551309294,0,0.3219976484824466,50.0,96.0,-46.0,-4.459215972729481,-4.252329967332855,-8.711214393498139,0.025801630886883586,-0.00034088142196242455,0.006233260287314302,-0.009155101046992908,0.009239691354990809
2016-03-16,1458100800,2016-04-05,1459828800,0.25,194.37182579685032,212.59405493021828,186.93,198.57,186.89,198.16,6267681.0,202.75,204.53,202.15,203.31,1306443.0,4.462815694206142,-10.57810761295093,-1.2421917269194864,-5.223550243470569,0,14.355698409684038,9.719373988127355,33.8157483842415,24.551006578167602,-1.4270200573734968,2.229380876044082,11.00183553257645,-0.5645821820979492,0,0.28821075265603563,46.0,88.0,-42.0,-3.057645959372394,-2.978117680259402,-7.489533119956619,-0.17534916750267282,-0.0027544144410014404,0.006000688603610138,-0.0057055727706457615,-0.009934258582907196
2016-04-04,1459742400,2016-04-06,1459915200,-0.25,196.09235208471506,212.59405493021828,205.28,206.63,203.47,205.35,1611108.0,204.19,205.05,202.18,204.97,1074865.0,3.6145075712133377,-10.22425533917938,-1.5664080922411472,-5.484786391504443,0,15.638914390264816,12.054450032801231,33.775611586549076,19.913564035033673,-1.4944733031827298,2.1533884877963985,11.090454615964099,0.46439511976686043,0,0.1662001285924683,42.0,88.0,-46.0,-3.3048738839830207,-3.4054091553229,-7.915663598049321,-0.24387847372076887,-0.0038054349416988265,0.00039030101966153197,-0.013611748060691764,0.008164871378682825
2016-04-05,1459828800,2016-04-18,1460952000,0.25,196.09235208471506,212.19579044125373,202.75,204.53,202.15,203.31,1306443.0,201.9,203.36,201.05,201.58,1024063.0,2.2536982156167795,-1.4951904271457153,2.1742401693289395,-1.4476469226444522,1,8.536488678586878,0.2885572139303545,22.020883661141223,-2.51916364155597,0.6068357369729966,2.0206234810701575,9.761707564037444,-0.48260880990409194,0,-0.013603948899240515,10.0,56.0,-46.0,0.37925389423554634,-0.723386877774729,-4.581970802264394,-1.073761541799776,0.0015874590733206961,0.008830241095346691,-0.0026292290901874793,-0.007288486161725505
2016-04-06,1459915200,2016-04-19,1461038400,-0.25,196.42359768161066,212.19579044125373,204.19,205.05,202.18,204.97,1074865.0,201.98,207.698,201.57,204.63,1659958.0,0.8398410688353408,-2.9783349358148,0.79861212920882,-2.9265503591848585,1,11.510072816677535,0.962107756068674,22.02592420175694,-1.856595000264896,-0.8206883508224223,2.062232411489585,10.329975712324618,0.7997714792713404,0,-0.04592482684487989,6.000000000000007,52.00000000000001,-46.0,-1.0692469334897226,-1.9932808366353925,-5.768714077124585,-0.87287959677729,-0.012950202805062871,0.014992914039974714,-0.01495381908811022,0.015130469292588433
2016-04-07,1460001600,2016-04-22,1461297600,0.25,196.15939684414212,211.8468528816045,202.34,205.34,201.84,203.91,1164659.0,197.86,199.55,196.33,197.91,1584788.0,4.3076577879351134,-0.17850817447443035,4.1484513162548495,-0.010408771663890093,1,2.4484024889328637,-0.21679943531310217,12.624178519759328,-16.15799838667546,1.726257648426909,2.28824097486327,4.793415504178785,-0.7820012888907832,0,-0.025380180325247616,-6.0,-56.0,50.0,2.0645748067303487,1.0789297068723158,-2.2386260502169364,-1.3193655502523778,-0.0002526400889292235,0.008286594916881551,-0.007983426810166172,-0.008963445167751605
2016-04-19,1461038400,2016-04-29,1461902400,-0.25,196.15939684414212,213.56627764338518,201.98,207.698,201.57,204.63,1659958.0,207.64,212.515,204.73,212.24,3025408.0,-0.40426442494567993,-7.603179977617458,-1.6809429576579902,-6.495209825354934,1,13.042465005951385,4.3102177225143805,19.359719280396394,17.07338158523683,-3.4610336842144136,2.630576339686707,6.695451844801415,1.3459074884699533,0,0.13671628247208992,50.0,20.0,30.0,-4.003722201281562,-4.027382572063402,-7.497994871888494,0.4085766947874063,-0.021673577082548134,0.0012957029777609375,-0.035384470410855684,0.011871275327771214
2016-04-20,1461124800,2016-05-02,1462161600,0.75,196.15939684414212,223.98194651670053,204.53,205.705,197.63,198.23,2322983.0,212.25,218.68,210.25,216.53,2946228.0,-1.2832773158872612,-10.011693357922383,-3.276204990840384,-8.238473498668384,0,15.888996066615448,5.444363282201124,22.12484616673266,21.89602118121583,-4.952658582413008,2.6723699752447323,7.759226409773149,1.292989563406224,0,0.1830321343289124,50.0,24.0,26.0,-5.647485336904808,-5.364188370422667,-8.964781146919904,0.8097040246950256,-0.01976631413660923,0.00992934004525936,-0.029002909527548137,0.020212966453071912
2016-04-25,1461556800,2016-05-09,1462766400,0.25,203.34301368959234,223.98194651670053,197.1,208.35,194.77,207.01,6402941.0,213.42,215.33,211.77,213.48,2262226.0,2.230376019792928,-8.562116698076565,-0.7093404534382444,-5.845793516957102,0,11.808287293970352,6.537578600658746,22.450932098356017,15.355655116278001,-2.6084498847204713,2.4454037924977046,8.361059851525127,1.0120883803290468,0,0.17206500684736037,30.0,23.999999999999993,6.000000000000007,-3.165870339141833,-2.567288937586028,-6.339140171408189,0.24859669182073008,-0.00028105677346823565,0.008665917181937433,-0.008010118043844772,0.002630095810633115
2016-05-02,1462161600,2016-05-13,1463112000,-0.25,203.34301368959234,223.98194651670053,212.25,218.68,210.25,216.53,2946228.0,212.7,215.84,211.86,214.58,7170209.0,3.234758878381669,-7.976580110556142,0.15349364650323594,-5.148165408394689,0,10.85639017143616,5.673200039397227,23.70770285928805,-0.505655465847866,-0.7664825784314786,2.3820707728463084,8.008093142010111,2.891918608085046,0,0.044155154783745154,42.0,52.0,-10.0,-2.3709106160872437,-1.921218042018424,-5.746267632087381,-0.000558946746425093,-0.008761301146425704,0.005871935874731893,-0.012675925062913596,0.0028977378949337496
2016-05-03,1462248000,2016-05-16,1463371200,0.25,203.34301368959234,222.73288361335975,215.56,216.5,212.24,212.67,1924080.0,206.72,210.25,203.6,203.6,17041342.0,8.735907047241824,-2.8483824892850578,5.7550916830386285,-0.045645055664707,0,-1.312512790168789,1.0020835400337245,17.493444360255136,-19.049950579908696,3.7829407870013654,2.7164193459464263,5.98119339214842,-6.124192743844407,-1,-0.23573415636494122,38.0,52.0,-14.0,2.9437622789783973,3.047328005035581,-0.637223247830434,-0.8351334918082576,0.015324165029469539,0.03266208251473479,0.0,-0.05116972690837929
2016-05-10,1462852800,2016-05-17,1463457600,-0.75,193.37837709240944,222.73288361335975,213.1,216.53,213.1,216.49,2261084.0,203.6,208.73,201.04,203.36,27314583.0,8.891671463845682,-2.8236148155372547,5.912011539470228,0.027619328612644267,0,-1.5354868753276136,-0.6206323608463968,12.613972963363807,-27.4000015308725,2.8953467320326496,2.795471340357354,4.616765071269803,-8.271971568622517,-1,-0.2640440673815522,34.0,52.0,-18.0,3.034028324154221,2.867137718397487,-0.4995674636359695,-1.3655613015485706,0.001180173092053316,0.026406372934697053,-0.011408339889850572,-0.0011787819253437082
2016-05-16,1463371200,2016-05-18,1463544000,-0.25,193.37837709240944,216.31828474688692,206.72,210.25,203.6,203.6,17041342.0,224.91,228.29,222.5,227.41,4447421.0,-1.4574323382017127,-12.984324840462392,-4.777421104319629,-9.939023496474789,0,15.250993727824351,14.720274428693948,17.342316655454702,-26.00407773102063,-7.614121187103507,3.104314948166599,4.727368667540752,1.3254753052605224,0,-0.22991116579642148,50.0,72.0,-21.999999999999996,-7.2208785893320595,-7.248673697841127,-10.59009855489873,-0.12430648305184233,-0.010993360010553621,0.0038696627237149173,-0.021590959060727277,0.11826317859952784
2016-05-17,1463457600,2016-05-19,1463630400,0.75,193.37837709240944,228.72977256066125,203.6,208.73,201.04,203.36,27314583.0,225.8,230.49,225.73,227.57,4386560.0,-0.5609472514856151,-12.786594164342475,-4.214600635701828,-9.308857347922242,0,15.330077511047335,13.955933900851281,20.59877818439985,-24.52698138473268,-7.2889084742037795,3.029956060839479,5.049001492005619,1.2860295308799656,0,-0.26916057601470406,50.0,76.0,-26.0,-6.673770707914045,-6.617324826666618,-10.235197728956166,0.6380153859812228,-0.0077778266028034615,0.012831216768466991,-0.008085424265061314,0.0007035750406754193
2016-05-18,1463544000,2016-05-20,1463716800,0.75,203.61114402436073,241.09556981630882,224.91,228.29,222.5,227.41,4447421.0,227.46,233.6999,227.16,233.11,5645885.0,-1.6997073373045595,-14.573725805846749,-5.703533381951317,-10.819139748044577,0,17.985637307646385,17.785862260623524,24.435951726886117,-21.95206266258222,-9.012593182793552,2.947058197524199,5.654850323213132,1.6185390980674297,0,-0.226524256816686,50.0,80.0,-30.0,-8.136716571575647,-7.995037618717902,-11.883472787125598,1.4020740539288026,-0.024237484449401547,0.0025305649693276866,-0.025524430526360997,0.024344157841543312
2016-05-19,1463630400,2016-06-30,1467259200,0.25,216.01553225184563,241.09556981630882,225.8,230.49,225.73,227.57,4386560.0,226.92,229.8,225.74,228.64,2377127.0,-0.22689023513174789,-5.366619212034095,-0.8162467926288599,-4.752216001866103,1,9.145212348018234,0.35993328066016733,7.178098187491801,-14.675014714771635,-3.0574044041312334,2.3054434252098894,-11.12757423332809,0.5612751721062966,0,-0.14908366957849392,50.0,12.0,38.0,-2.7967547235829215,-2.8977987001266,-5.101210677852663,0.07655077103803842,-0.007522743177046931,0.0050734779566130594,-0.012683694891532427,0.005585609359194166
2016-05-20,1463716800,2016-07-08,1467950400,-0.25,216.01553225184563,241.09556981630882,227.46,233.6999,227.16,233.11,5645885.0,237.06,238.27,235.89,237.17,2059182.0,-0.16120087928331372,-10.088409105116028,-3.2770319461427135,-7.114190946016208,0,15.203142583463404,6.368569762748347,21.29987845787846,10.911240750876964,-5.292556564555824,2.062853138601256,-4.612531805754735,0.5143770671153284,0,0.11224510983636529,50.0,32.0,18.0,-5.124804992199671,-4.393989545080856,-7.222241523660486,1.351020627293824,-0.00046380233587717257,0.004638023358772392,-0.005396972635662189,0.009792651253885065
2016-05-23,1463976000,2016-07-12,1468296000,0.75,216.01553225184563,246.85656330977264,232.2,233.19,223.61,225.0,6666193.0,239.52,241.48,237.79,238.45,1601100.0,1.07261885870939,-11.01935821706546,-3.1724204934647133,-6.900074089606477,0,15.136161331054254,6.7941597993550635,26.477451394916102,16.00716692977275,-5.126689048675772,1.9636753208662254,-1.1609511900177942,-0.4063370696007003,0,0.12171644343393533,46.0,36.0,10.0,-4.973369679178035,-3.9656932375224443,-7.104196262114627,1.4548946886363066,0.004487313902285628,0.012707066470958317,-0.002767875864961189,-0.005919873264685127
2016-07-01,1467345600,2016-07-13,1468382400,0.25,228.72977256066125,246.85656330977264,228.68,232.645,226.8061,232.29,1895398.0,239.86,240.45,237.295,237.43,1397918.0,2.075814531800347,-10.566316995684431,-2.56245209114266,-6.083451964789617,0,13.761007577004783,6.834953203743699,27.407389444410263,10.751758062635332,-4.386415058837301,1.9261613779060203,0.29392579443196354,-0.3575824506369398,0,0.08207728863530327,42.0,35.99999999999999,6.000000000000007,-4.245251231942049,-3.2147362725970794,-6.4421698974525725,1.2333401008036433,0.010234595459714502,0.012719538390262297,-0.0005685886366508797,-0.0042776263367581
2016-07-11,1468209600,2016-07-14,1468468800,-0.25,230.05895254981755,246.85656330977264,238.08,240.1,237.08,239.87,1492648.0,239.24,239.94,235.94,239.11,980834.0,1.963960004938187,-11.050572860945877,-2.8898958638283716,-6.407067876709476,0,15.040619649965748,8.101632081016328,28.718449482794796,6.578214312185509,-4.833743737791295,1.8955025025633578,1.173005685761602,0.2521104262965501,0,0.05948305754142574,38.0,36.0,2.0,-4.543306428003845,-3.5238258205232853,-6.8211001039685755,1.1049040705685442,0.000543682823805014,0.003471205721216064,-0.013257496549705206,0.007075769700543244
2016-07-13,1468382400,2016-07-20,1468987200,0.25,229.91824667754574,246.44907033801226,239.86,240.45,237.295,237.43,1397918.0,232.91,236.54,227.63,236.19,2059887.0,3.8880284425938783,-8.452573935629133,-0.4530730908731755,-4.347251506555466,0,9.6470878075299,6.005116466944928,22.761740323720105,14.72376647352543,-0.8235910334037442,2.0112650187399983,-0.9324149600447313,0.5329749620087025,0,0.11086757657340553,22.0,36.0,-14.0,-2.28227274651762,-1.8117568897821599,-4.943669342853312,-0.1979607756648476,-0.013887124772428927,0.0014818578263262605,-0.036242008552436644,0.01801646480755137
2016-07-14,1468468800,2016-07-25,1469419200,-0.25,229.91824667754574,247.1526883511461,239.24,239.94,235.94,239.11,980834.0,243.35,244.51,240.095,240.69,1138305.0,2.8114642779518704,-8.512989060867653,-1.1134806874679697,-4.944503995457524,0,11.677588154047605,11.01937269372693,25.631656509570057,5.603190525590328,-1.5667272731030266,2.0446248989532156,-1.4506506396335048,-0.3127939660943272,0,0.12284274806049099,46.0,72.0,-26.0,-2.8507623914578915,-2.6087415712508744,-5.920418188773951,0.27313678942426467,0.011051560098051416,0.015871037434043833,-0.0024720594956167963,-0.01141824454758289
2016-07-15,1468555200,2016-08-08,1470628800,0.25,229.11398980121552,247.1526883511461,240.41,240.41,234.21,234.98,2087432.0,234.55,239.37,233.0,236.82,2129109.0,2.2479630785630746,-1.9684258773131802,2.12509923148383,-1.7189553247191895,1,5.934781446042102,-1.2715220744570024,12.35003151657236,16.09321204374973,0.2663504363976159,1.9161867173450962,-10.834252417684349,0.9672660313706342,0,0.009148990613980454,6.000000000000007,52.00000000000001,-46.0,0.13976860062494723,-0.4695324372714964,-2.977868800036333,-0.7900904864583969,-0.009585339076091492,0.010767671649353883,-0.01613039439236552,0.008646024106648609
2016-07-21,1469073600,2016-08-09,1470715200,-0.25,229.11398980121552,249.00380641888603,234.83,240.87,233.7,240.48,1807899.0,237.0,260.39,236.06,255.76,5740558.0,-3.210782471516353,-10.664334825950007,-4.809394223751426,-9.175788499635075,0,20.241677260391555,7.259383518557351,19.934241450231273,21.92937343435858,-5.728181681950417,2.3270385738922794,-8.770969497946727,2.541662701792608,1,0.07946433186882267,50.0,60.0,-10.0,-6.937558648733173,-7.0934616463533615,-9.764188054058451,0.4889209760125701,-0.07335001563966215,0.018102908977166043,-0.07702533625273689,0.0799763533485347
2016-07-26,1469505600,2016-08-12,1470974400,0.75,229.11398980121552,259.48819443632414,241.69,242.61,235.21,237.98,1235794.0,256.53,258.8999,255.04,258.62,1050701.0,-0.46317419570824825,-13.180008852779864,-4.779488567525064,-9.118433738045539,0,20.641192089169294,10.060430674951066,32.32267133321297,27.361266957195,-5.539885448529603,2.1988492722701722,-3.1603247901788514,0.4901401683858222,0,0.03994950705175014,50.0,72.0,-21.999999999999996,-6.82159152424407,-6.170413437767877,-9.616801598705322,1.976792001243699,-0.008081354883613168,0.0010822828860876932,-0.013842703580542959,0.002170037975664618
2016-08-09,1470715200,2016-08-15,1471233600,0.75,238.29086547702963,269.3954756733181,237.0,260.39,236.06,255.76,5740558.0,259.49,261.75,259.03,260.51,1425505.0,-0.011043603498450238,-13.979590153363063,-4.980185021688229,-9.277286860389239,0,21.650318823558138,11.16753435179653,35.5090985988752,32.77548578628877,-5.734052803564381,2.1127961044348877,-1.1697933131730203,0.6657588030682281,0,0.05821461932494257,50.0,76.0,-26.0,-6.9953168784307564,-6.198656873099651,-9.869687305925652,2.1293122699112734,-0.0039153967218148455,0.004759894053971037,-0.0056811638708686996,0.007308019488051931
2016-08-10,1470801600,2016-08-31,1472616000,0.25,249.00380641888603,269.3954756733181,255.77,257.38,253.206,254.07,2248042.0,255.26,258.35,254.44,257.21,1571538.0,3.6160653627289605,-7.5572029545799495,-0.10032528543472097,-4.083016471624973,0,14.71746018273933,8.477078149382129,26.250667091293806,-2.425776816928888,-0.9325344355253833,1.8246187532986176,-4.537293285849842,0.9119202649895554,0,0.08971014445882362,2.0,23.999999999999996,-21.999999999999996,-1.9705687959255016,-2.408177181680685,-5.8841446925787295,-0.5199150161022681,-0.007581353757629916,0.004432176042922231,-0.010769410209556352,0.0046088349021600195
2016-08-15,1471233600,2016-09-01,1472702400,-0.25,249.68430328768687,269.3954756733181,259.49,261.75,259.03,260.51,1425505.0,267.0,272.81,264.37,268.82,7988325.0,-0.27226878856565406,-10.952342475477181,-3.7305805619621566,-7.742142201721094,0,22.55299918558012,13.430946453436846,31.04458573474104,13.24186142181658,-3.554011327405661,2.035624598501171,-2.368595538900074,4.342857664140402,1,0.04487550957545765,50.0,76.0,-26.0,-5.6123056320214175,-5.992279805765179,-9.558738332270636,0.33689347743651776,-0.006770329588572266,0.014842645636485408,-0.016553827840190438,0.0451382139108123
2016-08-16,1471320000,2016-09-07,1473220800,0.75,249.68430328768687,279.03471370922233,260.49,261.4299,256.73,257.14,924470.0,273.42,277.69,272.65,277.56,51892800.0,-1.1549710232916794,-12.531799404723841,-5.257738867271939,-8.585444588557422,0,26.844209171093226,8.523615889896782,43.829179728564014,42.00388107794167,-2.1990961277327585,2.040476106758152,4.43685704187795,18.380128419338497,1,0.6362589079039725,50.0,88.0,-38.0,-6.843385214007768,-6.882272477135842,-11.11798915285469,1.8799866893364712,-0.0149156939040207,0.00046836719988463393,-0.017689868857184154,0.010521716969454253
2016-09-01,1472702400,2016-09-20,1474344000,0.25,258.56302444164766,279.03471370922233,267.0,272.81,264.37,268.82,7988325.0,264.21,266.0,261.68,264.56,2191988.0,5.425706839164675,-6.6496257989469285,1.2908854954137894,-2.5534220340691576,0,7.882565843794133,4.714031268553334,21.034847037514357,31.313432928284556,2.9716806530128963,2.07981671196171,3.187901322913376,0.7426501239361775,0,0.4980209101899366,14.0,28.0,-14.0,-0.6119594798911265,-0.6913964958423833,-4.564815973206734,-1.148220822424829,-0.0013229513153917294,0.005442999697611084,-0.010885999395222279,0.006199368653253767
2016-09-02,1472788800,2016-09-30,1475208000,-0.25,258.56302444164766,279.8489002028592,268.68,272.96,268.68,271.79,3888846.0,268.9,272.41,268.9,269.97,2388786.0,3.7446508502921176,-3.2727465646307508,2.0931955402451905,-1.7694558654665542,0,7.16931581242558,0.4277955509262831,22.17919305127137,-7.642207683550076,-0.18496253481124825,1.9450320262927674,4.508081010856436,-0.7996469695940492,0,0.11457910572499831,-18.0,28.0,-46.0,0.23595214283066923,-0.3844378442327496,-4.274082045789314,-0.5928163396838837,-0.003963403341112115,0.009038041263844221,-0.003963403341112115,-0.006842511864032508
2016-09-08,1473307200,2016-10-10,1476072000,0.25,258.56302444164766,279.8489002028592,276.2,276.45,267.38,268.66,5131097.0,268.3,268.85,266.24,267.85,2249710.0,3.855746586579187,-2.56136540308097,2.205774376205568,-0.9926575819799695,0,4.702392073849445,-0.5421261742972706,10.581583346997233,-3.5873626618959378,1.146689531764892,1.6794291837899606,-3.8942708066362286,0.7347342212257172,0,0.05423750507391765,-42.0,-32.0,-10.0,0.6471905917491085,0.17853882583003156,-2.7858538380879594,-1.365196166859591,0.0016800448011946578,0.0037334328915437087,-0.006010826955385573,0.003296250515039123
2016-09-21,1474430400,2016-10-17,1476676800,-0.75,251.07817301100778,279.8489002028592,266.0,274.78,266.0,274.27,2623613.0,257.82,260.2,256.98,257.52,879345.0,9.25190008948735,-1.4571656999253406,5.5173552863208215,2.2842549445997804,0,-5.209308990804729,-2.0575818658958753,-8.745859967306496,-27.135764164449697,3.1021117944657277,1.7993792368596118,-2.621282568553916,-0.2820332354203479,0,-0.2927246677877322,-18.0,-60.0,42.0,3.8973671947809976,2.504176360553629,0.893008035536397,-2.1225836359204497,0.0011649580615098465,0.010406958682820822,-0.002096924510717524,-0.000271749679723543
2016-10-03,1475467200,2016-10-19,1476849600,-0.25,251.07817301100778,269.33809331856764,269.68,270.99,266.05,268.16,2290502.0,260.81,262.92,259.42,260.2,1526595.0,7.879322979651377,-2.942735739067146,4.004084037919569,1.0963668972585339,0,-2.078586706177248,-5.12998140518467,-9.891751205786276,-20.88161477343361,1.4238478257612144,1.7333128331789274,-4.243572162032059,0.5063973594273345,0,-0.38905010968930553,-26.0,-60.0,34.0,2.4682936202921013,1.1773784180447677,-0.13854749625281215,-1.418931938785345,0.002344350499615677,0.010453497309761861,-0.0029976940814756547,0.0009617234083476589
2016-10-11,1476158400,2016-10-25,1477368000,0.25,251.07817301100778,268.18427529824277,262.32,263.82,257.51,257.86,3545034.0,259.99,261.01,256.02,257.06,1898740.0,7.1020303996303795,-2.4704268829416804,3.9153479084000935,0.9507170829118934,0,-4.465181771082165,-6.659404502541749,-13.445094464822741,-12.95554917213142,1.2101875497796186,1.736706498138118,-5.693630099760039,-0.6242991906705422,0,-0.37698499980722666,-42.0,-84.0,42.0,2.3158017583443353,1.6706918643663897,0.9447799117735087,-0.8235915956199342,0.011398117171088407,0.01536606239788374,-0.004045748074379629,-0.009784283513097125
2016-10-18,1476763200,2016-11-01,1477972800,-0.75,243.2379661862951,268.18427529824277,259.62,261.51,259.51,259.95,1180151.0,250.0,251.27,245.43,249.57,1761885.0,8.433569992775091,-2.1679932006926634,5.062344565986848,1.507918953934123,0,-8.530675523723652,-6.671403462847324,-22.73695041355174,-14.023278715532925,1.6451161435154518,2.0918017696925606,-1.1645841457951178,-0.5624679353196017,0,-0.2283184510256619,-46.0,-84.0,38.0,3.1327883960412066,2.6855103699531213,3.165297676943794,-1.096088216516395,0.0017229634972153463,0.006811716151781111,-0.016588532275513823,-0.0012805634479170491
2016-10-20,1476936000,2016-11-02,1478059200,-0.25,243.2379661862951,261.53542084181026,260.5,260.54,257.56,258.12,1734103.0,249.36,254.55,248.29,252.91,3610857.0,6.46432220256213,-3.483024507729951,3.428595152425771,-0.2034399588786613,0,-4.926647403648047,-5.305526434027254,-21.20349481159592,-3.8835602511962506,0.17181737988360624,2.0935348485368146,-1.2539407627116965,1.1338067752834402,0,-0.17619456093139757,-46.0,-80.0,34.0,1.4906488474160824,1.2028057482437475,1.732167276471145,-0.6582340586506934,-0.014036613815191057,0.006484520185046083,-0.01826736783836147,0.013383018792322732
2016-10-26,1477454400,2016-11-04,1478232000,0.25,239.7414717923735,261.53542084181026,256.6,257.15,247.0,248.64,3184824.0,242.4,254.43,241.5,250.23,2610253.0,6.243746899630921,-2.5867113723160458,4.54478946036312,-0.4952856705164379,0,-6.34357900155954,-6.270367457017656,-20.85466399558592,-0.6361702165583125,0.9594514607463225,2.897302376789728,-2.620447368902905,0.7905708372523371,0,-0.18016152939188665,-34.0,-60.0,26.0,1.8285177636574446,1.775117714791591,2.5624497812146956,-0.43180655540346446,-0.031291212084881836,0.016784558206450084,-0.034887903129121156,0.011357206369735584
2016-11-02,1478059200,2016-11-08,1478581200,-0.25,239.7414717923735,265.05664908632235,249.36,254.55,248.29,252.91,3610857.0,257.58,263.32,255.37,262.26,1775793.0,0.8122164839064823,-6.736871406502374,-0.39530999771220365,-5.342415923129721,1,4.087658271565715,1.706352284185208,-11.629372710905459,2.0708487539775504,-3.6607046033560806,2.7838502600385624,-2.454978949420486,0.5303651143650653,0,-0.02116673696302396,-42.0,-60.0,18.0,-2.96232746129796,-2.536051432024749,-2.0506949092449247,0.9655180260705252,-0.017844886753603295,0.00404179058949139,-0.0262716388316937,0.019832011199253152
2016-11-03,1478145600,2016-11-11,1478840400,0.75,239.7414717923735,279.69991060005555,267.57,269.19,242.64,247.42,4630464.0,269.07,273.79,265.32,272.44,2284250.0,-0.10881481805891724,-11.516497177242826,-2.812425977585292,-8.687091959085777,0,10.87718942434261,5.76497534842192,5.634356956726218,14.549365362903501,-5.5135779663865065,3.156470612577944,2.456540843466488,0.6779846849218106,0,-0.0028828608581988927,50.0,43.99999999999999,6.000000000000007,-5.8126559976508645,-4.6998929906638125,-5.1212227962436,2.826016475078142,-0.012369696079870818,0.004955219497871255,-0.02613419468506828,0.005796138368959314
2016-11-07,1478494800,2016-11-16,1479272400,0.25,249.2779325317772,279.69991060005555,254.67,257.495,252.9,257.16,2783505.0,260.0,262.64,258.63,261.99,2472239.0,4.159551958842059,-7.978781700435249,1.5452854434647776,-5.1030370115907715,0,1.81479663182769,0.6879323597232976,4.980948590267556,14.471764251625714,-0.7744536193799263,3.1945762172706407,3.531318372292848,1.0718888401257447,0,0.03486711993350372,38.0,44.0,-6.0,-1.909614870796588,-0.6902255988912032,-1.1954611668694213,1.3381004218607435,-0.007595709759914526,0.0024810107256001412,-0.012824916981564183,0.006879323597232867
2016-11-09,1478667600,2016-11-17,1479358800,-0.25,249.2779325317772,279.7354064734709,259.42,277.98,259.0,269.83,4500846.0,262.2,266.57,261.205,265.48,1417417.0,3.0881859896547894,-9.209174388027591,0.3622344432725697,-6.288526442669891,0,4.30482315789466,2.851386951805367,5.9962001267151495,13.84237565485725,-1.7833096559312196,3.071743715188542,3.898252488618944,0.6349983204150909,0,0.04715165366987241,34.0,44.0,-10.0,-3.060494199186408,-1.8056802572190236,-2.3965281299058603,1.2661997273557395,-0.012354979659484844,0.004105770679523779,-0.016102907940334643,0.013321119126684211
2016-11-14,1479099600,2016-11-21,1479704400,0.25,249.2779325317772,279.7354064734709,272.29,273.99,263.06,263.14,2545672.0,263.82,265.71,260.17,264.1,1760227.0,3.9861328297690477,-8.63437213306328,1.187300265051121,-5.619000378644472,0,3.0824338056894263,1.7334360554699537,6.133155641341798,13.807264132707182,-0.8404576747844317,2.962955090737408,4.095048330912018,0.8036761066037494,0,0.03139110580593087,26.0,44.0,-18.0,-2.3241196516471234,-1.1037811218851203,-1.7614332082885227,0.8269139840356541,-0.0010602044680046996,0.006096175691026051,-0.014880726997349547,0.005329272934906815
2016-11-17,1479358800,2016-11-28,1480309200,-0.25,250.65494579825582,279.7354064734709,262.2,266.57,261.205,265.48,1417417.0,275.71,275.82,270.28,270.82,2085506.0,3.3780165348362914,-9.454377217208346,0.115178593407677,-6.224028259852787,0,6.252920156463162,8.653961885656967,13.761425419444423,8.785294516899782,-1.148057142688529,2.657550616126332,7.264130810626348,-0.9640110450617911,0,0.027748048762915856,46.0,80.0,-34.0,-3.0381803411860346,-2.1349337599453833,-3.4648614018027786,1.3442469174166933,0.01805627353962036,0.01846244738202496,-0.0019939443172587445,-0.016987295825771298
2016-11-18,1479445200,2016-11-29,1480395600,0.75,250.65494579825582,292.70727948443675,264.19,266.0,260.0,262.7,1921712.0,272.14,281.43,271.14,280.49,2867692.0,0.5855344076161657,-12.25653872149546,-2.71948138376888,-9.069240733478338,0,11.881456248696843,12.245387970707121,16.524677117207982,10.246306712180797,-4.131398240120802,2.6528402214928293,8.249002920190335,1.318585379659986,0,0.056603319740131795,50.0,88.0,-38.0,-5.83550215693964,-4.984215116148732,-6.526557129852961,1.7044882201877578,-0.02976933224000866,0.003351278120432122,-0.03333452172982998,0.03570637323683634
2016-11-22,1479790800,2016-12-06,1481000400,0.25,265.05664908632235,292.70727948443675,264.94,273.26,264.26,273.02,3037351.0,272.17,277.09,271.32,276.32,1288902.0,1.492919643388447,-6.540328444778126,0.2870922601814385,-5.434151225632121,1,7.1487571566622705,7.450614403484199,13.258907196325605,3.530170643603718,-2.222546715131216,2.6782822310368304,8.085352289443996,0.5923936225361204,0,0.22139011221532928,30.0,68.0,-38.0,-2.5237044006948537,-2.712387988378296,-4.448044807250966,0.28735147972428,-0.015018818760856867,0.002786624203821697,-0.018094962362478317,0.019894437677628884
2016-11-29,1480395600,2016-12-07,1481086800,-0.25,265.7116905765017,293.24661881612667,272.14,281.43,271.14,280.49,2867692.0,276.44,287.27,275.11,284.25,2143130.0,-0.5086312299676763,-9.203945726936439,-2.0515532102023,-7.761294635004404,0,11.221200588150559,8.3848089681995,15.627925006095577,12.232585292556955,-4.308915244632999,2.723160773725658,9.001908195925054,0.9790316297114924,0,0.2017724632252721,50.0,92.0,-42.0,-4.856288478452058,-4.909704557528187,-6.834780438087137,0.851396043189232,-0.027475813544415084,0.01062445030782766,-0.03215479331574311,0.028698610306890693
2016-11-30,1480482000,2016-12-12,1481518800,0.25,265.5027326256468,293.24661881612667,280.49,281.08,272.02,275.31,2738444.0,281.04,281.9492,275.98,277.92,1638902.0,2.6311440236153487,-7.196846384006847,0.18562176165801247,-4.737132987910215,0,6.623725209805599,2.0114520628395307,15.633635831915521,6.495269008782991,-1.0243176493125503,2.628844645316512,10.550275957047027,-0.7536940644510329,0,0.07516068389498679,38.0,84.0,-46.0,-2.282851180195749,-1.9743292277714062,-4.153694329167735,0.46292150309390934,0.011226252158894612,0.014497697179044255,-0.006980426021876762,-0.003192138015135737
2016-12-07,1481086800,2017-01-04,1483506000,-0.25,265.5027326256468,293.24661881612667,276.44,287.27,275.11,284.25,2143130.0,286.98,292.08,284.23,291.55,1750702.0,1.934635053740962,-5.041477790835799,0.5568878980163561,-3.7740707711656114,0,10.231984472301399,7.610821983538186,22.947352283515766,10.124215484034934,-0.6160854992311897,2.21495327244203,17.58386662181605,0.8444488503247451,0,-0.05994281344122376,38.0,72.0,-34.0,-1.5534213685474185,-1.9254291915978001,-5.022405116540867,-0.7538189558578434,-0.01567484136511743,0.0018178700051447727,-0.025107185731435444,0.020226055919095876
2016-12-08,1481173200,2017-01-13,1484283600,0.75,265.5027326256468,304.52502975415933,285.4,285.4,278.61,279.0,1847400.0,297.31,300.07,296.89,298.43,1080731.0,0.7503985243094746,-4.525153073114879,-0.24243764590245576,-3.688971171352307,0,12.626060431429806,3.5280649413723775,27.326452275572134,16.148504590583954,-1.651458759957663,1.9308689996933137,16.071858114893885,0.5458121044086838,0,0.21327990308191883,42.0,80.0,-38.0,-1.887377274402695,-2.18114335121588,-5.505956791562511,-0.08507526426786693,-0.0037529738967262416,0.005495426063063302,-0.005160339107998624,0.004172414953396819
2016-12-13,1481605200,2017-01-17,1484629200,0.75,279.3135667173593,315.89586126311383,279.59,285.1,275.34,283.86,1635730.0,294.02,306.37,292.84,306.14,3988181.0,-0.9333710708454248,-7.2939105650074225,-2.451004986825197,-6.06487119182944,0,17.416272231400853,5.144937491413642,29.55602903181338,21.037943096410288,-3.6246379060090277,2.0634770419043074,16.814991431916404,2.00654242003431,1,0.36131173682717227,50.0,92.0,-42.0,-4.113640817926424,-4.202318515301698,-7.576502329447749,0.32254209772521847,-0.03958973018880252,0.0007512902593584947,-0.043444175867250356,0.02583520423549901
2017-01-05,1483592400,2017-01-18,1484715600,0.25,292.7800231384571,315.89586126311383,289.75,297.13,289.73,296.17,1824058.0,306.42,307.32,302.09,303.69,1287871.0,0.33028653820434783,-6.508297009408508,-1.460921773299546,-5.04533021611951,0,14.644818340246644,5.2870614339204,30.083274421967527,21.4477275585908,-2.6276502410202482,2.0545545036318993,17.614988946916682,-0.6705088310849375,0,0.3312314946413327,46.0,92.0,-46.0,-3.0890052356020874,-3.1028599049492556,-6.56300385866389,0.354114181383113,0.008989430010866384,0.011952978366096989,-0.005268530409298977,-0.008002874501861879
2017-01-17,1484629200,2017-01-25,1485320400,-0.25,293.29397192441587,315.89586126311383,294.02,306.37,292.84,306.14,3988181.0,309.15,311.2,307.16,310.31,1194318.0,0.9727019561618988,-8.386900660683168,-2.158328768006186,-5.627917244046259,0,18.377661686251756,6.845022897083633,35.897933236438995,35.36446303509818,-2.851630011996747,1.789661569674455,20.635859099968535,0.694931942325114,0,0.4569123570169703,50.0,60.0,-10.0,-3.7070993522606273,-3.357812932806013,-7.11370742800662,0.49449243545815147,-0.0037381972865844215,0.002868099642293176,-0.010151139183397162,0.006356413166855868
2017-01-18,1484715600,2017-04-03,1491192000,0.75,293.29397192441587,329.0794314756675,306.42,307.32,302.09,303.69,1287871.0,327.5,330.81,325.02,328.27,1191513.0,0.03556009423704154,-2.3659588513577035,0.18438886688802825,-2.4924289964561694,1,9.776448032505577,1.3898755289248543,12.039066342973616,14.060893612136624,-1.0634920148949902,1.4945879761332541,-11.111122773859375,0.7652110283206552,0,0.12378010735843789,50.0,36.0,14.0,-1.165199378560331,-1.043988910656907,-2.772474049933763,0.23043758949226567,-0.002345630121546205,0.007737533128217677,-0.009900386876656397,0.002902358548209749
2017-01-19,1484802000,2017-04-17,1492401600,0.75,304.52502975415933,338.1850775051326,302.93,307.76,301.28,306.13,1224132.0,331.73,332.71,329.08,330.36,775633.0,1.9385645151221524,-3.2992013961005,0.9783771239455774,-2.360556160955724,0,6.114890817096388,1.3965194438476447,17.6823186249325,12.475650726529459,0.026664703141094037,1.606806757344058,-1.4906415214211357,0.605513101181556,0,0.09492464428098925,26.0,48.0,-21.999999999999996,-0.6803184404891738,-0.38233323140570974,-2.2030783418594666,0.017260852752138067,0.004146991161157576,0.007113451991766384,-0.0038745610848771594,0.0010909090909090313
2017-01-26,1485406800,2017-04-18,1492488000,0.25,315.78701202463543,338.1850775051326,333.91,341.5,324.81,333.15,12445601.0,329.62,331.0,325.95,328.18,1425453.0,2.6279469030562836,-2.5718801104424927,1.724866435086426,-1.6718975359050887,0,3.124790701887143,0.9815686636511886,14.934092787173622,4.14156898331894,0.8161430176847375,1.6118595293154414,-2.3579838601014522,-1.1089664594385664,0,0.05495196915663645,22.0,48.0,-26.0,0.028033396306909708,0.25278744820400334,-1.492523775798432,-0.2740760612900486,0.004387835943689522,0.008592845389725046,-0.006795051496130244,-0.0065988618476813254
2017-04-04,1491278400,2017-04-21,1492747200,-0.25,319.5577903897141,338.9212410554813,328.4,334.0,326.96,331.52,1690434.0,336.44,339.64,335.74,338.48,1242612.0,0.013579429845194113,-4.798500252345789,-0.8091073820215939,-4.059668715039791,1,13.256048402526027,4.591805203633896,18.87134940787841,5.12896759607672,-1.7865986207002464,1.5541366295792083,-0.511723520423093,1.008227531047769,0,0.08993129959334487,50.0,88.0,-38.0,-2.3924604112502976,-2.257972931749407,-4.0665714744401384,0.3844106170788222,-0.006026943984873578,0.0034270857953202505,-0.00809501299929094,0.008611698799130041
2017-04-18,1492488000,2017-04-26,1493179200,0.75,319.5577903897141,348.1844835506894,329.62,331.0,325.95,328.18,1425453.0,345.51,350.38,344.85,345.4,1557319.0,-0.4158382921962982,-6.609928934207858,-1.9722698320787373,-5.098549507817012,0,18.60013126715765,6.578622562330287,27.97277134363413,12.328434086821908,-2.7867040141714767,1.5011514974998301,4.572718395093084,1.2596978075782457,0,0.08113140209112192,50.0,96.0,-46.0,-3.512883613202078,-3.258874687707774,-5.373942994305523,1.2258301777092182,0.0003184713375796733,0.014418066010422725,-0.0015923566878979223,0.002612481857764859
2017-04-19,1492574400,2017-04-27,1493265600,0.75,329.0794314756675,357.4872312773556,330.01,335.96,328.31,333.61,1051339.0,346.1,350.35,346.1,348.8,959183.0,-0.652931561672716,-7.598501924565795,-2.592570718654443,-5.700274273700316,0,20.918419406929473,7.013560778057315,31.545349805572936,10.574017698713895,-3.48968334506489,1.4817067607457692,6.541440830548684,0.7782881349688492,0,-0.001669953215658536,50.0,88.0,-38.0,-4.125716743119256,-3.801699845122201,-6.049415115208632,1.482400454611529,-0.007740825688073327,0.00444380733944949,-0.007740825688073327,0.009843659525188286
2017-04-24,1493006400,2017-05-01,1493611200,0.25,338.61921780449927,357.4872312773556,340.03,342.1417,338.74,340.36,1224676.0,346.29,347.25,341.87,344.14,1598886.0,1.3325539546285654,-6.003618056447607,-0.7268514751748398,-3.927051974971434,0,14.020521675483224,5.138702187461809,31.60730639331421,9.118260941800116,-1.5479631432897634,1.5455187430695783,7.427920611340291,-1.3097842188403588,0,0.04769570835699734,42.0,88.0,-46.0,-2.3355320509095208,-2.0201916391557404,-4.39872484819054,1.020193532958296,0.006247457430115677,0.009037019817516256,-0.0065961527285406385,-0.002955151234210307
2017-04-27,1493265600,2017-05-02,1493697600,-0.75,328.3227386662027,357.4872312773556,346.1,350.35,346.1,348.8,959183.0,338.89,340.13,333.2,337.69,2584692.0,3.2560379405267525,-3.9172953067501908,1.3190440936954104,-1.9760401551719013,0,5.7926631483123,2.8695890577878016,27.355660903329564,3.701179147959408,0.3735816302796735,1.6939400598011574,5.344589992171116,-2.087253928457917,0,0.04262325869921819,38.0,84.0,-46.0,-0.3306286831117262,-0.1345762686377583,-2.471815796571647,0.3417833139602582,0.0035535550356835532,0.007225561905890077,-0.013296218425182915,-0.01874237229034692
2017-04-28,1493352000,2017-05-04,1493870400,-0.75,316.6717937520702,348.1844835506894,349.83,349.99,342.78,345.16,1357752.0,324.89,327.4,322.25,322.6,1850881.0,8.492982324190933,-0.3389215678363371,5.9434118619549565,2.3406003306468506,0,-7.687512957427131,-2.828398445736313,8.666866824743613,-10.90117249435854,4.194028679050632,1.9771435937635016,4.410496722397816,-1.4239412612237787,0,-0.1513371569257003,30.0,-20.0,50.0,4.077030378177298,3.7642379397805286,1.9515341508659247,-1.9155702364267784,0.007098574085554699,0.01487910725356456,-0.001084934903905821,-0.005824524638663675
2017-05-02,1493697600,2017-05-05,1493956800,-0.25,316.6717937520702,340.5611248421639,338.89,340.13,333.2,337.69,2584692.0,324.61,334.87,324.51,334.78,2047611.0,4.514865032902506,-3.994224612327784,2.097431148814138,-1.4922904594061634,0,2.507752693603713,-0.5997624703088,7.207936148574524,-4.463462873029933,0.3338811739637322,2.0309168501970105,2.5756267887156596,1.5673676902220803,0,-0.04888160077363716,26.0,-20.0,46.0,0.2603202102873752,-0.009882818838974572,-1.6887484238172021,-1.65446338328533,-0.030378158790847598,0.0002688332636360258,-0.03067686241710965,0.037755734655920525
2017-05-03,1493784000,2017-05-16,1494907200,0.25,315.27938007423876,340.5611248421639,335.4,337.48,321.435,324.49,4225601.0,322.36,324.05,319.21,320.01,1507340.0,9.96415747138522,-1.9019094166369541,6.012493359582521,2.187747257898181,0,-7.503654624257926,-2.4894874763849155,-11.192046826397434,-34.77437850122833,3.000457806648413,1.984786201560991,-2.2610280709640627,-1.0926987118067062,0,-0.2689849990576457,-2.0,-52.0,50.0,4.031124027374133,2.7364611278992754,2.3880501021124445,-2.0420444702926095,0.007343520514983881,0.012624605481078799,-0.0024999218774414134,-0.0033014607406484098
2017-05-05,1493956800,2017-05-17,1494993600,-0.75,303.6514204190531,340.5611248421639,324.61,334.87,324.51,334.78,2047611.0,319.14,320.36,312.49,313.11,2478912.0,12.654259763256064,-0.6616692998406819,8.075834903601503,4.159776649313869,0,-11.915721892303694,-6.144899733221426,-14.652665434776718,-39.127762481111276,4.664762112692685,2.063165528476967,-1.3272608339241678,-1.7650648219036216,0,-0.3377469210008421,-6.0,-56.0,50.0,5.996295231707705,4.524228300299441,4.46224159433244,-2.325729015258344,0.019258407588387483,0.023154801826833937,-0.0019801347769154987,-0.021561826192931455
2017-05-08,1494216000,2017-05-23,1495512000,-0.25,303.6514204190531,328.3227386662027,329.52,331.0,321.72,323.81,3292244.0,317.34,320.48,314.5,318.79,1482893.0,9.51795374944922,-4.190308591194551,4.7728807888160105,0.8268975396551497,0,-6.410172335372302,-7.462989840348325,-18.451422995056404,-9.797098751834142,0.8695871551250463,1.8845730188975756,0.6970057661052707,1.004909761943757,0,-0.2694523590892116,-21.999999999999996,-56.0,34.0,2.6638225791273413,1.5816582587917907,2.1224379842685437,-1.2349022229784352,-0.004548448822108697,0.005301295523699068,-0.013457134790928249,0.007490044877062063
2017-05-17,1494993600,2017-05-26,1495771200,0.75,303.6514204190531,338.59849615765967,319.14,320.36,312.49,313.11,2478912.0,334.38,338.91,333.01,337.44,976485.0,1.2759070342092542,-8.455850135205011,-1.5378200568990223,-5.56708155523944,0,7.932391296624452,-2.2366438753042144,-4.3120107490816935,7.58693132831209,-4.518727352706463,1.9486329832241263,-0.6397377618472362,0.6367366417838467,0,-0.1340734134731083,-34.0,-56.0,22.0,-3.5899715504978786,-3.2747684643365034,-3.2546893726683663,1.6205394861504114,-0.009068278805120955,0.004356330014224863,-0.013128259838786183,0.011025886864812984
2017-05-18,1495080000,2017-06-01,1496289600,0.75,315.27938007423876,350.251062660734,314.16,317.87,312.56,315.88,1893629.0,346.5,354.05,339.465,346.39,2462114.0,-0.1769222947363005,-11.276641607223908,-3.833507510801894,-7.71535744873313,0,13.237434626168366,6.7490523590865585,10.354905068251302,22.014355083359987,-5.661205591799842,2.0485292938028685,2.02709999117231,1.5566253469843012,0,-0.03399358484048952,-46.0,-56.0,10.0,-5.7267819509801114,-4.465396775172508,-5.190806249468338,3.1965806310221825,0.0003175611305177295,0.02211380236150018,-0.019991916625768713,0.0024309072493127193
2017-05-24,1495598400,2017-06-02,1496376000,0.75,326.7594854683397,363.0087822697917,320.2,332.28,318.3006,329.04,2001333.0,348.11,353.37,347.5,353.03,1688407.0,-0.751570459252477,-13.386321504603274,-5.246594718107048,-9.075827361225194,0,16.700961544112104,9.432734035957827,15.816259858631074,28.148484946877943,-6.939215292393797,2.0076543084247973,3.5090259137086903,1.0564555120944759,0,0.07695633160518753,50.0,43.99999999999999,6.000000000000007,-7.068945981927882,-5.665862336006526,-6.700542888979243,3.6704294912212356,-0.013936492649349819,0.0009630909554430023,-0.015664391128232702,0.01916914460579111
2017-05-30,1496116800,2017-06-08,1496894400,0.25,336.95432302375184,363.0087822697917,336.49,340.0,334.85,338.92,1165143.0,344.9,345.24,333.38,337.45,2061787.0,5.521577090390295,-9.273540344205642,0.14775917419865436,-3.8843463229120374,0,3.110544421640057,3.645801339148598,16.129711708817425,30.25522891836269,-0.6291665142616409,2.1923817495361946,2.734415761459239,-1.2866333848909348,0,0.17630984044608577,34.0,44.0,-10.0,-1.8759816269076879,-0.3926877198302918,-1.8152915926257975,1.4632037913832927,0.022077344791820996,0.023084901466884133,-0.012061046080900861,-0.024372614779692436
2017-06-02,1496376000,2017-06-09,1496980800,-0.75,323.28313032352673,363.0087822697917,348.11,353.37,347.5,353.03,1688407.0,338.51,340.125,329.97,332.84,1598283.0,7.055046036322167,-7.84161015121218,1.7687517525938574,-2.5065276609381897,0,-0.017099995250632105,2.5353501124426114,12.95978199141166,23.35179037136487,1.2316526521216247,2.281909342531129,0.8173006996858057,-0.9882635850372173,0,0.16583266102506525,30.0,44.0,-14.0,-0.3932820574450062,0.8929305443373465,-0.4375262004618037,0.514170307359461,0.017035212113928555,0.0218873933421464,-0.008622761687297031,-0.0136612831530597
2017-06-05,1496635200,2017-06-19,1497844800,-0.25,323.28313032352673,350.9601991025323,355.0,355.0,343.72,344.43,1591082.0,342.0,345.19,339.97,340.26,2090132.0,4.374293861149269,-5.691521863265294,1.5614784772428862,-3.140737475264004,0,4.2495561148267385,7.752232566977016,9.733974324133369,0.8341372568552146,0.3882580108969904,2.273019522946355,-6.459968615699264,1.2561419961895988,0,0.14149207891109242,6.000000000000007,44.00000000000001,-38.0,-0.6586140010580124,-0.8003253504992358,-2.0925542418940353,-0.2788578092753804,0.005113736554399617,0.014488920237465397,-0.0008522894257331215,0.00011757098348108563
2017-06-09,1496980800,2017-06-27,1498536000,0.25,322.6347713270813,350.9601991025323,338.51,340.125,329.97,332.84,1598283.0,330.75,332.2939,327.14,329.87,1539942.0,6.389583762275592,-0.8252705479790308,5.141176827234986,0.38711916815714176,1,-3.429810079363058,-2.6702466658798567,-0.7930776410240062,-21.65868434555503,1.789603287247175,2.191060434195649,-7.5473262653785085,-0.8785712041116673,0,-0.0012585444534919494,-18.0,28.0,-46.0,2.7821566071482664,1.603640470984672,0.9436283126590865,-1.4313075734293872,0.00266771758571549,0.007348046200018166,-0.008275987510231397,-0.008357132120847655
2017-06-12,1497240000,2017-06-28,1498622400,-0.25,322.6347713270813,350.9601991025323,330.9,339.24,329.0418,338.65,1500924.0,330.56,340.95,329.24,340.3,1581463.0,2.946130460059848,-3.836521291679034,1.889910862964058,-2.85331864041531,1,4.376857005896909,-1.5193170308204311,0.9848340564458583,-14.606926166729195,-1.38229013001704,2.2179896667993666,-8.6175237070679,0.9006565612477648,0,0.08252199751780558,-21.999999999999996,24.000000000000004,-46.0,-0.445195415809593,-1.3666002321326545,-2.065913069589925,-0.7709971296743058,-0.02862180429033212,0.0019100793417572426,-0.03250073464590064,0.03161851638524271
2017-06-20,1497931200,2017-07-10,1499659200,0.25,322.6347713270813,350.54039692876466,337.95,339.93,329.43,333.61,2291289.0,333.13,338.4,332.1,336.6,1079791.0,1.879253473886024,-2.520073438235414,1.7390671420083095,-2.5508051099227487,1,1.700363654721457,1.1296719144333758,-1.1716220242678603,-20.48798471514344,-0.8830047346822028,2.107157470980817,-12.53606794658215,0.61013961724591,0,0.05234390189344536,-38.0,-72.0,34.0,-0.3204099821746951,-0.5399084516899251,-0.9415731958857947,-0.2868203251274049,-0.010308972073678091,0.0053475935828875,-0.013368983957219305,0.012543994224347932
2017-06-28,1498622400,2017-07-20,1500523200,-0.25,323.2882543976685,350.54039692876466,330.56,340.95,329.24,340.3,1581463.0,346.47,349.67,344.315,345.3,1354325.0,0.76145660931995,-5.380049137556242,-0.5250719181388348,-4.206331692248284,0,6.63341160906284,3.4203905594824535,10.379821866923432,9.325039161763662,-1.9164269122259299,1.8768820605144894,-14.69629394689133,-0.8573303863944515,0,0.10818353315217413,46.0,44.0,2.0,-2.30929626411816,-1.704148040146606,-2.6888212728012064,1.1010786963592265,0.003388357949609011,0.012655661743411484,-0.00285259194902987,-0.003779463950838169
2017-06-29,1498708800,2017-07-21,1500609600,0.75,323.2882543976685,361.1818544361307,339.38,340.185,332.13,335.74,2094815.0,345.3,351.87,345.3,350.07,1508116.0,-0.028843559582270473,-6.796648484865983,-1.6950152826577352,-5.322544062616046,0,9.761492847354205,4.7705982701343785,12.642468186854813,19.024808421237225,-2.896588277249549,1.8531264933632643,-14.341367690501004,0.9486169926152451,0,0.10341129707849063,50.0,52.0,-2.0,-3.412746022224127,-2.753653901463224,-3.857326534100139,1.298209057152396,-0.013625846259319507,0.005141828777101676,-0.013625846259319507,0.013814074717636737
2017-07-11,1499745600,2017-07-26,1501041600,0.25,336.95432302375184,361.1818544361307,337.12,339.85,334.44,337.85,1047562.0,348.8,351.68,346.03,348.77,2300573.0,1.1439253038980155,-5.771903627721713,-0.6129235121522356,-4.181871529470229,0,8.39835436903553,5.7295298147755105,15.573848079062536,23.696894106304967,-1.4153546808977353,1.7783823753830703,-13.125351898196778,1.441708586228026,0,0.09161175783976673,38.0,52.0,-14.0,-2.3139891619118487,-1.8054332592327995,-3.118734748097424,0.949900979307972,8.601657252649275e-05,0.008343607535051811,-0.007856180290736092,0.002212643678160875
2017-07-21,1500609600,2017-07-27,1501128000,-0.25,337.99587730153104,362.72479848345984,345.3,351.87,345.3,350.07,1508116.0,354.0,370.96,353.02,366.9,3671114.0,-2.253554084567682,-11.303545942687705,-5.0739602071409,-8.63635322976289,0,18.52196980398932,7.8166323831912905,21.39324414121694,31.98366622472679,-5.164175480803664,2.001752808046294,-10.253372025107371,2.2398468199793697,1,0.1803128843280217,50.0,68.0,-18.0,-6.778550013627694,-6.023561395816941,-7.595986232643554,1.9596027017841973,-0.035159443990188,0.011065685472881004,-0.0378304715181248,0.051982681996731284
2017-07-24,1500868800,2017-07-28,1501214400,0.75,337.99587730153104,376.4617689572949,349.79,350.43,345.2501,348.08,1777672.0,365.39,372.3655,361.0,370.26,1677273.0,-1.655079802747423,-12.66161657277246,-5.460485424656554,-9.079960928356641,0,19.948588378341924,10.281765651992608,26.617472337971094,32.61140616091892,-5.420885330367128,2.061159796694679,-7.479426630248888,1.0334593599381796,0,0.20357741526415288,50.0,72.0,-21.999999999999996,-7.158348187759941,-6.221477423378104,-8.10375963096888,2.676011346616807,-0.01315291957003184,0.005686544590287834,-0.025009452816939448,0.00915780866721172
2017-07-27,1501128000,2017-08-08,1502164800,0.75,349.5048225885605,393.0348129687132,354.0,370.96,353.02,366.9,3671114.0,380.02,393.24,378.2569,389.75,2000753.0,2.8242291495892573,-17.064383094425693,-5.289738721402614,-9.17291511652769,0,20.936527756764633,15.361846973508946,44.13950019655111,19.06188457571477,-4.265585463408499,2.238191709137623,10.296901589050556,1.1933127919026887,0,0.04973021913241154,26.0,68.0,-42.0,-7.120076972418204,-5.883637424777817,-9.816239549938771,2.5648384853468364,-0.024964720974984034,0.008954457985888453,-0.029488389993585717,0.02291218308750209
2017-07-28,1501214400,2017-08-17,1502942400,0.75,362.72479848345984,410.50170162306426,365.39,372.3655,361.0,370.26,1677273.0,401.0,401.65,393.17,393.36,1792915.0,6.33521339710741,-12.526234344839793,-0.8264083790929533,-5.423131482611339,0,14.255822661759879,13.918331885317114,42.26137370358437,8.264096626542454,0.198100711934174,2.324010105058779,19.774380047472462,-0.9894634093598449,0,-0.15162886210231705,38.0,80.0,-42.0,-3.0955104738661987,-2.76454509138388,-7.752477940075067,0.12956505499087534,0.019422412039861614,0.02107484238356716,-0.00048301810046780247,-0.018513897899096632
2017-07-31,1501473600,2017-08-18,1503028800,0.25,376.4617689572949,410.50170162306426,399.42,399.95,385.36,391.91,6506301.0,391.53,396.27,390.71,392.97,1601181.0,6.332013230478253,-11.23900358597615,-0.1779847486237287,-4.753568126489739,0,13.971981378320805,12.254691918759116,39.88056315984086,-4.2880592486954185,0.3851127649104029,2.261212959556523,19.352566556793214,-0.8881657476734214,0,-0.16472276433787314,34.0,80.0,-46.0,-2.453495177748948,-2.413945046791227,-7.3604990753117505,-0.5677090697264493,-0.003664401862737754,0.00839758760210696,-0.005751075145685514,-0.0009914582062232613
2017-08-09,1502251200,2017-08-22,1503374400,-0.25,377.0402135478085,410.50170162306426,387.89,408.83,386.38,400.9,4033736.0,398.15,399.99,395.0,397.05,1125405.0,4.295002401914132,-8.753131101070409,0.01614406246063993,-4.538131217730779,0,15.655584139070356,14.0948275862069,37.44288168209119,6.4042841544387485,-0.34818662695643354,2.1116642995299597,18.976053116464378,0.6302076316046771,0,-0.13880979589773892,26.0,68.0,-42.0,-2.229064349578138,-2.8099266249505916,-7.678963407826146,-1.1036801673512073,0.002770431935524398,0.0074046089913109014,-0.005163077698022933,0.001513431706394286
2017-08-18,1503028800,2017-08-29,1503979200,0.25,377.0402135478085,408.5966552881247,391.53,396.27,390.71,392.97,1601181.0,386.6,390.17,385.56,388.82,1158705.0,3.902243784828329,-2.1345878000538647,2.851516554361069,-1.0128165560756344,0,9.295972248757657,0.3613649269526553,25.28332914296551,-7.483377256228316,1.8323296256229469,1.9425635357019997,10.561972865212404,-0.6738174476316946,0,-0.20979806950750943,6.000000000000007,52.00000000000001,-46.0,0.883827992387225,-0.4156641796886049,-4.666639066762528,-2.7695795961435152,-0.005709582840388805,0.0034720436191555404,-0.0083843423692197,-0.001053361765537164
2017-08-21,1503288000,2017-08-31,1504152000,-0.25,378.14794892799614,408.5966552881247,392.75,396.9,391.38,396.45,1122469.0,394.54,398.8811,392.66,398.54,2302011.0,1.4412016155802547,-4.040689747260885,0.6099362673759146,-3.22265519144878,1,14.464264877416667,3.7054384595368224,25.320283569685813,0.5074936828279561,-0.7858094876684305,1.8611108686735804,9.056374005328877,1.3406394612346344,1,0.008607851496540711,-2.0,44.0,-46.0,-1.299744065840315,-2.440212303428453,-6.502984960131968,-1.9074565587172856,-0.010036633713052634,0.0008558739398805137,-0.014753851558187425,0.013142842616366224
2017-08-23,1503460800,2017-09-01,1504238400,0.25,378.14794892799614,406.5515249419051,396.29,396.29,390.26,390.33,1333089.0,398.93,399.34,391.87,392.48,1281632.0,2.9178869081721643,-2.2694462232965407,2.3272540426688266,-1.616236071477104,1,9.396257868406131,2.040922444947098,23.69146415548383,-9.091518032837904,0.5439404484723269,1.890806562084181,8.43506715476478,-0.7463818882424225,0,-0.039260092021609384,-6.0,20.0,-26.0,0.32422034243782605,-0.8449228855773185,-4.860958653796203,-1.9219968877021998,0.01643395841826334,0.017478597635548265,-0.0015542193232777057,-0.01520550007527477
2017-08-30,1504065600,2017-09-07,1504756800,-0.25,379.6769452979508,406.5515249419051,388.22,395.16,388.22,393.37,1012194.0,404.04,404.72,387.89,395.64,2860493.0,1.886476790419394,-2.340424823985245,1.6882949145688144,-2.1160726923465774,1,9.122424551999998,-1.3120478922424523,22.142144043344693,-9.680779394607036,-0.4921641927273015,2.1656923803942743,6.297467793746506,-1.6666331261148712,0,0.15993099615235246,46.0,84.0,-38.0,-0.2269740167829184,-1.1086367746868433,-4.9410558752557705,-1.2318136773065627,0.02123142250530785,0.022950156708118508,-0.019588514811444746,-0.017043478260869604
2017-09-01,1504238400,2017-09-13,1505275200,0.25,377.60257862508956,406.424690091564,398.93,399.34,391.87,392.48,1281632.0,381.48,386.0,379.48,385.13,1822139.0,4.698760270054024,-1.0410343073920671,3.8971438215667575,-0.2790044919897383,1,1.9340862936199912,-3.1679782767203934,8.188205543924164,-18.218846519363012,1.3731090026548571,2.3677060014668703,0.7859499425192702,1.0241307720851118,0,0.19357817434331515,30.0,-12.0,42.0,1.8288629813309853,1.0447482273811914,-2.003276785139164,-2.707792670003581,-0.00947731934671403,0.0022589774881209834,-0.014670371043543629,0.00932987394187168
2017-09-05,1504584000,2017-09-20,1505880000,-0.75,361.1565315330385,406.424690091564,392.26,395.68,388.01,393.32,1297638.0,365.99,371.5,363.5,367.01,2436847.0,10.908497301447468,-0.8997781929762994,7.4067209794465185,2.70068844627302,0,-7.315147299273633,-7.565797758468712,-12.236838442148775,-27.661071343264382,3.6879468860880706,2.4222179131082053,1.6752172053577858,1.1950699685062371,0,-0.15446084045972755,10.0,-36.0,46.0,5.004359554235592,3.816036527877415,2.4069639200057935,-4.025151142149212,-0.0027792158251818133,0.012233999073594681,-0.00956377210430226,0.008213834404703135
2017-09-08,1504843200,2017-09-26,1506398400,-0.75,345.2799959664797,393.0348129687132,394.63,395.6,387.0,392.9,2316948.0,359.51,361.01,356.58,359.04,2464527.0,13.792309084362458,-2.452346963150333,8.083493018419489,3.3663835041592307,0,-10.72820814345858,-7.7563394394060055,-22.89001273013054,-33.76760183674443,3.918960102915946,2.2110176953024205,5.003284131712462,1.1455045863372384,0,-0.2722215332685133,-6.0,-52.0,46.0,5.669981060606062,4.13375806152348,4.005264594213045,-3.3232427844917094,0.0013090463458109713,0.0054868538324419625,-0.006851604278074963,0.004083002405056213
2017-09-14,1505361600,2017-09-27,1506484800,-0.25,345.2799959664797,377.60257862508956,382.17,384.76,375.76,376.0,2854849.0,359.59,365.5,356.875,362.85,2552761.0,12.381352707141332,-3.9762266219821925,6.63955904643791,1.8613283726057546,0,-7.8356028780614295,-6.6791831695900346,-23.129926030314827,-27.409596730075606,2.184950960275515,2.201316819854319,4.679754686536494,1.168983089426805,0,-0.24448804136589983,-10.0,-52.0,42.0,4.202563042579584,2.750776641768354,2.7989451588544227,-2.6186165915178305,-0.008984428827339297,0.007303293371916597,-0.01646685958385019,0.010611631016042677
2017-09-21,1505966400,2017-09-28,1506571200,0.25,345.2799959664797,375.533992078553,365.88,366.4,359.093,361.08,3098875.0,359.5,362.54,357.26,360.95,1259374.0,12.531597365133052,-3.9276355975752466,6.734628064828939,1.9772350741100126,0,-8.864150018095984,-8.241604596181716,-23.71234095450364,-26.70710334417221,2.2883122930027895,2.1654604921722083,4.3793344874445275,-0.5770358698473445,0,-0.26015642782729576,-14.0,-52.0,38.0,4.30198088377891,2.978155104564962,3.209084159373859,-2.122305483548242,-0.0040171768943066954,0.004405042249619129,-0.01022302257930463,-0.005236323549676292
2017-09-27,1506484800,2017-10-11,1507694400,-0.25,347.0873181693465,375.533992078553,359.59,365.5,356.875,362.85,2552761.0,364.06,366.97,361.03,365.12,1623120.0,2.4988920454809005,-2.3507215809760993,1.8296596552731472,-1.541021216768911,1,-5.312199888622608,-5.195648222678054,-15.36893851547012,2.411550638926691,-0.3977126452954849,1.7917861412433111,-6.156468620053584,0.8136843263550314,0,-0.012240627853908675,-46.0,-48.0,2.0,0.0740852322524006,0.9959332279856596,1.5555590457311865,0.7193067648826172,-0.0029031551270815026,0.0050668273444347545,-0.011201796669588204,0.0005480653293872262
2017-09-28,1506571200,2017-10-13,1507867200,0.25,347.0873181693465,375.16322965646685,359.5,362.54,357.26,360.95,1259374.0,354.62,360.22,347.54,357.4,2939480.0,4.183146919406909,-0.617114462775632,3.556552881925029,-0.01144655847788556,1,-9.908071540470885,-3.2668416921536387,-19.35774502274113,-0.07175914248203696,1.4769242354504257,2.065765014126088,-4.025442326521482,1.4288676134235976,0,0.0638566959681543,-38.0,-84.0,46.0,1.7830162283156312,2.5603298045278535,3.4430987982372585,-0.1685619830011813,-0.00777839955232229,0.007890318970341426,-0.0275881365416899,0.004751061257766143
2017-09-29,1506657600,2017-10-16,1508126400,-0.25,348.6004766988644,375.16322965646685,359.77,365.01,357.68,363.42,1430994.0,358.06,362.78,357.61,362.6,1228906.0,2.548669285092757,-2.0555639348445567,1.9615609487038057,-1.5431356867071173,1,-5.357267685537863,-1.5128880680120578,-18.431224812139718,-2.673128050165289,0.10781624816975466,1.9966821780459831,-3.3761694978093253,0.5946431646486641,0,0.10448147673535976,-42.0,-84.0,42.0,0.24655267512410717,0.9857609816177728,1.8827861963169,0.05130563204318328,-0.012520683949255429,0.0004964147821289178,-0.013761720904578056,0.014549524342473585
2017-10-12,1507780800,2017-10-20,1508472000,0.25,348.294939524773,374.188476772709,363.0,363.0,352.51,355.71,2672541.0,353.84,355.4999,350.24,350.76,1457618.0,6.4418680510575115,-0.32343949592008414,4.755591667616969,1.3102672292545634,0,-12.476507028550145,-2.647793505412162,-24.14422773367039,-19.028090360201986,2.8154442053663473,1.9600159332256883,0.9465938598373853,-0.7283547542739495,0,-0.07187574452339576,2.0,-48.0,50.0,3.0592142775686995,3.1386281541229977,4.62839834571372,-0.8141440424508053,0.00878093283156578,0.013513228418291723,-0.0014824951533811692,-0.002587653197600126
2017-10-16,1508126400,2017-10-25,1508904000,-0.75,335.92130565586234,374.188476772709,358.06,362.78,357.61,362.6,1228906.0,338.69,345.51,336.57,344.91,3750744.0,9.206261797416971,-1.0191985055437414,5.905273839552322,2.2704647589225857,0,-13.51035236594305,-4.9441918147995025,-30.637383052528122,-26.493180796293885,2.5803264322246804,2.013253288006428,5.818851737822673,1.8718754116061362,1,-0.05586116739913753,-10.0,-56.0,46.0,4.093531645936622,3.5076280357471745,5.629739128699171,-1.4137098284036398,-0.018033689948102505,0.0017395842393665983,-0.024180220927198515,0.013666020102274912
2017-10-17,1508212800,2017-10-26,1508990400,-0.75,320.13648145396854,361.1565315330385,362.59,362.59,356.685,357.84,1232151.0,322.0,328.0856,312.41,316.29,9312720.0,20.901985421377177,4.711217651751909,14.99939506992527,10.707011497886953,0,-24.356377345904804,-12.372904834464599,-37.002819919714725,-31.35729778418606,8.751932293056441,2.7725652972999155,8.647244330684842,-4.338626501893353,-1,-0.15424751200022913,-14.0,-64.0,50.0,12.806601536564543,11.647614490376014,14.592212335607968,-3.0082017469341844,0.01805305257833001,0.037293622940971716,-0.012267223118024528,-0.08297816821779591
2017-10-23,1508731200,2017-10-27,1509076800,-0.75,303.72928755221,348.294939524773,350.15,351.02,344.155,345.07,2228995.0,314.83,321.91,308.3,319.76,3696031.0,20.29274441990121,1.5067301860532751,13.140038362104917,8.69783796180468,0,-21.638778538707896,-12.013648120631784,-40.006915372486525,-32.304461441874054,6.451308257086794,2.850609120340004,11.403212607979889,1.69191158239446,0,-0.06519018536716635,-18.0,-64.0,46.0,10.899737302977243,9.442119648673938,12.825193106952952,-3.568576014423451,-0.015417813360020016,0.006723792844633536,-0.035839379534650884,0.010970944386480719
2017-10-26,1508990400,2017-10-31,1509422400,-0.25,303.72928755221,337.03804436274436,322.0,328.0856,312.41,316.29,9312720.0,324.34,339.42,321.82,334.17,3834708.0,14.703141454298915,-4.726183618466877,7.408684202651344,2.562827303468282,0,-11.455378619220816,-9.56401721198343,-37.27596448220565,-16.6884241602518,0.7024176284871686,2.9853676535477542,12.274109086301209,1.6816718741945944,0,-0.01933219368287722,-26.0,-64.0,38.0,4.9884789179160265,3.603544196369498,7.233121656635106,-2.382464818717441,-0.02941616542478387,0.015710566478139842,-0.036957237334291015,0.03142072286181685
2017-10-27,1509076800,2017-11-02,1509595200,0.75,303.72928755221,354.55726952388267,314.83,321.91,308.3,319.76,3696031.0,341.32,341.67,334.65,337.66,2138212.0,11.94914796336073,-6.065418768312469,5.369122786234669,0.4946721554225775,0,-9.182958803010457,-8.671427025857406,-30.854972497631287,-9.653239175103508,-1.0808640178583317,2.8250678466692585,11.234914831948252,-0.9211065271339263,0,-0.03916356058675992,-34.0,-64.0,30.0,2.9418645975241304,2.0875558209568084,5.660070378594952,-0.47893319245706323,0.010839305810578681,0.011875851448202246,-0.008914292483563457,-0.001655727041570576
2017-10-30,1509336000,2017-11-03,1509681600,0.25,319.4766512391098,354.55726952388267,318.47,329.7202,316.76,323.99,3677211.0,334.59,340.58,328.0,335.43,2364342.0,11.922467455327592,-5.623090536149206,5.692756561229871,0.5375617366762953,0,-10.171731399397338,-8.701687534022856,-29.155446479430413,-13.826110917608396,-0.6476308761854312,2.9086037364369064,11.200999861571283,-1.011044430411984,0,-0.05512914618992451,-38.0,-64.0,26.0,3.1496884595891856,2.502799941451329,6.113007350692513,-0.006697163600108524,-0.0025042482783294018,0.0153534269445188,-0.022150672271412875,-0.006604276491145034
2017-11-01,1509508800,2017-11-13,1510549200,-0.25,319.4766512391098,356.6686236918336,335.62,340.74,335.465,338.22,2373105.0,338.5,343.91,337.065,343.72,959485.0,4.974721956118074,-7.116872543805741,1.8125121222700784,-3.8981913573063594,0,-3.5259266297614644,-5.206839492553777,-14.613095090801734,-2.122449363464078,-3.4524720116704657,2.9378329977668005,1.4930439850660342,0.3995776096711303,0,0.05386271987759929,-42.0,-44.0,2.0,-1.0710752938438333,-0.22674305608086343,2.688870763049607,1.9061486233925287,-0.015186779937158223,0.0005527755149539182,-0.01936168974746899,0.015600992790450352
2017-11-03,1509681600,2017-11-15,1510722000,0.25,318.8705216362999,356.6686236918336,334.59,340.58,328.0,335.43,2364342.0,337.33,337.66,330.5,334.22,2033937.0,6.6212204131643375,-4.302687710154331,4.174635469650738,-1.8343795503959655,0,-7.911115675713518,-5.070014485755664,-14.406636701205677,-0.6339561205469693,0.17713628347695476,2.9572028338402974,0.27697083511496956,-0.8424810179295207,0,0.09477407455974338,-38.0,-32.0,-6.0,1.1592663515050106,2.2026922638282826,5.205738663045196,1.2045958992137855,0.009305248040212932,0.010292621626473597,-0.011130393154209828,-0.0076897954336272445
2017-11-06,1509944400,2017-11-21,1511240400,-0.25,318.8705216362999,356.6686236918336,338.0,361.28,336.63,348.4,4106865.0,339.24,344.85,337.64,338.42,2237329.0,4.141393198679495,-5.1847712496221305,2.700531883458396,-3.755451805448871,1,-5.173909788889702,-0.5407629459824767,-10.687022653248638,-15.748617181374627,0.6697743613875389,2.9302149110826092,-5.240730076585891,0.9464100850330804,0,-0.18243801229753523,-46.0,-24.000000000000004,-21.999999999999996,-0.5216890254713178,0.7427316909501798,3.3788806717487176,1.2518857929301115,0.0024230246439336245,0.019000059098162048,-0.002304828319839358,0.00014776723704823524
2017-11-14,1510635600,2017-12-18,1513573200,0.25,318.8705216362999,355.1545716115664,341.3,344.0,333.97,336.81,1638603.0,324.47,326.99,321.55,323.23,2340809.0,5.005063501144292,-1.3132650913432258,5.053349008445991,-1.0312718497664406,1,-7.866177391019207,-5.3610118873338415,-12.59471125292467,-17.426899554621016,1.53542093402325,3.0222326401677906,-11.300718402375882,0.9800657699981384,0,-0.09367787517085203,-46.0,-36.0,-10.0,1.845899204900519,1.9943087215992534,4.750416145684923,0.11034713509241145,0.003836277573245006,0.011632583609194613,-0.005197537357299775,0.00285439483726857
2017-11-16,1510808400,2017-12-20,1513746000,-0.75,302.21221698855413,355.1545716115664,333.94,340.92,328.5,340.63,1578540.0,317.06,317.28,312.53,316.38,2168665.0,6.743763789632723,-0.014830228724974859,6.502920538592832,0.44365004108983896,1,-11.287200633060486,-6.512617457597074,-16.191703446878872,-20.79163064329674,3.3933406631451106,2.9353923290315196,-9.547001489799612,-0.8963859196484335,0,-0.18922498139512822,-38.0,-88.0,50.0,3.3644667804538813,3.45629726041858,6.485744191637636,-0.6319335532067258,0.0021493141159365514,0.0028446804475630305,-0.012168910803464272,-0.0018613748935231156
2017-11-22,1511326800,2017-12-21,1513832400,-0.25,302.21221698855413,337.7088390909584,337.84,339.49,332.44,334.27,1048248.0,317.86,336.83,316.78,332.94,1936029.0,1.3646858921678557,-4.958126151674094,1.3024689133177105,-4.845882140926307,1,-0.3794164375850997,-0.39788195171567414,-12.652664540504333,-21.522647004509395,-1.8374788116536394,3.0288796191864034,-9.899057814063761,0.7981646018163628,0,-0.19187208557533245,-42.0,-88.0,46.0,-1.796720129753112,-1.5285804080567402,1.14264406235624,0.3244637033015998,-0.045293446266594484,0.011683786868504686,-0.04853727398330032,0.05234212023516016
2017-12-19,1513659600,2017-12-26,1514264400,0.75,302.21221698855413,355.8009699635577,322.65,324.34,316.43,316.97,1955893.0,336.84,340.5,336.1,340.4,1272035.0,0.15682286035807635,-7.238491485504966,-0.6340266353309829,-6.547457892675297,1,3.5975474477528806,5.766840666169527,-4.620347592174541,-19.625633516750042,-4.0587149656524275,2.8341738634262015,-9.692424433575443,0.5365777836807208,0,-0.05286760518971574,50.0,12.0,38.0,-3.5408343125734376,-3.07353578651022,-1.015709150773759,1.988005789537472,-0.010458284371327897,0.000293772032902595,-0.012632197414805924,0.006505026611472564
2017-12-21,1513832400,2017-12-27,1514350800,0.25,319.55700584354383,355.8009699635577,317.86,336.83,316.78,332.94,1936029.0,341.4,341.5,332.31,333.25,2208370.0,2.452438935263274,-5.174119355368305,1.661647411852968,-4.353302325581382,1,-0.48964849081890804,2.258430758845013,-3.3094302057167915,-20.23461760516075,-1.805940053744024,2.885175475390339,-10.14306898958645,-0.9239139343317535,0,-0.06575791110047506,46.0,12.0,34.0,-1.3608402100525154,-0.899281970897519,1.0645824778991084,1.9014112369219824,0.024456114028507114,0.024756189047261845,-0.0028207051762940694,-0.02100470035252633
2017-12-22,1513918800,2017-12-28,1514437200,-0.25,320.40211400182943,355.8009699635577,331.49,341.11,331.49,338.2,1592136.0,334.45,339.775,333.0,338.03,850539.0,1.2707381645919753,-6.593934330612726,0.32160064688540047,-5.577230817777519,1,2.08180818618483,1.9175686676515682,-1.0951332967025824,-16.121756794694733,-3.0769169741760862,2.78436855842461,-10.561524648739523,0.35697916749996456,0,-0.05042075259046748,42.0,12.0,30.0,-2.661598083010375,-2.0815324392495853,-0.35025122916725593,2.0786436750889457,-0.010590775966630162,0.005162263704404868,-0.014880336064846289,0.014343585896473998
2017-12-27,1514350800,2017-12-29,1514523600,0.25,320.40211400182943,354.6504409594353,341.4,341.5,332.31,333.25,2208370.0,335.14,342.02,333.82,335.96,1043364.0,2.1180052017553095,-5.951497284146043,1.0813112672143603,-4.802817795769329,1,0.9000890976345275,2.9888721988902853,0.1402083165998249,-11.27803824659415,-2.3189076679170455,2.7757559040735122,-10.671423606211178,-0.4394450600425481,0,-0.059564596824467644,38.0,12.0,26.0,-1.916746041195367,-1.3374307313159761,0.2533929268671642,1.970058296075892,-0.0024407667579473546,0.018037861650196385,-0.006369805929277272,-0.006123716829867121
2017-12-28,1514437200,2018-01-05,1515128400,-0.25,320.92306592737276,355.46334274285937,334.45,339.775,333.0,338.03,850539.0,352.02,354.4,349.08,350.88,2581834.0,1.13645845564443,-11.065209025639888,-2.315321477428185,-7.593336753305962,0,7.593286490061061,8.752789486734445,12.43443695956658,-7.789618467927255,-4.457354514533847,2.8380151965748026,-5.304564055520643,1.0735165450762405,0,-0.18555170421086686,42.0,32.0,10.0,-4.964375284997729,-3.724853486491554,-3.4250939793170687,3.062378020551072,0.0032489740082080054,0.010031919744641904,-0.005129958960328307,0.0031161554075300746
2017-12-29,1514523600,2018-01-08,1515387600,0.75,320.92306592737276,373.30447479205617,335.14,342.02,333.82,335.96,1043364.0,354.47,360.19,351.63,356.55,1582957.0,0.48994325201039146,-12.562583835378774,-3.4556630673584863,-8.615247978310663,0,10.14308486597514,9.63347887583789,15.17339522112677,3.6769517733678327,-5.083480929000459,2.7799018447150607,-3.751406837765387,0.6702704342404203,0,-0.04424863512553449,50.0,43.99999999999999,6.000000000000007,-6.036320291684191,-4.755301164661745,-4.766322782750592,3.180837177931283,-0.00583368391529937,0.01020894685177387,-0.013798906184265936,0.01615937072503426
2018-01-02,1514869200,2018-01-16,1516078800,0.25,337.7088390909584,373.30447479205617,338.43,352.82,337.77,348.97,3137673.0,352.18,356.54,349.8692,352.93,1321811.0,4.111437415620685,-10.744197453021897,-0.7525968322330243,-5.7486527073357365,0,6.992020790071209,7.377996835828162,18.89903578504381,6.555441693072268,-1.2071592825272859,2.547167558221074,-1.4505925024276571,-0.6556866278542568,0,-0.11746020735488014,30.0,44.0,-14.0,-3.316380018700599,-2.225566139233038,-3.072194252741866,1.34478093652588,-0.002125067293797689,0.010228657240812566,-0.008672541297141123,-0.0030225988700565143
2018-01-08,1515387600,2018-01-23,1516683600,-0.25,338.3025772686052,373.30447479205617,354.47,360.19,351.63,356.55,1582957.0,367.81,372.0,366.16,369.25,1122828.0,1.0619496317803225,-10.36946486536192,-2.4748742947415963,-6.868396298803873,0,14.29793939297366,10.905868925331893,28.562809067798916,16.31326015813478,-3.0632437957167014,2.253272427055151,2.9115128087413815,-0.5786925560429252,0,0.01447425609771926,46.0,80.0,-34.0,-4.653757616790799,-4.287122355279891,-6.184674526544711,1.8148750215394944,-0.0038997968855788434,0.007447528774543022,-0.00836831415030459,-0.0027008777852801646
2018-01-09,1515474000,2018-01-31,1517374800,0.75,338.3025772686052,386.67329199022083,356.66,358.77,354.15,354.76,1087269.0,374.81,379.325,373.21,377.25,2754589.0,1.698184066484103,-9.16273012347547,-1.8388707753479139,-5.7475732273028655,0,16.18803879392776,8.103848468349707,36.788153820117145,38.731876557157406,-2.4635188946695905,2.020312964945582,8.625692954772838,1.4061940517355895,1,0.39386759778113334,50.0,92.0,-42.0,-3.7322730284956975,-3.5902902814999464,-6.490947593353781,0.8862561906564643,-0.006467859509609042,0.005500331345261733,-0.01070907886017236,0.0018057731630241047
2018-01-17,1516165200,2018-02-01,1517461200,0.25,355.46334274285937,386.67329199022083,358.59,359.99,352.065,357.84,1232990.0,376.11,380.255,371.14,371.18,2045434.0,3.5327872919189645,-7.359771504430441,-0.060520502182214386,-3.8802521687590996,0,10.831194378976555,5.141206129790679,35.02789249043751,29.676247694251572,-0.48121014686016395,2.082089524977172,8.686245622242879,-1.0372924105779957,0,0.24489858905445688,46.0,92.0,-46.0,-1.913492106255731,-1.8218991639560471,-4.767191278690575,0.20153286363119705,0.013281965623147762,0.02444905436715339,-0.00010776442696269761,-0.016090125911199404
2018-01-24,1516770000,2018-02-05,1517806800,-0.25,357.5970037849704,387.6986734336975,370.45,377.06,367.27,376.43,1877620.0,391.6,395.0,371.47,372.57,3136352.0,4.013979613346379,-6.985233337478775,0.7935940449669516,-3.772146621216592,0,7.80937464493195,6.181600547195622,32.35813023277464,27.205209351990916,0.5705138343839593,2.692936874345671,10.686642238357031,-1.541908190832711,0,0.13384770437653265,46.0,92.0,-46.0,-1.4856268620661979,-1.451718025841302,-4.580145602365093,-0.0380516199058043,0.051077649837614425,0.06020345170035157,-0.002952465308532548,-0.037908327953518395
2018-02-01,1517461200,2018-02-07,1517979600,0.25,353.13793124866163,387.6986734336975,376.11,380.255,371.14,371.18,2045434.0,367.11,370.52,360.061,363.55,1711006.0,6.528957137411837,-4.006883144838611,3.6760894879200237,-1.2261990556090439,0,2.517370377007957,2.477731424061343,23.28370100031711,9.148765364292032,2.975698901971782,2.8121757951699276,8.073922482039102,-0.8038952558694249,0,0.1456006169525863,38.0,80.0,-42.0,1.261036996286606,0.9601037567346111,-1.9782961271496333,-1.6598310304406105,0.009792325677348446,0.01917205336267358,-0.009597029294457493,-0.016768086544962757
2018-02-02,1517547600,2018-02-09,1518152400,-0.75,333.81009100450717,387.6986734336975,380.0,396.64,375.495,387.25,4803091.0,351.41,355.56,343.15,349.43,2028717.0,11.092881924852179,-0.6118127550613792,8.004251686079229,2.5455704051359618,0,-4.375733409618903,-1.5967333145592832,9.45436313516603,-2.9059508533781653,6.52830826429107,3.107100079699047,4.8268822024238816,0.9644484288307867,0,0.05905394430241915,30.0,-16.0,46.0,5.2405345848954,4.106288973462483,1.8217682787712732,-3.960674504719372,0.005666370946970867,0.017542855507540756,-0.017972126033826585,0.0022372006310054093
2018-02-06,1517893200,2018-02-26,1519621200,-0.25,333.81009100450717,372.69272207142745,366.08,370.96,360.1221,369.75,4859473.0,365.32,368.37,357.29,358.02,875283.0,7.203790581031669,-3.52522513776033,4.958792804871237,-1.0119378805653412,0,-0.4374960599147144,-5.034482758620695,0.578230756776591,-20.657762819421606,0.6593729879114392,2.8367394623929796,-6.64942856976381,-0.49197394651426063,0,0.1119618851187814,-10.0,-16.000000000000007,6.000000000000007,1.8392827216356693,0.9928398434622778,-0.21437846323222232,-1.1175828929450728,0.02038992235070669,0.02890899949723491,-0.002038992235070536,-0.019284501177888602
2018-02-08,1518066000,2018-03-01,1519880400,0.25,333.81009100450717,372.69272207142745,362.1,363.04,346.13,348.65,1881380.0,342.72,349.65,337.6121,339.41,1447166.0,12.349396583546039,-0.3244120515640816,9.677400980132191,2.971587951641581,0,-8.716888883589938,-10.030483764082167,-8.610959416345105,-10.914718504749253,4.644333681897379,3.0271293840225035,-7.118348621052466,-0.8698355277401467,0,-0.20200053824533026,-21.999999999999996,-72.0,50.0,6.012492265990986,5.17181858168027,4.816323024517118,-2.857162217724763,0.009752217082584558,0.03017000088388655,-0.005297133260658282,-0.007369929517737517
2018-02-12,1518411600,2018-03-02,1519966800,-0.75,316.86141678478015,372.69272207142745,350.26,360.38,350.0,357.88,945131.0,336.86,339.73,331.8055,332.75,2075679.0,14.722575270328747,0.391173790527759,11.262223891810663,4.457971450037562,0,-11.308712920787187,-10.353467320437524,-12.466875596494166,-10.811186148262749,6.121221937180479,3.0372746152203534,-6.123508763188262,-1.2515994731181426,-1,-0.3091246794742027,-26.0,-76.0,50.0,7.55687453042826,6.583803363221932,6.64307842782614,-3.463366361141072,0.01235161532682194,0.02097670924117212,-0.002838467317806126,-0.01962228573112168
2018-02-27,1519707600,2018-03-09,1520571600,-0.25,316.86141678478015,354.5947325213717,357.76,359.75,351.12,351.22,1013545.0,342.05,349.3918,340.26,347.59,1038851.0,6.773488124669953,-4.576934714042494,4.029632613136158,-1.6444748122788297,0,-2.385204100787483,-0.30402982934174744,-13.218303995685051,-11.464046505147763,-0.35385398348867625,2.9253470781388367,-8.978036291945905,0.6370101687168724,0,-0.23466588723308968,-46.0,-76.0,30.0,1.0982767053137223,0.6604319566329906,1.4430011685720814,-1.1609095182907625,-0.015938318133432938,0.005183693431916936,-0.021088063523116318,0.018757876842814714
2018-03-02,1519966800,2018-03-12,1520827200,0.75,316.86141678478015,374.40846148339494,336.86,339.73,331.8055,332.75,2075679.0,349.56,369.51,349.56,359.22,2170902.0,3.5262506538601883,-7.603417849450651,0.9064361672512575,-4.793867267969489,0,2.852093547199253,2.801705634891114,-9.634317236979864,-2.1498193182550693,-3.3571672851696235,3.064313568599747,-8.076801752031198,1.3317813382571184,0,-0.1752635828550463,-46.0,-72.0,26.0,-2.038583597795224,-2.35104216114874,-1.7690799546613505,0.20761299671565014,-0.02689159846333733,0.028645398363120078,-0.02689159846333733,0.03345896026928297
2018-03-05,1520226000,2018-03-16,1521172800,0.25,334.3126984852073,374.40846148339494,330.51,349.53,328.925,346.6,2925718.0,341.23,344.76,339.85,342.17,4266194.0,7.65465942041574,-3.8243996080417446,5.3022893103817665,-0.8707708643851504,0,-4.085847113690605,-5.9119531443341495,-9.886141690747447,-0.20301614920037991,0.5634278362733056,3.094971899976166,-8.982810996749667,2.6182404307142284,0,-0.2002766063176439,-26.0,-36.0,10.0,1.9151299061870048,1.7531678619239415,2.7015050808160623,-0.15922613501336702,-0.002747172458134828,0.007569336879328814,-0.006780255428588067,0.007716094831394571
2018-03-12,1520827200,2018-03-22,1521691200,-0.75,315.2390178285306,374.40846148339494,349.56,369.51,349.56,359.22,2170902.0,322.65,323.35,319.36,322.97,2891328.0,12.607759410967063,-0.7815836051646841,9.311141385680813,3.126074661217231,0,-11.241555417740024,-9.468815697266987,-17.51598831938897,-1.4349134488567543,5.19984110982476,2.991215199472816,-10.134963844604147,-1.7698022135259497,0,-0.018982018798465873,-42.0,-92.0,50.0,5.9130879029011965,5.625775747547237,7.693688214569747,-1.9734788982317761,-0.0009908040994520695,0.001176579868099159,-0.011177508746942455,-0.0076811994961133445
2018-03-13,1520913600,2018-04-04,1522814400,-0.75,297.554087194541,354.5947325213717,361.05,362.84,348.19,350.01,898128.0,304.38,312.47,302.05,311.69,1996076.0,15.647385160497777,-5.7401054915959975,8.079713818216817,2.244030928165813,0,-11.256430122217111,-7.773109243697474,-30.59659807303383,-11.86920684421483,2.9124517105974235,3.1339224853010625,-0.6349322064967673,1.1889553777138229,0,-0.11579634219618266,-14.0,-56.0,42.0,4.953639834450897,3.76969414113735,8.19427888353421,-1.2804571543126606,-0.023452789630722837,0.0025024864448652817,-0.030928165805768515,0.017364624473675594
2018-03-19,1521432000,2018-04-05,1522900800,-0.25,297.554087194541,334.3126984852073,340.69,340.69,331.49,332.99,1588721.0,312.5,317.64,311.9375,317.02,953951.0,13.309960462362923,-7.614736186292006,5.917894770046075,0.17614661535549203,0,-8.130496062795096,-6.392653615614028,-28.499709298500758,-8.07295859643824,0.8902214929731542,2.9952053256588917,-0.436785559081148,0.5693628836309312,0,-0.07686677949811863,-18.0,-56.0,38.0,2.8476121380354584,1.832172729100904,6.125219072912486,-0.27611844665401897,-0.014257775534666561,0.0019557125733391523,-0.016032111538704097,0.017100324039911463
2018-03-23,1521777600,2018-04-06,1522987200,0.25,297.554087194541,332.3307376906575,322.66,323.74,311.78,312.39,1396427.0,314.88,316.08,308.47,310.67,1349837.0,15.096478268770696,-6.179299268545435,7.64817222991168,1.719537344019912,0,-10.648804773837533,-8.945162519417329,-27.748489398931202,-22.32905060214094,1.447724607272633,3.0346899788992814,0.0649645068813065,-0.8107541372043577,0,-0.10138318282738165,-21.999999999999996,-56.0,34.0,4.458589500112637,3.5408682882022617,7.969116121213091,0.05761675714581216,0.01355135674509933,0.01741397624488994,-0.0070814690829497096,-0.020030282001135435
2018-04-05,1522900800,2018-04-09,1523246400,-0.25,298.2688493851271,332.3307376906575,312.5,317.64,311.9375,317.02,953951.0,311.88,319.74,310.67,316.57,1258817.0,11.95497138070975,-7.911315949051655,5.165721114866656,-0.6504680376114891,0,-7.279318617566311,-8.924307373629848,-25.601773508476345,-16.16360295745443,-0.8784954004356109,2.9700568966196412,-0.07911604509751058,0.7542126081770905,0,-0.03835892835808809,-26.0,-56.0,30.0,2.0218277158290334,1.457706558666814,5.723264127283841,0.7351707871433995,-0.0148150488043719,0.010013583093786638,-0.01863726821871936,0.01899121254063796
2018-04-06,1522987200,2018-04-17,1523937600,0.25,298.0130154462082,332.16317424026244,314.88,316.08,308.47,310.67,1349837.0,315.27,317.6,309.35,310.48,1391287.0,4.813514060450615,-3.7851064335503395,3.3170005582753532,-2.022734690371891,0,-7.644838449523114,-6.75996276164449,-21.536176368989203,12.3722743400237,-0.4744213791531422,2.9081573709611943,0.8003224099653643,-0.8773950292322907,0,-0.0668929008206949,-46.0,-80.0,34.0,0.5142038134501377,1.5562855154800843,5.9606052034579875,1.3402665829627942,0.015427724813192434,0.022932233960319515,-0.0036395258953877407,-0.007543792353918777
2018-04-09,1523246400,2018-04-19,1524110400,-0.25,298.0130154462082,332.16317424026244,311.88,319.74,310.67,316.57,1258817.0,316.35,322.89,314.01,315.55,1238027.0,1.7220854097504343,-4.559670578503415,1.38133100934877,-4.046591665346227,1,-4.612345492330277,-3.047899960057767,-16.77901677469219,17.720842842894086,-1.8098499635178058,2.8553363966153893,-1.8222585278604484,-0.8408991550791525,0,-0.04743250150381539,-42.0,-68.0,26.0,-1.4187925843764901,-0.009596423683092326,3.9535012249176447,2.172204799914205,0.0025352559023927856,0.023260972904452393,-0.0048803676121058626,-0.00601650601650594
2018-04-10,1523332800,2018-04-25,1524628800,0.25,298.0130154462082,331.47504496606143,319.59,319.59,307.84,308.24,1764810.0,300.0,301.6,295.34,300.35,2159982.0,6.30000648499292,-0.3323021400620121,5.982770101548198,0.253204594639584,1,-11.310818520369558,-3.181613048804076,-18.124809055531337,-1.4158887561337323,2.957806129605345,2.972192408872686,-2.257800059449437,-1.4932182646062608,0,-0.18409531856480751,-46.0,-96.0,50.0,2.983852172465461,3.9095314009683477,8.102021852110596,0.5475717280475116,-0.0011653071416681815,0.004161811220243061,-0.016680539370734326,-0.0030868295273498436
2018-04-18,1524024000,2018-04-26,1524715200,-0.75,282.97904231067963,331.47504496606143,311.15,319.38,311.15,317.46,1085987.0,301.84,305.38,296.18,298.15,1638961.0,7.306307504157729,-0.09081194822951488,6.663116999273285,0.8101067695231734,1,-12.231941368646702,-2.6480767974923314,-19.522465412541393,6.057496171590863,3.40184151226066,3.0006645432701293,-2.173477087179645,-1.120674978840346,0,-0.19994286114088217,-46.0,-96.0,50.0,3.607747777964107,4.2309044455629135,8.55068154934446,0.12533476177714853,0.012376320643971095,0.02424953882274039,-0.006607412376320565,-0.007324787747627903
2018-04-20,1524196800,2018-05-30,1527652800,-0.75,261.84778064948097,315.2390178285306,314.81,318.7,310.17,310.94,1100595.0,267.14,268.74,262.16,266.94,1428948.0,3.89935610808503,-0.814767811089439,3.7567618191353773,-0.6204015883719052,1,-11.870949167145469,-4.45955619183965,-25.170804953376564,-10.881271210969658,1.189556485909776,2.715931355442793,5.576511230838911,0.74208490904881,0,-0.005174492783351381,-46.0,-8.0,-38.0,1.5422941484978026,2.65967585223612,9.298720856859916,1.337397509580903,0.0007492320371618177,0.006743088334457248,-0.017906645688169576,0.0021775041297491526
2018-04-26,1524715200,2018-05-31,1527739200,-0.75,248.75517296740065,299.08270871504743,301.84,305.38,296.18,298.15,1638961.0,264.73,267.06,259.4774,261.04,4030932.0,6.415095984807266,0.7332337730842369,5.930146082337302,1.286926652364869,1,-14.532508531435795,-5.0003639275056235,-26.022790779217946,-22.15620324343972,2.921177558115872,2.7864200637791385,5.854136191634488,-2.0353278485767285,-1,-0.10058572651624381,-46.0,-96.0,50.0,3.5741648789457514,4.505695818907924,11.307547091496687,0.9341042522145422,0.01413576463377253,0.02306159975482669,-0.005986055776892596,-0.022102345096276177
2018-04-27,1524801600,2018-06-05,1528171200,-0.25,248.75517296740065,282.97904231067963,275.14,279.064,250.1,263.325,15743513.0,267.66,270.72,265.16,265.95,1274788.0,3.681179780286598,-1.4751260107810253,3.4556320110296355,-1.116565770508231,1,-10.202892039844997,-4.368932038834964,-23.73109986087095,-9.810066364850172,0.4387551503571103,2.700460618799385,4.9380686583097635,-0.6479988379423218,0,-0.11423437124667889,-46.0,-84.0,38.0,1.1030268847527935,1.8542614829094362,8.179389653501218,1.1716913078971771,0.006429780033841093,0.017935702199661785,-0.0029704831735287707,-0.007575192178520873
2018-05-31,1527739200,2018-06-11,1528689600,0.75,248.75517296740065,288.4134788805062,264.73,267.06,259.4774,261.04,4030932.0,276.57,284.1,275.9825,283.06,2114215.0,-0.8014400860258633,-8.267661871156378,-2.2703737723450814,-6.967059987281871,0,1.2476682471662244,3.7571936512591178,-8.585799525111861,15.332444456517408,-4.623050582864366,2.651735995136445,-0.8376443898084176,1.04978222461486,0,0.0577699480138282,50.0,28.0,22.0,-4.5345509785911275,-3.3923725612892497,1.1603422900416547,3.0720363905016415,-0.022928001130502418,0.003674132692715437,-0.025003532819896757,0.02091899300295763
2018-06-01,1527825600,2018-06-12,1528776000,0.75,261.84778064948097,302.30151398359885,261.7,266.45,260.0,261.87,1764156.0,283.1,293.5,283.1,290.98,4102663.0,-2.0449205423275316,-11.597597843815848,-4.61469975026921,-9.282525717689666,0,5.681353808838047,6.6485852514294255,-2.9345625274916065,19.008359046176793,-6.21800287473485,2.6515826026784333,-0.17893927344847071,1.9950766237029418,0,0.14160069617345422,50.0,32.0,18.0,-6.821259193071697,-5.448362441334908,-1.5306032796310802,3.7393288160880767,-0.027080899030861194,0.008660389030173743,-0.027080899030861194,0.027979933582986005
2018-06-06,1528257600,2018-06-13,1528862400,0.25,273.92830342763443,302.30151398359885,266.12,278.2,266.0,275.09,1744034.0,295.0,295.58,283.22,285.02,2692301.0,0.6996852099559874,-9.929212962394388,-2.228388651088821,-7.165389563305482,0,1.9396774612072676,5.44190004069401,-0.11035693438805115,10.754453085484826,-3.7450002040707346,2.8234228110447925,0.6540323164971085,-1.297827664920583,0,0.028917094022296204,46.0,32.0,14.0,-4.6147638762192,-3.140619298297011,0.5077475008258716,3.621563745360357,0.03501508666058539,0.03705003157673148,-0.006315346291488111,-0.020482507388824067
2018-06-12,1528776000,2018-07-05,1530763200,-0.25,273.92830342763443,303.6087132296014,283.1,293.5,283.1,290.98,4102663.0,300.15,302.04,293.44,296.18,1218643.0,2.9933251466081714,-5.626858808570475,1.3088234632093076,-4.216188353928914,0,4.824609837188973,7.666581845941341,16.94113772753196,1.457009055319503,-0.33679477480822584,2.6742266191046484,-0.39046145804529786,-0.5659523506483967,0,0.09561717538052801,46.0,92.0,-46.0,-1.3167668309811518,-1.6505928617454089,-1.9026705608464027,0.15336523141655523,0.013404011074346522,0.019785265716793843,-0.009251131068944596,-0.011118159660779225
2018-06-13,1528862400,2018-07-10,1531195200,0.75,273.92830342763443,318.00058972752004,295.0,295.58,283.22,285.02,2692301.0,309.41,309.41,302.67,305.71,1546611.0,0.40222493159647854,-6.576376905689571,-0.5313597854175498,-5.848752085309599,1,9.380233865053803,8.001837066346349,21.551720815283602,8.52541463780912,-2.6485846556129786,2.545792186365255,0.9812183068388798,-0.8422166426749718,0,-0.032792019196930484,46.0,92.0,-46.0,-3.0870759870465463,-3.45506857555732,-4.383890144826054,0.8884440730602048,0.012102973406169504,0.012102973406169504,-0.009944064636420058,-0.008143533839465422
2018-06-14,1528948800,2018-07-11,1531281600,0.25,288.4134788805062,318.00058972752004,285.05,297.25,283.68,295.61,2840975.0,303.55,307.71,300.76,301.37,877676.0,1.9973187978666829,-5.035444689627667,1.0775502980831817,-4.201940029421209,1,6.146919752181319,3.5706921437899464,20.73129623300307,1.3335096560728275,-0.9747426101975805,2.562716850387607,0.8282846528677261,-0.5098364529822496,0,-0.009673000476051618,42.0,88.0,-46.0,-1.519062945880492,-1.8680930529058486,-2.889012968396216,0.5171027020270609,0.007233633075621304,0.021037263164880304,-0.0020240899890500152,-0.014196460698047142
2018-07-06,1530849600,2018-07-16,1531713600,-0.25,289.70684563997776,318.00058972752004,297.43,305.15,296.79,304.43,1194259.0,305.65,307.0599,301.86,304.19,781475.0,1.5891144396703396,-5.262476483130058,0.46619218251751704,-4.231970150235043,1,7.504522403284646,2.3519515477792763,20.801162089807374,7.181667623164692,-1.4108143339019392,2.380811665573357,-0.4350545528730265,-0.46216405320255044,0,0.10785210190726754,30.0,76.0,-46.0,-1.8366810217298593,-2.0176649690779556,-3.3428097599880005,0.12963738787400203,0.004799631809066618,0.009434563923863548,-0.007659686380222852,-0.0021322661068100546
2018-07-11,1531281600,2018-07-19,1531972800,0.25,289.70684563997776,317.44587599139476,303.55,307.71,300.76,301.37,877676.0,299.98,299.98,290.91,291.14,1543101.0,6.199715616514538,-0.5790520182456476,5.1752284124476375,0.4912310228755814,1,-2.2679570493030923,0.34120282612442154,13.893015365807603,-12.293449564744996,3.090740127390987,2.4196207437972532,-2.911800272637503,-0.9050659247809353,0,-0.06691829377321813,18.0,48.0,-30.0,2.810331799134431,2.300465963845568,1.1226906776292083,-1.3675221134091924,0.030363399052002693,0.030363399052002693,-0.0007899979391357004,-0.02823765020026714
2018-07-12,1531368000,2018-07-24,1532404800,-0.75,278.55827099870316,317.44587599139476,301.61,306.34,299.12,305.02,856393.0,288.01,288.88,281.99,282.32,1358364.0,10.309111428163575,0.7538667526241625,7.838030131293095,3.283273117974872,0,-7.877529243316452,-4.469935370351565,1.013931601945176,-22.814295431583645,5.702682658075759,2.3636323737971945,-2.0715844789710367,-0.815048517672825,0,-0.19016628509288747,6.000000000000007,-43.99999999999999,50.0,5.531489090393876,4.418764688229089,3.9546294663961703,-2.8792607269580475,0.02015443468404654,0.023236044205157347,-0.001168886370076505,-0.019109165450628907
2018-07-17,1531800000,2018-07-25,1532491200,-0.75,265.91595943625464,303.6087132296014,301.26,304.77,300.4,302.03,681266.0,281.61,283.14,271.56,274.65,1848343.0,14.165075008947682,1.8946373522393145,10.538440439347056,5.720676011893914,0,-12.087460397484492,-8.235883728700312,-5.161763277947708,-23.59254652677778,7.842243930417567,2.557257026609324,-0.3712948863889345,-1.1105311411751515,-1,-0.20726819259650783,2.0,-48.0,50.0,8.029856180593484,6.636256931130674,6.588783482485411,-3.560366659612893,0.02534134352812689,0.03091206990715456,-0.011250682687056202,-0.02716775290450557
2018-07-20,1532059200,2018-07-27,1532664000,-0.25,265.91595943625464,292.14127459240535,291.46,291.56,286.82,288.84,1243208.0,286.39,291.01,280.59,286.29,1413397.0,9.583028488190948,-2.932778741430667,5.8385995552295356,0.8293466997333638,0,-3.5059065598982997,-2.9689883070665957,-6.832929835222252,-19.08490856120781,2.391609472456608,2.707531084838059,-0.1405059381524154,-0.8532737649503129,0,-0.17520451953189436,-6.0,-48.0,42.0,3.3251248733801475,1.9019446907715007,2.0898468033452104,-2.601462298027143,0.00034929616822099163,0.016486779140032715,-0.019909881588599077,-0.002160956397476599
2018-07-25,1532491200,2018-08-13,1534132800,0.75,265.91595943625464,306.48188483391385,281.61,283.14,271.56,274.65,1848343.0,303.54,304.63,299.72,302.06,1387666.0,3.1383910674971105,-7.7374773417472795,0.14577677724072657,-4.613211503233373,0,3.9643891056359237,-0.700220257076168,7.112722554532476,5.916199364926413,-1.9244468255240008,2.4710204083336866,-7.273159049574836,-0.8606858198484186,0,-0.07135847858925108,-46.0,-44.0,-2.0,-2.2995431371250845,-1.4476906544625763,-2.2813622980933985,0.7823044728017412,0.004899688803549074,0.008508243395351833,-0.007746805270475998,-0.0012894693337741625
2018-07-26,1532577600,2018-08-14,1534219200,0.75,278.55827099870316,319.9152250726751,280.06,288.99,276.59,286.91,2076679.0,303.67,308.69,301.24,307.86,2129384.0,1.5088102890716186,-9.599825685680472,-1.633588860737575,-6.402964550986383,0,6.97434638059061,1.9302718273019375,8.72427366324242,14.492625320961508,-2.94089658469926,2.4241430518131044,-7.283801928093116,1.3120821342229319,0,0.04212189608298776,50.0,56.0,-6.0,-4.045507698304419,-2.98968599559052,-3.9606942863220667,1.042133568077816,-0.013610082505034704,0.0026960306632883846,-0.02150328071201202,0.01920148314904324
2018-07-30,1532923200,2018-08-28,1535428800,0.25,292.14127459240535,319.9152250726751,284.61,294.28,283.51,293.9,1176374.0,305.49,310.04,303.85,305.03,1334571.0,1.159725597216024,-4.02370618928893,0.8410648132970664,-3.643985837458601,1,3.861693768053456,0.14774443495961279,4.761089896224565,-2.9049015351446883,-1.2631880332455836,2.5192872097594488,-12.394946642489069,0.9062093912303941,0,-0.14620899665981282,10.0,56.0,-46.0,-1.43199029603646,-1.6821209829752064,-2.5673694696218234,0.12527654857848547,0.0015080483886831253,0.01642461397239625,-0.003868471953578201,0.002267201156601173
2018-08-14,1534219200,2018-09-05,1536120000,-0.25,292.32635461220696,320.1515429451099,303.67,308.69,301.24,307.86,2129384.0,312.33,314.64,305.93,306.81,1567579.0,2.229221686176004,-4.539120320509966,1.0847538650413497,-3.39658637810588,1,3.717647086290107,3.292596707403303,9.842570570360438,11.73452599920234,-1.0942931363187398,2.42760418223247,-8.351543488932233,-1.0663893980806993,0,-0.049637124731076024,46.0,28.0,18.0,-1.154949317166981,-1.0004653014189557,-2.3954741940096227,0.7341679933397955,0.01799159088686797,0.02552068055148138,-0.0028682246341383832,-0.019745039777628648
2018-08-15,1534305600,2018-09-07,1536292800,0.25,292.32635461220696,320.1515429451099,305.44,305.9295,294.78,295.75,2906993.0,303.36,308.51,303.09,305.19,1582946.0,2.808986566948761,-3.839819818365953,1.8117566106360243,-2.7359677577902204,1,2.7117003144710807,0.006553724153744408,8.621829617830086,5.107683420513055,-0.36850718767701096,2.3861087107408467,-7.764147523890127,1.0710196011933637,0,-0.08645343107531822,38.0,28.0,10.0,-0.5154166257085819,-0.38879869597855077,-1.7330151286136868,0.06678984304811797,-0.005996264622038727,0.010878469150365389,-0.00688095940233957,0.0
2018-08-29,1535515200,2018-09-14,1536897600,-0.25,293.1161492652514,320.1515429451099,305.46,310.29,303.87,309.15,1150337.0,320.0,320.25,316.11,318.13,751373.0,0.6263797336716834,-7.775343993565471,-1.442230115571192,-5.742123241023052,0,9.510146844598388,5.341059602649005,15.116340358942033,12.555219109872269,-2.5692404003053753,2.273576874575384,-3.8525891601958158,-0.4907759865196745,0,0.18820895184162847,46.0,56.0,-10.0,-3.5744821299468867,-3.075862044223669,-4.882908199491098,0.9822027127000994,0.005878100147738374,0.006663942413478674,-0.006349605507182554,-0.003383352651859184
2018-09-06,1536206400,2018-09-20,1537416000,0.75,293.1161492652514,332.088329810934,306.15,310.58,303.45,305.19,971436.0,331.85,332.707,329.375,329.99,1168038.0,0.33517718520528206,-11.141262218085075,-3.535682899481799,-7.413118579350893,0,15.370936133125184,9.894098841081671,25.584179526901497,15.593004750642933,-4.323973792481198,2.0693449186117663,2.968998707944177,0.7432862530688992,0,0.13121973444238608,50.0,76.0,-26.0,-5.403042516439896,-4.653845877352666,-7.2002162129819425,1.9553662023837326,0.005636534440437657,0.008233582835843523,-0.001863692839176978,0.0006064465265773755
2018-09-10,1536552000,2018-09-21,1537502400,0.75,306.48188483391385,344.2077564072262,307.5,310.52,306.38,310.27,1403166.0,331.16,334.98,329.49,332.59,6034468.0,0.12136140832670606,-11.227828830678547,-3.7439690509836936,-7.562228770157432,0,16.606114648992516,13.361055250690205,28.189010161138818,21.890425362502597,-3.8722656361273238,2.0244188868330073,4.822352532729024,3.6026403622277225,1,0.1357379182883812,50.0,80.0,-30.0,-5.5532337111759205,-4.884997747875545,-7.61486161540077,2.0062170561647603,-0.0042995880814213905,0.007186024835382998,-0.009320785351333405,0.00787902663717066
2018-09-17,1537156800,2018-10-04,1538625600,0.25,319.3387894824034,344.2077564072262,318.99,321.435,316.3,319.47,1316816.0,324.09,326.32,321.11,324.68,2215805.0,3.5346011205766814,-5.1777574591254165,1.0451788427579913,-2.800918853435178,0,7.449128629947452,6.3861856548379725,20.176191868310887,15.984908783282975,0.6901713784794907,2.048791412339507,3.5417358566816297,-1.271807520935444,0,-0.050462245663153917,14.0,44.0,-30.0,-0.8215781692743747,-1.0469609019991282,-3.7472812893202843,-0.7506990375826312,-0.0018171738326968612,0.005051127263767441,-0.010995441665640038,-0.0018752497771219456
2018-09-21,1537502400,2018-10-05,1538712000,-0.75,307.20199272812954,344.2077564072262,331.16,334.98,329.49,332.59,6034468.0,325.94,326.16,313.315,316.04,2081479.0,5.92897731560042,-1.8060814796303077,4.12927266590728,-0.056909462937198896,0,0.6113872406743752,3.555162357875429,16.113445076734585,9.83173252881464,3.3642180769427767,2.244770269780292,1.7059679498152605,-1.194642483774881,-1,-0.10133143608983938,10.0,44.0,-34.0,2.0614479179850633,1.500319723307996,-1.0721339047309044,-1.3864392729930248,0.0313251487153523,0.03202126313124931,-0.008622326287811788,-0.026610816804237936
2018-09-24,1537761600,2018-10-09,1539057600,-0.25,307.20199272812954,332.67559824854544,330.84,332.43,325.88,327.04,1925791.0,320.7,325.89,317.1,322.64,834915.0,3.340546200875849,-2.7804792531942155,2.3898627985783776,-1.8988211835688844,1,5.000500741229388,3.1325917401866805,13.090286223491299,6.814203450056333,1.0161392580455129,2.2258156897934254,-1.1125441219760432,0.48157812479235235,0,-0.09986230290535247,2.0,44.0,-42.0,0.280033473840831,-0.5356029777233999,-2.885803943926007,-1.369332266123699,-0.006012893627572513,0.010073146541036415,-0.01717084056533591,0.007494379215588154
2018-10-05,1538712000,2018-10-10,1539144000,0.25,306.03242663207277,332.67559824854544,325.94,326.16,313.315,316.04,2081479.0,322.55,324.38,309.32,310.13,1678081.0,7.6539737885855885,0.9198500917226795,6.701970141553559,2.0216715570889647,1,-3.513102266315151,-0.7584000000000014,7.970256617789433,1.578405455890099,4.802299571244234,2.497059588839325,-2.1221379572855916,-0.979846041969253,0,-0.12574029469628847,-2.0,44.0,-46.0,4.286911940154141,3.145480935042457,0.991126843142581,-2.0600377429123857,0.040047721923064605,0.04594847322090745,-0.0026118079515041748,-0.038773865608727975
2018-10-08,1538971200,2018-10-11,1539230400,-0.75,291.3876649801373,332.67559824854544,314.78,321.19,314.61,320.24,1322933.0,310.24,311.89,298.66,301.92,2161797.0,11.461456178629817,2.211371060373878,9.399174174174178,4.487604884296047,0,-8.003848248748469,-5.4164969769117395,1.5304760315962058,-15.738056624176451,6.395894389346097,2.6947465207736236,-1.73589063367735,-1.247303635402983,-1,-0.22609147470041685,-6.0,-56.0,50.0,6.83641361950184,5.3835850627901465,3.590779158829662,-2.9447774695513775,0.02755696873343938,0.03302199258081595,-0.010797562268150429,-0.026472769483764758
2018-10-10,1539144000,2018-10-15,1539576000,-0.25,291.3876649801373,320.7188481660129,322.55,324.38,309.32,310.13,1678081.0,309.68,317.5068,308.59,313.89,1564717.0,7.455009829438055,-2.4024436438316172,5.072431955993068,0.1372030541484861,0,-0.37184937683610997,-1.7466428772654834,-1.8521244821871576,0.203481551882426,1.4990595799558264,2.6165990808277986,-2.3027812173447515,0.8914316725929584,0,-0.03800202473011508,-14.0,-56.0,42.0,2.5262830928032116,0.9801354705617911,-0.3918981347331538,-2.4692330686852406,-0.013412341903214386,0.011522507884927924,-0.01688489598266918,0.01617054338853019
2018-10-11,1539230400,2018-10-16,1539662400,0.75,291.3876649801373,335.5974112233388,310.24,311.89,298.66,301.92,2161797.0,316.07,322.84,314.2708,321.04,1280278.0,4.83737946348306,-4.5930173902211635,2.5847236066118455,-2.155841432012622,0,3.5834884290520392,-2.3571276498676967,-0.3543676641593618,6.789323087350546,-0.8529696140649179,2.574716036998836,-3.8980280100050884,0.7267263601014321,0,0.0481856137741466,-18.0,-56.0,38.0,0.12218103663094837,-1.1479893123779021,-2.507941858693215,-1.6121914123023993,-0.015480936954896718,0.005606777971592258,-0.021085223025168243,0.02277868042944986
2018-10-12,1539316800,2018-10-18,1539835200,0.25,306.03242663207277,335.5974112233388,305.34,310.38,303.4,308.895,2002929.0,320.1,320.465,314.04,318.1,2358174.0,5.1331213841286285,-3.7249164171371376,3.245686890914797,-1.7343225400817488,0,1.769504145145575,-3.603139489075422,0.6182489444666915,-5.978083765329529,-0.1262974814043929,2.5205649515227515,-6.660678810523017,-1.3338854917667837,0,0.06862420047996214,-26.0,-56.0,30.0,0.7041024834957454,-0.14498447395166636,-1.4628334010895117,-0.8123464623725556,0.0062873310279785155,0.00743476894058448,-0.01276328198679666,-0.005409123596910703
2018-10-16,1539662400,2018-10-19,1539921600,-0.25,306.0660396127817,335.5974112233388,316.07,322.84,314.2708,321.04,1280278.0,319.1,324.56,316.47,321.34,1343084.0,3.540190224776211,-4.512836020506583,2.065215451961592,-2.945492832098907,0,3.6288275450224106,-3.3825430710484383,1.5904707927938058,0.39174289906004134,-1.1984092130941377,2.4967529372609416,-7.468967781513324,0.7611443980606732,0,0.11692863003898679,-30.0,-56.0,26.0,-0.4863228978651932,-1.0421051818895677,-2.360033898457175,-0.40353222590475446,-0.006970809734237693,0.010020538992967065,-0.015155287234704495,0.010185476265325288
2018-10-17,1539748800,2018-10-23,1540267200,0.25,306.0660396127817,335.16036676548265,320.96,321.51,315.0,319.83,1505138.0,315.67,319.8,311.99,317.89,1188725.0,4.285918483210764,-3.5046733984330274,2.9755145910010725,-2.1880356936885903,1,1.3517005617555569,-1.6946531836595904,1.6803792697607196,-8.573146173917522,-0.5032666598273607,2.4922915434944417,-8.915732884448268,-0.6817124577943013,0,0.08975205072000056,-38.0,-56.0,18.0,0.3906225423888685,0.07270802845083324,-1.1799898965259814,-0.24913652603849168,-0.0069835477680958435,0.006008367674352755,-0.018559879203497998,-0.005381558774756767
2018-10-19,1539921600,2018-10-24,1540353600,-0.75,291.07727755577815,335.16036676548265,319.1,324.56,316.47,321.34,1343084.0,318.12,321.69,305.18,306.05,1438385.0,8.449327936850466,-0.41093551731118794,6.929650928497509,1.2271807438871747,0,-5.629358607321279,-4.855908228930271,-1.6420572302564773,-6.936226776033735,2.9729678294492885,2.789126254790026,-8.733322836409183,-0.8314778747291758,0,-0.003991035196603842,-42.0,-56.0,14.0,4.019196209769646,3.5685345451055355,2.5393619252188415,-1.0014079096754647,0.03943800032674405,0.051102760986766915,-0.002842672765887899,-0.03724558809651124
2018-10-22,1540180800,2018-10-25,1540440000,-0.25,291.07727755577815,322.35762154687427,322.77,325.0,318.26,319.61,977967.0,312.23,318.25,305.4337,314.81,1954427.0,5.178960136397677,-3.255418952826602,3.8350878307550573,-1.8489088656650097,1,-0.30345721744721743,-3.156243270680158,-1.9014062024660179,2.3824395900546023,-0.061645572253056,2.8086299612964596,-8.563942077515751,1.1423636273453246,0,0.09332177033475031,-46.0,-56.0,10.0,0.9617705917855233,0.6212136954960812,-0.3016189570025034,-0.8659131733358895,-0.008195419459356423,0.010927225945808638,-0.029783996696420068,0.02862277405652658
2018-10-24,1540353600,2018-10-29,1540785600,0.25,287.74749212657076,322.35762154687427,318.12,321.69,305.18,306.05,1438385.0,299.13,310.3795,296.05,300.85,2218228.0,10.505657940036485,-0.9279614135282799,8.099225527671592,1.5490576699351664,0,-6.281580284804022,-6.449205510121569,-8.858630926381482,-6.681099183060049,2.8574086808972794,3.5705387606129526,-5.826380899529898,1.2373282828456367,0,0.03561012387948841,-26.0,-72.0,46.0,4.788848263254096,4.163281182047385,3.9189011297244605,-2.234031708019542,-0.005717134784776534,0.03167525344856226,-0.015954794748213486,0.019795939120707873
2018-10-25,1540440000,2018-11-06,1541480400,-0.25,287.74749212657076,326.4654381203992,312.23,318.25,305.4337,314.81,1954427.0,325.29,326.98,317.81,320.67,910356.0,3.1068314796467007,-6.879401411352177,1.6350765584557365,-5.356675086537564,1,2.440930682643639,-0.6105876518720463,1.6579037446414466,2.164604676136406,-2.701842568843162,3.551371568900318,-10.423658756890365,-0.5220679450134952,0,0.05438388708818247,-46.0,-68.0,22.0,-1.886284965852738,-1.2439910172690247,-1.9751451994892761,1.0801010822909654,0.014407334643091074,0.019677550129416632,-0.00891882620762785,-0.008288232565331732
2018-10-26,1540526400,2018-11-07,1541566800,0.75,287.74749212657076,346.6828300571012,297.0,302.55,284.35,295.01,4752606.0,324.56,329.87,322.57,328.36,981893.0,1.2506715443147982,-9.063590292030753,-0.6756710114914455,-7.267353920493775,1,5.65601009626819,5.878180118015032,3.6678272777453786,9.52541232591497,-4.959698999151996,3.420600685003925,-11.45776883330876,0.5653797375117614,0,0.05558339051630434,50.0,32.0,18.0,-3.9064593738579703,-3.2180564581622946,-4.103346682197881,1.5325032718128448,-0.011572664149104628,0.004598611280302034,-0.017633085637714818,0.023981039698131923
2018-10-30,1540872000,2018-11-15,1542258000,0.25,306.44229518079095,346.6828300571012,302.36,316.94,301.85,316.22,1680923.0,319.27,321.04,309.955,318.48,1261720.0,4.946465635786652,-5.25009537705769,3.316646780540907,-3.5429205392280068,1,0.4200129061156588,0.1194592895315924,4.223775172239436,12.901339025142555,0.14897682920029354,3.2611245877828168,-13.223767061808024,-0.7460935169788253,0,-0.043086189996164474,26.0,32.0,-6.0,-0.15181487063551913,0.36573395951128873,-0.6480719684061995,0.2153786102843902,0.002480532529515189,0.008038181361466945,-0.026767771916603955,-0.007231920199501252
2018-11-07,1541566800,2018-11-16,1542344400,-0.25,306.71628846489017,346.6828300571012,324.56,329.87,322.57,328.36,981893.0,317.28,330.57,317.14,328.54,1490474.0,2.021868100925687,-8.221113246113504,0.30473914896207077,-6.507323309186091,1,5.242605452234102,2.2406174145764757,5.538998091251885,11.674988293941517,-2.111474343643877,3.2274475087447345,-13.734023390191087,0.8823276741666478,0,0.05649711715570962,50.0,60.0,-10.0,-3.0996225725939013,-2.449640099331546,-3.5455437463908623,0.5765971169419462,-0.034272843489377425,0.006178851890180637,-0.034698971205941564,0.0315875408188897
2018-11-08,1541653200,2018-11-19,1542603600,0.25,306.71628846489017,345.5516590018131,326.19,329.91,322.32,324.65,1173196.0,329.46,331.17,321.57,323.6,1841896.0,3.686904148727365,-6.804333073325665,1.9495333745364718,-5.054901112484572,1,2.5980703517229173,1.2483964832139198,5.5325975740756,12.183199841309438,-0.20062298110404697,3.2545675566835017,-14.278193231404147,-1.0847272590814878,0,-0.09046805484788581,46.0,60.0,-14.0,-1.5587144622991502,-0.8689873457021093,-1.9917953767374144,0.44324217512528796,0.01810877626699625,0.023393077873918422,-0.006273176761433907,-0.015036220855907945
2018-11-16,1542344400,2018-11-21,1542776400,-0.75,287.3401139909284,345.5516590018131,317.28,330.57,317.14,328.54,1490474.0,305.35,311.42,304.78,305.62,1302272.0,9.915254988047309,-1.8853485683103486,7.796890474009132,0.35420020504766114,1,-5.480679781943238,-0.1404999183140032,-1.2499244278994206,-10.907405300959205,4.6133943884718605,3.5594771612962437,-12.16772444570479,0.7656333876153189,0,-0.2674827708867945,38.0,60.0,-21.999999999999996,4.014953209868466,4.045493676732676,3.476419976231938,-1.6143858322775966,-0.0008834500359923281,0.01897781558798517,-0.002748511223087613,0.001999934428379424
2018-11-19,1542603600,2018-11-27,1543294800,-0.25,287.3401139909284,326.8794682982487,329.46,331.17,321.57,323.6,1841896.0,312.28,320.17,311.51,317.64,734286.0,4.654718798328972,-3.5641760455270344,3.7968601771397346,-2.668720354279472,1,0.46223291929890564,5.580854246302131,-2.5912760207075576,1.2244708016793169,0.20470998389872364,3.2277808998154427,-10.475049566115512,0.43561658678292126,0,-0.161818485582965,26.0,60.0,-34.0,0.5452713764009616,-0.2409662220447899,-0.5354871644282895,-1.0246314571928787,-0.016874449061831,0.007964991814632949,-0.01929857700541493,0.014079111196245497
2018-11-20,1542690000,2018-11-30,1543554000,0.75,287.3401139909284,345.69916287353914,319.99,322.13,303.65,305.01,3255587.0,331.28,333.24,324.95,329.2,2311754.0,1.8910165077174526,-7.0404697276445205,0.4636533009315684,-5.5753108545970065,1,5.388657395307803,1.4233779037525434,4.213393478221742,4.500696902326418,-2.8819585885211865,3.104124117995185,-12.120646565795877,-1.3769075817656549,0,-0.07152659202463356,46.0,92.0,-46.0,-2.574726609963534,-2.755701427658778,-3.565444167539084,1.1982572605694983,0.006318347509112865,0.012272174969623295,-0.012910085054678055,-0.0034208216026397897
2018-11-23,1542949200,2018-12-17,1545022800,0.25,307.50823301622916,345.69916287353914,302.93,311.7,302.455,309.43,743916.0,310.0,311.96,307.12,309.28,2201380.0,8.098488370201636,-2.542358002896904,6.149009527504774,-0.45011747715122397,0,-4.662158277093447,-2.888721426777206,-5.193561209455743,-21.186293537249057,3.4585305185517115,3.2884846495164726,-12.754866840263078,-1.451514970369348,-1,-0.03207095441698016,6.000000000000007,24.000000000000007,-18.0,2.778065183652373,2.4731892770846002,2.487866428471719,-1.537759639797121,0.002327987584066271,0.0086652871184687,-0.006983962752198591,-0.0004524594402431914
2018-11-28,1543381200,2018-12-20,1545282000,-0.75,290.0261108026148,345.69916287353914,317.77,329.09,316.0,328.68,1433178.0,296.38,298.92,289.71,290.45,2908018.0,15.489522458752745,1.2180003506808674,11.89114248005967,5.112082400872225,0,-13.120830471457516,-4.773613979869514,-14.587394083758273,-40.69154174483323,7.75758723273195,3.585705808479795,-8.754373358972305,-1.848006146526992,-1,-0.32517965511962493,-6.0,-56.0,50.0,8.353761404716792,7.379657547351087,8.385091160441192,-2.9547404675964906,0.020416594938887922,0.029161645722155294,-0.002547770700636942,-0.024025537634408733
2018-12-03,1543813200,2019-01-03,1546491600,-0.75,270.8559985893954,326.8794682982487,331.71,334.31,323.53,326.7,1321644.0,284.62,294.0,284.62,287.5,1295646.0,15.138748615078981,-6.204487745513788,8.42451826086959,0.8626817391304371,0,-9.872743412437856,-11.998775635139268,-26.17949393810493,-24.40894636220243,2.0892614044666544,3.7692333180124438,2.7838896298582334,-0.8250191850266397,0,-0.27192893100969556,-38.0,-64.0,26.0,4.4671304347825895,3.2847700755699947,6.602292184098786,-0.9962906260400972,-0.010017391304347756,0.022608695652173827,-0.010017391304347756,-0.0017014479669433813
2018-12-18,1545109200,2019-01-18,1547787600,-0.25,270.8559985893954,310.40405162184965,311.87,313.41,302.615,305.93,2043787.0,297.24,297.24,289.57,291.4,1827340.0,4.562872263785607,-4.877903149166514,2.7848878975063087,-3.1561175932280747,0,-6.226301212187785,-2.0833333333333486,-11.869667542927994,13.295551875867247,0.9300977470628595,2.8657999388911706,-7.955095932434421,-1.2320795115858652,-1,0.038313554545582745,-46.0,-28.0,-18.0,-0.15751544269045326,1.4453825290039077,3.8340988092511026,0.9258200595971511,0.020041180507893053,0.020041180507893053,-0.006280027453671844,-0.010223837505519695
2018-12-21,1545368400,2019-01-24,1548306000,0.25,270.8559985893954,310.40405162184965,287.98,296.44,282.73,283.93,4370630.0,281.07,288.0,281.07,287.58,1564379.0,5.374494086093179,-2.7178420240582852,3.9970315506409975,-1.7539212277163472,1,-7.559202424638642,5.140391927464172,-15.382710396359956,-3.056943146535936,1.9796759543654048,2.953925461782738,-7.0686760950001215,1.0147757325904727,0,-0.009714224333547971,-46.0,-16.0,-30.0,1.3283260310174398,1.906376107983121,4.5509418385032205,0.019914209852039733,-0.022637179219695325,0.0014604631754642217,-0.022637179219695325,0.010719432045829924
2019-01-04,1546578000,2019-01-28,1548651600,-0.25,274.9900379516766,310.40405162184965,291.11,305.12,288.62,302.74,2533452.0,289.38,291.73,287.305,290.86,1262811.0,4.134276498467898,-3.355895146614756,2.8733743610901,-2.3185014554539407,1,-4.991051627681685,2.1529167983703843,-13.605168128268227,-7.016627746416965,0.22734778563740576,2.7366379793948856,-7.7393794913346525,-0.8097398414731976,0,0.010138966351217502,-10.0,28.0,-38.0,0.38919067592655665,0.6361233116125788,3.119776089978018,0.4726009124968602,-0.005088358660524039,0.0029911297531457492,-0.012222375025785603,-0.0018873751758691215
2019-01-22,1548133200,2019-01-30,1548824400,0.25,274.9900379516766,304.8431560116204,288.66,290.92,283.015,284.97,2707344.0,289.57,293.1,288.0,289.91,1860379.0,4.336446402135664,-2.5676215944367584,3.209558138732689,-1.5678175985650853,1,-5.577527606971486,1.7335158086816147,-12.965028213706068,-0.09394409603383735,0.13332323911320998,2.616353321721742,-8.867289466624115,1.1814639949546268,0,0.04761137461344967,-18.0,28.0,-46.0,0.884412403849467,0.7868126431296076,3.1901239187263286,0.5651045501621788,-0.0011727777586149069,0.011003414852885474,-0.006588251526335798,0.00044861619159375365
2019-01-25,1548392400,2019-01-31,1548910800,-0.25,276.02889835199267,308.9268705176921,290.0,291.61,286.8,291.41,1439003.0,320.01,338.31,319.3,331.05,5452211.0,-5.15104789081164,-16.85348314679598,-8.821780194331168,-13.26524492775512,0,16.331169765947493,14.951908052362931,0.5782548823256548,16.059254032723075,-9.733094579903579,3.1718538178316944,-6.1835706462394775,3.287536958185342,1,0.12860478508663176,50.0,24.0,26.0,-11.00226551880381,-10.620177902341837,-9.2556605430363,3.2235543864542735,-0.03334843679202548,0.021930222020842827,-0.03549312792629511,0.14190610879238386
2019-01-29,1548738000,2019-02-01,1548997200,0.75,276.02889835199267,328.04807596740676,290.7,292.97,287.58,289.78,828111.0,331.87,343.135,330.92,340.95,2128418.0,-4.686934930881279,-20.91828577596725,-10.699908099916897,-15.097500122207549,0,19.387904134699212,18.59130434782608,12.242591661186928,21.860766712488882,-11.320553529208567,3.115674414579299,-3.486618264083944,1.273580959242487,0,0.1454482942151905,50.0,28.0,22.0,-12.802610353424257,-11.956841597613803,-11.424263503408056,5.379264501009123,-0.026631470890159825,0.006408564305616649,-0.029417803196949643,0.029904848210239976
2019-01-31,1548910800,2019-02-14,1550120400,0.75,290.0261108026148,346.76905245642746,320.01,338.31,319.3,331.05,5452211.0,336.36,343.27,335.22,341.6,933358.0,7.7423228523608,-21.997592173203913,-5.071233411397344,-9.477702966432474,0,15.240576290591349,16.26561383206835,36.96270784884698,30.96994070628051,-3.746345414943903,2.5697798344177873,6.8747415208153875,0.5801304689717484,0,0.25371057519157747,30.0,44.0,-14.0,-7.127634660421549,-5.053404376016985,-8.149656631974352,2.32015072638918,-0.015339578454332536,0.004888758782201297,-0.018676814988290436,0.009187863747821323
2019-02-01,1548997200,2019-02-25,1551070800,0.75,308.9268705176921,362.49189597044784,331.87,343.135,330.92,340.95,2128418.0,352.34,353.75,347.88,348.9,1168015.0,7.341747518883878,-15.123060215931744,-2.056179421037527,-6.026649469762091,0,17.029717368929184,19.728217974674838,41.570581943870025,15.523335081198496,-1.274452292741472,2.167200700000889,8.070025155486782,-0.720249232633013,0,0.24108589993877313,46.0,84.0,-38.0,-3.890656348523933,-3.806798561823882,-7.897288565494193,0.29441411554437025,0.009859558612782982,0.013900831183720319,-0.002923473774720464,-0.0033706581352833664
2019-02-04,1549256400,2019-03-12,1552363200,0.25,328.04807596740676,362.49189597044784,338.65,343.9,336.39,337.0,1338140.0,342.4,342.66,339.7,342.51,1860747.0,2.8968613476272793,-1.715290006644537,2.007189084503608,-0.9395774332622864,0,9.061059154443363,1.3883133029423946,23.198111728959155,1.0284480716589286,0.60576443647345,1.7539383264226593,-4.823139093478638,1.260334693415531,0,0.07440535792067669,2.0,-40.0,42.0,0.5907856704913854,-0.6764900670599445,-3.9432303115886924,-2.341957782298614,-0.0003211585063209732,0.00043794341771064005,-0.00820414002510872,0.004192564794183173
2019-02-15,1550206800,2019-03-18,1552881600,-0.25,333.7013453228637,362.49189597044784,344.69,349.77,341.92,349.06,1335276.0,356.52,359.715,355.47,357.35,1287566.0,-0.1544732127922117,-5.7716496359555265,-1.618723940114748,-4.453051630054574,0,18.040612150754313,2.3749498653526673,30.407552712092023,25.986067974847842,-2.9560890844874166,1.7100015363977636,-2.1623571824520624,0.8340832680136556,0,0.31810536263462386,50.0,24.0,26.0,-2.963061424373876,-3.5349601086772537,-6.911107508754071,-0.002068298002382285,-0.0023226528613405906,0.006618161466349415,-0.005260948649783104,0.004017756799280736
2019-02-26,1551157200,2019-03-22,1553227200,0.75,333.7013453228637,368.75288451787424,348.83,348.83,345.56,346.32,1238931.0,365.7,366.49,360.38,360.78,5457086.0,1.3872252118492838,-7.713518243613777,-1.7133248332316953,-4.727765766764577,0,16.2297298117372,3.0564442413162674,38.21430111613833,13.614354722698302,-2.14285818819603,1.7241932293733109,3.9259239371236347,-3.3990453473464393,-1,0.11414928881333221,46.0,36.0,10.0,-3.1631465158822607,-2.822774946187792,-6.572464336780172,0.8349065080234439,0.01363711957425573,0.015826819668496084,-0.0011087089084760304,-0.014988942583340159
2019-03-13,1552449600,2019-03-29,1553832000,0.25,346.5169634561557,368.75288451787424,343.99,350.06,342.52,348.13,2115775.0,352.12,354.6,345.67,346.91,1609927.0,6.025001252786467,-3.5580789962934745,3.018025808807252,-0.5180498304075201,0,2.500441332384945,0.09521611172024956,22.942357285053987,9.620171846315799,2.6242017262617168,1.8125793842679976,1.4200575383679457,-1.0012125793823445,0,-0.09057507440433532,26.0,36.0,-10.0,1.2334611282464891,1.353600215691614,-1.9811870660473119,-1.615879830210437,0.015018304459369913,0.02216713268571091,-0.0035744141131706098,-0.01689007283135424
2019-03-19,1552968000,2019-04-01,1554091200,-0.75,335.11984574744423,368.75288451787424,359.48,363.25,357.55,360.45,1556689.0,349.81,350.6,343.7,346.22,1260471.0,6.235938088761344,-3.362042877623935,3.2371035757610542,-0.323638149153723,0,1.8919919548107487,0.03467206009823882,18.417523870364132,4.108308463016542,2.995674173004147,1.8288175323191171,-0.2199695764419367,-0.78065058296648,0,-0.16907954401200576,22.0,36.0,-14.0,1.4369476055686903,1.4074413964264352,-1.7158072816129106,-2.048664254647763,0.010369129455259696,0.012650915602795854,-0.007278608976951206,-0.0019889884984578554
2019-03-25,1553486400,2019-04-02,1554177600,-0.25,335.11984574744423,357.78073041262945,360.75,362.51,355.77,356.84,1542040.0,346.75,347.505,344.36,346.63,1340194.0,6.0906553445854,-3.3736371984353184,3.0683533835309476,-0.2918577926511432,0,2.2382128116512945,0.8378181818181806,14.90802772253986,-2.3404612118202337,2.9475330543287583,1.7609867414233007,-1.742851897336827,0.8350644912937812,0,-0.19136582205713348,18.0,36.0,-18.0,1.3585090730750409,1.1648763461443963,-1.7602140642115955,-2.238005602203806,0.00034619046245287777,0.0025243054553847344,-0.00654876958139794,0.0011842181272023744
2019-04-01,1554091200,2019-04-04,1554350400,0.25,335.11984574744423,357.5043584713877,349.81,350.6,343.7,346.22,1260471.0,346.25,347.0,343.95,345.72,1301633.0,6.18842534952384,-2.634103933348925,3.476681514906076,0.12751166647382206,0,1.3732159314954444,1.6733817604329193,8.785545798080168,-19.068046740055635,3.061765861702682,1.6996130078184284,-4.795845803535222,0.83001087646327,0,-0.3613146017853615,10.0,36.0,-26.0,1.7771607080874503,1.1628167546942763,-1.3899774412669217,-2.341493471881836,0.0015330325118592114,0.0037024181418487956,-0.005119750086775565,0.0010134059124997652
2019-04-02,1554177600,2019-04-12,1555041600,-0.25,335.54906094201164,357.5043584713877,346.75,347.505,344.36,346.63,1340194.0,355.89,356.95,354.0,356.05,972595.0,2.7137833208226567,-3.719821798564567,1.0430885175302933,-1.9461686092777342,0,9.966054899938968,0.036525061811641786,13.136663363530069,-5.2723191011295825,-1.3643069299965163,1.4702278592954314,-3.8014965656869606,0.677975584332775,0,-0.027351059196404574,-14.0,32.0,-46.0,-0.5030192388709338,-1.1672137709215633,-3.443592557949927,-0.24987702201249729,-0.0004493750877686553,0.0025277348686980616,-0.005757618312034807,0.0022519352568612927
2019-04-03,1554264000,2019-04-24,1556078400,0.75,335.54906094201164,366.38233289740134,348.66,349.1,343.1475,345.37,1288388.0,358.04,361.99,355.28,360.5,880350.0,1.0071098352858456,-4.650660459419001,-0.40820619509941025,-3.2170134073046768,0,11.920434133561173,1.2555121759402375,20.461066067492002,34.71482302803028,-1.52323759301035,1.4668286054986692,5.498057012108422,0.65566841825876,0,0.30956334606153213,-42.0,-36.0,-6.0,-1.8217753120665776,-1.368515745870809,-3.596167865378348,0.19479004162695812,-0.0068238557558945034,0.0041331484049931255,-0.014479889042995908,0.005214287705992193
2019-04-05,1554436800,2019-05-02,1556769600,0.75,346.5169634561557,376.6945358026907,345.79,352.2,344.99,351.44,1322010.0,370.97,371.63,365.9,370.41,762410.0,1.1860690359509078,-6.654063960494,-1.4356991801877257,-4.259618620807572,0,18.622540137841355,7.250195442568845,36.97375626226807,39.189287571831755,-1.710250075322577,1.5531204423678013,17.158769814564216,-0.5816881301990174,0,0.20384360049263428,42.0,72.0,-30.0,-2.733997462271546,-2.2178011946985663,-4.8722553733207405,0.9906201915578778,0.0015118382333090263,0.003293647579708958,-0.012175697200399682,-0.0016979301423026838
2019-04-15,1555300800,2019-05-03,1556856000,0.75,357.2651140933513,387.37983396522253,356.59,358.38,355.52,357.34,991785.0,372.12,377.93,369.61,377.68,986786.0,-0.26719268532589524,-8.099149191395156,-2.8724422791781308,-5.78153992798137,0,23.538199941990968,9.244475297928952,40.39100403138746,39.244124144335075,-3.216131988379857,1.5717741889859411,18.203103103034884,0.7528541802691728,0,0.24563844930666778,50.0,84.0,-34.0,-4.183170938360519,-3.7095423525632185,-6.440501219455157,1.2447761106753292,-0.014721457318364717,0.0006619360305020194,-0.021367295064604885,0.019626899921708407
2019-04-25,1556164800,2019-05-09,1557374400,0.25,366.11675893748264,387.37983396522253,357.91,368.78,357.3169,366.76,1276358.0,369.46,375.32,368.33,374.33,796680.0,1.757008644617784,-6.186255565783583,-0.8369549150037017,-3.8953739570254413,0,16.684180382293803,5.638493015380262,39.818224999736564,26.224800322119023,-1.3585373760428183,1.6184080102861296,17.61327282596703,0.619468729285727,0,0.35486077663274496,34.0,80.0,-46.0,-2.2146234605828994,-1.9092905739858566,-4.772784389262313,0.37357419744275866,-0.013009911041060085,0.002644725242433088,-0.016028637832928183,0.0053985818650623685
2019-05-03,1556856000,2019-05-10,1557460800,-0.25,366.11675893748264,387.91321929517323,372.12,377.93,369.61,377.68,986786.0,372.37,378.3,369.8,377.89,643951.0,1.0950387687332181,-6.767588981758166,-1.4342727601506624,-4.600426931999607,0,19.26130350842554,6.37297677691766,40.37667658374777,30.804725799613166,-2.075064857034974,1.6493164519484675,17.253299208724442,0.5049350888700843,0,0.4007408116355873,50.0,96.0,-46.0,-2.83627510651246,-2.5635313464415077,-5.447545563430154,0.40432288310482356,-0.01460742544126592,0.001084971817195468,-0.02140834634417421,0.009510325114204132
2019-05-06,1557115200,2019-05-14,1557806400,0.25,364.9220439882427,387.91321929517323,372.67,376.97,372.58,376.28,1263610.0,369.38,376.655,368.78,373.15,1054406.0,2.3387244745060514,-4.77501015050764,0.3666604135959659,-3.114534816204369,0,10.774070912587497,4.424357754519506,31.626514321157295,22.600965972474654,-0.41014868258812953,1.7782690222858648,15.45874765193043,0.8352781324098429,0,0.2926589379769727,42.0,84.0,-42.0,-1.2181428380007873,-1.1836872191120733,-3.962964961226959,-0.3840675105714233,-0.010103175666622,0.009393005493769202,-0.011711108133458437,0.011548157987475882
2019-05-10,1557460800,2019-05-22,1558497600,-0.25,364.9220439882427,388.9966282345362,372.37,378.3,369.8,377.89,643951.0,378.21,380.51,376.8154,378.08,755923.0,1.624200049841491,-3.354786169181324,0.6940947242206192,-2.8380148822118656,1,9.594900330531843,4.876560332871008,25.92408633762374,13.530598687381215,-0.5862566148326067,1.7887403747866963,13.35647298506585,-0.6069382452421271,0,0.32422455292435004,38.0,76.0,-38.0,-0.8652930596699093,-1.1354424594367032,-3.9932312878963216,-0.2502654679770826,0.0003438425730004635,0.006427211172238767,-0.003344794752433322,-0.0029798792225943505
2019-05-13,1557720000,2019-05-24,1558670400,0.25,364.8663108848015,388.9966282345362,372.31,375.54,367.35,368.89,1335303.0,376.74,379.14,374.89,375.0,781786.0,2.354194579163746,-2.0936612458304182,1.6535457777777651,-1.657091555555553,1,6.6066180763193,1.3102796163717474,20.83039231353091,4.607662664599367,0.26229426487476815,1.708115597169943,11.011867150899086,-0.6440886988470063,0,0.13972665451274746,30.0,76.0,-46.0,0.13026666666667097,-0.25304307608791987,-2.953151234829832,-0.8676537189869826,0.0046399999999999775,0.011039999999999939,-0.00029333333333336764,-0.0013581529120395563
2019-05-15,1557892800,2019-05-28,1559016000,-0.25,364.8663108848015,388.9966282345362,370.38,378.34,368.92,377.19,1248638.0,377.2,379.92,375.08,377.0,2442850.0,1.826784406826647,-2.4686942211502725,1.230072502210433,-2.110542882404957,1,8.105052599216535,1.6254683667142822,19.555240952664466,15.369511307774715,-0.1568867153560376,1.670910105381484,10.215226700977574,2.056846649189385,0,0.03911013898628007,26.0,72.0,-46.0,-0.32095490716180564,-0.7077089702066957,-3.3319890747385443,-0.9104037645981613,0.0005305039787797394,0.007745358090185617,-0.0050928381962864755,0.005333333333333412
2019-05-23,1558584000,2019-05-29,1559102400,0.25,364.8663108848015,388.03333177780945,375.43,377.46,374.0,375.51,1109955.0,375.98,376.61,372.23,375.37,1543800.0,2.2514793135625553,-1.9163433144150304,1.6825283498059491,-1.6126524051824305,1,6.433256202679573,1.1261079231660354,17.821684422198643,12.652501841613109,0.2887506474521331,1.6490644328975699,8.748883764026907,-1.2942740354225315,0,0.08974446472806648,22.0,68.0,-46.0,0.16756799957376245,-0.2502063809537276,-2.7980149352061545,-1.0387522035423702,0.0016250632709060575,0.003303407304792616,-0.008365079787942542,-0.004323607427055731
2019-05-28,1559016000,2019-06-03,1559534400,-0.25,365.55236811150905,388.03333177780945,377.2,379.92,375.08,377.0,2442850.0,376.34,379.55,375.24,377.65,1637510.0,1.6294571179637671,-2.1187991012816383,1.1799832296218113,-1.9306006443355699,1,7.496192313101503,-0.007943232366031974,15.672060158721369,13.69890768873372,-0.08389850734903348,1.5904859957952564,5.2595540122807165,1.3648168386981046,0,0.1251305116317542,10.0,16.0,-6.0,-0.24467099165893558,-0.6183206878912557,-2.9954807986636354,-0.8633314002894581,-0.003468820336290257,0.0050311134648484135,-0.006381570236991818,0.0022558386411888343
2019-05-29,1559102400,2019-06-05,1559707200,0.75,365.55236811150905,399.5295062657185,375.98,376.61,372.23,375.37,1543800.0,380.94,392.14,378.51,387.67,1897020.0,-0.045162345553009686,-4.973539127349241,-0.9199731730595602,-4.3566899682719935,1,14.315186209167578,3.4503922719752382,20.18424890402479,12.992622114638863,-2.1182969258181146,1.8349862724706063,6.383943115784152,1.670352644971565,0,0.12819562618670757,46.0,60.0,-14.0,-2.5093507364511254,-2.60886895006459,-5.079605780121881,0.20279967336352112,-0.017360125880259036,0.01153042536177673,-0.023628343694379272,0.0
2019-05-30,1559188800,2019-06-06,1559793600,0.25,375.1559503723458,399.5295062657185,377.69,379.93,375.735,379.22,1177666.0,384.62,388.53,384.01,387.31,549136.0,0.35981029463594894,-4.810250510483698,-0.6586352017763488,-4.076600139423192,1,13.907027889970529,4.026106574989259,21.58878961126371,11.919063109102147,-1.9932001287359924,1.788858438835049,6.8866461805780155,-0.4898573876079362,0,0.11557790247372345,42.0,60.0,-18.0,-2.2252201079238745,-2.2785026749286885,-4.795638082187438,0.3795521995079456,-0.006945340941364786,0.0031499315793550586,-0.008520306731042315,-0.0009286248613511461
2019-06-04,1559620800,2019-07-03,1562126400,-0.25,375.1559503723458,400.23477767987214,380.94,392.14,378.51,387.67,1897020.0,399.58,401.97,397.68,400.0,459820.0,0.20847366617620366,-3.296973666176214,-0.1218333333333419,-3.047083333333333,1,14.54247610051712,3.1805401501276815,24.15854412554622,10.528552943082374,-1.458154517953389,1.538496515476055,0.5769962307851486,0.4050156050181981,0,0.07169752607006044,50.0,92.0,-42.0,-1.5442500000000052,-1.8861276369326276,-4.394827896727435,-0.1411225788204442,-0.0010499999999999954,0.004925000000000068,-0.005800000000000027,0.0032857608668388494
2019-06-06,1559793600,2019-07-05,1562299200,0.75,375.1559503723458,411.19572581191204,384.62,388.53,384.01,387.31,549136.0,397.37,402.62,397.37,401.68,725972.0,-0.00013691101526092098,-3.5541849372221463,-0.3569591050919456,-3.288148111266011,1,15.750428381760514,3.7102062946993377,25.657737897569316,10.332704287524471,-1.741391516019121,1.515986762823905,0.6494397876094347,0.6411896020259971,0,0.06730908595365284,50.0,96.0,-46.0,-1.7771609241187036,-2.077769800254174,-4.606663131312104,0.06438877713389868,-0.010729934276040631,0.0023401712806214725,-0.010729934276040631,0.0041999999999999815
2019-06-07,1559880000,2019-07-08,1562558400,0.25,387.62712008735946,411.19572581191204,389.0,395.3,387.58,394.04,1580123.0,399.87,402.47,398.1,399.395,531828.0,0.7141547380148126,-3.010502964707655,0.2673418545550419,-2.596740069354894,1,12.692614330130553,1.3589990863871588,25.617673446857424,6.117555561621224,-1.123783224362171,1.4939095949738947,0.7167088046605556,-0.4759785264974697,0,0.055817075862284043,46.0,92.0,-46.0,-1.1481741133464283,-1.3730139328538797,-3.9016521254420127,0.002916655557964276,0.0011892988144568406,0.007699144956747173,-0.003242404136255983,-0.005688607847042504
2019-07-05,1562299200,2019-07-11,1562817600,-0.25,389.49489727154935,411.19572581191204,397.37,402.62,397.37,401.68,725972.0,408.15,411.7,406.99,410.25,1758540.0,-0.5907593534893891,-5.950252224816538,-1.9588259191549895,-4.716412756449316,0,20.06666242999397,4.880355864607826,31.404525775246185,9.567053862536277,-3.1328471510021103,1.4500580690488292,2.0215842721576713,1.5621925488885853,1,0.19190188649454384,50.0,96.0,-46.0,-3.2705057891529634,-3.185119762285666,-5.8231466706841815,0.7593771163044405,-0.005118829981718531,0.003534430225472285,-0.007946374162096315,0.0074654355246679405
2019-07-08,1562558400,2019-07-18,1563422400,0.75,389.49489727154935,421.70633802628504,399.87,402.47,398.1,399.395,531828.0,410.12,416.05,409.14,415.62,856586.0,1.022971731096618,-7.534087654295703,-2.0132773527100056,-4.714903838442169,0,22.82161560488548,4.492771841609052,43.08518011418895,36.74504229385256,-2.312897139354604,1.374075515060003,7.4305029824810305,0.7568822093192579,0,0.3909150454233307,50.0,60.0,-10.0,-3.2555579615995356,-2.762979074093465,-5.7988940610684665,1.0407685691373958,-0.01323324190366204,0.0010345989124680433,-0.015591165006496377,0.0025569278270938245
2019-07-09,1562644800,2019-07-25,1564027200,0.25,400.23477767987214,421.70633802628504,397.92,402.67,396.69,401.22,533391.0,407.22,410.32,404.58,405.5,1407388.0,3.5979231400839637,-3.4232005753490853,1.3568590217838192,-1.3494541718043536,0,7.570009455175139,4.445703688440138,29.21929878438742,9.598526817774882,1.0474508863587602,1.4458420338710432,3.248628605854549,-1.2458039400527559,0,0.20747588928620722,30.0,60.0,-30.0,0.08736128236743923,0.03234866347223431,-2.710388169365345,-1.0708469797298301,0.0042416769420470235,0.011886559802712693,-0.002268803945746023,-0.01017892450020752
2019-07-12,1562904000,2019-07-30,1564459200,-0.75,386.7208168296631,421.70633802628504,411.5,415.14,409.02,414.31,1771378.0,391.67,398.615,391.22,394.56,988975.0,6.391426754845625,-0.5987716453565781,4.470225060827261,1.0419581305758356,0,-3.5319827735612748,-0.7995172725901359,8.472197754484636,-1.5605840096754733,3.1487083173762613,2.0023931163367656,5.372026129065823,0.8721550469484375,0,0.20512959512667042,18.0,60.0,-42.0,2.8963275547445164,2.1418891488156504,0.018740242213596048,-2.7429641360473687,-0.007324614760746084,0.010277270884022638,-0.008465125709651189,0.0023116982090689575
2019-07-19,1563508800,2019-08-16,1565928000,-0.75,371.900600447681,410.9763809161719,417.13,417.13,409.38,409.79,941272.0,385.33,386.39,381.94,384.51,1498806.0,6.919304164879051,-4.98385385149318,2.951844338682136,-1.2401324629615118,0,-4.029363293372832,-6.169013397105841,-24.83233769163019,-3.0669748042451204,-1.0058766979362304,2.0584279430857744,8.015539281300597,1.2105458572367664,0,0.11482127600054523,-34.0,-56.0,22.0,0.9677251566929499,0.4889969351316239,1.1271937091139819,-0.4618782524155671,0.0021325843281059242,0.004889339679072124,-0.006683831369795334,0.009371554575523744
2019-07-26,1564113600,2019-08-22,1566446400,-0.25,371.900600447681,400.85572783285187,380.0,399.13,375.0553,398.79,1702224.0,392.68,393.13,387.43,391.25,1065032.0,1.8220999864932992,-5.083186248474135,0.28473354632589576,-3.797198722044726,1,1.329964052287103,-3.514180024660912,-10.077175870335394,9.876068176918622,-2.662556386507916,1.9028736530915382,0.19981395276234437,-0.8644758503548791,0,0.1894607571733648,-46.0,-52.00000000000001,6.000000000000007,-1.630543130990418,-0.8579956320153741,-0.537886220389808,1.7032194693082703,0.0036549520766773202,0.004805111821086339,-0.009763578274760376,-0.002244153724530129
2019-07-31,1564545600,2019-08-23,1566532800,0.25,371.900600447681,400.85572783285187,390.98,390.99,382.0,385.38,2371206.0,388.84,395.37,384.43,385.51,1631776.0,2.7534488892428755,-3.429695938606045,1.574415709060716,-2.2275842390599365,1,-3.3462699183528883,-3.3300734722535745,-9.724357338255988,11.003043152730385,-1.034628768478413,1.9959628836822536,-1.1571348538836297,-1.3056155560612666,0,0.12581530471975944,-38.0,-40.0,2.0,-0.3381235246815919,0.5592931281512818,0.906059698731255,1.408130776683155,0.008637908225467505,0.025576509039973105,-0.002801483748800293,-0.014670926517571958
2019-08-19,1566187200,2019-08-28,1566964800,-0.25,372.87047110647285,401.32528071548256,388.18,391.555,387.05,388.42,1371455.0,398.65,403.5,395.67,400.5,864293.0,-0.061961490280467046,-7.520810045300067,-2.059210153974206,-5.659856845609653,0,7.512116784624062,3.9234002802428787,2.2091042289870386,20.584040839481958,-3.613129239341518,1.991766525335035,-4.4888252516134095,0.6789755250240606,0,0.0956118880614437,-46.0,-36.0,-10.0,-3.791385767790274,-2.4889881033319483,-2.598552338504362,2.4948232364916043,-0.004619225967540608,0.0074906367041198685,-0.012059925093632962,0.005044041255740428
2019-08-23,1566532800,2019-09-03,1567483200,0.75,372.87047110647285,415.8913081051128,388.84,395.37,384.43,385.51,1631776.0,408.08,413.16,407.255,411.81,1086128.0,0.004860537376586649,-10.932958446606591,-3.8525784544652595,-7.268738819682213,0,14.028927918404051,8.44525201453626,15.6933411872462,26.525429715398047,-4.711751903815582,1.8814875087747354,-3.2680739195601873,0.8541219897910636,0,0.12322912426397928,50.0,72.0,-21.999999999999996,-5.464048954614995,-3.959848968806682,-4.737670781867436,3.4279326073014067,-0.009057575095311021,0.003278210825380601,-0.011060926155265771,0.005420054200542035
2019-08-26,1566792000,2019-09-25,1569384000,0.75,386.7208168296631,429.9282221630638,387.85,399.07,387.13,396.78,1783422.0,417.2,418.57,414.51,416.66,2216598.0,4.035960092248047,-2.6652981616571765,2.232635722171537,-0.9008544136706149,0,6.12854976476811,4.559712916258881,26.833009694060223,-19.69845572572561,1.3512233518583372,1.6460552986207886,1.4623330114757422,-1.5720243469245692,0,-0.1213236758823632,34.0,72.0,-38.0,0.6853309652954351,0.011326967875064042,-2.42959434897071,-1.5215418709232846,0.0012960207363317267,0.004584073345173412,-0.0051600825613210555,-0.0020836826096327643
2019-08-29,1567051200,2019-10-02,1569988800,0.25,401.32528071548256,429.9282221630638,404.62,410.09,403.07,407.24,955853.0,409.91,412.92,405.8,410.75,1312283.0,5.325664814270326,-1.12895148499463,3.930379387299652,0.3580604585108347,0,0.8871880071559985,-2.078813741149552,6.107968209817398,-25.954311784148018,1.7197286900755273,1.8641774421457622,-0.8517212761292576,0.8836072391903466,0,-0.14825601118494122,14.0,60.0,-46.0,2.0983566646378478,0.7231834367171501,-0.9113421791558807,-2.725328886649298,-0.002045039561777151,0.005283018867924483,-0.012051125989044453,0.012697238658777144
2019-09-04,1567569600,2019-10-04,1570161600,-0.25,402.80879212159414,430.00876145801,415.38,420.26,415.22,419.47,1708832.0,422.17,429.4025,420.9,427.72,1183999.0,1.1579154518636727,-5.141830162421996,-0.26274198073508614,-3.7691363508837554,0,10.92437814538183,0.469792351780513,9.710895586519802,-16.01512498513449,-2.4089188649521702,1.9153365574020358,-2.3495345358456703,0.7968916085829337,0,-0.1062082974568848,50.0,12.0,38.0,-1.9919573552791547,-2.901917617158162,-4.567697737498705,-0.8845402579725703,-0.012975778546712835,0.003933648181052796,-0.01594501075469945,0.026519787841697395
2019-09-26,1569470400,2019-10-07,1570420800,0.75,402.80879212159414,444.5848538898448,418.45,418.753,406.16,411.0,2497802.0,425.53,432.16,425.29,430.04,1091835.0,0.9190106868887256,-5.721819727908169,-0.7418999782966011,-4.169383468204529,0,12.06001400891342,2.4441374053075537,12.80491833931621,-15.561847692381434,-2.859652298731149,1.8830409098681822,-2.40918143645289,0.7409485161661667,0,-0.12665087207840167,50.0,16.0,34.0,-2.4014045205097148,-3.0994853038041583,-4.883225096154504,0.026034096367803627,-0.010487396521253967,0.004929773974513996,-0.011045484141010142,0.005424109230337537
2019-10-03,1570075200,2019-10-14,1571025600,0.25,415.45938991416335,444.5848538898448,409.01,416.96,406.7,416.67,959367.0,423.89,424.69,421.92,422.96,812629.0,2.932190800601404,-4.2242751584603155,1.0177164113233772,-2.3236279238383446,0,5.994030343681544,-0.06851742468990442,14.856387379559699,-15.024688514477702,-1.2282890428033824,1.7240059687822749,-6.285258026164524,-0.5671131896734146,0,-0.0024885108456234135,30.0,16.0,14.0,-0.6460421789294486,-0.6359941619832057,-2.566308452404556,0.06540846266471378,0.002198789483639052,0.004090221297522234,-0.002458861358047959,-0.0004726344645052949
2019-10-07,1570420800,2019-10-24,1571889600,-0.25,415.45938991416335,444.5848538898448,425.53,432.16,425.29,430.04,1091835.0,435.11,439.05,432.64,435.07,1117320.0,3.2145763865755868,-6.958111909594862,-0.190390818335743,-3.5862236728189316,0,9.97217254626328,5.856447688564475,23.718317912006945,-16.259185882730833,-0.5167738539986573,1.6611193427061597,-2.287230341693089,-0.8499701378497106,0,-0.15571822442192354,30.0,48.0,-18.0,-1.8717677615096306,-1.2518596931899992,-3.690066085976767,0.27683732370901737,9.193922817019029e-05,0.009147953202932824,-0.005585308111338394,-0.0011249885205253385
2019-10-08,1570507200,2019-10-25,1571976000,0.75,415.45938991416335,460.33947353908377,426.91,430.94,423.05,428.07,1361485.0,460.87,469.57,442.25,462.19,2481699.0,-1.6313658136639901,-12.416752925382724,-5.303699055943824,-8.875119900185354,0,22.001841521116717,13.78104921099924,29.17103671308751,-10.111769672285817,-5.481407570277682,1.9851362151009628,-0.08634758657245811,1.8581257488249034,1,-0.09872629110705018,50.0,72.0,-21.999999999999996,-7.024059369523343,-6.375061723493161,-8.974936270978858,1.7061905756476445,-0.002855968324714908,0.01596745926999721,-0.0431424306021333,0.06233479669938169
2019-10-15,1571112000,2019-11-12,1573534800,0.75,430.00876145801,476.7189996175308,423.6,435.45,422.79,432.92,1542701.0,473.41,475.64,472.215,474.07,736021.0,3.330621617078407,-9.81257575887183,-1.6415536383515814,-5.013066284163386,0,19.97481882026716,9.50522036403954,42.56664390502781,8.471675963093347,-1.7474674630483946,1.717219993090981,10.57366722433207,0.5549178120052108,0,0.25970878725949614,22.0,56.0,-34.0,-3.2409770708967187,-3.0690956534692617,-7.2335773177623395,-0.045906226299578634,-0.0013921994642140945,0.0033117472103276757,-0.003912924251692873,0.0012038014783526396
2019-10-25,1571976000,2019-11-14,1573707600,0.75,443.8242916084485,491.6346639616141,460.87,469.57,442.25,462.19,2481699.0,479.27,480.29,476.505,479.97,901415.0,2.8179484031946913,-10.009856230767255,-2.0591453632518864,-5.311604891972408,0,22.163301358478876,8.607698051727654,44.37218564571329,12.210130551563289,-1.912456461153937,1.6594674441713024,12.24789919266999,-0.6847835677043455,0,0.3174970446975029,46.0,88.0,-42.0,-3.595953913786275,-3.4843012424430384,-7.728512331388629,0.041964839986539104,-0.001458424484863774,0.0006667083359377379,-0.0072192012000750205,-0.0003957014328557218
2019-10-28,1572235200,2019-11-18,1574053200,0.25,460.33947353908377,491.6346639616141,465.83,470.31,465.23,467.09,1149997.0,475.17,477.45,471.44,474.07,1255226.0,4.066263175493191,-7.351221093100293,-0.024457710183440895,-3.4492325324670787,0,16.4558059949199,8.19563629724301,41.69704276478554,5.493317405394606,-0.4194767187383519,1.7180316689995638,14.118407917814125,-0.9592746664247234,0,0.3390519487975867,38.0,84.0,-46.0,-1.6424789588035509,-1.8411413850068215,-6.062023770691567,-0.8338299711738539,0.002320332440356898,0.007129748771278477,-0.005547703925580572,-0.0032169890664424106
2019-11-13,1573621200,2019-11-20,1574226000,-0.25,461.7630186269692,491.6346639616141,474.33,482.62,472.44,480.16,1532009.0,475.93,483.55,474.8549,479.08,1344488.0,2.2179031756484733,-5.780356210632178,-0.13872630875845005,-3.68496910745597,0,18.75247042988798,9.991734778216545,40.914988628018875,11.817610677552686,-1.0101182012288206,1.723505438905898,16.04270970279274,1.0329604050488637,0,0.23769750484050345,30.0,56.0,-26.0,-1.7812265174918451,-2.3494132489617527,-6.503581984929298,-0.9500769572958774,-0.00657510227936875,0.009330383234532835,-0.008819195123987655,0.0002296594776289851
2019-11-15,1573794000,2019-12-03,1575349200,0.25,461.7630186269692,491.5208811859232,482.44,485.99,473.21,475.6,976189.0,469.82,470.51,465.39,469.86,1018701.0,2.431593574125813,-1.1718566312066798,2.176456107493024,-0.9868159309865376,1,8.138874096876037,-0.7687434002111904,19.647207091392044,-14.061979559945641,0.7435425123998556,1.6060695142285895,10.587336434192892,-0.8355881148333666,0,0.028611676838391237,-2.0,44.0,-46.0,0.6298684714595595,-0.1728449977859583,-3.3790575118440387,-2.29859195395061,-8.513174136981494e-05,0.0013833907972586879,-0.009513472098071851,-0.0009992983649776965
2019-11-19,1574139600,2019-12-04,1575435600,-0.75,448.4239992614882,491.5208811859232,475.91,480.52,471.275,478.97,916736.0,466.64,469.275,460.96,462.05,1195410.0,4.303152374411539,0.11606632486342505,3.836012697038555,0.5890805468383746,1,1.7350038595741282,-2.3666138404648684,15.342995462877443,-23.517763719883106,2.1747304524991193,1.65414406069547,8.641564776544683,-0.9883136239968544,0,-0.08243590491201011,-6.0,-56.0,50.0,2.209609349637475,1.370286037634088,-1.6774143432926536,-2.6909161985268764,0.009933989827940692,0.015636835840276975,-0.002359052050643906,-0.01662197250244757
2019-11-21,1574312400,2019-12-09,1575867600,-0.25,448.4239992614882,476.7189996175308,479.95,479.95,474.22,474.65,778212.0,469.51,475.5,467.2,468.66,944484.0,2.8506170616144715,-1.3879362268942117,2.316285437915198,-0.7792443704747001,1,6.1180433122851525,-0.23203831825438528,10.987352027310582,-8.432917077782513,0.34803125351831454,1.6024138538178097,5.408677592803421,0.820841555793385,0,-0.11253925205187025,-18.0,-56.0,38.0,0.7313404173601157,-0.08204189758848202,-2.734871388947738,-2.0299140248583276,0.0018136815601927925,0.014594802202022805,-0.0031152647975078995,0.0017313241423533299
2019-12-04,1575435600,2019-12-10,1575954000,0.25,448.4239992614882,475.7737471141132,466.64,469.275,460.96,462.05,1195410.0,467.1,469.7,460.47,461.71,1088525.0,4.476638462584546,-0.23674762201359556,3.790403066860165,0.6125403391739326,1,0.5835453760048139,-2.4899683210137318,7.784902821321552,-14.941923598494213,1.674111346947143,1.6531456971279601,3.6043787468273543,-0.9464904747942812,0,-0.20354037281882326,-21.999999999999996,-72.0,50.0,2.1199454202854895,1.2865687327179671,-1.2209309057025308,-2.2422827423894427,0.011673994498711426,0.017305234887700083,-0.0026856684932099473,-0.014829513933341976
2019-12-05,1575522000,2019-12-19,1576731600,-0.25,448.4424198031092,475.7737471141132,462.15,468.27,461.91,467.27,1279278.0,466.52,475.89,466.2,475.67,1257833.0,0.2005633380838674,-2.956045079627387,0.36023013153376837,-2.925716007596307,1,7.9033192737101885,-0.7117809134173767,7.76334643484391,-2.2248283629501486,-1.3396416419753479,1.7378452316241502,0.2548205817084579,1.0674236072570749,0,-0.09227383929300109,-46.0,-68.0,22.0,-1.3777408707717598,-1.3442639448130222,-3.3677809087434696,-0.30073593240889185,-0.019236024975298083,0.000462505518531664,-0.019908760274980564,0.019613307039355377
2019-12-10,1575954000,2020-01-02,1577941200,0.75,448.4424198031092,490.4592106733535,467.1,469.7,460.47,461.71,1088525.0,487.41,491.41,480.49,490.43,1464400.0,0.10863502462643737,-6.653096007845221,-1.6893800678316353,-4.8315736530527715,0,15.098490493606363,4.377899799940406,21.515207008467442,19.23983368384262,-2.750448418164652,1.5378423335608575,4.125899207107217,1.198166121821814,0,0.03359088853072294,50.0,60.0,-10.0,-3.272230491609392,-2.658840715543022,-4.9419135618674375,1.302625174504219,-0.006157861468507164,0.001998246436800466,-0.020267928144689362,0.011029108600643323
2019-12-11,1576040400,2020-01-08,1578459600,0.75,462.1813499998863,504.48719207775997,462.52,467.32,461.425,465.87,995612.0,499.0,509.99,498.55,500.77,1203079.0,0.4970782094746653,-8.519523643506261,-2.468916535202453,-5.660543429784809,0,20.072115252459653,6.851448811505133,32.836782969772024,35.25694148605629,-3.3917867195970075,1.5655525793760376,10.23562845488857,1.012713663079982,0,0.14536402720390362,50.0,76.0,-26.0,-4.011222717015798,-3.296648623576388,-5.963534776037861,2.0042827228330804,-0.0035345567825548763,0.01841164606505985,-0.004433172913712813,0.003225418703421745
2019-12-20,1576818000,2020-01-16,1579150800,0.75,475.6968566111793,518.6310301528134,479.96,480.845,473.49,476.22,3922105.0,507.0,513.71,506.155,508.78,1236031.0,2.1908791119974893,-8.470410540119687,-1.7532365003865351,-4.726997261422753,0,17.590672235919556,7.991424872115973,43.60222322977523,25.752634472466355,-1.7800417488232085,1.5496220799513147,21.01945215700774,-1.0638706620492167,0,0.21900593752824665,46.0,92.0,-46.0,-3.139765714061099,-2.563534215454766,-5.825200885518711,1.5136615180089166,-0.003498565195172665,0.009689846298989835,-0.005159400919847457,-0.012844392704695395
2020-01-03,1578027600,2020-01-21,1579582800,0.25,489.93365544133104,518.6310301528134,485.53,496.59,485.53,494.47,1086174.0,501.28,506.73,498.94,503.59,1185262.0,3.1117267962669644,-6.121317931913012,-0.09523951362550065,-3.075024656301082,0,12.570779281660464,5.869615489730267,37.324721072737645,15.452312578228131,-0.30062634720977144,1.6013434356682228,20.26114493267572,1.0002253680509388,0,0.09109678953802465,38.0,72.0,-34.0,-1.5047955678230238,-1.2911929654297865,-4.487779619600502,-0.011199648816528907,-0.004587064874203239,0.006235231041124889,-0.009233702019499912,0.0017106597975056204
2020-01-09,1578546000,2020-01-24,1579842000,-0.25,489.93365544133104,519.1487925448849,501.5,508.86,501.5,507.28,983101.0,512.63,514.26,503.9,504.67,1292213.0,3.1676082163500467,-4.800160181000223,0.7108836797643221,-2.5030779189041112,0,9.992520674465347,4.951545148276006,33.10545283258372,11.62635700447224,0.368431287545846,1.6861406071285807,20.567013752442747,-1.0536376567908279,0,0.004005141769727695,26.0,72.0,-46.0,-0.8162759823250809,-0.8740538866812386,-4.054601521131858,-0.5571508434218941,0.015772683139477328,0.01900251649592799,-0.0015257494996731014,-0.016506216627041326
2020-01-17,1579237200,2020-01-30,1580360400,0.25,488.98626123728127,519.1487925448849,512.03,512.03,501.33,502.73,2478077.0,486.88,494.33,484.96,492.98,1162063.0,4.931789683738415,-0.8551537147335893,3.78851407088861,0.18007153772295226,0,1.3304541570961632,1.6285973447678805,15.534429669337177,-14.484503941082806,2.4814910289416616,1.797323877208953,12.573449430904937,0.9149746746850846,0,-0.06216310930932265,10.0,56.0,-46.0,2.038317984502399,1.2096525468485737,-1.4084242896219763,-2.9332686940883335,-0.012373727128889622,0.002738447807213218,-0.01626840845470412,0.004564535191751151
2020-01-22,1579669200,2020-01-31,1580446800,-0.25,488.98626123728127,522.9880824811053,505.54,512.79,504.605,510.76,2348618.0,504.76,521.69,495.0001,517.46,2262194.0,0.24643230567519936,-5.3018955298857975,-0.7378129066336925,-4.480303147425261,1,13.258891340219009,5.511489917011608,17.91002653981493,-6.141464203328447,-2.2507934566141046,1.9862931330543299,12.168975570822617,1.7533822493813154,0,0.032449215192317284,50.0,88.0,-38.0,-2.527731612105299,-3.2375766115473823,-5.834454015147685,-1.5150325217641756,-0.0245429598423067,0.008174544892358915,-0.04340412785529324,0.04965718690413401
2020-01-27,1580101200,2020-02-04,1580792400,0.75,488.98626123728127,542.7485521413545,499.14,507.36,497.42,504.08,2361203.0,528.85,532.65,519.85,531.75,1743491.0,-0.5802090435083613,-8.362339146430529,-2.6484099670898047,-6.466424071462157,0,17.959329155107326,6.895165343250581,25.63352041707721,-12.43742243913762,-4.267873282628017,2.088985198492842,12.855332946532648,-1.324391194317153,0,0.09872249071441616,46.0,92.0,-46.0,-4.471274094969445,-4.774029268529887,-7.719673747269539,1.3800285756213402,-0.005453690644099618,0.001692524682651575,-0.02237893747061581,-0.0005638567803777361
2020-01-31,1580446800,2020-02-05,1580878800,0.25,503.0432822128292,542.7485521413545,504.76,521.69,495.0001,517.46,2262194.0,522.0,530.53,521.0301,522.18,2042831.0,1.55163367398319,-6.5518251788282384,-0.5719400717504755,-4.5441967648447985,0,11.973866446035395,4.611747736196795,25.18210416047395,-17.52457680428222,-2.2832980267200753,2.121958825210984,12.986608047484204,-1.5225242825075318,0,0.009574979414082262,42.0,88.0,-46.0,-2.5000957524225242,-2.740362400784477,-5.792041105216441,1.2946458837898724,-0.00034470872113057105,0.015990654563560414,-0.002202114213489592,-0.017997179125529006
2020-02-03,1580706000,2020-02-18,1582002000,-0.25,503.0432822128292,542.7485521413545,522.84,537.535,522.691,532.05,1830654.0,535.25,538.7,533.38,537.6,812049.0,2.03821220322628,-9.013472619893008,-1.8841294642857207,-5.378318452380967,0,17.253854300731234,6.936128737095459,30.70097163849165,7.205723693737831,-2.9066981483047556,1.6256832429450128,15.320134862404004,0.6150055883367078,0,0.32159287858636326,50.0,52.0,-2.0,-3.487630208333357,-2.989952213908637,-6.446120918239217,0.8945384510362491,-0.004371279761904767,0.0020461309523809312,-0.007849702380952395,0.0050664622632692335
2020-02-05,1580878800,2020-02-19,1582088400,0.75,503.0432822128292,558.2862792208826,522.0,530.53,521.0301,522.18,2042831.0,539.73,546.54,536.94,542.46,1138238.0,1.634692865669237,-9.622747284428215,-2.38799419926508,-5.884244614042203,0,19.07761086294343,7.71858059135409,32.346278081861925,13.845384406161969,-3.154307260942687,1.6224468227142612,16.338164656073253,0.8638904977403589,0,0.368076128147189,50.0,56.0,-6.0,-3.9940272093794817,-3.4915515292546075,-6.9986291815362875,1.015904465584999,-0.005032629133945421,0.007521291892489623,-0.010175865501603765,0.009040178571428692
2020-02-06,1580965200,2020-02-24,1582520400,0.25,522.9880824811053,558.2862792208826,524.86,529.46,522.9162,526.56,960207.0,529.8,534.0,525.59,528.7,1556339.0,4.93357564322001,-6.511597205542699,0.8454864132147861,-2.7380694785952926,0,8.68456917726784,4.761527334693964,28.965994759281966,-7.104149725080397,0.45674419503600916,1.729545633190385,14.747054773151895,-1.1573390658218146,0,0.24097311332668703,38.0,56.0,-18.0,-0.7890107811613518,-0.46233600568595534,-3.941053298381277,-0.6823101660281132,0.002080574995271256,0.010024588613580354,-0.00588235294117645,-0.012403332461613181
2020-02-19,1582088400,2020-02-26,1582693200,-0.75,508.6156550549433,558.2862792208826,539.73,546.54,536.94,542.46,1138238.0,524.78,527.5,516.6845,518.09,1830983.0,6.704780975219805,-3.588913075820116,3.3862289048878154,-0.46486646464258286,0,2.078206257385588,3.754956542636292,19.17396630531058,-6.706506271118407,2.3469044988062535,1.8991205450992379,10.277258904722757,1.3313209623019773,0,0.06961098329466027,30.0,56.0,-26.0,1.5579339496998301,1.2885250473233327,-1.8228062294266323,-2.751391237436037,0.012912814375880544,0.01816286745546125,-0.002712849118879146,0.00019305391995994015
2020-02-20,1582174800,2020-03-03,1583211600,-0.75,490.5013554127113,542.4442541587903,542.01,544.09,532.09,539.22,1136331.0,489.18,505.5,489.18,495.03,3075538.0,11.761620402865262,0.02109983631216039,7.974718703916949,3.905217865583907,0,-8.591300741134688,-6.957992669861852,-5.812694622289949,-23.263834696197748,4.062824950760586,2.305771339661744,7.9553483666774625,-2.025528309278196,0,-0.18571091714726198,14.0,56.0,-42.0,5.891360119588711,4.225075837575233,2.4412172189698538,-5.939799910197655,-0.011817465608144895,0.021150233319192857,-0.011817465608144895,-0.004224247178806428
2020-02-25,1582606800,2020-03-04,1583298000,-0.25,490.5013554127113,531.5020608255022,530.84,534.83,517.0067,517.99,1826352.0,502.38,524.65,498.81,522.84,2205085.0,5.692661131716477,-5.345136076250213,2.2352440517175296,-1.8672060286129408,0,4.57188170955493,-1.6755994358250998,-3.198528604802325,-19.98268358037238,-1.590150340685014,2.431847194654714,5.75368228886563,1.4343573295858911,0,-0.12749496065056654,10.0,56.0,-46.0,0.17376252773313183,-1.1930949880303388,-2.8897112363912356,-3.996611279976268,-0.03913243057149418,0.003461862137556393,-0.04596052329584577,0.05617841342948915
2020-02-27,1582779600,2020-03-06,1583470800,0.25,484.5855639822815,531.5020608255022,513.21,520.49,507.51,508.55,2851959.0,486.84,498.62,480.65,496.72,2327759.0,11.41152365016545,-1.4725238112219898,7.352289687013467,2.561888656251682,0,-5.48360050494793,-5.666970525676071,-7.236474667517231,-27.457598077866336,2.9258823574037223,2.8478340448629003,3.077521697843146,-1.4832578983344973,0,-0.1534348914695001,2.0,-28.0,30.0,4.96949991947173,3.422620189538222,2.1102378148703878,-3.909214244539701,-0.019890481559027284,0.003825092607505187,-0.03235223063295223,-0.016668646315872726
2020-03-04,1583298000,2020-03-10,1583812800,-0.75,456.31593443493534,531.5020608255022,502.38,524.65,498.81,522.84,2205085.0,467.8,477.87,460.36,476.76,2847388.0,17.408143205951703,-1.1041328023943464,10.890586458595536,5.420354056548348,0,-9.420983454923977,-10.102952822717508,-16.460141203645993,-27.83947355951541,5.540826345248931,3.3212210206218367,3.986807682583567,1.7221837066920442,0,-0.14268393667670187,-6.0,-52.0,46.0,8.152005201778678,6.101256649892562,5.787114882993521,-6.0714520064156865,-0.018793522946555896,0.0023282154543167177,-0.0343988589646782,0.029252390924202842
2020-03-05,1583384400,2020-03-13,1584072000,-0.75,425.5963252844175,508.6156550549433,514.34,522.76,501.23,505.14,4692249.0,446.48,454.52,413.66,454.19,3429619.0,24.847130856107597,-3.6795578139886373,14.351107099084828,6.84667503320928,0,-10.635070197277606,-15.06180689319844,-26.229200906089527,-22.95735564459511,6.77119265319061,4.302804555680267,8.648544575679843,1.885438787872324,0,-0.14584036034128767,-18.0,-64.0,46.0,10.583786521059466,7.857225529486598,9.545601610457538,-8.335047744088705,-0.016975274664787765,0.0007265681763137799,-0.0892357823818225,0.06233334892641618
2020-03-09,1583726400,2020-03-17,1584417600,-0.75,384.43832189386075,484.5855639822815,466.58,478.62,460.74,463.21,2789402.0,397.47,406.63,388.23,393.02,3918957.0,46.6278217720446,1.5745597861458407,29.130822858887598,19.458953742812085,0,-19.03142997971281,-26.893601190476197,-33.77576650286239,-24.33826500508266,18.964290653058825,5.736753613221727,12.979789726773163,2.0417447872287386,0,-0.18374504624928528,-26.0,-72.0,46.0,24.101190779095234,20.08789226901004,24.51288520425794,-12.237476732845337,0.011322579003613109,0.03462928095262341,-0.012187674927484515,0.010048572383130727
2020-03-11,1583899200,2020-03-18,1584504000,-0.75,340.66545162343175,456.31593443493534,466.82,477.0,443.915,450.64,3372415.0,374.78,390.75,345.67,381.52,5113602.0,50.92405652567459,0.5413974479047852,31.268948766338156,20.37558013559797,0,-20.40096594596804,-29.6685469896398,-36.303427191249426,-24.85833310981684,19.222786493077223,6.37404625218847,15.564142283872691,-2.5533785280223946,0,-0.06292929370110867,-30.0,-80.0,50.0,25.73272698678967,21.4497804486016,27.157554149033132,-12.775834544333804,-0.017666177395680438,0.024192702872719796,-0.09396624030195,-0.02926059742506748
2020-03-16,1584331200,2020-03-19,1584590400,-0.25,340.66545162343175,430.41513000211626,414.98,418.38,388.13,389.11,3652247.0,379.57,414.4,372.94,393.06,2646926.0,45.388301495268564,-5.024234940544076,25.945222951542604,14.622173035499259,0,-17.259099629225176,-27.10581951708023,-36.702493885037164,-18.83048659189815,13.965628514524568,6.498415298237689,16.289894361358826,1.3018069339490532,0,-0.03554243099551057,-34.0,-80.0,46.0,20.182033277362237,16.1808429221104,22.505687047131318,-11.54622279894188,-0.034320459980664575,0.0542919656032157,-0.05118811377397858,0.030247431327322438
2020-03-18,1584504000,2020-03-23,1584936000,0.25,337.30278579333776,430.41513000211626,374.78,390.75,345.67,381.52,5113602.0,371.0,399.99,364.6747,381.78,2616585.0,47.25463010199215,-7.923339830107807,26.428083363891957,13.401363787172386,0,-17.207559092798107,-27.788916209570658,-38.05492914816798,-20.762482665528168,13.123843991492777,7.029826756650332,17.82506801889575,1.2280360001432014,0,-0.1230130544409755,-42.0,-88.0,46.0,19.665645135942185,15.827989911834763,24.01687818939689,-9.769766385939654,-0.028236156949028146,0.047697626905547796,-0.0448040756456598,0.027118644067796627
2020-03-19,1584590400,2020-03-25,1585108800,-0.25,337.30278579333776,434.36648322543414,379.57,414.4,372.94,393.06,2646926.0,416.01,441.0,408.54,420.77,2498103.0,29.721251649722404,-17.223212340836355,12.577340748310633,0.08012611799001945,0,-8.142919416463783,-18.784381092088257,-30.615714604743754,-12.163337826117832,-0.5996744604709505,6.672329916981886,15.542613466620729,1.129849926205027,0,-0.04991011821134532,-46.0,-84.0,38.0,6.249019654443046,4.142655675819043,11.549684018462287,-2.4099270184052415,-0.0113125935784395,0.04807852270836799,-0.029065760391662865,0.003266571292322329
2020-03-20,1584676800,2020-03-31,1585627200,0.75,337.30278579333776,486.40539784296425,394.81,404.555,370.0,371.7,4441410.0,443.77,449.17,432.06,436.31,2338941.0,19.47947985705889,-19.42997377193592,6.309125010504758,-6.356876227147353,0,-4.275123344429204,-11.861907359149946,-15.896281945503468,-5.287135604131507,-5.946029110838538,6.1402818533138666,7.156661415168806,-1.0320787613422204,0,-0.05080273674754996,-26.0,-48.0,22.0,0.024753042561485472,0.9255128783783277,6.751697440839337,6.432057892432997,0.017097934954504845,0.029474456235245583,-0.009740780637620072,-0.03209991570167259
2020-03-24,1585022400,2020-04-01,1585713600,0.25,384.43832189386075,486.40539784296425,396.52,421.21,396.52,419.4,3582435.0,418.3,434.83,413.39,424.03,1488378.0,19.474288878134132,-15.961565721753658,8.258812662626099,-4.670232452106376,0,-6.2211889809398215,-18.89870706143372,-15.131505249054426,-2.7784869839264417,-3.5560890429479883,6.2529037501477065,6.409947294309813,-0.6550080031947823,0,-0.006223064819952671,-30.0,-48.0,18.0,1.7563615781902513,3.4818291108490484,9.457239772168279,5.6722857921364565,-0.01351319482112101,0.025469895997924707,-0.025092564205362766,-0.028145126171758683
2020-03-26,1585195200,2020-04-02,1585800000,-0.25,386.64094523628177,486.40539784296425,424.47,460.54,422.05,454.17,2411205.0,420.26,436.88,418.01,435.66,1466824.0,13.664976526607902,-17.179873464587075,4.425586466510595,-8.09725933067071,0,-3.932871755913844,-13.754602684404315,-13.58802876174666,-5.5905915458620115,-6.571821068308765,5.960651507938155,5.600770506127056,0.6505717171332426,0,-0.05816133699773807,-34.0,-48.0,14.0,-1.7574484689895797,0.6508570422536906,6.278979724656338,5.838501867820522,-0.03534866639122258,0.00280034889592784,-0.040513244273057025,0.027427304671839403
2020-04-01,1585713600,2020-04-03,1585886400,0.25,386.64094523628177,481.10919707250423,418.3,434.83,413.39,424.03,1488378.0,433.24,440.615,425.99,433.8,1109890.0,11.6485503027276,-15.77141798368659,4.160175964346109,-8.339254648839713,0,-4.24638166567869,-12.667096150748916,-12.475683976580312,0.28421030441027995,-5.805794156851604,5.799434674854834,4.630918806656414,-0.4930246314197891,0,0.029659570564610226,-38.0,-48.0,10.0,-2.061433840479495,0.9793294256225806,6.470566314798788,5.702188659826241,-0.001290917473490083,0.015710004610419492,-0.01800368833563859,-0.004269384382316499
2020-04-02,1585800000,2020-04-13,1586750400,-0.25,389.08217751029764,481.10919707250423,420.26,436.88,418.01,435.66,1466824.0,468.97,473.2,462.16,469.7,1116017.0,4.036683006888197,-22.295571659219476,-3.8079249166134446,-14.479530196579375,0,2.5320530929401386,3.414870428675222,-1.1664095893479385,28.395767437028866,-6.16338846556944,5.001673269554966,-1.8303645689625831,0.4951452194439536,0,0.18362315535676307,-42.0,-32.0,-10.0,-9.129444326165654,-4.644900527950398,-1.6390699768999042,8.27812363735802,-0.0015541835213965793,0.007451564828613977,-0.01605279965935691,0.006557517572432614
2020-04-03,1585886400,2020-05-26,1590465600,0.75,389.08217751029764,523.0011177267846,433.24,440.615,425.99,433.8,1109890.0,515.0,517.69,508.195,509.85,1207904.0,2.8318123760307827,-3.5202501518472076,2.5280638096172083,-3.027099473701412,1,4.880878443309683,0.27731885768232734,15.795043342208325,-13.51079039657698,0.010083830626797408,2.9269432987850346,-10.167258101320519,-0.7152828585846355,0,-0.026286852247872812,34.0,80.0,-46.0,-0.34421888790822663,-0.7467250502523797,-3.245947026733319,-1.2196888831735748,0.010101010101010166,0.015377071687751265,-0.0032460527606159584,-0.005946578280366488
2020-04-06,1586145600,2020-06-10,1591761600,0.75,434.36648322543414,550.2851661244431,451.97,464.5,442.75,459.55,1825955.0,536.35,536.35,528.5,533.81,1069340.0,4.216632443203977,-7.443248654964691,0.668995834972506,-4.150602898659301,0,7.233151006988962,6.351483274560185,21.72234886363648,2.460918740237716,-0.2917963098362577,2.5690357641882127,-7.626424817448367,0.8395379195350002,0,0.09995037701531789,30.0,52.0,-21.999999999999996,-1.613308105880364,-1.2821553496351896,-4.6351463729784825,-1.008504635989265,0.004758247316461128,0.004758247316461128,-0.009947359547404444,0.004213932313712032
2020-04-14,1586836800,2020-06-12,1591934400,0.25,480.3633385323466,550.2851661244431,473.48,495.92,473.13,489.57,1494649.0,524.35,530.715,515.29,522.57,1181018.0,5.85722571555624,-4.009434988955078,3.4029571795804117,-1.631775009408642,0,2.7309901379480124,5.051865551624327,14.797565607247835,-1.0460134731744404,1.8918912702751527,2.70868613087419,-8.248109296208199,0.9386775962150935,0,-0.01934783780282736,22.0,52.0,-30.0,0.9238953633005735,0.5995387599012219,-2.424182735310069,-2.9191065736825,0.003406242225921785,0.015586428612434755,-0.01393114798017503,0.010441440918846912
2020-05-27,1590552000,2020-06-22,1592798400,-0.25,497.6983881825113,550.2851661244431,512.76,528.06,511.01,525.11,1752186.0,532.45,534.01,523.395,527.67,1060286.0,4.476855511542311,-2.535680155732763,3.3031339031338973,-1.429642263788594,1,3.3345576355857816,2.8797036459348764,11.645548254797045,-29.727929393315122,0.890207990701569,2.5419222686471086,-11.428836427410038,-0.8464535769286934,0,0.015854181914018956,-2.0,24.0,-26.0,0.97058767790476,0.17986168749453668,-2.4699242789589846,-1.6680278278261866,0.009058691985521339,0.012015085185816954,-0.008101654443117834,-0.0167700821734027
2020-06-11,1591848000,2020-07-02,1593662400,0.25,497.6983881825113,548.6146104460815,532.71,535.67,517.15,517.17,1868684.0,522.1,528.87,517.02,517.69,906385.0,5.319162750879343,-3.102971594009446,3.7155395442574957,-1.5201092030623329,0,0.21924159771518248,-4.136807214413999,-4.068131224998681,-22.216130902038685,0.6600956787886361,2.665040529446847,-6.557498676212468,-0.7220528499811597,0,0.0696170878100514,-34.0,-68.0,34.0,1.1080955784349413,0.4446474666369937,-0.6936332533719849,-2.026121565638602,0.008518611524271247,0.021595935791689946,-0.0012942108211478898,-0.00808568527140674
2020-06-15,1592193600,2020-07-14,1594699200,-0.25,498.5303110911916,548.6146104460815,514.05,526.75,511.5461,526.02,1007576.0,530.43,543.98,525.87,542.95,799198.0,0.8212074480699982,-7.547977868919091,-1.2493544525278537,-5.728383829081878,0,9.135069110529209,3.218508801946706,8.651405233539505,7.46940924761671,-4.446668752089863,2.405360708254746,-10.799640548649148,0.669130779861819,0,0.1230977899361463,50.0,43.99999999999999,6.000000000000007,-3.363385210424539,-2.9732145204737037,-4.467829111145775,2.195610137782286,-0.023059213555576163,0.001897043926696762,-0.031457776959204375,0.01717936228408723
2020-06-23,1592884800,2020-07-30,1596081600,0.75,498.5303110911916,570.395144170162,532.06,532.06,516.1,521.04,1357253.0,559.53,568.51,558.175,563.44,833845.0,3.2890963855593895,-8.264249019380216,-0.8049688816318792,-4.392830943253358,0,12.714371852560319,7.957310647429651,30.82599832342613,13.48899348555468,-1.0670001782805087,1.9390691713890362,-3.6425175133857906,-0.7190590696274457,0,0.12970971731653547,46.0,88.0,-42.0,-2.4875763169104204,-2.0812419419037838,-5.00070786561318,0.5371275323083573,-0.006939514411472558,0.00899829618060477,-0.009344384495243663,-0.005261113661240602
2020-07-06,1594008000,2020-08-03,1596427200,0.75,523.0011177267846,593.8056082658063,525.56,527.165,520.4815,526.29,900663.0,585.01,593.9,581.14,589.7,1153785.0,-0.12874237927729837,-11.399153160827865,-3.9260301848397745,-7.935373918941849,0,21.23199465114635,12.048490376028443,36.760815873309156,16.82069883167577,-4.094561024524708,2.2163276002822,0.11519365408485527,0.9822086316574742,0,0.20565539980315672,50.0,96.0,-46.0,-5.763947770052596,-5.414853859233546,-8.583294794890406,2.081736117639254,-0.007953196540613994,0.0071222655587586114,-0.014515855519755871,0.016724137931034555
2020-07-15,1594785600,2020-08-10,1597032000,0.75,547.2794441993065,618.5769370013363,543.75,552.54,542.53,552.01,1027553.0,598.65,606.0,598.1,602.34,837287.0,1.2517109545949694,-10.983755978999824,-3.028239864528345,-7.053806820068402,0,23.532704435451137,12.844242946532292,49.062170696882276,13.978595424584498,-3.7221138122171027,2.094874825342653,8.93650754520825,0.7542531285415562,0,0.16674927528785735,50.0,96.0,-46.0,-4.86602251220242,-4.568053798232469,-8.638428690157468,2.7843759856459194,-0.006126108178105438,0.006076302420559676,-0.007039213733107563,0.000780899529798873
2020-07-31,1596168000,2020-08-11,1597118400,0.25,570.395144170162,618.5769370013363,594.31,594.31,554.26,580.0,1806590.0,604.42,604.42,588.97,590.48,938794.0,3.350962521306357,-8.456469905129708,-0.620195998735511,-4.681569796323899,0,15.391084251855801,8.754028916106451,46.47660363891194,12.343242182505769,-1.4669736906978414,2.1712057176074198,8.963018689451687,-0.8455051092233326,0,0.09693717461363244,46.0,92.0,-46.0,-2.5527536919116756,-2.3987675056708895,-6.536599194946845,1.4841492710842967,0.023607912207017856,0.023607912207017856,-0.0025572415661834214,-0.019689876149682872
2020-08-04,1596513600,2020-09-01,1598932800,-0.25,570.7286443274154,618.5769370013363,580.0,601.76,579.0,600.01,1023134.0,614.04,620.2,611.0,617.24,953790.0,0.7748725049743257,-3.825873736262025,0.09246322338152879,-3.0843124230445227,1,21.61099643104606,2.8716188063532306,46.660400173830865,16.538276466536672,-0.8929087072298643,1.706523703387823,7.297725071983635,0.9680119148921659,0,0.00906367879863372,50.0,92.0,-42.0,-1.5255006156438355,-2.0665040923941547,-6.228395099782318,-1.4534880843457163,-0.005184369127081867,0.004795541442550677,-0.010109519797809607,0.0026477802504831782
2020-08-11,1597118400,2020-09-02,1599019200,0.75,570.7286443274154,636.5800974670915,604.42,604.42,588.97,590.48,938794.0,616.96,626.62,614.05,622.45,830805.0,0.2287979190721927,-4.539666261911009,-0.5241031408145318,-3.7738147642380824,1,23.601452804966797,4.043392504930975,47.68304055548882,16.39079368278105,-1.5235350550026538,1.7156112342733558,7.097352707950314,0.8523007406108272,0,0.012101178081633976,50.0,96.0,-46.0,-2.155434171419401,-2.6113438626776713,-6.738247027577373,-1.1885394955786843,-0.00881998554100727,0.006699333279781339,-0.013495059844164325,0.008440800985030084
2020-08-12,1597204800,2020-09-14,1600056000,0.25,593.8056082658063,636.5800974670915,590.99,607.0,590.99,598.74,1176475.0,608.03,613.59,603.665,609.7,907576.0,2.094475320021388,-1.7816985445580684,2.1245508720135575,-1.744291181455381,1,7.853745244246021,0.7785252648804172,16.692500152898475,-1.698444204796182,0.08852911146021825,2.1580219114476726,-1.7577577864342473,0.953235083524549,0,-0.08038709660871986,22.0,64.0,-42.0,0.15638838773166697,-0.6372260459710333,-3.7924977549056393,-2.9774827830967077,-0.002739051992783459,0.006380186977201774,-0.009898310644579467,0.013598882830163639
2020-09-02,1599019200,2020-09-18,1600401600,-0.25,596.103472080813,641.6301858158735,616.96,626.62,614.05,622.45,830805.0,622.08,628.3,611.79,625.25,2573738.0,0.7266257743575153,-4.462891268160007,0.2191475409835988,-3.9957792882846803,1,11.444790589464098,2.074966532797864,19.942263103623027,8.074980574266348,-1.7848040806613028,2.2628558258786833,-2.212371596710774,2.5640930613858743,1,0.07643035927920513,42.0,24.0,18.0,-1.868132746901253,-2.1213558518933837,-5.2874344892357925,-0.01866158999947043,-0.005069972011195412,0.004878048780487809,-0.02152738904438234,0.007963760055456293
2020-09-03,1599105600,2020-09-21,1600660800,0.25,591.2658575228428,641.6301858158735,624.04,629.52,603.03,608.1,1138435.0,621.97,625.92,606.91,614.34,1476333.0,2.5189475341610716,-2.7636003322858613,2.119003591930621,-2.3468996538290696,1,5.9764794287100855,0.06189328295002857,17.552509711857194,0.7215708326982693,-0.04029333233764021,2.35956565079114,-3.2306198198618006,-1.4530086369752995,0,0.07855434677810484,38.0,24.0,14.0,-0.12232639906240195,-0.3466497675035214,-3.4640539570072235,-0.5669565033009034,0.01241983266595037,0.01884949702119343,-0.01209428004036861,-0.017449020391843262
2020-09-15,1600142400,2020-09-22,1600747200,-0.25,591.2658575228428,644.4012663147582,610.72,627.435,610.22,622.55,905098.0,612.45,634.34,612.45,633.05,1365647.0,-0.02260726216047715,-5.801735206838828,-0.6802695942921702,-5.251129715925558,1,12.070098443406671,3.3500399980409092,18.70470349373375,7.308554773787648,-2.8600455596290715,2.3732589735398215,-3.5673503246384897,1.3376712642211817,0,0.12539288579502134,50.0,40.0,10.0,-2.9121712344996524,-2.9784193338519174,-6.069471899640632,0.24539828188903545,-0.03254087354869273,0.002037753731932934,-0.03254087354869273,0.0304554481231889
2020-09-21,1600660800,2020-09-25,1601006400,0.25,589.8181010079796,644.4012663147582,621.97,625.92,606.91,614.34,1476333.0,609.89,617.4,606.11,614.23,1195795.0,3.0586475681253233,-2.877607892433815,2.466755666986842,-2.3170110002225073,1,3.984802481065394,-0.009767373715988447,11.402817109297478,1.7130514953519338,0.2591811291599697,2.4058585298475847,-5.844723494066901,1.1616170211740802,0,0.06448201364840882,38.0,40.0,-2.0,0.09051983784576123,-0.016297538266613287,-2.8350680143337996,-1.454493187992119,-0.007065757126809236,0.00516093320091815,-0.013219803656610685,0.004546569629569008
2020-09-22,1600747200,2020-10-09,1602216000,-0.25,589.8181010079796,644.5533328829164,612.45,634.34,612.45,633.05,1365647.0,631.88,639.34,631.64,635.64,703888.0,0.5430410112318214,-4.283680366841892,0.3317674574706757,-4.039892601682297,1,7.764617298549716,5.6722968479851055,10.672891796755815,-2.6257964164157244,-1.5829055342797318,2.264415105631886,-6.322407392715867,0.6547537223602292,0,-0.16289598578279632,50.0,92.0,-42.0,-1.8703196778050284,-1.9941810471335089,-4.496067922810425,-0.04107296098412139,-0.005915297967402866,0.00582090491473175,-0.006292870178088217,0.010427926495835127
2020-09-23,1600833600,2020-10-13,1602561600,0.75,589.8181010079796,672.2188014080637,632.97,633.99,615.1,616.35,1220200.0,653.61,656.89,646.49,649.95,1068784.0,-0.2655148132090943,-6.728100080244232,-1.2515814036977275,-5.645768648870444,1,11.31827230613014,4.401252911412753,15.050937354850763,-1.8746325811198261,-3.0613687437357413,2.310135522188607,-2.984269212874633,-1.002684886584397,0,-0.19508931235091156,46.0,84.0,-38.0,-3.496807446726663,-3.3753227064170943,-6.0811209919805975,1.822650514218486,0.005631202400184554,0.010677744441879966,-0.0053234864220325084,-0.0027158902596207124
2020-09-28,1601265600,2020-10-19,1603080000,0.25,617.3582176371693,672.2188014080637,625.16,633.64,619.64,628.23,1179948.0,635.67,640.0,616.6955,617.66,1225894.0,5.298652946759503,-1.6013113672497639,4.384342518537693,-0.2803548878023321,1,-0.7064002649773968,0.5404173584659856,9.820688797553077,-9.076644081263808,2.6573133788354824,2.4637821263870943,-3.727414267833904,-1.1393900702361806,0,-0.33392759062725125,30.0,48.0,-18.0,1.8486707897548769,1.8320154230562622,-0.6681202953436696,-1.4316321377929135,0.029158436680374322,0.03616876598776031,-0.0015615387106173717,-0.02564992428066637
2020-10-12,1602475200,2020-10-23,1603425600,-0.75,589.9405624047455,672.2188014080637,643.57,663.7,639.24,651.72,1435578.0,603.07,603.07,588.41,593.28,910911.0,10.491287727231537,0.42548007212121775,8.046836232470355,3.4198826860841507,0,-8.165899533869343,-3.4107744655910723,-5.1877549713487285,-23.382838927972884,5.706439505383656,2.4507030562290404,-5.828001826350082,-0.8435990663307574,0,-0.43814396720831034,14.0,-36.0,50.0,5.458383899676392,4.464480559902256,3.1124218573594646,-5.590417838259109,0.016501483279395934,0.016501483279395934,-0.008208603020496197,-0.011051657748662347
2020-10-14,1602648000,2020-10-29,1603944000,-0.75,563.7860604366956,644.5533328829164,651.67,653.635,638.01,638.62,932112.0,573.1,583.05,573.1,576.0,1628944.0,15.143815520309076,-1.3686419091980042,9.61805960648148,4.882873842592602,0,-12.012606851111414,-9.307049172584279,-19.804460752675652,-24.280092760121107,6.270005731264263,2.4035492007746675,-2.9760362421747217,1.4642876636543791,0,-0.5032293173204418,-2.0,-48.0,46.0,6.887586805555543,5.219117537963385,5.3508384783426095,-6.722564570724742,-0.005034722222222232,0.012239583333333304,-0.005034722222222232,0.005972964476579579
2020-10-20,1603166400,2020-10-30,1604030400,-0.25,563.7860604366956,617.5368463674035,622.74,622.74,606.6218,608.26,1173622.0,580.55,610.66,580.55,603.82,2745325.0,9.739784898851013,-6.08571580541259,4.476558687467573,-0.2760447373941588,0,-1.6451564827287655,-2.6457926898086144,-17.253448228765798,-19.114729448755185,0.44133553919165536,2.539046217108304,-4.541404841296515,2.3805073454627084,1,-0.37635362187683097,-6.0,-48.0,42.0,1.8270345467192186,0.33595807765725283,0.4774850189980526,-4.344408180441644,-0.03853797489318023,0.01132787916928879,-0.03853797489318023,0.04829861111111122
2020-10-26,1603684800,2020-11-02,1604293200,0.25,560.2525844394202,617.5368463674035,588.79,595.83,581.42,582.13,1231898.0,605.1,610.36,578.76,588.43,1382284.0,12.303782687889125,-4.097369010816237,6.995370165808467,1.8812240481733937,0,-5.935019708188811,-7.184769235622586,-17.057005335727332,-19.484149741996816,2.4018070832744485,2.802936813528782,-5.873173365716383,-1.1865513852656338,0,-0.3799050287527488,-10.0,-48.0,38.0,4.103206838536437,2.6782573096099327,2.983626926300701,-3.5598512345748627,0.028329622894821993,0.037268664072192204,-0.01643356049147726,-0.025487728130900056
2020-10-30,1604030400,2020-11-03,1604379600,-0.25,560.2525844394202,619.3285419439761,580.55,610.66,580.55,603.82,2745325.0,596.0,602.59,591.73,591.99,1248983.0,11.493117710835918,-5.026961187921671,6.025246485019451,1.0786815092597095,0,-4.752268623639878,-4.654608706856283,-16.351406029840255,-12.780299806457847,1.329886537396078,2.7579275493796516,-7.109815566963402,1.0709650845538872,0,-0.3919425663418811,-14.0,-48.0,34.0,3.233078261457109,1.864524097107605,2.271604482584763,-2.5978009684455605,0.006773763070322181,0.017905707866686882,-0.00043919660805080696,0.006049997450843891
2020-11-02,1604293200,2020-11-06,1604638800,0.75,560.2525844394202,653.522951516119,605.1,610.36,578.76,588.43,1382284.0,647.68,649.92,640.445,644.49,775402.0,3.260851999462375,-13.025782409554083,-2.117319120544934,-7.178106720042209,0,8.592961458878442,1.3922975269020235,1.4060221023159503,-1.689639428871729,-6.509959570585906,2.8108011372859516,-4.136319484950224,-0.656692464885845,0,-0.21219294738878786,-26.0,-48.0,22.0,-4.882465205045847,-4.847575222213933,-5.413636405320403,5.515697300029691,0.004949650110940285,0.00842526648978259,-0.006276280469828754,-0.004433391003460185
2020-11-03,1604379600,2020-11-09,1604898000,0.25,582.9930580409158,653.522951516119,596.0,602.59,591.73,591.99,1248983.0,659.79,659.79,612.68,613.2,1757868.0,7.712761088837183,-8.398671069267735,2.874552620134807,-2.8138475755599046,0,0.2290974998677271,-5.91051371754741,1.1362997592901767,-3.3216107374016843,-1.4461742177213637,3.2919732462727724,-5.136697012043861,-1.4623276120696242,0,-0.24709844077063423,-30.0,-48.0,18.0,-0.34295499021527576,0.007061989848054395,-0.5641153388966273,4.24894677056415,0.07597847358121324,0.07597847358121324,-0.0008480104370517383,-0.04855001629195177
2020-11-04,1604466000,2020-11-30,1606712400,-0.25,582.9930580409158,656.6930627111036,610.9,645.7,608.27,634.47,2070010.0,646.22,655.34,643.04,651.99,1417081.0,3.3006762056367904,-7.870224818345562,0.39310418871454544,-4.9090476847804325,0,7.0005634368934935,7.977542976383684,14.323578909598176,8.842951877351105,-1.2055279983078009,2.4795439415356513,-12.10509271835427,1.2036194922755574,0,0.10074775213755531,30.0,68.0,-38.0,-2.284774306354393,-2.1191895836419263,-4.144612245174642,0.838684314058284,-0.008849828985107111,0.005138115615270111,-0.013727204404975657,0.01429682638456753
2020-11-09,1604898000,2020-12-08,1607403600,0.75,582.9930580409158,685.591152563917,659.79,659.79,612.68,613.2,1757868.0,676.48,681.71,661.81,663.37,1099958.0,2.262657081195016,-5.741108021092828,0.24330313399761394,-3.9967891222093357,0,7.382453773127004,8.181669928245263,21.518067714126182,22.142857277424753,-1.1824098334252255,2.3390255615284445,-8.019279237531578,-0.9569670794408879,0,0.1193110758861795,46.0,92.0,-46.0,-1.7392254699489058,-1.6691393073006964,-4.363912624449895,1.4562626592086634,0.019762726683449694,0.027646712995764045,-0.002351628804438066,-0.0255449791409601
2020-11-10,1604984400,2020-12-09,1607490000,0.25,619.3285419439761,685.591152563917,603.45,631.64,603.45,626.88,1177170.0,660.45,665.96,643.53,644.08,2369194.0,5.106182045555869,-2.431824822850672,3.437875212188942,-0.839776632302403,0,1.1789865631760676,2.7437468095967406,17.688129492937772,9.061153986167547,1.8918092849322647,2.485750664044021,-9.191750209043828,-2.009878767490897,-1,-0.006630923089869922,42.0,76.0,-34.0,1.3371786113526127,1.1543314714382404,-1.4408314630987746,-0.6156553407174776,0.02541609737920747,0.033970935287541915,-0.0008539311886722745,-0.029078794639492256
2020-12-01,1606798800,2020-12-10,1607576400,-0.25,627.8746615325491,685.6117209483328,656.7,666.59,652.805,662.25,1338273.0,644.56,659.58,642.79,658.04,964011.0,2.881829241666935,-4.186157246043592,1.4192146374080608,-2.844735882317167,0,4.893675092486454,3.315958048106513,16.203947363807924,8.052117265752607,-0.18419723749698846,2.441480949927833,-10.304010076547742,0.8228233923631253,0,0.0029399032806640157,38.0,76.0,-38.0,-0.6521640021883286,-0.8971697719667588,-3.3932178182409842,-1.0916573484848513,-0.02048507689502166,0.002340283265455101,-0.023174882985836698,0.021674326170662006
2020-12-09,1607490000,2020-12-28,1609131600,0.25,627.8746615325491,685.6117209483328,660.45,665.96,643.53,644.08,2369194.0,661.38,661.38,649.44,651.9,843722.0,3.738276138062787,-2.533029934657364,2.651453699442669,-1.4731804468988088,1,2.3627233541457997,1.4156813939016837,4.256927468855384,10.273948576604269,-0.05493216526861033,2.175438119016302,-14.261416409155114,-0.5983399926972796,0,-0.03063138014290468,-6.0,-44.0,38.0,0.6026231017027186,-0.17212138770970853,-1.7079989176828008,-1.5868556675732979,0.0145421076852279,0.0145421076852279,-0.0037735849056602655,-0.006991728739203951
2020-12-10,1607576400,2020-12-29,1609218000,-0.25,628.5510943479622,685.6117209483328,644.56,659.58,642.79,658.04,964011.0,654.3,666.37,651.25,664.98,1388339.0,1.8396883227772776,-4.396757708322724,0.7343067961943746,-3.3516040582674265,1,6.2002074132410385,1.992361846040585,5.780802925055094,14.699274406644292,-2.054177818734601,2.142726679989028,-14.556513546638842,0.9774444019924746,0,0.043188453220019137,-10.0,-44.0,34.0,-1.2785346927727232,-1.932311084208152,-3.4985802382213222,-0.5474377614497556,-0.016060633402508406,0.0020902884297271385,-0.020647237510902583,0.020064427059365064
2020-12-11,1607662800,2020-12-30,1609304400,0.25,628.5510943479622,682.3407296889675,654.06,655.9799,648.015,651.76,1076877.0,667.01,668.0,652.295,653.49,1077905.0,3.5423636487570604,-2.761938546613223,2.5001137482338436,-1.6870184190525777,1,2.3041571893002555,-1.3227633069082658,5.3138219267548354,17.79448073608347,-0.2895196775885154,2.1963189992598373,-14.666832752226055,-0.7604715186570475,0,0.09535008874446126,-14.0,-44.0,30.0,0.3902125510719259,-0.18822135732450818,-1.73118176205071,-0.6347694889112399,0.020688916433304172,0.022203859278642435,-0.001828643131494001,-0.017278715149327772
2020-12-29,1609218000,2020-12-31,1609390800,-0.25,630.8581576602301,682.3407296889675,654.3,666.37,651.25,664.98,1388339.0,653.44,664.78,652.86,661.55,814333.0,2.167794723947324,-3.918531629698947,1.2171909404681003,-2.9364618446577424,1,4.626774658648969,-0.8423640151685485,5.990204493694366,17.62221001072946,-1.476958593416967,2.143293621769442,-14.76927201455704,0.5774465809456676,0,0.08031226650196158,-18.0,-44.0,26.0,-0.8753684528758185,-1.2705381460683327,-2.8135999239588045,-0.1746658887724788,-0.012259088504270155,0.004882472980122454,-0.013135817398533645,0.012333777104469812
2020-12-30,1609304400,2021-01-05,1609822800,0.25,629.189517029483,682.2151888297719,667.01,668.0,652.295,653.49,1077905.0,646.13,649.0,632.95,636.59,920525.0,5.592933240395666,-0.4745682016737476,4.958109091670721,0.3354335862433544,1,-2.9984431796823046,-5.091391597340247,1.7869988309489542,18.533769365022096,2.306146082133637,2.4088920073214237,-13.808402317101088,-0.6503259673030495,0,0.09640326021987482,-26.0,-76.0,50.0,2.5591825193609594,2.270097958151112,0.9821033188555504,-1.9037031267550346,0.014986097802353049,0.01949449410138393,-0.005717966037795064,-0.016135264207223665
2020-12-31,1609390800,2021-01-06,1609909200,-0.75,600.4175516203305,682.2151888297719,653.44,664.78,652.86,661.55,814333.0,612.16,634.81,612.16,624.51,1652270.0,7.074942646235272,1.1103546268268047,6.640298260502902,1.7861742272608438,1,-6.206035627210788,-8.262823902696987,-1.871343749818376,17.439217605179564,4.0251341193118435,2.5595146958906865,-11.849535718907886,-1.1551834328684243,0,0.14181079752037554,-30.0,-80.0,50.0,4.092648636531024,3.8437229282545218,2.820302424889775,-3.2700995157887984,-0.01977550399513217,0.016492930457478572,-0.01977550399513217,-0.018976107070485027
2021-01-04,1609736400,2021-01-11,1610341200,-0.25,600.4175516203305,657.9956277665532,666.59,666.59,637.0,647.03,1316074.0,636.9,642.75,632.97,641.13,1382770.0,4.055800025303455,-2.2064091061451023,3.125860069980618,-1.2485242202569253,1,-0.8829845131680543,-2.5697525986262186,-4.955763462542326,7.315777162510045,0.5724949777093684,2.3688195700972225,-8.826922092465036,0.958538418190964,0,0.12119630080477344,-42.0,-80.0,38.0,0.9246954595791834,0.624191704247437,0.033565801918001625,-2.635462919195156,-0.006597725890225115,0.0025267886388096183,-0.012727527958448337,0.010640310224155902
2021-01-06,1609909200,2021-01-15,1610686800,0.25,600.4175516203305,657.9956277665532,612.16,634.81,612.16,624.51,1652270.0,620.25,634.08,617.02,628.91,1275250.0,6.530235145221283,-2.327249026380727,4.519910109024622,-0.342391333153131,0,-3.512846889348168,-2.104509440717274,-10.549487385029147,4.878306871119406,1.204741719770496,2.480916818435425,-5.935252097809435,0.8948014509080103,0,0.02467966101067586,2.0,-40.0,42.0,2.1014930594202923,1.4303423938204105,1.5462327997845904,-2.7031932129328196,-0.013769855782226337,0.00822057210093674,-0.01890572577952332,0.009340544704617315
2021-01-07,1609995600,2021-01-26,1611637200,-0.25,600.8943183088769,657.9956277665532,627.73,638.25,622.0,629.77,1407667.0,651.63,654.76,647.015,649.54,1000242.0,2.7092852233865585,-5.46585140868693,0.8651763812339084,-3.657947675791064,0,2.7158571860221343,-1.058660451796683,-0.44346490193349525,12.601248575919627,-2.585375987914574,2.1710311617094713,-9.37960207211405,-0.7184677755736529,0,0.1487844459150887,-21.999999999999996,-40.0,18.0,-1.3782830926501788,-1.1828386726954534,-1.4315386410509205,2.378542851658433,0.003217661729839616,0.00803645656926455,-0.0038873664439449396,-0.004032690862811883
2021-01-12,1610427600,2021-01-27,1611723600,0.25,600.8874348936428,656.6286580816287,636.12,639.77,618.49,621.49,1969226.0,643.93,651.915,615.11,615.78,2079531.0,8.297952727976352,-0.8272651447485941,6.380687908019112,1.2057877813504945,0,-7.285467151474322,-5.540727105384263,-3.9034195428649396,11.107000149125874,2.7914749607549396,2.5534085167358014,-8.941136285427408,-1.4651486595382475,0,0.026713778535590073,-26.0,-76.0,50.0,3.735343791613886,3.8314766407151097,3.816672530853509,0.2311427922154925,0.04571437851180615,0.0586816720257235,-0.0010880509272791494,-0.051975244018844124
2021-01-19,1611032400,2021-01-28,1611810000,-0.25,600.8874348936428,662.5697361556204,628.11,633.95,623.37,633.27,1260234.0,638.1,671.0,635.075,654.65,1926214.0,1.5426126729335863,-6.548340924671123,0.16751953970315014,-5.01792306321444,1,3.423981175197447,-1.5534301783512348,-1.3140073861969384,12.32642777880838,-2.9531149046056413,2.8327451586630192,-9.976149604643586,1.3384932747282021,0,0.03852178025698759,-30.0,-76.0,46.0,-2.5028641258687685,-2.1112999654070848,-2.2554096428895605,1.3755591773138232,-0.025280684335140857,0.02497517757580381,-0.029901474070113676,0.06312319334827365
2021-01-27,1611723600,2021-03-15,1615780800,0.25,591.6930278409268,662.5697361556204,643.93,651.915,615.11,615.78,2079531.0,624.42,625.8476,612.02,625.0,1253091.0,1.2709014073627003,-4.53138140736273,1.0519562666666502,-4.347418133333321,1,1.3229239075548662,1.8827940337435738,0.4941594656045636,1.8837108747366287,-1.4955945352784283,2.8326186321644053,-12.459421468728019,0.9425512716673267,0,-0.03188476144518272,38.0,48.0,-10.0,-1.6302400000000148,-1.1065725469965173,-0.4138807519668717,2.5283491752500944,-0.0009280000000000399,0.0013561600000000507,-0.02076800000000001,0.0013618521188816235
2021-01-28,1611810000,2021-03-30,1617076800,-0.25,591.6930278409268,662.5697361556204,638.1,671.0,635.075,654.65,1926214.0,636.17,640.84,628.35,632.69,736426.0,3.321244510104762,-4.543486050195497,1.914130669574888,-3.273009952214622,1,1.5706308514181018,2.697745386076258,8.889599656268663,9.66824340424973,0.04757830448642153,2.7018399621478286,-12.716786492380981,-0.5366751927283866,0,0.14641163361729642,34.0,60.0,-26.0,-0.6111207700453747,-0.27039194859642635,-0.7712744320228779,0.338414785341258,0.005500324013339775,0.012881505950781635,-0.006859599487900936,-0.006266884463152489
2021-01-29,1611896400,2021-04-14,1618372800,0.25,591.6930278409268,661.1601223833433,626.01,636.025,604.09,607.56,2623750.0,620.62,623.17,614.55,617.1,846559.0,5.616075102574541,-2.768238447251278,3.6611581051153195,-0.9135477772376248,0,-2.220831880226683,-3.5253654342218335,-4.882495318720915,-11.680112247081944,0.37151150126355503,2.3409905234296664,-9.944215873153293,-0.6479888547254974,0,-0.01944761866586858,-6.0,-28.0,22.0,1.4239183276616245,0.6292744698723283,1.0328063634292874,-1.0031767827188567,0.0057040998217468,0.009836331226705353,-0.004132231404958775,-0.006744032577379211
2021-03-16,1615867200,2021-04-21,1618977600,-0.25,598.2750922150254,661.1601223833433,629.62,643.51,625.62,639.65,1249943.0,652.37,657.78,648.11,652.9,673773.0,0.8917269873468143,-8.460573671371904,-1.753713177107258,-6.003829580844439,0,9.79658375691536,1.1542334805174577,11.382082932462238,12.726001456966358,-4.6240477691345205,2.2202707847286822,-10.623814691890328,0.5242368500210155,0,0.14910739245646795,50.0,48.0,2.0,-3.784423342012559,-3.3281738742097673,-3.8714592915043653,3.892712993119824,-0.000811762903966895,0.007474345228978496,-0.007336498698116034,0.0006743708426568684
2021-03-31,1617163200,2021-04-23,1619150400,0.75,598.2750922150254,681.1261006781776,632.9,632.91,614.69,617.02,1535608.0,660.22,661.0,648.745,657.54,812507.0,0.8771333856745827,-9.410454552447732,-2.4070515355212905,-6.37190690553679,0,11.18952709264066,3.0966305523761744,17.08347681678453,27.873210788624135,-3.9736948651840294,2.111704389319695,-10.843438567241567,-0.6344230433207182,0,0.30348198157842865,46.0,52.0,-6.0,-4.266660583386567,-3.281013209657317,-4.199148118121812,4.174877908905833,0.004075797670103798,0.0052620372905070045,-0.013375612130060444,-0.00021286948059839883
2021-04-15,1618459200,2021-04-28,1619582400,0.25,629.189517029483,681.1261006781776,622.99,637.1,621.465,636.0,917949.0,651.93,658.815,650.63,652.72,639810.0,2.6703089436530263,-8.905907668987041,-1.3659680516403085,-5.012260489439072,0,8.64656258544936,3.1658474134252117,19.961357108646695,14.995465038597828,-2.054863155239616,1.9550880172081546,-11.737005426468343,-0.5054974157460853,0,0.21302349059666795,34.0,52.0,-18.0,-3.117799362667,-1.8922818627921174,-3.0930318691822833,2.4289182510791676,-0.0012103198921438185,0.009337847775462649,-0.0032019855374433304,-0.001224140041620747
2021-04-22,1619064000,2021-05-06,1620273600,-0.25,631.5561787864908,681.1261006781776,655.75,660.6,653.6,657.68,1074604.0,677.58,682.86,672.82,675.79,564036.0,2.234434981064993,-9.582279725734196,-1.8445818967430512,-5.800248597937227,0,14.931741918657792,9.855972429936926,32.812184228333756,12.087034954746656,-2.0526397604662066,2.12514742295321,-14.440995335716888,0.45793425435354423,0,-0.03789438707664831,38.0,80.0,-42.0,-3.6739223723345873,-2.9909100794410506,-5.093687979439935,2.29860156946744,0.002648751831190177,0.010461829858388061,-0.004394856390298685,0.0030278293135435064
2021-04-26,1619409600,2021-05-13,1620878400,0.75,631.5561787864908,706.7601928163828,655.3112,659.06,650.175,652.57,733265.0,686.06,694.97,683.05,685.3,846010.0,1.9669435125777852,-7.1348991524435235,-0.6488885646189004,-4.57804367916728,0,14.089965324894791,7.751572327044018,36.81753651456502,3.7252559358257287,-1.4573153491651283,2.0719214281524576,-13.29360311834014,0.7166197955424878,0,-0.1494205784717194,38.0,84.0,-46.0,-2.583977819932869,-2.5008695483174677,-5.180371526162972,1.0108290885569122,0.0011090033561944601,0.014110608492631016,-0.0032832336203122425,0.00486817795243244
2021-04-29,1619668800,2021-05-14,1620964800,0.75,655.9068248130527,734.000031002298,658.21,675.44,656.32,669.97,1361010.0,691.18,712.41,685.13,710.4,1094764.0,-0.7099263212912774,-10.41239912915917,-3.631803678678665,-7.604002439939933,0,20.781520692210833,10.24721821313841,39.440673061225205,10.508985587068132,-4.457366400807189,2.1302426008755053,-12.206496665296497,0.9355389877330125,0,-0.049960396884367216,50.0,88.0,-38.0,-5.561162725225216,-5.3794691205342104,-8.196026589192911,2.089022255001357,-0.02705518018018027,0.002829391891891797,-0.03557150900900896,0.036626295053261426
2021-05-07,1620360000,2021-06-02,1622606400,0.25,677.1109573580329,734.000031002298,681.57,696.0,679.685,693.44,787375.0,690.82,690.82,681.0,682.45,734361.0,3.5622454879685677,-1.4848771825982396,3.164340244706551,-1.0470246904535259,1,3.8785069900747047,1.4252593407246725,17.696345830527125,-10.355236932797425,1.3393007981927099,2.1168854761300038,-7.855045507945011,-0.7281580978643706,0,-0.0034724999598277385,2.0,48.0,-46.0,1.0386841526851782,0.4120786529118874,-2.271183753895201,-2.6931208635114245,0.012264634771778082,0.012264634771778082,-0.0021246977800571942,-0.009348372018754714
2021-05-14,1620964800,2021-06-03,1622692800,-0.75,651.3944982576563,734.000031002298,691.18,712.41,685.13,710.4,1094764.0,679.04,680.46,670.24,675.64,1022523.0,4.571228983402094,-0.42908227805604326,4.221706826120425,-0.06392753537386398,1,1.1057509303766082,0.2805194805194785,14.297456677897689,-16.78705734537266,2.221054554597629,2.1145760645360565,-8.834757112086525,-1.0251881200443922,0,0.038125158439259434,-2.0,44.0,-46.0,2.071073352673025,1.2885305542339296,-1.2357055877721876,-3.536865665285644,0.005032265703629024,0.007133976673968423,-0.007992421999881594,-0.009978753022199527
2021-05-17,1621224000,2021-06-08,1623124800,-0.25,651.3944982576563,706.7601928163828,708.9,709.91,676.527,686.85,1173002.0,681.86,683.8,672.31,677.91,620446.0,4.061793544441045,-0.9399927154224486,3.637386477064311,-0.5064467751373201,1,1.6879080578145818,-2.4196798710271845,8.781203435518826,-10.434185531436242,1.6453406610018533,1.975666196314633,-11.43240394394437,-0.6466562046200389,0,-0.07386233913872448,-14.0,32.0,-46.0,1.560900414509291,0.791324272914423,-1.3492280850980762,-3.628505316065511,0.005826732162086401,0.008688468970807328,-0.008260683571565619,-0.00389385212178206
2021-06-03,1622692800,2021-06-09,1623211200,0.25,651.3944982576563,702.2299550940968,679.04,680.46,670.24,675.64,1022523.0,679.94,683.4573,675.0181,676.47,680883.0,4.329852397088715,-0.9030928955587427,3.7293237936148955,-0.33048373665252484,1,1.0657645478761069,-1.258228845845072,6.904095219515873,-4.055063741916321,1.9089811236330405,1.9275620210026718,-12.124461876626553,-0.7138538985039015,0,-0.1754358045503415,-18.0,28.0,-46.0,1.7133797507649717,0.910080559598029,-1.0945547299685643,-3.6464425197979358,0.005129569677886803,0.010329061155705421,-0.002146288822859832,-0.002124175775545356
2021-06-04,1622779200,2021-06-21,1624248000,-0.25,653.6400755117747,702.2299550940968,677.17,685.28,675.79,682.65,523915.0,688.9,696.2,683.62,694.81,1315889.0,0.9508315034697716,-3.1225043348913033,0.6022341839256029,-2.6723905336231013,1,7.092665266466817,0.33067637035752956,7.953576135026152,5.424118027571794,-1.4662984395994556,1.8687146172903524,-15.561331768517592,1.3790164280910227,0,0.04094615699601497,-26.0,-28.0,2.0,-1.0858364157107587,-1.3137661267056444,-2.9633099672696233,-0.31797095027167144,-0.008505922482405226,0.002000546912105605,-0.01610512226364036,0.013433488914819103
2021-06-09,1623211200,2021-06-22,1624334400,0.75,653.6400755117747,724.571703012276,679.94,683.4573,675.0181,676.47,680883.0,694.67,709.75,692.14,706.99,866051.0,-0.6288471720722839,-4.896407782028916,-1.1001263572799473,-4.350797512458925,1,11.254172417789256,0.5489738739635649,11.011712954452387,11.245269076994596,-3.001829215669801,1.8832576781358419,-14.927449575908701,0.904503657467884,0,0.12125809812991709,50.0,52.0,-2.0,-2.7626274770506,-2.726888371656827,-4.453287952309594,0.8212951316243107,-0.01742598905217907,0.003903874170780419,-0.021004540375394343,0.017529972222622092
2021-06-10,1623297600,2021-06-23,1624420800,0.25,677.0607064343819,724.571703012276,676.79,689.255,676.03,682.91,1070924.0,704.84,707.15,697.11,699.29,817228.0,0.5618224560103329,-3.8916284020412917,-0.00464042099842743,-3.270226944472242,1,7.540427884135397,0.5434860749665674,11.783886288589006,12.01727964487722,-1.6898733204407677,1.870547932928742,-14.338844682771875,-0.8522640643260034,0,0.08475783542194924,46.0,52.0,-6.0,-1.6649029730154865,-1.4981027278467849,-3.267826342089947,0.9665912779716557,0.007936621430308044,0.011239971971571228,-0.00311744769694966,-0.010891243157611918
2021-06-22,1624334400,2021-07-01,1625112000,-0.25,677.0607064343819,724.571703012276,694.67,709.75,692.14,706.99,866051.0,721.52,727.97,720.47,721.8,993405.0,1.041234941644717,-7.907541397726689,-1.9720767525630265,-5.010026323081178,0,13.578265939288052,6.832040731750631,24.401446087938975,13.07861295452431,-2.5462159957487813,1.6089115195527783,-5.715651058237661,0.9878833838871045,0,0.08217340155393162,50.0,80.0,-30.0,-3.433153228040993,-2.6487389038364455,-5.017123170748121,2.628904860802802,-0.000387919091160982,0.008548074258797556,-0.0018426156830145812,0.0004851341049274538
2021-06-23,1624420800,2021-07-09,1625803200,0.75,677.0607064343819,745.2119951385897,704.84,707.15,697.11,699.29,817228.0,738.31,745.68,736.21,736.47,884709.0,1.9253225377227068,-8.79199735136072,-1.9727891156462505,-5.07848249080071,0,15.093620856587592,7.842907557364816,33.366442577740365,20.665108210031917,-2.373025532581636,1.610369647832964,4.124990008415235,-0.8826666858223442,0,0.10984379682620553,46.0,80.0,-34.0,-3.433337406819007,-2.7426414197139337,-5.644964779509152,2.601917979030892,0.0024984045514411246,0.012505601042812176,-0.0003530354257471613,-0.009455279085406776
2021-06-24,1624507200,2021-07-22,1626926400,0.25,700.6057047867013,745.2119951385897,702.89,713.39,700.2,711.54,767168.0,720.83,722.77,713.27,720.22,521391.0,3.156005598064638,-3.0177145203384157,1.6538233687854529,-1.5342997047198565,0,6.398766815923857,2.9930357934476493,10.484921486690537,-5.908861496615984,0.06758085434421446,1.7104770381759928,-4.247077525421123,0.5302202164397504,0,-0.080173601983775,10.0,52.0,-42.0,0.06914553886312547,-0.7607063496140682,-2.749170554044852,-1.9485206137179532,0.0008469634278414073,0.003540584821304593,-0.009649829218849826,0.0025054981765542106
2021-07-02,1625198400,2021-07-27,1627358400,-0.25,700.9115310651225,746.3960051674133,725.56,733.62,723.71,731.92,576363.0,731.05,735.75,722.53,726.75,721654.0,2.445114242824232,-3.7056577584761072,0.9673661277376482,-2.200229331498676,0,8.293296746823088,0.7471997338360855,13.493978791329345,-0.3210266915187745,-0.9703857244455065,1.6740735091229202,-2.195228274995788,-0.756588283723196,0,-0.13429214682523113,-2.0,40.0,-42.0,-0.6302717578259376,-1.188669357520709,-3.1978664548112192,-0.3187051915759085,0.005916752665978686,0.01238390092879249,-0.005806673546611685,-0.003988158868514113
2021-07-12,1626062400,2021-07-29,1627531200,0.25,700.9115310651225,746.3960051674133,727.52,731.0,708.88,719.8,1352232.0,723.57,727.98,711.32,713.8,941532.0,4.313038533752362,-2.00791104706137,2.888507518445877,-0.5147567012234902,0,1.8038473444021719,-1.0603645436274296,10.739228689212052,-7.00344939819319,0.36114928200214536,1.7325350091319875,-2.827040034635246,-1.0136049692278268,0,-0.11460112464825348,-10.0,-16.000000000000007,6.000000000000007,1.152563743345496,0.5965566761152417,-1.286140091563226,-1.2051596164390919,0.013687307369011137,0.01986550854581126,-0.0034743625665450972,-0.011713233461634331
2021-07-23,1627012800,2021-07-30,1627617600,-0.25,702.6159101192343,749.3324844386627,720.58,729.08,717.23,726.81,552052.0,715.09,747.87,714.67,744.05,1505200.0,0.4844048567156847,-6.105129270397541,-1.0403870707613692,-4.650695517774338,0,12.304298923445259,3.082571349404267,13.928991376490343,5.788249311844673,-3.4358193754610795,1.8704470094885493,-1.9826882695492039,1.5992232271470503,1,-0.010102023249681404,50.0,48.0,2.0,-2.810362206840935,-3.1605901451316782,-5.091616841861352,0.3057486719737632,-0.03892211544923041,0.005134063570996661,-0.0394865936429003,0.04237881759596518
2021-07-28,1627444800,2021-08-10,1628568000,0.75,702.6159101192343,774.2897149239434,724.83,725.72,716.4,722.26,618595.0,764.71,768.435,760.97,766.5,754455.0,2.314334926971256,-10.398092265523132,-2.4585888236573226,-5.851837355946955,0,16.51289585854653,7.851414098775848,33.137378237927116,17.877307915618303,-2.5779540903442495,1.717387101310027,7.300798794652323,0.812180694102493,0,0.2938257206692288,42.0,68.0,-26.0,-4.041878669275931,-2.9772753180422598,-5.958254240932163,3.203609032695807,-0.0023352902804957276,0.0025244618395303675,-0.007214611872146115,0.001306335728282093
2021-07-30,1627617600,2021-08-12,1628740800,0.75,724.2817746852835,797.6420197723768,715.09,747.87,714.67,744.05,1505200.0,777.0,779.28,771.33,774.57,717765.0,2.200991142118667,-10.413289578670572,-2.607048642042244,-5.908267382762929,0,18.022765629085782,9.878995077525444,35.910800203307005,20.094611108448902,-2.7851343663400883,1.6286043963237067,9.600663386103555,-0.7659839664417352,0,0.3011224082791636,46.0,80.0,-34.0,-4.106149218275959,-3.2415159723961864,-6.394436995033075,2.684321260110069,0.0031372245245748775,0.00608079321429944,-0.004182966032766577,-0.0026781690594217533
2021-08-02,1627876800,2021-08-13,1628827200,0.25,749.3324844386627,797.6420197723768,748.73,751.94,738.75,749.87,795794.0,774.98,778.235,770.79,771.71,586862.0,2.8653910691319453,-9.56713136017396,-1.8747003408016099,-5.111570408573186,0,16.3876476960492,8.69308018422795,36.02653177308336,15.437470542738595,-2.1559370378085134,1.5867901334500099,10.601375922536953,-0.6321652230341237,0,0.23945923137277786,42.0,80.0,-38.0,-3.350870145521,-2.608359512550635,-5.810371571025897,1.9521467446009186,0.004237343043371089,0.008455248733332477,-0.0011921576758109342,-0.003692371251145854
2021-08-11,1628654400,2021-08-20,1629432000,-0.25,752.2479622740186,797.6420197723768,771.2,777.0,767.92,776.65,1113656.0,786.95,799.65,784.49,794.09,1186970.0,1.881564616248241,-9.744779113345558,-2.480207952918846,-5.690580832567278,0,21.342750097752827,9.256889696069138,41.53536325598333,21.49519965123585,-2.2849846253350705,1.5424742915211815,15.511501994134584,1.2419847581284986,0,0.23418179900214467,50.0,96.0,-46.0,-3.9316072485486586,-3.566223061140178,-7.083672669469848,1.355565626767131,-0.008991424145877613,0.007001725245249224,-0.012089309775970003,0.010884232502482494
2021-08-13,1628827200,2021-08-23,1629691200,0.75,752.2479622740186,818.3598450971626,774.98,778.235,770.79,771.71,586862.0,791.86,802.315,791.8,797.51,964284.0,1.833783076597939,-9.67017384285792,-2.457095626805085,-5.6666792056944075,0,22.197371828278648,9.298851519885979,43.007413571406076,21.220968762972475,-2.3456810817847327,1.5203324214477136,16.257359170315155,1.004829074206634,0,0.16169473169078477,50.0,68.0,-18.0,-3.918195383129998,-3.600739405076581,-7.18871329844697,1.3891062835701966,-0.007084550663941536,0.006025002821281378,-0.007159784830284344,0.004306816607689168
2021-08-16,1629086400,2021-08-24,1629777600,0.25,774.2897149239434,818.3598450971626,771.16,783.26,769.43,782.58,782987.0,796.84,800.91,791.17,792.64,1113556.0,2.5693040524452897,-8.3937640847424,-1.4598577748620585,-4.645257199569386,0,19.108157879521144,9.066391468868247,42.89909938697738,12.187416899408312,-1.4437511163264816,1.5081827836248811,16.853602122194914,-1.1531783310389674,0,0.04746257256949144,46.0,68.0,-21.999999999999996,-2.9122300161485697,-2.72193994126377,-6.3589302561402405,0.8759467267991639,0.005298748486071814,0.010433488090431986,-0.0018545619701252347,-0.00610650650148592
2021-08-23,1629691200,2021-08-31,1630382400,-0.25,775.0171714984212,818.3598450971626,791.86,802.315,791.8,797.51,964284.0,814.67,820.7299,810.68,816.66,1397256.0,0.010874218213416498,-7.479833148490371,-2.548521620584637,-5.09342892595042,0,25.252058898328272,6.056985532843301,48.598994143785525,23.05978971137131,-2.803876991839914,1.4245995917388838,19.500552599971215,1.5187289865222877,0,0.1189572789296847,50.0,92.0,-42.0,-3.7344794651384916,-3.8239480152981855,-7.678209038027958,1.2117279986092768,-0.002436754585751766,0.004983591702789614,-0.007322508755173485,0.0030213706705968235
2021-08-24,1629777600,2021-09-02,1630555200,0.75,775.0171714984212,838.3725655262482,796.84,800.91,791.17,792.64,1113556.0,823.08,825.62,817.53,821.01,645361.0,0.5503866240918853,-7.827033680765979,-2.4694591620889668,-4.955724859218137,0,26.271156487254856,6.637139405904589,51.77572792776518,28.055845742081786,-2.701404427600508,1.351486073634178,21.692944611046087,0.7038906169462559,0,0.11956912109389908,50.0,96.0,-46.0,-3.638323528337054,-3.574369074385203,-7.551139538406602,1.184772764347624,0.0025212847590163623,0.005615035139645119,-0.004238681623853546,0.003140120228727783
2021-08-25,1629864000,2021-09-08,1631073600,0.25,796.5351995274449,838.3725655262482,792.64,798.98,787.565,796.67,869515.0,800.0,801.62,795.9383,799.79,1180265.0,3.219758113495004,-4.009465411660756,0.8255771306634756,-1.6922287933915783,0,12.382751734963563,4.343118069145461,41.47185032660616,4.4173455437033695,0.44010990717944765,1.3411125413805463,17.84686919251491,-1.3071870306189428,0,-0.004968286622287133,38.0,72.0,-34.0,-0.3948536490828758,-0.6287950254967427,-4.464572929372508,-2.1498860254097636,0.00026256892434273205,0.00228810062641438,-0.0048158891709072504,-0.0012986526478778737
2021-09-01,1630468800,2021-09-13,1631505600,-0.75,777.479373875558,838.3725655262482,818.71,823.985,816.65,818.44,879505.0,794.55,804.8,787.51,793.07,934122.0,3.7072017466889235,-2.2708846498374413,2.1399182922062323,-0.689801656852481,0,7.762164928391137,2.767879125578263,25.54957111424966,-3.570801755681998,1.3085969411462202,1.482847284517047,10.56340821116995,1.0588519902604687,0,-0.13207567756508964,26.0,72.0,-46.0,0.718158548425734,0.017967930722306846,-3.3049305285458104,-4.696220737871297,0.0018661656600298393,0.014790623778480949,-0.0070107304525453,0.007559203171054074
2021-09-03,1630641600,2021-09-20,1632110400,-0.75,752.1559169578386,817.9838684115383,812.37,820.1,809.88,811.33,922389.0,757.52,765.53,747.36,755.9,1013023.0,10.135811085445084,-0.43955496691089024,6.727923005688581,3.2167284032279326,0,-7.227971371966632,-4.809278545253064,-4.920404675193368,-28.781880289506134,3.696111099532004,1.8757324345866577,6.057471029273863,-1.006388764497779,0,-0.1843845374208111,6.000000000000007,-43.99999999999999,50.0,4.848128059267083,3.3125270079353584,1.3386749020930324,-7.557808142995194,0.0021431406270671083,0.012739780394231959,-0.011297790713057254,-0.00992822339812438
2021-09-09,1631160000,2021-10-07,1633579200,-0.75,726.4952970671851,798.0069714095691,800.99,804.41,784.19,785.41,1037362.0,747.16,753.69,740.79,741.95,619159.0,5.845802281308693,-3.5769162377747676,3.3386849967428134,-0.6664083383875976,0,-6.629787641373461,-5.533415668249694,-23.788048790119916,-13.766282010798164,0.01952322415029073,1.8210515849943019,5.116699560939228,-0.6074354591914769,0,-0.3009573848404359,-46.0,-68.0,22.0,1.1344430217669554,1.2092749536194276,1.7996408707457334,0.21729106441559232,0.007022036525372144,0.015823168677134625,-0.0015634476716760437,-0.00242016806722678
2021-09-14,1631592000,2021-10-08,1633665600,-0.75,699.1061371889103,777.479373875558,797.46,801.36,757.28,761.86,1558315.0,721.82,726.19,704.57,706.13,1353652.0,10.753022603398946,0.6294423818020647,8.141447986442543,3.7687701509164953,0,-17.13551123392466,-10.28940949283464,-27.67377703259089,-14.556365548940363,4.464351628661518,2.1548723227132185,5.977370319055712,-1.3173684326387836,-1,-0.3817521161622264,-46.0,-96.0,50.0,5.691232492600506,5.739210942873768,6.690567549730204,-1.6602060979755926,0.022219704586974087,0.028408366731338397,-0.0022092249302535505,-0.04827818586158106
2021-09-21,1632196800,2021-10-13,1634097600,-0.75,672.0392030162267,752.1559169578386,758.69,760.25,744.99,747.63,822982.0,697.13,699.0,688.61,696.23,889178.0,11.575340980691038,-0.6062646697018721,7.553017441554275,3.753441152109687,0,-17.753449883686358,-9.013329848405649,-36.837697460184735,-12.949145684369121,3.941835411021472,2.085381689124816,9.676455683921304,0.8705118409280583,0,-0.22129408881110244,-38.0,-84.0,46.0,5.48453815549459,5.283598790480369,7.2438548085770975,-4.383548671373836,0.0012926762707725636,0.003978570300044559,-0.010944659092541276,0.008123135733109299
2021-10-08,1633665600,2021-10-14,1634184000,-0.25,672.0392030162267,726.4952970671851,721.82,726.19,704.57,706.13,1353652.0,702.81,708.16,700.45,703.67,891596.0,9.89262034889542,-2.029133202932101,5.966841464512257,2.2489353437454156,0,-14.3177404089502,-8.04584182740056,-36.415026350343446,-5.92948355557116,2.5053586882238363,2.037051541454275,9.73392713963785,0.8774059245595207,0,-0.26004356952362295,-42.0,-84.0,42.0,3.9317435729816452,3.7732378429571583,5.87034482338413,-3.531572871848816,-0.0012221637983713673,0.0063808319240552525,-0.004576008640413742,0.01068612383838663
2021-10-11,1633924800,2021-10-15,1634270400,0.25,672.0392030162267,724.9075542360627,700.0,704.78,693.42,695.23,1002978.0,706.03,707.81,694.5,699.03,849234.0,10.093434188107125,-1.7721890341079956,6.228805630659636,2.469120066377698,0,-15.467314102709054,-8.441609472415786,-36.538495267857364,-5.924050108667622,2.846863747804477,2.040108308888917,10.043434240695596,-0.8375779470097918,0,-0.244678668614873,-46.0,-84.0,38.0,4.1606225769995575,4.037102514581065,6.315319619418432,-2.9747092889315745,0.010013876371543384,0.01256026207745009,-0.0064804085661559485,-0.006594000028422364
2021-10-14,1634184000,2021-10-19,1634616000,-0.25,673.4363927879832,725.0611855611999,702.81,708.16,700.45,703.67,891596.0,711.4,720.85,709.12,717.91,746185.0,6.336285273589112,-4.590383976769203,2.7832485966207514,-0.8048515830675171,0,-7.3152488567629845,-3.9752283883739317,-31.596555224006455,1.6916392484515725,-0.3354402212909946,2.0040626574083302,9.641316714399352,0.7305677982895245,0,-0.082261591814763,-42.0,-72.0,30.0,0.8729506484099545,0.9326649066670569,3.1908739011319085,-0.1649668018864272,-0.009067989023693768,0.004095220849410275,-0.012243874580379122,0.015603779990946087
2021-10-15,1634270400,2021-10-26,1635220800,0.75,673.4363927879832,751.7597833924086,706.03,707.81,694.5,699.03,849234.0,732.48,735.87,724.41,728.23,556320.0,4.1802397325394764,-5.770122049939204,0.9834420444090597,-2.5877964379385787,0,-3.388029683585522,0.1017196112661355,-13.875770965479973,9.853349541749473,-2.084767244231031,1.9444189855435585,1.4378679950431135,-0.5457766538542445,0,-0.02442548091529195,-46.0,-56.0,10.0,-0.7949411586998565,-0.11721980891095996,1.5050168327039444,4.357503051890339,0.005836068275132833,0.010491190969885933,-0.0052455954849429665,-0.003802957551880204
2021-10-18,1634529600,2021-10-28,1635393600,0.25,699.1061371889103,751.7597833924086,697.06,709.12,692.64,706.88,1044055.0,693.8,710.55,680.85,706.27,1248465.0,7.1767211677817215,-3.1632419034776973,3.942055210235935,-0.05072800298280811,0,-10.249854532189929,-2.926219143438337,-15.648697285095786,3.8513243454336177,0.6237575420516634,2.227589698708645,1.8518446227757543,-1.2212504354708882,0,0.11050680770555169,-18.0,-20.0,2.0,2.006739632152005,2.5468408502404145,4.346654453439157,2.002543347848164,-0.01765613717133674,0.006060005380378541,-0.035991901114304725,-0.011532378833046475
2021-10-20,1634702400,2021-11-09,1636434000,-0.75,666.9791298927895,751.7597833924086,718.84,737.97,717.35,734.01,929533.0,698.2,705.0,691.92,696.31,664694.0,6.773385519848546,-4.399012036773456,3.223851445476882,-1.0403412273269055,0,-7.626075633074656,0.8238973675827432,-21.642497126311643,-8.792767180148147,-0.043539036953077925,2.3461281673066647,2.6022916602341013,0.6217578757004708,0,0.031135612911889887,-46.0,-72.0,26.0,1.1871867415375448,1.1163957192259488,3.8583262735348143,0.49040840170680333,0.0027143082822307374,0.012480073530467761,-0.006304663152906009,0.0016254782933915468
2021-10-27,1635307200,2021-11-10,1636520400,-0.25,666.9791298927895,727.8948065842263,730.4,730.4,713.525,714.51,956132.0,697.36,706.93,697.36,701.25,898170.0,6.035018383155361,-5.014697527540363,2.542412358882956,-1.6800475341651833,0,-5.7244920550754586,0.7210260976975973,-19.762123511435327,-8.322157710215734,-0.9583378299933116,2.271374846376873,1.4137907527481204,0.8480708105182044,0,-0.01493340583879979,-46.0,-68.0,22.0,0.5101604278074916,0.3655915499078475,3.0040744387466845,1.3947055021711456,-0.005547237076648837,0.008099821746880398,-0.005547237076648837,0.007094541224454742
2021-10-29,1635480000,2021-11-19,1637298000,0.25,666.9791298927895,727.8948065842263,667.49,687.38,660.0,674.89,2634546.0,686.45,689.42,678.01,682.34,880494.0,6.222967831050823,-2.6095199897986703,3.919307090306873,-0.13592930210745635,0,-10.781454458240873,-6.647695401748447,-18.841561846534713,1.0411742650863545,1.262414877767327,2.044777628954673,-2.631522784708359,-0.8414461045080317,0,-0.22621711730289107,-34.0,-28.0,-6.0,1.8067239206260837,2.025749960847321,4.666704756983648,0.8397722192877062,0.006023390098777837,0.01037605885628845,-0.0063458100067416146,-0.005161252697264751
2021-11-10,1636520400,2021-11-22,1637557200,-0.75,644.9660038903432,727.8948065842263,697.36,706.93,697.36,701.25,898170.0,680.77,689.385,668.03,668.32,1391097.0,7.5532093660035855,-0.6063874842703001,5.772708682467467,1.5055911339876928,0,-14.788121394730325,-8.575806076524254,-21.201411350126136,-9.093990273189462,3.290578532304636,2.1667909700477224,-2.160708036134931,-1.3178942976577412,-1,-0.3672367179855426,-38.0,-88.0,50.0,3.4734109408666427,3.769277501610773,6.593286498604982,-0.23300473127576637,0.018628800574574944,0.031519332056499705,-0.00043392386880547473,-0.020546941407509456
2021-11-11,1636606800,2021-11-26,1637902800,-0.25,644.9660038903432,699.2243775858343,702.24,706.17,693.96,694.21,601953.0,663.29,681.89,661.5,672.87,842424.0,4.623438311980848,-0.9888580810298464,3.9765977578630753,-0.024323668266774234,1,-12.252131343438627,-4.729069619267416,-23.289268948524406,-24.302911196266706,1.9609123504166632,2.1444808830084647,-0.3155778266698519,0.8058263179624684,0,-0.2649253218288711,-42.0,-80.0,38.0,1.8172901154754868,2.2913127973319263,5.217404481446167,-0.44554217864017787,-0.014237519877539517,0.013405264018309548,-0.016897766284720728,0.0002675823930784471
2021-11-22,1637557200,2021-11-30,1638248400,0.25,644.9660038903432,696.8335991886087,680.77,689.385,668.03,668.32,1391097.0,668.52,670.39,644.42,646.28,2608892.0,9.694464941397058,1.8263928911213867,8.057472509335483,3.940448928225109,0,-19.374058925334495,-3.737134515989697,-28.036065294360096,-31.984281396863736,4.976178838756056,2.3215731030346833,2.2857394617717297,-2.6388171896815207,-1,-0.4355285874110674,-46.0,-96.0,50.0,5.760428916259201,5.612903776887009,8.940060357846221,-1.9459390286027851,0.03441232902147684,0.03730581172247316,-0.0028780095314724363,-0.032790074679357795
2021-11-23,1637643600,2021-12-01,1638334800,-0.75,617.3952442783043,696.8335991886087,667.47,679.32,666.895,674.74,1276266.0,653.67,657.57,633.69,634.2,1164021.0,12.65418176956139,2.149823276165492,9.87955955008934,5.563492063492049,0,-21.929247749843796,-6.940572267057954,-32.261643214247016,-38.38716739582176,6.310609007030905,2.4657635542393472,4.35259304469086,-1.1693057944686807,0,-0.49056849255551466,-46.0,-96.0,50.0,7.402002522863427,6.898427836014193,10.583144062780164,-3.3649293578067194,0.030700094607379214,0.03684957426679292,-0.0008041627246925254,-0.01869158878504662
2021-11-29,1638162000,2021-12-02,1638421200,-0.25,617.3952442783043,676.9935729642983,674.47,675.51,664.85,668.19,895962.0,639.27,675.52,639.27,670.4,1571177.0,6.388518967898932,-3.5136681325767682,3.918083731105824,-0.5350039777247417,0,-6.94302667238361,-3.196927253299447,-27.999861355278433,-29.420696141825218,0.2541933485489949,2.606251512879487,4.369188686848393,1.5499449856178151,0,-0.35480845526545884,-46.0,-92.0,46.0,1.4374254176611032,1.0189137784410036,4.431058667524908,-1.6583985657739078,-0.046434964200477324,0.007637231503579978,-0.046434964200477324,0.05707978555660653
2021-12-01,1638334800,2021-12-03,1638507600,0.75,617.3952442783043,707.7780770593591,653.67,657.57,633.69,634.2,1164021.0,675.0,681.8,669.505,679.3,1498774.0,4.92786508597483,-4.81068563654155,2.447004269100546,-1.9124834388341156,0,-4.029777533071169,-0.9867797746585762,-23.29198639641434,-21.203822439083012,-1.1419154538216674,2.5176655785417035,3.825863862977002,1.47868380335832,0,-0.24062920696192322,-14.0,-56.0,42.0,0.058589724716640035,-0.2755976990129767,2.9427208748546576,0.17924675318548822,-0.006330045635212667,0.0036802590902400567,-0.014419255115560081,0.013275656324582386
2021-12-02,1638421200,2021-12-07,1638853200,0.25,645.3993905903133,707.7780770593591,639.27,675.52,639.27,670.4,1571177.0,677.84,678.72,639.28,650.6,2300148.0,9.259161023807863,-1.251014697339997,6.852059637257895,1.731324930833054,0,-11.067920854880015,-6.412727638884882,-20.948192300013645,-22.62139474956625,2.710948971932183,2.938169228781525,2.610891958905462,-2.196737798317377,-1,-0.26992202839478036,-21.999999999999996,-56.0,34.0,4.004073163233926,3.67153125140662,7.03782123039727,0.19187580487067635,0.041869043959422036,0.04322164156163533,-0.01739932370119901,-0.03321197711568469
2021-12-03,1638507600,2021-12-10,1639112400,-0.75,610.5900292576425,707.7780770593591,675.0,681.8,669.505,679.3,1498774.0,616.37,620.02,608.39,610.89,1658124.0,16.818370405233324,0.9977667061942412,12.173550066296727,6.278953657778018,0,-18.479556972769615,-12.00213191973611,-28.699379355251086,-30.50136528408153,6.855184725377512,3.250971281492871,5.559903132414604,-1.486034595811431,0,-0.3172226014737605,-34.0,-84.0,50.0,8.908068555713797,8.123541802669052,12.604263207250852,-4.427334995786875,0.008970518423938811,0.014945407520175369,-0.00409238979194293,-0.0017647923917839536
2021-12-06,1638766800,2021-12-13,1639371600,-0.75,575.21898011483,676.9935729642983,688.11,693.09,669.69,672.95,1050196.0,608.64,617.27,600.34,605.55,1652221.0,18.013449869542015,0.339617589792482,12.53290397159607,6.452068367599708,0,-19.35695042577862,-12.156379197795033,-31.266995196905306,-30.589945204510812,7.004046644758645,3.2450801514520835,6.874616866708806,-1.4589848215584107,0,-0.2808194892135652,-38.0,-88.0,50.0,9.176533729667241,8.212543385180538,13.064030242582774,-5.205556417477075,0.0051027991082488455,0.01935430600280741,-0.008603748658244426,-0.008741344595590061
2021-12-08,1638939600,2021-12-16,1639630800,-0.25,575.21898011483,647.3675748902542,650.34,652.38,630.145,642.07,1848974.0,622.49,638.16,617.21,631.58,2045125.0,11.425339613025741,-5.275208196578092,6.4238892935178455,0.09951233414608396,0,-9.859823188603492,-8.604422319981467,-28.596824343008176,-17.478544479934,1.0860915836607035,3.1467993903096896,6.373064115364109,1.687397003910644,0,-0.1856274011700796,-46.0,-84.0,38.0,3.0750657082238178,2.4651794929327195,7.313125632458139,-1.8627559602519383,-0.014392476012540012,0.01041831596947329,-0.022752462079229874,0.023099850968703484
2021-12-13,1639371600,2021-12-17,1639717200,0.75,575.21898011483,683.2299035181143,608.64,617.27,600.34,605.55,1652221.0,632.86,650.2,629.64,650.0,5278388.0,7.609349245009199,-7.853195398855377,3.1606666666666854,-3.132025641025635,0,-4.516538176922971,-5.231235784685366,-24.392325978039388,-4.229447008792363,-1.7905386416429536,3.0651562929794864,4.7397618809789,4.044170062457377,1,0.029487463302250792,-42.0,-76.0,34.0,-0.12192307692308191,-0.3967616689536584,4.104505896242756,0.6299607567245005,-0.0263692307692307,0.0003076923076923421,-0.0313230769230769,0.029164951391747573
2021-12-14,1639458000,2021-12-22,1640149200,0.25,610.5900292576425,683.2299035181143,600.0,629.93,599.34,621.89,1848453.0,644.81,645.18,636.7,639.79,631672.0,7.787227070716057,-6.3206521008040255,3.923761442556682,-2.2391201279586426,0,-6.8973577570962945,-5.1797729495805855,-18.024003882251563,-1.9001652978378445,-0.5625011817942891,2.8088556960616637,0.609566002880289,-0.4876173212808318,0,0.08037930467928807,-46.0,-68.0,22.0,0.7332874849560227,1.029462382902338,5.179936098758617,3.1555260159736207,0.00784632457525114,0.00842463933478177,-0.004829709748511157,-0.007046078872627537
2021-12-17,1639717200,2022-01-03,1641186000,-0.25,612.8544125929557,683.2299035181143,632.86,650.2,629.64,650.0,5278388.0,642.75,651.8,638.68,647.58,1186748.0,4.437727146414645,-6.544030614712,1.6334403986122794,-3.5447615223858975,0,-4.536665099904354,-4.66951273369644,-6.590108673062328,15.387627637982376,-1.3102805059746174,2.3854966527604686,-7.126904117358517,-0.9306712251374302,0,0.29011454656472035,-30.0,-24.0,-6.0,-1.0531517341486847,0.3063586218501797,3.1542015997765986,3.8569630040504244,-0.007458537941258281,0.006516569381389115,-0.013743475709565023,-0.006733438655152857
2021-12-20,1639976400,2022-01-06,1641445200,0.25,612.8544125929557,678.9717321669178,646.77,652.51,643.08,646.76,1175201.0,621.23,638.8,621.23,631.95,1217824.0,6.000894835227939,-4.289367024483425,3.4408576627897673,-1.5980694675211708,0,-8.167250773066463,-1.5761521329450066,-10.703058386056906,0.490059421740483,1.951968777741257,2.668211084288478,-7.247202438424754,0.9266748046256004,0,0.15398275005209397,-42.0,-24.0,-18.0,0.8557639053722568,2.0764512135235123,5.068505917162682,0.4209072486853467,-0.01696336735501236,0.010839465147558958,-0.01696336735501236,0.011346541625324225
2021-12-23,1640235600,2022-01-12,1641963600,-0.75,587.2859059899749,678.9717321669178,641.34,651.98,641.01,648.3,754214.0,612.41,626.638,609.15,613.98,1088277.0,9.196709201143193,-1.716660991103808,6.247548780090554,1.4404215121013806,0,-11.16073095062486,-1.2719291192976199,-19.490053977129833,-18.18190695063869,2.8914377119944987,2.711278938934621,-4.645721077087369,0.8314179299360006,0,-0.23201686596622634,14.0,-28.0,42.0,3.7400241050196996,3.2183436991648477,6.857700570335851,-2.5247775954199394,-0.0025570865500506024,0.02061630672008863,-0.007866705755887882,0.003071393563143232
2022-01-04,1641272400,2022-01-13,1642050000,-0.25,587.2859059899749,648.2172064762967,645.5,653.09,628.065,640.77,1420457.0,618.03,626.07,610.02,619.08,1132482.0,8.279379716885302,-2.4801292161422737,5.421437186362567,0.5799304344080554,0,-9.190526609175059,0.2851033499643606,-19.37247879074638,-16.715849430218555,1.7685848450916808,2.6820585797879835,-4.878842665068749,0.8660367518650331,0,-0.23293417613669296,10.0,-28.0,38.0,2.8996252503715283,2.142501363301875,5.742995577642887,-1.8392422894724785,-0.0016960651289010809,0.011290947858112022,-0.014634619112231184,0.008306459493794716
2022-01-07,1641531600,2022-01-14,1642136400,0.25,587.2859059899749,648.2172064762967,630.89,630.89,609.7,610.49,1600792.0,618.13,619.46,600.535,607.69,1151903.0,10.495493258875314,-1.2320530179630254,7.21815947824274,2.3192307481336343,0,-12.06346435910043,-3.7825770290382823,-20.51724753924192,-21.099140545424618,3.3335548461658817,2.7596089562202635,-4.541399774693097,-0.8781634786825933,0,-0.26107186225045537,6.000000000000007,-27.999999999999993,34.0,4.631720120456137,3.6705913757614184,7.422008945097176,-1.9545890068910676,0.017179812075235557,0.01936842798137195,-0.011774095344666002,-0.018398268398268414
2022-01-13,1642050000,2022-01-25,1643086800,-0.75,556.6031641466392,648.2172064762967,618.03,626.07,610.02,619.08,1132482.0,570.22,575.38,560.72,563.54,1239511.0,19.89391974351942,-1.9542881290820873,12.097118808484481,6.463241887591536,0,-19.326242942970026,-13.61385759178356,-35.379111539834206,-20.553095447091493,6.336657724146619,2.9922973498356367,4.081447325188268,-0.8914129439317525,0,-0.2987907456136056,-18.0,-68.0,50.0,8.96981580721868,7.267379969223214,12.856446771780398,-4.434388927589225,0.011853639493203838,0.0210100436526246,-0.005004081342939171,-0.023547554277199345
2022-01-14,1642136400,2022-01-26,1643173200,-0.75,525.1692109926984,618.3298476159441,618.13,619.46,600.535,607.69,1151903.0,563.98,574.86,549.59,555.0,1743997.0,21.189208518184927,-1.7120914010678234,13.056805405405385,7.100021621621622,0,-20.865623766059187,-15.369249302368132,-37.55469680383833,-20.638484602465155,6.908755094372381,3.1465418572513344,5.903511279714248,-1.2378665271244207,0,-0.2770444611020619,-21.999999999999996,-72.0,50.0,9.738558558558566,8.068616632283579,14.020737632032748,-4.623119109473464,0.016180180180180193,0.035783783783783774,-0.00974774774774767,-0.015154203783227405
2022-01-18,1642482000,2022-01-27,1643259600,-0.25,525.1692109926984,588.1440858170453,593.39,597.27,580.38,582.75,1518298.0,549.85,567.9,549.85,561.03,1708495.0,18.931089845812267,-3.5107023442526497,11.04779364145709,5.02019262190376,0,-18.317350773445767,-14.513622234412141,-38.18460484291978,-21.095120509894812,4.865385274539989,3.1201921338645473,7.595427808916945,1.1974104180548013,0,-0.26363077749299557,-26.0,-72.0,46.0,7.710193750779808,6.249267918567298,12.293458841393303,-3.9535932251575083,-0.019927633103399067,0.012245334474092262,-0.019927633103399067,0.01086486486486482
2022-01-26,1643173200,2022-02-22,1645506000,0.75,525.1692109926984,621.4636924988496,563.98,574.86,549.59,555.0,1743997.0,599.34,603.15,591.88,595.5,1986709.0,5.99485163534905,-5.444725690764656,2.5640638119227503,-2.1460117548278674,0,-6.313707208799265,3.182991700310156,-4.66391605720882,10.061054139967283,1.6887804840794303,2.372216305049358,-7.2620527928262355,-1.244756813826952,0,-0.10532001143346996,18.0,40.0,-21.999999999999996,0.2750629722922042,1.1336427291241336,3.6251946903176986,0.8594080818811429,0.006448362720403056,0.012846347607052833,-0.006078925272879898,-0.0022284402593704122
2022-01-27,1643259600,2022-02-24,1645678800,0.25,556.6031641466392,621.4636924988496,549.85,567.9,549.85,561.03,1708495.0,572.5,586.95,566.05,586.59,4312211.0,6.725628788248386,-2.4703567924761956,4.423674684759931,-0.4315904919392892,0,-7.192683610859021,5.691891891891897,-10.278782511869785,5.264331193357876,2.145707192230816,2.626227327295801,-3.581933857514265,2.575252026126111,1,-0.0684529832473237,10.0,40.0,-30.0,2.127635997886074,1.9506043693898931,4.696715835001058,-1.3326363024318097,-0.024020184455923244,0.0006137165652329024,-0.035015939583013855,0.02802313354363828
2022-01-28,1643346000,2022-03-01,1646110800,-0.25,561.1440331138905,621.4636924988496,560.62,592.2,560.37,590.47,2730028.0,590.99,603.16,589.47,594.74,1737370.0,4.513451181363564,-2.1687291179408845,3.3408155944894844,-1.1173509993162298,1,-3.9732757861769983,0.23595240502915313,-6.636946203649888,8.259230324334254,0.4823761589981501,2.528870173269249,-3.7758237288953183,-1.026257512338842,0,0.019437709936598845,-2.0,40.0,-42.0,1.1723610317113469,0.5961148310457531,2.9767715894697346,0.27447328654848,-0.0063052762551703,0.014157446951609032,-0.008861014897265984,-0.011698627405363982
2022-02-23,1645592400,2022-03-03,1646283600,0.25,559.1059822350888,615.8515044305068,591.87,592.74,569.39,570.6,2919094.0,580.835,594.08,560.88,561.82,2436109.0,11.734109435194952,1.3222075346530175,9.386001447676009,3.928488365194056,0,-12.692022441874421,-6.400773024123676,-13.388261990827571,1.0034652809863758,5.6014439455021545,3.085531622424604,-1.1387460381013916,-1.4624003673270096,0,-0.12192193771082827,-10.0,36.0,-46.0,6.528158484923978,5.453786910214433,8.379355720142613,-2.6503985516284896,0.03384535972375491,0.05742052614716453,-0.0016731337439038763,-0.01605982591639077
2022-02-25,1645765200,2022-03-09,1646802000,-0.75,527.7851158058119,615.8515044305068,587.92,602.02,586.54,601.16,2343860.0,562.17,568.04,555.57,557.75,1341668.0,13.031248084329562,-2.4451431986280596,8.3917406245331,2.6996922157478025,0,-11.521559403750452,-8.43347780404518,-22.49169911300319,0.24232297538533487,4.244499102803417,3.1273819558923597,4.791116842203451,0.7675359634958809,0,-0.17302271335955138,-26.0,-64.0,38.0,5.293052442850737,3.9441830296077995,7.709025384022411,-3.9542434242708175,0.007924697445091722,0.01844912595248771,-0.0039085611833257206,0.011461110204377789
2022-03-02,1646197200,2022-03-24,1648094400,-0.25,527.7851158058119,590.9143797279715,595.4,596.944,566.86,570.99,2663023.0,564.74,571.52,557.56,559.32,1472767.0,7.065164257669011,-3.446842009224497,5.198651934491878,-1.1330365443753436,0,-8.440718941214776,-4.648902981639643,-13.848292862843422,16.740963887776246,1.1783024423351662,3.005328326593472,5.48052950262732,-0.7865090678228566,0,0.012281197178495124,-21.999999999999996,-15.999999999999996,-6.0,1.8091611242222427,2.186897345161043,5.297021076480959,0.8923348342617352,0.009690338267896559,0.021812200529213843,-0.0031466781091327167,-0.0011964499366059478
2022-03-04,1646370000,2022-03-25,1648180800,0.25,527.7851158058119,590.9143797279715,558.69,564.87,546.62,549.93,2759513.0,560.09,564.05,544.59,558.26,1876453.0,6.253404754059957,-3.0169199620275577,5.0673700426324615,-1.3476337190556364,1,-8.763534370394936,-7.136203340208926,-14.517478109725776,8.768598542947416,1.3775543090749522,3.044948732950006,6.570250328115833,-0.9937260502183948,0,0.046081161652858034,-26.0,-16.0,-10.0,1.6182423960161998,2.1541706150585327,5.2813876729154146,0.5124191800536924,0.003278042489162747,0.010371511482105022,-0.024486798266040832,-0.0018951584066367877
2022-03-10,1646888400,2022-03-30,1648612800,-0.25,528.5082668012687,590.9143797279715,550.21,567.56,546.92,562.13,1805534.0,571.36,573.13,564.04,570.12,989679.0,1.7534968641112982,-3.793944489172702,2.0143127762576256,-3.818318950396403,1,-3.6607657295107714,-0.15236694162770006,-10.751227221708142,10.571026035348353,-0.45509580575007647,2.73363576314614,6.6747691278425805,-0.5265774889981704,0,0.19267920624322205,-38.0,-16.000000000000004,-21.999999999999996,-1.020223812530702,-0.011644919815793742,2.725338057571804,1.6506139874605443,0.002174980705816232,0.0052795902616993295,-0.01066442152529301,-0.0038614086278895288
2022-03-25,1648180800,2022-03-31,1648699200,0.25,528.5082668012687,588.9298608522074,560.09,564.05,544.59,558.26,1876453.0,571.76,571.76,545.46,545.52,2154874.0,6.5562640332682065,0.031395447594093184,6.3862614264066195,0.41709439311728147,1,-11.248592546379875,-2.901285109109691,-13.289585399775527,1.724817861308992,3.8599557761496612,2.9972065285943956,7.481747113738379,-1.1338683582579363,-1,0.16511815827958617,-42.0,-92.0,50.0,3.29382974043115,4.068975601084659,7.069157865413516,0.2120175575030423,0.04810089455931954,0.04810089455931954,-0.00010998680158369467,-0.04314881077667865
2022-03-28,1648440000,2022-04-04,1649044800,-0.25,529.6753323364702,588.9298608522074,557.47,565.31,554.33,565.25,1159053.0,559.38,574.65,557.12,562.0,962441.0,3.32514776059125,-2.4731904652175842,3.3241103202846745,-2.3851423487544423,1,-4.90254739331116,1.144626016845442,-11.646790074992072,0.5022197196629676,0.6003490150453956,2.9313866459612137,7.484129416796939,0.508409229089624,0,0.2717301753298281,-46.0,-88.0,42.0,0.4259786476868328,0.8278275382511282,3.625181913318059,0.5632835472812516,-0.004661921708185024,0.022508896797152955,-0.008683274021352272,0.0005697194131890626
2022-03-31,1648699200,2022-04-05,1649131200,0.25,529.6544968752983,588.6137285695205,571.76,571.76,545.46,545.52,2154874.0,557.35,568.94,554.04,556.79,1084194.0,4.214305654891334,-1.3866686642844286,4.321467698773333,-1.42953357639324,1,-6.48045330255168,0.9720182072067197,-11.768073881656917,2.7134157940925547,1.4601255221583926,2.9386189247283077,6.971911276911346,-0.5798427014209112,0,0.17476206856920704,-2.0,-40.0,38.0,1.4138184953034454,1.6025998049572934,4.414635134693782,0.3676455046640692,0.0010057651897483755,0.02182151259900511,-0.0049390254853715065,-0.009270462633451992
2022-04-01,1648785600,2022-04-06,1649217600,-0.25,529.6544968752983,588.6137285695205,549.11,561.96,545.01,561.68,1292063.0,556.79,568.0,553.405,561.26,1294953.0,3.3731951006787,-2.098384852308982,3.513434059081362,-2.229626198196925,1,-4.750388033366178,0.6293142088749424,-11.10556926048828,1.8151663599726646,0.5170916569948076,2.8927282497407836,6.539257542168674,0.692149215426536,0,0.10340666494280712,-6.0,-40.0,34.0,0.6374051241848662,0.7178507679694661,3.4425417507967495,0.5687152760431458,-0.007964223354595013,0.012008694722588587,-0.013995296297616089,0.00802816142531304
2022-04-05,1649131200,2022-04-08,1649390400,0.25,529.5982678177185,588.33029006918,557.35,568.94,554.04,556.79,1084194.0,551.96,559.34,543.2,557.6,1346381.0,4.131572920936222,-1.738997598124186,4.013779292204703,-1.7169416547106664,1,-5.4193286200123865,-0.30216882118399063,-11.4170649186872,-4.297982642571924,0.5208503016747272,2.9367092487205326,7.053902094717827,0.726702503292283,0,0.031716002299051735,-14.0,-40.0,26.0,1.196287661406032,1.049676914883932,3.77000770059486,0.2798155503070827,-0.010114777618364434,0.0031205164992826884,-0.0258249641319942,0.009267303793802473
2022-04-06,1649217600,2022-04-11,1649649600,-0.25,529.5982678177185,588.4107768092501,556.79,568.0,553.405,561.26,1294953.0,560.38,572.08,557.03,559.91,1184037.0,3.6611066074352436,-2.214802737170345,3.449125752353055,-2.1148934650211686,1,-4.506307194783382,-1.1004345214964528,-10.746481938030673,-4.0778122244457435,0.007035832545426501,2.9076889911038517,5.835354750400967,0.6499246050637535,0,-0.04099800368341242,-18.0,-40.0,22.0,0.7231519351324351,0.5725152347653193,3.2108331975879025,0.5424275838332893,0.0008394206211712607,0.02173563608437079,-0.005143683806326016,0.004142754662840753
2022-04-07,1649304000,2022-04-12,1649736000,0.25,529.134601559082,588.4107768092501,560.65,561.26,542.82,552.48,1196640.0,564.99,570.02,548.555,549.12,2398473.0,5.7013636549664,-0.6616637715165439,5.418032488344977,-0.41147654428904445,1,-7.915327006822324,-3.5209782837866266,-11.684632856080675,-6.781194062212549,1.8234538567394338,3.0322638115941936,5.292743034253359,-1.3056403667326777,-1,-0.09742329365784598,-21.999999999999996,-40.0,18.0,2.5198499417249423,2.305991152671254,5.033440426872303,0.04416245278736319,0.028900786713286664,0.038060897435897356,-0.0010289189976691038,-0.019270954260506068
2022-04-11,1649649600,2022-04-13,1649822400,-0.25,529.134601559082,589.0515500056666,560.38,572.08,557.03,559.91,1184037.0,549.96,563.51,547.06,562.4,1223642.0,3.0280171782455625,-3.0025904357135573,2.832385016595552,-2.837778568041742,1,-2.790414757209163,-1.6972260579259295,-10.17034576323088,0.10688735160206875,-0.6470554366716357,2.9581128270287866,4.888084259043488,0.6670716351032753,0,0.012805817509376875,-26.0,-40.0,14.0,0.012713371266002582,-0.09931489421678918,2.453148186797563,0.6311046500695303,-0.022119487908961455,0.0019736842105262387,-0.02727596017069711,0.02418414918414924
2022-04-12,1649736000,2022-04-20,1650427200,0.25,529.134601559082,589.0515500056666,564.99,570.02,548.555,549.12,2398473.0,555.69,555.69,535.17,535.96,1685607.0,7.44056014313783,0.34621498933474015,7.258676020598557,0.8912418837226426,1,-8.123910031238424,-6.734416872585518,-12.100974949942637,-0.3250810928071033,3.4411285064033734,3.368108224129781,4.738426994913603,-0.9276503632939125,0,-0.2800542942738612,-42.0,-84.0,42.0,3.893387566236271,3.804930236076572,6.659290367541274,-0.9403533130822073,0.03681244869020084,0.03681244869020084,-0.0014739905963132571,-0.039067682653518565
2022-04-13,1649822400,2022-04-25,1650859200,-0.75,496.25514927596123,589.0515500056666,549.96,563.51,547.06,562.4,1223642.0,513.46,517.66,496.76,506.97,1469529.0,15.718737366757878,1.1844324460515594,12.104831975593584,5.214917384986606,0,-13.99365226258059,-9.187475369899325,-20.245134422327116,-12.355604287691243,7.326251188122711,3.6178405609755555,8.659774311467856,-0.8029688683939069,0,-0.28885187941065027,-42.0,-92.0,50.0,8.451584906404719,7.474593906665746,11.43429745345044,-4.4975908259086985,0.01280154644259035,0.021086060319150945,-0.020139258733258503,-0.008604337368246062
2022-04-14,1649908800,2022-04-27,1651032000,-0.75,462.9477227593698,559.1059822350888,564.54,567.07,553.12,555.32,1143256.0,485.5,492.25,479.45,482.01,1639086.0,22.966088063500052,1.6707451972207252,16.39036534511733,8.96193025040975,0,-18.36116501770492,-15.781105306379196,-27.243426745574233,-19.40590837164754,10.793464304023942,3.7544217510774858,12.294556826234782,-0.9059803872115091,0,-0.3626615317959551,-30.0,-80.0,50.0,12.318416630360389,10.762751975268841,15.920401368195641,-6.7862789299455635,0.0072405136822888405,0.02124437252339173,-0.005311093130847877,-0.010144778724715087
2022-04-21,1650513600,2022-04-28,1651118400,-0.75,428.5314723445537,529.5058121624095,537.42,541.754,517.81,519.03,1690149.0,481.19,481.69,449.585,461.49,3361509.0,29.18673257021416,3.084605920327377,20.679075747397917,12.421627048617893,0,-21.47998251217726,-19.0538833929699,-31.356050003746805,-21.651468446239335,13.350239625343747,4.143131838033817,14.65566465616719,-1.8438668118586532,-1,-0.3686568655351439,-34.0,-84.0,50.0,16.135669245270762,14.193706669843479,20.248302302589167,-8.148930145751397,0.0426878155539665,0.0437712626492448,-0.02579687533857733,-0.04257173087695276
2022-04-26,1650945600,2022-04-29,1651204800,-0.75,390.5975255307959,496.25514927596123,503.08,503.08,486.35,486.95,1498031.0,449.89,457.7,415.01,428.49,5026779.0,41.46017819385625,5.968233204309371,28.75812737753509,19.48222829004176,0,-25.55856424981836,-21.452925648922125,-36.78300273274838,-30.062917803580646,17.862755579301663,4.918297952468459,17.324853666692682,-2.653368737208361,-1,-0.4258725934762624,-38.0,-88.0,50.0,23.714205699082797,20.798931811516994,28.35195835679562,-10.554324992738408,0.04994282246960258,0.06816961889425643,-0.031459310602347856,-0.07150750828837027
2022-04-28,1651118400,2022-05-02,1651464000,-0.25,390.5975255307959,465.82585152875737,481.19,481.69,449.585,461.49,3361509.0,431.49,435.93,419.83,432.54,1784149.0,40.84255561223176,1.2834905337894043,26.077133521369888,16.907738783310975,0,-24.187965528338196,-22.99173906850875,-40.2051081447064,-35.039392915851536,15.061540352194584,4.790100232759931,19.8033863193235,0.9478132051461405,0,-0.3530191716730886,-42.0,-88.0,46.0,21.063023073010584,17.794726559439738,26.085448798064917,-11.098696687819782,-0.0024275211541129327,0.007837425440421653,-0.029384565589309797,0.00945179584120992
2022-04-29,1651204800,2022-05-03,1651550400,0.25,390.5975255307959,465.82585152875737,449.89,457.7,415.01,428.49,5026779.0,424.15,431.24,410.33,425.62,2273164.0,43.42092310522989,-0.5625047978195283,26.496256441583284,17.098366304841562,0,-25.003483582118605,-24.266903914590745,-43.21094193234459,-34.62346297675401,14.286000004603693,4.893001371245604,22.21472173576668,-1.2157893249974319,0,-0.23417019364261527,-46.0,-96.0,50.0,21.429209153705187,17.832773868751815,27.032075981089434,-11.122861858801489,-0.0034537850664912995,0.013204266716789537,-0.035924063718810295,-0.01599852036805849
2022-05-02,1651464000,2022-05-09,1652068800,-0.25,391.04540595922174,466.984319702362,431.49,435.93,419.83,432.54,1784149.0,456.23,478.03,455.98,463.67,2436029.0,27.321720191305985,-13.02297323765363,12.009050977347414,2.8785702475179846,0,-13.037296977255387,-16.84540889526542,-36.62482444119937,-19.909941419832606,0.6364945275695959,4.539858578348158,20.332304708932718,1.3260027302702615,0,-0.16355351793020376,-18.0,-52.0,34.0,7.1493734768261845,5.038776861898569,13.946657525393519,-1.693087748963375,-0.016045894709599495,0.030970302154549545,-0.016585071279142438,0.008482502120625623
2022-05-03,1651550400,2022-05-10,1652155200,0.75,391.04540595922174,504.6871852111698,424.15,431.24,410.33,425.62,2273164.0,472.94,481.79,462.195,468.23,2124681.0,24.26707166503286,-14.013350203358073,9.981462101958442,0.842833650129208,0,-11.643324291954919,-16.37406011680448,-34.417163167691854,-13.479517453249485,-1.1187494118767916,4.47345031155247,18.9123485299191,1.166076905388733,0,-0.1387489086658145,-21.999999999999996,-52.0,30.0,5.126860730837393,3.6333653366908294,12.333543471603832,0.3232979573102881,0.010059158960340042,0.02896012643359036,-0.012888964824979254,0.009834580628464318
2022-05-04,1651636800,2022-05-12,1652328000,0.25,428.207373158469,504.6871852111698,426.51,450.78,422.435,448.34,2101819.0,449.33,466.77,443.18,465.26,1744309.0,21.051526950300016,-13.70939566886598,8.719826906819122,-0.7990012752726017,0,-10.21031553747752,-17.2724039829303,-31.35053079520855,-7.539012213498161,-1.9254743347423044,4.6616903150807705,17.569660743877463,0.9660694542477338,0,-0.09385293849106355,-30.0,-52.0,22.0,3.6710656407170177,3.2026102647170376,11.910178220319054,1.990710816503821,-0.034238920173666365,0.0032454971413833356,-0.047457335683273816,0.037716070034571114
2022-05-10,1652155200,2022-05-13,1652414400,-0.25,428.207373158469,505.4444497325554,472.94,481.79,462.195,468.23,2124681.0,459.46,475.87,458.6924,471.39,1596827.0,17.06106100532756,-14.195705355016798,6.3871995587517745,-3.0763147287808295,0,-8.508932787377724,-15.113808254700004,-28.545151262986057,-2.5311979972369727,-3.5562647821377453,4.5327094137896475,16.399651088343823,0.8926868359496084,0,-0.06917916579868295,-34.0,-52.0,18.0,1.4326778251553947,1.683358192284686,10.044892115911523,3.423438163277549,-0.025308131271346457,0.009503807887311977,-0.02693650692632421,0.013175428792502997
2022-05-11,1652241600,2022-05-16,1652673600,0.25,428.207373158469,505.4444497325554,465.94,476.65,447.35,448.35,1830927.0,469.37,472.58,456.0,463.34,1270400.0,17.40569758527353,-12.529580694869082,7.325496036028255,-2.1494165551574724,0,-10.068688196229076,-13.147634400539859,-26.877383287882704,-2.0562087157529163,-2.174101143582149,4.537667584026837,15.422139572790968,-0.7222264120904976,0,-0.03145437318463669,-38.0,-52.0,14.0,2.4380584452022163,3.1214192341487887,11.487901698894618,3.8635703907256094,0.013014201234514688,0.019942159105624357,-0.015841498683472177,-0.017077154797513816
2022-05-13,1652414400,2022-05-26,1653537600,-0.25,429.1396275314681,505.4444497325554,459.46,475.87,458.6924,471.39,1596827.0,489.12,508.859,489.12,502.84,1271099.0,-0.29127111774151615,-15.364404643932161,-4.035673375228697,-11.941997454458672,0,1.7785114912664923,8.960107477951844,-8.658261558924131,30.659048227068666,-6.366180584944075,3.711680576543608,3.6481009458754663,0.7496552532650723,0,0.08385555680069257,-46.0,-28.0,-18.0,-7.827837880836839,-4.537128109986995,0.7707422150699585,7.430764181342749,-0.027285021080264094,0.011970010341261661,-0.027285021080264094,0.031233977974200577
2022-05-16,1652673600,2022-05-31,1653969600,0.75,429.1396275314681,537.109409711017,469.37,472.58,456.0,463.34,1270400.0,507.86,513.28,501.16,506.93,1543744.0,0.7728801812282597,-14.841686525299437,-3.6327132608710144,-10.800598373213916,0,2.710891866687824,17.198409395662825,-1.5590698199132638,20.492300315218785,-5.92363790961825,3.5130687339540554,2.444631155512777,-0.9408622548048582,0,0.17468011928901903,46.0,72.0,-26.0,-7.034403172035596,-4.293392755887012,-0.01666969085120229,8.27625430079387,0.0018345728207049827,0.012526384313416017,-0.01138224212415917,-0.00590265521433897
2022-05-17,1652760000,2022-06-10,1654833600,0.25,466.984319702362,537.109409711017,468.99,474.14,457.495,472.13,1311846.0,474.35,481.02,470.01,474.19,1065207.0,7.508548322850956,-3.2378973179794883,5.055178304055346,-0.8991965245998443,0,-6.376835133238522,1.9193569187121193,-2.69249040657141,-15.916718399456087,3.4731187849365455,3.267443965994447,-6.240688841895096,-0.6599285913880851,0,-0.014992261282911928,14.0,48.0,-34.0,2.135325502435734,2.359758446998626,5.708216786089764,0.20120058253427842,0.0003374174908792327,0.014403509141905024,-0.008815031949218732,-0.01673371210550323
2022-05-27,1653624000,2022-06-15,1655265600,-0.75,442.9289631550529,537.109409711017,503.19,515.66,503.19,509.94,1224195.0,457.65,460.23,429.91,449.0,3240618.0,14.70787977803765,-0.1223563927369895,10.621506310319234,4.069103192279158,0,-12.620291473660053,-4.899074407472518,-12.950514455101919,-31.058104501578796,6.946056835019448,3.7707467773819445,-2.9226516245202347,-1.9698827834465409,0,-0.11725394540506814,2.0,48.0,-46.0,7.292761692650316,6.152871524574863,10.391465814491156,-3.7354191348980192,0.01926503340757235,0.025011135857461175,-0.042516703786191434,-0.006571232603933996
2022-06-01,1654056000,2022-06-21,1655784000,-0.75,409.3270145184521,504.2658910039063,508.33,514.21,492.04,495.38,1188440.0,444.02,447.926,435.7195,437.47,2143499.0,20.065755060705357,-2.757825374098303,12.375472603835675,5.06504217432051,0,-11.211717865226987,-8.675865812162066,-20.747098146401203,-19.50966399104793,4.235675096087448,4.307748008833685,2.32699776272559,-1.2030866430008815,0,-0.06652574611280328,-10.0,-52.0,42.0,8.653964843303513,6.323381278395729,11.652328556304582,-5.162557051938029,0.014972455254074424,0.023901067501771456,-0.00400141724003944,-0.01015929043352326
2022-06-13,1655092800,2022-06-30,1656561600,-0.25,409.3270145184521,476.90413901314764,467.23,468.98,452.23,454.47,1437720.0,461.86,471.57,457.44,468.53,1392819.0,7.531406607217477,-9.648026674235581,2.197307892059584,-4.330350955826361,0,-1.624118175750965,-5.420081553554851,-9.488129556804715,1.0955055613543294,-4.827393548844455,3.528563389922289,-0.8824469507407784,0.8035812696207776,0,0.1169465445713999,-38.0,-52.0,14.0,-1.058310033509045,-1.1652942543335456,2.7909122369209456,2.43611963127082,-0.01423601476959846,0.006488378545664197,-0.023669775681386396,0.010111245256985146
2022-06-16,1655352000,2022-07-05,1656993600,0.75,409.3270145184521,507.04139946948965,439.98,440.79,407.75,415.35,3373545.0,473.53,481.75,467.39,481.22,804837.0,3.6672208263450727,-11.566310639736017,-0.6793323912832676,-7.414952274081159,0,1.9949790747554559,-2.005824016942588,-3.7446529492864853,10.394875943595679,-7.289695666881428,3.443895458933129,-3.469397492540388,0.47292889202849303,0,0.23548972615730818,-46.0,-52.00000000000001,6.000000000000007,-3.949544906695479,-3.092791504844058,0.07174614306136107,4.287569287455714,-0.015980216948589088,0.0011013673579651773,-0.02873945388803467,0.0006238043749480227
2022-06-22,1655870400,2022-07-18,1658116800,0.25,442.9289631550529,507.04139946948965,435.52,453.3,434.035,448.24,1591505.0,475.09,482.9,472.97,474.01,1003297.0,2.6164497830348807,-7.074161645653803,0.5454561436819176,-5.451474300823477,0,0.6246995821642827,14.123028770916084,0.13632298672237125,-0.21676014957100875,-1.380656271610249,3.1741577292970202,-10.46070833462322,-0.6668581527252108,0,0.15380332961972218,14.0,44.0,-30.0,-2.228855931309468,-1.3748984270076505,0.7135038563903464,1.9720792707627963,0.002278432944452513,0.01875487858905922,-0.00219404653910249,-0.0054343264792279244
2022-07-01,1656648000,2022-07-26,1658808000,-0.25,447.15331749722014,507.04139946948965,465.45,483.2,463.72,480.92,998386.0,479.02,482.69,474.18,479.01,885224.0,2.889816432698325,-5.374106948553958,1.5271970661711975,-4.315768633918566,1,1.4125918092089265,3.1548798346110725,7.432895871528798,9.912832056276642,-1.1239257167230647,3.0813031503365016,-8.392998373740717,0.6408702393851866,0,0.16480514776098606,38.0,84.0,-46.0,-1.2421452579278167,-0.9050425386581651,-0.06003183694572556,1.7483680960989165,2.087639088954596e-05,0.007682511847351803,-0.010083296799649255,6.263309532750228e-05
2022-07-06,1657080000,2022-07-27,1658894400,0.25,447.15331749722014,503.6361608868473,480.08,484.31,468.36,471.64,1091223.0,478.27,482.84,466.68,475.94,1577043.0,3.458856748250213,-4.271774342904976,2.2936910815088822,-3.547883486714028,1,0.2709378903790025,4.137583966041622,6.830857683023281,8.923321414420833,-0.3317205239966796,3.122193566799377,-9.305027649501033,-1.1420493855615959,0,0.17685547906137655,34.0,80.0,-46.0,-0.40645879732737455,-0.24052292529972874,0.5616939414610158,1.0598315990779397,0.0048955750724881675,0.014497625751145105,-0.019456233979072923,-0.006409052003089721
2022-07-19,1658203200,2022-08-02,1659412800,-0.75,419.43351559852675,503.6361608868473,479.27,485.02,472.7,482.95,957952.0,428.67,442.78,425.4,437.65,1604164.0,14.9631113564499,-2.0649050271913296,9.751535092730109,3.097727255417169,0,-9.38998953377849,-9.054070903121243,-12.94014610011424,-1.2584788119453236,5.325749999452938,3.8737212845747613,-5.082999062232357,1.1049958035117144,0,0.0681645075988147,18.0,-28.0,46.0,6.449103164629278,5.336822010001967,7.817924092159558,-5.433337604368135,-0.02051867930995077,0.011721695418713596,-0.027990403290300447,0.02599868717179299
2022-07-27,1658894400,2022-08-15,1660536000,-0.25,419.43351559852675,481.9848553679648,478.27,482.84,466.68,475.94,1577043.0,470.0,483.53,468.77,480.92,954438.0,4.536268776700126,-11.37545200883855,-0.28144112672931954,-6.760687155174779,0,4.7368672724526775,1.45777515242295,0.7869512041627976,-0.1576209696807922,-6.13120403918991,3.3949125981454777,-9.777878127153496,0.6545370096933593,0,-0.012117869671794021,-18.0,-28.0,10.0,-3.419591616069212,-3.479687853343677,-2.3058430361095077,2.9953521317407814,-0.02270647924810787,0.005427098062047664,-0.025264077185394695,0.005856270392370133
2022-07-28,1658980800,2022-08-16,1660622400,0.75,419.43351559852675,510.386101068524,443.58,452.3,430.16,435.58,3396170.0,480.0,484.27,475.62,482.83,1104429.0,4.119103777833615,-11.724886351410262,-0.7068409170929755,-7.084445871217611,0,5.303326214879405,-0.02484729268040264,3.2329006520606405,6.588893348603392,-6.550379048816097,3.267914138235818,-9.379568557487385,0.7574593625561127,0,0.011699945323328152,-21.999999999999996,-28.000000000000004,6.000000000000007,-3.8028912867883093,-3.4937445365440567,-2.5867252271782917,3.4952606478641837,-0.005861276225586631,0.002982416171323221,-0.014932792080028179,0.003971554520502352
2022-08-03,1659499200,2022-08-19,1660881600,0.25,450.1565565018627,510.386101068524,438.0,461.83,434.67,452.18,2623023.0,452.58,457.98,449.82,454.46,966757.0,8.581042495231301,-6.021081222512009,4.574656368730643,-1.9424122401678119,0,-3.9514251027848957,-6.4319538809965024,-0.4240191878052477,20.519099781907514,1.2559917706782358,3.340859204487254,-11.564717766567966,-0.6706542353788897,0,0.09721430082128908,-34.0,-28.0,-6.0,1.279980636359653,2.1284025840794243,3.2152953388135757,0.2803378832378066,-0.004136777714210282,0.007745456145755503,-0.010209919464859385,-0.00788089156679117
2022-08-16,1660622400,2022-08-26,1661486400,-0.75,425.1977608936828,510.386101068524,480.0,484.27,475.62,482.83,1104429.0,437.88,446.01,425.35,425.77,1339397.0,14.698964796218434,-1.7203613248606615,9.988449945588783,3.2452599603854964,0,-10.526815224161034,-1.4649386716038049,-14.248403311045937,-7.461165686974546,6.6923981016866065,3.5486627080972064,-9.11098981859912,-0.9572516909352264,0,-0.1700695139925821,18.0,-32.0,50.0,6.489301735678893,6.078729096552735,8.619914544960011,-3.86912777085319,0.028442586372924294,0.04753740282312058,-0.0009864480822978638,-0.02911935057235382
2022-08-17,1660708800,2022-09-02,1662091200,-0.75,398.3804820103248,481.9848553679648,479.34,479.34,463.55,465.28,1057024.0,420.33,422.02,405.35,407.14,973171.0,21.095694935688215,-2.5693894879306782,12.771771380851817,6.465714496242072,0,-13.238674906231317,-12.06099615534149,-24.135627030879224,-14.200790892289902,6.515671659535215,3.5253472511552584,-4.811217083796315,-0.7497216617759969,0,-0.299034161006912,-2.0,-52.0,50.0,9.263152723878761,7.228525161453689,11.409112707910694,-3.9249651152500427,0.03239671857346371,0.03654762489561336,-0.004396522080856613,-0.03138010610710629
2022-08-22,1661140800,2022-09-06,1662436800,-0.75,372.36915973307674,453.1334129317313,452.83,457.31,437.41,438.51,1013836.0,406.33,410.4,394.68,397.0,1161298.0,24.20111309204782,-1.78222140439037,14.791475230898413,8.336694374475243,0,-15.483259655379129,-14.448874043745288,-26.45811472744184,-20.836939630343366,7.9593348905012675,3.6399835260632556,-3.2420577237965738,-0.8938207057998511,0,-0.38523103659145386,-6.0,-56.0,50.0,11.209445843828718,9.018041615743172,13.695668555689196,-4.268324057539322,0.023501259445843692,0.03375314861460943,-0.005843828715365262,-0.02490543793289779
2022-08-29,1661745600,2022-09-07,1662523200,-0.25,372.36915973307674,425.1977608936828,423.39,429.68,417.52,418.3,1059002.0,398.33,405.48,397.1,402.55,1333589.0,22.46675319286362,-4.355214253601417,12.51645509874551,6.2266823997019,0,-13.257945374704327,-11.038674033149169,-27.331512070451176,-14.018904163434371,5.3882931912790895,3.48385382082305,-1.7849811752253864,1.0187494686011964,0,-0.31167576826483817,-10.0,-56.0,46.0,9.055769469631116,6.79928407681399,11.65252108074857,-3.8062824704486644,-0.010483169792572467,0.007278598931809821,-0.013538690845857682,0.013979848866498834
2022-09-06,1662436800,2022-09-08,1662609600,0.25,372.36915973307674,423.62413841062653,406.33,410.4,394.68,397.0,1161298.0,398.85,402.79,391.81,395.91,1324115.0,24.17047519955662,-4.087628087839349,13.5708426999402,7.2058910695191685,0,-14.765858263004048,-14.432989690721643,-28.67586392013039,-14.692935884197482,6.256700062353488,3.4873599740273127,-0.16884968846549597,-1.006297568509841,0,-0.29077228431424634,-14.0,-64.0,50.0,10.041423555858643,7.7723273203395,12.99470397023839,-3.632914452481975,0.007425930135636971,0.0173776868480211,-0.010355888964663773,-0.016494845360824684
2022-09-07,1662523200,2022-09-12,1662955200,-0.25,373.52822963861604,423.62413841062653,398.33,405.48,397.1,402.55,1333589.0,409.99,413.7,405.07,406.45,1074198.0,18.480597426767503,-7.351307231171489,8.966079468569333,2.895246647804157,0,-10.599108021788489,-14.98996067932737,-27.364296272571277,-3.0654055111870093,2.3424701412382944,3.279403247087134,0.7679551382840017,0.8165654699802167,0,-0.2525981358298466,-21.999999999999996,-64.0,42.0,5.564645097798021,4.063179091412977,9.285638675081984,-1.6271962844003536,0.008709558371263526,0.017837372370525184,-0.003395251568458546,0.0013303441649625825
2022-09-08,1662609600,2022-09-16,1663300800,0.25,373.5072143497402,423.02357349834006,398.85,402.79,391.81,395.91,1324115.0,375.46,381.44,371.61,377.58,3586247.0,19.891014446955694,-2.1933080006396892,12.550253367939717,6.048629870932416,0,-16.82377301573912,-17.571550199751133,-33.17373730940576,-15.357562087027418,5.48053093020458,3.5279769093348032,6.231211844954839,2.523207264400175,1,-0.18601628170098675,-38.0,-84.0,46.0,8.848853223158002,8.34784133738215,15.17511814050414,-2.5267419417582353,-0.005614704168653062,0.010222999099528618,-0.015811218814555827,0.004202127659574506
2022-09-09,1662696000,2022-09-21,1663732800,-0.75,349.6993654916093,423.02357349834006,400.35,408.09,399.5458,405.91,1214470.0,365.21,365.375,352.79,353.03,1307222.0,25.713237212794994,0.41202126382175663,16.93824320879247,10.115924992210296,0,-21.799921130257232,-18.291441003564326,-39.19093495247624,-23.238894593505407,9.921729112799,3.68858123886753,11.300834912594517,-0.8946847435753621,0,-0.1266777453057284,-46.0,-96.0,50.0,13.06262923830839,12.426734280055456,20.86409126178097,-3.3328335914538556,0.03450131716851268,0.03496869954394821,-0.0006798289097242893,-0.027304788670303726
2022-09-13,1663041600,2022-09-22,1663819200,-0.75,325.17135968209266,398.3804820103248,395.99,401.845,386.27,386.89,1504443.0,352.03,352.93,331.54,333.96,2205630.0,33.282889639796224,2.903479985308593,22.400511039246226,14.841872280113378,0,-24.99551872503838,-22.18649517684888,-42.74220176421526,-34.077108929355774,13.936547233322628,4.08032994795062,13.580851337098089,-1.481616695900254,0,-0.3044971535024484,-46.0,-96.0,50.0,18.093184812552423,17.051684269982644,26.676897830266185,-4.528863258058134,0.05410827644029226,0.05680320996526533,-0.007246376811594124,-0.054018072118516836
2022-09-19,1663560000,2022-10-03,1664769600,-0.75,300.3883542875415,373.5072143497402,374.77,377.545,365.58,372.13,2202562.0,307.99,321.15,304.17,320.27,2418271.0,34.58653118020331,-11.415456774233334,16.117144908983036,8.03340931089393,0,-18.023114421428744,-21.336640958883923,-50.43730118109069,-36.10163892104373,6.861428080781295,4.414510760000116,24.331572866753163,1.523904284681917,0,-0.2916524018750462,-34.0,-80.0,46.0,11.58553720298498,9.823885571003245,23.70916804542999,-2.440048151372345,-0.03834264839042045,0.0027476816436131646,-0.05027008461610505,0.05577715510136794
2022-09-22,1663819200,2022-10-05,1664942400,-0.25,300.3883542875415,350.1307507177088,352.03,352.93,331.54,333.96,2205630.0,324.42,332.02,319.63,329.28,2446761.0,27.481158383508912,-14.720893563295107,10.649663913184341,2.851200599287367,0,-14.685629980336884,-18.201465656440202,-43.77459809994107,-20.285889801807045,1.5160139832049566,4.179080517461492,22.953996130536567,1.482292214250544,0,-0.16095303503158545,-42.0,-80.0,38.0,6.38013241010691,5.562468152109943,18.752885065129703,1.2541151915791389,-0.014759475218658724,0.008321185617103932,-0.029306365403304113,0.0022523893589820876
2022-09-23,1663905600,2022-10-12,1665547200,0.25,300.3883542875415,350.1307507177088,330.98,334.14,318.53,321.66,2088581.0,307.31,310.53,302.77,306.31,1367490.0,23.411231038134957,-8.105495019069323,12.22429564819953,3.9459632398550326,0,-18.10033847370913,-20.461686271454912,-38.53787152732428,-8.621789419897617,3.476535965506116,4.137438155197061,22.278230477241678,-0.8668928773874103,0,-0.15205729526549017,-38.0,-56.0,18.0,7.652868009532824,9.047575204282921,23.074894939091294,2.1926420018818398,0.003264666514315673,0.013776892690411602,-0.011556919460677162,-0.006905719102580754
2022-10-04,1664856000,2022-10-13,1665633600,-0.25,300.9836806768931,350.1307507177088,323.51,330.6,321.0,328.54,2591851.0,299.2,326.76,297.66,325.94,2161019.0,13.70419821910103,-12.901289708332158,4.743398580515816,-3.5071843488576633,0,-10.5783641073915,-13.313829787234043,-34.91698012455372,-0.6230289874165749,-2.9455219628154055,4.248240880692186,20.646245967664306,1.3780064427898395,0,-0.029574405484574375,-42.0,-56.0,14.0,0.4014542553844507,2.2438971320538457,15.04838989798796,3.464477584728826,-0.08203963919739832,0.002515800454071293,-0.08676443517211752,0.06408540367601456
2022-10-06,1665028800,2022-10-14,1665720000,0.25,300.71613382203856,350.09544906984326,327.37,330.475,321.24,323.95,1397357.0,328.95,331.95,321.75,323.31,1851139.0,11.730682120251927,-10.972895475854926,4.809254276081788,-3.519888033157031,0,-11.183030798048293,-14.373112982679162,-32.27443607759748,7.067250861111852,-1.845101013424994,4.202232095796281,18.626378791638977,-1.1709229651519515,0,-0.0016855986393485658,-46.0,-56.0,10.0,0.37889332219849337,2.7826957752784836,15.357429551566156,4.137226976582387,0.017444557854690457,0.026723577990164227,-0.004825090470446325,-0.008068969749033594
2022-10-13,1665633600,2022-10-18,1666065600,-0.25,300.71613382203856,350.09544906984326,299.2,326.76,297.66,325.94,2161019.0,337.66,343.82,326.855,328.87,1091695.0,4.728159541645979,-9.630096477213229,2.0154265616606324,-6.3498697560332715,0,-8.901756273487976,-9.387226538821842,-26.22754198505807,12.47840514659164,-2.8646710003390297,4.183673443832255,13.592016245488765,-0.6829049107637429,0,-0.011128692639665714,-46.0,-48.0,2.0,-2.4509684677836248,0.9293286560722294,12.408538480786873,5.44819826021838,0.02672788639888113,0.04545869188433116,-0.006127041080062012,-0.008501914438180158
2022-10-14,1665720000,2022-10-19,1666152000,0.25,300.71613382203856,349.49335512357146,328.95,331.95,321.75,323.31,1851139.0,329.14,330.94,320.44,324.65,1625021.0,4.098714922958351,-7.338819651127153,2.8208224241490996,-5.588988141074992,1,-9.975845070106324,-8.038976857490864,-24.56451993724788,12.426897342744525,-1.3848349356655376,4.166355176156846,11.496695042717377,-1.0101178436111382,0,0.013750830149741211,-42.0,-40.0,-2.0,-1.6200523640844011,2.027815741102444,13.325784114937818,5.307868766273732,0.013830278761743475,0.019374711227475805,-0.012967811489296155,-0.012831818043603893
2022-10-17,1665979200,2022-10-26,1666756800,-0.25,300.8244299391849,349.49335512357146,328.28,335.86,324.82,331.69,1682365.0,350.8,354.52,344.25,344.87,1348414.0,0.6414173242339274,-12.594037151995124,-2.5949546205816603,-9.437646069533457,0,-2.32022635844546,7.4093683817117295,-11.279052227042463,25.986075083817312,-5.330383966055464,3.552430530094636,3.483164516565296,-0.7986013085127812,0,0.08679557321224117,46.0,68.0,-21.999999999999996,-5.976309913880598,-3.133586268435735,5.100118914710933,6.485424995830762,0.01719488502914146,0.02798155826833293,-0.0017977788731986521,-0.005307028929076085
2022-10-19,1666152000,2022-11-01,1667275200,0.75,300.8244299391849,372.3152638546366,329.14,330.94,320.44,324.65,1625021.0,374.13,379.67,356.0,357.0,3098721.0,3.231392176307722,-16.436994417204076,-2.7053744164332443,-10.511099906629312,0,1.2775308474282312,8.662567723869232,3.761533144718232,32.162521031883884,-4.249303805507651,4.346421452092005,0.44602178458732666,-1.7195195268716958,0,0.05255557454706637,42.0,80.0,-38.0,-6.602801120448177,-3.83787400110171,1.5120664605654355,7.0891385256519115,0.04798319327731093,0.06350140056022413,-0.0028011204481792618,-0.028888526195527953
2022-10-20,1666238400,2022-11-04,1667534400,0.25,321.34390621015973,372.3152638546366,325.66,331.7,323.1306,328.12,1376444.0,350.4,352.81,342.38,348.82,1331816.0,6.577778817234957,-13.179751181204864,0.7641897444718353,-7.271456147392158,0,-1.3961341243253287,11.611685278213299,3.7149462497328702,18.419667378539003,-0.475235467047014,4.232092427959401,-3.834764685263657,0.7321020943739174,0,-0.07597628050374279,30.0,48.0,-18.0,-3.3009861819849675,-1.2464000183974804,3.418990748118773,3.466778776596659,0.00452955679146827,0.011438564302505672,-0.018462244137377404,0.004535702457918678
2022-10-27,1666843200,2022-11-10,1668056400,-0.25,321.34390621015973,374.9174890496975,354.05,367.87,353.505,355.26,2169548.0,366.65,374.34,362.8,373.16,1750095.0,0.4387684885940075,-15.0464434805546,-3.7459856361882373,-10.744040090041807,0,7.012017515764853,14.487328956249627,8.692703125996164,18.33887404232337,-5.027365239080808,3.8754780381928846,-5.935501121753539,0.9656598438059915,0,-0.0513527576770789,50.0,84.0,-34.0,-7.303837495980289,-6.45140229041192,-3.4345764141405652,3.0152588890533396,-0.01744559974273785,0.0031621824418479605,-0.027762889913173994,0.06653709843374878
2022-11-02,1667361600,2022-11-17,1668661200,0.75,321.34390621015973,402.44752990879044,354.11,358.52,346.06,347.245,1573425.0,386.1,388.0,380.11,384.29,1224451.0,3.8859991167768015,-15.773896277775037,-2.4446815339110373,-9.498729258285849,0,8.037405583502867,17.11873704742168,22.477094157594305,0.98145256060441,-4.559875997905422,3.6637066487168966,1.4442558394703617,-0.6864391861740178,0,-0.13947901996487713,34.0,80.0,-46.0,-5.943948580499111,-5.059652865296101,-4.8631191519405235,4.216276984735737,0.004709984647011334,0.009654167425642068,-0.010877202112987594,-0.011879355120722024
2022-11-07,1667797200,2022-11-21,1669006800,0.25,348.8810030147927,402.44752990879044,349.33,354.26,343.665,353.28,1166806.0,376.6,376.6,364.3,369.0,1532756.0,7.980600356052392,-10.016643716486001,2.9359981933152426,-4.804245709123762,0,2.258189962484579,9.472809802118256,18.954855326468284,-3.3164105110282023,-0.18722816295253608,3.8556836587852623,0.36417703225879805,-0.85450070995616,0,-0.09829316942285808,26.0,68.0,-42.0,-1.0180216802168047,-0.7958385650822919,-0.7952446780600297,1.2775934706700411,0.020596205962059688,0.020596205962059688,-0.012737127371273638,-0.014370425770607431
2022-11-11,1668142800,2022-12-05,1670216400,-0.25,349.0411573525341,402.44752990879044,377.56,398.07,371.95,394.4,1708433.0,389.91,394.97,386.42,387.79,1929771.0,5.221463914102472,-8.763845099795745,1.1233029904501564,-5.015888324436773,0,6.377593605248435,11.171951149590056,20.21487798746138,9.390185625094624,-0.6557083559824264,3.3154558975801987,-4.766557254830214,-1.1601709782734189,0,0.07825434303660937,-10.0,28.0,-38.0,-1.7711905928466365,-2.1305350634240483,-3.844950391902188,-0.321253234054133,0.005466876402176357,0.01851517573944661,-0.0035328399391423293,-0.012478036109908497
2022-11-18,1668747600,2022-12-08,1670475600,0.25,349.0411573525341,401.07883627837407,385.51,388.58,370.35,374.38,1254540.0,375.0,379.8,371.04,374.31,915805.0,6.8071524818029445,-1.6034443254619362,5.799219007418088,-0.8136606912274118,1,0.7698029570133968,6.98239396364468,11.914045863398488,8.778971299986019,2.2527471598185826,3.4363241110214306,-5.584122584266932,-0.5718240917852704,0,0.07840245237034435,-21.999999999999996,24.000000000000004,-46.0,2.601854078170504,0.9804170419394751,-0.36343860547619045,-2.737982622991165,0.0018433918409874739,0.014666987256552133,-0.008736074376853309,-0.0015471204886766676
2022-11-22,1669093200,2022-12-13,1670907600,-0.25,350.74720688181935,401.07883627837407,371.78,387.52,369.35,385.55,1590433.0,401.17,402.9,383.9801,392.68,1753810.0,1.5832586542342142,-5.921141917960398,0.8748548436385875,-5.374164714271174,1,7.5115679733576926,1.2557695778860793,12.307801948609399,23.559275100855146,-1.9930091680774638,3.3725556419337583,-7.463170125043469,1.1250706404720308,0,0.15746888330359607,-34.0,8.0,-42.0,-2.168941631863092,-3.1947213219990687,-4.647387400505963,-1.2062200603123578,0.021620658042171836,0.02602628094122439,-0.022155189976571288,0.021540062434963758
2022-12-06,1670302800,2022-12-14,1670994000,0.25,344.29131583705146,398.18923418192355,385.73,385.73,366.94,371.17,1386650.0,343.07,350.81,326.64,328.34,5944223.0,24.57553333582652,7.486049170112466,19.87397616292057,12.128757791719977,0,-12.359728557844996,-16.259022163278843,1.83932050314983,5.383969796098121,13.320571393379183,5.181988388162343,-6.400608342468672,-3.6559770294182803,-1,-0.10318552131797537,-38.0,-88.0,50.0,16.030791252969493,14.272435337682879,13.486983952723392,-4.772586610922812,0.04486203325820792,0.06843515867698136,-0.00517755984650059,-0.16384842619945006
2022-12-09,1670562000,2022-12-15,1671080400,-0.75,313.1488692824516,398.18923418192355,371.12,383.5199,369.73,380.57,1216523.0,325.0,333.8,312.77,313.43,3375646.0,33.22761017463037,7.465048473233566,24.646932329387752,16.16684108094313,0,-15.285590064294723,-19.408089275153635,-7.389493815012947,-1.7053673187419847,16.476621762865904,5.520007401014559,-4.950271057739034,-2.0527264513294585,-1,-0.20634974154130745,-42.0,-92.0,50.0,20.346329323931982,17.831431481886455,18.14499652114978,-7.758391905017377,0.03691414350891753,0.06499058801008206,-0.0021057333375874565,-0.045410245477249145
2022-12-14,1670994000,2022-12-20,1671512400,-0.75,282.8886103388945,374.9174890496975,343.07,350.81,326.64,328.34,5944223.0,305.75,311.67,302.44,309.29,1580091.0,39.43747010636082,-2.2241751404712033,22.764787093019507,14.482547124058314,0,-15.209576584725696,-16.18157181571815,-23.446301373906923,-12.561579479617194,11.639676672464986,5.095412880620976,-0.3575680041096163,0.9108167392849389,0,-0.3693562213527748,2.0,-40.0,42.0,18.60664748294481,14.178346351100757,17.40668083258197,-10.162337378396927,-0.011445568883572066,0.007695043486695363,-0.022147499110866886,0.010223412594721593
2022-12-15,1671080400,2022-12-30,1672376400,-0.25,282.8886103388945,344.29131583705146,325.0,333.8,312.77,313.43,3375646.0,336.3,339.87,334.98,339.1,1393311.0,20.414192304754295,-15.666625215400146,5.886017890494429,-1.0893492578393733,0,-4.470822667331284,-12.863603659163324,-17.896786709198867,-7.496203329786617,-2.838238955102298,3.7628902138800053,-3.826424222731994,0.8064597162168629,0,-0.18054131797261086,-26.0,-40.0,14.0,2.3737835446770816,1.134174301288752,4.859575935706118,0.36643447305321075,-0.008257151282807462,0.002270716602772005,-0.012149808316130994,0.00047205995161392345
2022-12-16,1671166800,2023-01-05,1672894800,0.75,282.8886103388945,363.57642493970224,309.0,313.99,303.5501,304.96,5184909.0,362.4,365.88,355.37,361.43,1615636.0,9.506823516210801,-20.027532920521438,-2.19271597081962,-8.387010855029558,0,3.3222209461576,-2.624134493628259,-9.254510715338398,5.125327448430525,-9.963983393353331,3.4669723709491085,-6.147365203727027,0.9498433005122243,0,-0.005701038168650402,-38.0,-40.0,2.0,-5.260354702155325,-4.393001810743286,-1.7120791106245292,3.8960753467608438,0.002683783858561828,0.012312204299587792,-0.01676673214730373,0.02098870056497182
2022-12-21,1671598800,2023-01-12,1673499600,0.75,313.1488692824516,385.74198714138225,311.01,322.4,309.67,321.34,2132041.0,380.61,388.57,377.755,385.47,1330558.0,1.0082464510543332,-24.212386851085483,-9.033895417715186,-14.288016360979256,0,10.694314174217794,-1.8361006417439083,9.484230886000189,37.753003583886695,-9.358888180056638,2.9131407531982325,-3.5905676816890058,0.8144641050617182,0,0.3999622560683449,-30.0,-12.0,-18.0,-11.602070200015575,-7.283150773294494,-6.909527857427378,6.603554008677508,-0.012607985057202953,0.008042130386281654,-0.020014527719407593,0.018603176280950207
2023-01-03,1672722000,2023-01-17,1673931600,0.75,341.1754906013272,405.31964697535835,342.06,345.53,337.18,341.58,1618787.0,385.89,390.98,383.77,388.35,986297.0,3.36965316259203,-24.4073768654374,-8.574170207287253,-12.973052658684182,0,11.509455091546464,23.903263886673265,16.208392213736953,37.06809011872846,-7.934410568271559,2.7332525871737507,-1.371042035608351,-0.6254607896468073,0,0.3043547878492216,-38.0,-12.0,-26.0,-10.518861851422685,-6.5221366074799505,-7.014339844619357,6.359742615133702,-0.006334492081884968,0.00677224153469802,-0.011793485258143499,-0.0003089041624836364
2023-01-06,1672981200,2023-01-19,1674104400,0.25,363.57642493970224,405.31964697535835,367.07,370.29,360.79,367.73,1214115.0,379.09,385.01,373.85,384.2,1420494.0,5.401920823350778,-20.47375840794217,-5.595814679854243,-10.076702238417482,0,9.186221794645057,25.4899399007055,18.907468989380277,27.355294153230403,-5.063791413169284,2.757558915646195,-0.8616140633091689,0.9029643405194173,0,0.38042298679191505,-46.0,-12.0,-34.0,-7.535918792295689,-4.564915655329131,-5.570762464180248,4.6327530503196,-0.013300364393545094,0.0021082769390943223,-0.02693909422175944,0.006127900277588472
2023-01-13,1673586000,2023-01-25,1674622800,-0.25,366.75010697841304,405.7276491186363,383.97,389.96,383.67,388.47,848444.0,390.7,406.1,387.03,403.76,1324604.0,2.883636381419109,-19.496971035669148,-6.229598441318274,-10.852656693745445,0,14.425391141055627,20.915189266890263,27.25105707377419,28.369029487385774,-5.242537772074769,2.8174520438808934,2.371801695069756,0.828753606515708,0,0.3147937841775154,50.0,96.0,-46.0,-8.306667327125012,-6.690622504003429,-8.889958024804884,3.6357665926646483,-0.032345948087973087,0.00579552209233225,-0.04143550624133152,0.029921179501568806
2023-01-18,1674018000,2023-01-26,1674709200,0.75,366.75010697841304,426.1852504267463,386.3,390.975,381.25,381.86,1296376.0,401.43,412.65,401.42,410.39,2118013.0,2.119058518761264,-19.804187298702274,-6.808067123143033,-11.438067854154994,0,16.275806643832027,23.31800835361638,29.985552746413894,29.18998444443855,-5.638216574445238,2.769398391788567,3.7048896201248276,1.3184019686820079,0,0.35970455857778255,50.0,96.0,-46.0,-8.842564389970505,-7.417300976436138,-9.95552595606884,3.813572854061018,-0.021832890664977178,0.005506956797192819,-0.02185725773045144,0.016420645928274302
2023-01-20,1674190800,2023-01-30,1675054800,0.25,384.5443050468199,426.1852504267463,382.8,400.15,382.435,396.11,2274842.0,392.02,395.76,387.845,390.94,1536787.0,6.847213741574748,-12.54399585647728,-0.49640012960216495,-5.631218771849049,0,7.029467401380373,15.341948427450285,26.585097561434058,9.912534500206512,0.18304333761199132,2.9399070792093016,3.611308400549465,-0.9288239251401231,0,0.13126312252405317,42.0,88.0,-46.0,-2.8483910574512663,-2.2246977911764105,-5.021159640092378,1.422330396724071,0.002762572261728158,0.012329257686601425,-0.007916815879674521,-0.008797951370401402
2023-01-26,1674709200,2023-01-31,1675141200,-0.75,363.9108349032639,426.1852504267463,401.43,412.65,401.42,410.39,2118013.0,390.23,393.01,381.94,384.31,2005880.0,8.002505157495946,-9.170832809651756,1.9307867780350847,-3.453423885231544,0,4.200017374459314,13.332350339132992,23.63130518133288,2.3440394050789237,2.082739398935047,2.9827584420499624,2.618871154901349,-1.196487789272701,0,0.017081453486818443,38.0,76.0,-38.0,-0.5841638260779121,-0.48667850422930314,-3.2499618789767766,0.07954286067678673,0.015404230959381815,0.02263797455179417,-0.006166896515833575,-0.01695912416227552
2023-01-27,1674795600,2023-02-01,1675227600,-0.25,363.9108349032639,406.433527322979,405.0,410.94,393.93,394.41,2997794.0,381.23,401.51,380.28,398.68,1766312.0,3.570724023395684,-10.473503194660864,-0.9287632520651528,-6.441971840406666,0,8.857131823200014,16.716435388488797,23.207847960637753,4.126972350753995,-1.4112787161121076,3.0502355378525694,2.2959394732041183,1.0468208622589987,0,0.045487378143441504,34.0,76.0,-42.0,-3.451389585632583,-3.6855758411384727,-6.473010426356424,0.05630098927372629,-0.04376943914919229,0.007098424801845971,-0.04615230259857539,0.03739168900106682
2023-01-31,1675141200,2023-02-02,1675314000,0.75,363.9108349032639,428.894805150841,390.23,393.01,381.94,384.31,2005880.0,404.82,415.29,399.75,412.25,1175195.0,0.5314568588778741,-12.377424111758401,-3.4353765918738475,-8.884130988477864,0,12.633967256516677,16.454802259887007,24.610444676290555,3.9727754773255057,-4.325120779078077,3.026922421381584,2.8004789868976445,0.6971456580762675,0,0.052306593394764365,50.0,96.0,-46.0,-5.922983626440256,-6.203002356470776,-9.177057041924826,0.8101607015291421,-0.018023044269254163,0.007374166161310036,-0.03032140691328078,0.03403732316644925
2023-02-01,1675227600,2023-02-17,1676610000,0.25,384.3076264828214,428.894805150841,381.23,401.51,380.28,398.68,1766312.0,398.33,401.05,390.51,395.62,746455.0,4.311148630200435,-2.345878926949837,3.7667020541597225,-2.0424051699442316,1,4.0215574327288905,-0.12370301178965667,15.285482437154757,-12.202571431516745,0.6831180390048246,2.8418996781278527,1.489223699807777,-0.4787337680869979,0,0.1682484962035891,6.000000000000007,44.00000000000001,-38.0,0.9826348516252921,0.006781478712099442,-3.0181590481236356,-1.8947397208504508,0.006850007583034223,0.013725291946817597,-0.012916434962843115,-0.011864025776157083
2023-02-02,1675314000,2023-02-28,1677560400,-0.75,363.2256914789171,428.894805150841,404.82,415.29,399.75,412.25,1175195.0,372.79,377.79,362.525,367.61,2206427.0,13.630256091142414,0.28857092662093464,9.743795507920524,4.008097349546148,0,-7.467655434067382,-5.967667672788659,-5.473553603609835,-12.663794288057382,5.134677954099146,3.059544175108373,-4.106567415824287,-1.4804617604640842,-1,-0.1407139948095067,-18.0,-68.0,50.0,6.959413508881667,5.233259975062566,3.960141975497365,-4.625666156379658,0.01409102037485388,0.027692391393052462,-0.013832594325508096,-0.019837355019330705
2023-02-03,1675400400,2023-03-02,1677733200,-0.75,342.97910190709484,406.433527322979,405.86,408.98,402.38,406.3,928149.0,359.48,364.55,359.48,363.09,1024876.0,15.83578576293398,-0.8337201593645887,10.161989222139596,4.794724907506847,0,-9.031666380140038,-8.926958964583132,-12.347825245265941,-19.005168876464154,4.979298451521586,2.9763452809777093,-3.4248031911924564,0.7509293453677104,0,-0.09555524240598168,-26.0,-72.0,46.0,7.501032801784689,5.3432360553974405,4.84458130600747,-4.847408572484824,-0.009942438513867002,0.004021041615026588,-0.009942438513867002,0.0015170739780436815
2023-02-21,1676955600,2023-03-06,1678078800,-0.25,342.97910190709484,384.3076264828214,385.06,386.55,377.81,377.91,2151731.0,373.14,373.14,367.22,369.11,889667.0,12.700554097788611,-3.357810742149397,7.184443661781032,2.199750751808409,0,-5.765476834712459,-9.153334974157026,-14.183051433155214,-12.230824261752403,2.43791885203224,2.7810016836397864,-4.850038948484393,-0.6646596194942895,0,-0.10692871716077543,-34.0,-72.0,38.0,4.671371677819607,2.9878285037465275,2.9024674243775195,-3.452665308739415,0.010918154479694353,0.010918154479694353,-0.005120424805613477,-0.0023514784582950865
2023-03-01,1677646800,2023-03-08,1678251600,0.25,342.97910190709484,382.3042202423761,365.28,371.36,360.1,362.54,1257984.0,358.96,360.67,351.415,353.87,943499.0,16.94897217986211,-1.2887014589759218,10.636425806086976,5.256857037895273,0,-11.583232142313506,-12.106008295869454,-19.631489935575992,-18.056922127140353,5.600813894277692,2.967293489174214,-3.7932736556810767,-0.724098334300385,0,-0.21251085789786406,-42.0,-92.0,50.0,7.83013536044308,6.1734771979016045,6.812562599751587,-3.6799075626425672,0.014383813264758238,0.0192160963065533,-0.006937575945968777,-0.011121978482604544
2023-03-03,1677819600,2023-03-15,1678852800,-0.75,325.1787162817605,382.3042202423761,367.52,370.99,365.66,369.98,1152511.0,332.23,345.81,329.1,341.94,1489453.0,19.411794408260022,-5.247321108850741,10.165073794622842,4.233717416310867,0,-12.05340330196659,-14.54277359858046,-32.53936258822892,-17.586311367605106,3.9868176581727965,3.359580348323333,4.157634074822596,1.1441103236451104,0,-0.21496329664297595,-26.0,-64.0,38.0,7.08223664970464,5.453364782323874,8.377699245980352,-3.59797363932023,-0.028396794759314448,0.011317775048254042,-0.03755044744692049,0.017254715297197576
2023-03-07,1678165200,2023-03-21,1679371200,-0.25,325.1787162817605,365.075129568105,368.23,369.2818,354.38,357.85,1236347.0,351.66,355.43,350.09,352.29,968078.0,10.205599837687345,-7.442819174029566,4.357854797657225,-1.425783682004436,0,-6.395405576603018,-6.779391918710805,-26.011958239416266,13.636828401438706,-1.17600922237105,3.1625298197590004,3.5411731801756687,0.7210496063311873,0,0.003868122897984404,-42.0,-64.0,22.0,1.3813903318288965,1.324257893265468,4.306694964859787,0.4447520964326497,-0.0017882994124158724,0.008913111357120584,-0.006244855090976276,0.010150537634408652
2023-03-09,1678338000,2023-03-24,1679630400,0.25,323.68704434846165,365.075129568105,351.68,352.96,342.8,343.01,1062955.0,340.64,346.37,335.8,343.95,1043825.0,9.54324784566218,-5.141735998009906,5.529666133643445,-0.7919445655860784,0,-9.199065188573108,-8.233504975854435,-25.211721833962248,3.7268293784605433,0.20860365619486743,3.275732500990431,5.102127416220835,0.7821320715338034,0,-0.06784855827366333,-46.0,-56.0,10.0,2.2007559238261365,2.707789296983009,6.020985003212203,0.6715417867022548,-0.009623491786596938,0.0070359063817415635,-0.023695304550079843,0.00520209252710635
2023-03-16,1678939200,2023-04-11,1681185600,-0.25,323.68704434846165,365.075129568105,340.25,350.69,337.3,346.45,2543282.0,354.87,359.76,353.43,358.52,1185661.0,0.3865748888390925,-5.866603896983662,-0.25017851165904403,-5.467374205065269,1,0.3304877908706132,6.937898944103081,-7.039843179423732,6.983585137408745,-2.4558371712990237,2.703394928226629,0.7618988694831721,0.9932856806369489,0,0.14640269003913875,50.0,84.0,-34.0,-2.740014504072292,-1.589333706139385,0.4711666716334548,2.3192815246602754,-0.010180743054780672,0.0034586633939528433,-0.014197255383242124,0.01308316143434407
2023-03-22,1679457600,2023-04-12,1681272000,0.25,323.68704434846165,363.7455374053861,355.92,355.92,341.58,341.83,1022544.0,361.5,361.95,340.55,343.28,1645662.0,4.587301969901333,-1.223575565799706,4.557230249359151,-1.310775460265674,1,-6.876547717172606,2.1241149521032865,-8.393703228882101,4.450089074075869,1.90562009925317,3.067024616656445,1.2723570525379522,-1.3761404597798381,-1,0.12300191217447838,46.0,84.0,-38.0,1.6818632020508204,2.514905160555216,4.738212393963366,1.4176969389604146,0.05307620601258467,0.05438708925658364,-0.007952691680260915,-0.04250808880955037
2023-03-27,1679889600,2023-04-13,1681358400,-0.25,325.20133838026237,363.7455374053861,346.98,349.87,344.92,348.36,849221.0,345.96,351.45,343.29,347.63,811448.0,3.2117903275117072,-2.229136356335431,3.248250534572179,-2.300375878568218,1,-4.53045418676497,1.6640346259577696,-8.371352670001883,4.871862333902001,0.7225374371007547,2.980185569894863,1.7463539368031071,0.6923826998252797,0,0.14262618350615172,42.0,84.0,-42.0,0.49132698558813104,1.1147616207698263,3.293175918919161,1.093894823709329,-0.004803958231453076,0.010988694876736815,-0.012484538158386682,0.012671871358657771
2023-04-12,1681272000,2023-04-14,1681444800,0.25,325.20133838026237,362.8006405414932,361.5,361.95,340.55,343.28,1645662.0,345.62,347.1512,337.35,341.5,926247.0,5.148188139569143,-0.7028001454256412,5.0078496827720755,-0.535286481210349,1,-7.152186639728228,-1.428777601385478,-9.601615396222023,5.326632367583223,2.5498679564015987,3.0320068658467187,2.6564622929762365,-0.8018321011727451,0,0.0928043295282638,38.0,84.0,-46.0,2.222693997071758,2.6507658177976907,4.945455774122223,0.47790748498360536,0.012064421669106817,0.016548169838945803,-0.01215226939970715,-0.01763369099329748
2023-04-13,1681358400,2023-04-17,1681704000,-0.25,325.51485996320747,362.8006405414932,345.96,351.45,343.29,347.63,811448.0,343.14,346.35,339.89,346.19,1576617.0,3.6882267659769923,-2.122901366629833,3.4302377307259064,-1.819425748866223,1,-4.616026808232618,-1.0913973886460366,-9.422572558312945,7.491031190927799,1.0132209944697905,2.9105805814574386,3.501562909422713,1.3554231627439715,0,0.16816105654833793,34.0,80.0,-46.0,0.7826626996735939,1.1400970302270395,3.3855252440586696,0.4004930575972834,-0.008810190935613416,0.000462173950720679,-0.01819809930962768,0.013733528550512464
2023-04-14,1681444800,2023-04-24,1682308800,0.25,325.51485996320747,362.28965621447276,345.62,347.1512,337.35,341.5,926247.0,332.58,333.31,325.455,330.83,800541.0,9.29936891893351,0.3409297238740123,7.407260526554424,2.176864250521433,0,-11.165661614453164,-3.8145079226631795,-15.843990153601684,-12.770191458657884,4.365767677822745,2.8895174541243724,5.281659531611844,-0.6841113855069576,0,0.0894798602076652,14.0,-36.0,50.0,4.820149321403761,4.2236742622570915,7.040737327177382,-1.2438988546753276,0.005289725841066462,0.00749629719191125,-0.016247015083275418,-0.005650566559466164
2023-04-17,1681704000,2023-04-26,1682481600,-0.75,308.86668113205326,362.28965621447276,343.14,346.35,339.89,346.19,1576617.0,321.72,325.1,318.74,320.63,1101278.0,13.893932380515551,0.8769873712232084,10.078576552412414,4.694108473941938,0,-15.119208163253191,-7.209006193204845,-21.664805726752466,-18.621910366411115,6.552287465536821,2.8601169290721367,7.735906530528823,-0.9330666323199557,0,-0.04991339328480739,6.000000000000007,-43.99999999999999,50.0,7.385459875869387,6.260561809059496,9.68162701189405,-2.2076744943711706,0.003399557121916308,0.013941303059601395,-0.005894644917817993,-0.01021794159412237
2023-04-18,1681790400,2023-04-27,1682568000,-0.25,308.86668113205326,344.23631927305536,349.71,351.82,339.7758,343.32,934296.0,326.5,345.1,326.5,342.75,1653570.0,6.401156896958653,-5.693935890394101,2.997796255774361,-2.4050425480184856,0,-2.4934159915881438,-1.990220468388087,-18.01926827134769,-15.440627506512357,-0.5936981212044969,2.994375488712971,5.9791193008002885,1.37891923793016,0,0.06792965994935996,2.0,-44.0,46.0,0.35361050328226895,-0.540286238902965,2.5010387936303005,-0.8938691864539878,-0.047410649161196194,0.0068563092633116,-0.047410649161196194,0.06898917755668532
2023-04-25,1682395200,2023-04-28,1682654400,0.75,308.86668113205326,365.3029903094118,328.75,329.49,323.69,323.94,954665.0,345.6,371.52,341.09,368.7,3063191.0,-0.12288161823902044,-12.763204630743871,-3.7869867100623935,-9.461255763493341,0,7.64712370181293,5.629565964761489,-9.156724763243652,-2.286131026572292,-6.79928427639031,3.1743168243312065,5.392170849070514,2.4582138135169704,1,0.15964526297176612,50.0,8.0,42.0,-6.443043124491453,-6.82235900387407,-4.528400193614942,1.6824468334723264,-0.06265256305939781,0.007648494711147258,-0.07488473013289942,0.07571115973741782
2023-04-27,1682568000,2023-05-01,1682913600,0.75,325.7625196954407,386.0599705574571,326.5,345.1,326.5,342.75,1653570.0,368.64,374.42,365.125,366.51,1447559.0,0.9381630178919522,-12.463360147574633,-3.01677625894699,-8.747460278482606,0,6.674539124237931,2.4887447219037435,-3.2950976415210915,-1.3715608860979245,-5.941584729264932,3.146341353130475,5.027421076950798,-1.1500262727590655,0,0.062234527461121056,46.0,8.0,38.0,-5.7625985648413405,-5.668873002859527,-3.802717654115611,3.115361669377478,0.005811574036179046,0.02158194865078733,-0.0037788873427736513,-0.005939788445890937
2023-04-28,1682654400,2023-05-08,1683518400,0.25,344.23631927305536,386.0599705574571,345.6,371.52,341.09,368.7,3063191.0,353.17,353.28,346.31,350.5,736871.0,5.655238276236176,-8.495751828304648,1.5929757489300869,-4.407175463623403,0,-0.061631646129946205,-0.9579247788860908,1.5393157515294345,-13.286845462260743,-0.9614923574425944,3.107052540940245,-2.957776013248548,-0.5984472148458564,0,0.005783662179265226,26.0,8.0,18.0,-1.4202567760342362,-0.6028869642627939,0.5978082832520215,1.7509029406810592,0.00761768901569182,0.007931526390870136,-0.011954350927246837,-0.0009975773122418152
2023-05-01,1682913600,2023-05-24,1684900800,-0.75,324.54142806120575,386.0599705574571,368.64,374.42,365.125,366.51,1447559.0,335.88,336.28,330.39,331.24,1204732.0,10.285075196918442,-1.6369650652918324,7.192673992673974,1.3680392867206024,0,-7.068141486999835,3.309110189314791,-7.673368872928098,-12.629830542792,2.8565200131879465,2.6401164720474775,-7.509899473858351,-1.0279347653934967,0,-0.1235652491152968,-21.999999999999996,8.000000000000004,-30.0,4.3240550658132975,3.107527847969436,4.8711095083410925,-0.8248210476609574,0.014007970051926,0.01521555367709193,-0.0025661152034779366,-0.015455950540958274
2023-05-02,1683000000,2023-05-25,1684987200,-0.75,308.0538673349889,365.3029903094118,361.47,366.06,353.74,357.23,1387100.0,327.4,334.17,319.62,319.66,1518304.0,14.856268169819643,0.6279963612445982,10.79923877453129,4.890298024984858,0,-11.568756387624383,-6.736688548504734,-11.16614206619945,-13.791569902004802,5.841692475378807,2.865468297256255,-6.109770481540181,-1.294851833453514,0,-0.22940204159717809,-26.0,-76.0,50.0,7.742132265532135,6.191014405613487,8.3301626460714,-1.7615667645534665,0.024213226553212674,0.04539197897766378,-0.00012513295376348488,-0.03495954594855688
2023-05-09,1683604800,2023-06-14,1686715200,-0.25,308.0538673349889,344.38679436479833,348.0,348.0,337.72,339.0,1153632.0,337.8,341.35,334.44,335.25,1287883.0,2.821869335438933,-3.8789908865202563,2.084020879940354,-3.100772557792695,1,-1.6869635385485537,-0.02683843263552663,-5.804824283568675,11.275423356558903,-1.39207930702824,2.6882409636826843,0.5212410502725113,-1.1294836285944303,0,-0.06062715148505445,-21.999999999999996,-19.999999999999996,-2.0,-0.5285607755406545,-0.17392070905980006,1.6193113446697112,0.9793369091273756,0.0076062639821028455,0.018195376584638323,-0.002416107382550381,-5.965341366653831e-05
2023-05-25,1684987200,2023-06-15,1686801600,0.75,308.0538673349889,358.64976810979715,327.4,334.17,319.62,319.66,1518304.0,334.31,345.41,332.27,342.85,1070967.0,0.7609035425684993,-6.102306488463228,-0.057313694035300955,-5.298672889018533,1,2.2145959425424877,1.2731139599456496,-3.474705474546232,19.725697846571265,-3.217247205056097,2.714645342605067,-0.6091498746654409,0.946188370758666,0,0.07461392348434615,-26.0,-20.0,-6.0,-2.6707014729473713,-2.1594660217273542,-0.6084618102168236,1.4910567992113157,-0.024908852267755632,0.007466822225463021,-0.03085897622867151,0.02266964951528716
2023-05-26,1685073600,2023-06-26,1687752000,0.25,324.54142806120575,358.64976810979715,319.66,330.93,315.02,330.25,1557312.0,328.12,338.25,327.02,336.88,1227829.0,1.5878435992894993,-4.129401424034228,1.2255105675611446,-3.9851727618142974,1,0.05695242122871491,5.386973659513223,-5.197763829758296,12.30626932908033,-0.7880936468005615,2.628851046239632,0.15279487664614422,1.0776413191661223,0,-0.0896844694318211,26.0,56.0,-30.0,-1.2707789123723643,-0.9484188935404632,0.5785691757348417,0.15656363716656108,-0.02600332462597954,0.004066729992875828,-0.029268582284493028,0.03248743410567623
2023-06-15,1686801600,2023-06-27,1687838400,-0.25,325.8160501329326,359.3014571403347,334.31,345.41,332.27,342.85,1070967.0,339.22,357.12,337.79,353.84,2755818.0,-1.9170919003766898,-9.422214000595488,-3.2363026603360936,-8.29388518351044,1,7.682012309219061,7.14307342922028,-0.061593518488000404,22.390584183672928,-4.747497433806529,2.7326506382916613,-0.5517710081033442,2.3434654315935615,1,0.05001816150757319,50.0,84.0,-34.0,-5.669652950486082,-5.153602351918863,-4.075924932718209,1.5744118611294011,-0.041318109880171705,0.009269726430024994,-0.04535948451277405,0.0503443362621705
2023-06-16,1686888000,2023-07-10,1688961600,0.75,325.8160501329326,376.55056698559406,343.7,344.99,340.91,341.24,1721464.0,373.86,382.03,370.86,372.54,1188531.0,2.7121782581830587,-15.793189693196737,-4.250595014405604,-8.972168536711962,0,14.527241136997503,10.815634481527757,27.913239717813422,27.894512722445214,-5.387650296035645,2.504292538027954,3.7947509943404327,1.01756156724743,0,0.20100234160019995,50.0,43.99999999999999,6.000000000000007,-6.540505717506846,-5.034067675314205,-6.784808926692307,3.456931433003864,0.003543243678531205,0.02547377462822764,-0.00450958286358516,0.0016131634134537443
2023-06-27,1687838400,2023-07-13,1689220800,0.75,341.8968773069785,393.48385978954855,339.22,357.12,337.79,353.84,2755818.0,382.69,384.83,379.82,383.62,676937.0,2.852585119383974,-17.4868586192015,-5.153767617260144,-9.680929913282228,0,18.701696268977415,14.421212753899852,36.323467723671286,40.27507181988416,-5.826781498206941,2.335595501332502,7.700001934905252,0.6171922923469786,0,0.312036558897741,50.0,56.0,-6.0,-7.317136749908755,-5.848969121704997,-8.446145938851998,3.1335689280480903,-0.00242427402116685,0.003154162973776131,-0.009905635785412703,0.002351588628762391
2023-06-28,1687924800,2023-07-17,1689566400,0.25,359.3014571403347,393.48385978954855,354.0,360.93,352.47,359.39,1559975.0,373.85,377.45,370.085,374.81,1671706.0,6.18772881861031,-14.539160210515561,-2.011610327010132,-6.489238992200498,0,12.041257065397822,9.321860872101496,34.94922748999759,28.73612491689005,-1.919678729438587,2.3565656083623665,7.201168089523357,-1.5103244221591055,0,0.2083206684392546,42.0,56.0,-14.0,-4.1757156959526185,-2.961174607791392,-5.8035364576053325,1.4025322701760068,-0.0025612977241802337,0.007043568741495587,-0.012606387236199779,-0.001757796894558905
2023-07-11,1689048000,2023-07-19,1689739200,-0.25,360.44859639875443,393.48385978954855,374.25,382.96,372.7915,380.23,1011706.0,387.79,394.18,387.07,388.57,2311888.0,3.780825506327659,-16.280246460081187,-4.131700851841373,-8.64918804848547,0,17.503375452430532,17.088531308383047,37.6176987406183,28.10531300585322,-3.1665698317724633,2.352965269676417,8.213334274090592,2.0311299806058103,0,0.014876428229190006,50.0,72.0,-21.999999999999996,-6.249710476876757,-5.270443662131868,-8.451107488684244,1.5088840468737423,-0.0020073603211775426,0.01443755307923933,-0.0038603083099569835,0.0039012039477084315
2023-07-14,1689307200,2023-07-31,1690776000,0.75,360.44859639875443,409.75378987837837,379.01,381.7,374.86,375.47,1054284.0,399.33,405.68,399.05,405.19,1463240.0,0.9932360432847247,-10.70744419254801,-2.4241837162812487,-7.192650361558776,0,19.077604105468282,10.294798159893293,43.02035886376048,20.270387508698647,-3.035003362633418,2.58273260128458,9.812855404660276,1.1542041114100243,0,-0.19656625047771945,50.0,96.0,-46.0,-4.857104074631664,-4.991413772211459,-9.32180888928184,0.454163109628853,-0.014462350995829154,0.0012093092129619176,-0.015153384831807282,0.021144153225806317
2023-07-18,1689652800,2023-08-25,1692936000,0.75,376.55056698559406,428.98353251517784,374.23,388.39,373.035,387.06,1164970.0,413.0,418.57,413.0,416.78,939286.0,3.7124055776207427,-2.228169289890971,2.597116784234686,-0.9927363757058032,0,10.849904627033588,5.035282258064506,29.631633288534236,-6.155946028023791,1.3065135062384456,2.001094263884813,5.270018710199931,0.7328016960996034,0,-0.21199512507446389,6.000000000000007,44.00000000000001,-38.0,0.7421181438648858,-0.5318448187445028,-5.075671710507947,-3.307886962020044,-0.009069533087000314,0.0042948318057489665,-0.009069533087000314,0.01162649578873265
2023-07-20,1689825600,2023-08-28,1693195200,0.75,393.2879140732262,444.9112296400812,388.57,397.78,388.57,395.45,1570869.0,418.78,432.24,417.7,432.0,1213944.0,0.16627463664045194,-5.160024636640443,-0.6481257716049527,-4.294604938271618,1,17.991634723692158,6.616648979491104,30.938094284366763,-4.8687924255035995,-2.1450241610114062,2.0483149594783168,5.645165207038254,0.9449731538957746,0,-0.14905807508250274,50.0,92.0,-42.0,-2.496875000000003,-3.6518500206757665,-8.089800486554537,-2.15471112699632,-0.030601851851851936,0.0005555555555556424,-0.03310185185185188,0.03651806708575278
2023-08-01,1690862400,2023-08-29,1693281600,0.75,409.75378987837837,462.3048055417772,404.26,414.85,401.33,411.23,1677270.0,432.0,452.25,432.0,451.1,1636438.0,-2.506034869497924,-9.860624407824204,-4.381379590630331,-8.022654252567804,0,24.207010601165067,9.69530433090971,35.64609333760562,-1.5071078455152787,-5.820305863660096,2.142118759291609,7.3535677540655655,1.275544595944542,0,-0.04327457190923667,50.0,96.0,-46.0,-6.183329638661064,-6.995005327686471,-11.511507674024998,-0.18946574488561652,-0.04234094435823543,0.002549323874972309,-0.04234094435823543,0.044212962962963065
2023-08-28,1693195200,2023-08-31,1693454400,0.25,427.06355201707777,462.3048055417772,418.78,432.24,417.7,432.0,1213944.0,439.5,441.9748,435.88,438.12,936930.0,1.314351964185363,-7.305404643816544,-1.11790148817677,-4.821172281566703,0,15.111626090367608,3.6283646340886593,33.55408946120612,-14.41135038467948,-2.5911991127465512,2.2008760473959144,9.940904764089446,-0.726555583708349,0,-0.16637907764553256,42.0,88.0,-46.0,-2.9955263398155836,-3.4431611427464475,-8.194366658763698,0.2926062194557879,0.0031498219665844207,0.00879850269332616,-0.005112754496484961,-0.0031626129098313305
2023-08-29,1693281600,2023-09-08,1694145600,-0.75,408.61712427071257,462.3048055417772,432.0,452.25,432.0,451.1,1636438.0,416.47,423.17,416.385,422.42,661562.0,5.156938459722468,-4.3070733965152215,2.70589381815887,-1.7542950933510184,0,4.913771074039829,-1.3705666721146896,11.504307333434074,-11.988573975607643,0.416361558019787,2.4685413587879683,0.1433525852669142,0.5213388542737797,0,-0.13139170669858496,22.0,-16.0,38.0,0.42493253160363054,-0.293525849658522,-4.096068061764285,-2.6253636520179233,-0.014085507314994583,0.0017754841153354572,-0.014286728848065922,0.013046189265672137
2023-08-30,1693368000,2023-09-13,1694577600,-0.25,408.61712427071257,446.69370418438746,451.1,451.685,438.49,439.51,1510617.0,438.41,439.58,427.6429,439.4,930816.0,1.8946312489471069,-8.156579360007612,-0.7946692459414493,-5.471999696555912,0,10.826965494725286,2.644365539151559,14.764947483299395,4.583689570780024,-2.579358408416141,2.428128542293901,-1.0518269129715527,0.7194642862691457,0,0.011209819405108951,10.0,-16.0,26.0,-3.1309740555302596,-3.1889426939844157,-6.973021271260478,-0.16110320354859642,-0.0022530723714154766,0.0004096495220755614,-0.02675716886663626,0.006390142232197915
2023-09-01,1693540800,2023-09-21,1695268800,0.75,408.61712427071257,466.25321886061903,423.2,433.26,420.0,422.32,1580783.0,449.15,451.99,446.29,446.82,1005178.0,3.614023745192952,-9.133919900244209,-0.46505154946810023,-5.2205884547095565,0,10.752061216225421,7.5948757464843055,21.60444227847778,10.625194490076879,-2.4904052775961816,2.2454296213211786,-1.4221148415903713,-0.7561006138299334,0,-0.023566850270548476,38.0,36.0,2.0,-2.759948077525621,-2.365433575952622,-6.569478713580196,0.9030528729425065,0.005214627814332351,0.011570654849827777,-0.0011861599749338758,-0.0030122498159180777
2023-09-11,1694404800,2023-10-10,1696910400,0.25,427.06355201707777,466.25321886061903,424.37,439.54,423.82,435.84,2010267.0,441.6,445.68,438.63,444.72,727057.0,2.5059882806530425,-4.125434224168075,1.3358712598189157,-3.045350632607793,1,7.3190541195448375,1.8574929571013064,6.741101445622093,-11.36462440557419,-1.5829327603913157,2.2652721275230188,-11.660369440117801,0.6345574356882384,0,-0.06975236328618883,-14.0,28.0,-42.0,-0.809722971757509,-1.7214174217411795,-4.319518867194191,-0.8739978558542134,-0.007015650296815945,0.0021586616297895045,-0.013694009713977384,0.005198679987342469
2023-09-14,1694664000,2023-10-18,1697601600,-0.25,428.3562848961516,466.25321886061903,442.01,450.2,436.77,449.37,1016834.0,453.3,454.87,448.02,448.32,557353.0,1.9450686221917408,-4.891624653597901,0.5218705389007852,-3.3958578693790145,0,7.103168629257297,0.03346944239908455,14.201414855769482,-5.2744863663935675,-1.4526303400153324,2.0393192569413237,-9.95157547763081,-0.5075028337964346,0,-0.056669631787834115,-38.0,-24.0,-14.0,-1.4732780157030732,-1.1615985694846387,-3.9026197130588542,0.6798107496457648,0.011108137044967936,0.0146100999286225,-0.0006691648822270135,-0.009631527790050387
2023-09-22,1695355200,2023-10-24,1698120000,0.25,428.3562848961516,464.23323032790006,454.22,456.92,444.725,445.21,704539.0,431.9,435.02,428.6175,431.18,875112.0,5.832254117332397,-1.729559187140822,4.188022017100337,-0.02257216630331982,0,-2.160810294672423,0.5738010822914674,1.266592491321797,-5.416606126259417,2.1904429331378594,2.2248858684184847,-8.671679134803593,0.8028448224897834,0,-0.08419088908152368,26.0,56.0,-30.0,2.0513474650957875,1.8852745611613244,-0.0533652306316128,-2.3064856411167622,0.0016698362632774355,0.008905793404146767,-0.00594299364534534,0.002114951077230698
2023-10-11,1696996800,2023-10-25,1698206400,-0.75,412.2729204603954,464.23323032790006,446.19,450.1,444.645,449.82,650635.0,426.65,430.565,420.9,423.73,994946.0,7.881188126996918,-0.4186530220951994,5.966711506541117,1.6186030412448105,0,-5.864286313818994,-2.2357067048128827,-2.347710146296609,-6.545510651209526,3.7985097739403386,2.275580095424794,-7.33857944087347,-0.9173020165347175,0,-0.12317616217173953,22.0,-28.0,50.0,3.731267552450859,3.3264624958109152,1.6370723038559305,-2.8338333685615087,0.006891180704693856,0.016130554834446365,-0.006678781299412462,-0.017278166890857594
2023-10-19,1697688000,2023-10-26,1698292800,-0.75,392.8136216320213,446.69370418438746,449.69,449.69,435.82,435.87,808507.0,404.71,416.6,397.73,411.71,1622629.0,11.50563923992145,1.2178797418861222,8.740273493478412,4.128231036409133,0,-10.992837255837678,-7.3726601871850335,-7.843097721678569,-6.855408270642037,6.063384396854659,2.625809810623727,-4.8332760113965705,-1.4891082023800821,0,-0.07032979732563004,18.0,-32.0,50.0,6.361759490903779,5.739004582935678,4.423833248242559,-3.80069131625947,-0.017002258871535836,0.011877292268830164,-0.03395593986058143,-0.028367120572062476
2023-10-25,1698206400,2023-10-30,1698638400,-0.75,369.2619870056739,429.6290884294137,426.65,430.565,420.9,423.73,994946.0,370.36,394.6,370.36,389.8,2161021.0,21.24516364401829,0.4459600091371101,13.721373353856677,8.098171711989053,0,-13.584516254996537,-11.106043329532495,-23.039661487988393,-13.803838529112625,6.813181070357871,3.5610778232072198,1.3893540460506806,1.8992765347182972,0,-0.20945965676690903,10.0,-36.0,46.0,10.845561826577693,9.169676019910213,9.329777516115072,-7.103756324661778,-0.04987172909184201,0.012314007183170883,-0.04987172909184201,0.0478494623655914
2023-10-26,1698292800,2023-11-02,1698897600,-0.25,369.2619870056739,418.02957189657593,404.71,416.6,397.73,411.71,1622629.0,410.83,414.58,407.92,412.62,853467.0,14.551164100104302,-6.93495548200535,6.554880196468105,1.030247362383463,0,-4.4672025340923796,-4.437444995136405,-19.697682372831416,-10.122479254270203,-0.5610912178568839,3.2407919831071013,4.159277083890476,0.753903436278978,0,-0.14883740013302038,-2.0,-36.0,34.0,3.808104309049469,2.006549765767886,2.770016044391525,-3.4198938684916316,-0.0043381319373758664,0.004750133294556758,-0.011390625757355388,0.015030380556444012
2023-10-27,1698379200,2023-11-03,1698984000,0.75,369.2619870056739,441.95453244002584,373.01,395.54,369.07,372.0,3721193.0,416.6,424.865,415.1,420.11,809003.0,12.406057257118604,-8.754394597339015,4.522128331468721,-0.8931771837534654,0,-1.7302051016436835,-2.562853697003435,-16.865947413697942,-9.898312131106053,-2.6449139540070234,3.163848693523376,3.5899507073937436,0.7185320669902459,0,-0.11716857038495555,-6.0,-36.0,30.0,1.8258313298897804,0.1700131510536096,0.9009889096088841,-1.7929440629165274,-0.008354954654733238,0.011318464211754087,-0.011925448096926972,0.01815229508991334
2023-10-31,1698724800,2023-12-04,1701666000,0.25,392.8136216320213,441.95453244002584,391.28,405.47,390.34,402.8,1456245.0,400.65,407.77,397.105,399.14,907500.0,5.097116170450079,-1.1406096814988302,4.235162265537596,-0.10170700339062932,1,-6.595124951869693,-4.991549832186815,-13.56603826077641,-2.0255931526562705,1.5640373075226393,2.522510585178879,7.19540221466864,-0.9374889012161075,0,-0.02541630676348609,-30.0,16.0,-46.0,1.9782532444756242,1.8604863750537106,3.722304061436944,-0.01423310502284636,0.0037831337375355822,0.021621486195319894,-0.005098461692639056,-0.006793241595540844
2023-11-03,1698984000,2023-12-05,1701752400,-0.75,372.56351133890234,441.95453244002584,416.6,424.865,415.1,420.11,809003.0,397.4,397.4,359.02,364.4,3513568.0,16.991219515341015,5.001645468193573,13.965484815221373,8.431544090742761,0,-17.63997465408913,-12.340630262208327,-19.253728439119268,-16.065389728832344,8.99662123981335,3.3520568791335803,9.098545552020134,-3.4509508420658004,-1,-0.1718884562978895,-34.0,-84.0,50.0,10.996432491767294,10.469303238597021,13.076897920353375,-2.166800681470459,0.09055982436882548,0.09055982436882548,-0.014763995609220593,-0.0870371298291327
2023-11-06,1699246800,2023-12-08,1702011600,-0.75,350.60561496311885,418.02957189657593,422.37,422.925,413.1,415.7,783462.0,364.05,370.84,363.47,367.55,870608.0,17.508121277900713,-1.029002790620055,11.257169546093508,5.499672606901555,0,-15.093268681232132,-9.125747910794631,-27.748507760216786,-9.63634531875288,5.563816100227669,3.248957511069813,14.138559833992488,-0.8459747712546438,0,-0.13129287519558316,-46.0,-88.0,42.0,8.239559243640329,6.960591115012193,10.695002084153856,-3.5740160064814326,-0.009522513943681088,0.008951163107060234,-0.011100530540062548,-0.0030109043563174565
2023-12-05,1701752400,2023-12-11,1702270800,-0.25,350.60561496311885,394.5503228205153,397.4,397.4,359.02,364.4,3513568.0,372.59,379.99,370.91,374.63,1185330.0,15.075248279353687,-3.626352035059341,8.742864515210556,3.0624118018667303,0,-11.476907114085321,-8.584465972035824,-27.566176604317093,-2.028834025824054,2.869655593523362,3.1970604008370596,14.270526666214671,1.1459147717369058,0,-0.2106208786363314,-18.0,-56.0,38.0,5.72444812214718,4.468782534911526,8.265643161933212,-2.7981011095404504,-0.005445372767797663,0.014307450017350565,-0.009929797400101359,0.019262685348932163
2023-12-06,1701838800,2023-12-12,1702357200,0.25,350.60561496311885,394.1223766222829,365.5,372.0,360.01,361.98,1384990.0,375.71,378.29,366.62,367.06,968860.0,17.41092455174109,-2.6732794800906703,10.578532120089363,4.616242576145595,0,-13.743928052491071,-9.682340493590221,-28.37355536045793,-1.395113770430818,4.410935936818049,3.2570174579384914,14.627742479531562,-0.9367784301366396,0,-0.2641023030242225,-21.999999999999996,-56.0,34.0,7.368822535825203,5.992488579786354,10.086737809066705,-2.5619218872425993,0.023565629597340987,0.030594453222906326,-0.0011987141066855944,-0.02020660384913109
2023-12-11,1702270800,2024-01-04,1704344400,-0.25,351.0441364329061,394.7006451801846,372.59,379.99,370.91,374.63,1185330.0,385.58,386.04,372.4724,375.75,1296256.0,5.9992234181512885,-3.306475580493256,4.033023730317154,-1.1267261033488438,0,-8.1105739551002,3.1147091108671856,-7.623188243801845,-12.938204232044669,2.4471308853895977,2.7163722948856854,-4.026467840685164,-1.2199367794747926,-1,-0.15086596676326355,-38.0,-12.0,-26.0,1.3463739188290162,2.828241843253366,5.291577906766193,1.213800194492043,0.0261610113107118,0.027385229540918266,-0.008722821024617411,-0.028241135852277166
2023-12-12,1702357200,2024-01-05,1704430800,0.25,351.0441364329061,394.7006451801846,375.71,378.29,366.62,367.06,968860.0,375.04,380.71,372.04,372.2,998336.0,6.685880432657214,-1.7852893525927271,5.1193139888948735,-0.0004495790793441756,0,-9.504837782066637,2.823360406652293,-9.806026309004835,-22.166182316515318,3.161312164435472,2.7127887402016673,-3.851398601690317,-0.9373831658288863,0,-0.1765754776151227,-42.0,-12.0,-30.0,2.4502955400322435,3.4462431334211914,6.048941088224893,0.3034985317690526,0.007630306286942501,0.022864051585169243,-0.0004298764105319375,-0.009447771124417859
2023-12-13,1702443600,2024-01-08,1704690000,-0.25,354.3889118950473,394.7006451801846,367.1,381.16,364.4,379.35,1171659.0,372.84,379.17,370.18,378.87,962185.0,4.666236259335889,-3.1034310754997563,3.336831454940551,-1.5732326831542878,0,-5.829651611789224,2.769489502522644,-10.036784181045034,-10.165165145359182,1.326369382494974,2.6441598132679864,-3.517227040408333,0.9039954969010566,0,-0.060685499815176853,-46.0,-12.0,-34.0,0.7814025919180523,1.4703048276300166,4.017953169245175,0.17874404879340888,-0.015915749465515994,0.0007918283316177277,-0.022936627339192883,0.01792047286405163
2024-01-05,1704430800,2024-01-19,1705640400,0.25,353.92025977761915,390.5957822510535,375.04,380.71,372.04,372.2,998336.0,364.18,372.21,360.88,371.1,1043552.0,7.239601786017943,-3.917316687661682,4.03406628940985,-0.6640635947183995,0,-5.740580347491139,-3.949684232322184,-18.207068257338463,-21.67238823432335,0.4097341359542668,2.6128972863943805,3.1960408937858666,1.0630210822993613,0,-0.021033002997977807,-6.0,-48.0,42.0,1.6611425491781233,0.9102919858938492,4.150956037074764,-0.5095952043233298,-0.018647264888170367,0.0029911075181889846,-0.027539746699003054,0.017967357015498564
2024-01-08,1704690000,2024-01-23,1705986000,-0.25,353.92025977761915,390.5957822510535,372.84,379.17,370.18,378.87,962185.0,377.5,381.57,372.96,378.64,1020748.0,4.87653815338895,-5.94483521656241,1.7478572434678483,-2.880222198746381,0,-1.7000143810275077,-1.269849547599803,-13.682527827386393,-7.8992414696640765,-2.014003573287269,2.5010187497545093,0.7096335817885446,1.037733307456455,0,-0.01762868886314649,-14.0,-48.0,34.0,-0.5341485315867374,-1.024712998954584,1.8626243728090799,0.9432551865281971,-0.003010775406718791,0.007738221001478918,-0.015001056412423441,0.014712582071553015
2024-01-09,1704776400,2024-01-25,1706158800,0.25,353.92025977761915,389.7283118258697,373.88,374.97,364.1,368.61,1592278.0,371.08,371.96,360.82,369.07,2066827.0,6.958356847467954,-3.7118182504538453,4.0996071206004245,-0.8277128999918659,0,-6.068347902610775,-5.245186136071888,-12.61082250071708,-13.402821004803073,0.15830593114642966,2.719861642857848,0.012987304910893727,-1.9900349732427174,0,0.03683970721708021,-21.999999999999996,-48.0,26.0,1.62326929850704,1.3162087429621039,4.181288204763973,0.865298293771807,0.005446121331996512,0.007830492860432914,-0.022353483079090686,-0.0062468025525727056
2024-01-22,1705899600,2024-01-30,1706590800,-0.25,354.64732112309883,390.7713488208962,371.1,377.8,370.35,373.15,1016048.0,377.54,380.39,376.82,376.98,870272.0,3.0152637889829634,-5.034203785799789,1.3620315843457576,-3.5091180787663347,0,-1.7912751762688401,-3.010188329731396,-6.5850151448756264,0.915853530536701,-1.7424523992432057,2.573051878264892,-3.509932941142271,-0.8222088912749218,0,0.09881715830184674,-34.0,-48.0,14.0,-1.00946999840842,-0.5098008950670874,1.8089872881490265,1.801284149722525,0.0014854899464162852,0.009045572709427407,-0.0004244256989761608,-0.010109497676128343
2024-01-24,1706072400,2024-01-31,1706677200,0.25,354.64732112309883,390.7713488208962,382.39,383.99,367.75,371.39,2227222.0,378.61,379.37,369.95,370.71,1334458.0,3.7948281084606776,-3.026302846126228,2.864661505399539,-2.1153120588420506,1,-4.723035427876191,-5.312763403233637,-6.845017932701272,-0.3006913390823911,0.02993442132694213,2.6111782143700872,-3.7522759851201464,-1.2469267357729077,0,0.042962367886715855,-38.0,-48.0,10.0,0.3842626311672177,1.0612184229457569,3.392464664596176,1.3491227404645243,0.021310458309730107,0.023360578349653327,-0.002050120039923331,-0.016632182078624935
2024-01-26,1706245200,2024-02-01,1706763600,-0.25,355.13969357361793,390.7713488208962,371.68,380.19,370.56,377.07,1041128.0,376.148,383.31,372.0,382.34,2349775.0,0.349309982194157,-5.801002193315142,-0.3362835870342167,-5.254094959111427,1,1.0850499450749567,-1.1198179326040398,-4.371693310583103,8.883767102184976,-2.6586110984620177,2.5863047074852523,-4.566806129178694,2.1429137107737195,0,0.10658710452161688,-42.0,-48.00000000000001,6.000000000000007,-2.7258461055604926,-1.8211562695588412,0.23777257152343623,1.7710166101897937,-0.016195009677250516,0.002537008944918151,-0.027043992258199423,0.03137223166356451
2024-01-31,1706677200,2024-02-02,1706850000,0.25,347.5743419392438,390.36277069238076,378.61,379.37,369.95,370.71,1334458.0,344.99,345.01,316.53,319.21,4973244.0,23.668198809497483,7.584581491871532,18.806219521109412,12.44864926955087,0,-18.200045154339833,-15.047238855622094,-14.114455540986565,-5.039939105938913,13.462319405717864,4.349134390745646,-2.010228055232883,-4.242463028104645,-1,-0.06361874748772219,-46.0,-96.0,50.0,15.626390150684529,15.919850214449156,19.275010935994402,-2.056410030383457,0.08076188089345582,0.08082453557219393,-0.008395726950910065,-0.16511481927080607
2024-02-01,1706763600,2024-02-05,1707109200,-0.75,322.32582749670377,390.36277069238076,376.148,383.31,372.0,382.34,2349775.0,316.11,317.38,303.31,303.65,2920910.0,33.03440383279644,7.810977362658875,23.882046215489325,17.02085734672596,0,-21.0368172429569,-18.417517463729183,-22.48018703972179,-8.112003093465368,17.077415126161426,4.61944754423771,0.7284394691861564,-2.4161393885885456,0,-0.20895189289845478,-42.0,-92.0,50.0,20.42269059772765,19.778054676378957,24.39147469209972,-5.306095172537331,0.04103408529557062,0.04521653219166821,-0.0011197101926558872,-0.048745340058268916
2024-02-02,1706850000,2024-02-06,1707195600,-0.75,296.94063551434516,372.56351133890234,344.99,345.01,316.53,319.21,4973244.0,303.14,303.93,288.84,290.28,4085603.0,41.63256997370391,7.254022282049206,28.285333700794638,20.897983556106766,0,-23.199252245170698,-23.382690632670844,-29.536230665243828,-11.964759876263862,19.225895924271867,4.858372755492518,3.605338048637975,-3.2013007727371487,-1,-0.28067105773062145,-46.0,-96.0,50.0,24.443296127876565,22.885870415291464,28.939610249370332,-7.871454923221351,0.04430205319002356,0.047023563455973694,-0.004960727573377399,-0.04403095669356172
2024-02-05,1707109200,2024-02-09,1707454800,-0.75,272.36967153072646,347.5743419392438,316.11,317.38,303.31,303.65,2920910.0,286.45,293.405,285.01,291.15,2083669.0,44.812369896767876,-5.112215337262455,23.751885053523395,16.321062453489034,0,-20.604234659997246,-20.801370980904203,-40.34908392744768,-22.032433290546464,12.470834798990424,4.505295165460802,10.976360849025632,1.4762976695121652,0,-0.34643805727005544,26.0,-20.0,46.0,19.850077279752696,16.224728721118666,25.12135532474386,-9.002316331582112,-0.016142881676111887,0.007745148548857994,-0.021088785849218583,0.030254777070063632
2024-02-06,1707195600,2024-02-12,1707714000,-0.25,272.36967153072646,322.32582749670377,303.14,303.93,288.84,290.28,4085603.0,289.85,302.03,289.85,297.91,2054998.0,41.36470216698888,-9.352349443011875,19.889266333232598,12.39897060633524,0,-17.752612411249558,-18.358454371060553,-40.086506463669124,-20.576850210212996,8.792450309989434,4.3805935964627025,11.84708684796788,1.4259138239572435,0,-0.32605333731509517,22.0,-20.0,42.0,16.00617636198851,12.293384479480125,21.40836372724486,-7.416404634447876,-0.027055150884495283,0.013829680104729514,-0.027055150884495283,0.023218272368195292
2024-02-07,1707282000,2024-02-21,1708491600,0.25,272.36967153072646,320.43104300414484,290.0,290.31,282.54,283.67,4253473.0,294.42,294.8,286.88,287.3,1236932.0,39.902150038714495,-15.524844086747933,16.10779208724908,8.83823065320803,0,-17.903585333455766,-24.123177688569612,-38.667090879714074,-16.25067792958275,5.436215034966224,3.870717392490574,15.377878915172793,-0.8407166175761763,0,-0.32529767375500945,-2.0,-20.0,18.0,12.188652975983288,9.682681435086877,20.683567153813257,-0.9012387496126664,0.024782457361642862,0.026105116602854084,-0.0014618865297598704,-0.026530681394639544
2024-02-12,1707714000,2024-02-23,1708664400,-0.25,274.18825713095976,320.43104300414484,289.85,302.03,289.85,297.91,2054998.0,295.13,302.0,294.15,299.42,1475341.0,29.889494158513685,-19.40522457064381,8.782152160844305,2.046479861064725,0,-12.470788109868977,-18.871758744953524,-34.86340807873786,-8.763794024248142,-2.20834506079521,3.663360576362082,14.744210013130711,0.9788042522326439,0,-0.2101714087484775,-10.0,-20.0,10.0,5.242134793934937,4.222178069168564,14.553251771495638,1.3726182869111874,-0.014327700220426176,0.008616658873822569,-0.017600694676374484,0.008148148148148238
2024-02-13,1707800400,2024-03-08,1709874000,0.25,274.18825713095976,317.11637572904766,291.55,295.3,290.6,292.65,2610670.0,281.67,285.0,279.27,283.78,1058032.0,6.569851385861085,-2.3599000150809104,5.122244931519717,-0.9153933798482257,1,-13.085814029999767,0.4175513092710368,-30.478137765712994,-6.81891516976178,1.988578748860732,3.4997941278060893,14.122387521652911,0.6298674166807351,0,0.081253140297937,-46.0,-88.0,42.0,2.1049756853901016,3.8937969366308494,14.18832844447438,1.8650463526186982,-0.007435337233067663,0.0042991049404468296,-0.015892592853618992,0.006312056737588501
2024-02-22,1708578000,2024-03-11,1710129600,-0.25,276.2104411455456,317.11637572904766,287.86,297.28,284.925,297.0,2380907.0,283.26,299.185,281.25,298.25,2017535.0,1.694073711445455,-7.153587542124413,0.23299469125454664,-5.831585359038826,1,-6.145726804408611,2.438605529795646,-26.55306334764208,-6.861930516085799,-2.9874030849249493,3.5216693829851646,12.13102949843762,1.1808002897689243,0,0.11771844907615883,-46.0,-84.0,38.0,-2.729756915339493,-1.0375360717095674,8.309177946693865,3.0259434830042498,-0.05025984911986592,0.0031349538977367697,-0.05699916177703268,0.050990203678906276
2024-02-26,1708923600,2024-03-12,1710216000,0.25,276.2104411455456,315.84671759690104,298.65,306.77,288.13,292.64,4509038.0,298.75,300.03,291.74,294.7,1621973.0,2.7597693648143036,-5.9847439152045325,1.3556407646194089,-4.6499954756249195,1,-7.35720362931518,-1.0775066295189943,-23.845764402789044,-1.1639025145011388,-1.6931351780859671,3.5104446689561364,10.182498827690743,-0.9362351703970024,0,0.1407827984516689,2.0,-32.0,34.0,-1.6124872751951216,0.13985852693454603,9.236871248758845,3.506239990403852,0.013742789277231049,0.01808618934509676,-0.010044112656939164,-0.011902766135792109
2024-03-11,1710129600,2024-03-14,1710388800,-0.25,278.31913072340046,315.84671759690104,283.26,299.185,281.25,298.25,2017535.0,296.81,298.375,292.79,297.0,1476109.0,2.4654071403107167,-6.693353268256857,0.7348731762065057,-5.176274971941638,0,-6.183341843176763,3.383458646616551,-18.65865585461614,-10.096715605164135,-2.5010237575503,3.2709963482802853,6.833640712139754,-0.8438733777117735,0,0.08512355362564179,-6.0,-32.0,26.0,-2.113973063973063,-0.47970951275853224,7.7634818035269575,4.1146129618897795,-0.0006397306397306624,0.004629629629629539,-0.014175084175084063,-0.004691689008042843
2024-03-12,1710216000,2024-03-18,1710734400,0.25,278.31913072340046,314.9957471059367,298.75,300.03,291.74,294.7,1621973.0,296.13,301.81,291.47,296.18,1126432.0,2.775814900956135,-6.472215738284774,1.2314583474013432,-4.9720327728633436,1,-5.799064119587349,1.0853242320819136,-15.84959712739868,-1.062580136474324,-2.394586059617268,3.3443555371945695,3.1952507011451097,0.6309755846721204,0,0.1187391282639279,-14.0,-32.0,18.0,-1.8482004186643195,-0.32802427118024013,7.3715831175453275,3.6760995360980573,-0.00016881626038223185,0.019008710919035776,-0.015902491728003176,0.019026320316531953
2024-03-13,1710302400,2024-03-19,1710820800,-0.25,279.28479949914635,314.9957471059367,294.7,300.03,294.09,298.4,1056282.0,295.31,300.08,293.09,298.58,1769383.0,2.1086572262537686,-7.267408649657895,0.4500189787215163,-5.656552124500408,1,-4.654803074024613,1.1689763832887163,-13.799432647317298,5.389337026091184,-2.960781066266975,3.247731141470039,1.5565762647974886,0.9826391310476552,0,0.1699115657415597,-18.0,-32.0,14.0,-2.579375711702056,-1.0216501510522988,6.253289025569032,3.726523281060844,-0.01095183870319505,0.005023779221649205,-0.01838703195123592,0.008103180498345575
2024-03-15,1710475200,2024-04-01,1711944000,0.25,279.28479949914635,314.3953716703074,297.31,301.63,290.6,290.65,2742380.0,290.34,290.34,280.02,284.15,1362816.0,6.875883927372129,-2.650298849068406,4.960419965980407,-0.8138541849961598,0,-9.782982356596087,-3.0734070132351095,-12.172822636704458,-16.094251170904386,3.277344692304922,2.907472114959146,-2.5271030731739543,-0.738942771397811,0,-0.07166665395774763,18.0,36.0,-18.0,2.1127925391518687,2.9981233336552577,9.088190325832699,0.9114420949519868,0.02178426887207463,0.02178426887207463,-0.014534576808023947,-0.022296390599731652
2024-03-19,1710820800,2024-04-09,1712635200,-0.75,264.79025057359735,314.3953716703074,295.31,300.08,293.09,298.58,1769383.0,270.15,275.6,269.0,271.46,1217194.0,13.109660590948806,-1.6700378104286102,8.511689874505791,3.136128097448392,0,-13.0138729719636,-8.982397317686512,-23.31223307750593,-29.82257246916427,4.346247658608448,3.032296071789218,4.533568622982138,-0.6635521791396484,0,-0.1041234970400976,-6.0,-48.0,42.0,5.719811390260105,4.455175646342411,11.25596824695036,-1.1857165194539014,-0.004825757017608456,0.01525086568923606,-0.009062108597951757,-0.005823109320637343
2024-03-20,1710907200,2024-04-10,1712721600,-0.75,249.37336347033957,296.94063551434516,296.21,297.51,290.304,295.3,1971238.0,266.04,268.03,258.56,262.85,1450233.0,17.057541235957927,0.0963488154021519,11.473337137784512,5.876799188383714,0,-16.25580174042986,-10.807600950118754,-25.556108903238645,-29.020868407620682,6.6745462292496285,3.2584885979028524,6.061002953907103,-0.7880496141964901,0,-0.15755109063145795,-10.0,-60.0,50.0,8.576945025680033,7.126577287094051,14.315979207968454,-1.5300239034604797,0.012136199353243393,0.0197070572569904,-0.01632109568194795,-0.031717380092831204
2024-04-02,1712030400,2024-04-11,1712808000,-0.25,249.37336347033957,279.9956457409081,284.0,284.0,275.83,278.02,1075649.0,264.98,268.1,261.18,266.53,1149912.0,15.069211070187777,-2.1093191255661026,9.34785327480337,3.7918183068822913,0,-13.742109495124403,-10.680294906166223,-26.242779984654973,-22.669956460842656,4.484394260154161,3.169414985036246,7.46324299412958,0.6229633836248446,0,-0.13852213101393068,-14.0,-60.0,46.0,6.47994597231083,5.109617957478349,12.238095671525116,-1.3679573152532312,-0.005815480433722153,0.0058905188909317285,-0.020072787303492934,0.01400038044512053
2024-04-10,1712721600,2024-04-18,1713412800,0.25,249.37336347033957,279.9956457409081,266.04,268.03,258.56,262.85,1450233.0,258.58,261.1,255.7,259.91,855888.0,15.636669655542889,-4.362767150829711,8.449706949841612,3.120785400074368,0,-14.948954276234218,-11.98442262106332,-32.084844033639214,-22.725404512912476,3.225416892462249,3.030460667060896,12.177708209026441,0.5225670818492563,0,-0.15849028593843642,-34.0,-72.0,38.0,5.636951252356596,4.521242976571543,12.267378880048625,-0.9127562365084714,-0.005117155938594298,0.004578507945057986,-0.016197914662767987,0.007285974499089409
2024-04-11,1712808000,2024-04-23,1713844800,-0.25,249.78124077538018,279.9956457409081,264.98,268.1,261.18,266.53,1149912.0,265.95,271.5,265.595,266.31,967145.0,9.82542509450785,-6.603240422509103,4.412013568147401,-1.0158336775437249,0,-10.112006673772036,-8.358568479008953,-27.51060232833071,-2.6817212279770573,-0.42892959441851986,2.889187989625119,8.309115530704602,0.6356101071013989,0,-0.07214795489848894,-46.0,-72.0,26.0,1.6110923359993876,1.4162076054895039,8.45476429939363,0.8492122146050001,-0.0013518080432579627,0.019488565956967463,-0.002684840974803704,0.004640108646446484
2024-04-12,1712894400,2024-05-02,1714622400,0.25,249.78124077538018,278.72792239376423,263.6,264.82,259.61,260.5,1048472.0,262.9,263.5,260.03,262.0,770864.0,3.884863325247224,-3.6291381344075546,2.857436386768427,-2.895979643765912,1,-8.650711488664165,-3.403015890572583,-24.038775332505725,-8.163306768250798,-1.223392339923933,3.153196316963254,8.433916228098276,0.5186448093925963,0,0.18730159314300612,-46.0,-80.0,34.0,0.1278625954198418,1.0244894125181787,7.493548767106688,1.0533328139721396,0.0034351145038167274,0.005725190839694694,-0.007519083969465767,0.008856372737774398
2024-04-19,1713499200,2024-05-08,1715140800,-0.25,251.18039207909783,279.59754770219615,260.01,265.71,259.7,265.21,1164427.0,267.39,284.69,265.76,272.78,3248463.0,-0.11477058745158786,-7.4213390980091845,-0.9262103771048515,-6.717855659017019,1,-0.7659196592508906,3.7778200494578464,-10.571983982533476,16.408204299403337,-3.456092361947654,3.277121725657383,2.439803322314571,2.252862128011019,0,0.1294322214374409,-38.0,-56.0,18.0,-3.768054842730379,-2.354343107228246,2.5948316009606174,2.5632927037132305,-0.019759513160788833,0.04366155876530553,-0.025735024561918007,0.01783582089552227
2024-04-24,1713931200,2024-05-09,1715227200,0.25,247.8430802984539,279.59754770219615,262.0,264.82,260.4801,264.7,1133028.0,274.13,277.36,261.76,263.93,1681494.0,3.1296483558448216,-4.310643316629907,2.606050846815421,-3.708672754139357,1,-5.8712037388789895,-0.9754999437211445,-10.03513879593634,9.54634497832339,-0.0983585581171127,3.5672695780327777,0.6659566435873217,-1.157563811216757,0,0.02810692933944378,-42.0,-56.0,14.0,-0.5904974803925427,0.8322667548926574,5.798335568877945,2.1086998450873695,0.0386466108437844,0.05088470427764946,-0.00822187701284438,-0.03244372754600766
2024-05-03,1714708800,2024-05-30,1717041600,-0.25,247.8430802984539,282.51590868623055,264.23,269.77,264.23,265.93,865841.0,272.18,276.51,270.86,276.11,812683.0,1.4679644842431117,-4.6420617643127,1.2528050414689886,-4.292332765926616,1,1.9060557367304654,6.318829418559886,3.13009824472164,7.01906002509687,-1.0574468094719691,2.639864076861761,-11.709683416088199,0.6434917175332951,0,0.16366820787645633,6.000000000000007,48.00000000000001,-42.0,-1.5870486400347943,-1.6940519399717857,0.22665930827538716,0.391786086801108,-0.014233457679910244,0.0014486979826879853,-0.01901416102278075,0.017541920029482183
2024-05-09,1715227200,2024-06-03,1717387200,0.75,247.8430802984539,296.43326094632897,274.13,277.36,261.76,263.93,1681494.0,287.25,289.62,282.51,286.22,752050.0,-0.5352094472778788,-8.004724868982365,-1.4082570516851973,-7.162460112267965,1,7.696306370587386,7.6298273981874996,9.928855065816492,8.254556798370665,-3.7586698496744617,2.6858513123615624,-9.618022952146598,-0.5971843739436812,0,0.26082609728363,46.0,88.0,-42.0,-4.269967158130129,-4.2021402268268275,-3.046953331026927,1.6019918392048405,0.0035986304241490963,0.011878974215638216,-0.012962057158829032,-0.00313457787684579
2024-05-10,1715313600,2024-06-14,1718337600,0.25,264.79025057359735,296.43326094632897,264.05,277.49,262.02,275.55,1778297.0,272.68,276.85,272.485,276.26,920698.0,3.2390608316871408,-3.4479220493806224,1.990274861845137,-2.3118318492241485,0,0.6418002306340824,-0.4611947827340309,5.483305321369459,13.815237714240268,0.614135191807847,2.4580991372735057,-7.384020602635395,0.7736251448901289,0,0.2233780807036196,10.0,20.0,-10.0,-0.10443060884674082,-0.22371369648686823,0.3792505496686971,-0.4956501525845296,-0.012958806921016364,0.0021356692970391222,-0.013664663722580128,0.007623007623007494
2024-05-31,1717128000,2024-06-17,1718596800,-0.25,268.89032433951303,296.43326094632897,277.83,287.96,274.47,287.12,2230765.0,275.0,286.26,273.585,285.95,1326450.0,0.2652380334032216,-6.792253245852905,-1.2490528647199284,-5.6034854578306295,0,7.442383316738699,4.735916782653288,8.213026529845788,15.407480778299814,-2.5185564016964435,2.521786546004877,-5.705888347545109,1.1220833446405927,0,0.29219170600529176,6.000000000000007,20.000000000000007,-14.0,-3.2635076062248487,-3.2615192083261064,-2.9037836667096997,0.14104658074728715,-0.03829340793845071,0.0010841056128694238,-0.04324182549396749,0.03507565337001384
2024-06-04,1717473600,2024-06-18,1718683200,0.25,268.51401312178467,295.49579621717226,284.51,285.35,280.18,280.6,699775.0,284.53,292.55,277.39,277.62,1063385.0,3.314677472236397,-3.936390605295969,2.0530461302019347,-2.7792786302619987,1,1.0745849301780765,1.0114975986028343,7.4441356457881875,21.860230346558524,0.6908341055768403,2.8019706322082683,-3.65562153237223,-0.9035689215626195,0,0.15806341008866423,2.0,20.0,-18.0,-0.3108565665297931,-0.32469818882202617,0.009216291186106673,-0.014917988343449151,0.024890137598155615,0.05377854621424971,-0.0008284705712845453,-0.02913096695226436
2024-06-17,1718596800,2024-06-27,1719460800,-0.25,268.51401312178467,296.597668853216,275.0,286.26,273.585,285.95,1326450.0,291.59,297.42,288.65,294.11,931636.0,0.16066544110158532,-8.293676899399514,-1.5693108020808495,-6.7352351161130315,0,9.86177128909673,8.387691173760821,17.051110809316093,17.194145720225578,-3.617634379635902,2.6529223025238857,6.05199028762431,0.7813119286961159,0,0.16612966727797615,50.0,92.0,-42.0,-4.066505729148972,-3.8833709558022633,-4.727228514611369,1.3693323928176948,-0.008568222773792211,0.01125429261160793,-0.018564482676549754,0.008642271682842484
2024-06-18,1718683200,2024-06-28,1719547200,0.75,268.51401312178467,311.22686377782316,284.53,292.55,277.39,277.62,1063385.0,296.22,306.46,295.06,298.96,4556676.0,-0.5272179985854848,-9.954117297106222,-2.6407100169476365,-7.915161448577294,0,12.35931428815644,8.275687226105525,19.635350467291985,28.4883574793745,-3.7657744582643886,2.7185344238930433,8.007684263885487,3.606154479079232,0,0.08861959652937082,50.0,96.0,-46.0,-5.240667647845854,-4.9243132389759126,-6.026836414812195,1.673225000297053,-0.009165105699759035,0.02508696815627509,-0.01304522344126302,0.016490428751147368
2024-06-20,1718856000,2024-07-01,1719806400,0.25,281.89613070893796,311.22686377782316,277.94,285.5,277.1,284.0,979211.0,292.8,297.89,290.27,296.02,1084366.0,0.9431885319844753,-9.241614314026208,-1.5779339233835543,-6.706472535639477,0,9.97793661170116,3.0997492337698445,20.64874755116669,27.439986490052945,-2.482740342537454,2.759111273314504,8.847584311894856,-0.8550752602584847,0,0.08290177043728893,46.0,84.0,-38.0,-4.149212891020866,-3.6009923770531174,-4.893771599563394,1.5557081027485662,-0.010877643402472659,0.006317140733734128,-0.019424363218701446,-0.00983409151725978
2024-06-28,1719547200,2024-07-05,1720152000,-0.25,281.89613070893796,311.47952570147424,296.22,306.46,295.06,298.96,4556676.0,301.89,304.0,300.5,301.79,852477.0,1.5352109092573016,-11.457010836358947,-2.504445696234697,-7.562764394667383,0,12.146494805344418,8.518518518518517,25.311537163271176,30.64159483828925,-3.2847502797210524,2.5631352049885776,12.178343248163522,0.6800422175217073,0,0.14770562822499822,42.0,48.0,-6.0,-4.96089996355083,-4.00330011335474,-5.939261655920802,1.5757216751816854,0.00033135624109470463,0.0073229729281949485,-0.004274495510123044,0.0017925311203319527
2024-07-01,1719806400,2024-07-10,1720584000,0.25,281.64883412449035,311.47952570147424,292.8,297.89,290.27,296.02,1084366.0,294.2,296.76,287.63,293.95,1280409.0,4.556552239982523,-7.838402894855776,1.1508193003345184,-4.627204173045314,0,5.6380939435508,6.476618248994819,19.120002472211127,13.626605303831504,0.0255401520714571,2.8880891913168796,8.001976492865431,1.0640810642570802,0,0.10809269901334077,30.0,48.0,-18.0,-1.6409253274366336,-1.159780072867008,-3.084835932682722,-0.18528588165926152,0.0008504847763224355,0.009559448885865018,-0.021500255145432856,0.00013609608383502447
2024-07-02,1719892800,2024-07-12,1720756800,-0.25,281.64883412449035,312.16946837909444,296.29,303.72,294.15,303.5,1156714.0,306.75,312.62,303.765,311.04,1138535.0,0.09867295632008677,-12.154357112698705,-3.4750621570644853,-8.987054183813456,0,14.092006569911177,13.080782374754603,22.763053114516964,18.069284294871366,-4.6582084727893545,2.785998966044525,7.999054281673857,0.9485661029105179,0,0.15140804375717598,50.0,76.0,-26.0,-6.027842078189309,-5.586117674005905,-7.8467340252555005,0.8344764861272642,-0.013792438271605034,0.0050797325102880375,-0.023389274691358097,0.022686920497139607
2024-07-08,1720411200,2024-07-16,1721102400,0.75,281.64883412449035,328.5870659294692,301.75,302.37,286.66,290.56,1249026.0,324.59,328.41,319.27,327.42,1516696.0,-1.7070817524490423,-16.648547103454703,-6.565675075845519,-12.347545456396475,0,20.076000731783324,18.518786650257013,31.11584756296849,27.568561498059722,-7.623336584599002,2.7861012474981375,10.397734757624242,1.2364691584793883,0,0.29784186831484677,50.0,84.0,-34.0,-9.177814427951873,-8.513697489501368,-11.531639580351921,2.744194785609383,-0.008643332722497177,0.0030236393622868896,-0.024891576568322082,0.008718691272066481
2024-07-11,1720670400,2024-07-17,1721188800,0.75,296.597668853216,345.1122597356597,295.25,304.7,294.39,304.14,1517840.0,324.67,333.75,323.81,330.3,1469263.0,-0.9002592633158883,-17.696470981915738,-6.704914723988281,-12.353567463921706,0,21.008754428969823,15.509704493792631,34.51807648637503,28.486246513372123,-7.691149369871312,2.779492348065811,11.820962574123072,1.1861300168153281,0,0.2890889897308592,50.0,88.0,-38.0,-9.29836512261582,-8.42459838937738,-11.82055422809583,3.19040053492429,-0.01704511050560098,0.010445049954586727,-0.019648804117468943,0.008796041781198527
2024-07-15,1721016000,2024-07-25,1721880000,0.25,311.43710025229234,345.1122597356597,312.71,325.52,310.48,324.59,1842851.0,320.84,320.84,310.23,312.66,1988624.0,6.453863098023007,-9.057010286662475,1.8418836222520554,-4.832299196144916,0,7.249572326479871,7.2258993792654245,24.720239103311233,0.3603723216639736,0.14324715374654318,3.316361108340253,8.840201367957867,1.6325165928786718,0,0.16554722651420525,26.0,72.0,-46.0,-1.3015735943197342,-1.2743153571210115,-5.121958475610072,-0.7124706701033201,0.026162604746369666,0.026162604746369666,-0.007772020725388629,0.0
2024-07-17,1721188800,2024-07-26,1721966400,-0.25,311.43710025229234,354.3201295442747,324.67,333.75,323.81,330.3,1469263.0,357.74,378.0099,355.0,367.62,4962708.0,-5.678049284975202,-24.436743163749014,-12.190579039950691,-18.254310610594274,0,23.38916898562026,24.994049845295972,31.490997857764363,15.054202661347546,-11.618321069501931,3.8888380536069125,10.86591752407044,3.834357743215963,1,0.18557523626826833,50.0,92.0,-42.0,-15.057396224362108,-14.506972954939442,-18.549319646578127,2.3855266156711714,-0.026875578042543924,0.028262608127958222,-0.034328926608998445,0.17578199961619645
2024-07-18,1721275200,2024-07-29,1722225600,0.75,311.43710025229234,380.371260043737,329.0,335.6,321.56,321.63,1304110.0,366.52,381.95,365.18,377.36,2051317.0,-4.540661717793199,-27.88142859384554,-13.396493180693952,-19.446018832591335,0,25.139991466289416,26.224244046026236,37.12521572281042,20.521691763550606,-12.56882572281907,3.8352899823720152,12.844449610593927,1.5586265690706407,0,0.20231695997681062,50.0,96.0,-46.0,-16.211045155819363,-15.121850873260072,-19.84176671858971,4.735886972271114,-0.02872588509645968,0.012163451346194565,-0.03227687089251641,0.02649475001360102
2024-07-26,1721966400,2024-07-30,1722312000,0.75,328.5870659294692,406.1494526503805,357.74,378.0099,355.0,367.62,4962708.0,377.85,385.14,372.79,383.07,1584532.0,-2.817056442942956,-29.830501444649386,-13.508281341095184,-19.59110954481774,0,26.109952390304557,29.40679683805149,41.582820713509186,25.945388890820112,-12.602919541190062,3.73853815615996,14.761105017532323,1.189378250795227,0,0.221376640196891,50.0,64.0,-14.0,-16.32377894379617,-14.826365349753928,-20.211632101101856,6.226453982552922,-0.01362675229070398,0.0054037121152792356,-0.02683582635027537,0.015131439474242114
2024-07-29,1722225600,2024-08-06,1722916800,0.25,354.3201295442747,406.1494526503805,366.52,381.95,365.18,377.36,2051317.0,360.75,368.64,356.2,356.78,1356929.0,11.184612015018459,-21.43490631402622,-1.8122297587682397,-8.658883158622487,0,12.607703944192075,21.390901976795597,39.60448170212968,2.999710414998532,-2.071469529161078,3.74528715547089,17.596149767860375,-0.9946345126504265,0,-0.08763286023511405,30.0,64.0,-34.0,-5.1251471495038885,-3.854063886503212,-11.085116595365903,1.581330949309212,0.011127305342227833,0.0332417736420203,-0.001625651662088612,-0.018486932599725003
2024-07-30,1722312000,2024-08-07,1723003200,-0.75,331.0618675510706,406.1494526503805,377.85,385.14,372.79,383.07,1584532.0,358.21,366.74,353.75,353.94,1327162.0,11.961055333331402,-18.993885756566968,-0.04647868753647799,-7.057127385055836,0,11.277012167528731,20.408232692634805,36.49511214704202,2.6790930059102323,-0.8181835890386395,3.7678230707536704,16.627949182459474,-0.9635325170534965,0,-0.08744321567095684,26.0,64.0,-38.0,-3.516415211617783,-2.789012578820973,-9.964935180430373,0.020892847306985374,0.012064191670904556,0.03616432163643557,-0.000536814149290854,-0.007960087448847908
2024-07-31,1722398400,2024-08-09,1723176000,-0.25,331.0618675510706,380.371260043737,382.74,386.28,375.64,379.72,1381550.0,361.76,367.31,357.97,364.41,788170.0,9.294737544608438,-18.76621198274131,-1.3414853233080066,-8.196124328823757,0,14.234000871541909,17.158564814814813,33.93117387604344,12.38330641513069,-2.2969239945458213,3.547467240938127,14.866604218766504,0.5711574067840632,0,-0.054049505919650014,18.0,64.0,-46.0,-4.735737219066436,-4.580520418059621,-11.59147654672256,-0.9091080015029718,-0.007272028758815718,0.007958069207760321,-0.017672401964819784,0.0012914216629116293
2024-08-07,1723003200,2024-08-12,1723435200,0.25,331.0618675510706,378.8322591699278,358.21,366.74,353.75,353.94,1327162.0,364.41,365.475,350.0348,350.76,976280.0,13.622286095346723,-14.933153925201864,3.00571140761015,-4.127088797658416,0,7.865801303165178,8.062478819433752,30.25381952924232,6.514166850613982,2.463803445273129,3.7366907336952866,13.27030394844951,-0.7058002191806523,0,-0.14547273828529536,14.0,60.0,-46.0,-0.6554339149275847,-0.7846311228077383,-7.831367207742019,-2.1599311875280165,0.03891549777625736,0.04195176188847083,-0.002067510548523166,-0.03745780851239
2024-08-08,1723089600,2024-08-13,1723521600,-0.25,331.4740973574793,378.8322591699278,354.05,364.15,352.67,363.94,917921.0,354.36,358.95,351.87,357.0,590502.0,11.817317053433257,-15.772499126262389,1.6092903828198075,-5.341132586367877,0,9.784359656892121,9.03426791277258,28.038136118421946,12.646860625459496,1.7978879103646648,3.573001469140148,11.7880251260123,0.4372731657763529,0,-0.09292256874643785,10.0,56.0,-46.0,-1.977591036414566,-2.278928510082011,-9.072092476937016,-2.5887622616341233,-0.007394957983193229,0.00546218487394956,-0.01436974789915968,0.017789941840574697
2024-08-12,1723435200,2024-08-23,1724385600,0.25,331.4740973574793,378.0264743496911,364.41,365.475,350.0348,350.76,976280.0,345.82,350.505,340.665,348.73,615441.0,10.137000342172925,-3.852195478811609,6.138991961307198,0.44217207199454833,0,5.0149500820609845,-5.138458190522819,11.270828225267712,-12.54604887234423,1.5974484346212563,2.9843257172256545,-0.41539708878054427,0.4614217440669945,0,-0.3263551703627617,-21.999999999999996,16.000000000000004,-38.0,3.142402431680665,-0.02361985238398745,-5.010342548514743,-4.022348637656389,-0.008344564562842383,0.005089897628537843,-0.02312677429530008,0.02471203573107661
2024-08-13,1723521600,2024-08-28,1724817600,-0.25,332.883552856923,378.0264743496911,354.36,358.95,351.87,357.0,590502.0,359.68,362.16,354.05,355.8,591370.0,5.02987318136266,-4.761182905927015,2.9010698894510085,-2.242415214540003,0,6.928350662436344,-6.299378489413256,12.04068901670284,0.17071421295283074,-0.7349314172174672,2.8006717753525923,-2.82801725900179,-0.44640529189064937,0,-0.1661767883473717,-34.0,12.0,-46.0,0.13434513771781553,-1.3778944880353663,-6.0694951523538805,-1.8834405486534935,0.010905002810567721,0.017875210792580143,-0.0049184935356941795,-0.013776090029658739
2024-08-14,1723608000,2024-09-03,1725336000,0.25,332.883552856923,373.55160936072053,353.97,357.25,350.54,351.22,698374.0,345.53,349.7181,342.82,346.42,1328055.0,5.315566855016911,-1.5911860455948386,4.583515193503089,-0.45785943844659016,1,2.4110027073090876,-4.698762035763407,7.757148454759749,-15.61031595656253,1.3275291959402296,2.765736599986131,-6.28778350342915,-1.0162179992393066,0,-0.2212384769125534,-46.0,-68.0,22.0,1.8621904047110291,1.1001205478847993,-3.0617779636528155,-2.303657942919421,-0.0025691357311934393,0.009520524219155835,-0.01039200969920917,-0.0032226506301432645
2024-08-26,1724644800,2024-09-11,1726027200,-0.75,318.0691522797673,373.55160936072053,349.22,357.21,349.22,355.37,757258.0,325.58,329.14,315.23,327.42,1242396.0,12.057355401849932,-2.049109112680057,8.042129375114527,2.3609522936900476,0,-5.185135712689068,-8.285714285714281,-11.28958640391174,-16.13075428270055,3.8750626973987465,3.2922787290933986,-3.2609064579145297,1.0020846072501282,0,-0.08834667085402917,-38.0,-84.0,46.0,5.004123144584938,3.7942401471731273,2.01732944341353,-3.931397954198619,-0.005619693360210176,0.0052531916193268025,-0.03723046851139211,0.012461733510621853
2024-08-29,1724904000,2024-09-18,1726632000,-0.25,318.0691522797673,356.9785139669521,358.23,358.23,350.74,351.53,847167.0,339.5,346.41,332.6,339.64,1118307.0,6.590971089725755,-5.827515666336296,3.4850253209280453,-2.5493964197385424,0,0.7419205074542035,-2.2112173212023514,-5.629281001118436,-17.123977304672408,-0.8339115484274799,3.1637844647619042,-7.6842103286784464,0.9093533945047946,0,-0.09794274291128002,-10.0,-36.0,26.0,0.3817277116947366,0.11406127303312985,-1.3175085231317354,-0.04725135159321914,-0.00041220115416318315,0.019932870097750577,-0.020727829466493874,0.0008545749226460675
2024-09-04,1725422400,2024-09-24,1727150400,0.25,317.4382051269943,356.9785139669521,348.52,355.51,329.34,331.64,1767613.0,328.77,331.19,319.82,323.36,4190430.0,10.896978178873098,-2.2799569022773483,7.862198993897422,1.2533698251690595,0,-7.149371404385562,-9.007513296001347,-10.872285414937755,-16.274192101007614,2.3576462354109253,3.2727959442843972,-6.67425964676767,-3.1747273029987624,-1,-0.17750226049183485,-26.0,-76.0,50.0,4.308510638297875,4.017886086136642,3.371828059651264,-1.0917410080376824,0.0167305789213259,0.024214497773379362,-0.01094755071746667,-0.024908027260116983
2024-09-12,1726113600,2024-09-26,1727323200,-0.75,298.28326488476216,356.9785139669521,329.61,339.19,327.64,339.03,1068504.0,317.52,320.04,314.9,317.01,1586929.0,11.27788181777332,-1.1655825212211397,8.734805421490393,1.9798734004184695,0,-9.351475884667515,-10.902192242833058,-16.64617517179291,-23.397433981179034,3.7136038871785217,3.2421517816650134,-3.9096532481501676,1.18945154671147,0,-0.2635397867506461,-34.0,-80.0,46.0,5.056149648276076,4.926121530373308,4.994019275727737,-2.0859245514017735,0.001608782057348268,0.009558058105422651,-0.006655941452951009,0.008012973385481237
2024-09-19,1726718400,2024-10-18,1729224000,-0.25,298.28326488476216,337.44793189936183,341.13,346.835,330.895,331.34,1692595.0,328.05,329.53,324.2,325.61,931900.0,3.197993638754099,-2.6052600003523594,2.909372152779909,-2.113698391736534,1,-3.3931586661152338,-1.4497578692493838,-5.464382627639026,13.16883710287231,0.760771913277253,2.689132843850435,-14.253776094774043,-0.8628535127693338,0,-0.048976462510876735,-46.0,-28.0,-18.0,0.2963668192008697,1.072494894544576,1.5177742564564483,0.6149767341403045,0.007493627345597442,0.012038942292927013,-0.004330333834955957,-0.005862058437394957
2024-09-25,1727236800,2024-10-21,1729483200,0.25,298.28326488476216,336.8271995195312,322.36,325.0,313.595,314.49,2110772.0,325.18,325.68,315.0025,315.41,1018760.0,6.554424694685238,0.01131513601129086,6.133748665757793,0.7360536021897417,1,-8.78901699590638,-4.8881249623062475,-8.416835128615947,2.444741612560854,3.82344858343437,2.819609190921527,-13.64135612045733,-0.9392671013390799,0,-0.21813946519505636,-42.0,-20.000000000000004,-21.999999999999996,3.2828699153482717,3.927629523725045,4.61247895248664,-0.24130399564302962,0.03097555562601051,0.03256079388732114,-0.0012919691829682556,-0.03132581923159605
2024-09-27,1727409600,2024-10-24,1729742400,-0.25,301.43021229864024,336.8271995195312,319.68,334.2,318.03,326.22,1314338.0,333.82,336.675,330.23,332.02,657542.0,1.2018233257640816,-3.789318054997267,1.3614511174025807,-3.895120775856867,1,0.9926675933704132,4.734866407999745,-3.4047605584716383,9.964728433624657,-1.1388620205963775,2.7905740797979863,-15.510378288716662,-0.5948860330875556,0,-0.09855379446838018,6.000000000000007,40.00000000000001,-34.0,-1.2937473646165927,-0.9882332323960128,-0.5724687280817449,0.8402425962972484,0.0054213601590265,0.014020239744593876,-0.005391241491476295,-0.0006020107157909127
2024-10-21,1729483200,2024-10-25,1729828800,0.75,301.43021229864024,351.0804255388973,325.18,325.68,315.0025,315.41,1018760.0,336.93,338.03,332.52,336.0,905385.0,0.360201068155817,-4.995022496727259,0.14155456349207896,-4.7354900793650785,1,3.149075034488291,2.9979768254552055,-1.2431094864083327,17.327048280856104,-2.065426529770093,2.6883170233139575,-15.779539101516969,0.8153690700369867,0,-0.07523410693062618,50.0,88.0,-38.0,-2.317410714285728,-1.9552367855133639,-1.6815757637597528,1.2178488475438063,0.0027678571428570997,0.006041666666666501,-0.010357142857142954,0.0119872296849588
2024-10-22,1729569600,2024-10-31,1730347200,0.25,317.4382051269943,351.0804255388973,317.28,335.0,316.455,329.82,1529656.0,343.98,351.36,326.19,327.61,2175377.0,2.9405728163557114,-2.2305822788263185,3.276749793962324,-2.2128201214859047,1,-1.5851031336982828,1.6191569217407573,-1.3088208208456054,12.232949494316962,0.7603603179823892,3.055303974778308,-15.709978369626674,-1.8792717947814193,-1,-0.23931245898047482,34.0,16.0,18.0,0.35499526876469645,0.5056633461371689,0.7732104468050522,0.4485690986579616,0.04996794969628526,0.07249473459296119,-0.0043344220261897215,-0.011137941442801114
2024-10-25,1729828800,2024-11-01,1730433600,-0.25,318.41246720753475,358.60376015556926,336.93,338.03,332.52,336.0,905385.0,360.61,382.46,356.7801,366.49,4442323.0,-4.720063005355385,-14.766689702767636,-6.803694507353541,-12.286905509017998,0,14.691002519163263,12.310002451581276,7.476703961337483,21.088194868024942,-7.349337695040674,3.605112156110784,-12.748766240004139,3.6170121850902097,0,-0.27090964315929983,50.0,36.0,14.0,-9.74337635406151,-9.189421525471104,-9.528641219677908,2.758736743776847,-0.016044093972550355,0.04357554094245408,-0.026494310895249562,0.1186776960410243
2024-10-28,1730088000,2024-11-05,1730782800,0.75,318.41246720753475,382.6325878454101,336.41,339.5,329.3,329.67,852157.0,377.44,386.18,374.56,382.38,1587190.0,-3.21933003774339,-20.98774146181202,-9.124263821329563,-14.72233903446832,0,18.99135781535547,16.828597616865256,21.944920851654455,27.855986118563052,-9.249908173744899,3.4588168335820964,-7.2561747262783385,1.2435038228660265,0,-0.14905420785197976,50.0,43.99999999999999,6.000000000000007,-12.103535749777706,-10.759120821198948,-12.330987859461473,6.015158979349423,-0.012919085726240898,0.009937758250954554,-0.020450860400648585,0.017428092488625202
2024-11-01,1730433600,2024-12-06,1733461200,0.75,334.8214841818945,408.77703621063,360.61,382.46,356.7801,366.49,4442323.0,405.95,407.61,400.94,403.06,825714.0,0.8794120013723585,-5.728069769446591,-0.23340280189881923,-4.473218213996262,0,13.4226891227448,2.5493588438835695,25.975936035233094,13.597738773470674,-2.6597179716276713,2.416710156420333,13.76982879578373,-0.6790384380061657,0,0.017517779450006852,-34.0,12.0,-46.0,-2.4243288840371235,-3.429135199010986,-8.257895235258232,-0.540960354608174,0.0071701483650077336,0.011288641889545037,-0.005259762814469271,-0.0026723412678774094
2024-11-04,1730696400,2024-12-11,1733893200,0.25,358.60376015556926,408.77703621063,377.0,381.62,367.155,375.83,2196037.0,378.0,380.2062,372.65,378.49,1142101.0,8.278936266475895,-2.026987734150083,6.263395774437015,0.41261504046784125,0,1.1350025441265785,-3.446428571428569,10.973732735295668,10.597121508529305,2.795664751485077,3.3389551106718365,8.920945785218727,0.9292764224478943,0,-0.08706105862936522,-46.0,-88.0,42.0,3.125974266162899,1.833122977530266,-2.167111719557383,-3.933506884218051,-0.0012946180876641789,0.004534333800100487,-0.015429733942772694,0.0014022647899250007
2024-11-06,1730869200,2024-12-12,1733979600,-0.25,361.5699784324568,408.77703621063,392.07,413.79,392.07,408.02,2412070.0,385.58,390.29,382.3,388.45,805743.0,4.910927846387025,-4.4048138033956405,3.1596927961556673,-2.2756579568370086,0,4.601427606473507,-4.374476884446861,10.131059863400312,16.259461936329515,0.18714168176157386,3.237941003235641,6.528034500241194,0.6619739379068884,0,-0.013224812959692089,-30.0,-68.0,38.0,0.2530570214956924,-0.7038283287616593,-4.492226552589756,-3.356212336266575,-0.007388338267473316,0.004736774359634488,-0.015832153430299867,0.026315094190070942
2024-12-09,1733720400,2024-12-17,1734411600,0.25,360.0102953630236,405.27259513413406,400.77,400.77,365.87,365.96,1957167.0,375.84,377.3499,369.84,371.03,976579.0,9.903227099664534,-1.0356153162507837,7.323101456306318,1.8301197567133016,0,-1.9926917011354632,-3.63357747649473,3.3163771230461943,4.29752926530535,4.407571148362038,3.216152972517671,2.413824388595028,-0.8023477037614681,0,-0.09208507046230552,-42.0,-68.0,26.0,4.433805891706882,3.3000331069156204,0.15891861835709165,-3.810694340306176,0.012963911274020967,0.01703339352612998,-0.003207287820391924,-0.020977360282864677
2024-12-12,1733979600,2025-01-08,1736312400,-0.75,338.0737466808796,405.27259513413406,385.58,390.29,382.3,388.45,805743.0,346.42,349.9,341.0,349.32,839889.0,10.752269409946706,-5.225674883438046,5.540194282224519,0.06780220619107524,0,-6.381608674709767,-4.546945021313801,-19.46061077843322,-23.417430331484766,0.5317168234252563,2.8657778563392298,5.180012236598635,0.673897656207976,0,0.11873844662877621,-38.0,-68.0,30.0,2.76329726325433,2.5090920959892173,3.743425902436883,-0.47672725200916233,-0.00830184358181607,0.0016603687163632141,-0.023817702965762022,0.004861490665362567
2024-12-13,1734066000,2025-01-13,1736744400,-0.75,319.33066069075943,382.6325878454101,382.8,385.13,376.01,379.78,807298.0,334.25,339.64,333.88,337.84,809245.0,13.207074346315878,-3.174662553751304,7.620548188491611,2.5416528534217377,0,-10.067939464006855,-10.74004597215251,-22.324518788005985,-23.142001760229192,2.9765120512558383,2.983803240563323,5.1117155151154385,0.6495961979126389,0,0.19284380792837433,-46.0,-92.0,46.0,5.016205896282287,4.83011087646392,6.676873014229898,-1.122134964900364,-0.010626331991475224,0.005327965901018361,-0.011721524982240106,0.008808862611603852
2024-12-18,1734498000,2025-01-22,1737522000,-0.25,319.33066069075943,360.0102953630236,369.67,373.24,357.75,358.26,833519.0,350.31,352.98,345.27,352.8,921016.0,1.5910312322299234,-4.250753454452138,0.726502267573693,-3.612372448979599,1,-2.3580044386067414,0.008504124500391065,-13.941789329276538,1.7883668710077956,-1.4374005875632037,2.496336487401077,-3.8002346617720697,0.8414122119551616,0,0.16661463403177712,-46.0,-68.0,22.0,-1.3298611111111143,-0.19089197929281454,1.49022193400954,1.7129618466673104,-0.007057823129251739,0.0005102040816327147,-0.021343537414966085,0.006389776357827559
2025-01-10,1736485200,2025-01-29,1738126800,0.75,319.33066069075943,372.07616170187964,344.47,345.61,333.68,334.89,1259530.0,365.64,367.71,357.23,359.33,1040728.0,2.756945857506736,-7.1618104666403894,-0.0968422712641086,-4.591610311783967,0,0.24747680585662124,3.0632439409149597,-0.36107659826332317,1.5602886867343244,-1.7646174401259174,2.48883440389863,-4.792118573973347,-0.9855278181914013,0,0.16541705538819668,38.0,36.0,2.0,-2.202432304566827,-0.7201428871527611,-0.05857206886550159,2.975232316309664,0.01756045974452447,0.02332118108702308,-0.005844210057607158,-0.01655810389183865
