unix,date,open,high,low,close,volume_base
1451883600,2016-01-04,34.2,34.2,33.14,33.73,625086.0
1451970000,2016-01-05,33.74,33.99,33.56,33.66,418583.0
1452056400,2016-01-06,33.25,33.84,32.77,33.07,773350.0
1452142800,2016-01-07,32.56,32.88,31.54,31.77,974434.0
1452229200,2016-01-08,31.94,32.18,31.3,31.36,963334.0
1452488400,2016-01-11,31.43,31.6,30.75,31.07,1072364.0
1452574800,2016-01-12,31.26,31.55,30.69,31.14,626856.0
1452661200,2016-01-13,31.02,31.76,29.91,30.06,1314694.0
1452747600,2016-01-14,30.42,31.43,29.96,31.34,1174892.0
1452834000,2016-01-15,30.4,30.8,30.1,30.68,913300.0
1453179600,2016-01-19,30.83,31.06,29.61,30.1,1278931.0
1453266000,2016-01-20,29.59,29.99,28.75,29.61,1561008.0
1453352400,2016-01-21,31.33,32.9,29.84,31.14,2583442.0
1453438800,2016-01-22,31.69,32.035,31.11,31.45,1167745.0
1453698000,2016-01-25,31.26,31.43,29.92,29.94,988138.0
1453784400,2016-01-26,30.03,30.305,29.7,30.26,946649.0
1453870800,2016-01-27,30.06,30.18,29.35,29.55,968601.0
1453957200,2016-01-28,29.83,30.0,28.795,28.94,860884.0
1454043600,2016-01-29,28.98,29.735,28.89,29.61,1136432.0
1454302800,2016-02-01,30.05,30.5,29.59,30.38,1161597.0
1454389200,2016-02-02,30.04,30.25,29.28,29.42,912863.0
1454475600,2016-02-03,29.54,29.82,28.79,29.57,715869.0
1454562000,2016-02-04,29.45,30.05,29.28,29.59,733349.0
1454648400,2016-02-05,29.24,29.51,27.82,28.11,1224087.0
1454907600,2016-02-08,27.5,28.31,27.06,27.71,1256358.0
1454994000,2016-02-09,27.36,28.38,27.31,27.78,861405.0
1455080400,2016-02-10,28.0,29.48,27.74,27.78,917490.0
1455166800,2016-02-11,27.49,28.33,27.44,28.04,1000959.0
1455253200,2016-02-12,28.27,28.67,28.175,28.63,635796.0
1455598800,2016-02-16,28.94,29.13,28.58,28.66,753880.0
1455685200,2016-02-17,28.8,29.71,28.71,29.68,855192.0
1455771600,2016-02-18,29.81,29.98,29.34,29.46,704615.0
1455858000,2016-02-19,29.26,30.11,29.18,30.1,679240.0
1456117200,2016-02-22,30.31,30.58,30.08,30.57,465932.0
1456203600,2016-02-23,30.51,30.51,29.95,30.02,583612.0
1456290000,2016-02-24,29.72,30.51,29.52,30.44,800455.0
1456376400,2016-02-25,30.79,31.28,30.54,30.8,767818.0
1456462800,2016-02-26,30.89,31.36,30.76,31.23,584735.0
1456722000,2016-02-29,31.19,31.47,30.535,30.91,721601.0
1456808400,2016-03-01,31.17,32.0,31.0,31.99,503387.0
1456894800,2016-03-02,31.87,32.16,31.615,32.12,312678.0
1456981200,2016-03-03,32.01,32.22,31.59,32.22,453985.0
1457067600,2016-03-04,32.25,32.48,31.87,32.18,792198.0
1457326800,2016-03-07,32.02,32.14,30.15,31.88,822387.0
1457413200,2016-03-08,31.71,31.89,31.29,31.51,332573.0
1457499600,2016-03-09,31.62,31.77,31.07,31.55,407620.0
1457586000,2016-03-10,31.78,31.99,30.81,31.21,437476.0
1457672400,2016-03-11,31.42,31.67,31.34,31.51,343556.0
1457928000,2016-03-14,31.44,31.83,31.33,31.69,296555.0
1458014400,2016-03-15,31.56,31.88,31.46,31.57,517093.0
1458100800,2016-03-16,31.53,31.855,31.35,31.84,315166.0
1458187200,2016-03-17,31.85,32.425,31.58,32.32,389403.0
1458273600,2016-03-18,32.08,32.9995,30.76,32.84,1145878.0
1458532800,2016-03-21,32.63,32.69,32.01,32.28,429852.0
1458619200,2016-03-22,32.18,32.675,32.15,32.42,339154.0
1458705600,2016-03-23,32.41,32.53,31.58,31.59,449375.0
1458792000,2016-03-24,31.37,32.12,31.17,32.1,318610.0
1459137600,2016-03-28,32.24,32.69,31.73,32.03,478348.0
1459224000,2016-03-29,31.88,32.92,31.87,32.89,607570.0
1459310400,2016-03-30,33.1,33.26,32.4,32.93,366066.0
1459396800,2016-03-31,32.83,33.27,32.75,33.16,583427.0
1459483200,2016-04-01,32.85,33.1,32.58,33.0,555381.0
1459742400,2016-04-04,33.0,33.05,32.59,32.63,395521.0
1459828800,2016-04-05,32.42,32.51,32.01,32.1,227193.0
1459915200,2016-04-06,31.64,32.66,31.61,32.65,356903.0
1460001600,2016-04-07,32.45,32.61,32.01,32.2,353825.0
1460088000,2016-04-08,32.49,32.715,31.58,31.96,424639.0
1460347200,2016-04-11,31.96,32.74,31.96,32.38,679292.0
1460433600,2016-04-12,32.36,32.54,31.99,32.29,414920.0
1460520000,2016-04-13,32.43,33.0,32.43,32.96,439547.0
1460606400,2016-04-14,32.9,32.99,32.57,32.74,483156.0
1460692800,2016-04-15,32.7,33.29,32.65,33.29,1198932.0
1460952000,2016-04-18,33.13,33.49,33.02,33.38,286191.0
1461038400,2016-04-19,33.4,33.72,33.06,33.68,544593.0
1461124800,2016-04-20,33.76,34.7,33.395,34.21,1307478.0
1461211200,2016-04-21,37.39,38.5,36.0,37.55,3151134.0
1461297600,2016-04-22,37.41,37.6556,36.54,37.02,1998646.0
1461556800,2016-04-25,37.08,37.36,36.4,36.85,824840.0
1461643200,2016-04-26,36.79,37.19,36.62,37.04,532107.0
1461729600,2016-04-27,36.92,37.28,36.37,36.96,712421.0
1461816000,2016-04-28,36.68,37.04,36.53,36.68,717585.0
1461902400,2016-04-29,36.56,36.78,36.16,36.46,568551.0
1462161600,2016-05-02,36.25,37.04,36.18,36.97,819943.0
1462248000,2016-05-03,36.44,36.95,36.07,36.49,522359.0
1462334400,2016-05-04,36.17,36.3,35.32,35.73,983313.0
1462420800,2016-05-05,35.62,36.0,35.29,35.53,642373.0
1462507200,2016-05-06,35.24,35.59,34.89,35.58,502308.0
1462766400,2016-05-09,35.48,35.972,35.085,35.57,484845.0
1462852800,2016-05-10,35.51,36.35,35.41,36.31,600467.0
1462939200,2016-05-11,36.18,36.66,35.9237,36.16,690633.0
1463025600,2016-05-12,36.22,36.6,35.56,35.84,605250.0
1463112000,2016-05-13,35.61,35.69,34.8,35.38,1118575.0
1463371200,2016-05-16,35.12,35.94,35.12,35.73,546093.0
1463457600,2016-05-17,35.62,36.0,35.095,35.32,654510.0
1463544000,2016-05-18,35.08,35.53,34.81,35.13,472162.0
1463630400,2016-05-19,34.99,35.33,34.64,34.98,516438.0
1463716800,2016-05-20,35.06,35.7,34.97,35.66,733004.0
1463976000,2016-05-23,35.61,35.86,35.33,35.37,650775.0
1464062400,2016-05-24,35.51,36.32,35.47,36.08,879423.0
1464148800,2016-05-25,36.23,36.38,35.81,35.83,1025901.0
1464235200,2016-05-26,35.89,36.21,35.57,35.76,641154.0
1464321600,2016-05-27,35.71,36.06,35.66,35.95,619466.0
1464667200,2016-05-31,35.96,36.13,35.61,35.74,653188.0
1464753600,2016-06-01,35.59,36.02,35.53,35.97,901975.0
1464840000,2016-06-02,35.95,36.47,35.56,36.46,1165425.0
1464926400,2016-06-03,36.46,36.52,35.76,36.48,877418.0
1465185600,2016-06-06,36.59,37.52,36.45,37.34,966793.0
1465272000,2016-06-07,37.28,37.45,37.15,37.29,584373.0
1465358400,2016-06-08,37.29,38.21,37.21,38.15,1226802.0
1465444800,2016-06-09,37.88,38.34,37.65,37.88,857177.0
1465531200,2016-06-10,37.61,37.71,36.91,37.03,624896.0
1465790400,2016-06-13,36.83,37.56,36.8,37.2,1472589.0
1465876800,2016-06-14,37.17,37.88,36.9671,37.75,1415601.0
1465963200,2016-06-15,37.76,38.75,37.61,38.23,1267823.0
1466049600,2016-06-16,37.98,38.83,37.89,38.8,1206303.0
1466136000,2016-06-17,38.94,39.21,38.35,38.38,1643370.0
1466395200,2016-06-20,38.74,39.4,38.73,38.98,872042.0
1466481600,2016-06-21,38.9,39.33,38.9,39.11,793142.0
1466568000,2016-06-22,39.2,39.28,38.6,38.62,829103.0
1466654400,2016-06-23,39.08,39.44,38.9,39.39,736632.0
1466740800,2016-06-24,37.78,38.03,36.66,36.75,2784583.0
1467000000,2016-06-27,36.33,36.35,34.68,34.95,1283599.0
1467086400,2016-06-28,35.3,35.66,34.9,35.19,799883.0
1467172800,2016-06-29,35.62,36.43,35.45,36.27,1382425.0
1467259200,2016-06-30,36.27,37.59,36.13,37.58,1657094.0
1467345600,2016-07-01,37.58,38.17,37.5243,37.9,1306731.0
1467691200,2016-07-05,37.68,38.75,36.57,37.35,810736.0
1467777600,2016-07-06,37.29,37.75,36.93,37.34,1306503.0
1467864000,2016-07-07,37.44,37.675,37.22,37.39,542818.0
1467950400,2016-07-08,37.72,38.53,37.46,38.36,860633.0
1468209600,2016-07-11,38.52,38.91,38.23,38.61,523478.0
1468296000,2016-07-12,38.96,39.18,38.45,38.77,932306.0
1468382400,2016-07-13,38.96,39.032,38.25,38.28,737282.0
1468468800,2016-07-14,38.51,38.74,37.25,38.56,480796.0
1468555200,2016-07-15,38.69,39.17,38.26,38.73,791224.0
1468814400,2016-07-18,38.75,39.115,38.75,38.94,678734.0
1468900800,2016-07-19,38.88,39.17,38.85,39.04,803266.0
1468987200,2016-07-20,39.39,39.97,39.07,39.56,2798544.0
1469073600,2016-07-21,40.05,41.41,40.04,40.17,4734189.0
1469160000,2016-07-22,39.98,40.69,39.77,40.55,1978571.0
1469419200,2016-07-25,40.42,40.7,39.995,40.08,747306.0
1469505600,2016-07-26,40.06,40.41,39.89,40.36,1677886.0
1469592000,2016-07-27,40.66,40.74,39.89,40.29,1257897.0
1469678400,2016-07-28,40.2,40.58,40.05,40.11,628578.0
1469764800,2016-07-29,40.22,40.2232,39.19,39.73,1302828.0
1470024000,2016-08-01,40.23,40.66,39.97,40.39,1518659.0
1470110400,2016-08-02,40.33,40.48,39.31,39.62,1100716.0
1470196800,2016-08-03,39.47,39.605,39.28,39.55,686122.0
1470283200,2016-08-04,39.64,39.94,39.35,39.67,395343.0
1470369600,2016-08-05,39.78,40.87,39.78,40.82,1066501.0
1470628800,2016-08-08,40.82,41.16,40.71,41.08,883965.0
1470715200,2016-08-09,40.93,41.33,40.895,41.21,630475.0
1470801600,2016-08-10,41.3,41.39,40.99,41.27,525440.0
1470888000,2016-08-11,41.31,41.85,41.08,41.65,515370.0
1470974400,2016-08-12,41.58,41.71,41.37,41.66,620476.0
1471233600,2016-08-15,41.67,42.99,41.625,42.64,1243980.0
1471320000,2016-08-16,42.61,42.61,41.4,41.63,1002577.0
1471406400,2016-08-17,41.58,41.78,41.14,41.46,981886.0
1471492800,2016-08-18,41.52,41.95,41.35,41.66,1254132.0
1471579200,2016-08-19,41.63,42.35,41.41,42.28,765966.0
1471838400,2016-08-22,42.08,42.25,41.83,42.06,371734.0
1471924800,2016-08-23,42.33,42.56,42.025,42.55,393628.0
1472011200,2016-08-24,42.4,42.61,42.05,42.25,980012.0
1472097600,2016-08-25,42.23,42.38,41.94,42.16,676579.0
1472184000,2016-08-26,42.31,42.5,41.94,42.32,456701.0
1472443200,2016-08-29,42.29,42.85,42.29,42.56,630930.0
1472529600,2016-08-30,42.65,42.8,42.54,42.8,560355.0
1472616000,2016-08-31,42.62,42.85,42.24,42.67,928553.0
1472702400,2016-09-01,42.62,42.86,42.3,42.84,724706.0
1472788800,2016-09-02,42.97,43.655,42.86,43.56,912605.0
1473134400,2016-09-06,43.52,43.58,43.22,43.57,773636.0
1473220800,2016-09-07,43.57,43.75,41.4,43.74,624017.0
1473307200,2016-09-08,43.73,43.96,43.4925,43.92,905808.0
1473393600,2016-09-09,43.52,43.76,42.28,43.21,1711931.0
1473652800,2016-09-12,42.88,43.65,42.79,43.57,970757.0
1473739200,2016-09-13,43.23,43.39,42.91,43.11,942917.0
1473825600,2016-09-14,43.17,43.51,43.04,43.24,848226.0
1473912000,2016-09-15,43.35,43.95,43.25,43.71,572574.0
1473998400,2016-09-16,43.38,43.52,43.14,43.26,1042184.0
1474257600,2016-09-19,43.31,43.83,43.14,43.39,393707.0
1474344000,2016-09-20,43.54,43.8,43.32,43.33,439254.0
1474430400,2016-09-21,43.44,44.13,43.19,44.11,594884.0
1474516800,2016-09-22,44.24,44.75,44.18,44.56,762583.0
1474603200,2016-09-23,44.52,44.75,44.11,44.13,538791.0
1474862400,2016-09-26,43.99,44.08,43.72,43.74,608183.0
1474948800,2016-09-27,43.66,44.31,43.58,44.3,331555.0
1475035200,2016-09-28,44.38,44.65,44.11,44.51,481120.0
1475121600,2016-09-29,44.35,44.56,43.62,43.88,659459.0
1475208000,2016-09-30,43.85,44.42,43.0103,44.31,1109503.0
1475467200,2016-10-03,45.02,46.802,44.41,45.11,2650259.0
1475553600,2016-10-04,45.34,45.81,45.07,45.44,1168833.0
1475640000,2016-10-05,45.5,45.98,45.3,45.89,822850.0
1475726400,2016-10-06,45.84,46.26,45.52,46.25,791591.0
1475812800,2016-10-07,46.5,46.5,45.635,45.94,652821.0
1476072000,2016-10-10,46.28,46.91,45.95,45.98,799924.0
1476158400,2016-10-11,45.89,45.97,44.65,45.1,788789.0
1476244800,2016-10-12,45.01,45.18,44.73,45.14,811737.0
1476331200,2016-10-13,44.73,45.21,44.44,45.08,806981.0
1476417600,2016-10-14,45.33,45.93,45.12,45.26,722743.0
1476676800,2016-10-17,45.11,45.48,44.885,45.47,783835.0
1476763200,2016-10-18,45.99,46.28,45.57,46.13,801383.0
1476849600,2016-10-19,45.61,46.6,45.61,46.43,638886.0
1476936000,2016-10-20,46.37,46.6,46.03,46.33,692436.0
1477022400,2016-10-21,46.21,46.42,46.02,46.39,694091.0
1477281600,2016-10-24,46.71,47.32,46.05,46.12,1386195.0
1477368000,2016-10-25,46.14,46.35,45.33,45.52,1455587.0
1477454400,2016-10-26,45.14,45.22,43.1,43.55,3607301.0
1477540800,2016-10-27,45.56,47.5,45.21,45.59,6102733.0
1477627200,2016-10-28,45.49,46.98,45.4,46.89,2360438.0
1477886400,2016-10-31,46.76,47.64,46.26,47.44,2131843.0
1477972800,2016-11-01,47.44,47.61,45.64,45.93,1717961.0
1478059200,2016-11-02,45.71,45.71,43.78,43.97,2406438.0
1478145600,2016-11-03,43.94,44.16,43.12,43.25,1709685.0
1478232000,2016-11-04,43.79,44.54,43.57,44.02,1804105.0
1478494800,2016-11-07,44.85,45.63,44.3,45.35,2176589.0
1478581200,2016-11-08,45.18,46.81,44.82,46.68,2447700.0
1478667600,2016-11-09,45.96,47.44,45.54,46.95,2328376.0
1478754000,2016-11-10,47.32,47.9,45.92,47.17,1785892.0
1478840400,2016-11-11,47.0,47.53,46.66,47.05,887898.0
1479099600,2016-11-14,47.52,47.9,47.34,47.59,1168829.0
1479186000,2016-11-15,47.45,47.79,47.02,47.53,1055915.0
1479272400,2016-11-16,47.02,47.9,46.28,47.58,1075991.0
1479358800,2016-11-17,47.6,49.09,47.28,49.01,1378348.0
1479445200,2016-11-18,48.95,49.24,48.26,48.68,1434261.0
1479704400,2016-11-21,48.58,48.977,48.345,48.55,1112825.0
1479790800,2016-11-22,49.08,49.1702,48.11,48.25,1476464.0
1479877200,2016-11-23,48.31,49.185,48.16,49.17,1076484.0
1480050000,2016-11-25,49.25,49.81,49.13,49.79,935452.0
1480309200,2016-11-28,49.64,49.93,49.2,49.62,908249.0
1480395600,2016-11-29,49.68,49.85,49.03,49.63,1017155.0
1480482000,2016-11-30,49.51,49.76,48.7,48.71,1672320.0
1480568400,2016-12-01,49.1,49.36,46.055,46.32,2026591.0
1480654800,2016-12-02,45.99,46.39,45.57,46.37,1516944.0
1480914000,2016-12-05,47.39,47.4,46.14,46.37,1593357.0
1481000400,2016-12-06,46.75,47.55,46.07,47.13,1564406.0
1481086800,2016-12-07,47.35,47.98,46.71,47.89,1140416.0
1481173200,2016-12-08,48.1,49.05,47.76,48.31,1389290.0
1481259600,2016-12-09,48.38,49.0665,48.15,48.19,881540.0
1481518800,2016-12-12,48.27,48.6,47.06,47.58,602678.0
1481605200,2016-12-13,47.65,48.43,47.58,48.22,822365.0
1481691600,2016-12-14,48.34,48.68,47.85,47.91,944355.0
1481778000,2016-12-15,47.96,49.03,47.79,48.52,1086224.0
1481864400,2016-12-16,48.52,48.75,46.95,47.03,1413161.0
1482123600,2016-12-19,47.24,47.63,46.96,47.4,664272.0
1482210000,2016-12-20,47.58,47.96,47.17,47.33,595617.0
1482296400,2016-12-21,47.51,47.67,46.7,46.83,597884.0
1482382800,2016-12-22,46.67,46.7056,45.72,46.15,971881.0
1482469200,2016-12-23,46.26,46.66,46.11,46.62,404569.0
1482814800,2016-12-27,46.56,47.02,46.33,46.63,830316.0
1482901200,2016-12-28,46.61,46.71,46.06,46.35,531609.0
1482987600,2016-12-29,46.44,46.76,46.285,46.55,691161.0
1483074000,2016-12-30,46.725,46.725,45.86,46.27,721799.0
1483419600,2017-01-03,46.59,47.14,45.93,46.64,1507558.0
1483506000,2017-01-04,46.64,47.4,46.64,46.85,1279296.0
1483592400,2017-01-05,46.9,47.28,46.57,47.11,1192820.0
1483678800,2017-01-06,47.15,48.51,46.85,48.25,1067227.0
1483938000,2017-01-09,48.32,48.96,47.73,48.78,1557863.0
1484024400,2017-01-10,48.77,49.74,48.6799,49.47,1502673.0
1484110800,2017-01-11,49.61,49.78,48.48,49.09,1145468.0
1484197200,2017-01-12,49.19,49.5,48.4,49.31,1094664.0
1484283600,2017-01-13,49.26,49.8,49.12,49.23,935092.0
1484629200,2017-01-17,49.04,49.09,47.08,47.36,1845906.0
1484715600,2017-01-18,47.36,47.755,46.87,47.38,1418772.0
1484802000,2017-01-19,49.5,51.89,49.3305,50.21,5053266.0
1484888400,2017-01-20,50.04,50.47,49.12,49.56,1846977.0
1485147600,2017-01-23,49.67,50.75,49.67,50.5,2133375.0
1485234000,2017-01-24,50.65,52.27,50.538,52.16,1864479.0
1485320400,2017-01-25,52.5,53.01,52.2,53.0,1966553.0
1485406800,2017-01-26,53.2,54.13,52.52,52.82,1745341.0
1485493200,2017-01-27,52.84,53.21,52.05,52.23,1019296.0
1485752400,2017-01-30,52.04,52.19,51.1,52.15,685310.0
1485838800,2017-01-31,51.76,52.65,51.53,52.57,902190.0
1485925200,2017-02-01,52.34,52.96,51.98,52.19,1136526.0
1486011600,2017-02-02,52.2,53.96,52.06,53.52,1870165.0
1486098000,2017-02-03,53.94,54.27,53.25,53.97,1313755.0
1486357200,2017-02-06,53.74,54.1,53.5,53.8,1369690.0
1486443600,2017-02-07,53.88,54.15,53.65,53.82,874546.0
1486530000,2017-02-08,53.87,54.26,53.5,54.22,1211281.0
1486616400,2017-02-09,54.2,55.07,54.03,54.79,1384045.0
1486702800,2017-02-10,54.88,54.99,53.72,54.18,882169.0
1486962000,2017-02-13,54.5,54.57,53.9,54.3,715043.0
1487048400,2017-02-14,54.06,54.49,53.72,54.46,603295.0
1487134800,2017-02-15,54.14,54.89,54.06,54.7,1049561.0
1487221200,2017-02-16,54.19,54.66,53.49,53.66,1641671.0
1487307600,2017-02-17,53.66,54.27,53.44,54.26,924168.0
1487653200,2017-02-21,53.99,55.42,53.99,55.37,1372115.0
1487739600,2017-02-22,55.36,55.4167,54.69,54.85,1007686.0
1487826000,2017-02-23,54.95,55.23,54.4466,54.67,945650.0
1487912400,2017-02-24,54.33,55.18,54.07,55.1,785169.0
1488171600,2017-02-27,55.1,55.12,54.5907,54.87,959505.0
1488258000,2017-02-28,54.42,54.58,53.8401,53.89,1187049.0
1488344400,2017-03-01,54.76,55.935,54.42,55.75,1387069.0
1488430800,2017-03-02,55.7,55.74,54.87,54.95,760803.0
1488517200,2017-03-03,55.13,55.72,54.88,55.59,1157613.0
1488776400,2017-03-06,55.18,55.22,54.82,54.96,979194.0
1488862800,2017-03-07,54.84,55.1,54.59,54.8,619568.0
1488949200,2017-03-08,54.78,56.18,54.44,55.57,1972175.0
1489035600,2017-03-09,55.5,55.56,54.66,54.98,1011349.0
1489122000,2017-03-10,55.37,55.43,54.89,55.22,613786.0
1489377600,2017-03-13,55.2,55.83,55.2,55.77,726040.0
1489464000,2017-03-14,55.53,55.82,55.24,55.68,707901.0
1489550400,2017-03-15,56.16,56.5,55.7701,56.41,952430.0
1489636800,2017-03-16,56.72,56.726,56.08,56.27,458960.0
1489723200,2017-03-17,56.65,56.65,55.87,56.19,1372647.0
1489982400,2017-03-20,56.43,56.43,55.6,55.64,1075480.0
1490068800,2017-03-21,56.02,56.08,53.48,53.67,1603627.0
1490155200,2017-03-22,53.65,54.0,52.69,53.6,2963290.0
1490241600,2017-03-23,53.61,54.73,50.95,52.09,8401548.0
1490328000,2017-03-24,52.46,53.06,51.8401,51.94,3119898.0
1490587200,2017-03-27,51.75,52.7,50.68,52.62,2110672.0
1490673600,2017-03-28,52.23,53.38,52.22,52.72,1490251.0
1490760000,2017-03-29,52.85,53.2,52.58,53.07,789212.0
1490846400,2017-03-30,53.06,53.23,52.4,52.47,949941.0
1490932800,2017-03-31,52.35,52.7,51.68,52.55,1195559.0
1491192000,2017-04-03,52.79,52.91,51.7,52.26,1471883.0
1491278400,2017-04-04,52.13,52.49,51.68,51.86,987566.0
1491364800,2017-04-05,52.11,52.34,51.215,51.24,1436225.0
1491451200,2017-04-06,51.26,52.1,51.0,51.98,941992.0
1491537600,2017-04-07,51.99,52.28,51.69,51.89,588984.0
1491796800,2017-04-10,51.84,52.535,51.62,52.18,1065617.0
1491883200,2017-04-11,52.19,52.57,51.465,52.56,1174867.0
1491969600,2017-04-12,52.37,53.02,52.06,52.07,1275863.0
1492056000,2017-04-13,51.39,52.7,51.39,51.54,1221718.0
1492401600,2017-04-17,51.85,52.47,51.4,52.46,1604280.0
1492488000,2017-04-18,52.46,53.455,52.45,53.23,1725528.0
1492574400,2017-04-19,53.22,53.99,53.22,53.69,2374687.0
1492660800,2017-04-20,54.1,54.2,51.88,52.98,3598738.0
1492747200,2017-04-21,52.86,52.94,51.73,51.93,2075773.0
1493006400,2017-04-24,52.1,53.41,52.01,53.35,1345256.0
1493092800,2017-04-25,53.76,54.195,53.13,53.69,1146798.0
1493179200,2017-04-26,53.84,54.08,53.33,53.88,803050.0
1493265600,2017-04-27,54.01,54.32,53.35,54.08,651114.0
1493352000,2017-04-28,54.2,54.2275,53.61,54.05,976266.0
1493611200,2017-05-01,54.09,54.87,53.99,54.82,1089510.0
1493697600,2017-05-02,54.79,55.31,54.7,54.74,1313006.0
1493784000,2017-05-03,54.6,54.72,53.52,53.58,1162364.0
1493870400,2017-05-04,53.94,54.26,53.68,53.99,772836.0
1493956800,2017-05-05,54.18,54.49,53.935,54.34,944504.0
1494216000,2017-05-08,54.27,54.99,53.195,53.33,1177225.0
1494302400,2017-05-09,53.43,53.93,53.42,53.82,935024.0
1494388800,2017-05-10,53.8,53.97,53.08,53.32,875223.0
1494475200,2017-05-11,53.56,53.85,52.65,53.03,1323068.0
1494561600,2017-05-12,52.99,53.07,52.49,52.95,830855.0
1494820800,2017-05-15,52.98,53.34,52.38,52.62,1651175.0
1494907200,2017-05-16,52.46,53.56,52.42,53.52,892404.0
1494993600,2017-05-17,52.86,53.08,51.57,51.63,830887.0
1495080000,2017-05-18,51.79,51.92,51.02,51.14,829391.0
1495166400,2017-05-19,51.69,55.95,51.535,55.0,4282199.0
1495425600,2017-05-22,55.1,56.0,54.735,55.93,1316338.0
1495512000,2017-05-23,55.99,56.5099,55.55,55.9,910629.0
1495598400,2017-05-24,56.11,57.44,56.11,57.14,1713591.0
1495684800,2017-05-25,57.45,59.0,57.45,58.14,2204650.0
1495771200,2017-05-26,58.2,58.54,57.76,58.0,1048329.0
1496116800,2017-05-30,57.87,58.16,57.73,57.97,667098.0
1496203200,2017-05-31,58.02,58.42,57.54,57.58,849420.0
1496289600,2017-06-01,57.85,58.22,57.38,57.79,1316540.0
1496376000,2017-06-02,57.99,59.29,57.75,59.07,1250877.0
1496635200,2017-06-05,58.73,59.2,58.59,58.87,924260.0
1496721600,2017-06-06,58.66,59.92,58.04,59.26,1343451.0
1496808000,2017-06-07,59.26,59.5067,58.82,59.22,871067.0
1496894400,2017-06-08,59.31,59.8,58.955,59.69,735786.0
1496980800,2017-06-09,59.82,60.15,55.68,56.99,1974592.0
1497240000,2017-06-12,56.49,56.77,54.06,56.05,2230993.0
1497326400,2017-06-13,56.67,57.88,56.55,57.87,1607846.0
1497412800,2017-06-14,57.86,58.4,57.18,57.6,1468113.0
1497499200,2017-06-15,56.72,57.14,53.94,56.97,1244560.0
1497585600,2017-06-16,56.89,57.43,56.22,57.14,1716396.0
1497844800,2017-06-19,57.6,57.98,57.02,57.43,884442.0
1497931200,2017-06-20,57.32,57.81,56.65,56.82,666249.0
1498017600,2017-06-21,57.06,57.67,56.81,57.39,817637.0
1498104000,2017-06-22,57.48,58.1,57.175,57.8,1031773.0
1498190400,2017-06-23,57.7,59.385,57.7,58.89,3030350.0
1498449600,2017-06-26,59.3,60.22,58.44,58.49,1135435.0
1498536000,2017-06-27,58.26,58.28,56.04,56.21,1208831.0
1498622400,2017-06-28,56.67,57.165,55.88,57.0,1096603.0
1498708800,2017-06-29,56.97,56.97,54.7,55.51,1012336.0
1498795200,2017-06-30,55.72,55.87,54.99,55.12,1572048.0
1499054400,2017-07-03,55.4,55.665,53.83,53.89,1342103.0
1499227200,2017-07-05,54.16,56.225,53.46,56.11,1608405.0
1499313600,2017-07-06,55.51,56.06,54.96,55.53,1420352.0
1499400000,2017-07-07,55.76,57.34,55.73,56.79,1048623.0
1499659200,2017-07-10,56.71,57.16,56.12,56.81,869566.0
1499745600,2017-07-11,56.8,57.5599,56.55,57.38,976436.0
1499832000,2017-07-12,58.24,58.645,57.595,58.02,926700.0
1499918400,2017-07-13,58.17,58.3,57.12,57.37,948136.0
1500004800,2017-07-14,57.71,58.19,57.37,58.06,1167884.0
1500264000,2017-07-17,57.91,58.05,56.92,57.49,1409627.0
1500350400,2017-07-18,57.25,58.14,56.95,58.05,992434.0
1500436800,2017-07-19,58.4,59.29,58.0,58.92,2158253.0
1500523200,2017-07-20,54.3,55.85,53.5,54.1,8989396.0
1500609600,2017-07-21,54.01,55.39,53.66,55.22,3638380.0
1500868800,2017-07-24,55.24,55.8,54.4,55.73,1800576.0
1500955200,2017-07-25,55.8,55.94,55.15,55.74,1817544.0
1501041600,2017-07-26,55.92,56.36,55.46,55.88,1324073.0
1501128000,2017-07-27,56.26,56.4099,54.18,55.2,1548556.0
1501214400,2017-07-28,54.89,55.65,54.25,55.32,884006.0
1501473600,2017-07-31,55.56,55.62,54.85,55.19,1077942.0
1501560000,2017-08-01,55.36,55.61,55.04,55.48,1152676.0
1501646400,2017-08-02,55.89,55.89,54.31,54.44,1172187.0
1501732800,2017-08-03,54.44,54.54,53.53,54.11,1388018.0
1501819200,2017-08-04,54.28,54.4499,53.89,54.06,747595.0
1502078400,2017-08-07,54.07,54.38,53.86,54.15,413835.0
1502164800,2017-08-08,54.1,54.47,53.58,53.68,691912.0
1502251200,2017-08-09,53.38,54.01,53.04,53.84,995716.0
1502337600,2017-08-10,53.36,53.72,52.33,52.54,1325603.0
1502424000,2017-08-11,52.53,53.53,52.2,53.34,886454.0
1502683200,2017-08-14,53.82,53.9599,53.25,53.42,835256.0
1502769600,2017-08-15,53.5,53.62,53.18,53.39,734936.0
1502856000,2017-08-16,53.5,54.28,53.43,54.01,790224.0
1502942400,2017-08-17,53.87,54.14,52.95,52.99,688939.0
1503028800,2017-08-18,52.9,53.8,52.55,53.52,1087401.0
1503288000,2017-08-21,53.48,53.735,53.11,53.43,436335.0
1503374400,2017-08-22,53.68,54.69,53.49,54.57,764630.0
1503460800,2017-08-23,54.23,54.72,54.14,54.26,537191.0
1503547200,2017-08-24,54.56,54.77,54.04,54.73,602061.0
1503633600,2017-08-25,55.01,55.76,54.89,55.16,991702.0
1503892800,2017-08-28,55.15,55.2,54.47,54.83,636364.0
1503979200,2017-08-29,54.29,54.93,54.18,54.73,605529.0
1504065600,2017-08-30,54.66,55.88,54.54,55.76,713468.0
1504152000,2017-08-31,55.77,56.28,55.75,56.0,897500.0
1504238400,2017-09-01,56.25,56.47,55.79,55.9,571899.0
1504584000,2017-09-05,55.9,56.09,55.44,55.93,645210.0
1504670400,2017-09-06,56.2,56.29,55.8,55.91,690922.0
1504756800,2017-09-07,56.06,56.2,55.48,55.61,776073.0
1504843200,2017-09-08,55.62,56.07,55.34,55.4,636422.0
1505102400,2017-09-11,55.95,56.43,55.5,56.05,801319.0
1505188800,2017-09-12,56.1,56.32,55.58,56.27,965956.0
1505275200,2017-09-13,56.18,56.32,55.66,56.05,791086.0
1505361600,2017-09-14,55.92,56.0,55.05,55.16,741585.0
1505448000,2017-09-15,55.07,55.13,54.37,54.65,2025380.0
1505707200,2017-09-18,54.76,55.52,54.7,54.95,895954.0
1505793600,2017-09-19,54.91,55.56,54.81,55.44,486456.0
1505880000,2017-09-20,55.79,56.66,55.48,56.23,1390521.0
1505966400,2017-09-21,56.13,56.43,55.8989,56.23,668965.0
1506052800,2017-09-22,56.19,57.2,56.01,56.94,1178902.0
1506312000,2017-09-25,56.85,57.35,55.85,56.22,1176003.0
1506398400,2017-09-26,56.32,56.58,55.39,55.62,822620.0
1506484800,2017-09-27,55.91,56.24,55.44,56.02,882974.0
1506571200,2017-09-28,56.0,56.32,55.3,56.03,542597.0
1506657600,2017-09-29,56.04,56.64,56.0,56.28,787023.0
1506916800,2017-10-02,56.37,56.96,55.74,56.28,938205.0
1507003200,2017-10-03,56.37,56.67,56.28,56.64,451631.0
1507089600,2017-10-04,56.64,57.02,56.33,57.0,309504.0
1507176000,2017-10-05,57.34,57.92,57.03,57.75,1045445.0
1507262400,2017-10-06,57.55,58.39,57.24,58.32,595518.0
1507521600,2017-10-09,58.28,58.64,58.0,58.58,2541295.0
1507608000,2017-10-10,58.78,59.14,58.54,58.98,835980.0
1507694400,2017-10-11,58.64,59.36,58.4,59.33,2004134.0
1507780800,2017-10-12,59.41,59.82,59.16,59.58,939520.0
1507867200,2017-10-13,59.79,60.14,59.56,60.04,1454786.0
1508126400,2017-10-16,60.18,60.35,59.95,60.02,882094.0
1508212800,2017-10-17,59.88,60.32,59.18,60.26,854382.0
1508299200,2017-10-18,60.26,60.84,60.12,60.64,679920.0
1508385600,2017-10-19,60.02,60.42,59.82,60.12,1149843.0
1508472000,2017-10-20,60.45,61.13,60.24,60.72,763600.0
1508731200,2017-10-23,60.68,61.1,60.47,60.76,1088480.0
1508817600,2017-10-24,60.85,61.65,60.57,61.09,1309977.0
1508904000,2017-10-25,61.0,61.39,59.95,60.09,2306338.0
1508990400,2017-10-26,63.99,65.4,62.73,64.67,4162791.0
1509076800,2017-10-27,64.92,66.52,64.51,66.43,2514125.0
1509336000,2017-10-30,66.12,66.335,65.31,66.16,1451721.0
1509422400,2017-10-31,66.39,66.9472,66.13,66.45,1059428.0
1509508800,2017-11-01,66.88,66.88,65.11,65.81,1575193.0
1509595200,2017-11-02,65.82,67.12,65.54,66.45,1175001.0
1509681600,2017-11-03,66.5,66.63,65.4,66.25,1069737.0
1509944400,2017-11-06,65.69,65.85,65.01,65.5,971734.0
1510030800,2017-11-07,65.41,65.61,64.84,65.13,1463319.0
1510117200,2017-11-08,65.18,65.31,64.74,65.04,932781.0
1510203600,2017-11-09,64.59,64.79,63.79,64.66,1113264.0
1510290000,2017-11-10,64.37,64.8796,64.19,64.79,625984.0
1510549200,2017-11-13,64.37,64.695,64.09,64.58,786255.0
1510635600,2017-11-14,64.33,64.655,64.1,64.28,446997.0
1510722000,2017-11-15,64.08,64.19,63.42,63.92,692876.0
1510808400,2017-11-16,64.18,65.23,63.56,65.2,785734.0
1510894800,2017-11-17,65.29,65.34,64.66,65.12,765361.0
1511154000,2017-11-20,65.0,65.85,64.82,65.37,1036333.0
1511240400,2017-11-21,65.6,65.8,64.9,65.03,804755.0
1511326800,2017-11-22,65.0,65.42,64.59,65.1,522184.0
1511499600,2017-11-24,65.34,65.82,65.06,65.77,180892.0
1511758800,2017-11-27,65.83,66.225,65.44,65.46,538374.0
1511845200,2017-11-28,65.55,65.97,65.3,65.69,677718.0
1511931600,2017-11-29,65.0,65.13,60.81,62.26,2235667.0
1512018000,2017-11-30,62.23,63.86,62.04,63.68,1008401.0
1512104400,2017-12-01,63.48,63.73,61.04,62.64,1308416.0
1512363600,2017-12-04,63.3,63.3,60.94,61.61,1307457.0
1512450000,2017-12-05,61.52,62.23,61.25,61.53,1299433.0
1512536400,2017-12-06,61.33,61.97,60.83,61.52,1400328.0
1512622800,2017-12-07,61.67,62.56,61.5,62.31,880231.0
1512709200,2017-12-08,62.75,62.82,61.63,61.7,652345.0
1512968400,2017-12-11,61.84,61.96,61.345,61.44,838159.0
1513054800,2017-12-12,60.77,61.16,60.39,60.55,976183.0
1513141200,2017-12-13,60.74,61.59,60.58,60.8,759479.0
1513227600,2017-12-14,60.9,61.32,60.11,60.13,531903.0
1513314000,2017-12-15,60.2,60.74,60.0,60.46,1905776.0
1513573200,2017-12-18,60.93,61.47,60.46,60.57,849769.0
1513659600,2017-12-19,60.42,60.66,59.8,59.85,901487.0
1513746000,2017-12-20,59.68,59.9995,59.395,59.46,663927.0
1513832400,2017-12-21,59.75,60.2,59.49,60.05,803238.0
1513918800,2017-12-22,60.0,60.12,59.655,60.0,1428803.0
1514264400,2017-12-26,59.78,60.23,59.64,60.06,366713.0
1514350800,2017-12-27,59.89,60.665,59.4,60.34,1517060.0
1514437200,2017-12-28,60.52,61.3,60.52,61.24,842972.0
1514523600,2017-12-29,61.33,61.5709,60.72,60.77,667509.0
1514869200,2018-01-02,60.91,61.5,60.45,61.16,1250752.0
1514955600,2018-01-03,61.3,62.18,61.17,61.94,878876.0
1515042000,2018-01-04,62.36,63.73,62.36,63.0,986336.0
1515128400,2018-01-05,63.32,63.73,63.04,63.65,710737.0
1515387600,2018-01-08,63.69,64.7,63.195,64.4,814100.0
1515474000,2018-01-09,64.48,64.69,63.94,64.53,564660.0
1515560400,2018-01-10,64.34,64.62,63.78,64.57,445109.0
1515646800,2018-01-11,64.54,65.88,64.09,65.77,998373.0
1515733200,2018-01-12,65.95,66.75,65.58,65.93,871018.0
1516078800,2018-01-16,66.53,67.01,65.04,65.29,1254876.0
1516165200,2018-01-17,65.6,66.84,65.03,66.7,1786912.0
1516251600,2018-01-18,72.54,74.88,69.88,69.95,4036386.0
1516338000,2018-01-19,70.16,71.55,69.51,71.46,2264260.0
1516597200,2018-01-22,71.36,73.19,70.75,72.85,1718983.0
1516683600,2018-01-23,72.83,74.74,72.83,74.48,1841762.0
1516770000,2018-01-24,74.48,74.83,72.961,73.38,923194.0
1516856400,2018-01-25,73.94,74.03,72.88,73.18,1102393.0
1516942800,2018-01-26,73.61,73.99,73.0,73.5,911586.0
1517202000,2018-01-29,73.5,73.71,72.5,72.67,572845.0
1517288400,2018-01-30,72.41,73.49,71.85,72.93,905042.0
1517374800,2018-01-31,73.29,73.3,72.19,72.68,832839.0
1517461200,2018-02-01,72.04,72.82,71.9,72.19,866309.0
1517547600,2018-02-02,71.59,72.05,70.62,70.92,652938.0
1517806800,2018-02-05,69.99,71.56,68.99,69.0,1051989.0
1517893200,2018-02-06,67.79,69.99,66.3,69.66,960133.0
1517979600,2018-02-07,69.58,70.62,69.13,69.65,745307.0
1518066000,2018-02-08,69.65,69.65,67.67,67.69,1064713.0
1518152400,2018-02-09,68.41,69.31,65.48,67.48,1347985.0
1518411600,2018-02-12,68.17,68.71,67.31,68.44,875407.0
1518498000,2018-02-13,68.19,69.32,67.29,69.25,439643.0
1518584400,2018-02-14,68.58,71.62,68.44,71.45,928014.0
1518670800,2018-02-15,72.0,73.61,71.3455,73.36,881136.0
1518757200,2018-02-16,73.3,73.8,72.85,73.28,658092.0
1519102800,2018-02-20,72.81,73.86,72.75,73.72,1093564.0
1519189200,2018-02-21,73.9,74.35,72.79,72.81,575009.0
1519275600,2018-02-22,72.88,73.68,72.58,73.25,619123.0
1519362000,2018-02-23,73.55,74.84,73.38,74.82,464855.0
1519621200,2018-02-26,75.0,75.745,74.26,75.28,560265.0
1519707600,2018-02-27,75.22,75.56,74.655,74.72,483637.0
1519794000,2018-02-28,74.94,75.57,73.74,73.76,727803.0
1519880400,2018-03-01,73.96,74.76,72.45,73.89,1123989.0
1519966800,2018-03-02,73.35,75.47,72.92,75.3,772684.0
1520226000,2018-03-05,75.04,77.49,74.8,77.22,741523.0
1520312400,2018-03-06,77.36,78.16,77.13,78.07,1120450.0
1520398800,2018-03-07,77.81,79.87,77.62,79.63,1159707.0
1520485200,2018-03-08,79.75,80.34,79.07,80.3,730195.0
1520571600,2018-03-09,80.97,81.72,80.13,80.72,1098460.0
1520827200,2018-03-12,80.79,81.49,80.22,80.4,1184487.0
1520913600,2018-03-13,80.66,80.82,78.58,79.48,896728.0
1521000000,2018-03-14,80.17,80.35,79.165,79.69,645412.0
1521086400,2018-03-15,79.81,80.22,79.3,80.17,573782.0
1521172800,2018-03-16,80.34,80.6,79.52,80.38,1316557.0
1521432000,2018-03-19,79.61,80.28,78.2,79.21,809222.0
1521518400,2018-03-20,79.15,80.23,78.317,79.64,655679.0
1521604800,2018-03-21,79.53,80.64,79.4,80.1,698678.0
1521691200,2018-03-22,79.0,80.3,78.14,78.92,1116650.0
1521777600,2018-03-23,78.85,79.64,77.54,77.56,840910.0
1522036800,2018-03-26,78.74,79.91,77.96,79.85,858826.0
1522123200,2018-03-27,80.16,81.32,78.52,78.79,1523873.0
1522209600,2018-03-28,78.63,78.71,76.47,77.04,1520804.0
1522296000,2018-03-29,77.61,78.95,76.4,78.01,1212333.0
1522641600,2018-04-02,77.62,78.2,75.995,76.71,1097345.0
1522728000,2018-04-03,77.15,78.41,76.1588,77.55,1741885.0
1522814400,2018-04-04,76.28,78.36,74.77,77.94,2260225.0
1522900800,2018-04-05,78.69,79.86,77.88,78.74,1877684.0
1522987200,2018-04-06,77.9,78.37,75.45,76.94,1116121.0
1523246400,2018-04-09,77.44,78.64,77.27,77.92,687932.0
1523332800,2018-04-10,78.98,80.34,78.241,79.92,724910.0
1523419200,2018-04-11,79.22,80.46,79.03,79.64,801012.0
1523505600,2018-04-12,80.0,81.92,79.87,81.41,869126.0
1523592000,2018-04-13,81.82,81.97,79.44,80.45,814266.0
1523851200,2018-04-16,81.27,81.824,80.66,81.43,790043.0
1523937600,2018-04-17,81.86,83.47,81.7,83.12,889440.0
1524024000,2018-04-18,83.12,83.81,81.86,83.56,1620234.0
1524110400,2018-04-19,82.005,86.49,81.33,84.92,3135552.0
1524196800,2018-04-20,84.75,84.91,83.62,84.05,1176121.0
1524456000,2018-04-23,84.57,85.72,83.69,84.96,1198089.0
1524542400,2018-04-24,85.58,86.18,82.49,83.2,1181586.0
1524628800,2018-04-25,82.92,83.2,80.85,82.15,1097001.0
1524715200,2018-04-26,82.67,83.635,82.12,82.73,949142.0
1524801600,2018-04-27,83.2,83.71,82.29,83.03,775531.0
1525060800,2018-04-30,83.01,83.86,82.05,82.35,973026.0
1525147200,2018-05-01,82.43,83.24,81.65,82.83,1128806.0
1525233600,2018-05-02,82.99,83.51,82.99,83.51,47560.0
1525320000,2018-05-03,83.53,83.86,83.53,83.86,23844.0
1525406400,2018-05-04,83.49,85.77,83.38,85.08,714740.0
1525665600,2018-05-07,85.32,86.8,85.32,86.51,581377.0
1525752000,2018-05-08,86.2,86.91,86.2,86.79,606005.0
1525838400,2018-05-09,87.14,87.65,86.44,87.18,910541.0
1525924800,2018-05-10,87.57,88.09,87.04,87.62,1406613.0
1526011200,2018-05-11,87.41,88.515,87.11,88.05,675564.0
1526270400,2018-05-14,88.11,88.71,86.175,86.35,722615.0
1526356800,2018-05-15,85.74,86.34,84.385,84.65,1330454.0
1526443200,2018-05-16,84.49,84.715,84.0,84.4,1150715.0
1526529600,2018-05-17,84.33,84.83,83.38,84.18,1110083.0
1526616000,2018-05-18,84.19,84.64,83.92,84.15,1019862.0
1526875200,2018-05-21,84.55,85.18,84.08,84.79,850033.0
1526961600,2018-05-22,84.86,85.22,84.44,84.79,797162.0
1527048000,2018-05-23,83.22,85.4,83.22,85.36,829616.0
1527134400,2018-05-24,85.34,86.11,84.7,85.84,781950.0
1527220800,2018-05-25,85.84,86.25,85.256,85.67,702084.0
1527566400,2018-05-29,85.13,85.72,84.36,84.97,818842.0
1527652800,2018-05-30,85.56,86.25,85.13,86.01,1133553.0
1527739200,2018-05-31,85.96,86.82,85.78,86.24,786746.0
1527825600,2018-06-01,86.53,87.42,86.13,87.05,953081.0
1528084800,2018-06-04,87.42,88.46,87.09,88.16,926846.0
1528171200,2018-06-05,88.4,89.07,87.95,88.29,872469.0
1528257600,2018-06-06,88.46,89.29,87.775,89.24,1011631.0
1528344000,2018-06-07,89.44,89.45,85.21,86.46,1108732.0
1528430400,2018-06-08,86.42,87.08,86.0,86.99,1156158.0
1528689600,2018-06-11,93.12,95.88,91.39,91.85,2387357.0
1528776000,2018-06-12,91.88,94.36,91.88,93.52,1216985.0
1528862400,2018-06-13,93.51,95.02,93.32,94.47,988204.0
1528948800,2018-06-14,95.12,95.75,94.93,95.33,592490.0
1529035200,2018-06-15,94.63,95.75,93.57,94.89,1863134.0
1529294400,2018-06-18,94.56,99.1,94.0,97.8,2319165.0
1529380800,2018-06-19,97.13,98.1899,96.21,97.8,1544089.0
1529467200,2018-06-20,98.72,100.79,97.99,99.99,1259703.0
1529553600,2018-06-21,99.93,100.09,98.52,99.22,1094928.0
1529640000,2018-06-22,99.25,99.73,96.73,96.83,1346692.0
1529899200,2018-06-25,96.08,96.3,92.09,92.73,1259049.0
1529985600,2018-06-26,93.17,94.09,92.57,93.39,1124770.0
1530072000,2018-06-27,93.62,94.35,91.16,91.21,761932.0
1530158400,2018-06-28,90.8,93.83,90.8,93.54,922440.0
1530244800,2018-06-29,93.65,94.56,93.43,93.81,975624.0
1530504000,2018-07-02,93.95,94.07,92.41,93.9,670802.0
1530590400,2018-07-03,94.4,94.92,93.52,94.03,391154.0
1530763200,2018-07-05,94.79,94.86,93.75,94.75,971469.0
1530849600,2018-07-06,94.98,96.54,94.75,96.21,462893.0
1531108800,2018-07-09,96.94,97.36,95.64,97.07,866394.0
1531195200,2018-07-10,97.56,98.74,96.43,97.01,888951.0
1531281600,2018-07-11,95.99,97.715,95.785,97.05,785889.0
1531368000,2018-07-12,97.44,99.8,97.15,99.61,991962.0
1531454400,2018-07-13,99.7,99.87,98.2025,98.84,507689.0
1531713600,2018-07-16,98.77,99.19,97.67,98.15,623345.0
1531800000,2018-07-17,97.78,99.48,97.22,98.9,795672.0
1531886400,2018-07-18,98.88,99.21,98.08,98.51,1179894.0
1531972800,2018-07-19,95.6,99.6,95.0,97.03,1855904.0
1532059200,2018-07-20,97.29,98.06,96.335,96.54,1202146.0
1532318400,2018-07-23,96.03,97.36,95.31,97.14,1242271.0
1532404800,2018-07-24,97.77,98.305,95.0,95.79,1243135.0
1532491200,2018-07-25,95.99,99.57,95.79,99.27,1232878.0
1532577600,2018-07-26,98.49,99.86,97.95,98.83,980483.0
1532664000,2018-07-27,99.3,99.715,93.98,95.09,1095098.0
1532923200,2018-07-30,94.98,95.3444,90.46,91.37,1513391.0
1533009600,2018-07-31,91.57,93.38,90.65,91.91,1355608.0
1533096000,2018-08-01,92.06,93.92,92.06,92.52,1482755.0
1533182400,2018-08-02,91.71,93.54,91.501,93.2,775142.0
1533268800,2018-08-03,93.25,93.27,91.89,92.5,655894.0
1533528000,2018-08-06,92.34,93.36,92.29,92.78,978423.0
1533614400,2018-08-07,93.3,93.99,92.65,93.02,809445.0
1533700800,2018-08-08,93.34,93.98,92.98,93.43,741910.0
1533787200,2018-08-09,93.26,94.72,93.24,93.7,829011.0
1533873600,2018-08-10,93.43,95.07,93.1,94.3,750190.0
1534132800,2018-08-13,94.28,95.45,92.82,92.97,841609.0
1534219200,2018-08-14,93.38,94.8625,93.23,94.46,710824.0
1534305600,2018-08-15,94.06,94.8,91.08,92.1,864191.0
1534392000,2018-08-16,92.58,92.85,90.91,91.91,847296.0
1534478400,2018-08-17,91.92,92.64,91.06,92.31,699843.0
1534737600,2018-08-20,92.28,92.36,91.4965,92.07,776416.0
1534824000,2018-08-21,92.21,94.43,92.21,93.99,755384.0
1534910400,2018-08-22,93.65,95.495,93.65,95.16,614031.0
1534996800,2018-08-23,94.98,96.89,94.98,95.65,899863.0
1535083200,2018-08-24,96.48,97.68,96.3115,97.2,740241.0
1535342400,2018-08-27,97.81,98.77,97.25,97.75,916974.0
1535428800,2018-08-28,98.06,98.55,97.39,97.62,681800.0
1535515200,2018-08-29,97.95,98.73,97.77,98.63,713903.0
1535601600,2018-08-30,98.16,99.12,98.09,98.7,1005162.0
1535688000,2018-08-31,98.5,99.97,98.305,99.94,633356.0
1536033600,2018-09-04,99.67,101.12,99.0,100.78,857404.0
1536120000,2018-09-05,100.51,100.62,96.49,96.77,921438.0
1536206400,2018-09-06,96.67,98.32,96.2131,98.09,713138.0
1536292800,2018-09-07,97.39,99.62,96.95,98.9,1711389.0
1536552000,2018-09-10,99.3,100.44,98.8557,100.33,1314999.0
1536638400,2018-09-11,100.18,102.92,99.95,102.87,1178899.0
1536724800,2018-09-12,102.5,105.25,102.475,104.89,1936613.0
1536811200,2018-09-13,105.1,106.45,104.71,105.78,1076766.0
1536897600,2018-09-14,106.28,107.31,104.89,105.67,1235086.0
1537156800,2018-09-17,105.5,105.5,101.15,101.29,1224211.0
1537243200,2018-09-18,101.3,104.32,101.2,103.68,1492056.0
1537329600,2018-09-19,103.77,103.89,101.66,102.31,998823.0
1537416000,2018-09-20,102.5,104.1,101.89,103.06,1161067.0
1537502400,2018-09-21,103.66,104.92,103.03,103.06,4706671.0
1537761600,2018-09-24,102.46,103.84,101.61,103.45,1204707.0
1537848000,2018-09-25,103.97,105.45,103.61,104.97,1194307.0
1537934400,2018-09-26,105.4,105.885,104.23,105.17,704697.0
1538020800,2018-09-27,105.34,106.6,105.27,106.14,701415.0
1538107200,2018-09-28,105.92,107.39,105.92,106.19,708851.0
1538366400,2018-10-01,106.98,107.44,105.5,105.87,1000840.0
1538452800,2018-10-02,105.92,105.99,103.48,103.95,817384.0
1538539200,2018-10-03,104.67,104.69,103.165,104.0,894216.0
1538625600,2018-10-04,103.39,104.05,100.02,101.0,1300143.0
1538712000,2018-10-05,101.01,102.48,98.66,100.35,1178472.0
1538971200,2018-10-08,99.8,100.66,97.3,98.53,1425349.0
1539057600,2018-10-09,98.18,100.675,97.7828,99.25,1013591.0
1539144000,2018-10-10,98.58,98.84,91.19,91.25,2984073.0
1539230400,2018-10-11,90.79,92.89,90.49,90.83,1838092.0
1539316800,2018-10-12,92.98,95.01,92.73,94.76,1315742.0
1539576000,2018-10-15,94.86,96.04,91.49,94.63,1483006.0
1539662400,2018-10-16,95.79,99.27,95.625,98.97,1238449.0
1539748800,2018-10-17,98.89,98.89,96.44,97.56,1159318.0
1539835200,2018-10-18,96.8,97.62,93.52,94.53,1606758.0
1539921600,2018-10-19,95.58,96.08,91.97,92.32,1335301.0
1540180800,2018-10-22,92.63,93.715,91.36,92.39,1854785.0
1540267200,2018-10-23,90.86,92.34,88.54,90.76,2000297.0
1540353600,2018-10-24,89.92,91.1966,84.291,84.6,3243486.0
1540440000,2018-10-25,78.75,84.78,77.75,83.06,4076119.0
1540526400,2018-10-26,80.55,82.06,79.145,79.98,2876031.0
1540785600,2018-10-29,81.25,82.97,77.49,79.05,2030165.0
1540872000,2018-10-30,78.8,80.29,77.33,78.94,1701303.0
1540958400,2018-10-31,80.07,84.04,79.3347,82.41,1477449.0
1541044800,2018-11-01,82.57,86.84,82.34,86.55,2062080.0
1541131200,2018-11-02,86.54,88.76,86.28,86.56,1865044.0
1541394000,2018-11-05,86.6,86.77,83.47,84.22,1360313.0
1541480400,2018-11-06,83.93,85.83,83.25,84.14,1008197.0
1541566800,2018-11-07,85.16,88.305,85.16,87.98,852993.0
1541653200,2018-11-08,87.94,89.25,86.93,87.41,820603.0
1541739600,2018-11-09,86.77,87.165,83.9,85.01,1006288.0
1541998800,2018-11-12,84.51,85.07,81.875,84.11,1230687.0
1542085200,2018-11-13,84.75,86.445,83.01,85.21,1013095.0
1542171600,2018-11-14,86.71,88.21,84.45,85.17,1656032.0
1542258000,2018-11-15,84.72,89.67,84.72,89.4,1630016.0
1542344400,2018-11-16,88.08,89.45,87.01,87.1,1420527.0
1542603600,2018-11-19,86.51,87.41,81.92,82.66,1779553.0
1542690000,2018-11-20,79.9,83.19,78.48,81.35,1957734.0
1542776400,2018-11-21,83.42,85.48,81.6,84.72,1699625.0
1542949200,2018-11-23,83.41,85.76,83.06,83.92,420153.0
1543208400,2018-11-26,85.42,85.575,84.17,84.82,1446455.0
1543294800,2018-11-27,84.14,85.23,83.33,84.9,1044301.0
1543381200,2018-11-28,85.48,88.92,84.33,88.92,1626238.0
1543467600,2018-11-29,89.08,89.45,87.4,87.53,1649638.0
1543554000,2018-11-30,87.93,89.045,86.49,86.49,10353062.0
1543813200,2018-12-03,88.81,91.28,86.91,90.35,2691042.0
1543899600,2018-12-04,89.42,89.98,85.89,87.37,1969692.0
1544072400,2018-12-06,85.02,87.58,84.206,87.52,1383966.0
1544158800,2018-12-07,86.99,87.76,82.99,83.78,895659.0
1544418000,2018-12-10,83.68,86.145,83.015,85.32,915095.0
1544504400,2018-12-11,87.16,87.65,84.88,85.67,1122018.0
1544590800,2018-12-12,87.3,88.55,86.6,86.95,2109149.0
1544677200,2018-12-13,88.1,88.445,86.26,86.78,964058.0
1544763600,2018-12-14,85.2,87.02,84.5,85.02,1000166.0
1545022800,2018-12-17,84.79,85.14,81.43,82.34,1136149.0
1545109200,2018-12-18,83.61,84.17,82.83,83.53,1073410.0
1545195600,2018-12-19,83.89,85.86,82.38,83.9,1039855.0
1545282000,2018-12-20,83.25,84.73,80.27,81.55,1238435.0
1545368400,2018-12-21,82.29,82.33,78.54,78.98,3007714.0
1545627600,2018-12-24,77.83,79.14,76.67,76.71,751939.0
1545800400,2018-12-26,77.75,81.36,77.09,81.19,990669.0
1545886800,2018-12-27,79.71,83.02,79.42,82.85,1081019.0
1545973200,2018-12-28,83.77,84.29,81.43,82.34,1011737.0
1546232400,2018-12-31,83.28,83.75,82.16,82.9,1317349.0
1546405200,2019-01-02,80.88,82.345,80.845,81.92,1248448.0
1546491600,2019-01-03,80.78,81.47,77.93,78.16,1526408.0
1546578000,2019-01-04,79.93,82.09,78.74,81.59,1644831.0
1546837200,2019-01-07,81.99,83.29,81.61,82.51,1003090.0
1546923600,2019-01-08,83.92,84.89,82.88,84.1,1354849.0
1547010000,2019-01-09,84.67,86.37,84.01,85.71,792634.0
1547096400,2019-01-10,84.97,86.81,84.895,86.67,793600.0
1547182800,2019-01-11,86.26,86.99,85.07,86.41,486259.0
1547442000,2019-01-14,85.37,85.82,84.41,85.0,911169.0
1547528400,2019-01-15,85.58,87.1133,85.02,86.34,699198.0
1547614800,2019-01-16,86.82,87.97,86.62,87.42,630182.0
1547701200,2019-01-17,86.68,88.64,86.68,87.55,1004443.0
1547787600,2019-01-18,88.25,89.33,87.65,87.68,1640284.0
1548133200,2019-01-22,87.0,87.965,85.77,85.81,1553823.0
1548219600,2019-01-23,86.27,87.16,84.22,84.64,2503251.0
1548306000,2019-01-24,79.31,80.44,77.26,79.75,5530594.0
1548392400,2019-01-25,80.43,83.36,79.9,81.45,2353999.0
1548651600,2019-01-28,80.44,81.79,80.05,81.43,1483888.0
1548738000,2019-01-29,81.33,82.63,80.57,82.22,1818271.0
1548824400,2019-01-30,82.59,85.335,82.26,85.23,1907302.0
1548910800,2019-01-31,85.23,85.565,84.12,84.79,1506747.0
1548997200,2019-02-01,84.67,85.77,84.24,84.8,1122745.0
1549256400,2019-02-04,84.79,86.975,84.79,86.67,1318476.0
1549342800,2019-02-05,89.47,91.47,86.5,87.72,1611213.0
1549429200,2019-02-06,87.58,87.88,85.98,86.89,938467.0
1549515600,2019-02-07,86.04,86.75,85.18,86.46,821834.0
1549602000,2019-02-08,85.53,87.31,85.435,87.26,1095689.0
1549861200,2019-02-11,87.84,88.45,87.025,87.81,1229366.0
1549947600,2019-02-12,88.54,89.3,87.51,89.0,1234524.0
1550034000,2019-02-13,89.66,90.695,89.25,90.35,1331166.0
1550120400,2019-02-14,89.98,91.27,89.75,90.99,2266190.0
1550206800,2019-02-15,91.18,92.0,90.75,91.93,1423391.0
1550552400,2019-02-19,91.28,93.3,90.99,92.62,1547372.0
1550638800,2019-02-20,92.58,93.035,90.92,91.83,1046409.0
1550725200,2019-02-21,91.8,92.33,90.74,91.7,864610.0
1550811600,2019-02-22,92.24,93.0,92.0,92.98,740102.0
1551070800,2019-02-25,93.67,94.47,92.98,93.2,884345.0
1551157200,2019-02-26,93.04,93.45,92.32,93.1,771145.0
1551243600,2019-02-27,92.75,93.79,92.38,93.53,743836.0
1551330000,2019-02-28,93.56,93.93,92.73,92.82,897417.0
1551416400,2019-03-01,93.73,94.02,92.61,93.62,1248457.0
1551675600,2019-03-04,94.0,94.075,90.47,91.27,1416427.0
1551762000,2019-03-05,91.38,92.0,90.59,90.61,1254054.0
1551848400,2019-03-06,90.5,91.3,89.68,89.96,893941.0
1551934800,2019-03-07,89.83,90.45,88.98,89.64,973715.0
1552021200,2019-03-08,88.45,88.77,87.846,88.46,1072862.0
1552276800,2019-03-11,89.0,90.73,88.17,90.42,867636.0
1552363200,2019-03-12,90.53,90.77,89.78,90.2,1284438.0
1552449600,2019-03-13,90.71,92.29,90.45,91.26,1075599.0
1552536000,2019-03-14,91.02,91.99,90.78,91.66,1556537.0
1552622400,2019-03-15,91.56,92.1,90.925,91.2,1399303.0
1552881600,2019-03-18,91.47,92.07,90.95,91.83,1073020.0
1552968000,2019-03-19,92.41,92.82,91.35,92.6,854593.0
1553054400,2019-03-20,92.44,93.89,91.95,92.98,807770.0
1553140800,2019-03-21,92.57,94.99,92.44,94.96,784608.0
1553227200,2019-03-22,94.26,94.93,92.69,93.12,1899280.0
1553486400,2019-03-25,92.73,93.43,91.85,92.01,1155065.0
1553572800,2019-03-26,92.8,93.715,92.01,92.72,888472.0
1553659200,2019-03-27,92.84,92.84,89.28,90.04,1493400.0
1553745600,2019-03-28,90.4,91.145,89.46,90.38,753799.0
1553832000,2019-03-29,91.27,92.39,90.98,92.18,1023561.0
1554091200,2019-04-01,93.2,94.98,92.695,94.96,972430.0
1554177600,2019-04-02,94.97,95.63,94.37,95.01,1056972.0
1554264000,2019-04-03,95.33,96.03,94.83,95.21,1061024.0
1554350400,2019-04-04,95.4,95.4756,92.39,93.69,982093.0
1554436800,2019-04-05,93.86,94.48,93.63,94.16,797382.0
1554696000,2019-04-08,94.29,94.39,92.87,94.305,1129559.0
1554782400,2019-04-09,93.75,94.85,93.75,94.1,1305710.0
1554868800,2019-04-10,94.43,95.88,94.22,95.18,1234440.0
1554955200,2019-04-11,95.57,97.16,95.44,97.07,888934.0
1555041600,2019-04-12,98.16,99.61,97.68,98.59,1241140.0
1555300800,2019-04-15,98.47,99.26,97.85,97.99,843552.0
1555387200,2019-04-16,98.47,98.47,96.91,97.33,881918.0
1555473600,2019-04-17,98.11,98.11,95.86,96.23,791813.0
1555560000,2019-04-18,96.52,97.66,95.64,97.6,1128632.0
1555905600,2019-04-22,97.19,99.74,97.19,99.48,1269006.0
1555992000,2019-04-23,99.91,101.54,99.39,100.82,1256699.0
1556078400,2019-04-24,100.56,102.47,100.22,101.89,1611203.0
1556164800,2019-04-25,92.0,93.04,89.77,90.83,6379361.0
1556251200,2019-04-26,91.0,92.44,90.72,92.18,1664230.0
1556510400,2019-04-29,92.18,93.24,90.55,90.99,1467713.0
1556596800,2019-04-30,90.7,91.54,89.86,90.47,1162547.0
1556683200,2019-05-01,90.74,90.74,87.64,87.93,2576464.0
1556769600,2019-05-02,87.91,88.38,86.72,87.87,1929055.0
1556856000,2019-05-03,88.45,89.24,88.05,88.42,1127963.0
1557115200,2019-05-06,86.2,88.65,85.9436,88.29,880960.0
1557201600,2019-05-07,87.08,87.6,85.19,86.37,1458002.0
1557288000,2019-05-08,86.07,87.58,86.07,86.48,1025808.0
1557374400,2019-05-09,85.25,86.9,84.11,86.33,1942385.0
1557460800,2019-05-10,86.12,87.91,84.95,87.56,1501570.0
1557720000,2019-05-13,85.25,86.13,83.6,83.93,842035.0
1557806400,2019-05-14,84.62,86.12,84.35,85.46,553575.0
1557892800,2019-05-15,84.68,87.53,84.05,87.07,825236.0
1557979200,2019-05-16,87.24,90.24,87.06,88.55,843948.0
1558065600,2019-05-17,87.81,88.7,86.76,86.84,648493.0
1558324800,2019-05-20,85.64,86.01,83.39,83.85,876585.0
1558411200,2019-05-21,84.87,85.78,84.5,85.33,1766003.0
1558497600,2019-05-22,84.82,86.86,84.82,86.52,637074.0
1558584000,2019-05-23,84.83,85.72,84.45,84.77,1194987.0
1558670400,2019-05-24,84.55,85.95,84.55,85.44,878401.0
1559016000,2019-05-28,85.74,87.19,85.41,86.4,1863520.0
1559102400,2019-05-29,85.97,86.04,84.45,84.63,680584.0
1559188800,2019-05-30,84.98,85.6656,84.785,85.44,465057.0
1559275200,2019-05-31,84.05,84.8,83.425,84.06,933641.0
1559534400,2019-06-03,84.27,84.62,80.46,80.86,1437667.0
1559620800,2019-06-04,81.95,84.33,81.43,84.26,848197.0
1559707200,2019-06-05,81.95,84.33,81.43,84.26,848197.0
1559793600,2019-06-06,85.7,87.37,85.0,87.14,1240445.0
1559880000,2019-06-07,87.79,89.43,87.2,88.76,940608.0
1560139200,2019-06-10,89.59,91.67,88.84,90.77,1211695.0
1560225600,2019-06-11,91.76,91.95,88.22,88.32,1487205.0
1560312000,2019-06-12,88.26,88.5,86.87,87.47,920454.0
1560398400,2019-06-13,87.69,87.69,85.89,86.32,652272.0
1560484800,2019-06-14,85.96,85.96,83.42,83.9,1051184.0
1560744000,2019-06-17,83.98,85.2275,83.92,84.46,657941.0
1560830400,2019-06-18,85.31,86.89,84.5,86.55,730098.0
1560916800,2019-06-19,86.9,87.99,86.385,87.96,554066.0
1561003200,2019-06-20,89.24,89.94,88.69,89.49,1409221.0
1561089600,2019-06-21,89.03,89.67,88.19,88.85,2746625.0
1561348800,2019-06-24,89.33,89.535,88.62,88.7,857725.0
1561435200,2019-06-25,89.13,89.33,85.86,86.06,998271.0
1561521600,2019-06-26,86.63,87.56,86.11,87.25,881272.0
1561608000,2019-06-27,87.73,88.74,87.21,87.71,813365.0
1561694400,2019-06-28,88.33,89.8,87.53,89.76,2224787.0
1561953600,2019-07-01,91.4,91.4,90.06,90.67,707043.0
1562040000,2019-07-02,90.5,91.14,90.0,90.97,618552.0
1562126400,2019-07-03,91.37,93.05,90.64,92.97,552176.0
1562299200,2019-07-05,91.94,93.34,91.04,92.83,570971.0
1562558400,2019-07-08,92.07,92.52,90.16,90.77,1053966.0
1562644800,2019-07-09,90.47,90.9,88.25,89.57,1543543.0
1562731200,2019-07-10,90.16,92.21,90.13,91.06,933132.0
1562817600,2019-07-11,90.91,91.56,89.84,90.18,927438.0
1562904000,2019-07-12,90.61,91.19,89.59,91.07,753194.0
1563163200,2019-07-15,91.44,91.65,89.96,90.42,755135.0
1563249600,2019-07-16,90.4,90.47,89.34,89.5,585228.0
1563336000,2019-07-17,89.34,90.32,88.94,89.63,743540.0
1563422400,2019-07-18,89.51,89.55,88.39,88.48,611568.0
1563508800,2019-07-19,88.8,89.38,87.98,87.99,1511505.0
1563768000,2019-07-22,88.55,90.005,87.69,89.71,1784046.0
1563854400,2019-07-23,90.0,90.73,89.1,90.6,830718.0
1563940800,2019-07-24,90.07,92.47,90.07,91.6,1813782.0
1564027200,2019-07-25,77.26,77.75,72.87,72.9,10524045.0
1564113600,2019-07-26,73.43,74.57,72.56,73.36,2101074.0
1564372800,2019-07-29,73.06,73.263,69.9205,70.47,2077278.0
1564459200,2019-07-30,69.98,70.41,68.58,69.06,1663174.0
1564545600,2019-07-31,69.14,69.42,66.73,67.78,3885236.0
1564632000,2019-08-01,67.58,68.52,67.38,67.81,2365551.0
1564718400,2019-08-02,67.45,68.01,66.55,67.27,1655683.0
1564977600,2019-08-05,66.35,66.41,64.255,64.83,2099840.0
1565064000,2019-08-06,65.77,66.23,64.8063,65.53,1936399.0
1565150400,2019-08-07,64.06,65.37,64.02,65.08,1689315.0
1565236800,2019-08-08,65.76,67.01,65.3,66.96,1627900.0
1565323200,2019-08-09,66.46,67.3,65.84,66.48,1049060.0
1565582400,2019-08-12,65.98,65.98,64.32,64.65,1001465.0
1565668800,2019-08-13,64.43,66.465,64.43,65.8,950436.0
1565755200,2019-08-14,64.52,64.52,62.05,63.93,1370087.0
1565841600,2019-08-15,64.03,64.23,62.42,63.71,1380752.0
1565928000,2019-08-16,64.48,65.46,64.265,65.38,883892.0
1566187200,2019-08-19,66.53,67.13,65.81,66.89,1801106.0
1566273600,2019-08-20,66.64,66.84,66.01,66.61,1301522.0
1566360000,2019-08-21,67.52,68.47,66.57,67.92,1653175.0
1566446400,2019-08-22,69.39,69.39,66.9,67.37,1209417.0
1566532800,2019-08-23,66.99,67.99,65.03,65.12,1154755.0
1566792000,2019-08-26,66.18,66.24,64.96,65.26,1212460.0
1566878400,2019-08-27,66.06,66.0899,64.7,64.92,1131997.0
1566964800,2019-08-28,63.45,65.07,62.75,64.93,832249.0
1567051200,2019-08-29,65.93,66.205,65.41,65.67,880194.0
1567137600,2019-08-30,66.23,66.77,65.015,65.47,899087.0
1567483200,2019-09-03,64.9,65.41,62.81,63.51,1433673.0
1567569600,2019-09-04,64.55,64.65,63.65,64.22,1004613.0
1567656000,2019-09-05,65.54,67.175,65.05,66.94,964687.0
1567742400,2019-09-06,66.92,67.69,66.26,67.13,792828.0
1568001600,2019-09-09,67.7,68.18,67.03,68.15,1356900.0
1568088000,2019-09-10,67.89,67.89,66.34,67.01,1154524.0
1568174400,2019-09-11,67.29,68.0,66.63,66.74,920762.0
1568260800,2019-09-12,67.32,67.4,66.12,66.4,1374267.0
1568347200,2019-09-13,66.72,68.15,66.36,66.55,867709.0
1568606400,2019-09-16,66.22,67.58,65.885,67.25,511319.0
1568692800,2019-09-17,67.29,67.53,66.27,67.46,555575.0
1568779200,2019-09-18,67.13,67.45,65.96,67.0,788875.0
1568865600,2019-09-19,67.28,67.75,66.96,67.58,756760.0
1568952000,2019-09-20,67.76,68.34,67.46,67.72,1953538.0
1569211200,2019-09-23,67.66,67.78,66.29,67.51,1038859.0
1569297600,2019-09-24,67.83,68.04,66.14,66.4,629048.0
1569384000,2019-09-25,66.15,67.18,65.31,66.98,778089.0
1569470400,2019-09-26,67.16,67.77,66.35,67.36,949502.0
1569556800,2019-09-27,67.79,68.37,66.6,67.39,735519.0
1569816000,2019-09-30,67.41,68.6,66.895,68.18,678283.0
1569902400,2019-10-01,68.69,69.43,65.675,66.04,746941.0
1569988800,2019-10-02,65.09,65.2329,63.65,64.48,1025701.0
1570075200,2019-10-03,64.25,65.85,63.52,65.22,681579.0
1570161600,2019-10-04,65.73,66.3,64.825,65.65,625637.0
1570420800,2019-10-07,65.59,65.61,64.5,64.55,597641.0
1570507200,2019-10-08,63.75,64.07,62.4,62.71,1160005.0
1570593600,2019-10-09,63.56,64.21,63.19,63.23,720935.0
1570680000,2019-10-10,62.85,63.99,62.19,62.99,1617434.0
1570766400,2019-10-11,64.38,65.89,64.025,64.46,1590078.0
1571025600,2019-10-14,64.49,65.85,64.04,65.43,1229091.0
1571112000,2019-10-15,65.92,66.035,64.98,65.0,745701.0
1571198400,2019-10-16,64.1,64.79,63.41,64.73,899230.0
1571284800,2019-10-17,64.88,65.65,64.3,64.45,936631.0
1571371200,2019-10-18,64.31,65.19,63.21,64.38,1447697.0
1571630400,2019-10-21,64.63,66.55,64.2,66.12,1696393.0
1571716800,2019-10-22,66.23,67.16,65.515,65.94,915039.0
1571803200,2019-10-23,66.09,67.19,65.46,66.89,1098036.0
1571889600,2019-10-24,77.0,77.75,68.745,69.95,4751148.0
1571976000,2019-10-25,69.46,69.8917,67.59,67.75,1559181.0
1572235200,2019-10-28,67.93,68.74,67.02,67.41,1492591.0
1572321600,2019-10-29,67.4,67.4,63.44,64.21,3148129.0
1572408000,2019-10-30,64.88,66.97,64.01,66.82,1386744.0
1572494400,2019-10-31,66.63,67.25,66.36,66.91,933837.0
1572580800,2019-11-01,67.35,69.64,67.235,69.6,1047293.0
1572843600,2019-11-04,70.25,71.21,70.14,70.76,1117104.0
1572930000,2019-11-05,71.23,73.2,71.135,73.17,1712894.0
1573016400,2019-11-06,72.91,72.92,71.66,71.77,1206042.0
1573102800,2019-11-07,72.22,73.515,71.9757,72.8,1135613.0
1573189200,2019-11-08,72.52,73.5764,71.89,73.23,593054.0
1573448400,2019-11-11,72.64,73.7,72.64,73.18,367713.0
1573534800,2019-11-12,73.28,73.75,72.83,73.27,555673.0
1573621200,2019-11-13,72.74,74.56,72.69,74.19,853076.0
1573707600,2019-11-14,74.28,74.61,73.1,73.64,711791.0
1573794000,2019-11-15,74.04,74.305,73.24,74.09,1404595.0
1574053200,2019-11-18,73.39,73.77,72.0,72.81,1077551.0
1574139600,2019-11-19,73.29,74.06,71.42,73.5,586766.0
1574226000,2019-11-20,73.25,75.07,73.245,74.93,1411306.0
1574312400,2019-11-21,75.2,75.7,74.275,75.08,655238.0
1574398800,2019-11-22,75.15,75.47,74.98,75.14,1055849.0
1574658000,2019-11-25,75.5,75.88,74.55,74.65,947903.0
1574744400,2019-11-26,74.79,75.57,74.38,75.48,784651.0
1574830800,2019-11-27,75.2,77.11,74.93,77.09,871649.0
1575003600,2019-11-29,77.14,77.85,76.58,76.6,421426.0
1575262800,2019-12-02,76.51,77.27,75.69,75.92,673555.0
1575349200,2019-12-03,74.96,75.93,74.11,75.76,979212.0
1575435600,2019-12-04,76.07,76.4,75.02,75.02,812091.0
1575522000,2019-12-05,75.43,75.77,74.76,75.76,540675.0
1575608400,2019-12-06,76.83,76.83,75.7,75.71,443914.0
1575867600,2019-12-09,75.69,76.76,75.525,76.09,664023.0
1575954000,2019-12-10,75.81,76.21,74.69,74.9,453010.0
1576040400,2019-12-11,74.78,74.85,73.81,73.93,469580.0
1576126800,2019-12-12,73.73,74.34,72.86,73.44,655733.0
1576213200,2019-12-13,73.53,74.95,73.15,74.63,646056.0
1576472400,2019-12-16,74.99,75.59,74.29,74.38,1210475.0
1576558800,2019-12-17,74.43,74.51,73.61,73.77,588240.0
1576645200,2019-12-18,73.67,74.58,73.325,74.06,573756.0
1576731600,2019-12-19,74.39,74.62,73.5,74.48,732418.0
1576818000,2019-12-20,74.67,74.71,73.91,74.14,1955125.0
1577077200,2019-12-23,74.27,75.17,73.65,74.58,928105.0
1577163600,2019-12-24,74.84,75.37,74.37,74.43,165776.0
1577336400,2019-12-26,74.43,75.68,74.43,75.61,298136.0
1577422800,2019-12-27,75.98,75.98,75.055,75.78,479402.0
1577682000,2019-12-30,75.83,75.9,74.6,75.29,332734.0
1577768400,2019-12-31,74.95,75.445,74.73,74.89,548790.0
1577941200,2020-01-02,75.43,76.9,74.98,76.37,614429.0
1578027600,2020-01-03,75.34,75.77,74.88,75.425,347252.0
1578286800,2020-01-06,74.76,76.31,74.61,76.27,449966.0
1578373200,2020-01-07,76.13,76.98,75.62,75.92,481993.0
1578459600,2020-01-08,75.99,77.49,75.555,76.98,807639.0
1578546000,2020-01-09,77.87,78.19,76.875,77.33,594315.0
1578632400,2020-01-10,77.53,77.87,76.47,76.75,449213.0
1578891600,2020-01-13,76.74,77.28,76.58,77.22,563273.0
1578978000,2020-01-14,77.11,78.14,76.75,77.97,740435.0
1579064400,2020-01-15,78.04,79.565,78.04,79.17,1368149.0
1579150800,2020-01-16,79.86,81.12,79.73,80.82,917534.0
1579237200,2020-01-17,81.07,81.99,79.59,80.14,769078.0
1579582800,2020-01-21,79.9,80.34,78.69,78.87,983550.0
1579669200,2020-01-22,79.39,80.76,79.09,79.95,1156972.0
1579755600,2020-01-23,85.51,88.86,82.88,85.07,3431483.0
1579842000,2020-01-24,85.59,88.354,85.25,86.05,1646725.0
1580101200,2020-01-27,84.25,84.74,83.05,84.2,1095601.0
1580187600,2020-01-28,84.73,85.89,84.13,84.41,1189327.0
1580274000,2020-01-29,84.62,85.42,82.95,83.43,610780.0
1580360400,2020-01-30,84.15,84.88,83.26,84.79,635984.0
1580446800,2020-01-31,84.71,85.16,82.66,83.12,1008801.0
1580706000,2020-02-03,83.13,85.235,82.96,84.91,688221.0
1580792400,2020-02-04,85.9,87.25,85.43,87.11,504591.0
1580878800,2020-02-05,88.04,88.04,85.92,86.38,456457.0
1580965200,2020-02-06,86.44,86.79,85.66,85.82,461464.0
1581051600,2020-02-07,85.54,85.57,83.94,84.03,612580.0
1581310800,2020-02-10,83.66,85.71,83.5,85.66,582985.0
1581397200,2020-02-11,86.54,86.69,85.12,86.08,425935.0
1581483600,2020-02-12,86.42,87.27,85.97,87.22,500693.0
1581570000,2020-02-13,86.44,87.675,86.44,86.94,510608.0
1581656400,2020-02-14,86.89,87.74,86.62,87.35,408743.0
1582002000,2020-02-18,87.28,87.61,86.52,87.36,547840.0
1582088400,2020-02-19,87.99,88.56,87.46,88.45,480352.0
1582174800,2020-02-20,88.31,89.07,87.235,88.38,443627.0
1582261200,2020-02-21,88.36,88.72,87.18,88.62,777987.0
1582520400,2020-02-24,84.8,86.1,83.38,85.65,863356.0
1582606800,2020-02-25,86.18,86.3081,80.1,81.32,1210144.0
1582693200,2020-02-26,81.72,83.29,79.87,80.43,858788.0
1582779600,2020-02-27,77.93,79.09,75.19,76.03,1130161.0
1582866000,2020-02-28,72.88,76.19,72.82,75.55,1468986.0
1583125200,2020-03-02,76.33,76.72,72.91,74.68,1769781.0
1583211600,2020-03-03,74.93,76.02,69.57,70.05,1695115.0
1583298000,2020-03-04,71.42,72.42,69.555,70.82,1757394.0
1583384400,2020-03-05,68.54,70.18,67.78,69.43,1394504.0
1583470800,2020-03-06,67.3,68.18,65.29,66.52,1417256.0
1583726400,2020-03-09,61.3,61.93,58.0,60.29,2396364.0
1583812800,2020-03-10,62.13,63.0,58.0,60.9,1827167.0
1583899200,2020-03-11,59.49,61.09,57.83,59.7,2303542.0
1583985600,2020-03-12,55.42,56.58,53.345,54.17,2209428.0
1584072000,2020-03-13,56.32,57.0,52.15,56.37,1624423.0
1584331200,2020-03-16,50.31,53.58,46.9401,52.87,2270713.0
1584417600,2020-03-17,53.61,54.1499,49.16,52.14,2115051.0
1584504000,2020-03-18,49.11,50.5,45.84,49.06,2175159.0
1584590400,2020-03-19,47.96,50.72,43.9,50.39,2433202.0
1584676800,2020-03-20,50.43,52.7631,48.27,48.45,1709318.0
1584936000,2020-03-23,47.9,49.355,45.36,48.74,1471886.0
1585022400,2020-03-24,51.14,54.66,50.01,53.79,1967808.0
1585108800,2020-03-25,54.76,61.0,52.65,58.77,1808746.0
1585195200,2020-03-26,60.14,62.72,58.85,60.97,1607725.0
1585281600,2020-03-27,58.94,60.11,54.65,59.01,1079954.0
1585540800,2020-03-30,59.24,62.46,58.19,59.27,898844.0
1585627200,2020-03-31,59.46,62.38,58.56,61.21,2190554.0
1585713600,2020-04-01,58.62,60.21,55.52,56.3,1638886.0
1585800000,2020-04-02,55.56,56.34,52.96,54.88,1293657.0
1585886400,2020-04-03,54.68,56.52,54.5,55.0,808606.0
1586145600,2020-04-06,58.02,60.17,57.68,59.59,1016021.0
1586232000,2020-04-07,62.39,62.59,58.88,59.31,912499.0
1586318400,2020-04-08,60.38,62.92,59.325,62.45,631650.0
1586404800,2020-04-09,63.77,65.28,62.49,63.94,929297.0
1586750400,2020-04-13,63.48,63.48,61.53,62.35,414012.0
1586836800,2020-04-14,63.39,65.01,63.39,64.5,641633.0
1586923200,2020-04-15,62.28,64.95,61.86,64.47,1474775.0
1587009600,2020-04-16,64.57,65.98,63.64,65.7,1318133.0
1587096000,2020-04-17,66.81,68.69,66.25,66.66,853901.0
1587355200,2020-04-20,64.89,67.88,64.66,66.99,596369.0
1587441600,2020-04-21,65.56,66.27,62.72,62.97,549056.0
1587528000,2020-04-22,64.52,65.125,63.01,64.77,527553.0
1587614400,2020-04-23,64.82,66.51,64.17,64.33,879548.0
1587700800,2020-04-24,64.76,65.32,63.835,65.0,650657.0
1587960000,2020-04-27,65.77,66.69,65.42,66.28,499909.0
1588046400,2020-04-28,67.49,68.24,66.105,66.37,1108479.0
1588132800,2020-04-29,68.0,70.56,67.36,69.96,1656263.0
1588219200,2020-04-30,70.11,71.28,64.5,69.25,2543090.0
1588305600,2020-05-01,68.22,69.16,65.69,66.38,1101899.0
1588564800,2020-05-04,64.98,67.47,64.36,67.19,911362.0
1588651200,2020-05-05,68.54,70.7,67.04,70.32,1025195.0
1588737600,2020-05-06,71.21,71.54,69.77,70.41,842389.0
1588824000,2020-05-07,71.25,72.35,70.66,70.86,930550.0
1588910400,2020-05-08,71.72,72.26,70.6,71.55,672675.0
1589169600,2020-05-11,71.23,72.82,70.66,72.22,1382617.0
1589256000,2020-05-12,71.97,72.66,68.34,68.51,774447.0
1589342400,2020-05-13,68.01,68.39,62.46,63.29,1077676.0
1589428800,2020-05-14,62.06,65.21,60.98,64.96,779703.0
1589515200,2020-05-15,64.65,65.69,64.1,65.0,434120.0
1589774400,2020-05-18,66.58,69.42,66.58,68.97,866828.0
1589860800,2020-05-19,69.0,70.42,68.58,68.91,681327.0
1589947200,2020-05-20,69.51,71.51,69.51,70.43,556355.0
1590033600,2020-05-21,70.39,71.08,69.66,69.89,566591.0
1590120000,2020-05-22,70.16,70.5175,69.09,70.21,399409.0
1590465600,2020-05-26,71.35,73.65,70.61,73.32,994341.0
1590552000,2020-05-27,74.9,75.04,72.005,74.94,726877.0
1590638400,2020-05-28,75.62,76.62,74.77,74.9,748940.0
1590724800,2020-05-29,74.88,76.57,74.1201,76.38,1202186.0
1590984000,2020-06-01,76.56,79.44,76.26,79.08,869402.0
1591070400,2020-06-02,79.34,80.35,78.13,79.5,662883.0
1591156800,2020-06-03,79.56,81.03,79.11,80.94,538241.0
1591243200,2020-06-04,80.1,80.97,79.67,80.26,632464.0
1591329600,2020-06-05,81.8,84.485,81.04,83.74,782700.0
1591588800,2020-06-08,84.14,84.36,82.514,83.42,1094622.0
1591675200,2020-06-09,82.76,82.76,81.44,81.54,925345.0
1591761600,2020-06-10,82.12,83.06,80.91,81.21,796656.0
1591848000,2020-06-11,78.81,78.81,72.27,72.62,1059658.0
1591934400,2020-06-12,75.04,76.655,73.3,75.16,1205913.0
1592193600,2020-06-15,73.56,77.46,73.41,77.26,554279.0
1592280000,2020-06-16,79.4,80.8,78.305,79.57,821983.0
1592366400,2020-06-17,80.0,80.305,79.07,79.17,691402.0
1592452800,2020-06-18,78.39,79.38,78.25,79.065,491234.0
1592539200,2020-06-19,80.11,80.64,77.79,78.71,1266620.0
1592798400,2020-06-22,78.32,78.96,77.22,78.93,452936.0
1592884800,2020-06-23,79.79,81.71,79.45,79.57,728432.0
1592971200,2020-06-24,79.16,79.67,76.84,76.92,640391.0
1593057600,2020-06-25,76.4,77.38,75.65,77.36,705381.0
1593144000,2020-06-26,77.1,77.4418,75.46,75.53,1410079.0
1593403200,2020-06-29,76.09,77.03,74.18,76.44,767646.0
1593489600,2020-06-30,76.57,78.23,75.74,77.79,1080764.0
1593576000,2020-07-01,77.93,79.75,77.36,78.44,875678.0
1593662400,2020-07-02,79.51,80.23,78.07,78.27,764286.0
1594008000,2020-07-06,79.52,80.32,78.65,79.08,817502.0
1594094400,2020-07-07,78.3,79.095,76.42,76.59,802191.0
1594180800,2020-07-08,77.1,78.56,76.76,78.5,719435.0
1594267200,2020-07-09,82.0,86.03,81.3,85.0,1747486.0
1594353600,2020-07-10,85.0,85.24,82.59,82.89,824050.0
1594612800,2020-07-13,83.38,83.465,78.17,78.23,908044.0
1594699200,2020-07-14,77.98,78.6,76.15,78.41,1350069.0
1594785600,2020-07-15,79.78,80.92,78.825,80.28,632328.0
1594872000,2020-07-16,82.65,82.65,79.305,80.36,1134205.0
1594958400,2020-07-17,81.02,81.32,79.99,80.75,890609.0
1595217600,2020-07-20,81.08,83.24,81.06,83.03,733444.0
1595304000,2020-07-21,84.91,85.06,83.0,83.15,720941.0
1595390400,2020-07-22,84.16,84.59,83.51,83.83,489418.0
1595476800,2020-07-23,83.51,85.43,82.87,83.61,684707.0
1595563200,2020-07-24,82.6,83.09,80.735,81.46,765646.0
1595822400,2020-07-27,83.0,83.56,81.01,83.14,679327.0
1595908800,2020-07-28,84.0,84.0975,82.09,82.25,662985.0
1595995200,2020-07-29,83.0,84.73,83.0,84.03,654909.0
1596081600,2020-07-30,86.48,86.79,82.12,85.58,1354981.0
1596168000,2020-07-31,88.0,88.8,83.74,85.56,1121740.0
1596427200,2020-08-03,85.98,86.99,85.77,86.35,756818.0
1596513600,2020-08-04,86.37,86.96,85.37,86.6,620066.0
1596600000,2020-08-05,87.0,88.85,87.0,87.88,525063.0
1596686400,2020-08-06,87.95,88.73,87.05,88.59,612779.0
1596772800,2020-08-07,88.0,88.61,86.03,86.94,586210.0
1597032000,2020-08-10,86.57,86.96,84.81,85.9,462548.0
1597118400,2020-08-11,86.0,86.68,84.64,84.8,630280.0
1597204800,2020-08-12,85.23,86.83,85.13,85.92,493812.0
1597291200,2020-08-13,86.0,89.15,85.92,88.06,795034.0
1597377600,2020-08-14,87.72,88.01,86.86,87.48,668958.0
1597636800,2020-08-17,88.0,88.92,87.85,88.22,608269.0
1597723200,2020-08-18,88.82,90.53,88.69,89.85,910821.0
1597809600,2020-08-19,89.84,90.36,88.46,88.54,841792.0
1597896000,2020-08-20,88.4,88.425,87.61,88.03,492089.0
1597982400,2020-08-21,87.92,87.92,86.74,87.36,1385050.0
1598241600,2020-08-24,87.84,88.025,86.35,87.1,564672.0
1598328000,2020-08-25,86.85,88.2,86.68,88.14,538881.0
1598414400,2020-08-26,89.54,90.55,87.65,89.78,951683.0
1598500800,2020-08-27,89.75,89.94,88.27,89.42,663567.0
1598587200,2020-08-28,89.87,91.25,89.74,91.15,417813.0
1598846400,2020-08-31,91.15,91.94,90.5015,91.41,973165.0
1598932800,2020-09-01,91.5,95.59,91.38,95.44,840577.0
1599019200,2020-09-02,95.32,97.67,94.765,97.6,810051.0
1599105600,2020-09-03,96.12,96.59,91.82,92.64,1098186.0
1599192000,2020-09-04,92.04,92.06,86.915,87.69,1246059.0
1599537600,2020-09-08,83.9929,88.62,83.9929,86.71,1095139.0
1599624000,2020-09-09,87.74,89.3096,87.05,88.6,560127.0
1599710400,2020-09-10,88.74,91.28,83.64,83.77,1601710.0
1599796800,2020-09-11,83.77,84.17,80.94,82.3,1501630.0
1600056000,2020-09-14,83.32,85.74,83.0,85.4,832288.0
1600142400,2020-09-15,86.25,88.49,86.12,88.32,836399.0
1600228800,2020-09-16,89.35,89.6011,87.66,87.9,679118.0
1600315200,2020-09-17,85.84,86.72,85.06,86.7,946458.0
1600401600,2020-09-18,86.74,87.94,84.59,86.11,2052643.0
1600660800,2020-09-21,84.37,85.35,82.87,85.33,800839.0
1600747200,2020-09-22,85.88,86.59,84.68,85.85,680277.0
1600833600,2020-09-23,85.62,85.76,81.44,81.7,810264.0
1600920000,2020-09-24,81.26,81.755,79.71,80.28,1273496.0
1601006400,2020-09-25,80.15,82.32,79.51,81.68,1377889.0
1601265600,2020-09-28,83.34,83.55,82.27,82.9,582400.0
1601352000,2020-09-29,83.14,84.51,82.3,82.35,668074.0
1601438400,2020-09-30,82.35,83.41,81.68,82.72,1057254.0
1601524800,2020-10-01,83.66,84.52,83.205,84.13,913475.0
1601611200,2020-10-02,81.92,83.34,81.17,82.16,751845.0
1601870400,2020-10-05,83.0,83.72,82.08,82.72,964986.0
1601956800,2020-10-06,82.72,84.49,81.03,81.22,910659.0
1602043200,2020-10-07,82.0,83.36,81.12,83.21,1119198.0
1602129600,2020-10-08,83.93,85.21,83.105,84.06,808135.0
1602216000,2020-10-09,84.51,86.55,84.51,85.94,526421.0
1602475200,2020-10-12,86.86,87.83,85.91,87.5,514007.0
1602561600,2020-10-13,87.94,89.45,87.16,87.39,842304.0
1602648000,2020-10-14,88.57,88.6,85.67,85.78,609746.0
1602734400,2020-10-15,84.31,87.94,84.01,87.79,635569.0
1602820800,2020-10-16,88.0,88.88,87.5,87.63,878709.0
1603080000,2020-10-19,88.22,89.26,85.88,86.44,527860.0
1603166400,2020-10-20,86.89,87.98,86.52,87.19,562995.0
1603252800,2020-10-21,87.17,88.365,86.59,86.98,440899.0
1603339200,2020-10-22,86.86,87.68,85.865,86.79,562030.0
1603425600,2020-10-23,87.17,89.38,86.54,89.25,686994.0
1603684800,2020-10-26,88.08,88.6,82.4,83.67,1445124.0
1603771200,2020-10-27,84.25,85.99,83.72,84.26,766750.0
1603857600,2020-10-28,82.26,87.68,79.36,82.47,1749384.0
1603944000,2020-10-29,80.0,87.55,79.5,85.87,2115682.0
1604030400,2020-10-30,83.25,85.28,82.045,83.88,1170090.0
1604293200,2020-11-02,84.6,87.18,84.0214,86.88,812649.0
1604379600,2020-11-03,87.63,92.74,86.49,92.16,1193026.0
1604466000,2020-11-04,92.0,93.28,89.68,92.36,1115812.0
1604552400,2020-11-05,93.32,94.69,93.215,93.94,763731.0
1604638800,2020-11-06,94.0,95.64,92.735,94.84,539991.0
1604898000,2020-11-09,96.66,97.28,92.73,92.91,1086145.0
1604984400,2020-11-10,92.69,94.46,89.985,94.24,839412.0
1605070800,2020-11-11,95.0,96.67,94.59,95.31,814514.0
1605157200,2020-11-12,95.38,96.96,94.14,94.68,590271.0
1605243600,2020-11-13,94.91,97.57,94.45,97.21,524536.0
1605502800,2020-11-16,96.59,99.2321,95.6,98.52,801615.0
1605589200,2020-11-17,97.06,99.87,97.06,99.13,963227.0
1605675600,2020-11-18,98.98,99.95,97.77,98.33,786882.0
1605762000,2020-11-19,97.92,100.34,97.34,100.21,662933.0
1605848400,2020-11-20,100.0,102.03,99.35,101.14,533923.0
1606107600,2020-11-23,102.08,103.695,101.0,103.19,515264.0
1606194000,2020-11-24,104.0,104.12,102.21,103.91,679031.0
1606280400,2020-11-25,104.25,106.3,103.62,105.96,695209.0
1606453200,2020-11-27,106.12,108.8,106.04,108.61,445698.0
1606712400,2020-11-30,109.51,110.625,107.57,107.85,1141511.0
1606798800,2020-12-01,108.27,108.93,106.95,108.53,821720.0
1606885200,2020-12-02,107.59,107.74,106.35,107.26,677893.0
1606971600,2020-12-03,107.06,109.32,107.01,107.98,496337.0
1607058000,2020-12-04,108.45,110.09,108.45,109.6,653270.0
1607317200,2020-12-07,110.26,111.5,109.1001,111.15,465249.0
1607403600,2020-12-08,111.64,112.04,111.0,111.3,380527.0
1607490000,2020-12-09,113.24,114.03,110.78,111.57,805898.0
1607576400,2020-12-10,111.13,113.04,110.0,112.66,608346.0
1607662800,2020-12-11,111.9,113.68,111.775,112.98,780545.0
1607922000,2020-12-14,113.2,116.23,112.94,113.83,862425.0
1608008400,2020-12-15,114.3,115.5,113.01,114.05,745627.0
1608094800,2020-12-16,115.42,116.79,114.19,115.07,1147754.0
1608181200,2020-12-17,116.0,118.52,115.65,118.47,930315.0
1608267600,2020-12-18,119.37,119.97,117.39,118.39,2587193.0
1608526800,2020-12-21,116.74,120.37,115.85,120.14,832876.0
1608613200,2020-12-22,120.49,121.55,119.58,120.02,517907.0
1608699600,2020-12-23,119.98,121.245,118.87,119.17,452141.0
1608786000,2020-12-24,119.82,120.18,119.04,119.85,216310.0
1609131600,2020-12-28,121.36,121.75,118.0,118.81,443150.0
1609218000,2020-12-29,118.8,118.94,116.98,117.77,339420.0
1609304400,2020-12-30,118.76,120.16,118.3,119.51,315376.0
1609390800,2020-12-31,119.6,120.265,118.71,119.61,479584.0
1609736400,2021-01-04,120.07,120.64,116.02,118.18,789490.0
1609822800,2021-01-05,118.06,119.87,117.365,118.51,553663.0
1609909200,2021-01-06,118.03,121.125,117.02,119.0,1664854.0
1609995600,2021-01-07,119.76,125.53,119.76,125.45,795384.0
1610082000,2021-01-08,125.82,129.26,125.82,127.94,1123934.0
1610341200,2021-01-11,126.27,129.87,126.26,129.16,1249406.0
1610427600,2021-01-12,130.11,130.95,128.0,128.5,576069.0
1610514000,2021-01-13,128.93,128.95,124.48,124.51,700309.0
1610600400,2021-01-14,124.16,124.85,123.53,124.6,506844.0
1610686800,2021-01-15,124.73,125.11,122.72,124.12,477498.0
1611032400,2021-01-19,125.32,126.64,124.01,125.55,881879.0
1611118800,2021-01-20,127.0,130.53,126.28,130.39,1088476.0
1611205200,2021-01-21,131.64,132.33,128.46,129.56,864044.0
1611291600,2021-01-22,129.48,131.27,128.01,130.88,601320.0
1611550800,2021-01-25,132.37,132.83,127.78,130.88,712769.0
1611637200,2021-01-26,131.19,131.95,128.34,129.52,767531.0
1611723600,2021-01-27,127.0,128.442,120.83,120.83,1236502.0
1611810000,2021-01-28,133.9,141.67,131.0,138.33,4022470.0
1611896400,2021-01-29,137.67,137.67,131.97,132.91,1014765.0
1612155600,2021-02-01,133.8,138.89,132.93,137.0,955643.0
1612242000,2021-02-02,138.22,140.49,137.05,138.01,849776.0
1612328400,2021-02-03,138.0,139.93,137.0,138.13,641539.0
1612414800,2021-02-04,139.1,141.13,138.18,139.29,596640.0
1612501200,2021-02-05,140.01,142.915,140.01,142.73,818992.0
1612760400,2021-02-08,144.43,144.83,141.89,142.92,679317.0
1612846800,2021-02-09,143.74,144.9,142.955,144.05,615077.0
1612933200,2021-02-10,144.67,146.63,143.64,144.73,601458.0
1613019600,2021-02-11,145.28,145.7855,142.77,143.65,775916.0
1613106000,2021-02-12,143.5,143.93,142.08,142.72,642399.0
1613451600,2021-02-16,143.35,146.43,143.0,146.13,766042.0
1613538000,2021-02-17,144.95,144.95,142.2564,144.19,505255.0
1613624400,2021-02-18,142.37,144.61,139.38,143.21,564701.0
1613710800,2021-02-19,142.37,144.61,139.38,143.21,564701.0
1613970000,2021-02-22,144.44,145.73,142.64,142.95,531657.0
1614056400,2021-02-23,139.04,140.68,134.545,140.13,820267.0
1614142800,2021-02-24,139.26,143.165,137.27,142.33,888243.0
1614229200,2021-02-25,140.68,141.6,133.56,134.48,676606.0
1614315600,2021-02-26,135.19,138.32,134.12,136.94,1380302.0
1614574800,2021-03-01,139.56,142.58,139.04,142.21,697623.0
1614661200,2021-03-02,143.12,143.49,136.41,136.51,1047739.0
1614747600,2021-03-03,135.94,137.49,131.64,132.34,672696.0
1614834000,2021-03-04,131.42,133.15,124.87,126.43,875983.0
1614920400,2021-03-05,127.24,127.31,117.975,125.51,1223642.0
1615179600,2021-03-08,124.97,126.87,118.8,118.85,832251.0
1615266000,2021-03-09,122.33,128.84,122.0,127.55,762718.0
1615352400,2021-03-10,129.3,132.1,128.69,130.99,840878.0
1615438800,2021-03-11,134.37,137.67,134.04,135.84,1295021.0
1615525200,2021-03-12,135.35,135.35,131.07,132.19,533798.0
1615780800,2021-03-15,132.82,137.25,132.55,137.09,675690.0
1615867200,2021-03-16,139.12,139.26,134.4,135.56,469233.0
1615953600,2021-03-17,134.76,135.98,129.815,132.23,1036015.0
1616040000,2021-03-18,129.01,131.09,125.73,127.03,1253361.0
1616126400,2021-03-19,128.54,130.5,126.51,129.66,1649742.0
1616385600,2021-03-22,130.15,132.38,130.06,130.14,572134.0
1616472000,2021-03-23,130.51,133.41,129.29,129.81,702006.0
1616558400,2021-03-24,130.87,130.87,126.7,126.84,619850.0
1616644800,2021-03-25,125.52,128.45,122.97,128.0,695665.0
1616731200,2021-03-26,128.42,135.6,128.42,135.43,978095.0
1616990400,2021-03-29,134.73,135.91,131.43,131.7,1002858.0
1617076800,2021-03-30,130.68,133.77,130.1101,132.0,460653.0
1617163200,2021-03-31,133.33,139.84,133.33,137.65,1089870.0
1617249600,2021-04-01,139.7,144.88,139.7,143.87,896926.0
1617595200,2021-04-05,145.0,146.53,143.34,145.98,686577.0
1617681600,2021-04-06,145.76,146.91,144.02,144.31,948735.0
1617768000,2021-04-07,144.0,144.98,142.59,143.22,452542.0
1617854400,2021-04-08,145.54,149.265,144.39,146.63,1004021.0
1617940800,2021-04-09,146.98,146.98,144.46,146.04,465665.0
1618200000,2021-04-12,144.88,147.39,144.42,146.65,329890.0
1618286400,2021-04-13,146.7,148.28,145.07,147.21,343277.0
1618372800,2021-04-14,146.83,149.24,146.15,146.56,438174.0
1618459200,2021-04-15,148.26,149.21,146.2,147.55,499507.0
1618545600,2021-04-16,148.62,148.62,144.46,146.16,1602640.0
1618804800,2021-04-19,144.91,146.875,137.93,139.8,23307438.0
1618891200,2021-04-20,139.99,142.37,138.92,142.19,1212920.0
1618977600,2021-04-21,141.43,144.07,141.06,144.0,594438.0
1619064000,2021-04-22,143.43,146.85,142.83,145.27,776913.0
1619150400,2021-04-23,146.2,148.08,145.94,147.34,558908.0
1619409600,2021-04-26,147.76,149.49,147.2669,148.84,717487.0
1619496000,2021-04-27,148.41,149.5,146.06,147.79,725296.0
1619582400,2021-04-28,147.5,148.43,146.65,148.29,723418.0
1619668800,2021-04-29,141.54,144.725,133.06,133.42,2066422.0
1619755200,2021-04-30,133.07,133.97,130.52,130.94,1183192.0
1620014400,2021-05-03,132.03,132.03,129.09,130.25,1333874.0
1620100800,2021-05-04,129.73,130.14,126.99,129.99,930659.0
1620187200,2021-05-05,130.51,132.77,129.02,130.9,868680.0
1620273600,2021-05-06,129.63,130.235,126.96,130.1,713270.0
1620360000,2021-05-07,131.99,133.37,130.5,131.16,735138.0
1620619200,2021-05-10,130.43,131.6,129.12,129.14,612139.0
1620705600,2021-05-11,126.4196,130.95,125.06,130.16,560357.0
1620792000,2021-05-12,127.64,128.6,124.93,125.3,984907.0
1620878400,2021-05-13,126.99,127.57,123.06,125.39,782902.0
1620964800,2021-05-14,127.27,129.88,125.76,129.01,803385.0
1621224000,2021-05-17,127.54,128.77,126.14,127.66,602618.0
1621310400,2021-05-18,127.62,130.045,126.89,127.84,826730.0
1621396800,2021-05-19,125.89,127.2,124.63,127.12,628265.0
1621483200,2021-05-20,128.24,131.43,128.0,130.7,629072.0
1621569600,2021-05-21,132.15,133.065,130.33,130.77,963426.0
1621828800,2021-05-24,132.5,133.59,131.51,132.82,592103.0
1621915200,2021-05-25,134.41,135.22,132.8,133.03,566063.0
1622001600,2021-05-26,133.28,134.13,132.18,132.89,499824.0
1622088000,2021-05-27,133.12,133.52,130.645,133.07,924742.0
1622174400,2021-05-28,134.09,135.46,133.67,134.14,566374.0
1622520000,2021-06-01,135.49,135.695,131.8,131.9,599759.0
1622606400,2021-06-02,131.83,131.83,129.36,130.76,694043.0
1622692800,2021-06-03,130.76,131.37,128.26,129.58,599769.0
1622779200,2021-06-04,131.0,134.82,131.0,132.54,297631.0
1623038400,2021-06-07,134.88,134.92,131.96,132.57,654392.0
1623124800,2021-06-08,133.94,135.72,133.31,134.95,537682.0
1623211200,2021-06-09,135.35,136.58,134.49,134.74,372673.0
1623297600,2021-06-10,135.0,136.45,134.51,136.37,376374.0
1623384000,2021-06-11,136.98,137.15,135.41,136.42,464653.0
1623643200,2021-06-14,136.84,138.06,136.84,137.66,304524.0
1623729600,2021-06-15,138.0,138.35,136.08,136.46,340473.0
1623816000,2021-06-16,136.4664,136.4664,132.39,134.68,662156.0
1623902400,2021-06-17,134.31,135.5,133.711,134.27,573817.0
1623988800,2021-06-18,134.14,134.66,130.5,131.75,1346263.0
1624248000,2021-06-21,131.46,134.84,130.23,134.65,790309.0
1624334400,2021-06-22,134.65,135.44,133.57,135.19,531493.0
1624420800,2021-06-23,135.59,136.63,134.61,135.71,464227.0
1624507200,2021-06-24,137.0,138.48,136.25,137.74,593208.0
1624593600,2021-06-25,138.0,139.24,137.13,138.69,897644.0
1624852800,2021-06-28,139.99,141.16,139.45,140.1,629312.0
1624939200,2021-06-29,140.1,142.115,139.34,141.76,493771.0
1625025600,2021-06-30,141.39,142.4,140.378,141.26,583109.0
1625112000,2021-07-01,140.88,143.26,140.5,142.97,664296.0
1625198400,2021-07-02,143.675,144.2,142.39,143.98,496967.0
1625544000,2021-07-06,144.36,145.71,143.57,145.58,814800.0
1625630400,2021-07-07,146.0,147.07,143.445,144.12,821497.0
1625716800,2021-07-08,142.04,143.8682,139.38,142.86,544266.0
1625803200,2021-07-09,142.86,145.53,142.79,145.14,528254.0
1626062400,2021-07-12,145.5,145.65,142.5,142.88,596210.0
1626148800,2021-07-13,142.88,143.88,141.42,143.06,397380.0
1626235200,2021-07-14,144.13,144.13,141.77,142.57,416329.0
1626321600,2021-07-15,141.92,142.6289,139.83,141.28,432419.0
1626408000,2021-07-16,141.99,142.74,139.73,140.2,542569.0
1626667200,2021-07-19,138.31,138.31,135.345,136.71,766477.0
1626753600,2021-07-20,137.31,143.52,136.72,142.96,901704.0
1626840000,2021-07-21,143.24,146.66,142.82,146.5,697098.0
1626926400,2021-07-22,146.78,148.82,146.78,148.28,518724.0
1627012800,2021-07-23,148.95,153.73,148.29,152.69,1046174.0
1627272000,2021-07-26,151.84,152.0,148.95,151.32,681073.0
1627358400,2021-07-27,150.42,150.42,142.44,143.6,998758.0
1627444800,2021-07-28,144.0,146.43,142.92,145.25,748381.0
1627531200,2021-07-29,136.56,137.5,130.05,133.03,1811485.0
1627617600,2021-07-30,133.12,135.5,131.19,135.45,1136593.0
1627876800,2021-08-02,135.68,135.79,130.8,131.07,744578.0
1627963200,2021-08-03,131.07,133.27,130.6692,132.41,696950.0
1628049600,2021-08-04,132.87,135.73,131.9,135.3,882764.0
1628136000,2021-08-05,135.48,137.19,134.381,135.55,958762.0
1628222400,2021-08-06,135.88,136.33,134.45,135.37,546827.0
1628481600,2021-08-09,135.55,136.1,134.66,135.18,341108.0
1628568000,2021-08-10,136.18,137.67,135.17,135.78,532205.0
1628654400,2021-08-11,136.74,136.74,133.6,134.49,345307.0
1628740800,2021-08-12,134.35,134.35,133.05,133.68,548796.0
1628827200,2021-08-13,133.86,134.08,131.7,132.01,865295.0
1629086400,2021-08-16,131.62,131.62,129.32,130.16,996869.0
1629172800,2021-08-17,129.3,129.3,125.94,127.98,1056024.0
1629259200,2021-08-18,127.22,128.07,126.43,126.57,527822.0
1629345600,2021-08-19,125.0,126.47,124.18,126.25,629939.0
1629432000,2021-08-20,126.44,128.5,126.03,128.29,548918.0
1629691200,2021-08-23,128.95,130.1,128.8,129.9,703933.0
1629777600,2021-08-24,130.66,132.49,130.59,131.26,393101.0
1629864000,2021-08-25,131.1,132.48,130.55,131.72,420077.0
1629950400,2021-08-26,131.28,131.9,129.28,130.18,637791.0
1630036800,2021-08-27,130.5,132.9,130.49,131.98,667244.0
1630296000,2021-08-30,132.47,133.0,131.87,132.47,407595.0
1630382400,2021-08-31,133.0,133.0,131.1,131.66,737026.0
1630468800,2021-09-01,132.6,134.685,132.6,133.11,743583.0
1630555200,2021-09-02,133.87,134.6,131.44,131.84,393994.0
1630641600,2021-09-03,131.57,133.45,131.25,132.99,407816.0
1630987200,2021-09-07,133.0,133.65,129.53,129.77,583154.0
1631073600,2021-09-08,130.85,130.85,127.7075,129.79,526931.0
1631160000,2021-09-09,130.11,130.67,127.33,127.39,2637251.0
1631246400,2021-09-10,127.89,128.775,125.48,125.62,1103713.0
1631505600,2021-09-13,125.62,126.41,122.05,122.81,1821938.0
1631592000,2021-09-14,123.94,125.07,121.87,122.44,1085963.0
1631678400,2021-09-15,122.85,125.35,121.65,125.2,1305451.0
1631764800,2021-09-16,125.0,125.64,122.98,125.5,705564.0
1631851200,2021-09-17,125.16,125.58,122.53,123.14,1105038.0
1632110400,2021-09-20,120.28,121.385,118.61,120.74,717239.0
1632196800,2021-09-21,121.45,121.47,119.49,119.93,607730.0
1632283200,2021-09-22,120.29,122.63,119.85,121.09,837314.0
1632369600,2021-09-23,122.325,125.335,121.29,123.84,582270.0
1632456000,2021-09-24,122.44,124.15,122.29,123.52,407044.0
1632715200,2021-09-27,123.05,124.72,121.83,124.08,695346.0
1632801600,2021-09-28,122.52,123.34,118.87,121.0,841777.0
1632888000,2021-09-29,121.56,122.7,119.6,120.0,629752.0
1632974400,2021-09-30,120.62,121.755,119.325,119.79,938129.0
1633060800,2021-10-01,120.4,121.3,119.71,120.51,546691.0
1633320000,2021-10-04,119.99,120.195,114.65,117.51,1206783.0
1633406400,2021-10-05,117.8,120.01,116.93,119.87,1588897.0
1633492800,2021-10-06,118.02,120.16,117.195,119.59,694764.0
1633579200,2021-10-07,120.71,122.945,119.69,120.2,674454.0
1633665600,2021-10-08,120.49,121.44,119.61,120.04,607474.0
1633924800,2021-10-11,119.83,121.115,117.65,117.94,516408.0
1634011200,2021-10-12,118.8,119.94,117.01,117.15,522106.0
1634097600,2021-10-13,118.16,121.26,118.16,120.68,698183.0
1634184000,2021-10-14,123.22,124.45,122.48,122.83,627901.0
1634270400,2021-10-15,123.74,123.93,122.71,123.5,698570.0
1634529600,2021-10-18,122.51,125.21,122.15,124.96,866169.0
1634616000,2021-10-19,126.26,129.26,125.7,129.01,899812.0
1634702400,2021-10-20,129.21,129.68,126.95,129.48,711589.0
1634788800,2021-10-21,128.75,129.37,126.05,127.99,755033.0
1634875200,2021-10-22,128.66,128.96,126.77,128.11,482227.0
1635134400,2021-10-25,128.5,130.36,127.53,129.36,473437.0
1635220800,2021-10-26,129.98,129.98,127.445,127.6,459877.0
1635307200,2021-10-27,127.61,128.54,124.86,125.01,860771.0
1635393600,2021-10-28,125.49,128.64,124.6,126.87,926793.0
1635480000,2021-10-29,126.11,128.98,126.09,127.35,1062800.0
1635739200,2021-11-01,127.56,128.81,125.41,126.8,700924.0
1635825600,2021-11-02,126.68,127.1,124.95,126.41,846529.0
1635912000,2021-11-03,125.84,130.57,125.12,129.85,1020820.0
1635998400,2021-11-04,136.0,136.0,117.3,120.93,2749377.0
1636084800,2021-11-05,121.91,127.64,121.72,125.94,1136649.0
1636347600,2021-11-08,125.09,126.91,123.5036,126.43,803552.0
1636434000,2021-11-09,126.02,127.61,121.75,122.37,833903.0
1636520400,2021-11-10,121.55,122.605,119.63,120.18,835805.0
1636606800,2021-11-11,120.97,121.07,119.55,119.79,983117.0
1636693200,2021-11-12,120.79,121.94,119.84,121.83,641531.0
1636952400,2021-11-15,122.0,122.36,119.31,120.05,612742.0
1637038800,2021-11-16,119.5,123.73,118.9,122.79,1014816.0
1637125200,2021-11-17,122.47,123.885,119.63,119.64,601603.0
1637211600,2021-11-18,120.48,120.48,116.9,117.45,631605.0
1637298000,2021-11-19,118.21,118.655,117.29,117.33,684826.0
1637557200,2021-11-22,117.49,118.35,114.53,115.93,759562.0
1637643600,2021-11-23,111.13,111.595,107.63,109.72,2309912.0
1637730000,2021-11-24,108.2,110.13,106.72,110.0,1591717.0
1637902800,2021-11-26,108.74,110.17,105.51,105.94,691160.0
1638162000,2021-11-29,107.87,111.84,107.0,110.32,1241496.0
1638248400,2021-11-30,109.68,110.99,105.49,109.58,2202321.0
1638334800,2021-12-01,111.44,112.01,108.405,108.84,1257534.0
1638421200,2021-12-02,108.57,111.29,108.12,110.91,778184.0
1638507600,2021-12-03,111.19,113.58,109.95,112.89,2025813.0
1638766800,2021-12-06,113.0,117.05,111.565,116.64,1123980.0
1638853200,2021-12-07,118.52,120.85,117.88,120.2,1023073.0
1638939600,2021-12-08,120.01,121.5899,117.08,120.74,889208.0
1639026000,2021-12-09,120.22,122.31,119.88,119.96,775815.0
1639112400,2021-12-10,120.86,121.86,119.01,120.57,852725.0
1639371600,2021-12-13,120.1,123.46,119.94,122.52,895974.0
1639458000,2021-12-14,117.74,119.795,115.09,117.31,1276317.0
1639544400,2021-12-15,117.06,119.22,113.685,118.67,1358397.0
1639630800,2021-12-16,119.11,119.32,115.41,115.52,1318471.0
1639717200,2021-12-17,115.7,121.59,113.93,120.75,2912949.0
1639976400,2021-12-20,118.9,121.22,117.725,119.92,965656.0
1640062800,2021-12-21,120.76,121.3,119.89,120.73,804940.0
1640149200,2021-12-22,120.81,122.52,119.75,121.08,542736.0
1640235600,2021-12-23,121.39,121.71,120.08,120.51,489643.0
1640581200,2021-12-27,120.56,122.67,120.26,122.6,453844.0
1640667600,2021-12-28,123.15,123.5,121.9207,122.34,417507.0
1640754000,2021-12-29,122.34,122.65,121.35,122.13,291393.0
1640840400,2021-12-30,122.88,123.44,121.885,122.04,331674.0
1640926800,2021-12-31,122.1,122.14,120.95,121.15,382010.0
1641186000,2022-01-03,121.32,123.46,118.77,122.98,675843.0
1641272400,2022-01-04,122.78,123.0,120.6,122.6,533720.0
1641358800,2022-01-05,122.17,123.425,118.14,118.33,812374.0
1641445200,2022-01-06,117.57,119.0662,115.565,117.14,525320.0
1641531600,2022-01-07,116.4,118.825,115.05,115.08,532204.0
1641790800,2022-01-10,113.49,114.59,110.53,114.54,890117.0
1641877200,2022-01-11,114.63,119.52,112.065,119.27,689188.0
1641963600,2022-01-12,120.11,121.74,118.28,120.05,536060.0
1642050000,2022-01-13,120.35,121.14,114.63,115.2,752519.0
1642136400,2022-01-14,114.24,116.64,112.93,115.88,602116.0
1642482000,2022-01-18,114.44,117.365,113.77,116.07,1190766.0
1642568400,2022-01-19,116.07,121.7,115.99,117.36,741107.0
1642654800,2022-01-20,118.1,120.26,115.61,115.77,670384.0
1642741200,2022-01-21,115.08,118.28,113.89,116.06,1316984.0
1643000400,2022-01-24,114.4,117.62,111.43,117.6,1442970.0
1643086800,2022-01-25,113.91,116.53,112.5608,114.63,969201.0
1643173200,2022-01-26,116.0,117.99,112.5,113.48,1296469.0
1643259600,2022-01-27,107.7,112.165,106.0,109.78,2198404.0
1643346000,2022-01-28,109.92,113.52,106.885,113.41,911106.0
1643605200,2022-01-31,112.57,116.53,112.57,116.26,843006.0
1643691600,2022-02-01,116.43,117.12,114.605,116.15,793907.0
1643778000,2022-02-02,116.15,116.99,114.615,116.4,551135.0
1643864400,2022-02-03,114.5,115.41,113.12,113.63,744595.0
1643950800,2022-02-04,113.56,116.37,113.01,115.76,582038.0
1644210000,2022-02-07,116.53,117.8,114.885,115.17,521402.0
1644296400,2022-02-08,114.93,115.69,113.46,114.63,658914.0
1644382800,2022-02-09,116.22,120.21,115.25,120.11,575271.0
1644469200,2022-02-10,117.31,120.56,116.955,118.33,646701.0
1644555600,2022-02-11,118.84,119.14,113.64,114.15,560495.0
1644814800,2022-02-14,113.65,114.94,111.23,111.91,600141.0
1644901200,2022-02-15,114.46,114.46,111.43,113.2,642503.0
1644987600,2022-02-16,112.42,114.78,111.33,114.65,713225.0
1645074000,2022-02-17,112.93,113.86,109.24,109.54,643184.0
1645160400,2022-02-18,109.83,110.91,107.785,108.86,1083260.0
1645506000,2022-02-22,108.01,109.8,106.565,107.05,826381.0
1645592400,2022-02-23,107.85,108.573,106.46,106.54,1214298.0
1645678800,2022-02-24,103.83,109.92,103.4404,109.85,900386.0
1645765200,2022-02-25,110.08,111.53,107.83,111.52,567874.0
1646024400,2022-02-28,110.47,112.5,107.52,111.28,1216465.0
1646110800,2022-03-01,111.7,113.44,109.3,110.13,623013.0
1646197200,2022-03-02,110.63,113.315,109.055,111.76,629488.0
1646283600,2022-03-03,112.49,113.03,108.35,109.0,684393.0
1646370000,2022-03-04,109.02,109.2,106.23,107.99,541073.0
1646629200,2022-03-07,108.17,109.45,104.83,104.86,888942.0
1646715600,2022-03-08,104.23,106.13,101.645,104.45,787168.0
1646802000,2022-03-09,106.92,109.62,106.62,109.3,651623.0
1646888400,2022-03-10,107.21,108.16,105.49,106.82,341123.0
1646974800,2022-03-11,107.72,107.72,103.87,103.94,423247.0
1647230400,2022-03-14,104.14,105.2125,100.602,101.51,433980.0
1647316800,2022-03-15,102.42,106.14,101.7095,105.95,722134.0
1647403200,2022-03-16,107.03,109.96,105.58,109.74,858429.0
1647489600,2022-03-17,109.51,111.95,109.135,110.73,755044.0
1647576000,2022-03-18,110.32,112.01,109.7,111.42,1256916.0
1647835200,2022-03-21,110.75,111.14,109.09,110.67,628840.0
1647921600,2022-03-22,110.53,111.86,109.84,111.59,766658.0
1648008000,2022-03-23,110.88,110.88,107.135,107.15,607540.0
1648094400,2022-03-24,107.97,108.66,106.28,108.01,500779.0
1648180800,2022-03-25,108.69,108.84,106.7,107.32,690028.0
1648440000,2022-03-28,107.28,108.475,106.21,107.95,987589.0
1648526400,2022-03-29,109.5,111.945,109.45,111.89,1046481.0
1648612800,2022-03-30,111.09,111.785,108.81,109.19,463908.0
1648699200,2022-03-31,109.23,109.72,107.495,107.72,755928.0
1648785600,2022-04-01,108.55,109.32,105.49,106.77,678544.0
1649044800,2022-04-04,107.28,109.47,106.85,108.75,607955.0
1649131200,2022-04-05,108.54,108.76,104.64,105.03,649335.0
1649217600,2022-04-06,103.18,104.71,100.73,100.98,753555.0
1649304000,2022-04-07,100.64,104.2,100.64,104.0,896660.0
1649390400,2022-04-08,103.46,104.42,101.79,103.5,730505.0
1649649600,2022-04-11,102.77,104.26,101.14,101.36,801981.0
1649736000,2022-04-12,102.77,104.32,100.33,100.56,544261.0
1649822400,2022-04-13,100.32,102.56,99.69,101.57,874961.0
1649908800,2022-04-14,102.25,102.33,98.6,98.71,641508.0
1650254400,2022-04-18,98.44,100.13,97.0,99.31,616121.0
1650340800,2022-04-19,99.38,100.78,98.82,99.92,557444.0
1650427200,2022-04-20,101.23,104.96,100.25,102.45,1090114.0
1650513600,2022-04-21,103.73,105.66,100.48,101.45,937186.0
1650600000,2022-04-22,100.83,102.525,99.05,99.12,1108913.0
1650859200,2022-04-25,99.06,101.0595,98.98,99.9,940834.0
1650945600,2022-04-26,99.57,100.3635,96.93,97.88,909147.0
1651032000,2022-04-27,98.01,100.1,96.55,97.62,1381934.0
1651118400,2022-04-28,116.19,118.49,109.0,114.39,2823817.0
1651204800,2022-04-29,114.1,116.81,112.07,114.21,1607631.0
1651464000,2022-05-02,113.99,115.94,111.75,114.87,1270704.0
1651550400,2022-05-03,114.62,116.66,114.035,114.59,1307664.0
1651636800,2022-05-04,114.68,118.18,112.4,118.01,1223505.0
1651723200,2022-05-05,116.44,117.47,111.02,112.15,1005264.0
1651809600,2022-05-06,111.58,112.0,108.5,110.41,762235.0
1652068800,2022-05-09,108.58,109.7,105.695,106.55,949610.0
1652155200,2022-05-10,108.51,109.1,104.17,107.51,981332.0
1652241600,2022-05-11,107.03,109.15,102.47,102.91,1048142.0
1652328000,2022-05-12,101.71,106.66,101.51,106.32,862388.0
1652414400,2022-05-13,107.44,110.23,106.42,109.55,1433598.0
1652673600,2022-05-16,109.24,109.7,107.315,108.98,613787.0
1652760000,2022-05-17,111.3,112.51,108.19,111.94,656331.0
1652846400,2022-05-18,110.54,111.4,107.07,107.42,441119.0
1652932800,2022-05-19,107.34,110.98,107.165,109.51,743364.0
1653019200,2022-05-20,111.12,113.59,109.67,113.42,1033700.0
1653278400,2022-05-23,113.42,113.48,110.14,112.96,538942.0
1653364800,2022-05-24,111.65,112.01,106.59,108.67,966713.0
1653451200,2022-05-25,107.58,110.75,106.18,109.36,1258547.0
1653537600,2022-05-26,109.67,113.57,108.36,112.16,503076.0
1653624000,2022-05-27,113.72,119.0,113.72,118.65,775093.0
1653969600,2022-05-31,117.67,118.64,116.06,116.53,1257373.0
1654056000,2022-06-01,117.13,118.635,114.63,116.42,703447.0
1654142400,2022-06-02,116.22,119.745,115.76,119.7,646568.0
1654228800,2022-06-03,117.81,119.07,116.66,118.56,501508.0
1654488000,2022-06-06,120.0,120.58,117.74,118.47,593794.0
1654574400,2022-06-07,116.8,118.73,115.18,117.84,695733.0
1654660800,2022-06-08,117.43,118.69,115.43,115.52,569907.0
1654747200,2022-06-09,114.29,115.05,112.97,113.03,643628.0
1654833600,2022-06-10,110.86,110.86,109.0,109.09,616399.0
1655092800,2022-06-13,105.2,106.19,102.14,102.44,584547.0
1655179200,2022-06-14,102.92,103.36,99.79,99.89,955402.0
1655265600,2022-06-15,101.24,105.43,100.66,103.42,947534.0
1655352000,2022-06-16,100.65,101.925,99.42,100.28,1253307.0
1655438400,2022-06-17,100.17,104.71,100.15,103.91,2037370.0
1655784000,2022-06-21,104.93,107.09,104.07,106.14,741868.0
1655870400,2022-06-22,105.05,107.04,104.61,105.34,729719.0
1655956800,2022-06-23,106.22,108.69,105.97,108.51,566517.0
1656043200,2022-06-24,109.05,112.61,109.05,112.44,888711.0
1656302400,2022-06-27,112.15,112.6,110.67,112.19,446756.0
1656388800,2022-06-28,112.49,112.98,106.24,106.39,1169642.0
1656475200,2022-06-29,106.63,107.309,104.51,107.1,849959.0
1656561600,2022-06-30,105.94,107.93,103.71,106.34,731132.0
1656648000,2022-07-01,106.25,107.22,104.11,107.0,631126.0
1656993600,2022-07-05,105.65,107.11,104.65,107.1,671550.0
1657080000,2022-07-06,107.36,107.85,105.05,105.74,716319.0
1657166400,2022-07-07,105.9,107.53,105.77,107.39,607498.0
1657252800,2022-07-08,106.73,107.5,104.55,106.9,409587.0
1657512000,2022-07-11,105.78,106.62,104.825,105.33,333342.0
1657598400,2022-07-12,105.59,106.83,102.32,103.2,717152.0
1657684800,2022-07-13,100.89,102.2321,98.925,100.64,834688.0
1657771200,2022-07-14,99.75,101.005,97.97,100.26,720637.0
1657857600,2022-07-15,101.59,102.315,100.945,102.24,597904.0
1658116800,2022-07-18,103.47,103.85,102.07,102.41,598753.0
1658203200,2022-07-19,103.46,107.73,102.36,107.59,1112671.0
1658289600,2022-07-20,107.72,111.39,107.72,110.89,723223.0
1658376000,2022-07-21,111.06,112.85,110.39,112.54,695157.0
1658462400,2022-07-22,112.53,113.185,110.445,111.18,488996.0
1658721600,2022-07-25,111.31,111.475,108.365,111.18,622931.0
1658808000,2022-07-26,110.87,111.61,109.83,111.28,588399.0
1658894400,2022-07-27,112.66,117.5,111.84,117.34,1284222.0
1658980800,2022-07-28,118.97,126.88,117.82,125.81,1765104.0
1659067200,2022-07-29,125.59,125.59,122.32,123.38,1033456.0
1659326400,2022-08-01,122.32,123.64,120.72,122.19,908555.0
1659412800,2022-08-02,121.25,122.11,120.43,120.59,695372.0
1659499200,2022-08-03,121.08,122.6,119.86,121.72,846897.0
1659585600,2022-08-04,121.6,122.09,120.01,120.85,731274.0
1659672000,2022-08-05,119.11,121.26,118.04,120.3,645483.0
1659931200,2022-08-08,120.75,121.04,118.89,119.33,639795.0
1660017600,2022-08-09,118.87,120.06,117.805,119.88,779939.0
1660104000,2022-08-10,121.93,123.88,120.75,123.02,776760.0
1660190400,2022-08-11,123.93,125.7,122.94,124.05,998022.0
1660276800,2022-08-12,124.4,125.08,122.83,125.03,723264.0
1660536000,2022-08-15,124.91,125.81,124.255,125.16,1000666.0
1660622400,2022-08-16,124.19,125.15,123.0529,123.94,501513.0
1660708800,2022-08-17,122.58,123.22,121.19,122.47,1088063.0
1660795200,2022-08-18,122.5,122.89,121.78,122.09,453873.0
1660881600,2022-08-19,120.95,121.08,118.92,119.5,463748.0
1661140800,2022-08-22,118.06,118.11,116.38,116.53,711094.0
1661227200,2022-08-23,116.19,117.46,114.56,114.665,578785.0
1661313600,2022-08-24,115.42,116.28,114.47,115.71,1097074.0
1661400000,2022-08-25,116.75,119.33,116.75,119.32,495872.0
1661486400,2022-08-26,119.36,119.48,114.43,114.59,751368.0
1661745600,2022-08-29,113.22,115.78,113.22,114.52,673040.0
1661832000,2022-08-30,115.3,115.755,113.03,114.18,828235.0
1661918400,2022-08-31,115.315,116.12,114.03,114.89,2208289.0
1662004800,2022-09-01,113.96,115.25,112.18,114.93,1348666.0
1662091200,2022-09-02,115.72,118.1,114.69,115.05,1480296.0
1662436800,2022-09-06,115.05,116.28,113.74,114.71,1571901.0
1662523200,2022-09-07,115.0,118.92,114.13,118.51,1224496.0
1662609600,2022-09-08,117.45,119.87,116.52,119.59,845079.0
1662696000,2022-09-09,120.75,121.11,119.38,119.97,1138731.0
1662955200,2022-09-12,120.85,121.0,119.49,120.88,669662.0
1663041600,2022-09-13,117.3,119.57,115.12,117.16,1197511.0
1663128000,2022-09-14,117.47,118.19,116.06,117.15,810294.0
1663214400,2022-09-15,116.08,117.7524,114.57,114.99,1063359.0
1663300800,2022-09-16,114.01,115.34,112.29,114.9,1762528.0
1663560000,2022-09-19,113.32,115.22,113.115,114.72,685562.0
1663646400,2022-09-20,114.02,114.18,111.6,112.33,440461.0
1663732800,2022-09-21,113.36,115.54,111.715,111.75,550140.0
1663819200,2022-09-22,111.4,111.76,109.02,109.34,1203071.0
1663905600,2022-09-23,108.78,109.08,104.26,106.04,909880.0
1664164800,2022-09-26,106.13,107.78,105.04,105.17,540328.0
1664251200,2022-09-27,106.85,106.85,103.23,104.24,600760.0
1664337600,2022-09-28,104.89,106.865,104.425,106.19,736149.0
1664424000,2022-09-29,105.18,106.37,104.03,105.67,697681.0
1664510400,2022-09-30,105.86,106.66,104.52,104.6,672082.0
1664769600,2022-10-03,105.82,108.035,105.13,107.48,752611.0
1664856000,2022-10-04,109.32,112.05,109.32,111.84,579363.0
1664942400,2022-10-05,110.46,113.045,110.225,112.27,621731.0
1665028800,2022-10-06,112.05,113.08,111.39,112.17,550492.0
1665115200,2022-10-07,110.21,110.43,108.84,110.17,879531.0
1665374400,2022-10-10,110.26,110.76,106.37,107.14,610159.0
1665460800,2022-10-11,106.78,108.07,105.56,107.17,835382.0
1665547200,2022-10-12,107.12,107.51,105.39,105.69,588632.0
1665633600,2022-10-13,103.06,108.51,101.82,108.17,821541.0
1665720000,2022-10-14,109.69,110.095,105.39,105.57,898047.0
1665979200,2022-10-17,108.7,109.525,107.77,108.39,473606.0
1666065600,2022-10-18,111.04,111.54,108.93,111.24,622026.0
1666152000,2022-10-19,110.14,110.94,108.215,108.62,348483.0
1666238400,2022-10-20,108.91,110.705,107.185,108.21,538426.0
1666324800,2022-10-21,108.73,112.589,106.795,112.39,693322.0
1666584000,2022-10-24,113.14,113.19,109.875,112.18,506526.0
1666670400,2022-10-25,112.48,115.43,112.48,115.36,685430.0
1666756800,2022-10-26,114.74,118.0,114.65,114.96,561095.0
1666843200,2022-10-27,115.66,117.27,113.21,113.52,780871.0
1666929600,2022-10-28,114.06,117.31,113.885,116.94,925447.0
1667188800,2022-10-31,116.07,118.83,115.7,117.83,907410.0
1667275200,2022-11-01,119.08,119.35,116.28,118.02,991792.0
1667361600,2022-11-02,118.98,124.27,114.085,115.73,2658798.0
1667448000,2022-11-03,118.98,124.27,114.085,115.73,2658798.0
1667534400,2022-11-04,124.16,126.33,121.482,124.24,1201387.0
1667797200,2022-11-07,124.43,126.94,122.955,125.21,1388298.0
1667883600,2022-11-08,125.29,127.37,123.7275,125.45,1339022.0
1667970000,2022-11-09,124.97,126.66,123.27,125.83,760910.0
1668056400,2022-11-10,130.25,132.0,128.69,129.77,1365269.0
1668142800,2022-11-11,130.0,133.14,129.3301,131.92,1275050.0
1668402000,2022-11-14,131.1,132.0,129.47,130.29,777357.0
1668488400,2022-11-15,131.84,132.425,129.92,132.01,927740.0
1668574800,2022-11-16,130.31,131.56,129.57,129.83,1212866.0
1668661200,2022-11-17,128.01,128.01,122.59,123.87,1440767.0
1668747600,2022-11-18,125.47,125.73,122.315,123.3,940099.0
1669006800,2022-11-21,123.03,124.055,122.04,123.21,730357.0
1669093200,2022-11-22,123.97,125.35,121.425,124.96,708126.0
1669179600,2022-11-23,124.33,125.45,123.09,124.18,673006.0
1669352400,2022-11-25,124.0,124.89,122.71,124.63,423049.0
1669611600,2022-11-28,124.09,124.77,122.56,122.58,599857.0
1669698000,2022-11-29,122.58,123.67,122.13,123.07,547327.0
1669784400,2022-11-30,122.82,127.58,122.53,127.21,1512639.0
1669870800,2022-12-01,127.43,128.28,125.395,127.49,1103845.0
1669957200,2022-12-02,125.33,127.0,124.01,126.47,620086.0
1670216400,2022-12-05,125.08,125.75,122.01,123.33,536717.0
1670302800,2022-12-06,123.02,124.93,120.68,121.26,516664.0
1670389200,2022-12-07,121.26,122.48,119.395,121.64,815410.0
1670475600,2022-12-08,122.36,124.84,121.41,121.76,815095.0
1670562000,2022-12-09,120.52,122.04,119.18,121.19,1087541.0
1670821200,2022-12-12,121.26,124.36,121.15,124.09,954180.0
1670907600,2022-12-13,128.24,129.02,125.94,127.06,1004052.0
1670994000,2022-12-14,127.48,128.93,125.28,127.3,591133.0
1671080400,2022-12-15,125.8,126.75,123.35,123.58,670479.0
1671166800,2022-12-16,123.12,123.96,121.56,123.51,2018606.0
1671426000,2022-12-19,123.56,123.56,121.3225,122.5,581040.0
1671512400,2022-12-20,122.3,123.45,120.75,122.19,618543.0
1671598800,2022-12-21,122.44,124.01,121.3,123.71,765910.0
1671685200,2022-12-22,122.25,122.89,120.075,122.15,345691.0
1671771600,2022-12-23,121.3,122.86,120.49,121.25,406610.0
1672117200,2022-12-27,121.33,121.86,120.17,120.62,271002.0
1672203600,2022-12-28,120.28,121.99,118.76,118.87,287452.0
1672290000,2022-12-29,119.4,122.42,119.06,121.12,305626.0
1672376400,2022-12-30,119.96,120.36,118.06,120.04,941613.0
1672722000,2023-01-03,121.25,123.06,118.6,119.65,800003.0
1672808400,2023-01-04,120.44,122.23,119.6891,121.97,582764.0
1672894800,2023-01-05,120.77,120.99,118.205,120.05,651108.0
1672981200,2023-01-06,121.38,123.19,119.0225,122.69,592981.0
1673240400,2023-01-09,123.87,128.36,123.87,125.96,922221.0
1673326800,2023-01-10,125.6,128.09,124.5,127.4,801242.0
1673413200,2023-01-11,128.06,129.6,126.22,127.21,923342.0
1673499600,2023-01-12,127.25,131.44,126.76,131.09,784448.0
1673586000,2023-01-13,129.8,131.5,127.56,129.69,930201.0
1673931600,2023-01-17,129.95,131.74,129.24,130.23,883990.0
1674018000,2023-01-18,131.24,132.06,128.63,129.38,853415.0
1674104400,2023-01-19,128.99,130.03,126.75,127.57,683188.0
1674190800,2023-01-20,127.52,130.11,127.51,129.95,507900.0
1674450000,2023-01-23,132.7,135.09,131.5,134.98,695629.0
1674536400,2023-01-24,134.49,135.1,133.035,133.62,669337.0
1674622800,2023-01-25,132.41,134.61,130.33,134.09,913988.0
1674709200,2023-01-26,136.21,139.91,134.62,135.77,881287.0
1674795600,2023-01-27,135.43,135.78,134.12,135.09,581138.0
1675054800,2023-01-30,134.2,134.53,132.66,133.28,713464.0
1675141200,2023-01-31,134.03,134.9,133.23,134.88,856402.0
1675227600,2023-02-01,134.56,138.97,134.14,138.11,1231241.0
1675314000,2023-02-02,136.0,136.58,127.23,132.31,2697174.0
1675400400,2023-02-03,129.33,133.14,129.33,130.55,1061764.0
1675659600,2023-02-06,128.95,131.83,128.36,131.35,965637.0
1675746000,2023-02-07,131.15,136.21,131.0,135.23,1019337.0
1675832400,2023-02-08,134.66,136.44,133.855,134.55,776675.0
1675918800,2023-02-09,136.19,137.58,134.01,135.02,700045.0
1676005200,2023-02-10,134.6,135.675,131.725,132.78,640473.0
1676264400,2023-02-13,133.51,133.995,132.83,133.79,605721.0
1676350800,2023-02-14,133.65,135.55,132.86,134.36,471725.0
1676437200,2023-02-15,134.16,134.16,132.27,133.39,482789.0
1676523600,2023-02-16,131.09,133.29,130.91,131.46,629212.0
1676610000,2023-02-17,130.63,131.225,129.44,130.29,813329.0
1676955600,2023-02-21,129.2,130.32,128.64,129.44,615043.0
1677042000,2023-02-22,130.04,132.61,127.69,128.46,820358.0
1677128400,2023-02-23,129.68,130.97,128.99,130.16,656808.0
1677214800,2023-02-24,127.86,128.8,126.615,126.99,434824.0
1677474000,2023-02-27,128.25,128.465,125.88,126.3,704922.0
1677560400,2023-02-28,126.58,127.32,124.94,125.33,1388280.0
1677646800,2023-03-01,125.52,125.91,122.93,123.81,1308532.0
1677733200,2023-03-02,123.0,125.36,122.895,124.67,765262.0
1677819600,2023-03-03,124.71,125.51,124.3,124.84,1252195.0
1678078800,2023-03-06,124.36,125.265,122.98,124.69,1030850.0
1678165200,2023-03-07,124.04,124.86,121.62,121.96,738555.0
1678251600,2023-03-08,121.53,122.7,120.22,122.66,948005.0
1678338000,2023-03-09,122.79,123.83,120.27,120.56,650284.0
1678424400,2023-03-10,120.46,121.15,117.68,118.38,603173.0
1678680000,2023-03-13,117.31,118.58,115.445,117.33,777368.0
1678766400,2023-03-14,118.67,120.605,118.435,119.96,765743.0
1678852800,2023-03-15,118.22,120.07,115.65,117.52,1040210.0
1678939200,2023-03-16,117.17,120.08,116.48,119.47,787062.0
1679025600,2023-03-17,119.52,119.92,117.82,118.71,2262763.0
1679284800,2023-03-20,118.55,120.39,118.55,119.12,615357.0
1679371200,2023-03-21,119.67,120.9,118.89,120.39,775376.0
1679457600,2023-03-22,119.7,121.26,118.5,118.57,581995.0
1679544000,2023-03-23,119.1,121.43,118.8,119.98,410180.0
1679630400,2023-03-24,119.61,121.73,118.675,121.7,487133.0
1679889600,2023-03-27,122.16,123.84,122.04,123.17,894925.0
1679976000,2023-03-28,122.83,123.685,122.11,123.24,464845.0
1680062400,2023-03-29,124.25,124.83,123.3817,124.71,452480.0
1680148800,2023-03-30,125.75,126.625,125.135,125.68,532118.0
1680235200,2023-03-31,126.39,128.43,126.26,128.23,656361.0
1680494400,2023-04-03,127.26,128.32,126.73,128.07,684682.0
1680580800,2023-04-04,127.88,128.66,126.982,127.6,462969.0
1680667200,2023-04-05,127.45,127.45,125.98,126.14,763699.0
1680753600,2023-04-06,125.33,125.94,124.34,125.29,637948.0
1681099200,2023-04-10,124.22,126.55,123.12,126.34,521176.0
1681185600,2023-04-11,126.01,127.065,125.24,126.01,377516.0
1681272000,2023-04-12,127.28,127.78,125.84,126.39,655391.0
1681358400,2023-04-13,126.74,128.61,126.55,128.46,547012.0
1681444800,2023-04-14,127.73,130.08,127.01,127.73,493057.0
1681704000,2023-04-17,127.84,129.29,127.545,129.09,413091.0
1681790400,2023-04-18,129.97,130.28,127.34,128.15,728217.0
1681876800,2023-04-19,127.2,127.2,125.965,126.16,634292.0
1681963200,2023-04-20,125.41,126.255,124.32,125.67,837961.0
1682049600,2023-04-21,125.69,126.95,125.57,126.59,1096856.0
1682308800,2023-04-24,126.0,126.27,124.31,126.09,851141.0
1682395200,2023-04-25,124.71,125.06,122.11,124.21,1008862.0
1682481600,2023-04-26,124.1,126.505,124.08,125.2,1525550.0
1682568000,2023-04-27,124.78,127.9,120.62,123.34,1890333.0
1682654400,2023-04-28,122.79,128.221,121.57,125.79,1173015.0
1682913600,2023-05-01,125.67,126.87,124.94,125.62,667030.0
1683000000,2023-05-02,125.62,126.61,124.465,125.28,693226.0
1683086400,2023-05-03,125.6,126.81,124.455,125.01,632233.0
1683172800,2023-05-04,125.1,126.44,124.415,125.22,662411.0
1683259200,2023-05-05,126.21,129.24,125.71,129.06,814731.0
1683518400,2023-05-08,129.31,130.0,127.89,129.59,474687.0
1683604800,2023-05-09,129.14,130.25,128.71,129.12,801186.0
1683691200,2023-05-10,130.05,131.34,128.98,130.39,501246.0
1683777600,2023-05-11,130.2,130.2,128.61,129.48,449559.0
1683864000,2023-05-12,129.34,130.5,129.34,130.1,558735.0
1684123200,2023-05-15,129.93,131.45,128.8,130.78,610373.0
1684209600,2023-05-16,130.12,130.34,129.261,129.73,561937.0
1684296000,2023-05-17,130.52,132.11,129.54,131.62,914001.0
1684382400,2023-05-18,131.48,133.93,131.21,133.8,645074.0
1684468800,2023-05-19,134.09,134.66,133.48,134.21,833236.0
1684728000,2023-05-22,134.5,135.11,133.795,134.74,645262.0
1684814400,2023-05-23,133.71,133.835,130.82,130.86,799574.0
1684900800,2023-05-24,130.39,131.17,129.47,130.35,920790.0
1684987200,2023-05-25,130.98,131.7,129.91,130.93,1147714.0
1685073600,2023-05-26,131.28,132.41,130.87,131.03,1030586.0
1685419200,2023-05-30,132.09,133.65,131.45,132.69,688486.0
1685505600,2023-05-31,132.38,134.76,131.805,134.4,3430662.0
1685592000,2023-06-01,133.31,135.46,132.91,135.07,661017.0
1685678400,2023-06-02,135.99,138.81,135.67,137.93,1197730.0
1685937600,2023-06-05,136.96,139.69,136.74,139.28,513047.0
1686024000,2023-06-06,139.73,141.39,139.1,141.01,591238.0
1686110400,2023-06-07,141.2,141.7,135.76,135.95,881379.0
1686196800,2023-06-08,135.76,137.83,135.43,137.43,585575.0
1686283200,2023-06-09,137.91,139.33,136.7875,138.57,757054.0
1686542400,2023-06-12,139.11,140.66,138.915,140.62,378052.0
1686628800,2023-06-13,141.44,141.905,140.4,140.97,636330.0
1686715200,2023-06-14,139.7,141.99,139.7,141.38,711318.0
1686801600,2023-06-15,141.1,144.095,140.81,143.59,674720.0
1686888000,2023-06-16,144.56,144.56,142.29,143.15,1515098.0
1687233600,2023-06-20,142.07,142.84,140.46,141.74,544266.0
1687320000,2023-06-21,141.51,142.19,139.8486,141.96,964796.0
1687406400,2023-06-22,141.93,142.93,140.86,142.71,911739.0
1687492800,2023-06-23,141.75,142.04,140.46,140.86,1725735.0
1687752000,2023-06-26,140.86,140.93,138.24,138.3,683616.0
1687838400,2023-06-27,138.49,140.31,138.44,139.77,703444.0
1687924800,2023-06-28,139.78,140.69,138.66,140.64,625229.0
1688011200,2023-06-29,141.0,143.75,141.0,142.63,697149.0
1688097600,2023-06-30,143.6,143.71,142.0,142.3,530440.0
1688356800,2023-07-03,142.0,142.24,137.68,140.34,672590.0
1688529600,2023-07-05,139.14,140.0,135.75,138.25,1106842.0
1688616000,2023-07-06,137.14,138.0,136.19,137.52,587003.0
1688702400,2023-07-07,137.36,138.62,137.1425,137.25,485642.0
1688961600,2023-07-10,136.47,139.84,136.09,139.1,436084.0
1689048000,2023-07-11,139.34,141.245,139.21,140.9,567742.0
1689134400,2023-07-12,142.55,143.46,141.08,143.2,688591.0
1689220800,2023-07-13,144.0,146.025,143.68,145.47,546796.0
1689307200,2023-07-14,145.83,145.83,143.915,144.67,528265.0
1689566400,2023-07-17,145.01,146.835,145.0,146.55,534257.0
1689652800,2023-07-18,145.97,146.88,145.14,146.78,348193.0
1689739200,2023-07-19,147.0,147.83,145.7775,146.64,411602.0
1689825600,2023-07-20,145.71,146.47,143.345,143.6,557825.0
1689912000,2023-07-21,143.93,145.89,143.2,145.53,558439.0
1690171200,2023-07-24,144.95,145.16,142.46,143.09,490181.0
1690257600,2023-07-25,142.38,144.64,141.81,144.24,795809.0
1690344000,2023-07-26,144.0,144.24,142.81,144.19,915029.0
1690430400,2023-07-27,149.97,152.09,144.95,145.29,1538155.0
1690516800,2023-07-28,146.49,147.115,141.57,146.63,1456312.0
1690776000,2023-07-31,146.34,146.59,144.08,145.81,802973.0
1690862400,2023-08-01,144.82,147.61,143.48,146.51,945495.0
1690948800,2023-08-02,143.0,144.4,141.55,143.75,3298111.0
1691035200,2023-08-03,142.96,144.94,142.92,143.44,1431672.0
1691121600,2023-08-04,143.8,144.48,140.72,141.22,1527124.0
1691380800,2023-08-07,142.2,143.4,141.29,142.9,811676.0
1691467200,2023-08-08,141.9,142.925,141.4,142.84,753394.0
1691553600,2023-08-09,143.19,143.65,141.38,142.68,968287.0
1691640000,2023-08-10,143.41,144.835,141.71,142.51,910846.0
1691726400,2023-08-11,142.1,144.09,141.96,143.26,591178.0
1691985600,2023-08-14,143.26,146.055,142.825,145.79,732121.0
1692072000,2023-08-15,145.0,146.45,144.6,145.01,525355.0
1692158400,2023-08-16,144.72,146.18,144.31,144.32,508949.0
1692244800,2023-08-17,144.72,144.86,140.93,141.18,684954.0
1692331200,2023-08-18,139.82,140.63,139.03,139.93,794426.0
1692590400,2023-08-21,140.4,141.5,140.17,140.97,596864.0
1692676800,2023-08-22,141.58,142.91,141.255,141.52,1066777.0
1692763200,2023-08-23,141.58,143.36,141.58,142.86,588283.0
1692849600,2023-08-24,144.07,144.71,140.21,140.24,489302.0
1692936000,2023-08-25,140.58,145.42,140.58,144.85,690672.0
1693195200,2023-08-28,144.83,146.41,144.6,145.49,507132.0
1693281600,2023-08-29,145.15,146.745,144.41,146.59,471633.0
1693368000,2023-08-30,146.72,147.88,146.11,146.43,629279.0
1693454400,2023-08-31,146.63,147.68,146.63,147.17,460609.0
1693540800,2023-09-01,148.15,148.15,145.915,146.75,570289.0
1693886400,2023-09-05,146.72,147.495,145.81,146.11,642778.0
1693972800,2023-09-06,145.5,146.6,144.07,146.0,503516.0
1694059200,2023-09-07,145.17,145.82,144.36,144.89,559430.0
1694145600,2023-09-08,144.89,145.5,143.33,143.64,387263.0
1694404800,2023-09-11,144.11,144.34,142.571,143.28,617868.0
1694491200,2023-09-12,142.09,142.95,140.04,140.12,653386.0
1694577600,2023-09-13,139.72,140.17,137.6,138.68,769330.0
1694664000,2023-09-14,138.95,141.08,138.42,140.8,707243.0
1694750400,2023-09-15,140.71,142.08,140.19,141.45,3603424.0
1695009600,2023-09-18,141.1,144.07,141.1,143.27,1083609.0
1695096000,2023-09-19,143.11,143.11,141.94,142.7,552009.0
1695182400,2023-09-20,142.77,144.99,142.31,142.89,504755.0
1695268800,2023-09-21,142.58,142.75,140.97,141.79,886431.0
1695355200,2023-09-22,142.42,143.2,140.62,140.65,669054.0
1695614400,2023-09-25,139.91,141.45,139.91,140.87,566019.0
1695700800,2023-09-26,139.82,140.95,138.03,138.2,645508.0
1695787200,2023-09-27,138.83,139.12,136.0,138.47,683794.0
1695873600,2023-09-28,138.3,141.41,137.65,141.2,700517.0
1695960000,2023-09-29,142.53,143.255,141.12,141.68,844319.0
1696219200,2023-10-02,141.38,141.975,140.1,140.84,633311.0
1696305600,2023-10-03,140.25,141.43,137.24,137.84,604379.0
1696392000,2023-10-04,138.7,139.8,137.75,139.63,604492.0
1696478400,2023-10-05,139.36,140.15,137.69,139.82,452791.0
1696564800,2023-10-06,138.66,141.75,138.51,140.34,638895.0
1696824000,2023-10-09,139.15,140.35,139.05,139.94,546272.0
1696910400,2023-10-10,140.23,142.74,139.885,142.34,684821.0
1696996800,2023-10-11,142.63,143.61,141.36,143.52,375105.0
1697083200,2023-10-12,143.73,145.12,142.75,144.14,617230.0
1697169600,2023-10-13,144.01,144.17,142.44,142.86,735065.0
1697428800,2023-10-16,143.8,145.57,143.35,144.42,420692.0
1697515200,2023-10-17,143.83,146.76,143.16,146.17,684887.0
1697601600,2023-10-18,145.11,146.785,143.8,145.14,943670.0
1697688000,2023-10-19,145.19,145.53,141.25,141.32,526216.0
1697774400,2023-10-20,141.92,141.92,136.94,137.75,636248.0
1698033600,2023-10-23,137.22,137.64,135.54,136.1,576920.0
1698120000,2023-10-24,136.8,139.69,136.8,139.66,616295.0
1698206400,2023-10-25,139.64,140.2,137.28,137.97,989602.0
1698292800,2023-10-26,138.24,139.13,134.6122,135.85,715465.0
1698379200,2023-10-27,136.2,137.49,135.0317,136.06,533013.0
1698638400,2023-10-30,138.8,140.07,136.72,139.4,950469.0
1698724800,2023-10-31,139.34,140.89,138.35,140.42,654334.0
1698811200,2023-11-01,141.25,141.49,137.23,138.89,1058460.0
1698897600,2023-11-02,137.22,147.18,135.16,146.32,1614814.0
1698984000,2023-11-03,146.06,148.55,144.16,147.51,797074.0
1699246800,2023-11-06,147.6,148.73,146.63,148.66,573501.0
1699333200,2023-11-07,149.0,150.53,147.95,149.25,871654.0
1699419600,2023-11-08,150.06,151.04,148.7,149.63,834804.0
1699506000,2023-11-09,150.01,151.4545,148.69,148.75,542411.0
1699592400,2023-11-10,149.3,151.66,148.01,151.61,503141.0
1699851600,2023-11-13,151.8,153.19,151.5,152.14,825791.0
1699938000,2023-11-14,153.96,155.665,152.37,154.83,969311.0
1700024400,2023-11-15,155.24,155.84,153.65,154.68,502708.0
1700110800,2023-11-16,154.25,155.0,151.73,152.83,657800.0
1700197200,2023-11-17,153.48,154.35,152.5363,153.94,529358.0
1700456400,2023-11-20,154.05,156.075,153.2,155.54,769001.0
1700542800,2023-11-21,156.24,156.9,154.83,156.04,627671.0
1700629200,2023-11-22,155.56,156.01,152.68,154.35,853457.0
1700802000,2023-11-24,154.2,155.07,153.11,154.92,301895.0
1701061200,2023-11-27,154.59,155.78,154.54,154.75,510915.0
1701147600,2023-11-28,153.81,155.76,153.44,154.45,597770.0
1701234000,2023-11-29,155.97,156.98,154.4,155.49,730593.0
1701320400,2023-11-30,156.02,157.91,154.73,157.36,2157307.0
1701406800,2023-12-01,157.03,159.76,156.11,159.41,918137.0
1701666000,2023-12-04,158.32,160.28,157.72,159.9,696539.0
1701752400,2023-12-05,158.95,160.82,158.48,160.74,711048.0
1701838800,2023-12-06,161.31,161.83,159.665,159.85,652294.0
1701925200,2023-12-07,160.52,163.36,160.1201,163.24,1061539.0
1702011600,2023-12-08,162.88,166.812,162.795,166.61,920429.0
1702270800,2023-12-11,166.78,169.6,166.6599,168.58,930904.0
1702357200,2023-12-12,168.58,170.11,167.78,169.37,776904.0
1702443600,2023-12-13,169.96,170.085,168.135,169.82,1098771.0
1702530000,2023-12-14,171.2,171.38,167.66,171.24,1126651.0
1702616400,2023-12-15,170.4,171.92,170.205,171.07,1738400.0
1702875600,2023-12-18,171.42,172.035,170.57,171.84,813502.0
1702962000,2023-12-19,172.57,172.86,171.48,171.98,703062.0
1703048400,2023-12-20,171.94,172.45,169.15,169.17,593534.0
1703134800,2023-12-21,170.84,171.37,169.77,171.19,453654.0
1703221200,2023-12-22,172.1,174.06,171.895,173.97,799421.0
1703566800,2023-12-26,174.62,175.73,174.09,175.31,416494.0
1703653200,2023-12-27,174.86,176.05,174.86,175.72,291661.0
1703739600,2023-12-28,173.38,176.04,173.25,175.92,350809.0
1703826000,2023-12-29,175.92,176.25,174.37,174.96,398033.0
1704171600,2024-01-02,173.99,174.14,166.945,168.63,1259380.0
1704258000,2024-01-03,168.75,168.92,166.094,166.46,891203.0
1704344400,2024-01-04,169.84,170.75,167.59,167.72,1174492.0
1704430800,2024-01-05,166.76,167.85,165.74,165.85,938771.0
1704690000,2024-01-08,167.01,169.75,166.18,169.65,878766.0
1704776400,2024-01-09,168.6,170.1,167.29,167.62,721887.0
1704862800,2024-01-10,167.93,169.82,167.72,169.1,561753.0
1704949200,2024-01-11,169.69,172.14,169.675,172.07,792513.0
1705035600,2024-01-12,172.84,173.07,171.39,172.17,672734.0
1705381200,2024-01-16,171.56,172.34,170.6,171.59,974807.0
1705467600,2024-01-17,170.79,171.95,169.89,171.74,775530.0
1705554000,2024-01-18,172.33,173.33,171.2225,173.19,638202.0
1705640400,2024-01-19,174.49,175.42,173.42,174.7,691499.0
1705899600,2024-01-22,176.99,178.8,176.03,177.08,712569.0
1705986000,2024-01-23,177.92,179.17,177.33,178.82,605851.0
1706072400,2024-01-24,179.78,182.67,178.6,178.71,1026061.0
1706158800,2024-01-25,180.53,181.15,178.77,180.03,611305.0
1706245200,2024-01-26,180.03,181.32,179.37,180.65,773970.0
1706504400,2024-01-29,182.1,184.97,181.71,184.85,1094512.0
1706590800,2024-01-30,184.05,185.075,182.985,184.05,723955.0
1706677200,2024-01-31,182.93,183.83,180.04,180.65,1713046.0
1706763600,2024-02-01,177.74,182.79,176.81,179.4,2204675.0
1706850000,2024-02-02,179.25,180.27,177.445,178.73,1001731.0
1707109200,2024-02-05,178.07,178.59,176.065,177.21,869350.0
1707195600,2024-02-06,178.27,178.875,176.02,177.11,805443.0
1707282000,2024-02-07,178.28,181.365,177.515,180.21,1210933.0
1707368400,2024-02-08,180.72,181.6,179.06,181.54,584437.0
1707454800,2024-02-09,182.55,183.69,181.605,183.1,537773.0
1707714000,2024-02-12,182.95,183.31,177.865,178.54,1036543.0
1707800400,2024-02-13,175.0,177.88,172.72,177.81,1114654.0
1707886800,2024-02-14,178.55,180.845,178.39,180.75,868051.0
1707973200,2024-02-15,181.96,182.53,180.38,181.99,962990.0
1708059600,2024-02-16,181.47,181.8,177.94,178.19,1554107.0
1708405200,2024-02-20,177.53,178.2,174.85,176.89,1143813.0
1708491600,2024-02-21,174.88,176.62,173.34,176.62,795754.0
1708578000,2024-02-22,178.62,180.8,178.155,179.38,932214.0
1708664400,2024-02-23,180.56,181.74,178.87,180.94,811724.0
1708923600,2024-02-26,180.72,182.57,180.5,181.67,597986.0
1709010000,2024-02-27,181.8,182.45,180.68,182.36,532820.0
1709096400,2024-02-28,182.05,185.47,181.8,184.29,1195411.0
1709182800,2024-02-29,184.5,184.6,181.195,183.01,1959707.0
1709269200,2024-03-01,183.01,188.75,182.95,187.76,1197255.0
1709528400,2024-03-04,187.0,188.705,186.13,187.22,616887.0
1709614800,2024-03-05,185.67,185.8,177.48,179.19,812154.0
1709701200,2024-03-06,181.0,183.85,180.49,182.86,822225.0
1709787600,2024-03-07,184.48,187.27,183.27,186.29,755680.0
1709874000,2024-03-08,186.33,187.35,184.21,185.43,599181.0
1710129600,2024-03-11,185.43,186.45,183.94,186.35,585539.0
1710216000,2024-03-12,186.98,188.7,186.455,187.89,602797.0
1710302400,2024-03-13,188.12,188.7,185.36,185.75,428853.0
1710388800,2024-03-14,186.38,187.32,183.2,184.51,580671.0
1710475200,2024-03-15,182.6,183.415,180.1169,181.81,996610.0
1710734400,2024-03-18,182.58,184.14,182.3922,183.66,480516.0
1710820800,2024-03-19,183.62,187.01,182.79,186.86,523981.0
1710907200,2024-03-20,187.38,189.88,185.94,189.78,707968.0
1710993600,2024-03-21,191.0,194.24,189.66,189.69,1050919.0
1711080000,2024-03-22,190.0,192.33,188.54,190.28,588297.0
1711339200,2024-03-25,189.24,189.5899,187.08,188.66,867503.0
1711425600,2024-03-26,189.5,191.37,188.66,189.94,667989.0
1711512000,2024-03-27,191.25,191.33,188.67,189.71,594754.0
1711598400,2024-03-28,189.99,189.99,188.22,188.94,551789.0
1711944000,2024-04-01,189.09,190.48,187.6601,188.12,501870.0
1712030400,2024-04-02,186.38,186.75,183.695,186.61,532786.0
1712116800,2024-04-03,185.54,187.8599,185.0,185.35,775925.0
1712203200,2024-04-04,187.74,188.04,182.735,182.95,744338.0
1712289600,2024-04-05,183.27,186.05,182.51,185.28,499509.0
1712548800,2024-04-08,185.42,187.98,183.29,186.41,614728.0
1712635200,2024-04-09,186.32,187.585,184.69,187.14,481919.0
1712721600,2024-04-10,185.34,187.5,181.7,181.92,627614.0
1712808000,2024-04-11,182.63,184.43,181.4,182.27,671676.0
1712894400,2024-04-12,180.21,181.53,179.19,180.06,1139633.0
1713153600,2024-04-15,182.2,182.84,176.675,177.85,998199.0
1713240000,2024-04-16,178.32,179.25,177.52,178.62,701489.0
1713326400,2024-04-17,179.28,180.11,177.045,177.48,764010.0
1713412800,2024-04-18,178.31,178.31,173.82,175.7,825571.0
1713499200,2024-04-19,176.53,177.47,175.015,176.37,703431.0
1713758400,2024-04-22,178.02,178.84,175.93,178.55,557038.0
1713844800,2024-04-23,179.39,180.5,178.03,180.44,647306.0
1713931200,2024-04-24,181.38,181.925,178.84,180.5,416111.0
1714017600,2024-04-25,179.05,181.55,178.145,179.88,953897.0
1714104000,2024-04-26,180.4,182.8899,180.4,180.99,742701.0
1714363200,2024-04-29,180.85,181.815,179.55,180.68,708023.0
1714449600,2024-04-30,179.65,180.385,176.42,177.44,1185667.0
1714536000,2024-05-01,177.19,177.91,174.15,174.96,1980473.0
1714622400,2024-05-02,166.61,176.93,163.2975,170.6,2101450.0
1714708800,2024-05-03,172.04,177.055,171.71,175.77,1491232.0
1714968000,2024-05-06,176.37,178.32,175.8201,178.22,728279.0
1715054400,2024-05-07,177.68,178.63,176.81,178.38,636458.0
1715140800,2024-05-08,177.71,178.87,176.96,178.33,496000.0
1715227200,2024-05-09,179.38,180.31,178.33,180.0,537526.0
1715313600,2024-05-10,180.62,182.13,179.405,180.0,629877.0
1715572800,2024-05-13,180.82,181.38,178.05,179.12,653786.0
1715659200,2024-05-14,178.4,180.64,177.545,180.53,523697.0
1715745600,2024-05-15,182.33,184.485,181.655,183.85,458677.0
1715832000,2024-05-16,183.17,185.14,181.6,184.21,746039.0
1715918400,2024-05-17,185.0,185.0,182.75,184.22,1222430.0
1716177600,2024-05-20,183.92,185.99,183.385,184.0,667092.0
1716264000,2024-05-21,183.6,183.94,182.16,182.67,496171.0
1716350400,2024-05-22,182.87,184.0,182.51,183.76,440080.0
1716436800,2024-05-23,185.0,185.0,181.83,182.6,590021.0
1716523200,2024-05-24,181.51,183.77,180.52,183.0,550430.0
1716868800,2024-05-28,182.79,182.97,178.66,179.56,757865.0
1716955200,2024-05-29,178.07,178.88,176.59,177.31,661053.0
1717041600,2024-05-30,176.43,176.72,173.01,173.86,766328.0
1717128000,2024-05-31,174.74,176.52,171.83,176.24,1578153.0
1717387200,2024-06-03,177.0,178.77,172.09,174.11,733641.0
1717473600,2024-06-04,171.78,172.07,168.18,171.47,1287608.0
1717560000,2024-06-05,172.27,172.495,171.25,172.18,913859.0
1717646400,2024-06-06,172.51,175.16,172.51,174.6,512053.0
1717732800,2024-06-07,175.0,175.96,173.6,174.48,408117.0
1717992000,2024-06-10,173.0,176.18,173.0,175.54,577049.0
1718078400,2024-06-11,174.66,176.015,173.065,174.5,619461.0
1718164800,2024-06-12,176.04,179.69,175.02,176.96,613753.0
1718251200,2024-06-13,176.12,177.35,173.9,174.27,499587.0
1718337600,2024-06-14,174.58,174.88,171.925,173.5,425947.0
1718596800,2024-06-17,173.5,173.69,171.835,172.68,747016.0
1718683200,2024-06-18,172.61,173.725,172.155,173.03,805548.0
1718856000,2024-06-20,172.5,176.09,172.24,176.03,636908.0
1718942400,2024-06-21,176.83,177.63,175.065,177.21,1051490.0
1719201600,2024-06-24,176.95,179.13,176.815,177.6,680759.0
1719288000,2024-06-25,177.95,178.7,175.94,177.03,648321.0
1719374400,2024-06-26,176.55,178.24,174.53,177.6,466897.0
1719460800,2024-06-27,177.6,181.29,175.74,181.26,876369.0
1719547200,2024-06-28,181.88,184.48,181.26,181.67,1655776.0
1719806400,2024-07-01,180.83,181.81,178.87,181.02,653175.0
1719892800,2024-07-02,181.02,184.23,181.02,182.89,769236.0
1719979200,2024-07-03,182.69,184.51,182.07,183.97,408690.0
1720152000,2024-07-05,183.43,186.62,183.14,186.46,456461.0
1720411200,2024-07-08,186.46,187.78,185.39,187.32,670260.0
1720497600,2024-07-09,180.4,182.66,174.32,177.48,2132021.0
1720584000,2024-07-10,177.62,177.935,173.38,176.69,1519263.0
1720670400,2024-07-11,178.19,181.14,177.12,179.77,968273.0
1720756800,2024-07-12,179.77,183.99,178.6,182.73,976584.0
1721016000,2024-07-15,183.21,184.68,182.1,184.53,969878.0
1721102400,2024-07-16,184.97,186.415,183.11,184.08,1364355.0
1721188800,2024-07-17,183.01,184.0,179.62,179.77,1038914.0
1721275200,2024-07-18,179.77,179.77,175.42,176.08,917210.0
1721361600,2024-07-19,176.68,176.7,173.9,175.92,624041.0
1721620800,2024-07-22,176.72,179.18,175.2,178.41,651490.0
1721707200,2024-07-23,178.48,181.19,177.22,177.77,649969.0
1721793600,2024-07-24,176.71,177.12,172.02,172.32,636607.0
1721880000,2024-07-25,176.71,177.12,172.02,172.32,636607.0
1721966400,2024-07-26,174.95,176.78,173.48,173.8,765251.0
1722225600,2024-07-29,174.27,177.43,173.07,177.22,1022844.0
1722312000,2024-07-30,177.81,180.31,175.27,176.47,622212.0
1722398400,2024-07-31,178.55,179.855,177.62,177.85,1098547.0
1722484800,2024-08-01,173.83,181.04,172.21,175.87,1211775.0
1722571200,2024-08-02,173.09,173.42,169.38,172.05,1301984.0
1722830400,2024-08-05,168.01,170.0,164.56,168.18,1835026.0
1722916800,2024-08-06,169.38,172.56,168.49,169.1,1024023.0
1723003200,2024-08-07,171.93,172.35,166.66,167.17,826445.0
1723089600,2024-08-08,169.06,171.49,167.92,170.42,547973.0
1723176000,2024-08-09,170.42,173.5,169.8,173.15,737870.0
1723435200,2024-08-12,173.5,174.04,169.77,170.19,443440.0
1723521600,2024-08-13,170.77,172.98,169.41,172.09,417713.0
1723608000,2024-08-14,171.99,172.68,169.91,172.42,641980.0
1723694400,2024-08-15,174.56,175.185,172.86,173.36,552888.0
1723780800,2024-08-16,172.95,174.81,172.795,173.56,445658.0
1724040000,2024-08-19,173.85,176.429,173.52,176.34,567515.0
1724126400,2024-08-20,176.46,177.16,175.69,176.17,434995.0
1724212800,2024-08-21,176.54,177.63,176.06,177.55,378044.0
1724299200,2024-08-22,177.7,178.6095,174.73,174.97,413155.0
1724385600,2024-08-23,176.23,177.49,174.77,177.31,766541.0
1724644800,2024-08-26,178.0,178.29,175.37,175.95,373647.0
1724731200,2024-08-27,174.95,176.35,173.3,176.06,1092255.0
1724817600,2024-08-28,175.35,176.075,173.45,173.88,787642.0
1724904000,2024-08-29,175.28,178.735,175.28,177.11,975410.0
1724990400,2024-08-30,178.74,180.0,175.675,179.09,1490077.0
1725336000,2024-09-03,178.36,179.15,172.84,173.62,812138.0
1725422400,2024-09-04,173.12,173.12,170.06,170.21,908608.0
1725508800,2024-09-05,169.64,170.035,167.56,168.5,1096544.0
1725595200,2024-09-06,168.99,169.79,164.44,164.76,1079964.0
1725854400,2024-09-09,166.19,168.72,166.19,167.8,782280.0
1725940800,2024-09-10,169.03,169.48,165.83,166.94,850638.0
1726027200,2024-09-11,166.56,168.84,164.36,168.69,847438.0
1726113600,2024-09-12,168.78,171.66,167.56,170.94,1035654.0
1726200000,2024-09-13,170.84,172.84,170.11,172.23,807124.0
1726459200,2024-09-16,173.16,174.03,171.42,173.76,732434.0
1726545600,2024-09-17,174.91,176.49,173.95,175.7,705491.0
1726632000,2024-09-18,176.06,177.33,174.7,175.13,656759.0
1726718400,2024-09-19,179.73,180.61,177.98,179.13,690323.0
1726804800,2024-09-20,178.6,178.6,174.59,175.9,1576599.0
1727064000,2024-09-23,176.71,178.26,176.24,177.96,475838.0
1727150400,2024-09-24,177.96,178.77,176.43,177.79,406547.0
1727236800,2024-09-25,178.12,178.39,175.59,176.2,443479.0
1727323200,2024-09-26,177.95,181.14,176.52,181.01,576559.0
1727409600,2024-09-27,181.22,182.705,180.17,182.18,610849.0
1727668800,2024-09-30,181.61,182.51,179.681,180.66,599959.0
1727755200,2024-10-01,180.09,180.635,175.5,175.97,701632.0
1727841600,2024-10-02,175.71,178.11,174.74,177.91,383617.0
1727928000,2024-10-03,176.91,177.895,176.0,177.07,478935.0
1728014400,2024-10-04,178.78,179.735,178.13,179.6,364251.0
1728273600,2024-10-07,178.77,179.32,176.4,177.29,705847.0
1728360000,2024-10-08,177.88,178.375,176.475,178.0,553850.0
1728446400,2024-10-09,178.39,182.0,178.345,181.59,498548.0
1728532800,2024-10-10,180.21,181.84,179.63,180.39,549056.0
1728619200,2024-10-11,180.98,181.71,180.26,181.0,555848.0
1728878400,2024-10-14,181.99,186.11,181.99,185.5,681075.0
1728964800,2024-10-15,185.5,188.08,183.48,184.01,795213.0
1729051200,2024-10-16,184.01,186.0,183.15,184.48,609761.0
1729137600,2024-10-17,185.4,186.105,183.97,185.22,356212.0
1729224000,2024-10-18,186.22,186.96,184.18,184.4,424488.0
1729483200,2024-10-21,183.81,184.88,182.77,184.81,570756.0
1729569600,2024-10-22,183.96,184.52,181.7,182.93,425874.0
1729656000,2024-10-23,182.12,183.68,179.78,183.59,694997.0
1729742400,2024-10-24,184.73,184.8,182.49,183.63,531886.0
1729828800,2024-10-25,184.71,187.52,184.68,187.01,802472.0
1730088000,2024-10-28,188.13,188.9911,185.09,185.25,680266.0
1730174400,2024-10-29,185.99,190.87,185.2601,189.35,652484.0
1730260800,2024-10-30,189.41,190.795,186.53,186.84,684898.0
1730347200,2024-10-31,186.55,187.08,184.47,185.33,683744.0
1730433600,2024-11-01,183.45,187.49,182.361,185.03,739700.0
1730696400,2024-11-04,184.59,187.09,184.33,186.225,861368.0
1730782800,2024-11-05,186.6,190.01,186.6,189.99,900769.0
1730869200,2024-11-06,195.01,199.48,194.29,198.04,1731098.0
1730955600,2024-11-07,193.85,196.99,189.44,190.05,1677073.0
1731042000,2024-11-08,189.39,193.75,183.73,192.83,1598923.0
1731301200,2024-11-11,192.76,197.58,192.225,194.09,1132011.0
1731387600,2024-11-12,193.05,194.59,192.19,192.92,810912.0
1731474000,2024-11-13,192.44,195.1,192.11,193.46,852669.0
1731560400,2024-11-14,193.57,195.56,190.65,191.11,749721.0
1731646800,2024-11-15,190.59,191.76,188.74,190.01,687016.0
1731906000,2024-11-18,189.74,190.51,187.5,189.26,737550.0
1731992400,2024-11-19,187.15,189.84,186.89,189.27,754674.0
1732078800,2024-11-20,189.0,189.46,186.96,188.5,588169.0
1732165200,2024-11-21,190.76,193.835,189.1,192.75,677700.0
1732251600,2024-11-22,192.65,197.83,191.977,197.64,932083.0
1732510800,2024-11-25,197.81,201.66,197.81,200.59,1471458.0
1732597200,2024-11-26,200.49,200.68,198.46,199.26,755974.0
1732683600,2024-11-27,198.39,199.42,197.03,199.01,551854.0
1732856400,2024-11-29,199.45,200.45,197.525,200.06,340023.0
1733115600,2024-12-02,198.7,200.335,196.25,199.38,720749.0
1733202000,2024-12-03,198.71,200.45,198.06,200.2,456163.0
1733288400,2024-12-04,200.5,202.775,199.845,201.19,542677.0
1733374800,2024-12-05,200.96,201.29,199.505,200.86,694731.0
1733461200,2024-12-06,202.19,202.8,199.995,200.92,721362.0
1733720400,2024-12-09,200.68,201.595,199.39,199.59,455404.0
1733806800,2024-12-10,198.76,200.22,197.545,198.35,608268.0
1733893200,2024-12-11,199.68,202.75,199.54,201.89,578094.0
1733979600,2024-12-12,202.21,203.09,200.565,201.3,768158.0
1734066000,2024-12-13,201.05,202.12,197.72,198.68,593390.0
1734325200,2024-12-16,198.9,201.77,196.631,200.07,701569.0
1734411600,2024-12-17,199.89,199.89,196.55,196.9,775139.0
1734498000,2024-12-18,196.9,197.16,187.85,188.83,1093503.0
1734584400,2024-12-19,190.19,192.05,186.96,187.13,953456.0
1734670800,2024-12-20,185.51,188.8,185.23,187.58,2158895.0
1734930000,2024-12-23,186.68,186.68,184.11,185.25,705352.0
1735016400,2024-12-24,186.11,187.25,184.84,187.1,312406.0
1735189200,2024-12-26,186.67,186.76,185.32,185.91,302821.0
1735275600,2024-12-27,185.03,186.185,182.54,184.5,431077.0
1735534800,2024-12-30,183.15,184.345,181.435,183.66,495210.0
1735621200,2024-12-31,184.62,184.62,182.7436,183.87,666022.0
1735794000,2025-01-02,184.41,184.96,181.61,183.01,885833.0
1735880400,2025-01-03,183.72,185.15,182.995,184.54,677933.0
1736139600,2025-01-06,185.21,186.41,184.46,184.83,818625.0
1736226000,2025-01-07,185.87,186.13,181.31,183.09,1021245.0
1736312400,2025-01-08,183.09,184.9,182.25,184.36,492735.0
1736485200,2025-01-10,182.22,184.68,180.82,182.38,858893.0
1736744400,2025-01-13,181.06,183.0661,180.92,182.42,757531.0
1736830800,2025-01-14,183.41,185.83,183.39,185.5,815448.0
1736917200,2025-01-15,189.16,189.26,185.24,185.37,549432.0
1737003600,2025-01-16,185.9,187.665,185.08,186.97,523165.0
1737090000,2025-01-17,189.53,189.53,187.31,187.79,612373.0
1737435600,2025-01-21,189.55,190.035,184.82,187.9,882880.0
1737522000,2025-01-22,188.05,189.56,187.72,187.93,767756.0
1737608400,2025-01-23,186.77,189.07,186.49,189.07,920900.0
1737694800,2025-01-24,189.07,190.27,188.5,188.96,741903.0
1737954000,2025-01-27,187.93,191.68,187.41,188.48,850106.0
1738040400,2025-01-28,189.14,192.75,187.79,190.93,988655.0
1738126800,2025-01-29,190.06,190.42,187.265,189.08,996274.0
1738213200,2025-01-30,190.58,194.115,190.23,192.01,1634053.0
1738299600,2025-01-31,192.86,195.225,191.84,193.48,1470215.0
1738558800,2025-02-03,190.0,190.92,185.0,189.88,906979.0
1738645200,2025-02-04,191.57,193.44,190.6756,191.07,756461.0
1738731600,2025-02-05,190.99,193.48,189.007,189.76,1321373.0
1738818000,2025-02-06,182.76,185.045,169.73,171.61,4443546.0
1738904400,2025-02-07,172.75,173.92,167.65,169.02,1962975.0
1739163600,2025-02-10,170.33,171.59,165.97,168.42,1812200.0
1739250000,2025-02-11,166.82,169.99,166.82,167.98,1423665.0
1739336400,2025-02-12,166.4,167.49,164.68,166.57,1110439.0
