start,start_unix,end,end_unix,direction,bottom,top,start_open,start_high,start_low,start_close,start_volume,end_open,end_high,end_low,end_close,end_volume,bb_bbh,bb_bbl,kch_high,kch_low,squeeze,rsi,roc,tsi,mfi,vwap,atr,adx,obv,pocket_pivot,cmf,aroon_up,aroon,aroon_down,sma,ema20,ema50,macd_diff,rel_open,rel_high,rel_low,rel_close
2016-03-15,1458014400,2016-03-21,1458532800,-0.25,14.37402005845629,16.306901475508614,15.28,15.56,15.14,15.54,6003330.0,15.48,15.58,15.21,15.4,3791866.0,4.99386867441271,-14.565297245841279,-1.9675324675324504,-8.097402597402592,0,4.970404083837238,11.11111111111112,12.063546466980627,8.270585484659222,-2.241828435811783,3.3376191259370205,1.7572753359137998,-0.3024568252430989,0,0.24690640856584803,34.0,56.0,-21.999999999999996,-4.785714285714278,-3.492709990114534,-2.371984350462924,0.11416965822504285,0.0051948051948051965,0.011688311688311748,-0.012337662337662314,-0.0038809831824062613
2016-03-16,1458100800,2016-04-12,1460433600,0.25,14.37402005845629,16.295125561841264,15.41,15.79,15.11,15.13,8508785.0,14.81,15.08,14.8,15.06,4298582.0,3.546862636153932,-4.21087326032395,2.2222222222222427,-3.1031429836210833,1,2.0227062485484595,-2.650290885585004,0.5384384821620904,-1.2556082434033726,-1.627753838673911,3.001464009649678,-11.57016477186305,0.575432465425756,0,0.09936041738930838,-26.0,16.0,-42.0,-0.33200531208498774,-1.3880093063206118,-0.647245702264911,-0.038623465793714215,-0.016600265604249653,0.0013280212483399723,-0.01726427622841964,0.022403258655804503
2016-03-18,1458273600,2016-04-19,1461038400,-0.25,14.444611122698099,16.295125561841264,15.35,15.57,15.23,15.46,12747540.0,15.91,16.36,15.91,16.17,9058707.0,-0.11569611598451957,-12.419863562432326,-3.8827045969903224,-8.960008245722534,0,10.913612847708116,5.000000000000009,15.594169935577998,14.181564402993459,-6.061823744252877,2.8895634291058423,-5.2006723069659095,1.3058269717677247,0,0.10875986397688599,50.0,40.0,10.0,-6.267779839208416,-5.488363102550849,-6.372462617369891,0.12487216949057872,-0.01607915893630185,0.011750154607297336,-0.01607915893630185,0.016341923318667684
2016-03-22,1458619200,2016-04-28,1461816000,0.75,14.444611122698099,17.035625110024856,15.3,15.45,15.09,15.35,4047762.0,16.38,16.56,16.2,16.27,3494563.0,5.317549333280397,-12.859036733403329,-1.3327187051833675,-6.372669534931362,0,9.053782131452031,10.906612133605996,26.190231304289423,21.59651852428739,-1.0914937112516725,2.5500503965207284,3.649296957751318,-0.5564459414735089,0,0.07925584506546623,34.0,52.0,-18.0,-3.770743700061459,-2.5178051209451837,-5.007989818267106,0.05975285123424828,0.006760909649661917,0.01782421634910869,-0.004302397049784856,-0.016324062877871803
2016-04-13,1460520000,2016-04-29,1461902400,0.25,15.350000000000001,17.035625110024856,15.23,15.92,15.16,15.82,6325735.0,16.16,16.28,15.9,16.0,5621372.0,7.236626510670163,-10.87412651067018,0.6833333333333229,-4.347916666666649,0,5.479985806964187,7.023411371237463,24.00816620604276,15.474016058658833,0.8654790295260568,2.5775051757504435,3.020879558753169,-0.9042790694199745,0,0.07807602904429073,30.0,52.0,-21.999999999999996,-1.8187500000000085,-0.7896699316600717,-3.271470248550358,0.014342996225246374,0.010000000000000009,0.01750000000000007,-0.006249999999999978,-0.01659496004917027
2016-04-20,1461124800,2016-05-02,1462161600,-0.25,15.473769882852864,17.035625110024856,16.19,16.4,16.1,16.35,7818956.0,16.07,16.25,15.88,16.23,3423791.0,5.984107727013793,-11.683429969774082,-0.4015198192647347,-5.355309098377475,0,7.7715282802141274,7.768924302788843,23.098860070382003,15.220146386831004,-0.17169272210310282,2.5223179146029935,2.371956624307238,0.5531143586635562,0,0.07079237591524616,26.0,52.0,-26.0,-2.8496611213801515,-1.9865025356472898,-4.460189524196863,-0.003539233188549651,-0.009858287122612497,0.0012322858903264233,-0.02156500308071474,0.014375000000000027
2016-04-29,1461902400,2016-05-06,1462507200,0.25,15.462426414723453,16.95296132904111,16.16,16.28,15.9,16.0,5621372.0,15.42,15.64,15.32,15.55,4113211.0,8.852733749382978,-3.611576193112896,4.952840300107184,0.11039657020364757,0,-0.3144513670390836,6.4339493497604465,9.68262779023161,13.38985169085479,3.8840244626685063,2.6681539668529424,-2.6817285840521734,-0.6772534072389159,0,0.0675058373717455,10.0,52.0,-42.0,2.6205787781350693,1.6429589835472882,-0.18951505442406358,-0.1271090490750299,-0.00836012861736335,0.005787781350482302,-0.014790996784565968,-0.0006426735218508783
2016-05-02,1462161600,2016-05-09,1462766400,-0.75,14.732954140495753,16.95296132904111,16.07,16.25,15.88,16.23,3423791.0,15.5,15.64,15.36,15.38,2905072.0,9.407199881726157,-1.474820167811984,6.3133940182054715,1.4304291287386093,0,-2.2626344021881906,4.412763068567552,6.623535809335071,5.959761626022441,4.8470838843453805,2.634995933491187,-3.8211194719217225,-0.4921196020683662,0,0.016614372713016263,6.000000000000007,52.00000000000001,-46.0,3.9661898569570866,2.5029792299493465,0.8778895487921545,-0.1413999611981429,0.007802340702210531,0.016905071521456483,-0.0013003901170351995,-0.010932475884244397
2016-05-03,1462248000,2016-05-11,1462939200,-0.25,14.732954140495753,16.21609137346899,15.96,16.01,15.69,15.84,4018704.0,15.71,15.93,15.62,15.62,3990949.0,7.309393232968773,-2.2645788923798023,4.8463508322663245,0.19206145966710153,0,0.513519163619975,-1.264222503160563,4.580178933976029,4.1919429307048475,2.0870607332368394,2.5869287576919198,-6.0800842544645555,-0.6723484786904572,0,0.07591432296018846,-2.0,44.0,-46.0,2.5224071702944997,0.8258775192192473,-0.591465585080357,-0.1131865647335876,0.005761843790012877,0.01984635083226638,0.0,-0.007623888182973326
2016-05-09,1462766400,2016-05-17,1463457600,0.25,14.708609874461697,16.202793526506316,15.5,15.64,15.36,15.38,2905072.0,15.19,15.55,15.1,15.36,4368280.0,9.630572346109119,-2.9639056794423766,5.930989583333329,0.9049479166666714,0,-1.908639364579571,-5.0092764378478805,-3.770953561582327,1.0989084411484669,1.6236108989815108,2.850264606884137,-6.880038984876496,0.7657141009690525,0,-0.055956546166180766,-18.0,-60.0,42.0,3.3333333333333712,1.4769544275203828,0.8282165364257281,-0.11311034714309237,-0.01106770833333337,0.01236979166666674,-0.01692708333333337,0.005235602094240788
2016-05-10,1462852800,2016-05-23,1463976000,-0.25,14.708609874461697,16.320178919055397,15.44,15.85,15.36,15.74,10312524.0,16.16,16.26,15.99,16.16,3135345.0,3.2655686183799872,-7.448736935211684,0.5528052805280623,-4.756600660066013,0,6.037340184571441,-1.2828344532681786,6.07370446170087,18.473472206663203,-3.1787878336476467,2.86878072512405,-6.541589246713478,-0.5615886144327696,0,0.06520970022444691,-34.0,-60.0,26.0,-2.0915841584158557,-2.3381885209946347,-3.5284386277603375,0.04153002803494567,0.0,0.006188118811881305,-0.010519801980197974,-0.0006184291898578831
2016-05-12,1463025600,2016-06-02,1464840000,0.75,14.708609874461697,17.150330503713477,15.74,15.81,15.2,15.31,5924126.0,16.57,16.81,16.39,16.77,3748355.0,1.7297201641857498,-11.151306329957976,-2.182468694096599,-7.394156231365528,0,10.811554630901703,8.333333333333327,17.8098140290241,24.397983117018754,-3.8042590294020187,2.5825314354215965,-2.1813497194646274,0.7028803822815102,0,0.15316778241886284,50.0,52.0,-2.0,-4.710793082886113,-3.461703762427959,-5.595350302528743,0.07590948453605317,-0.011926058437686349,0.0023852116875371365,-0.022659511031604018,0.009632751354605729
2016-05-18,1463544000,2016-06-03,1464926400,0.25,15.462426414723453,17.150330503713477,15.3,16.28,15.3,16.28,10095505.0,16.07,16.35,15.85,16.28,8060337.0,4.94855180026849,-8.191795043511803,1.0278460278460244,-4.469696969696983,0,4.039336530398799,4.627249357326482,16.15092590195093,22.722766061321124,-0.37807144887337074,2.873892937154537,-3.7337908385602816,-1.484115684182899,0,0.2906130925291572,46.0,52.0,-6.0,-1.6216216216216424,-0.5031083123389095,-2.645935352046237,0.0390477790423559,-0.012899262899262909,0.004299754299754266,-0.026412776412776506,-0.029218843172331477
2016-05-24,1464062400,2016-06-08,1465358400,-0.25,15.478013332751631,17.151046963480322,16.27,16.59,16.21,16.36,3403395.0,16.53,16.67,16.44,16.51,3500364.0,4.15126788881615,-8.39112252237156,0.44821320411870147,-4.839491217443992,0,6.393574540265085,4.891994917407887,15.375631360437206,20.837237914579987,-0.455305067313148,2.6186750610125027,-5.573490415485995,-0.6481357268385333,0,0.12252738097765124,34.0,52.0,-18.0,-2.119927316777691,-1.3892582383594743,-3.5450748551098172,0.0063419549205522285,0.0012113870381587066,0.009691096305269431,-0.004239854633555473,-0.000605326876513157
2016-06-03,1464926400,2016-06-13,1465790400,0.25,15.478013332751631,17.151046963480322,16.07,16.35,15.85,16.28,8060337.0,15.7,15.99,15.52,15.54,5327785.0,9.873912266573598,-0.9549933476546357,6.9669669669669645,1.6838266838266946,0,-5.491174982052243,3.187250996015927,4.281473047681981,5.856532747596944,5.273814465254972,2.809401220548219,-6.6716408877275555,-0.9922676582850165,0,0.04602030181839187,22.0,52.0,-30.0,4.459459459459467,3.9604959224006393,2.3915392877336785,-0.1103981705977006,0.01029601029601035,0.02895752895752901,-0.0012870012870012104,-0.017077798861480198
2016-06-06,1465185600,2016-06-22,1466568000,-0.75,14.696834181015056,17.151046963480322,16.35,16.66,16.29,16.52,5643652.0,15.14,15.36,15.02,15.04,4322913.0,15.333586819697558,-4.056991075016697,8.207003546099315,3.180407801418454,0,-8.096484910848964,-8.068459657701714,-18.485957581553368,-0.7114525726465004,3.0199785585158594,2.8651723148699424,-0.6549273328731395,-0.7759328631929168,0,-0.16537874082095325,-6.0,-40.0,34.0,5.638297872340431,3.500444244328179,4.281998029634821,-0.1329006146532784,0.0066489361702128935,0.02127659574468077,-0.0013297872340425343,-0.00856954515491104
2016-06-09,1465444800,2016-06-23,1466654400,-0.25,14.696834181015056,16.326803256758872,16.37,16.37,16.05,16.1,4611691.0,15.31,15.57,15.26,15.57,5472652.0,10.79948277199101,-7.421191185606972,4.121173196317713,-0.6636694497966289,0,-1.3003884823715381,-6.598680263947218,-16.003716019545262,7.563487487322078,-0.909111859684046,2.8130951968225126,-1.4672427549349898,0.9853205237048913,0,-0.1744212543390863,-10.0,-40.0,30.0,1.6891457931920115,-0.02053109686144694,0.7035415869125927,-0.07609352991236137,-0.01669877970456002,0.0,-0.019910083493898556,0.035239361702127825
2016-06-14,1465876800,2016-06-24,1466740800,0.25,14.609606998454593,16.326803256758872,15.49,15.61,14.74,15.0,9188856.0,14.41,14.65,14.04,14.04,28637889.0,23.24105608484757,0.5979752541837939,14.770892687559353,9.250949667616325,0,-14.071760787344047,-14.546561168594039,-20.252210636694524,-9.479703027153548,7.228842981057653,3.675206546544795,-0.37807354879901567,-4.7682099999351655,-1,-0.41763411557054353,-14.0,-64.0,50.0,11.919515669515675,9.83898482436399,11.219698596311972,-0.13260408318221273,0.026353276353276334,0.04344729344729359,0.0,-0.09826589595375734
2016-06-23,1466654400,2016-06-27,1467000000,-0.75,13.601865814186278,16.326803256758872,15.31,15.57,15.26,15.57,5472652.0,13.77,13.77,12.91,12.98,13989969.0,34.54972731782405,4.780010740727562,23.10349255264508,16.66281458654339,0,-19.83989934784303,-21.807228915662655,-26.757400821048037,-16.105060241544948,13.900780784114147,4.313221983685648,1.63151835772657,-2.2627391518003703,0,-0.4758531561090181,-18.0,-68.0,50.0,19.66486902927582,17.017563987626886,19.506184244718554,-0.22688102652516368,0.06086286594761159,0.06086286594761159,-0.005392912172573205,-0.07549857549857542
2016-06-24,1466740800,2016-06-28,1467086400,-0.75,12.590249000222842,15.538405196897394,14.41,14.65,14.04,14.04,28637889.0,13.31,13.57,13.1,13.35,23638632.0,30.79494087966671,-0.5102966849101307,18.528089887640448,12.161048689138582,0,-15.9495902755436,-19.43270971635486,-29.259826132937356,-7.533005329381602,8.54139796889497,4.209807798432939,3.4975679852146087,3.591844378487774,0,-0.38490107801368,-21.999999999999996,-68.0,46.0,15.142322097378297,12.462534798032962,15.558967912647276,-0.24811069134204944,-0.0029962546816478808,0.016479400749063622,-0.01872659176029967,0.028505392912172578
2016-06-27,1467000000,2016-07-01,1467345600,-0.25,12.590249000222842,14.609606998454593,13.77,13.77,12.91,12.98,13989969.0,13.99,14.01,13.64,13.83,5911878.0,23.079583735467793,-6.593683518548076,11.49433598457459,5.500120510966511,0,-10.565918778706646,-15.049140049140055,-26.862582239936923,3.256083596545963,2.924873242964381,3.9035395503723938,5.39340130214503,-0.8957142796235453,0,-0.21764418117479653,-34.0,-68.0,34.0,8.242950108459851,6.431850439442272,10.281312645118533,-0.13701522056440335,0.011569052783803269,0.013015184381778733,-0.013738250180766465,-0.016358463726884764
2016-06-28,1467086400,2016-07-06,1467777600,0.25,12.590249000222842,14.608081427152324,13.31,13.57,13.1,13.35,23638632.0,13.12,13.38,13.08,13.36,8058201.0,24.479895821772217,-5.153548516382983,13.058882235528941,6.7864271457086005,0,-13.060394999791235,-19.128329297820827,-28.140600415438975,-0.20748180344480716,5.177878649926896,3.9673048869985363,7.156906773230773,1.201481125367838,0,-0.13188827191259778,-42.0,-68.0,26.0,9.663173652694624,8.291384825497431,13.055161875518209,-0.12649875042576653,-0.017964071856287456,0.0014970059880241582,-0.020958083832335328,0.004511278195488577
2016-06-29,1467172800,2016-07-13,1468382400,-0.25,12.615957759635839,14.608081427152324,13.55,13.79,13.27,13.74,8508024.0,14.34,14.5,14.22,14.47,4111426.0,8.202587673792578,-11.44377633999855,1.037779313522222,-4.186823312600794,0,-2.779043030070845,-3.533333333333329,-17.33272824761155,4.13089794371303,-4.421414975623421,3.2404884947442674,2.604540016739911,0.5924515538104461,0,-0.03420357874587822,-46.0,-52.00000000000001,6.000000000000007,-1.6205943331029857,-0.8266976551808369,3.1821947050404873,0.10868501216146831,-0.008984105044920532,0.0020732550103661485,-0.01727712508638557,0.006258692628650975
2016-07-05,1467691200,2016-07-22,1469160000,0.75,12.615957759635839,15.384649847283741,13.59,13.61,13.18,13.3,6231579.0,15.31,15.48,15.21,15.34,6649263.0,1.283422149211816,-16.146525147908037,-4.81529769665363,-9.93263798348545,0,5.245495844732851,-1.4771997430956996,1.1897008113659222,16.5833400587494,-5.752157643712891,2.925678871284385,-4.458681452205784,0.9109934760759942,0,0.09174782477185597,-30.0,-8.000000000000004,-21.999999999999996,-7.431551499348103,-4.321495720839081,-2.6023432126837918,0.20955112248039964,-0.001955671447196883,0.009126466753585527,-0.008474576271186418,0.005242463958060384
2016-07-07,1467864000,2016-08-04,1470283200,0.75,13.601865814186278,16.164356979369998,13.36,13.68,13.36,13.67,8409623.0,15.88,16.08,15.88,16.0,6007036.0,2.6342686511036106,-12.884268651103639,-3.1083333333333343,-7.158333333333346,0,10.296376468678815,17.044623262618874,20.71695852651246,11.008554710202624,-3.3693147006810307,2.393831756817513,0.2246587082585485,0.8058616017366969,0,0.05507259112791981,50.0,88.0,-38.0,-5.125000000000014,-4.148703441056583,-5.040220008801896,0.10381416936348867,-0.007499999999999951,0.004999999999999893,-0.007499999999999951,0.006922592825676421
2016-07-14,1468468800,2016-08-25,1472097600,0.75,14.528919187752727,16.880393129193195,14.85,15.03,14.65,14.77,4826591.0,16.61,16.77,16.54,16.73,2394751.0,2.3120706826684767,-6.382602661150287,-0.536959553695965,-3.5554891412631946,0,13.683247450162526,5.886075949367086,33.87370862366635,2.6800991860186087,-0.7873594792488063,1.7211760404841638,6.80534031616893,0.33683397563444395,0,-0.08599523335558658,50.0,96.0,-46.0,-2.035265989240898,-2.4062754802534414,-5.391279847294143,-0.03130904588713934,-0.0071727435744173285,0.002390914524805776,-0.011356843992827326,0.006618531889289958
2016-07-25,1469419200,2016-08-29,1472443200,0.75,15.384649847283741,17.407971299679495,15.3,15.53,15.3,15.5,6228439.0,17.12,17.47,17.11,17.31,6836892.0,-0.3018689451954657,-8.623607657924083,-3.0589254766031075,-6.039861351819766,0,19.920297674964516,10.18459579885422,38.38114858474119,14.110122681684743,-3.4555031684731006,1.7373470276658853,8.764685937987885,0.9743594007345057,0,0.04011305125350498,50.0,76.0,-26.0,-4.4627383015597815,-4.766066951882493,-7.9552317353033,0.011870253365775185,-0.01097631426920842,0.009243212016175617,-0.011554015020219466,0.014059753954305698
2016-08-05,1470369600,2016-08-31,1472616000,0.75,16.164356979369998,17.976199416068194,16.24,16.59,16.17,16.55,7565493.0,17.51,17.55,17.28,17.53,7648278.0,-0.553905840068623,-8.750144359589115,-3.2962540406921477,-6.279710971667612,0,21.918283401155833,10.320956576463187,43.821644248178394,23.003533663383593,-3.7823998624370887,1.78219775465485,11.429280438814345,1.091335325090598,1,0.20055005577033613,50.0,84.0,-34.0,-4.652025099828862,-4.8945860787128765,-8.416304235805114,0.04598472782568791,-0.0011409013120364797,0.0011409013120364797,-0.01426126640045633,0.0017142857142857792
2016-08-26,1472184000,2016-09-01,1472702400,0.25,16.82535624014026,17.976199416068194,16.77,17.09,16.73,17.07,6330282.0,17.59,17.66,17.19,17.35,4899793.0,0.7050240008858992,-7.252574433162536,-1.8078770413064404,-4.977905859750237,0,17.860995083533027,8.437500000000009,43.90309261099865,20.943875172880553,-2.4261728408418293,1.865562150301744,12.817845631231272,-0.6980039619523905,0,0.13169206968510402,46.0,84.0,-38.0,-3.2737752161383185,-3.5357205578067834,-7.173365937084824,0.035207559019984125,0.013832853025936398,0.01786743515850131,-0.009221902017291117,-0.01026811180832854
2016-08-30,1472529600,2016-09-02,1472788800,-0.25,16.82535624014026,17.99139956925164,17.35,17.55,17.04,17.5,4666595.0,17.4,17.6,17.27,17.46,5212284.0,0.6227882469015782,-7.867919976569411,-2.163993890798025,-5.262504772814054,0,18.98649128952721,5.498489425981874,44.42878267158384,21.09334846809878,-2.6890881418628823,1.8563964285737133,14.107227595618426,0.7430713434762292,0,0.1267108024346624,42.0,84.0,-42.0,-3.622565864833902,-3.7488416567965146,-7.45394184063592,0.029801447141574233,-0.003436426116838587,0.008018327605956443,-0.010882016036655284,0.006340057636887497
2016-09-01,1472702400,2016-09-07,1473220800,0.25,16.81478790650536,17.99139956925164,17.59,17.66,17.19,17.35,4899793.0,17.15,17.44,17.09,17.38,3792640.0,1.6631162863150593,-7.23849027941057,-1.238013041810504,-4.529152282316858,0,15.389645306663326,4.5728038507821775,40.816376584710234,27.26613362220087,-1.6887575335287437,1.9045299539846412,14.305697652636752,0.5979480171681512,0,0.16476739367246923,34.0,80.0,-46.0,-2.7876869965477624,-2.8003065912662777,-6.5287389402443665,-0.004588565724974569,-0.013233601841196818,0.0034522439585731313,-0.01668584579976984,0.01105293775450833
2016-09-02,1472788800,2016-09-13,1473739200,-0.25,16.81478790650536,18.001083511140866,17.4,17.6,17.27,17.46,5212284.0,17.49,17.54,17.14,17.42,6971738.0,3.0042401904253353,-6.609291855178483,-0.156907768848086,-3.756218905472636,0,11.926892114549155,4.561824729891966,37.68921561251858,13.525616131960682,-0.5519371582078207,2.0656411918186146,13.561191640466966,-1.1892134018060792,0,0.3099234862392823,46.0,88.0,-42.0,-1.802525832376574,-1.724534442632617,-5.608040606301884,-0.01787673682148988,0.0040183696900113475,0.006888633754305262,-0.016073478760045945,-0.018038331454340306
2016-09-06,1473134400,2016-09-29,1475121600,0.25,16.76410473700904,18.001083511140866,17.46,17.5,17.1,17.19,5247477.0,17.31,17.4,16.87,17.02,5318814.0,3.888446692405978,-0.8155912282461486,3.5614962788875744,-0.5865648256952625,1,2.3589307501585495,-2.9092983456931063,9.716277294223765,-17.29077077395067,1.1151551858751532,2.1231601653044496,-3.722886691763591,-0.9526817947007589,0,0.07838540660172297,-2.0,44.0,-46.0,1.5364277320799147,0.7096869733585152,-1.7943514379599463,-0.07437861383000519,0.017038777908343183,0.02232667450058745,-0.008813160987073965,-0.014475969889982676
2016-09-08,1473307200,2016-10-04,1475553600,-0.25,16.76410473700904,18.081390408761976,17.42,17.65,17.34,17.63,4596441.0,17.46,17.93,17.43,17.68,6252970.0,0.37890103165014466,-4.564421393641112,-0.2092760180995441,-4.202488687782804,1,10.593604904833867,2.8504944735311137,13.065946108463253,4.999986817268898,-2.6273708230877446,2.1134387959500964,-2.102933395179324,1.158256198898183,0,0.09022530793868898,-14.0,-40.0,26.0,-2.0927601809954837,-2.478592260997644,-4.941352485554546,-0.005271551089749277,-0.012443438914027105,0.01414027149321262,-0.01414027149321262,0.015508328546812056
2016-09-14,1473825600,2016-10-06,1475726400,0.75,16.76410473700904,18.76892968815491,17.41,17.56,17.23,17.26,4902057.0,18.11,18.25,17.92,18.18,4156065.0,-0.8459266629438247,-8.03196112583504,-2.5724239090575765,-6.521818848551504,0,15.734782278123888,3.119682359614298,20.08290886306015,23.915880070625505,-4.5985860870024595,2.080607206617277,1.68333103466777,0.7863124784692148,0,0.19386896957066255,50.0,32.0,18.0,-4.438943894389439,-4.267175253508299,-6.993392821729202,0.06469103704557091,-0.0038503850385038785,0.0038503850385038785,-0.014301430143014215,0.004975124378109541
2016-09-30,1475208000,2016-10-12,1476244800,0.25,17.396450928060926,18.76892968815491,17.18,17.56,17.07,17.48,7256377.0,17.68,18.03,17.65,17.87,4314400.0,2.073146617207968,-6.701014552294723,-0.2751352359634467,-4.399365789964563,0,8.951497959902348,3.5341830822711437,20.088392365377512,19.666378585773458,-1.8293965107345684,2.201714129885673,2.2046049794544693,0.8224692906449047,0,0.16200187380264716,34.0,32.0,2.0,-2.3139339675433774,-1.6934760980350916,-4.5550762715839,0.024335631987320444,-0.010632344711807518,0.008953553441522155,-0.012311135982092991,0.011891279728199367
2016-10-05,1475640000,2016-10-13,1476331200,-0.75,16.64497637297183,18.76892968815491,17.79,18.17,17.72,18.09,5521661.0,17.62,17.66,17.14,17.35,5106442.0,5.135649109743696,-3.8906923374094333,2.8126801152737784,-1.5850144092219125,0,1.4254430853449946,0.1732101616628241,15.91628614117786,12.913805341573031,1.1734535391497332,2.406258581777442,1.076192881254574,-0.9731927658433495,0,0.12749533967166163,30.0,32.0,-2.0,0.6224783861671312,1.1335640467521557,-1.6280289717884386,-0.018956569110048033,0.015561959654178725,0.01786743515850131,-0.012103746397694626,-0.029099048684946838
2016-10-07,1475812800,2016-10-14,1476417600,-0.25,16.64497637297183,18.146963014929373,18.18,18.25,17.84,18.04,5171267.0,17.63,17.76,17.41,17.54,3874265.0,4.0096110490040076,-4.665255290737207,1.865260357278629,-2.5304066894716613,0,3.6989188036142053,2.8739002932551228,13.72037905052475,18.859396899670273,0.2920251284867419,2.3771445802243942,-0.3276968447047395,0.7444143612817506,0,0.14666228354523056,26.0,32.0,-6.0,-0.3278221208665997,0.03442305481851804,-2.587999229062916,-0.03502389864976782,0.0051311288483466555,0.012542759407069726,-0.007411630558722848,0.010951008645533111
2016-10-13,1476331200,2016-10-17,1476676800,0.25,16.64497637297183,18.146963014929373,17.62,17.66,17.14,17.35,5106442.0,17.58,17.69,17.29,17.39,3623172.0,4.887712005715159,-3.6686205738577797,2.852213916043695,-1.638872915468653,0,1.6884870036154496,1.5771028037383152,11.08089747502912,13.867674144571993,1.2770926381552954,2.390686384550918,-1.2659156528851376,-0.7068775703988446,0,0.0715231977644176,22.0,32.0,-10.0,0.6095457159286894,0.8118289855933085,-1.679218186483567,-0.054803109314462334,0.010925819436457651,0.017251293847038607,-0.005750431282346202,-0.008551881413910944
2016-10-14,1476417600,2016-10-20,1476936000,-0.25,16.6481182759688,18.146963014929373,17.63,17.76,17.41,17.54,3874265.0,17.82,18.21,17.79,18.08,6801276.0,1.411863654537342,-6.7050052474576916,-0.5134587020648809,-4.905051622418867,0,9.429955412577186,5.42274052478134,12.235576256485768,17.85186106737069,-1.5861553942690136,2.2457114313664865,-3.9146117891524277,1.3289348112119639,0,0.025260133127724287,10.0,31.999999999999996,-21.999999999999996,-2.646570796460182,-2.549596928372395,-4.9548578150392615,-0.006737398644577786,-0.014380530973451267,0.007190265486725744,-0.01603982300884954,0.010055865921787754
2016-10-17,1476676800,2016-10-25,1477368000,0.75,16.6481182759688,18.858686695497248,17.58,17.69,17.29,17.39,3623172.0,18.68,18.78,18.53,18.72,4387479.0,-0.05307485375868737,-9.594361043677196,-2.795584045584036,-6.98896011396009,0,15.341722230014796,8.83720930232558,20.665906417635227,17.709201463982737,-4.006844014322439,2.1012358453018716,-2.1621065839030678,0.8510459059947358,0,0.04037219681844213,50.0,84.0,-34.0,-4.823717948717942,-4.538419954724958,-7.360197031398926,0.08317246764598288,-0.002136752136752129,0.003205128205128416,-0.010149572649572502,0.0042918454935620964
2016-10-18,1476763200,2016-10-27,1477540800,0.75,17.396450928060926,19.563716809470673,17.64,17.65,17.38,17.58,3482131.0,19.15,19.25,18.94,19.01,5896068.0,0.0721780877320981,-10.661341685838394,-3.3745397159389796,-7.367175170962653,0,17.74044479076855,11.692126909518226,26.71399171593397,26.473402204007414,-4.672053172410628,2.029715246289445,0.5682446709570215,1.1369062225272122,0,0.03395068726281122,46.0,88.0,-42.0,-5.294581799053148,-4.90722498129459,-8.098809467631185,0.11726440461176946,0.007364544976327991,0.012624934245134112,-0.0036822724881641067,0.0
2016-10-21,1477022400,2016-10-31,1477886400,0.25,18.126045533575045,19.563716809470673,18.13,18.46,18.04,18.37,4478932.0,18.75,18.86,18.66,18.72,6260893.0,2.2754391942316516,-8.610909279701701,-1.1538461538461604,-5.202991452991441,0,12.46458848388204,7.524411257897752,26.402728868606378,26.451683611478472,-2.356860400459695,2.03477833229811,0.34590168000941546,1.174408454738905,0,0.04372142222209407,38.0,76.0,-38.0,-3.1677350427350177,-2.8479576366942325,-6.1779542697085645,0.07074030349780797,0.0016025641025640969,0.007478632478632452,-0.0032051282051280827,0.0042918454935620964
2016-10-26,1477454400,2016-11-01,1477972800,-0.25,18.15076787273445,19.563716809470673,18.66,19.01,18.64,19.01,5138398.0,18.85,19.08,18.72,19.08,8222369.0,1.0178298266786783,-10.273595025840109,-2.7201257861635213,-6.619496855345915,0,15.695145444497172,7.918552036199087,27.81531492097094,27.808717451111036,-3.6748569854809716,1.988558157188035,0.7147624653433908,1.5148683589282457,0,0.14267781229837165,50.0,92.0,-42.0,-4.627882599580715,-4.2352040836063765,-7.636488153613541,0.07495308986013993,-0.012054507337526,0.0,-0.018867924528301883,0.019230769230769162
2016-10-28,1477627200,2016-11-04,1478232000,0.25,18.135804168671495,19.541637109001908,19.01,19.03,18.54,18.64,8099186.0,18.66,19.02,18.46,18.77,3853730.0,3.37551687787024,-8.585959072862252,-0.5522997691351321,-4.61196945480377,0,10.066506782927021,4.046563192904659,23.382969758122996,28.791150305916346,-0.9579082303464048,2.160433965426333,-1.0714388099909762,0.695348462281785,0,0.11670147876332952,38.0,52.0,-14.0,-2.6052210974960133,-2.102612542457237,-5.482421388614426,0.004381081087870442,-0.00586041555673944,0.01331912626531695,-0.016515716568992977,0.005356186395286455
2016-11-01,1477972800,2016-11-08,1478581200,-0.25,18.135804168671495,19.62390204223055,18.85,19.08,18.72,19.08,8222369.0,19.06,19.3,18.81,19.16,5326338.0,2.585307055389734,-10.262760082529581,-1.9737299930410757,-5.867258176757133,0,11.866265659473001,8.493771234428086,25.201056437825862,23.350114990686023,-2.1376151533412298,2.2951667469291457,-0.9282491558595254,-0.9692611226847302,0,0.15673492693085286,46.0,68.0,-21.999999999999996,-3.838726513569924,-3.2264685391090353,-6.7817585769518445,0.03402887248696185,-0.0052192066805846205,0.007306889352818313,-0.018267223382046005,-0.01440329218107006
2016-11-02,1478059200,2016-11-09,1478667600,0.75,18.135804168671495,20.493919356505693,18.93,18.95,18.39,18.55,8679140.0,19.4,20.21,19.33,20.04,13248559.0,-0.5905415926687283,-14.449378567011934,-5.652029274783757,-9.624085163007308,0,18.05887042367283,12.143256855064342,28.08901278127289,25.555164102347675,-5.341187446818438,2.4118909799155674,0.08806552870413498,2.3378866813999073,1,0.20731801379031398,50.0,76.0,-26.0,-7.519960079840331,-6.764004388787313,-10.448696941788455,0.0833003278978125,-0.031936127744511045,0.008483033932135786,-0.03542914171656686,0.045929018789143905
2016-11-07,1478494800,2016-11-11,1478840400,0.75,18.858686695497248,21.46636400547547,19.15,19.45,19.15,19.44,5495811.0,20.91,21.32,20.65,21.22,16515898.0,-1.973323400502153,-19.878702989695782,-9.067703424442357,-13.172321709079483,0,24.053825367172664,20.980615735461804,37.29120386513665,30.448949822960927,-7.852152073206142,2.58960931522506,4.024907186818286,2.7555322565155302,1,0.2963496660083522,50.0,84.0,-34.0,-10.92601319509896,-9.854198207571542,-14.274070619524835,0.22309059648917356,-0.014608859566446641,0.004712535344015167,-0.02686145146088592,0.008555133079847899
2016-11-09,1478667600,2016-11-16,1479272400,0.75,19.62390204223055,22.490267809944307,19.4,20.21,19.33,20.04,13248559.0,21.57,21.88,21.51,21.84,7853095.0,1.110568072283428,-22.10873657045191,-8.598901098901095,-12.944139194139197,0,25.214107107160913,22.011173184357553,47.284728942217214,27.252053908439194,-7.350181177084721,2.633559246530548,10.53053162651345,-1.2287710579207474,0,0.40530888439924095,46.0,92.0,-46.0,-10.499084249084248,-9.095236135543303,-14.774037265581484,0.29147649792666175,-0.012362637362637319,0.001831501831501825,-0.015109890109890056,-0.006821282401091366
2016-11-10,1478754000,2016-11-29,1480395600,0.75,20.493919356505693,23.553193705869248,20.37,21.32,20.37,21.04,12373576.0,22.72,23.16,22.64,23.02,6090251.0,6.487597003707094,-22.252149566695778,-5.921662322618019,-10.435128873443375,0,24.892591838630835,22.970085470085476,55.917033859416634,39.22011487897092,-5.363030186941742,2.273821727429656,24.133917322097155,0.9505242519841633,0,0.46016814673912954,42.0,64.0,-21.999999999999996,-7.882276281494356,-6.656196194228997,-14.15550770326199,0.07048211198917476,-0.013032145960034769,0.006081668114682914,-0.01650738488271064,0.019034971226206343
2016-11-14,1479099600,2016-12-05,1480914000,0.75,21.46636400547547,24.547647278920017,21.42,22.04,21.38,21.95,15066986.0,24.56,24.7,24.09,24.27,6838408.0,3.968634179123967,-20.268592975992505,-6.1516275236918005,-10.688092295014428,0,28.00192094810197,29.30207778369739,58.551180196088424,30.53857915144971,-5.383847011184727,2.3954513084234423,29.30833007195274,1.029495713201064,0,0.23987990866869716,42.0,80.0,-38.0,-8.149979398434269,-7.7580044992434125,-15.868928459346364,0.09575021681283369,0.011948908117016765,0.017717346518335342,-0.007416563658838027,0.0
2016-11-17,1479358800,2016-12-19,1482123600,0.75,22.490267809944307,25.579804361903747,21.84,22.6,21.81,22.55,10907162.0,25.09,25.18,24.78,25.14,5486275.0,3.696283811036082,-11.337493039357497,-1.5944046671970398,-6.224476266242377,0,24.58555460252569,10.651408450704233,53.71626454649399,21.6763329128583,-1.6222816673139562,2.547659356219313,34.74052884718342,0.7903837484086437,0,0.11340366447891839,22.0,60.0,-38.0,-3.8206046141607004,-4.412938914543744,-12.803077032024362,-0.10993396455152094,-0.0019888623707239317,0.0015910898965791898,-0.014319809069212375,0.0015936254980080111
2016-11-30,1480482000,2016-12-28,1482901200,0.75,23.553193705869248,26.719752115788943,23.49,23.95,23.49,23.82,8836503.0,25.93,25.96,25.5,25.59,2970198.0,2.1935075158948507,-6.550678285726832,-0.1257001432851439,-4.471147583691547,0,22.675209431068083,11.164205039096439,52.7180637099681,17.45808341598567,-1.6357204036406756,2.0888018424436368,34.600619893350135,-0.44056373649301234,0,0.08823714908794048,46.0,80.0,-34.0,-2.1785853849159906,-3.15109588817144,-11.189846678125264,-0.10804879825883185,0.013286440015631173,0.014458772958186872,-0.003516998827667095,-0.012350443844075687
2016-12-06,1481000400,2017-01-03,1483419600,0.25,24.547647278920017,26.719752115788943,24.6,24.74,24.32,24.66,4936502.0,25.9,26.36,25.27,25.49,5547845.0,2.186599512744664,-4.458078524121689,1.045508042369562,-3.4268340525696175,1,18.327042677555696,5.026782035434688,42.88905912402105,19.067112068758334,-0.9794680342216822,2.2159980534361434,29.910401444570716,0.8247413708718523,0,-0.026662344400159105,34.0,80.0,-46.0,-1.1357395056885053,-2.2352689733460664,-9.69869188750701,-0.17859453147191073,0.01608473911337782,0.034131031777167475,-0.008630835621812438,0.006714060031595581
2016-12-20,1482210000,2017-01-04,1483506000,-0.25,24.614385021856386,26.719752115788943,25.39,25.68,25.29,25.64,3701315.0,25.61,25.77,25.47,25.71,4593842.0,1.2482151407941586,-4.65156014273893,0.3727473097367948,-3.940749384156618,1,19.679452986761532,5.933250927070462,41.7127484719637,20.580860761133565,-1.5236287645087998,2.1234518946689303,29.35349910848487,0.6826862630498355,0,-0.009685484349448027,30.0,76.0,-46.0,-1.7016725009723785,-2.7792838000430464,-10.060755450625862,-0.1642236618672217,-0.00388953714507978,0.002333722287047868,-0.009334889148191472,0.00863083562181255
2016-12-29,1482987600,2017-01-09,1483938000,0.25,24.57344837036135,26.562495429718634,25.55,25.6,25.04,25.08,3915821.0,25.3,25.47,24.98,25.36,3312266.0,2.6441966787893847,-2.7703796440890613,2.0465299684542657,-2.2003154574132537,1,14.162655776679344,0.3958828186856606,34.38498828984326,-3.437209094164828,0.4353445653539296,2.1210013735392312,23.579121126747985,-0.4978632903544374,0,0.2162526482945501,18.0,64.0,-46.0,-0.06309148264983833,-1.0010837823575969,-7.793998355904549,-0.18004991563286488,-0.0023659305993690705,0.00433753943217674,-0.014984227129337446,-0.006269592476489061
2017-01-04,1483506000,2017-01-11,1484110800,-0.25,24.57344837036135,26.562495429718634,25.61,25.77,25.47,25.71,4593842.0,25.71,25.85,25.47,25.78,4411018.0,1.2856181955409198,-4.1056337114447246,0.5592190328419946,-3.4632790276700405,1,17.0067413549082,3.617363344051456,32.88604405010437,6.4385580093921035,-0.8931872979708402,2.0303811938477434,20.284646229046153,-0.6741725933853004,0,0.18638987987069935,10.0,31.999999999999996,-21.999999999999996,-1.4100077579519024,-2.1364169858802313,-8.579912597501291,-0.13835399282650873,-0.0027152831652443865,0.0027152831652443865,-0.012024825446082299,-0.0003877471888328321
2017-01-05,1483592400,2017-01-12,1484197200,0.25,24.57344837036135,26.541842304111707,25.6,25.77,25.04,25.39,3949140.0,25.66,25.69,24.99,25.53,4118406.0,2.1420430985464662,-2.717836283035311,1.6758062410236363,-2.362579971275636,1,13.605853022174635,3.234937323089368,30.856980519013575,-0.49710495120800857,0.03385793484788735,2.1248445898554444,17.6725651185493,-0.6335997631019721,0,0.19100637566359438,6.000000000000007,32.00000000000001,-26.0,-0.28789659224443653,-1.0658977636465892,-7.383330024204966,-0.14323405248098542,0.0050920485703094265,0.0062671367019193625,-0.021151586368977737,-0.009697439875872793
2017-01-10,1484024400,2017-01-13,1484283600,-0.25,24.603353279081578,26.584223224524337,25.5,25.85,25.45,25.79,4079173.0,25.73,26.28,25.52,25.79,5408649.0,0.8738231101730491,-3.002555176865556,0.7813105854982609,-3.057386583947263,1,15.521568920881776,4.794798862251117,30.022904256432447,0.8969158819605028,-0.8641823930728663,2.1636699466214027,16.191325136270102,0.839365197604651,0,0.16046267304268544,2.0,32.0,-30.0,-1.0643660333462606,-1.8667904285752286,-7.990879851880322,-0.12836727367225154,-0.0023264831329972147,0.018999612252811326,-0.010469174098487799,0.010184097140618853
2017-01-12,1484197200,2017-01-23,1485147600,0.25,24.434986846613203,26.584223224524337,25.66,25.69,24.99,25.53,4118406.0,25.32,25.57,25.15,25.51,5213600.0,2.8546666368063427,-3.5445921562104843,1.8567881876388128,-2.57676728080493,1,8.24325898865257,-0.35156249999999944,11.622299723019335,0.7763812296695249,-0.8593147644181585,2.6104682224200015,5.836594190720849,0.7902046321105606,0,0.11960956047650917,-18.0,-52.0,34.0,-0.344962759702085,-1.2414854489187803,-6.092868693546507,-0.14561687521942474,-0.007448059584476696,0.0023520188161505473,-0.014112112896903284,0.0019638648860957897
2017-01-13,1484283600,2017-02-07,1486443600,-0.25,24.434986846613203,26.74171667467665,25.73,26.28,25.52,25.79,5408649.0,26.11,26.26,25.92,26.11,4183417.0,3.1399076770359358,-5.893641878491323,0.8113111196221325,-3.6735605770458193,0,7.69483809206951,2.9574132492113563,13.186816521207437,17.87003176945946,-0.880300556344281,2.365728164109695,-4.129127205817987,0.7712065424418248,0,0.12557192551331495,18.0,28.0,-10.0,-1.3768671007276936,-1.2069717230902626,-5.312554598666864,-0.03615439465058057,0.0,0.005744925315970928,-0.007276905400229738,0.0034588777863182596
2017-01-17,1484629200,2017-02-08,1486530000,0.25,24.42266264809035,26.74171667467665,25.47,25.52,24.14,24.25,9541991.0,25.86,25.89,25.14,25.22,8849409.0,6.754463755840206,-2.7734962697180947,4.382765001321715,-0.39915411049432237,0,0.2724893063948244,-2.2101589763474228,9.723840018589534,8.184882887843322,2.74042588137155,2.548994875789492,-5.078167461332651,-1.5893956500799404,-1,0.0625607344849325,14.0,28.0,-14.0,1.9904837430610485,2.062296359450457,-1.8937889536692012,-0.09413640351085362,0.025376685170499735,0.0265662172878669,-0.003172085646312328,-0.0340865568747607
2017-01-24,1485234000,2017-02-13,1486962000,-0.25,24.42266264809035,26.75200738187333,25.56,25.88,25.5,25.8,6863169.0,26.26,26.54,26.19,26.34,3769500.0,2.5370821159720975,-6.81574574543302,0.043659832953665045,-4.375474563401667,0,7.758155937305865,2.1326095385808483,9.425510102728712,11.048362619692263,-1.1970890937723766,2.359003128189148,-7.819834858371983,0.6957455026850129,0,0.038838660187793146,2.0,28.0,-26.0,-2.139331814730454,-1.9433466828166814,-5.4954320815675,-0.04099719715271799,-0.0030372057706908873,0.007593014426727329,-0.005694760820045497,0.01346671796844956
2017-02-08,1486530000,2017-02-22,1487739600,0.75,24.42266264809035,27.908854333357723,25.86,25.89,25.14,25.22,8849409.0,26.97,27.07,26.76,26.88,6050948.0,2.506974623764563,-6.167688909478869,-0.1041666666666714,-3.813244047619051,0,8.553080598847181,4.1860465116279,17.777254715068842,5.801745681322927,-2.006059872426164,2.1520983575820987,-7.447246843500853,-1.156504985523495,0,0.2824760367796218,34.0,76.0,-42.0,-1.8303571428571388,-1.7516394988796549,-5.620615720725752,0.05801973121721693,0.0033482142857141906,0.007068452380952328,-0.004464285714285587,-0.009944751381215422
2017-02-09,1486616400,2017-02-28,1488258000,0.25,25.579804361903747,27.908854333357723,25.39,25.88,25.12,25.86,5955274.0,26.4,26.71,26.27,26.66,5051350.0,3.3589288936737773,-5.275658075969318,0.787071767941967,-2.9413603400850263,0,5.905837294828892,2.696456086286592,12.059974843879008,2.678171924975892,-0.7856214140532813,2.137424514927919,-11.421171077019181,0.9660460650144994,0,0.25387754693464015,18.0,20.0,-2.0,-0.9583645911477703,-0.8395752530131944,-4.222460526304971,-0.060037139645371496,-0.009752438109527417,0.0018754688672169006,-0.01462865716429107,0.0045214770158252815
2017-02-14,1487048400,2017-03-10,1489122000,-0.25,25.686112631778844,27.923021281223825,26.34,27.16,26.24,27.1,5357499.0,27.16,27.21,26.38,26.86,4767993.0,3.9522024057140612,-3.2895069477840195,2.288409034499878,-1.7771159096550093,0,3.902848645361864,3.8669760247486464,10.6110306139127,-13.478086460213746,0.5126489184413572,2.390684170367944,-8.420785441542638,-0.9360376537404349,0,-0.0010400203973668684,22.0,56.0,-34.0,0.33134772896501374,-0.07638873329840123,-3.2265861196539305,-0.06594978047903216,0.011169024571854091,0.013030528667163033,-0.017870439314966458,-0.0022288261515602814
2017-02-23,1487826000,2017-03-20,1489982400,0.25,25.626005683661656,27.923021281223825,27.0,27.01,26.24,26.58,6316203.0,26.04,26.15,25.76,25.85,6238331.0,7.672199650393694,-0.4110777935271699,5.866537717601545,1.5764023210831652,0,-4.0240778785065245,-4.259259259259254,-1.1233590827961477,-29.764283316254208,3.7169135120496577,2.2573717441234846,-12.532527432126788,-1.1579744634552553,-1,-0.2522575142562258,-2.0,-52.0,50.0,3.6305609284332547,2.8376962839161024,0.80608424095891,-0.17558476297860165,0.007350096711798759,0.011605415860734825,-0.0034816247582204474,-0.010715652506697149
2017-03-01,1488344400,2017-03-24,1490328000,-0.75,24.430818830588187,27.923021281223825,27.5,28.36,27.36,28.25,7697968.0,24.82,24.92,24.27,24.62,5259604.0,15.353339987150761,-1.1413172414156065,9.976306525859727,4.562009206607101,0,-11.26748926488392,-5.850860420650086,-18.455924025228388,-34.61076668393068,5.263808660234105,2.8399632925508294,-6.37884260015225,-0.9414826483820169,0,-0.3076481310158224,-18.0,-56.0,38.0,7.10601137286757,5.317305400823628,4.964541379495785,-0.29682615851696353,0.008123476848090894,0.012185215272136452,-0.01421608448415923,-0.0020267531414673856
2017-03-13,1489377600,2017-03-27,1490587200,-0.75,23.123300564484705,26.75200738187333,26.82,27.02,26.61,26.66,4378349.0,23.8,24.48,23.54,24.43,5478288.0,16.49842239232828,-1.4840957447638203,10.469368263064524,4.804202483285593,0,-12.421941275817957,-7.950263752825921,-21.28087712300475,-35.01471300171643,5.428876337915355,2.9733894258049784,-4.547729748624203,-0.9758766427942999,0,-0.22825561640891495,-21.999999999999996,-72.0,50.0,7.507163323782223,5.55197380347596,5.554183163898557,-0.28450011809390163,-0.025787965616045794,0.002046663937781412,-0.03643061809250925,-0.0077173030056865155
2017-03-21,1490068800,2017-04-11,1491883200,-0.25,23.123300564484705,25.75808579196999,26.06,26.12,24.41,24.52,7829747.0,24.35,24.53,24.0,24.53,4357116.0,6.912811444938114,-3.243834681790972,4.810436200570706,-1.0721565430085462,0,-8.091119194425872,-7.573474001507153,-20.308559603864186,-22.62544226675564,0.5300523122266299,2.7583924328975415,-2.9658004419395034,0.8081754476551409,0,0.1281972951629415,-46.0,-52.00000000000001,6.000000000000007,1.8344883815735784,2.1899098326947097,3.5835448574881923,0.009400013501394577,-0.007337953526294294,0.0,-0.021606196494088903,0.0
2017-03-27,1490587200,2017-04-19,1492574400,0.25,23.123300564484705,25.75808579196999,23.8,24.48,23.54,24.43,5478288.0,24.29,24.61,24.18,24.42,7636311.0,3.1139649753103953,-2.1106889720344384,3.1552006552006446,-2.3648648648648845,1,-6.043214659927251,-0.4078303425774791,-21.903845335907622,-10.213351143372257,0.38606468236861247,2.653589309718969,-1.3425848815906214,1.4149363462072597,1,0.012466508145963307,-42.0,-80.0,38.0,0.5016380016379856,1.1123180256004588,3.078589841634866,0.010341969902295522,-0.005323505323505451,0.007780507780507762,-0.00982800982800991,0.01538461538461533
2017-03-28,1490673600,2017-04-24,1493006400,-0.25,23.218873992539578,25.75808579196999,24.32,25.18,24.3,24.99,4645066.0,25.75,26.09,25.44,25.58,8553011.0,-0.4589343273166122,-6.95310632944647,-1.2066718790721893,-6.31613239510034,1,3.469919528050127,3.899268887083661,-9.68313137888065,-1.0837026478610596,-3.4760980465083975,2.804498750312173,-3.3078786167703598,1.5696104761067475,0,-0.09184826898530002,-46.0,-72.0,26.0,-3.706020328381527,-2.926175201056111,-1.5735166649885883,0.16926283888595106,0.006645817044566238,0.01993745113369827,-0.005473025801407183,0.027309236947791193
2017-04-12,1491969600,2017-05-16,1494907200,0.75,23.218873992539578,26.926411443478152,24.47,24.5,23.9,24.07,4201067.0,26.56,26.72,26.3,26.56,3663735.0,3.3422207860094346,-6.248847292033531,0.41792168674699326,-3.369728915662648,0,6.945806227989507,10.436590436590427,18.78055334178535,4.283184943026775,-0.3849290907660503,2.125156570739207,-3.4346081227580285,0.6993588129984091,0,0.04445793620503774,26.0,64.0,-38.0,-1.4533132530120412,-1.4917276421428909,-2.884709294006001,0.003831182617368978,0.0,0.006024096385542244,-0.009789156626505924,0.0018860807242548905
2017-04-20,1492660800,2017-05-30,1496116800,0.25,24.430818830588187,26.926411443478152,24.93,25.51,24.72,25.17,5443252.0,24.65,24.72,24.44,24.53,8033058.0,12.31276007619249,-2.3209133578883723,7.09947003668978,3.0269058295964157,0,-9.12681698014763,-7.747273411056783,-14.027528984135404,-24.01430602420311,2.776932648962017,2.3156554669628027,-1.4708959792052063,-1.4991135102078927,-1,-0.13056081493220767,-10.0,-60.0,50.0,4.995923359152073,3.2832021727703165,3.895175875632887,-0.17486086229998132,0.004891969017529529,0.0077456176110883845,-0.003668976763147147,-0.011285771866182848
2017-04-25,1493092800,2017-05-31,1496203200,-0.75,23.426926725863762,26.926411443478152,26.03,26.15,25.79,26.01,7312139.0,24.59,24.63,23.99,24.42,7020672.0,12.681307351512203,-2.5502672204720795,7.167622167622142,3.0521430521430517,0,-9.975727712062643,-7.464948844259185,-16.110765965267046,-25.416780547569175,2.7103646010499176,2.347137509827332,-0.4690638903397435,-1.3063694516784914,0,-0.1187604266318856,-14.0,-64.0,50.0,5.065520065520062,3.391447362940326,4.192067372640906,-0.1678772909404741,0.006961506961506991,0.008599508599508532,-0.017608517608517782,-0.004484304932735439
2017-05-17,1494993600,2017-06-01,1496289600,-0.25,23.426926725863762,25.65405828206968,25.41,25.83,24.6,24.76,10272336.0,24.54,24.85,24.33,24.71,4216807.0,10.905698469984543,-4.025892723323295,5.517334412518537,1.4825306893295505,0,-6.707261880024262,-7.279549718574101,-16.451392111406488,-20.33719561383029,1.2030930778043967,2.304221176706322,-0.18991426429797542,0.7953348085404,0,-0.10901557496277164,-18.0,-64.0,46.0,3.439902873330624,1.9705994246729972,2.8528134015399615,-0.13481327995682468,-0.0068798057466613605,0.0056657223796034994,-0.015378389316066499,0.011875511875511835
2017-05-31,1496203200,2017-06-06,1496721600,0.25,23.426926725863762,25.483505984658905,24.59,24.63,23.99,24.42,7020672.0,24.09,24.41,23.92,24.25,3407870.0,11.201778550682832,-3.2636342207859315,6.025429553264615,1.9635738831615015,0,-10.42554698429344,-9.379671150971605,-20.333964372766765,-24.59268508902349,1.851501198793585,2.2572850183685476,1.5336334901459345,-0.6486276783520841,0,-0.21870506098389564,-30.0,-80.0,50.0,3.969072164948443,2.985150219017086,4.302898602221532,-0.10441342002196596,-0.006597938144329851,0.006597938144329962,-0.013608247422680297,-0.003697617091207861
2017-06-01,1496289600,2017-06-07,1496808000,-0.25,23.43882524434913,25.483505984658905,24.54,24.85,24.33,24.71,4216807.0,24.39,24.86,24.21,24.72,3919052.0,8.23639774454034,-5.024423634507997,3.6165048543689267,-0.4368932038834856,0,-4.976154517638612,-7.172361997746902,-19.05549908117658,-17.04935298087939,-0.3119123436243143,2.2440161293362357,1.1024360679590117,0.7503759412086203,0,-0.10443467443405961,-34.0,-80.0,46.0,1.605987055016172,0.9292802500618649,2.2288210420154684,-0.06117704168167054,-0.013349514563106735,0.005663430420711935,-0.020631067961164984,0.01938144329896896
2017-06-02,1496376000,2017-06-20,1497931200,0.75,23.43882524434913,26.53473665086598,24.48,24.64,24.18,24.44,6173587.0,25.99,26.13,25.67,25.74,3163860.0,4.116567007847593,-7.71408060536119,0.15151515151517003,-3.9005439005438944,0,2.005226978933834,3.9579967689822166,10.170707661979945,13.690487066970434,-1.0554523867984784,2.2311615401778497,-6.509444074831258,-0.6235937550463513,0,0.02446339233518729,-46.0,-56.0,10.0,-1.7987567987568127,-0.47861817467598655,-0.8801650502288396,0.12285913449457084,0.009712509712509698,0.015151515151515138,-0.002719502719502609,-0.01680672268907568
2017-06-07,1496808000,2017-06-28,1498622400,0.25,24.412371696425943,26.53473665086598,24.39,24.86,24.21,24.72,3919052.0,25.2,25.53,25.14,25.31,5976436.0,5.81139220292674,-5.4439485047837195,2.3133148952982907,-1.9577242196760096,0,-0.795437012914519,3.6445536445536324,-3.392431921858516,2.4015964116940935,0.8770961302296314,2.2576757576221613,-6.4702380784514055,1.1124053564917544,0,-0.15605315126642888,6.000000000000007,20.000000000000007,-14.0,0.18372184907151734,0.13306005559758205,0.3777696519231313,-0.0728611192154302,-0.004346108257605619,0.00869221651521146,-0.006716712761754229,0.014428857715430787
2017-06-08,1496894400,2017-07-18,1500350400,-0.25,24.412371696425943,26.5549301195606,24.73,25.8,24.63,25.51,6134007.0,25.65,25.7,25.27,25.49,3495380.0,5.565817073582608,-3.5650324521624555,3.0874852883483896,-1.0396233817183145,0,-2.4106753633665434,-2.6355996944232287,7.862609571683284,13.362211524700868,1.975321438028871,2.1860443492041393,-9.733465148193277,-0.7245600372443486,0,0.12264568268793777,22.0,36.0,-14.0,1.000392310710069,1.489254413140145,0.7464430933283239,-0.04395924163603143,0.006276971361318218,0.00823852491173005,-0.008630835621812438,-0.013926499032882123
2017-06-21,1498017600,2017-07-24,1500868800,0.25,24.412371696425943,26.5549301195606,25.82,25.83,25.17,25.21,4016889.0,24.74,25.48,24.71,25.39,5051163.0,5.911411578037473,-3.1583591952095986,3.526979125640011,-0.8211894446632613,0,-2.1358635014988963,2.793522267206483,-3.879247774448671,-4.991581632032329,1.6830104340494785,2.3928739635885914,-8.042678551896778,1.0052138927229357,0,0.13622575170717532,6.000000000000007,-39.99999999999999,46.0,1.3765261914139302,0.949128551798978,0.8325368217258529,-0.135693704594392,-0.025600630169358096,0.0035447026388342184,-0.026782197715636058,0.0283515593357635
2017-06-29,1498708800,2017-07-25,1500955200,-0.25,24.444773957455492,26.5549301195606,25.91,26.31,25.2,25.53,5914380.0,25.88,26.01,25.57,25.68,5593912.0,4.574998239536953,-3.7767116351755874,2.5369937694704134,-1.7659657320872384,0,0.531154222553404,3.464947622884768,-3.0830264212818834,-5.108769408711957,0.3403693237057581,2.3693143890790127,-8.69760575928883,1.1041438289457,0,0.0370811002758799,2.0,-40.0,42.0,0.3991433021806756,-0.17269488081636553,-0.29414254987678135,-0.09620964238988597,0.007788161993769416,0.012850467289719614,-0.0042834890965731676,0.011421819614021222
2017-07-19,1500436800,2017-08-01,1501560000,0.25,24.346310872185597,26.5523237898008,25.63,25.63,25.0,25.26,3825162.0,25.46,25.48,25.17,25.35,3266082.0,5.8207692409121705,-3.039704152154826,3.402366863905314,-0.6134122287968324,0,-1.7452241388210297,-3.133358807795186,-6.86578985609372,-15.24902761964006,0.15417907189332425,2.2050809904629327,-7.571999756449674,0.6712827508185436,0,-0.05342679335651555,-18.0,-40.0,22.0,1.3905325443786865,0.4378511114986736,0.7044434247550129,-0.05733862039749481,0.00433925049309658,0.00512820512820511,-0.007100591715976323,0.003960396039603964
2017-07-25,1500955200,2017-08-02,1501646400,-0.25,24.346310872185597,26.5523237898008,25.88,26.01,25.57,25.68,5593912.0,25.33,25.65,25.28,25.64,3996021.0,4.2869806750584445,-4.099773186758853,2.0358814352574086,-1.8408736349454102,0,1.096369305757527,-2.9155622870124938,-5.310916999587035,-14.372615341322756,-1.1243016826353482,2.1274917550898684,-8.17792913349664,0.822903430384659,0,-0.02534740594758095,-21.999999999999996,-40.0,18.0,0.09360374414977457,-0.6316562888096513,-0.41752745399389823,-0.02036669249163195,-0.012090483619344838,0.0003900156006240163,-0.01404056162246492,0.011439842209072904
2017-07-26,1501041600,2017-08-03,1501732800,0.25,24.346310872185597,26.439011901401994,25.79,25.8,25.07,25.19,4477536.0,25.58,25.67,25.3,25.35,4403990.0,5.2227054813806575,-3.0846384202367005,2.994082840236672,-0.8678500986193427,0,-1.6958681319975994,-3.281190385349101,-5.193446577946042,-14.67655343003689,-0.10180716967276737,2.1023825072035924,-8.791525466935482,-0.9080281703307521,0,-0.10028476272199562,-26.0,-40.0,14.0,1.0690335305719714,0.4569969425068052,0.6933791297522731,-0.013902606563045178,0.009072978303747314,0.012623274161735809,-0.0019723865877712132,-0.011310452418096695
2017-08-02,1501646400,2017-08-04,1501819200,-0.25,24.497814768555916,26.448212106198703,25.33,25.65,25.28,25.64,3996021.0,25.64,26.13,25.58,25.64,3957318.0,3.5053632699607817,-4.008483394765804,1.712818512740526,-2.113234529381188,0,1.1160641881551001,-3.427495291902072,-3.849020390822649,-8.732311217037342,-1.2224634802165184,2.1474263295323817,-9.458515814743004,0.817313790172371,0,-0.1424991524873483,-30.0,-40.0,10.0,-0.25156006240250406,-0.6145297946690391,-0.42803762042935034,0.010146828850331094,0.0,0.019110764430577243,-0.002340093603744209,0.011439842209072904
2017-08-03,1501732800,2017-08-09,1502251200,0.25,24.497814768555916,26.448212106198703,25.58,25.67,25.3,25.35,4403990.0,25.13,25.26,24.98,25.22,2682005.0,3.6763369172153233,-2.00702684584337,2.8581813375627974,-0.9998678297647245,1,-3.0062196846558535,-3.5932721712538274,-4.039870133941785,-2.005151020863586,0.5390352209231821,2.1046257130111425,-11.608315493302952,-0.568791645671748,0,-0.2614736792652259,-42.0,-40.0,-2.0,0.8346550356859836,0.916953442885557,1.1569344312806606,0.001366460486892096,-0.003568596352101494,0.0015860428231564416,-0.009516256938937317,-0.008647798742138502
2017-08-04,1501819200,2017-08-11,1502424000,-0.75,23.488956967471758,26.448212106198703,25.64,26.13,25.58,25.64,3957318.0,24.28,24.5,23.91,24.04,4370744.0,8.58509834108159,1.30258884693842,7.292706600110947,3.0081808097615266,0,-12.476407697234102,-7.395993836671809,-12.6120515470661,-7.5881970172739415,5.082347069080157,2.3494629744392497,-10.0825000249567,-0.9366866023223791,0,-0.35613881134711356,-46.0,-96.0,50.0,4.943843594010005,4.887954058473625,5.687498043164524,-0.12017233442465626,0.009983361064891838,0.019134775374376023,-0.005407653910149746,-0.009476720230737534
2017-08-07,1502078400,2017-08-14,1502683200,-0.25,23.488956967471758,25.5593127953798,25.64,25.71,25.44,25.45,5001786.0,24.41,24.92,24.33,24.63,3207993.0,5.6884737072158345,-1.3238776861033728,4.5222628231154545,0.23886858844225856,1,-6.259115037686776,-4.71953578336558,-13.15953344246167,-10.260716701366157,2.216115102402867,2.3845895504081973,-10.11562976787792,0.696350775781824,0,-0.3201937965526207,-38.0,-84.0,46.0,2.1822980105562237,2.149182947138442,3.0320469974652866,-0.10845689260594407,-0.00893219650832311,0.011774259033698886,-0.01218026796589533,0.02454242928452577
2017-08-10,1502337600,2017-09-06,1504670400,0.25,23.433029499343714,25.5593127953798,24.94,25.08,24.24,24.27,4412110.0,23.68,23.89,23.48,23.59,4157442.0,5.712720509483461,-1.257442849458016,4.7032640949555,0.23103009749894454,1,-9.280393040088086,-7.272012578616358,-17.84945388152678,-11.169391171945172,1.6020825488506318,2.307467179260767,-8.524387030819959,0.9644464515830061,0,-0.18273805056619183,-46.0,-92.0,46.0,2.227638830012708,2.5758271306237646,4.792802537784183,-0.009971760736742996,0.0038151759220008685,0.012717253073336154,-0.004662992793556531,0.003829787234042481
2017-08-14,1502683200,2017-09-07,1504756800,-0.75,22.406218265232987,25.5593127953798,24.41,24.92,24.33,24.63,3207993.0,23.53,23.57,22.68,23.09,5856242.0,7.326017774805678,0.6341381368443848,6.6608921611087055,1.8276310090948442,1,-12.777118368464443,-8.445678033306896,-19.92837113310007,-11.90502177479501,3.4980556767502122,2.470552990979086,-7.045989997647617,-1.3455240741921277,0,-0.1240447488481538,-42.0,-92.0,50.0,3.9800779558250383,4.340183295627625,6.7850851157449625,-0.04447256252665843,0.019055868341273374,0.020788220008661762,-0.017756604590731917,-0.021195421788893554
2017-08-15,1502769600,2017-09-11,1505102400,-0.25,22.406218265232987,24.50212886410183,24.94,25.13,24.45,24.47,3381753.0,23.93,24.31,23.81,24.09,4723886.0,2.7840926412046088,-3.7056368504200634,1.9454822194548314,-2.570914625709136,1,-2.9649450856122925,0.20798668885191646,-16.40555489834852,4.965200098957261,-0.7047789769969484,2.4336070913768304,-6.47836779739098,1.0930104004763195,0,-0.014659156502039125,-46.0,-88.0,42.0,-0.46077210460772733,-0.16081470196597536,2.097940495623888,0.01905751283032231,-0.00664176006641759,0.00913242009132409,-0.01162308011623081,0.019898391193903464
2017-09-07,1504756800,2017-09-15,1505448000,0.75,22.406218265232987,25.573382016054868,23.53,23.57,22.68,23.09,5856242.0,24.97,25.32,24.78,25.31,8968578.0,-0.2734449406785586,-9.06673680566675,-2.5879099170288526,-6.783879889371775,0,6.457323574989033,7.154953429297197,0.7709854932589163,-3.518541363889476,-4.306308478489498,2.3367640404916568,-9.517472958432204,1.9944881752864922,1,0.004942878044924081,50.0,24.0,26.0,-4.670090873172654,-3.665793072386336,-2.562061613731501,0.21812468319033362,-0.013433425523508458,0.00039510075069149053,-0.020940339786645445,0.010782747603833798
2017-09-08,1504843200,2017-09-26,1506398400,0.75,23.433029499343714,26.615923337510115,23.12,23.77,23.12,23.62,5642760.0,26.3,26.64,26.17,26.51,4494413.0,1.5247771349077084,-14.308632283908096,-4.542311077580791,-8.465358984031184,0,14.691034809884414,10.045662100456628,24.09169746535074,17.933659441629914,-5.338803036767132,2.0176226243757456,-8.614365349671374,0.9625902454122987,0,0.36564167404826114,50.0,52.0,-2.0,-6.391927574500187,-4.787176925702013,-5.6908024699629465,0.23886679486290474,-0.007921539041870984,0.004903809883062937,-0.012825348924934032,0.00990476190476186
2017-09-12,1505188800,2017-10-02,1506916800,0.75,24.473925645303677,27.585780418274044,24.21,25.02,24.2,24.82,5859221.0,27.02,27.14,26.58,26.79,9430634.0,3.9320619146711238,-14.394921190520321,-3.346397909667786,-7.3516237402015605,0,13.18108254508239,10.702479338842975,33.17270860562835,8.830467174575539,-2.9094563897823207,2.07791848273162,-4.953983230927623,-1.9817949050019974,-1,0.25080673390699276,46.0,64.0,-18.0,-5.231429637924592,-3.7526332974027383,-5.6366194560865495,0.18179467256961335,0.008585293019783613,0.013064576334453237,-0.007838745800671898,-0.017241379310344862
2017-09-18,1505707200,2017-10-04,1507089600,0.25,25.573382016054868,27.585780418274044,25.33,25.71,25.29,25.62,3990368.0,26.0,26.47,25.99,26.33,11927675.0,5.811052377598131,-10.774971861077063,-0.6247626281807754,-4.646790733004167,0,8.15676339074087,11.615091140313686,29.9488018993447,-8.85215616410538,-0.46115633887640683,2.08515093161216,-5.190357371034445,-2.4208907341056767,0,0.2685326748949564,38.0,64.0,-26.0,-2.481959741739473,-1.633241236900588,-3.6541949024509535,0.06646289397478422,-0.012533232054690369,0.005317128750474742,-0.012913026965438612,-0.007164404223227838
2017-09-27,1506484800,2017-10-16,1508126400,-0.25,25.625053333248903,27.613285739143507,27.01,27.1,26.72,26.79,4685160.0,26.66,26.86,26.58,26.67,3580076.0,2.73512126829867,-3.3462948715982606,1.3904511936007964,-2.1791026121734944,0,7.582538065917078,4.098360655737707,24.19407124560122,-6.924016281182055,0.287846019020634,1.9138621374514302,-5.486430870937827,0.7215211509918961,0,0.013362119442896456,6.000000000000007,52.00000000000001,-46.0,-0.30558680164980956,-0.9664737034112392,-3.3681554072818045,-0.07028447954222694,-0.00037495313085866844,0.007124109486314145,-0.003374578177727905,0.0018782870022540088
2017-10-03,1507003200,2017-10-17,1508212800,0.25,25.625053333248903,27.613285739143507,26.82,26.92,26.45,26.52,7134658.0,26.81,26.82,26.35,26.41,3499625.0,3.556739541235544,-1.9702192837573307,2.551432538179995,-1.0835542092641646,1,4.690287240409731,2.404032570763866,21.66592249063361,-12.415262065152746,1.2080748604742126,1.9217697346129319,-6.879781124145804,-0.7096037654491058,0,0.018210173474177263,2.0,48.0,-46.0,0.7932601287391066,0.007678873930203167,-2.322060516959624,-0.10000355305976122,0.015145778114350472,0.015524422567209317,-0.0022718667171525153,-0.009748781402324713
2017-10-05,1507176000,2017-10-19,1508385600,-0.25,25.70235244106982,27.613285739143507,26.41,26.87,26.25,26.73,5169697.0,26.49,27.02,26.41,26.95,4819651.0,1.2327049904202738,-2.9989387566540415,0.8348794063079765,-2.7309833024118717,1,9.244198214425332,3.217158176943699,20.671688913513083,-6.305363633382214,-0.9299696904261623,1.9061026918330535,-8.792918505300513,0.9580622831218303,0,0.07327212098221944,-6.0,40.0,-46.0,-0.8831168831168839,-1.6916175111515628,-3.9753628285570244,-0.07966300164517787,-0.017068645640074265,0.0025974025974027093,-0.020037105751391393,0.006723944714232433
2017-10-17,1508212800,2017-10-24,1508817600,0.75,25.70235244106982,28.502843127455158,26.81,26.82,26.35,26.41,3499625.0,27.79,28.03,27.57,27.62,6502663.0,0.18880287522257788,-5.315522643506455,-0.795317402848184,-4.361573738836611,1,13.5550556947208,4.187099207846093,25.718265904152698,19.688899338141226,-1.9819391601081549,1.897441434938385,-5.973383307531741,-1.23994698022368,0,0.02040776324100118,46.0,92.0,-46.0,-2.5633598841419314,-2.9963568443579476,-5.581975130972879,0.020684126966286964,0.0061549601737871384,0.014844315713251177,-0.001810282404055008,-0.003607503607503504
2017-10-18,1508299200,2017-10-25,1508904000,0.25,26.571573756395992,28.502843127455158,26.55,26.87,26.38,26.77,6516219.0,27.64,27.74,27.12,27.38,5711625.0,1.2630693028076365,-4.466137235605288,0.2173119065010951,-3.467859751643516,1,10.639324018768306,2.2023142963792455,25.31022507901712,11.978363524326362,-0.9047584287259696,1.9390987207267463,-6.264016590986191,-1.0795176403043687,0,-0.0318475976481536,42.0,88.0,-46.0,-1.6015339663988328,-1.9416817015933816,-4.567906660619656,0.007980598730474797,0.009495982468955555,0.013148283418553675,-0.009495982468955333,-0.00868935553946426
2017-10-20,1508472000,2017-10-27,1509076800,-0.25,26.571573756395992,28.503357053904576,27.61,27.86,27.17,27.59,7348103.0,27.62,27.74,27.51,27.68,2628302.0,0.8080224329714696,-5.620161161295172,-0.651493256262043,-4.159441233140669,0,12.6627959807374,1.5407190022010202,26.420950816535736,6.987624559819622,-1.6558590479771595,1.878545693958876,-5.699141302464419,-0.4971848120818764,0,-0.028481574831553277,34.0,80.0,-46.0,-2.4060693641618514,-2.446975102667949,-5.165995400932488,0.015214036820852817,-0.0021676300578034047,0.0021676300578035157,-0.006141618497109813,-0.0014430014430013571
2017-10-25,1508904000,2017-10-31,1509422400,0.25,26.571573756395992,28.503357053904576,27.64,27.74,27.12,27.38,5711625.0,27.46,27.73,27.42,27.49,3554282.0,1.778706961417356,-4.663392301541023,0.24675639626529744,-3.154480417121391,0,10.005774288288372,3.6576168929110064,24.600629118755553,7.371371135359482,-0.783514493415538,1.8106187913757332,-6.216354064133249,0.6844789522166604,0,-0.11710775697685968,26.0,52.0,-26.0,-1.4423426700618336,-1.476220152940158,-4.174673859627887,-0.021648134447492973,-0.001091305929428743,0.008730447435431055,-0.0025463805020006225,0.002918642831083451
2017-10-26,1508990400,2017-11-06,1509944400,-0.25,26.60669874954361,28.503357053904576,27.57,28.07,27.49,27.72,4767415.0,27.98,28.14,27.83,28.01,2404987.0,1.187920358078017,-5.96478576329045,-0.7164108056646512,-4.065214804236589,0,13.640936196028449,4.28145941921073,27.688672471691167,19.38744586362715,-1.6903869274688361,1.7963223886637927,-4.665451381049969,-0.47033337339304604,0,-0.029195113178229506,46.0,88.0,-42.0,-2.3884327026062095,-2.2560226265091217,-5.094835349447251,0.008477376001127468,-0.001071046054980429,0.0046411995715816,-0.006426276329882352,-0.00249287749287741
2017-10-30,1509336000,2017-11-09,1510203600,0.25,26.55254576385363,28.449174532385463,27.54,27.64,27.28,27.41,3872744.0,26.74,26.99,26.37,26.62,4937196.0,6.511316614184452,-1.120632917715639,4.663786626596547,0.8433508640120095,0,-2.149332114363162,-0.48598130841121123,13.6886822414405,-5.336856455819053,3.5431394757919747,2.044896443191412,-6.548707336472063,-0.9604650388263812,0,-0.23924933968685236,34.0,52.0,-18.0,2.6953418482344063,2.41345825368397,0.01455750641636655,-0.15414311201035452,0.00450788880540931,0.013899323816679132,-0.009391435011269711,-0.013708781030011052
2017-11-01,1509508800,2017-11-10,1510290000,-0.75,25.600272654114004,28.449174532385463,27.64,28.19,27.57,27.75,5554274.0,26.65,26.82,26.49,26.53,3835791.0,6.906128166441491,-0.8526038543420071,4.971730116848832,1.2401055408971047,0,-2.9973079999114276,-0.3380916604057095,8.947892873950556,-16.083965269039467,3.563826777772249,1.9941221881719353,-6.441247093004137,-0.7471355296512644,0,-0.25530460394729665,30.0,52.0,-21.999999999999996,3.0267621560497275,2.4979428778710115,0.33996919522803637,-0.18992414942791697,0.004523181304183943,0.01093102148511127,-0.0015077271013947957,-0.0033809166040571492
2017-11-07,1510030800,2017-11-13,1510549200,-0.25,25.600272654114004,27.53194222289757,28.06,28.2,27.16,27.25,5449040.0,26.27,26.96,26.22,26.91,4904807.0,5.344721928510438,-2.1117230433376335,3.573640530162251,-0.2762294066641857,0,0.8720723752811708,0.8998875140607364,6.751655444190638,-7.0557643361316735,1.7568283424380269,2.0219589145793355,-5.903320134411949,0.9484749016027343,0,-0.1059625853155434,26.0,52.0,-26.0,1.6164994425863881,0.950501789825779,-1.0347128374752543,-0.18120849366843877,-0.02378298030471948,0.00185804533630618,-0.02564102564102566,0.014323407463249005
2017-11-10,1510290000,2017-11-15,1510722000,0.75,25.600272654114004,28.55581036343837,26.65,26.82,26.49,26.53,3835791.0,27.25,27.74,27.05,27.59,4489219.0,2.5983373744537204,-3.6675653556063565,1.411743385284538,-2.567959405581732,1,6.831852043290489,3.0631303698169603,8.434638531626781,1.652251964603785,-0.8841862163775431,2.093046972826363,-8.04490072778098,0.8642262226810703,0,0.04347925195034841,18.0,52.0,-34.0,-0.5346139905763181,-1.2742745743034902,-3.213581778468921,-0.08819755420584133,-0.01232330554548744,0.0054367524465386285,-0.019572308807538907,0.0018155410312272746
2017-11-13,1510549200,2017-11-16,1510808400,0.25,26.489596734370043,28.55581036343837,26.27,26.96,26.22,26.91,4904807.0,27.77,28.02,27.42,27.43,3815228.0,3.1753134016339715,-2.9091814293408333,2.152752460809353,-1.8465184104994563,1,5.096017353065825,1.781076066790354,8.355271370780365,7.0485435220099575,-0.28922361331541424,2.1111222273413666,-8.828328553563768,-0.7402927094959827,0,-0.03986828582652478,14.0,52.0,-38.0,0.13306598614657617,-0.6318897880242815,-2.545140458872069,-0.07056037253048547,0.012395187750638081,0.021509296390813004,-0.0003645643456069436,-0.005799202609641174
2017-11-14,1510635600,2017-11-20,1511154000,-0.25,26.489596734370043,28.57440589081599,26.78,27.59,26.7,27.54,5003370.0,27.71,27.84,27.56,27.67,4857193.0,2.267373053080618,-3.749122239925626,1.2179255511383928,-2.6852186483556295,1,7.187856624899794,-0.18037518037517014,9.743283587017363,9.573486305588546,-1.0965206214579268,2.0158253570911455,-10.880197562176074,0.9545845281199384,0,0.012620270835130013,6.000000000000007,52.00000000000001,-46.0,-0.7408745934225038,-1.2414796361447884,-3.1378982270066302,-0.026753397450343913,0.0014456089627754576,0.006143838091796194,-0.003975424647632897,0.002173125679101773
2017-11-16,1510808400,2017-11-27,1511758800,0.25,26.489596734370043,28.57440589081599,27.77,28.02,27.42,27.43,3815228.0,27.3,27.39,27.1,27.22,2736723.0,3.708443836597425,-2.3160852767150004,2.6089884888562267,-1.1676463384766151,0,1.9754760197093688,-1.661849710982662,6.294015647826795,-9.186533203901085,0.05257238896147953,1.8430683966605552,-12.4363723744716,-0.5675001486598594,0,-0.11762533142008172,-10.0,-20.0,10.0,0.6961792799412052,0.3767947283751738,-1.2553873614617288,-0.05422140552285107,0.0029390154298309934,0.006245407788390889,-0.004408523144746379,-0.002930402930403031
2017-11-17,1510894800,2017-11-28,1511845200,-0.25,26.545654672498525,28.57440589081599,27.23,27.75,27.17,27.61,2239686.0,27.3,28.09,27.28,28.05,5535111.0,0.9186107186451693,-5.257291645561395,-0.28223410576352137,-4.107546048722526,0,9.865890602177402,2.334914264866839,8.920756032678156,0.6486554281607084,-2.8125783684101577,1.8823228491018695,-12.628519405494592,1.1404809503960736,0,0.04965809196388877,-14.0,-20.000000000000007,6.000000000000007,-2.169340463458113,-2.346370091467506,-4.013428789605683,-0.005480656543274287,-0.0267379679144385,0.0014260249554367554,-0.027450980392156876,0.030492285084496862
2017-11-21,1511240400,2017-12-01,1512104400,0.75,26.545654672498525,29.57825577831267,27.75,27.75,27.33,27.41,4947990.0,29.58,29.79,28.51,29.43,7040395.0,-0.23333434038043777,-11.570947005185303,-3.820364707214864,-8.09831237965794,0,18.7616729667254,5.032119914346896,25.64242699988137,22.010158075303025,-3.885870925750922,2.27477744727971,-8.062944511484488,-1.3776189307031825,0,-0.005951443930834041,46.0,52.0,-6.0,-5.902140672782878,-5.12892844559677,-7.551360585476189,0.20824035528858453,0.0050968399592252744,0.012232415902140747,-0.031260618416581676,-0.00033967391304357
2017-11-28,1511845200,2017-12-05,1512450000,0.75,27.53194222289757,30.866936340025912,27.3,28.09,27.28,28.05,5535111.0,30.26,30.44,29.47,29.58,7173064.0,1.5323292599133964,-13.019820808256881,-3.43362632409287,-8.065134099616856,0,15.318117959394215,5.605141021063894,31.72918688209893,14.411443891465638,-2.7559203420670855,2.4816810079569205,-6.3320527666000395,-1.3662140738663324,0,-0.19691637357606645,46.0,60.0,-14.0,-5.743745774171728,-4.391328597305787,-7.31557890715284,0.2427903272981582,0.02298850574712663,0.02907369844489538,-0.0037187288708586674,-0.02279484638255702
2017-11-29,1511931600,2017-12-06,1512536400,0.25,28.289577130712985,30.866936340025912,28.43,29.71,28.29,29.42,8934782.0,29.42,29.59,29.11,29.39,4598977.0,2.8091357329506366,-12.349795821416095,-2.5938527843938033,-7.06476125666326,0,13.379604186067894,7.853211009174315,31.232188665129012,8.646769523249048,-1.7545975765209363,2.435973399114748,-6.40339583994837,-0.8755931097289749,0,-0.21916788617587252,42.0,60.0,-18.0,-4.770330044232736,-3.41388308018243,-6.453006144283748,0.19896701398366368,0.0010207553589656193,0.006805035726437536,-0.009527050017012595,-0.00642325895875584
2017-12-04,1512363600,2017-12-13,1513141200,-0.25,28.289577130712985,30.882885951083804,30.01,30.75,29.89,30.27,6760440.0,30.31,30.62,29.88,29.9,4554131.0,4.1269887321947465,-11.648727862629514,-1.5624303232998926,-6.003901895206226,0,12.917317424185946,8.569353667392882,33.01847291465553,12.298817163612206,-1.393806963687183,2.3028793804190943,-3.479261600905268,-0.9026990380743893,0,-0.052832117714467046,46.0,84.0,-38.0,-3.7608695652173907,-2.8485393567139425,-6.487733373180987,0.09987667496370811,0.013712374581939857,0.024080267558528545,-0.0006688963210702559,-0.013852242744063381
2017-12-06,1512536400,2017-12-14,1513227600,0.25,28.289577130712985,30.882885951083804,29.42,29.59,29.11,29.39,4598977.0,30.07,30.19,29.44,29.56,3977500.0,5.515464479418313,-10.156871786590145,-0.03608479927829933,-4.548940009021209,0,9.673747666984156,7.140268213120692,30.50022555505017,9.928022592092255,-0.1431138994994967,2.3442132591554756,-3.566740830886946,-0.8140585152833423,0,-0.07822627468580057,42.0,84.0,-42.0,-2.320703653585909,-1.5662336628474662,-5.199911224128712,0.03745842941966515,0.017253044654939265,0.021312584573748294,-0.004059539918809141,-0.011371237458194017
2017-12-07,1512622800,2017-12-29,1514523600,-0.25,28.330946787381226,30.882885951083804,29.23,29.97,29.13,29.97,5069586.0,30.7,30.86,30.34,30.36,2852283.0,2.387692022197882,-3.4450042751622902,1.6584321475625785,-2.5477602108036876,1,10.68293017294367,3.124999999999994,29.545596407154513,14.686485466944262,0.05739454968505697,1.9978933390145523,-0.48079825128886,-0.5822626910802364,0,-0.25586438533573475,34.0,76.0,-42.0,-0.5286561264822041,-1.098275546295497,-4.949735560941605,-0.06032276549848148,0.011198945981554687,0.016469038208168696,-0.0006587615283267789,-0.011074918566775227
2017-12-14,1513227600,2018-01-08,1515387600,0.75,28.330946787381226,31.93929368237478,30.07,30.19,29.44,29.56,3977500.0,31.68,32.02,31.56,31.87,5143802.0,-0.1512922073284102,-7.617769606289443,-2.083464072795735,-5.534985880138052,0,19.939996337929102,6.33967300633968,35.28587323866771,35.37569906837584,-2.6225424856506123,1.8632800818031992,5.092860117060013,1.0510953049226948,1,-0.0394909905922182,50.0,84.0,-34.0,-3.8845309068089193,-3.954605059756261,-7.962394594109455,0.04384217449326078,-0.005961719485409467,0.0047066206463759475,-0.009727016002510247,0.004095778197857669
2017-12-15,1513314000,2018-01-16,1516078800,0.75,29.57825577831267,33.010262273264345,29.86,30.52,29.67,30.16,12004654.0,33.12,33.22,32.51,32.73,3410497.0,0.9750385390471479,-9.844577188604106,-2.723800794378235,-6.075465933394426,0,22.590875577191653,10.723951285520968,45.559178984499276,33.269002130807706,-3.3519186793736964,1.8323690735357339,13.800978591650285,-0.7009652949053922,0,0.0783228794437261,46.0,76.0,-30.0,-4.434769324778472,-4.072087924796946,-8.577687245734111,0.10248521841154445,0.01191567369385882,0.014970974641002277,-0.006721662083715163,-0.005771567436209102
2018-01-02,1514869200,2018-01-19,1516338000,0.75,30.85989984132044,34.12196119524841,30.63,30.87,30.39,30.87,5984876.0,33.37,34.23,33.01,33.86,8071826.0,-0.03841942287627376,-12.516217316639342,-4.6293561724748855,-8.0434140578854,0,27.23537347147625,11.235216819973711,50.547430818651925,41.543536746552206,-5.0738319382945605,1.9574324132390828,16.78850394979486,1.5976478158620688,0,0.15331016812081563,50.0,92.0,-42.0,-6.277318369757808,-5.74154361644311,-10.472971890076693,0.11949444832241751,-0.014471352628470213,0.010927347903130435,-0.025103366804489102,0.0229607250755286
2018-01-09,1515474000,2018-01-24,1516770000,0.75,31.93929368237478,35.3274759662393,31.95,32.44,31.83,31.96,6237031.0,34.77,34.88,34.08,34.27,7597553.0,1.9892907190985198,-13.43078473719018,-4.07304736893299,-7.542554226242586,0,25.365408178720514,11.157963023029533,56.015156050240336,34.64539604566575,-3.9451108623608775,1.9698677725427403,21.2704871697835,-1.5021009020577414,0,0.060634623722826346,46.0,84.0,-38.0,-5.720747009045823,-4.929054457162579,-10.167269605063439,0.15326615448993708,0.014590020426028527,0.017799824919754847,-0.005544207761891018,-0.010109763142691963
2018-01-17,1516165200,2018-02-02,1517547600,0.25,32.872766606375606,35.3274759662393,32.92,33.28,32.43,33.16,3938049.0,33.9,34.2,33.26,33.45,6399380.0,4.498694684410594,-5.452356866772405,1.5102142501245481,-2.489785749875466,0,11.432281839898252,5.887939221272564,35.84428906175721,1.359783087798995,0.8835271023083919,2.0316655714897354,15.091540401813667,-1.2285401335256092,0,0.00023965441771653368,18.0,60.0,-42.0,-0.47683109118089817,-0.9712677088340627,-5.8579334305580915,-0.14792859426567695,0.013452914798206095,0.022421524663677195,-0.005680119581464971,-0.01675485008818345
2018-01-22,1516597200,2018-02-07,1517979600,-0.75,31.486162611538347,35.3274759662393,34.17,34.62,34.0,34.58,4420296.0,32.25,32.99,31.76,32.59,6993369.0,6.933451596206993,-2.275581083779926,4.984146466196165,-0.4377620947120846,0,3.4367239912089786,1.9712140175219102,15.598861933360483,-7.45144615103262,2.6418156042375927,2.838868633864224,12.713083829987212,1.279135085604356,0,0.005249701984650315,6.000000000000007,52.00000000000001,-46.0,2.3289352562135406,0.9651529780175849,-3.1073543267562087,-0.3100621189385928,-0.010432648051549642,0.012273703590058194,-0.02546793494937105,0.005553841406973348
2018-01-25,1516856400,2018-02-09,1518152400,-0.75,29.673635287683588,34.12196119524841,34.43,34.46,33.52,33.76,5836534.0,31.24,31.6,30.15,31.29,7188617.0,12.61743410497202,-0.5113299183309152,9.260679663364229,2.9167998295515076,0,-3.7057214887892016,-4.516325907842551,1.9573853461385065,-22.301503152113085,5.5820246297769955,3.3192884802832507,13.79627092256046,1.2964910030778163,0,-0.08951734675193881,-2.0,-48.0,46.0,6.053052093320545,4.050399353487649,0.7717599249315015,-0.43650646140967087,-0.0015979546180888704,0.009907318632150997,-0.03643336529242569,0.020547945205479312
2018-02-05,1517806800,2018-02-14,1518584400,-0.25,29.673635287683588,33.35968872241311,32.76,33.61,31.66,31.74,6150485.0,31.98,33.35,31.98,33.32,6556147.0,5.854950755055469,-7.055430947132308,2.4969987995198153,-3.8205282112845254,0,6.572596683903903,0.48250904704464326,2.029704686944707,-7.9776430740394275,-2.046762876615304,3.1364579227765548,10.788998617180312,1.2596548089848556,0,0.10827504254916628,-14.0,-48.0,34.0,-0.6002400960384335,-2.289837042718787,-5.02934910924256,-0.19040875994615292,-0.04021608643457386,0.0009003601440575881,-0.04021608643457386,0.032858028518288895
2018-02-08,1518066000,2018-02-21,1519189200,0.75,29.673635287683588,35.20415915448012,32.62,32.72,30.65,30.66,4953611.0,33.42,34.13,33.26,33.65,4707792.0,3.827504044725913,-7.625423806984443,1.2362555720653745,-4.959881129271906,0,8.029540963937329,-2.801848642403232,7.778972664769208,4.421128179018751,-3.135921302894289,2.864559967030419,2.142469195770012,0.9296215755665068,0,0.15698231519880626,-30.0,-48.0,18.0,-1.898959881129258,-2.3194046534468242,-5.14578787203115,0.03987582593612557,-0.0068350668647844115,0.014264487369985313,-0.011589895988112997,0.004477611940298498
2018-02-12,1518411600,2018-02-22,1519275600,0.25,31.486162611538347,35.20415915448012,31.61,32.36,31.36,31.95,4647743.0,33.82,34.0,32.97,33.03,2787421.0,5.3215409599009575,-5.812004175159856,3.0083762236350537,-3.373700676153007,0,3.996726230611465,-3.6183250656550974,7.312806951923425,-2.1048422725785088,-1.5701456223185772,2.9326191721323838,0.350961413982553,-0.5514376399571086,0,0.046171423541088524,-34.0,-48.0,14.0,-0.2452316076294352,-0.43958791456718416,-3.2333246263340953,0.017911963115736618,0.023917650620647768,0.0293672419013018,-0.0018165304268846771,-0.01842496285289741
2018-02-15,1518670800,2018-02-23,1519362000,-0.25,31.616129319813524,35.20415915448012,33.72,33.9,33.14,33.45,3295644.0,33.22,33.75,33.18,33.74,2543502.0,3.0970970155758124,-7.791821378349965,0.7330567081604329,-5.405058288875722,0,7.5526524931870895,-0.05924170616112566,8.442891563676909,4.312842978381703,-3.8314118670180335,2.8182685797314,-1.3125815262486604,0.5050024488678225,0,0.13711353611138988,-38.0,-48.0,10.0,-2.3473621813870835,-2.2932681112497733,-5.0629606494781,0.04639102582487478,-0.01541197391819804,0.00029638411381149865,-0.016597510373444035,0.021495610051468494
2018-02-22,1519275600,2018-03-08,1520485200,0.25,31.509354339559383,35.071279596255586,33.82,34.0,32.97,33.03,2787421.0,33.2,33.36,32.38,32.86,4486707.0,4.252939204844466,-6.084953812269873,2.3351592615135104,-4.110367214445105,0,2.7708411533178463,0.8284749923289229,0.5584219977044605,-14.724606677694666,-0.9083016985754142,3.0705582715020587,-2.915429203175062,-0.81906903357234,0,-0.24173184130740522,-46.0,-20.0,-26.0,-0.9160073037127034,-0.6385154692228525,-2.209664893130295,0.0024221881648920085,0.01034692635423018,0.015216068167985375,-0.01460742544126592,-0.0048455481526348265
2018-02-23,1519362000,2018-03-12,1520827200,-0.25,31.509354339559383,35.148992971239146,33.22,33.75,33.18,33.74,2543502.0,33.65,33.91,33.51,33.54,4055424.0,2.055457218514121,-6.351819770690653,0.6037567084078717,-4.995527728085875,1,6.258103318446246,7.1907957813998085,4.376860277955054,-11.230779390944967,-2.914014417858837,2.8372844595340374,-5.597721721929652,-0.7309933867714925,0,-0.21057649520810945,6.000000000000007,40.00000000000001,-34.0,-2.148181276088252,-2.151177273221492,-3.860948184923771,0.09227930328048115,0.0032796660703637848,0.0110316040548597,-0.0008944543828265372,-0.002379535990481796
2018-02-26,1519621200,2018-03-21,1521604800,0.25,31.509354339559383,35.148992971239146,33.81,33.88,31.85,32.37,14961929.0,32.54,33.11,32.36,32.65,3812404.0,3.7420726401434763,-3.4266055651052056,2.9019908116385977,-2.320061255742715,1,0.523363989846608,-2.971768202080238,0.662492883083647,15.320944242974988,0.37133056377906826,2.49581058974854,-7.911498305753273,0.7062616547222664,0,-0.0055988595241093266,-21.999999999999996,-11.999999999999996,-10.0,0.15773353751913533,0.34125456810238575,-0.8828186211087115,-0.045109980034559224,-0.0033690658499233583,0.014088820826952508,-0.008882082695252702,0.0033804548248310695
2018-03-09,1520571600,2018-03-22,1521691200,-0.75,30.128097840444084,35.148992971239146,33.13,33.66,32.94,33.62,4512615.0,32.19,32.36,31.15,31.21,5709931.0,8.737797568149091,0.23689003197905834,7.396667734700429,1.876001281640498,1,-8.54036940205794,-5.5101422948834395,-3.7173057662793267,15.861313700320679,4.977844057204379,2.767764006084972,-6.647273744602337,-1.059855244520766,0,-0.17657422256397795,-26.0,-76.0,50.0,4.487343800064082,4.497485957373712,3.545634964295786,-0.13584648604559593,0.03140019224607493,0.03684716437039404,-0.001922460749759769,-0.04410413476263397
2018-03-13,1520913600,2018-03-23,1521777600,-0.75,28.49271441020127,33.35968872241311,33.77,33.83,33.16,33.23,3346046.0,31.32,31.42,29.93,29.99,5600580.0,13.629577190481427,2.595831279008422,11.400466822274112,5.348449483161062,0,-14.25858287264721,-11.11440426793125,-10.31036552102317,7.23052071087978,8.695122158997194,3.029497666338437,-4.553615093040115,-1.0308287931377236,-1,-0.3272412809073184,-30.0,-80.0,50.0,8.112704234744925,7.915280010579778,7.453663701330441,-0.26372756002626424,0.04434811603867961,0.047682560853617995,-0.002000666888962943,-0.039090035245113786
2018-03-22,1521691200,2018-03-29,1522296000,-0.25,28.49271441020127,31.829239597098127,32.19,32.36,31.15,31.21,5709931.0,30.39,30.65,30.1,30.51,8115114.0,12.798277029963572,-1.9428198028249426,8.274882552168677,2.65705233256854,0,-8.335033038173577,-3.5714285714285685,-17.767707084070384,-3.1801805968486008,4.07003421783827,3.1206826298308115,3.1477780207098576,1.4252055720831613,0,-0.30397687362419745,-46.0,-80.0,34.0,5.4277286135693,4.104305325398741,4.81399076525237,-0.2717883908936768,-0.003933136676499527,0.004588659455915911,-0.01343821697804004,0.01026490066225172
2018-03-23,1521777600,2018-04-02,1522641600,0.25,28.392696817125778,31.829239597098127,31.32,31.42,29.93,29.99,5600580.0,30.48,30.52,29.4,29.87,4974195.0,15.553368656822755,-0.9300007291361112,10.272291038946534,4.570918424283008,0,-11.040176139917833,-6.976019931485514,-19.7078847570105,-9.402246170255822,5.525821506495518,3.227692265220228,5.106261444128791,-0.878050463207654,0,-0.26363169720842383,-10.0,-60.0,50.0,7.311683963843322,5.731542643646904,6.7829011035695,-0.2770257473588894,0.020421827920990898,0.021760964178105136,-0.01573485102109151,-0.020976728941330736
2018-03-26,1522036800,2018-04-16,1523851200,-0.25,28.392696817125778,31.829239597098127,30.55,31.41,30.31,31.34,6994825.0,31.03,31.2,30.49,30.79,3081476.0,5.899952455967991,-4.854158366978055,3.518458373930926,-2.223665692324346,0,-3.5942073614703602,-5.581110088929777,-10.602121838811234,2.184245824686087,-0.6247390354744056,3.0354671899701198,5.805786415794039,0.5639013421198026,0,0.029885447877113586,-46.0,-56.0,10.0,0.5228970444949681,0.9747521467436115,2.4101824982173667,0.07938804240853109,0.007794738551477831,0.013316011692107832,-0.009743423189347178,0.001952489424015491
2018-04-02,1522641600,2018-04-18,1524024000,0.25,28.38594668770636,31.823113076382512,30.48,30.52,29.4,29.87,4974195.0,30.07,30.4,29.58,29.82,7241873.0,7.410023503375697,-1.618608345763377,6.231276548177959,-0.0698636262016521,1,-7.898909377406014,-8.358942839582049,-12.735574883274841,-0.5268371061026969,2.3878507727783926,3.21026223286683,6.447429437109179,-1.312486194820777,-1,-0.041698585901137744,-46.0,-96.0,50.0,2.8957075788061672,3.5415482550604622,5.323960363583396,-0.009177333589005021,0.008383635144198598,0.019450033534540445,-0.008048289738430636,-0.006331222925691438
2018-04-03,1522728000,2018-04-30,1525060800,-0.25,28.38594668770636,31.823113076382512,29.98,30.5,29.85,30.39,3833249.0,30.98,31.12,30.15,30.15,3282152.0,4.317647428353254,-1.1203008280215982,4.364842454394704,-0.9784411276948646,1,-5.395652326481965,0.9373953799799049,-7.907887905533065,-12.29839353006031,1.5242146392769484,2.913702387163444,2.995548010038622,-0.6080270743806866,0,-0.17332256318383893,2.0,-16.0,18.0,1.598673300165828,1.9227803070293987,3.4538258445085006,0.060694037189059746,0.02752902155887238,0.032172470978441225,0.0,-0.023323615160349975
2018-04-17,1523937600,2018-05-07,1525665600,0.25,28.38594668770636,31.816871028263854,30.98,31.07,29.67,30.01,7963479.0,30.04,30.23,29.74,30.01,2792637.0,4.641217949758584,-1.7688420750502019,4.118627124291891,-0.9963345551482803,1,-5.201931419376365,-1.055060995713804,-11.478623200482541,-2.796434997491609,1.044270566500444,2.7878524615583675,4.386269776997036,0.5067345446070045,0,-0.10042506345063505,-18.0,-60.0,42.0,1.4361879373542052,1.2898103472113434,3.1453221513703085,-0.01541275683777893,0.0009996667777407708,0.0073308897034320974,-0.008997000999666827,0.0010006671114075605
2018-04-19,1524110400,2018-05-25,1527220800,-0.25,28.564636289610025,31.816871028263854,29.9,30.51,29.85,30.42,6099998.0,30.18,30.39,29.99,30.33,3838791.0,3.6000192717033457,-2.551552407212739,2.538740520936372,-1.4573030003296736,0,-3.644672094730275,-1.7492711370262477,-2.274826841002014,3.2751886613324643,1.1432099962034528,2.1371884853855576,-7.480279815970629,-0.8066298336504667,0,0.049368852424464676,18.0,32.0,-14.0,0.5242334322452962,0.9103155650729491,1.7134643395303186,-0.0119159399612771,-0.004945598417408492,0.001978239366963397,-0.011210023079459286,-0.0006589785831961903
2018-05-01,1525147200,2018-05-31,1527739200,0.25,28.564636289610025,31.617758401508354,30.03,30.21,29.47,29.92,7624168.0,29.74,29.96,29.39,29.85,10435178.0,5.966652269472533,-2.298310560929835,3.843104410943596,-0.2573981016192164,0,-4.904130453417842,-0.3671562082777017,-10.133473946001168,0.7643324675505525,1.4616624630675545,2.440086439187574,-2.1448893223160255,2.116464153606815,1,0.05533722149610185,6.000000000000007,-35.99999999999999,42.0,1.834170854271349,1.51518165928492,2.8050954814653437,-0.11492003015467112,-0.00368509212730328,0.003685092127303058,-0.015410385259631565,0.010152284263959421
2018-05-08,1525752000,2018-06-21,1529553600,-0.25,28.815805207426365,31.617758401508354,30.07,30.61,29.9,30.19,3878032.0,30.46,30.83,30.13,30.64,3135767.0,2.2436873004530327,-3.9571337756488703,1.1994125326370693,-3.0172976501305584,1,0.6098832598936212,0.36030134294136723,0.9354307571932029,-8.681609337158186,-0.26359878691800986,2.2063335636577217,-9.425638983505866,0.63639499059206,0,0.0775273409325369,-46.0,-28.0,-18.0,-0.8567232375979188,-0.4121649861950658,-0.008573789681463495,0.026060617630888825,-0.005874673629242766,0.006201044386422883,-0.01664490861618806,0.0009800718719372714
2018-05-29,1527566400,2018-06-27,1530072000,0.25,28.815805207426365,31.458652109664175,29.95,29.98,28.55,28.8,7369550.0,29.24,29.66,28.85,28.9,5376490.0,8.403084597427153,1.5242510427112848,7.219723183390997,2.7941176470588402,1,-12.154858398741318,-2.1996615905245416,-10.719211315570771,-24.349854293874742,4.667462048337924,2.41940033529524,-5.862549700023614,-1.0526524726232902,0,-0.050633209736448595,-10.0,24.0,-34.0,4.963667820069205,4.416597567486562,5.440971187647264,-0.15475624003697017,0.0117647058823529,0.02629757785467124,-0.0017301038062282892,-0.014660756904193661
2018-06-01,1527825600,2018-07-06,1530849600,-0.75,27.67136078052707,31.458652109664175,30.29,30.73,30.22,30.42,4439023.0,28.47,28.88,28.28,28.75,4008191.0,9.712074598931082,-2.477291990235443,5.991884057971021,1.4527536231884142,0,-10.374236552268655,-6.107119529719141,-24.158169633737696,-26.39572821124193,2.70015974366531,2.297905961366825,2.3181983046702506,0.8128821418595729,0,-0.12848998491677782,-34.0,-68.0,34.0,3.6173913043478194,2.5653611743793334,4.639095300498042,-0.14256703847816654,-0.009739130434782695,0.004521739130434854,-0.016347826086956507,0.004191407614390519
2018-06-22,1529640000,2018-07-12,1531368000,-0.25,27.67136078052707,30.128097840444084,30.63,30.83,30.03,30.09,6741621.0,29.32,29.34,28.79,28.91,5470331.0,7.429079673537032,-3.3578240526446166,4.429263230716003,-0.20927014873745975,0,-7.435869415006458,-5.430160287863919,-17.821595180962717,-28.880912280810435,1.0649144550573624,2.2808929290627358,-1.3762636182944732,-1.117364268503978,0,-0.25204597258036676,-34.0,-52.0,18.0,2.035627810446215,1.6466496865793232,3.606098911200135,0.0046719298076401405,0.014181943964026278,0.014873746108613028,-0.0041508128675199485,-0.005503955968352292
2018-06-28,1530158400,2018-07-13,1531454400,0.25,27.67136078052707,30.122974999281563,28.99,29.15,28.72,28.87,4027882.0,28.79,29.02,28.46,28.76,4532940.0,7.7011925784668165,-3.083668239106615,4.641863699582771,0.09040333796939137,0,-8.494669449935245,-4.925619834710739,-18.122852255642428,-28.1195975009838,1.1223826580217207,2.268100510455116,-1.3361166535547753,-0.9318749026020569,0,-0.17424100140223464,-38.0,-52.0,14.0,2.308762169680108,1.9694817642578215,3.9838580658164915,0.0007913830124418042,0.0010431154381083108,0.009040333796940025,-0.010431154381084884,-0.005188516084399852
2018-07-09,1531108800,2018-08-07,1533614400,-0.25,27.72117027309378,30.122974999281563,28.89,29.71,28.82,29.59,5234157.0,29.59,29.99,29.57,29.73,3861958.0,0.7589821398929786,-3.197596334309395,0.5521919497701475,-2.9291400381208774,1,1.7227065075985237,1.6062884483937077,0.38521660744371544,-8.900064698208439,-0.9314709639373149,1.848516680151733,-11.207332192091926,0.7299418078845679,0,-0.11966271393183998,-6.0,40.0,-46.0,-1.2193070972082154,-0.9461655120633168,-0.15403875849685278,0.07499832508127263,-0.00470904809956274,0.008745375042044978,-0.005381769256643132,0.007113821138211351
2018-07-13,1531454400,2018-08-08,1533700800,0.75,27.72117027309378,31.0584456417815,28.79,29.02,28.46,28.76,4532940.0,29.71,30.25,29.69,30.17,3178935.0,-0.26675674520517134,-4.688496817937022,-0.7474312230692846,-4.224395094464711,1,6.003243414689287,3.7839697282421785,3.5450860814535003,-2.553368370901474,-2.3521374885139323,1.8240286275672215,-12.090051361577821,0.6105161633109242,0,-0.10686643677945365,50.0,96.0,-46.0,-2.4776267815710895,-2.163076712595597,-1.5470497521986317,0.10356200041374967,-0.015246934040437532,0.0026516407026846434,-0.01590984421610875,0.014799865455768613
2018-07-16,1531713600,2018-08-20,1534737600,0.25,28.895320545346184,31.0584456417815,28.94,29.4,28.88,29.21,4471347.0,29.89,30.06,29.84,30.05,2325500.0,0.34300452538185766,-3.630858102752896,-0.1331114808652245,-3.1514143094841955,1,4.018492979808542,1.4859844647078733,4.91558148738409,8.15942818846922,-1.3456197514181554,1.7148167778048702,-14.144826153381588,0.48248423507918287,0,0.0992770002639935,18.0,40.0,-21.999999999999996,-1.6439267886855191,-1.4125431599284468,-1.1602362220832703,0.0477287682780435,-0.0053244592346090025,0.00033277870216297245,-0.006988352745424309,0.004009355162044814
2018-08-08,1533700800,2018-09-07,1536292800,-0.25,29.097942882128663,31.0584456417815,29.71,30.25,29.69,30.17,3178935.0,30.43,30.43,30.01,30.17,3952357.0,2.1212671569199415,-2.7178863150240034,1.0739144845873057,-1.7069937023533583,0,2.5126966926135736,1.0381781647689292,11.918624943472196,7.846309620450995,0.415208128557623,1.5081046610843505,-14.311330262991836,-0.9566202510878103,0,0.005384022226248785,22.0,36.0,-14.0,-0.2983095790520309,-0.17130348083279046,-0.7426894403664477,-0.009394556310766466,0.00861783228372559,0.00861783228372559,-0.00530328140536962,-0.00429042904290422
2018-08-09,1533787200,2018-09-10,1536552000,0.25,29.097942882128663,30.99860845075845,30.11,30.23,29.84,29.86,3064056.0,30.26,30.26,29.92,29.98,2124193.0,2.7314952489772395,-1.9443037880032392,1.7767400489214964,-0.9784300644874406,0,0.21617496089072574,1.2153950033760952,9.986041336738214,3.1651355045472727,1.0666822575469155,1.4902642931570884,-14.722007124117644,-0.5189172236845233,0,-0.06920199718690434,18.0,36.0,-18.0,0.39359573048700724,0.41742702386071073,-0.10918395294700645,-0.03442829737835479,0.009339559706470935,0.009339559706470935,-0.002001334222815121,-0.006297646668876444
2018-08-21,1534824000,2018-09-11,1536638400,-0.25,29.263682432135553,30.99860845075845,30.06,30.58,30.04,30.36,3630733.0,29.97,30.36,29.92,30.18,5834195.0,1.8628520479297777,-2.1179878994870904,1.195604152860625,-1.5048597305058422,1,2.5170686343789725,2.9682702149437086,9.32422049867101,5.244174973946947,0.3324936429955443,1.4787835028283713,-15.448196856581404,1.4368177295628226,1,-0.05815473820935022,14.0,36.0,-21.999999999999996,-0.1275679257786635,-0.22440786813791647,-0.7409097120273316,-0.03723336231290933,-0.006958250497017926,0.005964214711729587,-0.008614976805831565,0.006671114076050699
2018-09-10,1536552000,2018-09-19,1537329600,0.25,29.222935330223823,30.871223005371327,30.26,30.26,29.92,29.98,2124193.0,29.33,29.87,29.26,29.73,3868545.0,3.7069805054079694,-1.6854534283813933,2.5737190267967236,-0.41316291064022437,0,-1.2158077256354574,-2.075098814229246,-5.878155213595818,-4.499383804141047,0.6465565082565519,1.6118186752758539,-9.952730287314353,0.9501796013822252,0,-0.15393744008647042,-10.0,36.0,-46.0,1.010763538513288,0.3194105798048241,0.4152005876874654,-0.10364156791927033,-0.01345442314160783,0.004709048099562851,-0.015808947191389144,0.015022191874359825
2018-09-11,1536638400,2018-09-21,1537502400,-0.25,29.222935330223823,30.9408266836186,29.97,30.36,29.92,30.18,5834195.0,30.26,30.29,30.02,30.15,6890377.0,2.1930610635945413,-3.0520992062147627,1.1149806522940935,-1.8402432283029242,0,3.049343968777329,-0.13249420337861112,-1.4802407427163904,4.885790395592544,-0.7142972546382964,1.5575817168402446,-11.55182759576411,-1.680195368377651,0,-0.12954159539696994,-18.0,-44.0,26.0,-0.4295190713101107,-0.8739309025490343,-0.9042352476225801,-0.014068206954418627,0.003648424543946982,0.004643449419568846,-0.0043117744610281505,-0.0009940357852883386
2018-09-12,1536724800,2018-09-25,1537848000,0.25,29.203253314546302,30.9408266836186,30.15,30.35,29.58,29.69,4660166.0,29.85,29.88,29.51,29.53,2955640.0,4.117835041285218,-1.2495654849019076,3.0731459532678684,-0.0016931933626693763,0,-3.4063935567671564,-3.116797900262465,-3.287021213841542,-7.913985437512025,1.081447132889906,1.5999682095865737,-11.559187766172846,-0.7298485939754417,0,-0.2650392947362991,-26.0,-44.0,18.0,1.4341347781916483,1.0466319248745037,1.111405024862961,-0.03234844518220978,0.010836437521164921,0.011852353538774008,-0.0006772773450728353,-0.006727211570803915
2018-09-20,1537416000,2018-09-28,1538107200,-0.75,28.319695291145774,30.9408266836186,29.91,30.29,29.85,30.18,3370702.0,28.45,28.7,28.3,28.37,5218123.0,8.787268261409807,0.6522805577653799,6.571495711432249,3.1876395253201792,0,-12.969421663857034,-5.747508305647841,-14.814947127971726,-10.475475872069076,4.178573593716294,1.7094854633368568,-6.514958574240644,-1.2963258757448717,-1,-0.34380036520496804,-38.0,-88.0,50.0,4.7197744095876,4.087567891984094,4.767392244078849,-0.15592027761456628,0.0028198801550933794,0.011632005639760301,-0.002467395135706707,-0.00942737430167595
2018-09-24,1537761600,2018-10-02,1538452800,-0.75,27.429369862060145,30.067888655294844,30.06,30.26,29.64,29.73,3484840.0,28.13,28.34,27.93,28.01,4535978.0,10.355657205070983,0.2119972040685667,7.239081280495057,3.779602522908476,0,-15.50659617770765,-7.649192218925147,-22.20402505878533,-18.858082440145807,4.530742661477262,1.7443076704625284,-2.2235341521835394,-1.1470279897883466,0,-0.4004166756456186,-46.0,-96.0,50.0,5.283827204569789,4.505769537726451,5.672048169109772,-0.19788054083461204,0.004284184219921272,0.011781506604783942,-0.00285612281328107,-0.007441530829199072
2018-09-26,1537934400,2018-10-09,1539057600,-0.25,27.429369862060145,29.232751400918584,29.68,29.68,28.95,28.99,4358746.0,28.76,28.95,28.57,28.67,4130250.0,5.805221803652188,-2.7916187342416947,3.5635391233577565,-0.147657249157092,0,-6.582368730044038,-5.003313452617621,-18.664096127971668,-11.261793551823935,1.1955722219533413,1.8161798968415859,-2.7291100477107797,-1.0947954813098126,0,-0.34697061837099447,-46.0,-76.0,30.0,1.5068015347052608,1.2898663537616102,2.6575286204316484,-0.02952420851898019,0.0031391698639693377,0.009766306243460088,-0.0034879665155215234,-0.006583506583506482
2018-10-01,1538366400,2018-10-10,1539144000,0.25,27.329813050550566,29.232751400918584,28.54,28.7,28.08,28.22,3715983.0,28.76,28.99,28.06,28.07,5777990.0,7.945086136336528,-1.1691687868531204,5.538534615841357,1.69101056881604,0,-11.196431084239634,-5.456382620410915,-20.10560616772977,-18.483592050559636,2.92205964594649,1.959154179224967,-2.0053159952728308,-1.5175450149069507,0,-0.4549425200286641,-46.0,-72.0,26.0,3.3879586747417108,3.125907847531792,4.661578499019271,-0.05071081021757917,0.024581403633772814,0.03277520484503027,-0.00035625222657642563,-0.020927799093128807
2018-10-03,1538539200,2018-10-15,1539576000,-0.75,26.287208112855016,29.232751400918584,28.25,28.76,28.05,28.56,5004525.0,26.54,26.75,26.23,26.37,6345637.0,16.297868903800918,0.7783540768588892,11.262166603463527,6.434711161673619,0,-20.76185609571128,-10.122699386503063,-32.412419920206716,-32.40906710585644,6.405818513100854,2.542875313441843,4.782761506890701,-1.5955170276020976,0,-0.4962289240284535,-46.0,-96.0,50.0,8.538111490329896,7.549479111861473,10.2610122863165,-0.22821614441341548,0.006446719757299935,0.014410314751611697,-0.005309063329541175,-0.007153614457831248
2018-10-10,1539144000,2018-10-16,1539662400,-0.75,25.069992716310875,28.319695291145774,28.76,28.99,28.06,28.07,5777990.0,26.5,26.53,25.78,26.27,7843473.0,16.983535380482294,-0.2305852472504739,11.16419236137547,6.169902296662855,0,-21.23320368273778,-10.310686241037896,-35.61950669977941,-33.091283527916616,5.779972526125903,2.5741559796644684,7.273657238186232,-1.938906057501544,0,-0.385681540702714,-21.999999999999996,-72.0,50.0,8.376475066615896,7.20089096636751,10.261882118212952,-0.24572603683137628,0.00875523410734691,0.009897221164826941,-0.018652455272173518,-0.003792188092529458
2018-10-11,1539230400,2018-10-17,1539748800,-0.25,25.069992716310875,27.528050981074575,27.94,28.06,27.11,27.21,8104162.0,26.24,26.75,25.89,26.4,6821886.0,16.129093607180025,-1.7048511829376167,10.044191919191931,4.979797979797979,0,-19.695696343840837,-11.200807265388503,-37.47601025859,-25.012807933445472,4.575524570032513,2.6112013220108565,9.018748721470182,1.6620476060196638,0,-0.3167468604457319,-26.0,-72.0,46.0,7.212121212121204,6.037483239615838,9.337791532254357,-0.2307591624642823,-0.0060606060606061,0.013257575757575912,-0.01931818181818179,0.004948610582413471
2018-10-16,1539662400,2018-10-18,1539835200,0.25,25.032139735222568,27.528050981074575,26.5,26.53,25.78,26.27,7843473.0,26.27,26.45,25.65,25.69,8158507.0,18.838322698233753,-0.23575360520143818,12.342675489814454,6.998183469573107,0,-23.04096124991868,-14.877402253147775,-40.4736351690633,-25.747107119990417,6.565917055223153,2.714130828321543,10.805200080899866,-1.9406079936634786,0,-0.35527019606334115,-30.0,-80.0,50.0,9.301284546516158,8.113962433022465,11.874893813969138,-0.2493019589395582,0.022576878162709146,0.029583495523549885,-0.0015570260801869296,-0.026893939393939248
2018-10-17,1539748800,2018-10-23,1540267200,-0.25,25.032139735222568,27.639057320656576,26.24,26.75,25.89,26.4,6821886.0,26.0,26.86,25.86,26.66,9577787.0,11.572584951696967,-4.558331388306087,6.7791947986996774,0.8639659914978779,0,-11.413827734468299,-9.71892990179479,-34.13084468232614,-16.35432631448134,1.3231073318080746,2.997948850716755,10.163252089880423,2.093216761223102,0,-0.28432754110917013,-42.0,-80.0,38.0,3.5071267816954474,3.009287061597419,6.884551110353755,-0.08230905575167191,-0.024756189047261845,0.0075018754688671585,-0.030007501875468856,0.01330292664386179
2018-10-18,1539835200,2018-10-24,1540353600,0.25,24.830456396550343,27.639057320656576,26.27,26.45,25.65,25.69,8158507.0,26.55,26.64,25.72,25.77,7593397.0,14.956008786260952,-2.041767420331553,9.890053033242793,3.6968050704953868,0,-15.835227490092862,-11.10727837185236,-34.158843474857925,-22.213443661521197,4.198356935763982,3.140498676981576,10.18825122261709,-1.629046051459966,0,-0.32865806126415537,-46.0,-80.0,34.0,6.457120682964714,5.941431099620374,10.161203175526737,-0.09183445663509515,0.030267753201397074,0.033760186263096736,-0.0019402405898332198,-0.03338334583645919
2018-10-19,1539921600,2018-11-01,1541044800,-0.25,24.830456396550343,27.75690613513793,26.23,27.14,26.05,26.75,7005327.0,27.86,28.08,27.58,27.72,6292467.0,4.0288779705879705,-9.288618230328254,0.5976430976431146,-5.444925444925431,0,-0.6550122304748953,-3.616133518776087,-15.876009792782202,5.29183139290933,-4.15860475252002,2.845900387706058,4.614948767718648,1.2512817378066903,0,-0.08268065540649991,-21.999999999999996,-31.999999999999996,10.0,-2.6298701298701417,-1.9348116841462684,1.332239378579942,0.22655198188953451,0.005050505050504972,0.01298701298701288,-0.005050505050505083,0.0014450867052022698
2018-10-24,1540353600,2018-11-13,1542085200,0.75,24.830456396550343,29.17704013134133,26.55,26.64,25.72,25.77,7593397.0,27.88,28.32,27.85,27.93,3923908.0,3.4425136780106556,-8.784439922192561,-0.0023869196801626913,-5.2189998806540245,0,0.3195494299735202,6.318995051389418,2.712917219268108,26.421313339071645,-1.5498753148203974,2.4747831761961128,0.11507583892273487,0.7447918261455074,0,0.011508460874330337,38.0,60.0,-21.999999999999996,-2.670963122090953,-0.9542989559724759,0.5344271269413241,0.1903426642026908,-0.00179018976011458,0.013963480128893702,-0.0028643036161832836,0.0017934002869439691
2018-10-25,1540440000,2018-11-19,1542603600,0.25,26.287208112855016,29.17704013134133,25.97,26.68,25.93,26.4,6036867.0,26.88,27.12,26.32,26.64,6314565.0,8.05144813949859,-3.1040006920511445,5.117617617617626,-0.14139139139139445,0,-8.560846265430357,1.2542759407069626,-6.47163540600848,6.958171481049426,3.5808513471510253,2.73565078820696,-0.39909864519550453,-1.134902082745399,0,-0.12535804877787285,22.0,60.0,-38.0,2.4737237237237224,2.8366441481281015,4.724937393278239,-0.05316774442155893,0.009009009009008917,0.018018018018018056,-0.012012012012012074,-0.008559732043170842
2018-11-02,1541131200,2018-11-23,1542949200,-0.75,25.109646643744796,29.17704013134133,28.01,28.29,27.5,27.81,5066451.0,26.07,26.33,25.95,26.08,1764101.0,10.389779922859148,-1.1681541559879776,7.159381390593069,2.1248721881390793,0,-11.367785163790828,-1.2121212121212133,-14.285320636232163,-8.292105647013237,4.823746614833425,2.7087318816100705,2.290661900675211,-0.3230585298546952,0,-0.13454002291823217,10.0,44.0,-34.0,4.610812883435585,3.821298418329121,6.222350356649642,-0.14324848121733286,-0.0003834355828220559,0.009585889570552064,-0.00498466257668706,-0.008741923223109072
2018-11-14,1542171600,2018-12-03,1543813200,-0.25,25.109646643744796,27.75690613513793,28.03,28.1,26.61,26.83,9392017.0,27.37,27.5,26.82,27.09,6476786.0,5.660618869187857,-4.951870253462474,2.711947828226897,-1.9502891595914775,0,-1.974676272935504,-2.588996763754041,-8.939612223425053,4.776563988055081,-0.900649822724489,2.5417599535161957,-2.6789163984661606,1.1346856883716092,0,-0.09767061903775065,-14.0,-40.0,26.0,0.35437430786267043,-0.37337402646461726,1.6066988491445784,0.03905454625242055,0.010335917312661591,0.015134736064968735,-0.009966777408637828,0.0051948051948051965
2018-11-20,1542690000,2018-12-06,1544072400,0.25,25.02257675849884,27.71421969274711,26.42,26.56,26.0,26.11,5836916.0,25.1,25.38,24.46,25.03,8540398.0,14.487412011321751,0.594489706616713,10.53735517379144,4.772273272073505,0,-14.599309534433203,-10.479256080114448,-16.596550616597607,0.75409895502235,5.767624832930579,3.1620648765944908,-0.42252366598561153,-1.4455258930351684,0,-0.02519072962226329,-21.999999999999996,-72.0,50.0,7.540950858969239,6.575020854061719,9.276260380627548,-0.12255332746794906,0.0027966440271673942,0.013983220135836971,-0.02277267279264883,-0.019200626959247624
2018-11-26,1543208400,2018-12-10,1544418000,-0.75,23.581414099676593,27.71421969274711,26.46,27.04,26.42,26.72,9677111.0,24.32,24.35,23.38,23.75,8866989.0,20.718818102271612,2.401181897728378,14.929824561403521,8.647719298245633,0,-20.099914610211044,-16.314305849189566,-26.130038172091986,-6.7589368549650715,9.555169530072092,3.4551569865813225,3.0590745780081114,-1.4703259760011727,0,-0.15340376563744068,-30.0,-80.0,50.0,11.559999999999988,10.34173726542609,14.112170596448891,-0.27916605709720577,0.02400000000000002,0.025263157894736876,-0.015578947368421137,-0.02902698282910876
2018-12-04,1543899600,2018-12-18,1545109200,-0.75,22.086411603039043,26.410031676422868,26.86,27.01,25.25,25.52,7908069.0,22.43,22.71,21.99,22.09,8429873.0,29.42211441844995,-2.310299117408775,17.37664101403351,10.486645540968766,0,-26.01699592530254,-17.789356159285454,-47.14616944873672,-29.363875364221457,10.79945783598599,3.5801110013579196,14.887783482689848,-1.3310472008511454,-1,-0.37202978707176454,-42.0,-92.0,50.0,13.555907650520595,11.424835130655936,18.466412068382468,-0.3501192544754008,0.015391579900407404,0.028066998641919527,-0.004526935264825727,-0.008972633467922764
2018-12-07,1544158800,2018-12-31,1546232400,-0.75,20.62313956213339,25.02257675849884,24.95,25.22,24.3,24.46,5504420.0,21.96,22.28,21.69,22.03,6251761.0,21.26866918986343,-11.62727109635459,8.955969133000451,1.3527008624602672,0,-17.125651178110672,-17.490636704119844,-47.402402724482485,-23.918086086775915,0.293039586206973,3.5885973909080335,21.819202730049497,0.9589959472220733,0,-0.32510272800201745,-21.999999999999996,-56.0,34.0,4.820699046754413,4.237194306471849,13.082462856213866,0.05534741665327125,-0.0031774852473899218,0.01134816159782126,-0.015433499773036763,0.005476951163852162
2018-12-11,1544504400,2019-01-04,1546578000,-0.25,20.62313956213339,23.581414099676593,24.0,24.32,23.36,23.48,6685612.0,22.97,23.52,22.89,23.43,4838723.0,5.462548861123423,-13.046842501755094,-0.25394793000427285,-7.031583440034126,0,-4.833342670609106,-8.189655172413794,-33.38485907694014,-6.145179102830674,-6.470214191627321,3.4342852219405433,15.781725857087771,0.7664271717347299,0,-0.11092136373140607,-34.0,-56.0,22.0,-3.7921468203158355,-2.0859667087458718,5.335494198453247,0.2890093350852676,-0.01963294921041403,0.003841229193341844,-0.023047375160051176,0.04087072412261206
2018-12-19,1545195600,2019-01-15,1547528400,0.75,20.62313956213339,24.9764239005815,22.0,22.44,21.34,21.49,7166979.0,24.44,24.56,24.05,24.53,4544858.0,2.027857741480645,-16.976899730881385,-4.692893056121747,-10.616252208180455,0,3.275757817282738,9.362460989745882,-1.4565121274923678,40.79744311908533,-5.894174961547435,3.008150452530299,3.831848546208864,0.7255761922293353,0,0.43646512309791546,50.0,56.0,-6.0,-7.47452099470037,-4.013432635314942,0.03947423707704445,0.41392348590020056,-0.003668976763147147,0.0012229922543822713,-0.01956787607011823,0.001224489795918382
2019-01-02,1546405200,2019-02-06,1549429200,0.75,22.086411603039043,26.307484169191,21.81,22.66,21.69,22.61,5305884.0,25.62,25.93,25.62,25.82,3907034.0,4.304338557724364,-7.47242531217826,0.2943454686289897,-3.845855925639029,0,7.424037878408377,8.853288364249586,23.73959290154839,8.225964026788503,-0.18575895234771167,2.2094899535326213,2.8740685894234126,0.6225614847733063,0,0.14532671777871034,2.0,44.0,-42.0,-1.5840433772269478,-2.0179470467701464,-2.7431676685691,-0.01932776913148815,-0.0077459333849728695,0.004260263361735017,-0.0077459333849728695,0.004278490859587647
2019-01-07,1546837200,2019-02-14,1550120400,0.75,23.53250384033038,27.405017966365975,23.45,24.0,23.23,23.72,9053512.0,26.9,27.12,26.59,26.85,6835093.0,1.0837185517513745,-6.51388614951675,-0.9621353196772162,-4.656734947237737,0,12.194028599108236,6.717011128775839,31.341359827736532,8.73158913175046,-2.411558599735031,2.120130723680018,5.2844656226621325,-1.073985814818667,0,0.06921752656924372,46.0,92.0,-46.0,-2.715083798882688,-3.2862308758385126,-5.163137021346188,0.05880406471148203,0.0018621973929235924,0.010055865921787754,-0.00968342644320308,-0.011413843888070652
2019-01-16,1547614800,2019-03-04,1551675600,0.75,24.9764239005815,28.43748720378092,24.85,25.29,24.67,25.16,5137060.0,27.72,28.05,27.31,27.56,3816232.0,3.788534728390516,-6.930769851757688,0.0665215287856995,-3.3696178035800557,0,11.436766848105037,7.782557684786854,32.291248797887754,12.61009310219108,-0.2504686065405224,1.971807526247968,10.380557214709334,-0.6682490622274185,0,0.13221840621048073,18.0,52.0,-34.0,-1.571117561683593,-1.6206639841097115,-4.721745678728482,-0.06904090395449236,0.005805515239477588,0.01777939042089982,-0.00907111756168355,-0.003975424647632897
2019-02-07,1549515600,2019-03-06,1551848400,0.25,26.307484169191,28.43748720378092,26.19,26.94,26.19,26.61,10023179.0,27.26,27.32,26.69,26.72,3313107.0,6.412251333320199,-2.4040178003860433,3.844186626746506,0.08295908183633571,0,2.1532096183617355,3.928432516530525,24.984034790018086,-1.4555696490019514,3.038404075169325,2.0786175620481444,7.287430694677482,-0.5951099000823169,0,0.0396387423780737,10.0,52.0,-42.0,2.004116766467078,1.401767444350682,-1.5077008250615478,-0.158738758207978,0.02020958083832336,0.022455089820359264,-0.001122754491017841,-0.022319795096963024
2019-02-15,1550206800,2019-03-12,1552363200,-0.75,25.40253365612105,28.43748720378092,27.13,27.48,27.04,27.45,3463359.0,26.36,26.48,26.1,26.22,3654829.0,8.664152394961661,-1.0592706253201385,5.645817442156115,1.9234680905161525,0,-2.0809045713964665,-1.093926820067909,4.776670948754324,-10.29930469927416,3.6924396854604,2.0149521213467065,1.6480583105523756,-0.6962081219222113,0,-0.1877965963544078,-6.0,40.0,-46.0,3.8024408848207543,2.1526092072680996,0.2763756279879743,-0.27290726836179463,0.005339435545385296,0.009916094584286883,-0.004576659038901476,-0.0011428571428572232
2019-03-05,1551762000,2019-03-19,1552968000,-0.25,25.40253365612105,27.405017966365975,27.51,27.55,26.94,27.33,3877832.0,27.5,27.51,26.7,26.73,3931759.0,6.299945321298139,-3.426769114788627,3.3295922184811104,-0.34044145155256444,0,1.9943274658171006,-3.606202668589974,4.242825277599709,8.21155073944707,0.43649700208811737,1.9486697361560796,-3.940189112314929,-0.7623260752702224,0,-0.05405029527743755,-26.0,-48.0,22.0,1.4365881032547492,0.2707921457906366,-1.2785982465871086,-0.08464475993112816,0.028806584362139898,0.029180695847362603,-0.001122334455667784,-0.018362100624311428
2019-03-07,1551934800,2019-03-20,1553054400,0.25,25.398529105781837,27.36304888296641,26.51,26.54,26.05,26.12,4786338.0,26.64,26.77,25.62,25.62,6218762.0,10.640197754968142,0.027249551823388174,7.513010668748365,3.508326827998957,0,-7.064658565900572,-9.052183173588926,-1.0211346129884873,-0.7645462893099833,4.22019264459243,2.208495724927166,-4.190251137228358,-1.2191531375090263,0,-0.1313827075968698,-30.0,-80.0,50.0,5.333723653395765,4.175545903651724,2.8809679742905985,-0.14778848609680997,0.03981264637002346,0.04488680718188909,0.0,-0.041526374859708226
2019-03-13,1552449600,2019-03-21,1553140800,-0.75,24.352521352167813,27.36304888296641,26.41,26.68,26.19,26.55,3767207.0,25.48,25.48,24.84,24.89,6775795.0,14.169011549577462,1.4878787678190832,10.113164590866461,5.954868086246151,0,-11.68589877326027,-10.628366247755837,-7.601283139740124,-8.847591206892616,6.3247623039875265,2.334734506526551,-3.462994176877455,-1.3156945013443868,0,-0.189238079012062,-34.0,-84.0,50.0,7.828445158698273,6.54225685392791,5.667060222283894,-0.22732617370482075,0.023704298915226962,0.023704298915226962,-0.002008838891120912,-0.02849336455893836
2019-03-20,1553054400,2019-03-29,1553832000,-0.75,23.192228438097647,26.416998994289248,26.64,26.77,25.62,25.62,6218762.0,24.5,24.56,24.21,24.31,4453922.0,16.413412359884987,-4.6569335445826425,8.414918414918418,3.7008089949266463,0,-11.157836742260244,-12.143115287314792,-28.13558445801658,3.1266509417067994,3.4801019254407493,2.4361430001530864,3.82241698999157,0.8585377562179636,0,-0.060748483391908414,-46.0,-80.0,34.0,5.878239407651179,4.47597235374117,6.181677177619235,-0.24991101685964356,0.007815713698066773,0.010283833813245602,-0.004113533525298196,0.002061005770816138
2019-03-21,1553140800,2019-04-02,1554177600,-0.25,23.192228438097647,25.4709568451743,25.48,25.48,24.84,24.89,6775795.0,25.24,25.68,25.06,25.44,4723504.0,9.380389037494382,-8.684634320513254,2.7260220125786105,-1.798349056603783,0,-2.0591123395730904,-6.915477497255752,-21.168172417006872,4.369713310906903,-1.529779184148211,2.442045617619477,0.8276712953341381,0.9397903465700734,0,0.0012913468216772309,-46.0,-72.0,26.0,0.3478773584905497,-0.20253688917048862,1.3229830843846315,-0.04250123016291185,-0.007861635220125951,0.00943396226415083,-0.01493710691823913,0.007923930269413848
2019-03-22,1553227200,2019-04-08,1554696000,0.75,23.192228438097647,26.591628265164587,24.69,24.72,23.42,23.76,8163304.0,25.74,26.07,25.69,25.93,2710750.0,6.5823568456045365,-10.377189086252443,0.47821056691093133,-4.10721172387197,0,1.4975361049565166,-1.21904761904762,-8.849980487057497,8.081276053130388,-4.46617187856701,2.333685060953351,-4.183680332410006,0.5476962969390122,0,-0.041661703731725286,-46.0,-56.0,10.0,-1.8974161203239532,-1.5227763081569634,-0.5639111707420028,0.16957051497907916,-0.007327419976860816,0.005399151561897408,-0.009255688391824113,0.002706883217324041
2019-04-01,1554091200,2019-04-09,1554782400,0.25,24.352521352167813,26.591628265164587,24.59,25.31,24.53,25.24,5191488.0,25.72,25.86,25.26,25.4,4195086.0,8.528868567981633,-8.552490615225736,2.4685039370078528,-2.2992125984252,0,-2.5483603692435466,-3.1273836765827623,-8.306082840326827,9.740900167109565,-2.7052752028271954,2.400624007864918,-5.388594436081572,-0.8461379039920093,0,0.00864213453720971,-14.0,-20.000000000000007,6.000000000000007,-0.011811023622044559,0.4813906941513153,1.4516839461095685,0.14629880837550574,0.012598425196850505,0.018110236220472586,-0.005511811023621971,-0.020439645198611744
2019-04-03,1554264000,2019-04-18,1555560000,-0.25,24.373391548778457,26.591628265164587,25.83,26.06,25.42,25.54,5491977.0,26.32,26.84,26.13,26.45,8091353.0,2.2201164090672734,-11.18419958487064,-2.2299936988027724,-6.91430371770636,0,5.23556901712255,6.267577340297303,3.2036059478753085,23.199440901048277,-2.4756758192402515,2.343301687469779,-9.577436309748029,1.5995803671828666,0,0.17742685654087112,-42.0,-20.000000000000004,-21.999999999999996,-4.482041587901691,-2.518086701889061,-2.352102320163496,0.16327736068232845,-0.004914933837429025,0.014744801512287298,-0.012098298676748609,0.01031321619556902
2019-04-09,1554782400,2019-05-02,1556769600,0.75,24.373391548778457,27.671367272845913,25.72,25.86,25.26,25.4,4195086.0,27.09,27.52,27.07,27.35,4394836.0,0.9992361374120122,-7.895031384212757,-1.514929920780034,-5.67215112736136,0,10.160161287855871,7.086922474549735,19.538914594967466,19.840234277682043,-2.6665293719791663,2.1179755434676903,-4.388482635051663,0.8951569185125257,0,0.29896165797785884,50.0,96.0,-46.0,-3.4478976234003795,-2.962379172820249,-4.239172398633741,0.12074562611416717,-0.009506398537477256,0.006215722120658018,-0.010237659963436951,0.009970457902511276
2019-04-10,1554868800,2019-05-03,1556856000,0.75,25.4709568451743,28.70256953574869,25.53,25.64,25.12,25.51,5810344.0,27.48,27.84,27.41,27.77,4314146.0,0.21849299384284393,-9.37945806406249,-2.729564277997838,-6.719481454807337,0,13.065022458612994,7.013487475915222,21.9589178762742,19.66889925723845,-3.7732647966979442,2.06298216081058,-3.095597999024303,0.8798220837250659,0,0.3100945958313855,50.0,96.0,-46.0,-4.580482535109823,-4.0080942729496485,-5.464443142923997,0.13353894976468944,-0.010442924018725264,0.0025207057976233127,-0.012963629816348576,0.01535648994515526
2019-04-22,1555905600,2019-05-10,1557460800,0.25,26.55698176325615,28.70256953574869,26.54,26.83,26.22,26.7,7793964.0,26.98,27.28,26.59,27.2,4737272.0,2.500817055275377,-4.923611172922435,0.6966911764705799,-3.545955882352942,0,6.496496303186511,5.836575875486381,17.945239268234626,1.793466940156783,-0.4041949820699102,2.1823980207059472,-6.275161583241761,0.957741288476442,0,0.31244473216822527,30.0,68.0,-38.0,-1.2113970588235219,-1.2768704321658788,-2.8763722844301043,-0.01655982543760487,-0.008088235294117618,0.002941176470588225,-0.022426470588235325,0.0062893081761006275
2019-05-03,1556856000,2019-05-24,1558670400,-0.75,25.47735610570839,28.70256953574869,27.48,27.84,27.41,27.77,4314146.0,25.81,26.04,25.67,25.99,4057422.0,7.444855311377935,-1.927348578018922,4.713351288957313,0.6502500961908453,0,-3.1727587377746644,-3.382899628252789,-4.621427337646413,-9.381474943876093,1.6639578848312908,2.3344766455234622,-7.406074427050598,0.8270427918556404,0,0.08674396519095738,-10.0,-56.0,46.0,2.7587533666794997,1.5927223715603418,1.3075249895200471,-0.12552983585036023,-0.006925740669488256,0.0019238168526356514,-0.012312427856867925,0.012465913517724747
2019-05-06,1557115200,2019-05-28,1559016000,-0.75,24.39382087456452,27.671367272845913,27.08,27.78,27.08,27.61,3609380.0,25.85,26.01,25.47,25.47,4026949.0,9.641449732149198,-0.6151442747483316,6.570475068708291,2.3773066352571703,0,-6.868605424426612,-6.429096252755327,-7.203817779570613,-9.808813073911551,3.3558128665020206,2.3634237035812786,-6.397227404872432,-0.8273357681542346,0,0.03773340744146174,-14.0,-64.0,50.0,4.513152728700433,3.3176327599233844,3.243451464932761,-0.14753236682711762,0.01491951315272888,0.021201413427561988,0.0,-0.02000769526741053
2019-05-13,1557720000,2019-05-29,1559102400,-0.25,24.39382087456452,26.623822314436193,26.6,26.76,26.0,26.05,4300915.0,25.09,25.66,24.99,25.62,3064300.0,8.77532681513398,-1.6363728729013474,5.631667967733534,1.3888888888888857,0,-5.537639006614086,-6.222547584187406,-8.647991371000728,-7.937871953234321,2.31264778436973,2.368554763278681,-4.835107436432313,0.633494832238462,0,0.10132626065845278,-18.0,-64.0,46.0,3.569476971116316,2.454373483345833,2.5354921337343796,-0.14385715019293993,-0.020686963309914153,0.0015612802498048417,-0.024590163934426368,0.005889281507656108
2019-05-28,1559016000,2019-06-03,1559534400,0.25,24.367950727834337,26.56963882034199,25.85,26.01,25.47,25.47,4026949.0,24.51,25.21,24.42,24.98,4615984.0,10.82016534724761,-1.316562464941768,6.9735788630904665,2.4779823859087315,0,-8.598046810478728,-10.046813107670145,-16.061101213761283,-0.09130036923910723,3.218312517405934,2.549812058952321,-1.5574985795846636,0.9764141232023558,0,-0.023948361315785517,-30.0,-76.0,46.0,4.751801441152921,3.7206705766060963,4.56324703693231,-0.18750509674336055,-0.01881505204163325,0.009207365892714092,-0.022417934347477964,0.016273393002441017
2019-05-29,1559102400,2019-06-28,1561694400,-0.25,24.367950727834337,26.685960921739476,25.09,25.66,24.99,25.62,3064300.0,26.68,26.98,26.16,26.68,6902384.0,0.527564131964553,-4.886634596732151,-0.0006246876561704084,-4.5396051974013005,1,4.544432365469547,8.543531326281537,2.1404356972851906,12.93456626979863,-1.5226606217651124,2.3761513114556654,-13.400472997340131,1.616991054540365,0,-0.14585986213658617,50.0,80.0,-30.0,-2.179535232383799,-1.9587039755105167,-1.9869477389040497,0.04536450785608015,0.0,0.011244377811094441,-0.019490254872563728,0.0167682926829269
2019-05-30,1559188800,2019-07-01,1561953600,0.75,24.367950727834337,27.845860762851984,25.62,25.86,25.12,25.29,2998613.0,27.01,27.39,26.61,26.86,5224172.0,-0.2760272455712851,-4.6941886889037505,-0.2848101265822578,-4.789650037230089,1,5.908687029228389,7.526020816653318,4.358159969896037,14.372621556322258,-1.9751162204489248,2.399064782643557,-12.93372731541385,1.240508269275483,0,-0.15716962644600144,50.0,84.0,-34.0,-2.485107967237525,-2.3666032323968977,-2.5400964463697306,0.07550615453745176,0.005584512285927046,0.01973194341027562,-0.00930752047654504,0.006746626686656709
2019-06-04,1559620800,2019-07-02,1562040000,0.25,25.47735610570839,27.845860762851984,25.39,26.1,25.34,26.06,3536559.0,26.73,26.84,26.24,26.42,4590386.0,1.4705243818158067,-3.0564441395750777,1.4717385818824056,-3.0475649760282835,1,1.900598600696,1.381427475057571,4.519684007069373,13.99579654162077,-0.27183616793921317,2.432425221162207,-13.24728763427674,-1.1068521169158647,0,-0.16897058696679784,46.0,84.0,-38.0,-0.7929598788796284,-0.6700773108781988,-0.8810337807996547,0.06215125244732299,0.011733535200605605,0.015897047691143085,-0.006813020439061401,-0.016381236038719216
2019-07-01,1561953600,2019-07-09,1562644800,-0.25,25.529196783563577,27.845860762851984,27.01,27.39,26.61,26.86,5224172.0,26.79,27.21,26.61,27.16,4800047.0,0.007090305766752181,-5.408415784411844,-0.5038046146293738,-4.822655866470299,1,7.0640302954350105,4.461538461538462,10.40886252810233,16.42436793034929,-2.4414164481565876,2.281601764860338,-12.75859654233761,1.168987237852917,0,-0.19742164569096718,50.0,84.0,-34.0,-2.700662739322553,-2.4767566931798655,-3.151655672711911,0.09842181101836461,-0.013622974963181211,0.0018409425625920406,-0.020250368188512557,0.011169024571854091
2019-07-02,1562040000,2019-07-10,1562731200,0.25,25.529196783563577,27.82309905004567,26.73,26.84,26.24,26.42,4590386.0,26.79,27.03,26.39,26.4,6209507.0,2.897352593682271,-2.654928351258036,2.448232323232318,-2.066919191919169,1,0.4354436696383175,0.41841004184100206,8.703228075128619,7.884584492987578,0.41672064796358654,2.3879544132491564,-13.351675633395427,-1.4901661933121513,0,-0.22754999188186237,46.0,84.0,-38.0,0.12121212121212466,0.2992324604102805,-0.34933855872840525,0.04959752687872129,0.014772727272727382,0.02386363636363642,-0.0003787878787877563,-0.027982326951399128
2019-07-03,1562126400,2019-07-12,1562904000,-0.25,25.551204984563476,27.82309905004567,26.52,26.85,26.36,26.79,2212637.0,26.81,27.07,26.58,26.98,4797234.0,1.078239156322212,-4.669788452096853,0.5022238695329975,-4.053002223869555,1,4.718390872885628,2.507598784194529,9.290389381985136,13.86788947620584,-1.4057856427960758,2.2821321557450798,-14.200362511430862,1.1600603801683314,0,-0.11201016406563033,38.0,84.0,-46.0,-1.7957746478873275,-1.56798728539205,-2.3209313863571026,0.044119611092690914,-0.006300963676797666,0.0033358042994811044,-0.014825796886582698,0.00559075661572872
2019-07-10,1562731200,2019-07-18,1563422400,0.25,25.551204984563476,27.811662863402905,26.79,27.03,26.39,26.4,6209507.0,26.09,26.35,25.89,26.12,6874922.0,4.3769484356128885,-1.5974691094261004,3.5158244002041954,-0.6265952016334921,1,-2.0077379982789267,-0.15290519877675515,1.7563418470978036,6.535316516897183,1.92855197930038,2.2231972699851594,-14.981051171270762,1.6093775370661643,0,-0.13139072831162185,22.0,36.0,-14.0,1.389739663093394,1.2211646770684297,0.8137960170508762,-0.08507039176330836,-0.0011485451761102938,0.008805513016845401,-0.00880551301684529,0.007716049382715973
2019-07-11,1562817600,2019-07-22,1563768000,-0.25,25.57968730877458,27.88284374816311,26.41,26.96,26.4,26.83,5105285.0,27.56,27.74,27.35,27.6,6362735.0,0.27160162555557577,-7.365804524106309,-1.5000000000000284,-5.579710144927532,0,7.687904925410386,5.142857142857149,8.35599843371287,10.496388872065808,-2.860419609565696,2.350971466457794,-12.756894246787448,-1.4358635373741058,0,0.042296165761213485,46.0,68.0,-21.999999999999996,-3.547101449275374,-3.3842097577331742,-4.2131161778795985,0.0645946449809637,-0.0014492753623189802,0.005072463768115876,-0.009057971014492794,-0.0068369917236414945
2019-07-15,1563163200,2019-07-31,1564545600,0.75,25.57968730877458,29.039380470946757,26.92,26.92,26.38,26.47,5259678.0,28.6,28.83,28.33,28.38,4552195.0,2.252175637572762,-9.679941669989915,-1.760629551327213,-5.735259572468877,0,9.481358633274425,7.418622255866756,20.64617934945681,23.39925529463366,-3.394076165453612,2.2403758780864043,-3.3581767645097003,-1.012295402114632,0,0.07965211827933656,46.0,36.0,10.0,-3.7138830162085696,-3.0751805750285826,-5.225538717584115,0.14105161248419656,0.007751937984496138,0.015856236786469413,-0.0017618040873854657,-0.010115102895012273
2019-07-19,1563508800,2019-08-02,1564718400,0.25,26.643975392713,29.039380470946757,26.97,27.88,26.6,27.79,12161125.0,27.07,27.2,26.7,27.05,4485863.0,7.289952164893393,-5.116199854357333,3.367837338262447,-1.138632162661736,0,-0.01655145144409431,-0.11078286558344752,13.452565015493063,14.52714025153459,1.6533346736797796,2.494687765286427,-5.402858408629548,-0.9672846450163295,0,0.011819374795283253,38.0,36.0,2.0,1.0868761552680155,1.4251949213330874,-0.5040460610684221,-0.04390726110018661,0.0007393715341958984,0.005545286506469349,-0.012939001848428888,-0.004782928623988214
2019-07-23,1563854400,2019-08-06,1565064000,-0.75,25.387502167860607,29.039380470946757,27.72,28.16,27.65,28.04,4683183.0,26.56,26.65,26.0,26.49,5541874.0,9.634297018759924,-3.624481994222336,5.350446709450125,0.6883100541084559,0,-3.325628111717897,-2.4668630338733495,5.416387651946537,16.88223657125407,3.5782269320983886,2.6221562978364252,-5.144083370963813,1.1595099348513422,0,0.1189182310939214,30.0,36.0,-6.0,3.0049075122687867,2.8827974845737145,1.4592595099031485,-0.18677455572358836,0.002642506606266526,0.00604001510003771,-0.01849754624386557,0.004550625711035261
2019-08-01,1564632000,2019-08-07,1565150400,-0.75,24.037512499492983,27.88284374816311,28.24,28.46,27.09,27.18,8507411.0,25.75,25.8,25.02,25.31,7741487.0,15.187677737537086,-0.003955888465554835,10.046753588831848,5.111945212695915,0,-9.636730549418914,-4.128787878787878,-0.45621850213012194,8.693648718259304,8.087428506802212,2.9632329522095437,-4.045655100026135,-1.5949373424779116,-1,0.09441093871202474,26.0,-24.0,50.0,7.591860924535766,6.948017538636691,5.946757025781807,-0.28534911540200814,0.01738443303042292,0.019359936783879927,-0.011457921770051338,-0.04454511136277839
2019-08-05,1564977600,2019-08-08,1565236800,-0.25,24.037512499492983,26.72463543134483,26.55,26.59,26.05,26.37,10046334.0,25.57,25.96,25.48,25.52,7558277.0,14.51133764698372,-1.611651126607498,8.914576802507824,4.051724137931018,0,-8.163433016628076,-4.882594111069693,-4.368955858928688,6.062021515886002,6.532719961084439,2.9108613363902434,-3.326819742487242,1.5288806624090068,0,-0.10801258139470082,22.0,-24.0,46.0,6.449843260188118,5.490058505289966,4.875920920004546,-0.3211186714703431,0.001959247648902762,0.017241379310344973,-0.0015673981191222097,0.008297115764519969
2019-08-07,1565150400,2019-08-14,1565755200,0.25,24.037512499492983,26.72463543134483,25.75,25.8,25.02,25.31,7741487.0,24.49,24.58,23.89,24.16,7246541.0,22.566707269685793,-0.2032966736593096,13.88865894039732,8.478890728476827,0,-13.647264415268559,-6.790123456790129,-17.526744448165427,-4.840393327220937,9.42860096644604,3.2237275575140374,0.0008824433015774957,-1.446240913925365,0,-0.1247454142000703,6.000000000000007,-43.99999999999999,50.0,11.181705298013227,8.625583450741402,9.63451717122281,-0.3706272215586177,0.013658940397350827,0.01738410596026485,-0.011175496688741737,-0.04278922345483349
2019-08-08,1565236800,2019-08-15,1565841600,-0.75,22.70008197157153,26.72463543134483,25.57,25.96,25.48,25.52,7558277.0,24.31,24.45,23.88,23.94,5695033.0,24.359556675975895,-0.8633160744720954,14.534252297410191,9.028822055137823,0,-14.565654322053533,-8.346094946401223,-20.98132207831828,-11.27492987147837,9.267601099169397,3.191038164649745,0.8128044737232081,-1.1268871941720573,0,-0.20996897011204807,2.0,-48.0,50.0,11.748120300751893,8.70725987036704,10.224684921437927,-0.3848382650439136,0.015455304928988944,0.02130325814536338,-0.0025062656641604564,-0.009105960264900625
2019-08-09,1565323200,2019-08-28,1566964800,-0.25,22.70008197157153,25.469026148685348,25.39,25.56,25.01,25.37,3961927.0,24.22,25.2,24.16,25.03,4889482.0,7.865347353434359,-6.610852746962124,3.2973764815554603,-1.7965108536423031,0,-4.188519230158569,-11.804087385482728,-18.457721454070807,-8.846829925226587,-1.4561349528493253,2.9114497577517042,-1.3439912696639809,0.9682539385812136,0,-0.12235145671934752,-34.0,-48.0,14.0,0.6272473032361177,0.7747136899259459,3.3685840770052238,0.002930082321682792,-0.03236116660008004,0.0067918497802637035,-0.03475829005193776,0.030465212021408172
2019-08-15,1565841600,2019-08-30,1567137600,0.75,22.70008197157153,26.771913252981555,24.31,24.45,23.88,23.94,5695033.0,25.77,26.21,25.66,25.7,6070438.0,2.601780137678176,-7.769095312775477,-0.18936446173799482,-4.819714656290515,0,-0.13153124626064283,-4.990757855822555,-12.660733171411337,6.0466735187455285,-3.507901946553318,2.8098221783476447,-3.8678156817527842,1.1885902053864517,0,-0.17810828873063486,-42.0,-48.00000000000001,6.000000000000007,-2.583657587548643,-1.5801387719064763,0.5940980247541177,0.13788228202439368,0.0027237354085603016,0.019844357976653848,-0.0015564202334630295,0.007448059584476585
2019-08-16,1565928000,2019-09-04,1567569600,0.25,24.0751641374824,26.771913252981555,24.22,24.85,24.15,24.68,3704815.0,25.26,25.43,25.12,25.33,3152305.0,2.203908282630863,-5.504342550297665,0.7672062113436056,-3.84787472035795,1,-2.0610029418127667,-4.3790109475273695,-10.3111195066571,7.963296371861311,-1.7677599484411246,2.806203152512815,-5.417246120981449,0.6300327440626818,0,-0.1735309309311002,-46.0,-44.0,-2.0,-1.6502171338333937,-0.21190162723850392,1.86317592759913,0.14314102451170374,-0.0027635215159887982,0.003947887879984346,-0.008290564547966728,0.011177644710578694
2019-08-29,1567051200,2019-09-06,1567742400,-0.25,24.143761247531987,26.801096395087992,25.25,25.69,25.22,25.51,5404049.0,26.08,26.3,25.89,26.01,3213532.0,0.4529735240712256,-8.422985058096643,-1.6807638087915109,-6.117518902986035,0,1.8740905436309347,1.9200626959247729,-4.855427186871116,10.660320665044203,-3.3470527940400387,2.7545744315730767,-6.8463330146760555,-0.6435541822406496,0,-0.16799379626116226,-46.0,-36.0,-10.0,-3.9850057670127086,-2.295790301016325,-0.7326111192135727,0.21525459484845444,0.0026912725874661536,0.011149557862360604,-0.0046136101499423265,-0.0015355086372360605
2019-09-03,1567483200,2019-09-25,1569384000,0.75,24.143761247531987,28.16318757693517,25.4,25.45,24.78,25.05,3552954.0,26.88,27.3,26.84,27.12,4170311.0,6.605571103728607,-8.652031280719754,1.2088249754178975,-3.46300393313669,0,3.8453717774309624,11.650885137916847,15.711259038634553,-17.447774229269697,1.0489275180103306,2.5333904928474427,-7.67147122578908,0.8365597860498825,0,-0.028314991466560982,22.0,60.0,-38.0,-1.0232300884955805,-0.7550711653368865,-2.2455019977849844,-0.025588925751915292,-0.008849557522124019,0.006637168141592875,-0.0103244837758113,0.009304056568663954
2019-09-05,1567656000,2019-09-26,1569470400,0.25,25.469026148685348,28.16318757693517,25.91,26.45,25.75,26.05,4148961.0,27.01,27.11,26.76,26.78,4423634.0,7.638832329245986,-6.518593344929343,2.7545431914363974,-1.7189444859347844,0,1.328919601906982,6.991610067918498,13.68271252925787,-18.08093555040294,2.4448537810170023,2.478321114259827,-8.851524916219109,-0.8861470136404093,0,-0.0670415746617485,18.0,60.0,-42.0,0.5601194921583215,0.4568564492428777,-0.9650183007633046,-0.07116990757102737,0.008588498879761097,0.01232262882748314,-0.0007468259895444529,-0.012536873156342221
2019-09-09,1568001600,2019-09-30,1569816000,-0.25,25.606446485170185,28.16318757693517,26.3,27.29,26.14,27.21,4025708.0,27.15,27.2,26.86,26.94,3098964.0,6.68930558418306,-5.768741367405042,2.633011630784466,-1.784211828755275,0,2.4194336576102558,4.824902723735416,11.392416271093127,-21.887148975968472,1.721553952314764,2.3645582900283713,-10.015798247323989,-0.6473287242714235,0,-0.18922072242742966,10.0,52.0,-42.0,0.46028210838899497,-0.11121579729783093,-1.4323698157432005,-0.0999164576907225,0.007795100222717011,0.009651076466221209,-0.0029695619896066283,-0.00037105751391453
2019-09-26,1569470400,2019-10-01,1569902400,0.25,25.575662046658902,27.98884274001167,27.01,27.11,26.76,26.78,4423634.0,27.17,27.29,26.04,26.05,4724227.0,9.778809690451013,-1.6099037403550795,6.513115802943048,1.722328854766488,0,-3.9798365542336853,3.992015968063872,7.50077459858103,-21.836178576991344,4.8996529246473415,2.6134236477481116,-10.167626527957273,-0.9936242088868239,0,-0.2653264091329229,6.000000000000007,52.00000000000001,-46.0,4.084452975047981,2.9870634896172987,1.8593096993188283,-0.16174751256488196,0.04299424184261036,0.04760076775431865,-0.0003838771593090984,-0.033036377134372685
2019-09-27,1569556800,2019-10-03,1570075200,-0.75,24.35547300883189,27.98884274001167,27.04,27.39,26.79,26.95,5703310.0,25.28,25.47,24.73,25.47,5325079.0,12.441044814981112,0.31513893060193254,8.87252977358986,3.890197618112822,0,-7.55082000536882,-2.2264875239923296,-1.3483976803317983,-28.33318861075614,5.866112173306476,2.6929374570380262,-8.066814492341344,-1.1115132398508,0,-0.2331000780142248,-2.0,36.0,-38.0,6.378091872791529,4.381883128658373,3.8649095190968126,-0.2648120293201076,-0.007459756576364218,0.0,-0.029053788771103206,-0.001959247648902873
2019-10-01,1569902400,2019-10-07,1570420800,-0.25,24.35547300883189,26.801096395087992,27.17,27.29,26.04,26.05,4724227.0,25.61,26.11,25.56,25.85,7159766.0,10.97660878715432,-1.9862799670382714,6.884590586718247,2.149580915538337,0,-4.442875580874109,-4.998162440279306,-5.363637296931734,-15.286584430924123,3.3291178329672135,2.583499936485649,-7.304045060696016,1.4903576454024203,0,-0.2105050262239754,-10.0,36.0,-46.0,4.49516441005801,2.287571270374727,2.139344238658424,-0.23553178804823371,-0.009284332688588082,0.010058027079303589,-0.011218568665377293,0.0050544323483672216
2019-10-02,1569988800,2019-10-09,1570593600,0.25,24.326995420529755,26.79408014560158,25.73,25.89,25.41,25.52,4908374.0,25.05,25.28,24.89,25.13,4514247.0,14.45401979028577,-1.5730010875400353,8.851969757262253,4.15240748109828,0,-8.170993153156957,-8.883248730964464,-11.952101008179133,-17.50161085616523,4.658355215137647,2.6940332713822888,-5.686787233503416,0.91744984733222,0,-0.28517256672817437,-18.0,-64.0,46.0,6.440509351372853,4.165303862946374,4.62973879333714,-0.2654017396720036,-0.003183446080381902,0.005968961400716344,-0.009550338241145928,0.012489927477840501
2019-10-04,1570161600,2019-10-17,1571284800,-0.25,24.326995420529755,26.802379698780463,25.44,25.75,25.19,25.72,3360276.0,26.97,26.97,26.4,26.67,5172202.0,4.114804828742379,-6.746975807370063,0.8748906386701378,-3.3545806774153277,0,2.6212956816310538,-3.194192377495459,-1.2973179567679267,0.32780355483881607,-2.8124890919697663,2.462444930444385,-10.236216029377575,-1.1107800186261858,0,-0.08087884738884975,-42.0,-64.0,22.0,-1.3160854893138492,-1.3511997640146376,-1.294628891425745,0.07735356075775285,0.011248593925759165,0.011248593925759165,-0.010123734533183493,-0.0033632286995515237
2019-10-08,1570507200,2019-11-01,1572580800,0.75,24.326995420529755,27.978492346853226,25.15,25.36,24.82,24.82,8828695.0,27.39,27.74,27.28,27.74,4434794.0,2.0958275138153653,-9.352496583750451,-1.8150684931506902,-5.5821917808219155,0,8.438463402898428,7.853810264385691,14.254936917544981,14.850410815781714,-2.2165403616708375,2.192613222153107,-13.518642938342895,0.959114237814492,0,0.13615643636418767,50.0,72.0,-21.999999999999996,-3.62833453496755,-2.6702387806535057,-3.8233193572084048,0.07236060303155142,-0.012617159336697825,0.0,-0.016582552271088624,0.025508317929759716
2019-10-10,1570680000,2019-11-04,1572843600,0.75,25.575662046658902,29.104392578504036,25.37,25.87,25.33,25.73,5678058.0,28.09,28.59,27.98,28.59,4971573.0,0.023163810109522842,-12.051845167227398,-4.278302436749456,-7.954412964906155,0,13.732306482620139,10.599613152804634,18.16035691436939,15.84843840847168,-4.6913219164922,2.1878283619968357,-12.835855661670935,1.0710411243247402,0,0.18646113364390496,50.0,76.0,-26.0,-6.014340678558938,-5.034021305703334,-6.420649664615425,0.1295252730503363,-0.017488632388947156,0.0,-0.02133613151451552,0.03064167267483775
2019-10-18,1571371200,2019-11-05,1572930000,0.75,26.802379698780463,30.232157079322647,26.73,27.05,26.44,26.91,6053296.0,28.73,29.23,28.69,29.16,5897172.0,-1.168912306219255,-13.045765334384328,-5.458962048468223,-9.063214449016911,0,16.724163120386947,17.485898468976632,22.794063809537832,16.034648813532968,-5.843599594399876,2.148613970466794,-11.476092106337552,1.254202311228587,0,0.27823049694004937,50.0,80.0,-30.0,-7.107338820301791,-6.2341281492441,-7.9263511133007825,0.19262355170058576,-0.014746227709190651,0.0024005486968450285,-0.01611796982167346,0.019937040923399874
2019-11-04,1572843600,2019-11-06,1573016400,0.25,27.978492346853226,30.232157079322647,28.09,28.59,27.98,28.59,4971573.0,29.05,29.12,28.76,28.99,5066042.0,-0.11744781184786746,-11.676274161246283,-4.244567092100738,-7.8596067609520475,0,15.039744138517165,15.360127337843213,25.578906921037476,15.707474247126754,-4.660860807791494,2.1053973880760664,-10.213454519242266,-1.0771926800290863,0,0.30512608145502973,46.0,80.0,-34.0,-5.8968609865470825,-5.142916867568786,-7.0967592102271055,0.20846908599298847,0.002069679199724117,0.004484304932735439,-0.007933770265608708,-0.005829903978052164
2019-11-05,1572930000,2019-11-13,1573621200,-0.25,28.005754113458185,30.232157079322647,28.73,29.23,28.69,29.16,5897172.0,29.15,29.33,28.96,29.16,2954978.0,3.2235092134657037,-10.826389871901938,-2.2376543209876303,-5.6601508916323695,0,13.123592499040946,8.968609865470846,34.729415554263475,17.749061242927667,-2.418416765909683,2.0029984915637367,-4.747283752735026,-0.6352290016310266,0,0.29652499214785205,38.0,84.0,-46.0,-3.8014403292181242,-3.075652896429972,-6.074963987736396,0.14538185667943315,-0.0003429355281208135,0.005829903978052053,-0.006858710562414272,-0.012863913337846977
2019-11-06,1573016400,2019-11-14,1573707600,0.25,28.005754113458185,30.209414010332328,29.05,29.12,28.76,28.99,5066042.0,28.99,29.06,28.76,28.91,3574038.0,4.2591482505372795,-9.423451259876572,-1.0532687651331685,-4.411968177101343,0,10.569091996511212,8.398950131233589,33.08309413708832,12.088750817119326,-1.26489892869823,1.9748398186044898,-5.003814361735596,-0.7702116007805131,0,0.2777968151550324,34.0,80.0,-46.0,-2.582151504669639,-2.0244020535620564,-5.056362575021396,0.08086279947193975,0.0027672085783465583,0.005188516084399852,-0.005188516084399852,-0.008573388203017784
2019-11-07,1573102800,2019-12-02,1575262800,-0.25,28.07672543369863,30.209414010332328,29.35,29.65,29.29,29.39,6415515.0,29.74,29.95,29.43,29.48,3944644.0,1.6170395520905174,-2.4515035955097915,0.8073270013568674,-1.8792401628222564,1,11.42768240114264,6.272530641672683,31.62946497817987,4.699305020762594,-0.2778012175875517,1.5539659438612459,-2.8861114850539558,-0.9095009435430971,0,0.13023298542314732,34.0,68.0,-34.0,-0.417232021709637,-1.215017758362464,-4.421522341050775,-0.06374536978644951,0.008819538670284954,0.015943012211668828,-0.0016960651289009698,-0.0037174721189591198
2019-11-14,1573707600,2019-12-03,1575349200,0.25,28.07672543369863,30.103654927251913,28.99,29.06,28.76,28.91,3574038.0,29.0,29.14,28.65,29.05,4001652.0,2.886902786542308,-0.6149578639949738,2.3752151462994817,-0.309810671256443,1,6.037059545570308,1.608954179783144,28.011317751178982,-3.6833877836107405,1.0270904496909878,1.6684089213803395,-4.369259963006876,-0.9207895258920115,0,0.17513707910105536,30.0,68.0,-38.0,1.1359724612736812,0.2236607707335736,-2.8888511707972526,-0.10606701474253,-0.0017211703958691649,0.003098106712564608,-0.013769363166953652,-0.014586160108548185
2019-11-15,1573794000,2019-12-05,1575522000,-0.25,28.231981553514256,30.103654927251913,29.1,29.26,28.97,29.24,2881146.0,29.7,29.78,29.54,29.67,3801290.0,0.8091093946371188,-2.413423516645892,0.4033254690484256,-2.18514773620943,1,11.262269795566176,2.345636426353926,26.108625126703387,11.377760776919246,-0.8179562288630535,1.6074730503344112,-4.9446835837249346,0.8895350088067545,0,0.21098113737398044,22.0,68.0,-46.0,-0.8021570610043938,-1.5748790982193839,-4.5590127148278015,-0.08981376623610904,0.0010111223458038054,0.003707448601280694,-0.004381530165150083,0.005081300813008172
2019-12-03,1575349200,2019-12-06,1575608400,0.75,28.231981553514256,30.886512226308884,29.0,29.14,28.65,29.05,4001652.0,30.22,30.42,30.02,30.03,3291942.0,-0.07423975090399892,-3.695324018659747,-0.6748806748806828,-3.245643245643265,1,13.981879206684859,2.1776114324600226,26.88740359525235,11.805600979224174,-1.7803035134243999,1.653152633662732,-4.164218397850895,0.7744449953431087,0,0.08905949011596195,50.0,96.0,-46.0,-1.884781884781873,-2.492438662986558,-5.4795070649599324,-0.05909693723311904,0.006327006327006224,0.012987012987013102,-0.00033300033300043275,0.01213346814964611
2019-12-04,1575435600,2019-12-09,1575867600,0.25,29.104392578504036,30.886512226308884,29.19,29.66,29.12,29.52,3608578.0,29.9,30.13,29.9,29.97,2620912.0,0.31097681401487876,-3.5775767472814692,-0.4510065621176551,-2.9101323545767883,1,13.203416052687572,1.1133603238866339,27.153833829811607,5.780306238935779,-1.423802932263115,1.5929602379894041,-3.7327091403244594,-0.6256558715769394,0,0.039628382192140515,46.0,92.0,-46.0,-1.6332999666332881,-2.0784446795052673,-5.0828150116630155,-0.045179424899479514,-0.0023356690023357274,0.005338672005338774,-0.0023356690023357274,-0.0019980019980020414
2019-12-06,1575608400,2019-12-11,1576040400,-0.25,29.133578771723066,30.886512226308884,30.22,30.42,30.02,30.03,3291942.0,30.29,30.35,30.03,30.12,3012864.0,0.4987415695839843,-4.310162552319724,-0.7315183709606004,-3.1783975210270086,0,13.468306583723823,1.9634394041977044,28.457886174863447,15.682735848704482,-1.4224442072541876,1.5548743966649852,-2.3230099858314794,-0.7222352668321914,0,0.012552724800670182,46.0,68.0,-21.999999999999996,-1.9057104913678558,-2.060544392585598,-5.110814592773309,-0.01668823869817654,0.005644090305444882,0.0076361221779548405,-0.0029880478087649376,-0.004626569729015206
2019-12-09,1575867600,2020-01-02,1577941200,0.75,29.133578771723066,31.78836548938465,29.9,30.13,29.9,29.97,2620912.0,31.33,31.38,30.92,31.36,3198296.0,1.90131886408345,-5.581165802858962,-0.5080782312925152,-3.1483843537415055,0,16.29784857334556,7.9518072289156585,34.20727528365189,26.513207412542286,-0.6745330460800005,1.358621851664987,11.699182031538442,0.8585389716997197,0,-0.1797010231998127,34.0,64.0,-30.0,-1.839923469387756,-1.8937748185564658,-5.333362927494221,-0.043728038053370555,-0.000956632653061229,0.0006377551020408934,-0.014030612244897878,0.0035199999999999676
2019-12-10,1575954000,2020-01-14,1578978000,0.25,29.99291710170883,31.78836548938465,29.95,30.37,29.86,30.26,3936291.0,30.66,30.89,30.49,30.79,3170532.0,2.468143093514527,-1.4710661204713205,1.7381184367218907,-0.7172242069936061,1,6.294347021092705,-0.25915127955944883,11.161051640752008,9.025839517293718,-0.05657479034356072,1.4634893219333784,-2.897454778373678,0.8710752179664807,0,0.19788700512117113,2.0,48.0,-46.0,0.49853848652159627,-0.3416066801577813,-2.758811051303084,-0.1219592247622377,-0.004222150048717066,0.0032478077297823926,-0.009743423189347178,0.003912618193674611
2019-12-12,1576126800,2020-01-15,1579064400,-0.75,29.14943634435368,31.78836548938465,30.24,31.28,30.19,31.21,4034675.0,30.42,30.43,29.85,29.99,5250099.0,5.458504333354085,0.5635030024245111,4.296987884850495,1.7327998221629457,0,-2.3948222575058935,-3.2580645161290374,6.417693276179544,3.897991041015949,2.3083416865872834,1.6190893890589082,-2.9866964616182266,-1.435984446147414,0,0.10249598152715901,-2.0,-52.0,50.0,3.0110036678893124,2.0961855158718095,-0.15838339656451694,-0.15558260153320735,0.014338112704234796,0.014671557185728545,-0.004668222740913497,-0.025982461838259252
2020-01-03,1578027600,2020-01-16,1579150800,-0.25,29.14943634435368,30.9096116670714,30.76,30.9,30.42,30.71,2991602.0,30.24,30.57,30.09,30.46,6376501.0,3.7437141537793366,-1.140299839925106,2.559093893630987,0.03118844386081321,0,2.17071245844852,-2.340493747996154,4.922891278684537,7.932014562576207,0.5154039446973115,1.6162517121104885,-3.5030801942131653,1.730771400118467,0,0.13766596715567786,-6.0,-52.0,46.0,1.3017071569271224,0.47123076134025155,-1.6323213890834296,-0.14081550263668935,-0.007222586999343528,0.0036112934996717083,-0.012147078135259393,0.01567189063021024
2020-01-15,1579064400,2020-01-17,1579237200,0.75,29.14943634435368,31.900901692307627,30.42,30.43,29.85,29.99,5250099.0,31.39,31.77,30.96,31.45,8140482.0,0.656628269430044,-4.316405693913339,-0.5686274509803866,-3.1600423953365038,0,9.915260452966862,1.1579285944033433,7.950337325872699,15.88236161150374,-2.340274326615628,1.7510864250772453,-3.4976790570154677,2.1829837237145973,1,0.1689767596054343,50.0,8.0,42.0,-1.8298887122416403,-2.4351274270299683,-4.543349210425845,-0.06298617459697894,-0.001907790143084176,0.010174880763116123,-0.015580286168521362,0.03250164149704515
2020-01-16,1579150800,2020-01-24,1579842000,0.25,29.906842357923473,31.900901692307627,30.24,30.57,30.09,30.46,6376501.0,30.48,30.67,29.82,30.11,5042878.0,4.875648575500264,-0.4551902560050678,3.713605668105828,0.6747481456880422,1,-2.061824125689455,-3.400705806865583,3.032586413235804,-3.40837073023998,1.8253579911943376,1.885355798443981,-6.097150438669022,-1.3338041514046475,0,-0.02674920337555567,34.0,8.0,26.0,2.2102291597475983,1.8133451046258955,-0.00221292393199235,-0.08574654187388195,0.012288276320159497,0.01859847226834943,-0.009631351710395197,-0.018258884903814887
2020-01-17,1579237200,2020-02-04,1580792400,-0.75,28.847433303399995,31.900901692307627,31.39,31.77,30.96,31.45,8140482.0,29.94,30.25,29.72,29.76,3269602.0,5.947579087778493,-3.1149177974559166,3.2330869175627157,-0.2279345878136212,0,-2.3273544724581043,-2.5859247135842853,-12.774058991372245,-16.80865522000458,0.9663010084097721,2.0972701163485654,-5.4210413761986125,0.794696223592536,0,-0.1087416434895184,6.000000000000007,-35.99999999999999,42.0,1.4163306451612954,0.8555706129399709,0.5722041875815762,-0.13319956287390575,0.006048387096774244,0.016465053763440762,-0.0013440860215054862,0.01604643222943003
2020-01-21,1579582800,2020-02-06,1580965200,-0.25,28.847433303399995,31.076060466997244,31.26,31.29,30.81,30.85,4980278.0,30.95,30.99,30.08,30.1,3568030.0,4.75131477946789,-4.25297590903601,2.166112956810622,-1.468438538205973,0,0.04072009654588982,-1.6018306636155555,-7.2720959410469295,-18.856659399835763,-0.1509020246990076,2.21982748219678,-6.309730352725946,-0.8620898443925451,0,-0.13225393486721032,-2.0,-36.0,34.0,0.24916943521593282,-0.057578058005063326,-0.444115658423641,-0.00011641982703206044,0.028239202657807327,0.02956810631229234,-0.0006644518272426181,-0.019863236730706557
2020-01-27,1580101200,2020-02-07,1581051600,0.25,28.736047151630274,31.076060466997244,29.35,29.73,29.25,29.32,5075153.0,29.85,30.05,29.68,29.87,2543539.0,5.322255369665868,-3.5880739167030242,2.8144180337015996,-0.8749023546479151,0,-1.4919664389930674,-2.987983111399799,-6.878540709802274,-28.296340994310142,0.07957453223205846,2.1775754311148314,-7.291401892939401,-0.6188739685492658,0,-0.16589665074685786,-6.0,-36.0,30.0,0.8670907264814076,0.6441741333507167,0.3098221806855861,0.005207059649912055,-0.0006695681285571187,0.006026113157013624,-0.006360897221292294,-0.007641196013289053
2020-02-05,1580878800,2020-02-14,1581656400,-0.25,28.736047151630274,31.076060466997244,30.29,30.74,30.19,30.71,3232079.0,30.22,30.34,29.87,30.06,2347759.0,4.162945775724623,-4.209519295352052,1.8662674650698534,-1.7265469061876075,0,-0.3273443253291646,-1.3131976362442617,-2.666871001228828,-14.288252425476244,-1.236128872531097,1.9634229457044003,-8.561820685449742,-0.578012890025797,0,0.07316421587301127,-26.0,-36.0,10.0,-0.023286759813714752,0.140717361681709,-0.20406653561960297,0.05682433902458202,0.005322687957418415,0.009314703925482393,-0.006320691949434409,-0.007265521796565477
2020-02-07,1581051600,2020-02-19,1582088400,0.25,28.736047151630274,31.035152192338586,29.85,30.05,29.68,29.87,2543539.0,29.66,29.97,29.46,29.81,5603070.0,3.7496985364253703,-3.1190376843622687,2.1994856312199715,-1.4066867941406542,0,-1.9369839285077504,-3.3711507293355027,-4.433556132032618,-14.400661249247207,-0.3558479106338268,2.011799807520889,-10.171464742251285,1.3529200549268539,0,0.11852357642614844,-34.0,-36.0,2.0,0.3153304260315508,0.7159490807667765,0.5462855113553218,0.005850287036390456,-0.005031868500503189,0.0053673264005367205,-0.011741026501174034,0.0101660454083361
2020-02-10,1581310800,2020-02-20,1582174800,-0.25,28.814928390994716,31.035152192338586,29.69,29.96,29.64,29.92,3177076.0,29.65,30.27,29.63,30.15,4207853.0,2.1377662427636324,-4.015046508103566,0.949695964621327,-2.7285793255942394,1,0.680261905397586,-2.395597280673363,-3.5364159581120673,-1.0065641763064406,-1.0657743827914885,1.9986561938132439,-10.993589608704015,1.011556027434935,0,-0.01017614393234761,-38.0,-36.0,-2.0,-0.938640132669974,-0.37983668979627794,-0.5645278291017917,0.023472840179629362,-0.016583747927031545,0.003980099502487677,-0.017247097844112713,0.011405568601140503
2020-02-18,1582002000,2020-02-21,1582261200,0.25,28.76464812128263,30.99151307430592,29.76,29.97,29.24,29.51,5791199.0,29.87,29.92,29.1,29.24,3663545.0,4.938645934088896,-1.139056330805758,3.9266985864113053,0.062129502963983896,1,-5.620449152692657,-4.662536680795576,-5.5126863522695135,1.9996317808878246,2.2833542002508693,2.170151688404096,-11.287485820400386,-0.8763130271761819,0,-0.01799787403117549,-42.0,-36.0,-6.0,1.8997948016415762,2.46142035087324,2.4308594268370314,-0.023805769119271847,0.02154582763337909,0.023255813953488413,-0.004787961696306353,-0.030182421227197387
2020-02-20,1582174800,2020-02-24,1582520400,-0.75,27.526610615830418,30.99151307430592,29.65,30.27,29.63,30.15,4207853.0,28.21,28.33,27.86,28.03,4896099.0,10.072593994950822,1.7825611959161165,7.965869901296216,4.0700440004756615,0,-12.19827930135584,-6.90800398538691,-10.37319992159715,-7.2563571445557145,6.254009623555646,2.4537945563329213,-9.992099203107896,-1.1657846939307748,0,0.012707353038078432,-46.0,-96.0,50.0,5.927577595433476,6.228813839136848,6.583868930624064,-0.1283757878508689,0.006421691045308542,0.01070281840884757,-0.0060649304316804376,-0.0413816689466483
2020-02-21,1582261200,2020-02-25,1582606800,-0.75,26.19957578933908,29.906842357923473,29.87,29.92,29.1,29.24,3663545.0,27.98,28.04,26.66,26.77,6567414.0,16.868558462363865,4.005554350486349,12.790437056406432,8.37504669406053,0,-17.48142751403718,-8.697135061391544,-17.05580538713054,-15.564718427990982,10.033893842399635,2.753984199749595,-7.803396053120473,-1.537703943129136,0,-0.03886245151179165,-42.0,-92.0,50.0,10.4370564064251,10.159345725152733,11.145594981318155,-0.26627150772278135,0.04519985057900633,0.04744116548375055,-0.004109077325364141,-0.04495183731716024
2020-02-24,1582520400,2020-02-27,1582779600,-0.75,24.849043450454264,28.76464812128263,28.21,28.33,27.86,28.03,4896099.0,25.42,26.26,25.03,25.22,8111887.0,27.287055854252344,4.235545255977669,18.534232090933145,13.446999735659546,0,-22.602924191643922,-13.74829001367989,-29.43325396318434,-24.978628102522862,12.89216134349897,3.110865715906784,-2.6447599243443207,-1.8299666418512333,-1,-0.22030160498137757,-10.0,-60.0,50.0,15.761300555115,14.189923440841156,16.739147694633687,-0.4807554787013536,0.00793021411578132,0.04123711340206193,-0.007533703409991932,-0.03703703703703709
2020-02-25,1582606800,2020-02-28,1582866000,-0.75,23.383421178660726,27.526610615830418,27.98,28.04,26.66,26.77,6567414.0,24.49,25.12,24.02,24.63,13173604.0,31.830312371948565,3.2732199057615503,20.50615780213832,15.126539450534594,0,-24.258318750612403,-16.4234815066169,-35.007323352981594,-28.014672805945196,12.584073275108793,3.305865186523978,0.35479604862973346,-2.863881980410745,0,-0.16995932587885465,-14.0,-64.0,50.0,17.551766138855072,15.313356754987666,18.769477632151464,-0.5563468164082417,-0.00568412505075111,0.019894437677628884,-0.024766544863986995,-0.02339413164155435
2020-02-26,1582693200,2020-03-02,1583125200,-0.25,23.383421178660726,26.428549845691123,26.97,27.05,26.13,26.19,7728586.0,24.63,25.92,24.22,25.9,9063456.0,25.7101556698978,-3.3240552837973922,14.109395109395109,8.545688545688563,0,-15.316093269902296,-10.628019323671504,-35.04209865074667,-18.831360488399724,5.690521775392952,3.388044605827669,1.8905928537257637,1.9413495106404635,0,-0.07612554073627453,-18.0,-64.0,46.0,11.193050193050198,8.739090936994984,12.437973707256162,-0.4883629505174907,-0.049034749034749026,0.0007722007722008595,-0.06486486486486487,0.05156313438895643
2020-02-28,1582866000,2020-03-05,1583384400,0.25,23.126501797734324,26.428549845691123,24.49,25.12,24.02,24.63,13173604.0,23.76,23.89,22.83,23.14,9344452.0,41.82386996145098,-0.5879149052712194,24.552002304811296,17.157879573609904,0,-21.556084603346818,-24.649951155975252,-40.08460039473887,-30.0926648767484,13.24636848736003,4.437221567007955,6.046868597404277,-1.9071807068482123,0,-0.14648691480567874,-30.0,-80.0,50.0,20.617977528089895,17.001057961600765,23.338807197912104,-0.5161445328838736,0.026793431287813307,0.0324114088159031,-0.013396715643906765,-0.061257606490872085
2020-03-02,1583125200,2020-03-06,1583470800,-0.75,21.181466808293468,26.428549845691123,24.63,25.92,24.22,25.9,9063456.0,21.98,22.67,21.36,21.75,8777353.0,51.59587593272741,1.2179171707208667,30.658237547892725,22.607662835249016,0,-24.537615351064304,-27.74086378737542,-43.16697286117656,-30.975278449476463,18.471131747487178,4.968160892569238,8.189220592981222,-1.7433775916007577,0,-0.1667417885613513,-34.0,-84.0,50.0,26.406896551724145,22.14709391001071,29.996790560671286,-0.5908659173177788,0.010574712643678152,0.04229885057471283,-0.01793103448275868,-0.06006914433880728
2020-03-03,1583211600,2020-03-10,1583812800,-0.75,18.801934318098386,24.849043450454264,25.68,26.1,24.11,24.21,10566755.0,18.75,19.85,18.17,19.75,12428357.0,70.73158480800893,-3.6328506307937687,39.02616033755277,28.58565400843881,0,-21.443409105529227,-33.990641711229955,-48.290421626023765,-29.03995372296322,21.64794758371704,6.996568690483435,13.391814430801631,2.2889641815573833,0,-0.11832590573260299,-42.0,-88.0,46.0,33.549367088607596,27.356174931304196,39.449226392219856,-0.8308689326772807,-0.05063291139240511,0.005063291139240533,-0.07999999999999996,0.11644997173544369
2020-03-06,1583470800,2020-03-13,1584072000,-0.75,16.23774558930773,23.126501797734324,21.98,22.67,21.36,21.75,8777353.0,18.23,18.54,16.74,18.39,10135135.0,80.65401791835103,-14.34080421525151,40.2582925502991,26.636759108210967,0,-19.058914467815825,-39.2668428005284,-48.01324515485933,-28.719590429951893,19.946447154046453,8.369090084661341,19.815996318852207,1.6954695192081524,0,-0.10251256933761074,-38.0,-84.0,46.0,33.15660685154975,26.254269212080246,43.70184082925732,-0.77091056135448,-0.008700380641653127,0.00815660685154973,-0.08972267536704737,0.11319612590799033
2020-03-09,1583726400,2020-03-17,1584417600,-0.75,13.151004832327745,21.181466808293468,19.41,19.41,17.29,17.69,10565963.0,14.78,15.28,13.12,14.86,10207311.0,120.10000576162781,-10.927731199043706,64.2092866756393,45.66958277254375,0,-22.842486170095498,-49.64418841070824,-48.45323286927222,-28.033816362014548,38.488174866654475,11.754050994664428,24.04454411940977,1.6341387336742756,0,-0.03567869247641731,-46.0,-92.0,46.0,54.58613728129208,45.77013271294993,71.73385336556422,-0.8363409397497028,-0.0053835800807536804,0.02826379542395685,-0.11709286675639297,0.032661570535093665
2020-03-11,1583899200,2020-03-18,1584504000,-0.75,9.732743669421534,18.801934318098386,19.0,19.3,17.77,18.14,12753892.0,13.74,14.06,10.98,11.91,8741318.0,172.0878028785981,-1.365720594802994,98.64399664147774,73.35432409739715,0,-26.136403167963238,-60.046964106004694,-49.78586472490287,-27.272209154930948,66.27282054351284,15.944869684234583,26.258213009042443,-1.3742904770137283,0,-0.02069090618019331,-42.0,-92.0,50.0,85.36104114189754,74.0783626011526,109.78957868589902,-0.9340321759116614,0.1536523929471032,0.1805205709487825,-0.07808564231738035,-0.19851951547779267
2020-03-16,1584331200,2020-03-20,1584676800,-0.25,9.732743669421534,16.68639019788351,15.25,15.93,14.39,14.39,9408547.0,13.81,14.37,12.82,13.62,21623843.0,124.39150464181697,-23.906923144019572,62.7092511013216,38.46549192364171,0,-20.872002646607257,-53.41997264021888,-47.34919166344932,-19.412042098090367,30.57007878291651,14.203555040505607,29.862116077967165,3.196611939269668,1,-0.049804589300442584,-34.0,-76.0,42.0,50.24229074889871,42.673283051681636,77.00037179419553,-0.6662533571342135,0.013950073421439058,0.05506607929515428,-0.058737151248164365,0.008888888888888724
2020-03-18,1584504000,2020-03-23,1584936000,0.25,9.688728675292417,16.68639019788351,13.74,14.06,10.98,11.91,8741318.0,13.74,13.74,11.96,12.34,7737413.0,141.02156039551343,-22.083148726145524,73.88033495407888,46.060237709346325,0,-22.446352426852187,-55.97574027827328,-47.11161727097324,-17.44841962045122,37.973685953690676,15.587412916600618,31.47447566708383,-1.1278244138315405,0,-0.016950775967753635,-38.0,-76.0,38.0,59.46920583468395,51.99888935754487,91.62059956146155,-0.5877202664604342,0.11345218800648293,0.11345218800648293,-0.030794165316045286,-0.0939794419970631
2020-03-19,1584590400,2020-04-08,1586318400,-0.25,9.688728675292417,16.68639019788351,11.43,14.13,11.32,13.5,9001133.0,15.48,16.06,15.33,15.96,6038380.0,9.637394055090581,-27.57599054631868,0.6150793650793673,-18.95885547201337,0,-7.52883532086927,-12.01764057331863,-24.973927592738168,23.604416155455,-10.611555616296386,9.995364576857362,21.641592652041197,0.7970606085685086,0,0.07979496447531001,-46.0,-36.0,-10.0,-8.969298245614041,-0.542432303359945,26.551286138088656,0.6435921044690773,-0.03007518796992481,0.006265664160400863,-0.03947368421052633,0.05138339920948631
2020-03-23,1584936000,2020-04-09,1586404800,0.75,9.688728675292417,19.457910432668733,13.74,13.74,11.96,12.34,7737413.0,16.81,17.77,16.7,17.19,6882232.0,2.5833893790035916,-33.159305609370094,-6.876090750436319,-24.211751018033738,0,-4.0518550582857245,4.055690072639235,-21.205445908625745,20.713959763329456,-15.174327994762024,9.369393511204043,18.50729409422705,0.8986881426165879,0,0.07888482249931549,-46.0,-32.0,-14.0,-15.287958115183244,-6.92951929879186,16.81001016485972,0.7781163638316007,-0.022105875509016992,0.033740546829551965,-0.02850494473531129,0.0770676691729324
2020-03-24,1585022400,2020-04-15,1586923200,0.25,13.151004832327745,19.457910432668733,13.56,13.84,12.8,13.84,8424080.0,14.85,14.98,14.38,14.44,7224754.0,19.503809214839805,-18.45810284364866,10.13504155124653,-8.992382271468145,0,-10.102788018922652,-2.8263795423956926,-17.122217717409484,5.9194385770323805,4.630492998914363,10.843692816140324,11.765844252874047,-0.956666748437424,0,-0.03836566512520188,-38.0,-12.0,-26.0,0.5228531855955794,9.902767737741499,35.502499533941034,0.605351651474511,0.028393351800554134,0.037396121883656486,-0.0041551246537395725,-0.08607594936708873
2020-04-09,1586404800,2020-04-16,1587009600,-0.75,10.95651734235317,19.457910432668733,16.81,17.77,16.7,17.19,6882232.0,14.33,14.4,13.33,13.36,8534394.0,28.128215892892058,-9.744982359957916,18.802395209580823,-0.3667664670658439,0,-12.239067843768808,12.174643157010909,-17.97789112748827,-3.5826797984232925,11.969732244695663,11.476571938867952,10.887882261119536,-1.1145430912210255,0,-0.2177950821480231,-42.0,-12.0,-30.0,9.191616766467064,16.997873383685345,44.63447893952582,0.43393195302191323,0.07260479041916179,0.07784431137724557,-0.002245508982035904,-0.07479224376731297
2020-04-13,1586750400,2020-04-24,1587700800,-0.25,10.95651734235317,16.590297523509744,17.26,17.29,16.12,16.47,5217601.0,15.99,16.32,15.67,16.01,7665888.0,7.451770031375133,-18.957079213136552,1.1430356027482844,-12.148657089319187,0,-3.9510020931384773,-0.6207324643078701,-9.810645562377864,18.841514743952303,-3.8880148492461046,8.880266277547165,-0.31570349938990105,0.9218993464775797,0,-0.0992244751312916,10.0,52.0,-42.0,-5.752654590880709,-2.5674660341138633,15.656343448465677,0.42849601634185697,-0.0012492192379763845,0.019362898188632016,-0.02123672704559665,0.01715374841169015
2020-04-16,1587009600,2020-05-05,1588651200,0.75,10.95651734235317,19.172333006811606,14.33,14.4,13.33,13.36,8534394.0,17.2,17.72,16.69,16.75,6120273.0,10.86665039771762,-17.857695173837058,3.0039800995024706,-9.46766169154229,0,-2.029565023815401,14.647501711156746,1.3276580164254148,20.004688116507765,-3.5350453514973736,7.775903786493334,-4.5750912206249446,-0.7084475368502922,0,-0.04265453869916314,34.0,68.0,-34.0,-3.495522388059726,-1.7412536964811238,8.850569823740244,0.3188519019200494,0.02686567164179099,0.05791044776119403,-0.0035820895522387097,-0.0011926058437685683
2020-04-17,1587096000,2020-05-06,1588737600,0.25,13.716403362212134,19.172333006811606,13.81,15.78,13.81,15.45,13251905.0,16.97,17.14,16.07,16.25,4414652.0,14.344114057570863,-14.737960211417047,6.369230769230796,-6.29538461538462,0,-3.5401567930566813,7.0487483530961805,0.788484152731316,21.871877215327387,0.8018919902486488,7.9129804374018615,-5.677152805238002,-0.5135742427679777,0,0.006381919954601295,30.0,68.0,-38.0,-0.19692307692309896,1.1599883109007436,11.721393885773537,0.22346415138122575,0.04430769230769216,0.0547692307692309,-0.011076923076923095,-0.02985074626865669
2020-04-27,1587960000,2020-05-11,1589169600,-0.25,14.275750745569699,19.172333006811606,16.2,17.61,16.15,17.44,8061645.0,17.2,17.23,16.25,16.67,7271638.0,12.185617457032578,-16.756703239876003,3.9872025594880967,-8.058388322335531,0,-2.0226448514629993,1.2143290831815594,2.059960469907092,17.108460189336853,1.5011116742554407,7.54297302727778,-8.294457597183403,-0.8693003746569876,0,-0.14444012668880293,18.0,36.0,-18.0,-2.285542891421727,-0.5030231585842984,8.130860824055986,0.15130021279908584,0.03179364127174544,0.033593281343731185,-0.0251949610077985,-0.05068337129840528
2020-05-06,1588737600,2020-05-15,1589515200,0.25,14.275750745569699,18.89251953159693,16.97,17.14,16.07,16.25,4414652.0,15.66,15.92,15.38,15.76,4564722.0,16.262867853519055,-7.100431305295658,10.784686971235203,-1.423434856175973,0,-4.361046589650535,2.0064724919093884,-2.4797453369460176,1.7695974573953208,6.572426560769102,7.722601163063643,-8.795805267606593,-0.5627391372459515,0,-0.12081532443786404,2.0,36.0,-34.0,4.581218274111691,3.4502006084092187,12.219229007483506,-0.07727453561757838,-0.006345177664974555,0.010152284263959421,-0.024111675126903487,-0.01129234629861986
2020-05-07,1588824000,2020-05-18,1589774400,-0.25,14.343334785985128,18.89251953159693,16.52,17.44,16.52,16.81,5268416.0,16.75,17.23,16.36,17.07,7839870.0,7.644861055654275,-13.778428718220141,2.4145674672915334,-8.29427846123805,0,0.26812866575349403,8.174904942965785,-1.136559682523682,1.3288295935957208,-2.2153553160755024,7.235779254701143,-9.81888101686907,0.9687387325105841,0,0.021019693162539394,-2.0,36.0,-38.0,-3.0667838312829474,-4.061349429012026,3.4657493466798286,-0.0013333541016852246,-0.018746338605741042,0.009373169302870465,-0.041593438781488024,0.08312182741116758
2020-05-12,1589256000,2020-05-19,1589860800,0.25,14.343334785985128,18.813563057309217,16.82,17.04,15.91,15.92,5598677.0,16.82,17.01,16.29,16.35,6911355.0,11.948167444280685,-8.718809646115602,7.359836901121298,-3.790010193679933,0,-2.0921334735816615,9.000000000000009,-1.106079877794797,-6.998277460953787,1.1777347742857387,7.355577869859023,-10.711452555597075,-0.8617895698019308,0,-0.035860461238424596,-6.0,36.0,-42.0,1.6146788990825343,0.14790313000882804,7.707449452591476,0.0010354666934548895,0.0287461773700306,0.04036697247706433,-0.003669724770642313,-0.04217926186291732
2020-05-18,1589774400,2020-05-22,1590120000,-0.25,14.425550956410232,18.813563057309217,16.75,17.23,16.36,17.07,7839870.0,17.01,17.3,16.59,16.83,2862706.0,8.622386308323172,-8.877882446172194,5.30303030303034,-5.28520499108734,1,-0.47550678811693103,5.121798875702665,1.0835074698727438,2.4490061077144816,-1.957722082260176,6.549337156601006,-13.318579615691434,-0.3777173956642425,0,-0.09431812062527328,-18.0,24.0,-42.0,-0.12774806892451807,-1.8315837173494032,4.191435559440592,0.07035262666928918,0.010695187165775666,0.027926322043969165,-0.01426024955436711,-0.00355239786856143
2020-05-19,1589860800,2020-06-02,1591070400,0.75,14.425550956410232,20.876042948449946,16.82,17.01,16.29,16.35,6911355.0,19.96,20.32,19.64,19.87,5540568.0,2.6704448198818795,-27.33073671721455,-7.544036235530953,-16.82939104177153,0,7.83718741303084,18.485390578413842,15.565086193228478,9.898503607583166,-10.984132054103753,5.76243618001082,-7.490974780189585,0.7967082721826557,0,0.08278175658352992,34.0,36.0,-2.0,-12.330145948666328,-9.9773753455935,-9.600978669692267,0.33980334722935374,0.00452944136889788,0.022647206844489176,-0.01157523905385005,0.01584867075664631
2020-05-20,1589947200,2020-06-04,1591243200,0.75,16.590297523509744,22.998107806582425,16.76,17.24,16.73,17.14,5782014.0,21.09,22.52,20.88,22.51,6535000.0,-2.7829135162662766,-37.67910336511979,-16.16466755516069,-24.583148230416114,0,14.583566917389874,38.523076923076935,22.310937961245845,18.26872065382247,-16.868758599569418,5.383646625436707,-3.979969384924498,0.9477482036379098,0,0.11038115515100272,50.0,60.0,-10.0,-20.23100844069303,-17.307743474073646,-18.867196487945677,0.4916754548627523,-0.0630830741892493,0.0004442470013326094,-0.07241226121723687,0.061291843470061336
2020-05-26,1590465600,2020-06-09,1591675200,0.75,18.714847907245,25.483929036298694,17.97,19.31,17.93,18.91,8274949.0,22.83,23.81,22.54,23.34,5944111.0,4.418482219882165,-42.20340081456938,-14.146672379320208,-23.63253356183948,0,14.89116596615004,40.01199760047989,31.51065311490941,8.821821608764196,-11.19757965913628,5.970327571884826,3.346565714310781,-0.8692897842337569,0,0.023666339741654534,46.0,68.0,-21.999999999999996,-18.892459297343606,-14.801300785827507,-19.208727739795933,0.5737891431652238,-0.02185089974293064,0.020137103684661373,-0.03427592116538136,-0.02952182952182958
2020-06-03,1591156800,2020-06-10,1591761600,0.25,20.431157645617905,25.483929036298694,20.64,21.49,20.53,21.21,6674827.0,23.02,23.13,21.49,21.55,9448880.0,14.073011731067183,-35.77138760113682,-5.559164733178662,-16.069605568445482,0,8.027646356501847,35.36432160804021,29.506575825122887,0.7476329703364897,-2.180184368652803,6.61755648611632,3.98226357543259,-1.3732361379650564,0,-0.10526325567270484,42.0,68.0,-26.0,-10.849187935034806,-6.988807527307628,-12.007873678990961,0.3893604645462989,0.06821345707656601,0.07331786542923435,-0.0027842227378190865,-0.07669237360754066
2020-06-05,1591329600,2020-06-12,1591934400,-0.75,17.751846781865137,25.483929036298694,24.8,26.09,22.96,23.14,10719945.0,20.72,20.79,19.45,20.42,5044633.0,19.761736799879827,-27.40620300947826,1.9302970943519284,-9.176460985961484,0,3.8875480971932603,28.10539523212047,21.234937289839344,2.4262427278641567,4.012294186445359,7.268986449012404,1.97018495488134,0.7342564688116103,0,-0.09830132972249062,34.0,68.0,-34.0,-3.82223310479921,-1.9549525274303363,-6.785249031303692,-0.026745683014894217,0.014691478942213454,0.018119490695396534,-0.047502448579823775,0.0547520661157026
2020-06-10,1591761600,2020-06-18,1592452800,-0.25,17.751846781865137,23.178247114874118,23.02,23.13,21.49,21.55,9448880.0,20.54,21.26,20.39,20.68,4981421.0,17.326581683240477,-18.75791630606443,5.651192778852348,-6.669890393294651,0,3.9250091975311747,20.65344224037339,15.927146844447146,2.9108037060127003,5.210970086201684,6.974184775414398,0.9173562432895714,-0.73973144989616,0,-0.13405787996771878,18.0,60.0,-42.0,-0.7156673114119769,-1.5966015816819095,-6.528167199793245,-0.18891491505718228,-0.0067698259187620735,0.028046421663443066,-0.014023210831721422,-0.00862895493767979
2020-06-11,1591848000,2020-07-22,1595390400,0.25,17.751846781865137,23.178247114874118,19.77,20.62,19.25,19.36,7915058.0,19.87,20.32,19.74,20.18,5207518.0,2.1559886255691225,-11.021201707828794,0.4269904195573133,-9.18153287082923,1,3.025665794980476,-1.1268985791278805,2.0662176694786685,9.052329500724106,-3.8136592331113235,5.294391006676957,-9.440817622959532,-0.777640415106319,0,-0.07631950122262895,-46.0,-60.0,14.0,-4.432606541129829,-2.844719107624954,-3.900892761739925,0.116727881677783,-0.015361744301288338,0.0069375619425173785,-0.021803766105054523,-0.0014844136566056765
2020-06-15,1592193600,2020-07-23,1595476800,-0.25,17.84309214344624,23.178247114874118,19.25,21.27,19.2,21.08,5980768.0,20.04,20.73,19.97,20.6,6053310.0,0.9932601853284382,-13.00296892319254,-1.4530744336569512,-10.681229773462789,1,4.587418344611699,8.13648293963255,3.51385103701506,18.79592262166311,-5.1988481879036215,5.079509489222029,-8.396535992871833,0.9027171007627737,0,0.0677407132435095,-46.0,-56.0,10.0,-6.004854368932044,-4.365978271487663,-5.630383381556896,0.14618239790711748,-0.027184466019417597,0.006310679611650327,-0.030582524271844824,0.020812685827552135
2020-06-19,1592539200,2020-08-06,1596686400,0.25,17.84309214344624,22.314639764221432,21.17,21.17,19.79,20.05,26562029.0,19.8,20.09,19.73,19.9,3766476.0,3.936496151920295,-4.775692131819795,3.2202680067001666,-4.372696817420419,1,1.3590022620668591,10.678531701890979,2.043150478187527,-8.634604024493932,-0.016039996526870937,4.146073744470782,-5.0063503950590516,-0.5836210593934661,0,0.11447231899720516,10.0,40.0,-30.0,-0.41959798994975017,-0.6111488902498365,-1.6632533400443634,-0.01633050094266389,-0.005025125628140614,0.009547738693467478,-0.008542713567839089,-0.004502251125562795
2020-07-23,1595476800,2020-08-17,1597636800,-0.25,18.59992424977177,22.314639764221432,20.04,20.73,19.97,20.6,6053310.0,20.64,20.76,20.41,20.45,2302020.0,4.480834993986107,-6.324355776382177,2.1882640586797066,-4.30562347188264,0,2.4855710762190952,4.818042029728333,9.284435758912183,-5.280342502307192,-1.0921030361562316,4.070044771734519,1.1499109413613944,-0.3817370148199933,0,0.14917915523315298,34.0,80.0,-46.0,-0.9217603911980348,-0.7090719127402281,-2.7974162531977953,0.05410209346524131,0.00929095354523235,0.01515892420537912,-0.0019559902200488866,-0.01777137367915471
2020-07-24,1595563200,2020-08-24,1598241600,0.25,18.59992424977177,21.925915288368092,20.68,20.84,20.2,20.23,6056981.0,19.55,20.28,19.41,20.28,3071193.0,5.2598534573105695,-6.329873181176438,2.5090401051939466,-3.7582182774490605,0,1.856191316318359,3.1536113936927825,1.7025066831602882,4.368328282624283,0.4578790143182232,3.758953831985121,-4.211594424101499,0.5515441169313546,0,-0.08779805213747763,14.0,40.0,-26.0,-0.5350098619329344,-0.8118197193444558,-2.035753180525262,-0.10244286637350966,-0.035996055226824475,0.0,-0.04289940828402372,0.043209876543209846
2020-08-07,1596772800,2020-08-25,1598328000,-0.25,18.957701556604963,21.925915288368092,19.7,20.45,19.55,20.44,4511790.0,20.66,20.81,20.17,20.53,4576704.0,4.042668036297584,-6.999316842922028,1.5286572495534898,-4.730475726579002,0,3.1899309674167284,5.661348430262488,2.621176042203322,4.433568393019748,-0.4718061694272251,3.670623437007017,-4.081918247781914,0.8260791600136551,0,-0.15788124360874953,10.0,40.0,-30.0,-1.4783244033122287,-1.8273151352441488,-3.102077925705629,-0.058659581191933735,0.006332196785192368,0.013638577691183595,-0.017535314174378924,0.012327416173570027
2020-08-18,1597723200,2020-08-26,1598414400,0.25,18.957701556604963,21.787599830529476,20.41,20.45,19.81,19.9,2753163.0,20.46,20.66,20.32,20.38,8340578.0,4.812175201874737,-6.313647233278061,2.1867844291789424,-3.716061498200844,0,2.275281588059599,0.049091801669111486,2.9678506369865443,-7.788436462822503,0.4558572997250536,3.5526871200855283,-3.9615046554851574,-1.4977777786397484,-1,-0.24041900102342534,6.000000000000007,40.00000000000001,-34.0,-0.750736015701662,-0.9995345922815915,-2.295211886819132,-0.03894244438992696,0.003925417075564264,0.013738959764475034,-0.0029440628066731422,-0.007306380905991339
2020-08-25,1598328000,2020-09-03,1599105600,-0.25,19.12788990248573,21.787599830529476,20.66,20.81,20.17,20.53,4576704.0,21.7,22.53,21.31,21.51,7255493.0,1.4951189193772336,-9.607624730627833,-0.9631179296451364,-7.0997985433131845,0,7.879972775832144,8.090452261306549,11.882941958077014,8.161027301567266,-3.844330609838977,3.420304729702375,0.9180557237338114,-1.38548111170661,0,-0.1327920565518208,46.0,32.0,14.0,-4.0562529056253,-4.079701313987812,-6.186672997580217,0.11054263344893026,0.008833100883310019,0.04741980474198049,-0.009298000929800265,-0.0009289363678587348
2020-08-26,1598414400,2020-09-04,1599192000,0.75,19.12788990248573,23.10244602196922,20.46,20.66,20.32,20.38,8340578.0,22.07,22.33,21.36,21.99,6314335.0,0.2347077157295132,-11.830887797584893,-2.7118387145672216,-8.746399878732745,0,10.38067690726561,7.583170254403117,14.447050405247507,14.15781087261854,-5.437805494951391,3.421749534095613,2.4905704389322167,1.2037401413212794,0,-0.07428203677241971,50.0,40.0,10.0,-5.79809004092769,-5.5855110115283395,-7.911520809565445,0.1418607841389622,0.0036380172805821065,0.015461573442473897,-0.028649386084583894,0.02231520223152006
2020-08-27,1598500800,2020-09-08,1599537600,0.25,20.37210914226818,23.10244602196922,20.43,21.08,20.25,20.9,4663989.0,21.52,21.75,21.07,21.39,11298405.0,3.3343256567820276,-9.369856278567923,0.1690821256038646,-6.076827177808951,0,6.005545442405484,2.836538461538461,14.546459275729386,6.719967878889925,-2.2656504801373956,3.5736844296797994,3.274195030164133,-2.184734132530372,-1,-0.050000786812601734,46.0,39.99999999999999,6.000000000000007,-3.0177653108929547,-2.657410796604239,-5.11943714537199,0.11343950949393722,0.006077606358111165,0.016830294530154166,-0.014960261804581543,-0.027285129604365577
2020-09-04,1599192000,2020-09-09,1599624000,-0.25,20.37210914226818,23.120850530562002,22.07,22.33,21.36,21.99,6314335.0,21.56,22.03,21.29,21.8,9186785.0,1.6939344985978266,-11.20310881052444,-1.7163608562691195,-7.812691131498468,0,8.18493519781925,1.7740429505135338,15.627480461778495,14.388204713847728,-3.511825137633423,3.498474539190898,4.276222668077018,1.7712891271201803,0,0.012937669574595401,42.0,40.0,2.0,-4.754587155963307,-4.060721541825984,-6.6331473884114445,0.11326189944196363,-0.011009174311926717,0.010550458715596456,-0.023394495412844107,0.019167835437120084
2020-09-08,1599537600,2020-09-10,1599710400,0.25,20.312590670003452,23.120850530562002,21.52,21.75,21.07,21.39,11298405.0,22.04,22.56,21.31,21.48,15731791.0,3.3303145902187907,-9.913182374203913,-0.1505276225946659,-6.33767846058349,0,5.909496876882969,0.8924377642085547,15.425586238898006,22.29357122706145,-1.3067818212540487,3.712648591402968,5.6718774315195795,-2.9538112600608395,-1,-0.10297657597598578,38.0,40.0,-2.0,-3.291433891992554,-2.3808434482227625,-5.036630554917565,0.08395114043236268,0.02607076350093096,0.05027932960893855,-0.007914338919925545,-0.014678899082568808
2020-09-09,1599624000,2020-09-14,1600056000,-0.25,20.312590670003452,23.16454625480782,21.56,22.03,21.29,21.8,9186785.0,22.03,22.58,21.93,22.5,15193825.0,0.3126139099152425,-14.410391687693036,-4.115555555555545,-10.062222222222218,0,11.188668783022223,8.069164265129682,18.199879638037526,20.186019498624432,-4.617918913028774,3.4984943094384895,8.182021317220176,2.740668485423168,0,0.07330510896892552,50.0,60.0,-10.0,-7.0488888888888965,-5.84345948437236,-8.742219918688193,0.11217295210492073,-0.020888888888888846,0.003555555555555534,-0.02533333333333332,0.03258375401560354
2020-09-10,1599710400,2020-09-15,1600142400,0.25,20.296079654298236,23.16454625480782,22.04,22.56,21.31,21.48,15731791.0,22.47,22.5,21.44,21.45,6586766.0,5.462311556218452,-9.993780087687,1.0365190365190529,-5.53224553224554,0,4.065739251535867,4.88997555012225,16.399188833572556,15.07525726314401,0.31372003268910476,3.760604680355505,8.536732792373861,-1.178361771425432,0,0.01195827732474724,46.0,60.0,-14.0,-2.2657342657342667,-1.1168363404799493,-4.107406609400556,0.05728152667095421,0.047552447552447585,0.04895104895104896,-0.0004662004662003838,-0.046666666666666745
2020-09-11,1599796800,2020-09-18,1600401600,-0.25,20.296079654298236,23.26087791224838,21.46,21.83,21.18,21.79,8265050.0,21.79,22.11,21.68,21.83,10448632.0,4.295757968976275,-9.133137721610254,0.9344938158497627,-5.913879981676573,0,5.3631793146097735,11.776753712237568,15.808294049094906,9.43586412496154,-0.48131517762421083,3.6821593167384625,9.837562470059055,-1.7814693397356687,0,0.02464688594782217,34.0,60.0,-26.0,-2.4186898763169893,-1.8672383944605713,-5.017099333621019,0.02485376135071571,-0.001832340815391631,0.01282638570774175,-0.006871278057718699,-0.011770031688546956
2020-09-15,1600142400,2020-09-21,1600660800,0.25,20.250243416744226,23.26087791224838,22.47,22.5,21.44,21.45,6586766.0,21.15,21.48,20.63,20.76,5550755.0,8.821135620556106,-2.963717508802759,6.596017983301209,-0.8413615928066775,0,-0.9347327326690831,6.790123456790124,11.907825932769924,10.062639833183084,4.714210350341588,4.008257612500716,8.080180509654511,-0.9442321955536856,0,0.03484919679490382,30.0,60.0,-30.0,2.9287090558766806,2.886791290782625,-0.11677872624051133,-0.06712328322971389,0.01878612716762995,0.03468208092485536,-0.006262042389210132,-0.04901511681172688
2020-09-16,1600228800,2020-09-25,1601006400,-0.75,18.696138119579192,23.26087791224838,21.51,22.65,21.37,22.2,7980004.0,18.95,19.7,18.92,19.63,3821811.0,17.58413668559244,-2.0976364308802715,12.217694005773481,3.6440821871285465,0,-5.617947568466363,-6.076555023923444,-6.339557614734705,-6.6160678835306825,9.06395129636563,4.45989852796617,4.20099243423919,0.6407355680822853,0,-0.07663150767039333,14.0,-32.0,46.0,7.743250127356077,5.5667234632747835,4.650213065692313,-0.33850191515982175,-0.03464085583290877,0.00356597045338769,-0.036169128884360524,0.025065274151436112
2020-09-21,1600660800,2020-09-28,1601265600,-0.25,18.696138119579192,21.829256780767825,21.15,21.48,20.63,20.76,5550755.0,20.06,20.53,20.02,20.37,4598710.0,13.272045853911195,-5.986822486213583,8.010145639011611,-0.3600065455735546,0,-1.4240806084664612,-3.59678182678655,-6.231167281360132,-0.20328005580983444,4.888580868337627,4.30647838330769,2.3779669734844546,0.7768081584844791,0,-0.06044116680852296,10.0,-32.0,42.0,3.6426116838488127,1.5667785260714737,0.815213107989905,-0.2673836869180044,-0.015218458517427647,0.007854688267059373,-0.01718213058419249,0.037697401935812724
2020-09-22,1600747200,2020-09-29,1601352000,0.25,18.694016721579455,21.829256780767825,20.73,20.8,19.53,19.7,10215468.0,20.27,20.38,19.68,19.92,3094135.0,15.934677632695156,-4.403553134703202,10.332161981258352,1.5721218206157914,0,-3.6607700733990143,-4.184704184704172,-7.136204713327847,-5.839263662372119,6.918454300483063,4.340212782141815,1.1060733617194032,-0.5266104100637441,0,-0.1046051911342252,6.000000000000007,-31.999999999999993,38.0,5.765562248995977,3.493474595872641,2.9713842226533274,-0.23799223196244165,0.01757028112449799,0.02309236947791149,-0.012048192771084487,-0.022091310751104487
2020-09-28,1601265600,2020-10-02,1601611200,-0.25,18.694016721579455,21.829256780767825,20.06,20.53,20.02,20.37,4598710.0,20.01,21.19,19.93,21.07,3675922.0,9.14427510596461,-10.221636282993572,3.576174655908872,-4.46369245372567,0,2.59127228657362,-2.0455602045560264,-4.331983861062571,-14.542761995359982,-1.0204279528412457,4.073384322297916,-3.135689962333931,0.6327147765674749,0,-0.19199337455811857,-6.0,-32.0,26.0,-0.538680588514481,-2.1313619136608253,-2.590744292808097,-0.04750200653584384,-0.05030849549121963,0.005695301376364537,-0.054105363075462765,0.03082191780821919
2020-09-29,1601352000,2020-10-15,1602734400,0.75,18.694016721579455,23.35869196189517,20.27,20.38,19.68,19.92,3094135.0,21.89,22.55,21.82,22.42,9710943.0,5.879602381221673,-16.611092122524113,-1.7246506095747804,-8.78531073446328,0,6.385279858809469,1.4938886373924936,13.726556724605032,5.863456517857976,-2.9546669109577266,3.7163605692018313,0.604928055042258,1.6776271883216864,1,0.11133178921150172,30.0,40.0,-10.0,-5.365744870651213,-3.1776125839926124,-5.869637607432949,0.13923172695160335,-0.023639607493309622,0.005798394290811748,-0.0267618198037467,0.011276499774470095
2020-09-30,1601438400,2020-10-19,1603080000,0.25,20.210091910326355,23.35869196189517,20.03,20.67,20.01,20.32,5855011.0,21.64,21.76,21.3,21.41,4698406.0,10.826767621609463,-12.531578457667393,2.9153043749027034,-4.473766152888075,0,0.6396191032423388,3.131021194605003,9.412676530994556,1.1509051285711251,2.0756445553566465,3.9644396261270143,-2.8677295127934386,0.7952974997739827,0,0.06936200291139825,22.0,40.0,-18.0,-0.8524054180289653,1.1297210214933102,-1.3227416691835714,-0.0215304387073042,0.010742643624474635,0.016347501167678802,-0.005137786081270357,0.0009350163627863672
2020-10-05,1601870400,2020-10-22,1603339200,-0.25,20.210091910326355,23.35869196189517,21.31,22.1,21.26,22.09,5133750.0,22.21,23.29,22.04,23.19,4670711.0,2.592512388864151,-15.451503333236715,-3.398016386373442,-9.862009486847796,0,9.118545180985606,21.09660574412534,11.571535649831866,-3.714356723999387,-4.307461375820935,3.7186060788342536,-3.093051510482919,0.7831240007194791,0,0.14047311735276072,50.0,80.0,-30.0,-6.429495472186289,-5.635381486252783,-8.215886264190758,0.04933950487871852,-0.04225959465286766,0.004312203536006809,-0.04959034066407941,0.04742547425474264
2020-10-16,1602820800,2020-10-23,1603425600,0.75,20.210091910326355,24.89348761961649,21.7,21.76,20.95,21.39,9541614.0,23.39,23.6,22.85,23.41,4758633.0,2.003098731173395,-15.006088906312243,-3.485689876121313,-9.876121315677068,0,10.050880624892756,19.256240448293436,13.66554353991449,-3.752276094399086,-4.803304119342826,3.6493811392755315,-2.107925367818005,0.7942075821513724,0,0.10591108156477341,50.0,84.0,-34.0,-6.501495087569424,-5.9010301593902454,-8.722427754908324,0.09775873149638015,-0.0008543357539513297,0.008116189662537465,-0.023921401110636453,0.009486847779215157
2020-10-20,1603166400,2020-10-26,1603684800,0.25,21.79173963368294,24.89348761961649,21.79,22.54,21.69,22.2,5383019.0,23.15,23.24,22.5,22.79,4977774.0,4.906671217374807,-11.76055449951609,-0.25303495685240307,-6.918238993710702,0,6.245656462286384,11.880216003927334,13.73040517873258,-10.62093333908502,-2.0057320111938566,3.76611346491482,-1.826820866726866,-0.8228722396941459,0,0.15262134651564765,46.0,84.0,-38.0,-3.4269416410706413,-3.0228780471701953,-5.994553556666389,0.08003969029483038,0.015796401930671333,0.019745502413339056,-0.012724879333040784,-0.026484408372490442
2020-10-23,1603425600,2020-10-29,1603944000,-0.75,20.22576519724938,24.89348761961649,23.39,23.6,22.85,23.41,4758633.0,21.04,21.98,20.72,21.78,5784765.0,7.953550399854507,-4.041704669826956,5.590756045301504,-1.9344964799510223,1,0.8106322813028441,6.555772994129157,6.182643465524894,-12.550950343252552,1.724541753302006,4.109390146600898,-5.434126526923983,0.9418278421806878,0,0.11829116383322161,34.0,80.0,-46.0,1.9559228650137612,0.8085138732245554,-1.5746021530118668,-0.11957026038307167,-0.03397612488521584,0.009182736455463747,-0.04866850321395788,0.032227488151658656
2020-10-26,1603684800,2020-11-02,1604293200,-0.25,20.22576519724938,23.407032691710814,23.15,23.24,22.5,22.79,4977774.0,22.51,22.89,22.08,22.86,4160008.0,2.906462280687009,-7.788352044466535,0.9346748323126377,-6.011956838728494,1,5.698810061786716,3.4857401539157973,7.132465309606467,-6.144645792364052,-3.2718442591632737,3.8553050153131583,-6.350384850201539,0.674023384444558,0,0.17837615623227382,26.0,72.0,-46.0,-2.440944881889763,-3.478036970642748,-5.8514727422814445,-0.04160356463389331,-0.01531058617672787,0.001312335958005395,-0.034120734908136496,0.02880288028802891
2020-10-27,1603771200,2020-11-03,1604379600,0.75,20.22576519724938,25.00481496314751,22.63,22.89,21.72,21.74,3743190.0,23.38,23.83,23.25,23.66,3843688.0,0.2893878264944192,-10.982540827339704,-2.2978303747534454,-8.760214144829547,0,8.94602946039926,8.532110091743117,9.554252132866417,0.1688178632761108,-6.316738761149182,3.751719431381368,-5.564207158012227,0.6212167130311781,0,0.2693685689040681,50.0,96.0,-46.0,-5.346576500422643,-6.099606685643792,-8.68054686286041,0.0443786883916647,-0.01183431952662728,0.007185122569737912,-0.017328825021132754,0.034995625546806686
2020-10-30,1604030400,2020-11-04,1604466000,0.25,21.65337772537674,25.00481496314751,21.72,22.23,21.45,22.22,3775262.0,22.82,22.84,21.56,21.79,6244310.0,8.809686190961912,-3.6284103763680804,6.109071439498237,-1.1740859721584798,1,-0.060692763371008596,-3.5840707964601872,7.262443136236197,2.666646556570015,1.6206269813001057,4.4711003170008565,-6.855855733856554,-1.0037943310291932,0,0.13837367062138808,46.0,92.0,-46.0,2.590637907296923,1.7722913755451088,-0.8105041888153153,-0.026213116969378003,0.047269389628269876,0.048187241854061424,-0.010555300596603923,-0.07903634826711758
2020-11-03,1604379600,2020-11-05,1604552400,-0.25,21.65337772537674,25.298998017592456,23.38,23.83,23.25,23.66,3843688.0,21.95,23.84,21.94,23.58,9325325.0,1.02593906746813,-11.153165530572409,-1.5917444161718777,-8.898784280463673,1,6.618241694410202,2.745098039215682,8.765105585602736,15.86332511689048,-5.105834156083034,4.457556606073042,-7.194771711898138,1.49434695349539,1,0.22267054791576282,42.0,88.0,-46.0,-5.063613231552139,-5.386432504565136,-8.013091376407388,0.04239042486948569,-0.06912637828668355,0.011026293469041715,-0.06955046649703123,0.08214777420835251
2020-11-04,1604466000,2020-11-06,1604638800,0.25,21.456064889106433,25.298998017592456,22.82,22.84,21.56,21.79,6244310.0,23.72,23.93,22.42,22.6,4541069.0,5.447137577524757,-7.283420763365484,2.8974926253687414,-5.040560471976406,1,2.575783656660697,0.5785491766800291,7.907029537694194,9.373658133751249,-0.5582119609101284,4.795889386933091,-7.437120843046827,-0.727975377883856,0,0.20893405985989272,38.0,16.0,22.0,-0.9181415929203638,-1.1614612109045197,-3.8664636804864045,0.017771057518172872,0.04955752212389375,0.05884955752212373,-0.007964601769911539,-0.0415606446140796
2020-11-05,1604552400,2020-11-09,1604898000,-0.25,21.456064889106433,25.770217079843455,21.95,23.84,21.94,23.58,9325325.0,24.95,26.89,24.9,26.36,11093731.0,-5.866842014271967,-22.915403812738674,-10.874430955993944,-18.22647951441577,0,13.190098426172241,15.209790209790212,13.055085263266433,13.292719017491251,-12.686351098542204,4.9805774492763435,-5.871274932073607,1.7353744735304786,1,0.24704768627318638,50.0,32.0,18.0,-14.391122913505313,-13.806509581549236,-16.889614299570525,0.23846718729338773,-0.05349013657056145,0.02010622154779984,-0.055386949924127515,0.16637168141592906
2020-11-06,1604638800,2020-11-11,1605070800,0.75,21.456064889106433,28.080316868823765,23.72,23.93,22.42,22.6,4541069.0,26.83,26.83,25.62,25.83,4362569.0,1.1507306418524053,-23.365209929502413,-7.452574525745263,-15.164537359659306,0,10.485459507315682,16.50879566982407,18.34054849242802,14.65841080866116,-8.805821467435166,4.94830319991274,-3.4730143370893494,-0.6906702823980967,0,0.1714715830830104,46.0,36.0,10.0,-11.107239643825011,-9.54726595554915,-13.882518595337089,0.39480223722924324,0.038714672861014376,0.038714672861014376,-0.008130081300812941,-0.03439252336448606
2020-11-09,1604898000,2020-11-12,1605157200,0.25,23.407032691710814,28.080316868823765,24.95,26.89,24.9,26.36,11093731.0,25.14,25.52,24.54,25.02,4763973.0,5.392608394562458,-20.81227266314758,-3.854249933386626,-11.915800692779115,0,7.505234263277487,11.59678858162354,17.881938860942846,8.293543325501084,-5.42434256606758,5.111884011358624,-3.681156313002017,-0.758065024557611,0,0.13978602896513195,42.0,35.99999999999999,6.000000000000007,-7.709832134292554,-5.988564791985198,-10.659462477516257,0.3228729655279583,0.004796163069544335,0.019984012789768135,-0.01918465227817745,-0.03135888501742157
2020-11-10,1604984400,2020-11-23,1606107600,-0.25,23.468028996487984,28.080316868823765,26.47,26.89,25.99,26.75,6335648.0,26.91,27.24,26.66,27.11,2598076.0,6.407105368057444,-25.001719901439984,-5.600024591171774,-13.313045616623626,0,11.508196387768145,18.955682316805618,22.37756331726813,7.566676149222403,-6.75897534854785,4.360001573307888,-1.4985535155200758,0.48865875394173197,0,0.1714577143077673,50.0,72.0,-21.999999999999996,-9.297307266691263,-7.3811946379814515,-13.67097383707359,0.15140204057363715,-0.007377351530800436,0.004795278495020261,-0.01659904094430098,0.030015197568389107
2020-11-12,1605157200,2020-11-25,1606280400,0.75,23.468028996487984,30.22558575586326,25.14,25.52,24.54,25.02,4763973.0,28.07,28.4,27.73,28.3,3167368.0,4.3822908824839,-25.640241412519217,-7.282685512367507,-14.604240282685524,0,13.920696172940588,34.12322274881517,25.466933680717794,7.131858126513173,-7.151986584281374,4.191018174127729,0.48923822638482406,-0.6112078198711562,0,0.23870091126175955,46.0,76.0,-30.0,-10.628975265017658,-9.141976665262803,-15.93211447399382,0.2177384649296421,-0.008127208480565362,0.0035335689045936647,-0.020141342756183733,-0.010143406785589337
2020-11-13,1605243600,2020-12-02,1606885200,0.25,25.770217079843455,30.22558575586326,25.41,26.09,25.34,25.89,3885534.0,27.29,28.24,27.18,28.02,4035651.0,6.2244235370942675,-18.77617228798647,-2.6249107780157033,-10.115988579586002,0,10.852529753517793,18.42772612003381,22.787492937617444,-0.011944700114739248,-3.8571305789756423,4.144141611506518,0.31204798626254515,0.8367940121837459,0,0.107225465581743,30.0,76.0,-46.0,-6.275874375446094,-6.134175244333122,-13.142913747770109,-0.008919543332525093,-0.02605281941470383,0.007851534618129818,-0.02997858672376874,0.02188183807439814
2020-11-24,1606194000,2020-12-17,1608181200,-0.25,25.96926597490863,30.22558575586326,27.83,28.7,27.81,28.59,4669233.0,28.66,28.8,28.15,28.36,4165742.0,5.503050108694893,-6.800652365394484,1.981664315937934,-3.5331452750352668,0,8.10618782118219,6.978498679743485,22.64063238959338,-1.5677374420672336,0.013310438803856073,3.389962923369845,2.697989989985757,-0.8912807959528604,0,0.04455507652952914,30.0,76.0,-46.0,-0.6488011283498025,-1.48727684036065,-8.621342148025064,-0.18187642830943007,0.010578279266572732,0.015514809590973178,-0.00740479548660089,-0.016984402079722738
2020-11-27,1606453200,2020-12-18,1608267600,0.25,25.96926597490863,30.09309247305443,28.18,28.35,27.62,27.84,1666587.0,28.36,28.52,27.63,27.9,10488544.0,7.022836635460351,-4.6357398612668135,3.9366786140979855,-1.6690561529271264,0,5.779047003090241,4.2600896860986435,20.463067730425465,-4.768537697043996,1.982801324748678,3.4275768832257927,1.683758820032061,-2.1723207356504886,-1,0.07678077443534811,26.0,72.0,-46.0,1.193548387096783,0.1239046720260717,-6.835731184609983,-0.2394959348621828,0.016487455197132572,0.022222222222222365,-0.009677419354838679,-0.016220028208744797
2020-12-03,1606971600,2020-12-21,1608526800,-0.25,26.3242054750604,30.09309247305443,28.02,28.48,27.65,28.21,3932434.0,28.08,28.53,27.62,28.35,5026153.0,4.774943490975872,-4.884290933656644,2.6743092298647753,-2.951793062904173,1,7.530538802277562,7.712765957446813,19.320615551815944,-3.978289441257246,0.5216013417118006,3.361507018256475,0.7529579680547336,1.0394307143857249,0,0.15509471794229046,22.0,52.0,-30.0,-0.054673721340378734,-1.3258052126631128,-7.988469137517939,-0.24436202160391574,-0.009523809523809601,0.006349206349206327,-0.025749559082892448,0.016129032258064724
2020-12-18,1608267600,2020-12-22,1608613200,0.25,26.3242054750604,29.76091161723267,28.36,28.52,27.63,27.9,10488544.0,28.54,28.66,27.92,27.92,3330338.0,6.163847730588401,-2.904535409671496,4.492597898758362,-1.2774594078318984,1,5.326371597608613,2.9878273699741875,17.414507149560603,-7.799028128408835,2.17070126424494,3.358788916236246,0.03843427575505842,-0.6902851614787875,0,0.06029891570740332,18.0,52.0,-34.0,1.6296561604584525,0.17542472062869763,-6.313684689015574,-0.2715107921868025,0.022206303724928267,0.026504297994269344,0.0,-0.015167548500881867
2020-12-21,1608526800,2021-01-05,1609822800,-0.25,26.357541628072703,29.76091161723267,28.08,28.53,27.62,28.35,5026153.0,28.97,29.91,28.88,29.59,3383551.0,0.032109357038763164,-5.800950181641667,-0.3711839585445347,-5.501295482708116,1,11.18976403592385,2.422983731394944,17.237164982068723,4.254963312318175,-3.5963657535509412,2.9117855089247144,-0.1938552790187451,0.8007653814806762,0,0.0215048337103439,50.0,96.0,-46.0,-2.884420412301452,-3.6498608832351067,-9.049181964172476,-0.06107828727887876,-0.020953024670496867,0.010814464346062813,-0.023994592767827005,0.021401449775630077
2020-12-22,1608613200,2021-01-06,1609909200,0.75,26.357541628072703,31.527483587358763,28.54,28.66,27.92,27.92,3330338.0,30.61,32.19,30.54,31.65,6905053.0,-3.8996481169312034,-13.60746088780813,-6.2543443917851675,-11.357030015797775,0,18.21293001745329,9.934004862799581,21.871503378045404,14.488263586547276,-8.708318747637733,3.114593842739945,2.1689883341882883,1.6177431772644473,1,0.03248878914995443,50.0,96.0,-46.0,-8.753554502369681,-8.976135239845945,-14.381872454030486,0.09698206543244459,-0.032859399684044166,0.017061611374407537,-0.035071090047393394,0.06961811422777964
2020-12-23,1608699600,2021-01-13,1610514000,0.75,28.04553458581639,33.36926883440993,28.22,29.01,28.19,28.83,2713172.0,32.69,33.08,32.41,32.82,2795891.0,1.775105105482666,-20.141954587505822,-6.777371521430027,-11.926670729230139,0,19.5680151008643,16.259298618490966,36.458658957745854,27.585491348958186,-6.319967344725384,3.103380285301224,10.756166926614576,-0.6650273151828221,0,0.2503983107543603,46.0,60.0,-14.0,-9.183424741011578,-7.611629886602827,-14.371794883764949,0.3134534534837843,-0.0039609993906155605,0.007921998781230899,-0.012492382693479742,-0.001217285453438799
2021-01-06,1609909200,2021-01-14,1610600400,0.75,29.753099475149817,35.22081084765844,30.61,32.19,30.54,31.65,6905053.0,33.18,33.98,32.95,33.8,3136488.0,0.6351826967862166,-22.783111690869035,-8.706114398422088,-13.79783037475346,0,22.234686952599148,17.44266851980541,39.14745576688579,28.00225487834102,-8.136222599917033,3.043297194688546,12.560596477360761,0.7496916106125934,0,0.25904976255781476,50.0,68.0,-18.0,-11.073964497041416,-9.310312996178908,-16.193545130625992,0.33628948535130654,-0.01834319526627215,0.005325443786982298,-0.02514792899408269,0.029859841560024192
2021-01-07,1609995600,2021-01-21,1611205200,0.25,31.49697982210774,35.22081084765844,32.21,33.16,32.1,32.76,5231954.0,32.57,32.84,31.37,31.74,4553208.0,10.119557975814615,-15.242431321750331,0.29090527200168026,-5.654274312119284,0,9.23890803224873,11.957671957671947,34.47104968082462,14.352686581000825,0.7550399507328223,3.428724774051399,13.06398873328785,-1.1183320782780384,0,0.21044034671526415,34.0,68.0,-34.0,-2.561436672967858,-1.3446546322836213,-8.721013513326724,-0.003350985373815174,0.026149968494013853,0.03465658475110289,-0.011657214870825383,-0.02906087488528597
2021-01-14,1610600400,2021-01-26,1611637200,-0.75,29.576430715476054,35.22081084765844,33.18,33.98,32.95,33.8,3136488.0,31.43,31.56,30.18,30.21,5219259.0,15.067063839668691,-7.950215114081118,6.725146198830373,0.14785391150830662,0,1.4558002792905498,5.481843575418996,21.05073810303284,-5.644724983112525,6.347041986242871,3.6833698410142106,6.719791466550845,-1.3231128784797885,0,0.15051455923586288,22.0,68.0,-46.0,3.5584243627937866,3.2223966856103488,-3.400588905891837,-0.34623697119020136,0.04038397881496181,0.04468718967229379,-0.0009930486593843213,-0.026426039316790217
2021-01-15,1610686800,2021-01-27,1611723600,-0.75,27.51084092419697,33.36926883440993,32.99,33.39,32.61,33.13,4497046.0,29.62,29.9,28.61,28.71,6453919.0,21.05083823625891,-3.0849726841864964,12.482294206432115,5.296644606989446,0,-4.892312512418847,0.2794271742927064,13.40794351008608,-15.854391566010506,11.064292913657184,3.997038955220956,5.590535923663644,-1.6222070209970867,0,0.026569393671645614,18.0,60.0,-42.0,8.982932776036208,7.7949005217586205,1.5818374744724935,-0.5062452001558513,0.031696273075583425,0.04144897248345525,-0.0034831069313828733,-0.04965243296921551
2021-01-22,1611291600,2021-02-02,1612242000,-0.25,27.51084092419697,31.74904980737806,31.24,31.68,30.95,31.31,4251254.0,30.85,31.94,30.85,31.31,4036193.0,9.789872130859138,-7.921459483142755,4.4857872884062715,-2.780261897157459,0,5.320635587842666,8.077321366931308,5.7533626269792055,-16.750195899969015,-0.30297484368789185,3.8881060349284615,-0.33247518683775823,0.9770207383504876,0,-0.013589555389390077,2.0,44.0,-42.0,0.9342063238581915,-1.6563170036750279,-6.248421070544936,-0.3288432918669646,-0.014691791759821049,0.02012136697540723,-0.014691791759821049,0.03197099538562953
2021-01-27,1611723600,2021-02-12,1613106000,0.75,27.51084092419697,33.8917901208884,29.62,29.9,28.61,28.71,6453919.0,33.29,33.65,32.95,33.38,2271464.0,4.007943812015043,-12.89350402771305,-1.2951867385660023,-7.466546834431796,0,10.99353865479273,-1.2426035502958421,18.056423443490903,9.444592252057177,-6.044350458216073,3.1930993739069886,-0.24814892023893975,0.5575829985818536,0,-0.07274243994311139,-30.0,-32.0,2.0,-4.4427801078490035,-3.9802235737168274,-9.036709616370118,0.1170598966300791,-0.002696225284601672,0.008088675853804572,-0.012881965248651928,0.013665350744002547
2021-01-28,1611810000,2021-02-17,1613538000,0.75,29.576430715476054,35.87129324671966,29.48,30.69,29.17,30.34,5457336.0,34.45,35.06,33.96,34.46,3914243.0,2.123337415121867,-16.226645598522964,-3.8837299284194273,-10.102534339330617,0,14.076351831191346,3.4834834834834947,22.29643580464773,27.611258587438343,-6.521444236106561,3.1913629600233895,0.7471027299221404,-0.948149453609627,0,0.14400429056334338,46.0,52.0,-6.0,-7.0516540917005415,-5.679094925104991,-10.954897767495979,0.1960876728476133,-0.00029019152640741286,0.017411491584445882,-0.01450957632037142,-0.004909038406006427
2021-02-03,1612328400,2021-02-19,1613710800,0.25,31.74904980737806,35.87129324671966,31.31,32.04,31.2,31.96,3906939.0,34.02,34.2,33.29,33.69,4613111.0,5.313656541529511,-14.292582038709696,-1.514297021866014,-7.465617888592064,0,9.912300538849266,6.143667296786388,21.641132423554,29.35408615385539,-2.0777706737328003,3.2379056531046313,0.08528315218800842,1.112805277984903,0,0.15184238381729645,38.0,52.0,-14.0,-4.4894627485900855,-2.8841923132685423,-8.23386272923608,0.08775774254831192,0.009795191451469343,0.015138023152270863,-0.01187295933511423,0.0
2021-02-16,1613451600,2021-02-22,1613970000,-0.25,31.90321854810533,36.0184972423187,33.96,34.92,33.83,34.63,6780296.0,34.95,36.05,34.85,35.62,5011074.0,1.0399578148884387,-19.158992065309562,-6.195957327344189,-11.95676586187534,0,16.04128971310419,13.765570105397634,24.165311533930993,29.685557918727568,-6.046194522525624,3.3169678729650984,1.0295232892903776,1.2011927660834005,0,0.09796786951009766,50.0,68.0,-18.0,-9.059517125210576,-7.370391622745814,-12.688147731529,0.167093360739886,-0.01880965749578878,0.012071869736103302,-0.021617069062324412,0.057287028791926486
2021-02-18,1613624400,2021-02-23,1614056400,0.75,31.90321854810533,38.13343956936113,34.02,34.2,33.29,33.69,4613111.0,36.25,36.71,35.68,36.62,6472220.0,0.08552237003067376,-21.64477960651348,-8.005188421627523,-13.564991807755334,0,18.655042403132214,18.014824363519164,27.463391930662297,30.87968937851184,-7.3604715617320124,3.208541669765193,2.249209244335109,1.5314957413111452,1,0.19506535734806663,50.0,72.0,-21.999999999999996,-10.77962861824139,-8.957027960835745,-14.481339505711048,0.26402375751749396,-0.010103768432550453,0.0024576734025123503,-0.025669033315128265,0.028074115665356558
2021-02-22,1613970000,2021-02-24,1614142800,0.75,33.8917901208884,40.32102887304338,34.95,36.05,34.85,35.62,5011074.0,37.07,38.36,36.88,38.21,5878235.0,-1.7089023729403863,-25.18196389243515,-10.882404257175267,-16.23702346680625,0,22.232128657230135,26.481297583581593,31.957352736731753,31.84596850317527,-9.866633747807398,3.1806526849897523,4.085658518110726,1.3742131033354454,0,0.21374274835561322,50.0,76.0,-26.0,-13.445433132687768,-11.531662011428466,-17.33250508400829,0.4039516271788741,-0.029835121695891087,0.003925673907354099,-0.03480764197853958,0.04341889677771715
2021-02-23,1614056400,2021-02-25,1614229200,0.25,35.79224950165618,40.32102887304338,36.25,36.71,35.68,36.62,6472220.0,38.69,38.7,36.29,36.41,7170139.0,3.5238008986073766,-19.74187285686058,-5.216057859562369,-11.14300100704935,0,13.585065619298241,26.81992337164749,31.30620660473142,19.20249202597313,-4.116592296751435,3.5722635230018445,5.10778329259362,-1.642089092576257,0,0.08173118454347249,46.0,76.0,-30.0,-8.109035979126617,-6.4763360454047785,-12.726236567059175,0.3462316618856027,0.06262015929689646,0.0628948091183743,-0.003295797857731375,-0.0471080868882493
2021-02-24,1614142800,2021-02-26,1614315600,-0.75,33.44728729593015,40.32102887304338,37.07,38.36,36.88,38.21,5878235.0,36.11,36.64,35.31,35.79,7318519.0,5.692049173154771,-17.203644590869203,-2.783831610319453,-8.760361367234779,0,10.940001226395701,17.963085036255766,29.515464411906084,9.503747841287492,-1.9300079122799332,3.6400021820589608,5.026541241909211,-1.6497086182808636,0,0.0773347741640663,42.0,76.0,-34.0,-5.755797708857216,-4.393704696510824,-10.774590008669634,0.24217134998796075,0.008941044984632551,0.023749650740430228,-0.013411567476948827,-0.017028288931612123
2021-02-25,1614229200,2021-03-19,1616126400,-0.25,33.44728729593015,38.135571549830345,38.69,38.7,36.29,36.41,7170139.0,36.77,37.57,36.01,36.69,23174185.0,3.451088085321757,-3.33934101527538,3.8062142273099084,-3.511856091578082,1,6.905731358033599,8.904719501335709,17.91079796427926,10.160030954626606,0.341915074181955,3.845569511038166,-1.5437878446326572,-3.8764167848169246,-1,-0.08249718676350587,-18.0,28.0,-46.0,0.055873535023181375,-1.226095205926896,-6.988032808338502,-0.17432499540394586,0.0021804306350505787,0.02398473698555481,-0.018533660397928586,-0.018721583311045786
2021-02-26,1614315600,2021-03-24,1616558400,0.25,33.26296498635349,38.135571549830345,36.11,36.64,35.31,35.79,7318519.0,35.52,35.98,34.78,34.8,5687231.0,9.0500657142575,0.4815434811448256,8.950670498084307,1.2437739463601645,1,-0.49861135848931326,-8.924365349384987,8.211323507391779,2.814306136915569,5.224769403738861,3.96231692507685,-5.575225635819347,-0.9290214280486316,0,-0.11720417808868985,-30.0,16.0,-46.0,4.765804597701148,3.2917360601610426,-1.6123635088004136,-0.4112326789752948,0.020689655172414056,0.03390804597701158,-0.0005747126436780325,-0.0005743825387709567
2021-03-01,1614574800,2021-03-26,1616731200,-0.25,33.26296498635349,38.36695944339088,36.65,37.08,36.25,36.5,9730528.0,36.91,37.41,36.5,37.08,6569140.0,2.486176472680498,-5.512066440318051,2.114347357065796,-4.921790722761585,1,7.246087375375112,3.6043587594300064,8.76967897597926,1.3893884660210816,-1.3991495523982564,3.7900923403014404,-6.6801948857246565,1.0482518706915795,0,-0.1061708556977356,-38.0,-80.0,42.0,-1.5129449838187696,-2.6788055380294935,-7.149133066249902,-0.2280315497730414,-0.004584681769147836,0.008899676375404564,-0.015641855447680597,0.02064409578860449
2021-03-22,1616385600,2021-03-29,1616990400,0.25,33.21570878658901,38.36695944339088,36.59,36.61,35.36,35.79,7071367.0,36.41,36.45,35.31,35.73,9829960.0,6.361061098910838,-2.160109517606628,5.906801007556666,-1.4819479429051086,1,2.093711893684855,-2.109589041095899,7.188886988176509,0.18716842699324587,2.1663656420023187,4.006189500057787,-7.839283794159474,-1.5357808682571064,0,-0.09718059701947866,-42.0,-80.0,38.0,2.1004757906520837,0.9032398042827339,-3.498132974833453,-0.24127185815119578,0.019031626084522912,0.020151133501259633,-0.011754827875734564,-0.03640776699029136
2021-03-25,1616644800,2021-04-19,1618804800,-0.25,33.21570878658901,38.367323022789975,34.67,36.53,34.43,36.33,6719313.0,37.04,37.04,36.75,36.75,38747.0,3.9292907915778414,-4.5469778664077865,2.3514739229024855,-2.9519274376417286,1,2.8793107905811084,0.1635322976287879,7.437190436144643,8.515684802206898,0.5474442064095939,2.946660751977672,-13.922293993609134,-0.006244128413044587,0,0.0810722260888501,30.0,48.0,-18.0,-0.3088435374149725,0.10670014916026105,-3.2091749074681815,-0.08195394056458749,0.00789115646258498,0.00789115646258498,0.0,-0.004874086108854536
2021-03-29,1616990400,2021-04-20,1618891200,0.25,33.21570878658901,38.367323022789975,36.41,36.45,35.31,35.73,9829960.0,36.39,36.58,34.94,35.19,6282240.0,8.692468530713342,-0.6418859788520166,6.894477597802421,1.2451454011556535,0,-3.5638443700459774,-1.6764459346186127,3.821439438471846,-0.9746295791922819,4.6720342828502766,3.224875521165374,-13.040297136829244,-1.0014218084255584,0,-0.03185569838478817,26.0,48.0,-21.999999999999996,4.025291275930655,4.1116975590348375,1.0392203028805795,-0.19684320281295342,0.0341005967604433,0.03949985791418009,-0.007104290991759021,-0.0424489795918368
2021-03-30,1617076800,2021-04-21,1618977600,-0.25,33.749548849039606,38.367323022789975,36.23,37.15,36.18,36.89,5953465.0,34.88,36.3,34.56,36.28,8116147.0,5.056383949529746,-2.854068624281652,3.830852627710385,-1.7893237780227906,1,0.8415917674529965,4.192992533026999,2.8038096424844254,11.206208070495265,1.2218802652799212,3.247133022262409,-11.963346639401962,1.274276946184604,0,0.18289752892864491,22.0,48.0,-26.0,1.101157662624047,0.8900641898281805,-1.9181216029681991,-0.1922512093675522,-0.03858875413450935,0.0005512679162071876,-0.047409040793825796,0.03097470872406949
2021-04-20,1618891200,2021-04-22,1619064000,0.25,33.71006373485924,37.912757250514424,36.39,36.58,34.94,35.19,6282240.0,36.32,36.43,35.55,35.57,8323526.0,6.775617543500445,-0.3207398375684676,5.951644644363213,0.3092493674444512,1,-1.8724656346520874,2.2126436781609287,0.7524802826004212,12.387149872892905,2.9249172376447206,3.2520940973931554,-11.118292584470778,-1.284606585226367,0,-0.03625812280377399,18.0,48.0,-30.0,3.2274388529659888,2.6273331557256085,0.03810043932782037,-0.22744501495141434,0.02108518414394145,0.0241776778183862,-0.0005622715771718134,-0.01957001102535838
2021-04-21,1618977600,2021-04-26,1619409600,-0.25,33.71006373485924,37.939136285110486,34.88,36.3,34.56,36.28,8116147.0,37.29,38.1,37.27,37.68,4075943.0,1.0996969285118894,-5.866151280953517,0.14331210191080856,-5.045116772823789,1,5.656398688670777,1.6181229773462824,3.3260532860471224,18.513992478817173,-2.8539009788576664,3.1459079155404273,-12.116910622926408,0.6229067172317502,0,0.052203544065317,10.0,48.0,-38.0,-2.3832271762208137,-2.706887167383627,-5.202995239284462,-0.049680087684200014,-0.010350318471337605,0.011146496815286566,-0.010881104033970135,0.018103215347203605
2021-04-22,1619064000,2021-05-04,1620100800,0.75,33.71006373485924,39.979553970844044,36.32,36.43,35.55,35.57,8323526.0,38.62,39.95,38.28,39.93,5198792.0,-0.6337753326859001,-11.93321690372781,-3.9969947407963957,-8.837966441272243,0,11.918084945222098,8.152762730227513,15.005542014014415,23.450040093172987,-6.827767820402087,2.7706897675233813,-12.445821968330549,0.7987750949138424,0,0.06699881585775144,50.0,40.0,10.0,-6.28349611820687,-5.684392325634761,-8.887147314334086,0.2638623894355464,-0.03280741297270229,0.0005008765339344912,-0.04132231404958675,0.026214340786430368
2021-04-23,1619150400,2021-05-11,1620705600,0.75,35.79224950165618,42.006144851245956,35.7,37.13,35.47,37.01,5449829.0,40.59,41.62,40.3,40.7,3835459.0,3.0807683661953718,-14.756444041871077,-3.346437346437341,-8.712530712530736,0,13.115434721491596,10.328002168609384,25.952301081809303,34.82184046687908,-5.024680678604142,2.797025595195423,-6.5054704662637945,-0.6243736743129739,0,0.10249593459900154,42.0,52.0,-10.0,-5.837837837837839,-4.410413160053977,-8.63597695303298,0.28840191378822777,-0.002702702702702675,0.022604422604422414,-0.00982800982801002,-0.007317073170731603
2021-04-27,1619496000,2021-05-12,1620792000,0.25,37.85053165916389,42.006144851245956,37.81,38.09,37.63,37.98,3500079.0,41.26,41.49,39.73,39.88,3830841.0,5.598909800261168,-12.805529659839934,-0.8876629889668948,-6.54964894684052,0,8.802880166594349,6.346666666666674,24.88106326868489,26.93441705916773,-1.7586539457440722,2.9658730520452408,-6.641681829629423,-0.6377285416555886,0,0.1940466911442252,38.0,52.0,-14.0,-3.6033099297893756,-2.2120796874787914,-6.492383443189212,0.1766843005783414,0.0346038114343028,0.04037111334001997,-0.003761283851554831,-0.020147420147420103
2021-05-05,1620187200,2021-06-09,1623211200,-0.25,37.85053165916389,42.1969318316899,40.0,40.73,39.35,40.45,4361108.0,40.81,40.9,39.99,40.24,6103792.0,5.287119269915053,-0.7915924309488673,4.645046388336652,-0.10892975480449252,1,1.4668913571924946,-1.1302211302211322,14.311584668555962,2.2666161292443476,2.3780135407139653,2.526182693559901,-12.44894533500268,-1.186192139490564,0,-0.0615191733617191,-14.0,12.0,-26.0,2.2477634194830927,1.5661350038964201,-2.1477204374287737,-0.20342189065356597,0.014165009940357853,0.01640159045725631,-0.0062127236580517,-0.02377486656962635
2021-05-12,1620792000,2021-06-16,1623816000,0.25,37.85053165916389,42.1969318316899,41.26,41.49,39.73,39.88,3830841.0,39.25,40.13,38.67,39.79,4171241.0,6.523617989300817,-1.9119065040030279,4.631398173745509,0.08754293373543476,0,-0.31101260801693087,-3.5160038797284257,-0.4705199253777676,-7.954787741347452,2.7964304123474903,2.649912104639709,-7.823409258120321,0.8279199869563393,0,-0.01627890873874419,-34.0,-76.0,42.0,2.3058557426489017,1.3925791876086464,-0.9744847841956243,-0.32156613277556717,-0.013571249057552137,0.008544860517718078,-0.028147775823071042,0.0035308953341739446
2021-05-13,1620878400,2021-06-22,1624334400,-0.75,35.942132467244285,42.1969318316899,39.7,41.38,39.51,41.11,3363737.0,37.83,38.18,37.39,37.88,4215664.0,13.840226528172892,-2.343394426800174,8.591605068637804,3.2140971488912555,0,-6.60134761538238,-7.54210397852086,-14.68655090459172,-17.71815980295699,4.35647189554615,3.052697070287682,-1.2421297429593174,0.7873086428853961,0,-0.0071080668361793355,-10.0,-52.0,42.0,5.748416050686373,4.060016379927674,3.2845856776581,-0.43601784901183593,-0.0013199577613517421,0.007919746568109787,-0.012935586061246118,0.002116402116402183
2021-06-10,1623297600,2021-06-28,1624852800,-0.25,35.942132467244285,40.070548412520715,40.89,40.99,39.24,39.25,5660742.0,39.1,39.1,38.14,38.24,4358285.0,11.490542602752669,-4.508325029530894,6.2290794979079465,0.9728033472803332,0,-4.366182787360863,-7.766521948866374,-12.476071497545979,-16.103206783075876,1.0414135585425015,2.8878190009030384,-2.4609945983984645,-0.822004545376565,0,-0.03663211694344853,-26.0,-52.0,26.0,3.49110878661088,2.380610083433197,2.110199413254236,-0.12171252747869488,0.022489539748953957,0.022489539748953957,-0.0026150627615063593,-0.02746693794506605
2021-06-17,1623902400,2021-06-29,1624939200,0.25,35.942132467244285,40.070548412520715,40.2,40.25,37.52,37.61,7760619.0,38.54,38.91,37.83,38.01,3105267.0,11.367832046959663,-4.138155646012535,6.428132947469976,1.0506007191090276,0,-5.239991755011687,-9.132201769065265,-12.993203768516523,-14.581604980862082,1.232237749807382,2.9007264662098664,-2.598048179661557,-0.5789788927033035,0,-0.02892022796348545,-30.0,-52.0,22.0,3.614838200473571,2.7143935333048006,2.6210890078355504,-0.11534158389959748,0.013943699026571998,0.023677979479084454,-0.0047355958958168465,-0.006014644351464593
2021-06-23,1624420800,2021-07-02,1625198400,-0.25,36.07086776349322,40.070548412520715,38.08,38.52,37.94,38.15,3220314.0,38.51,38.59,38.01,38.26,3245354.0,7.802993971236077,-4.4836003486537095,4.316082941278964,-0.7936922808851676,0,-3.861508399052944,-7.740535326742226,-12.197778981083887,-5.848343406264384,-0.17898651551128353,2.5983581982269133,-3.764828994873458,-0.6330488353519205,0,0.06023728507153091,-42.0,-52.0,10.0,1.6596968112911838,1.5570417004281865,1.748249931758707,-0.02442871749894282,0.006534239414532239,0.008625196027182591,-0.006534239414532128,-0.008551438196424122
2021-06-29,1624939200,2021-07-07,1625630400,0.25,36.07086776349322,39.96263304267819,38.54,38.91,37.83,38.01,3105267.0,36.87,37.34,36.72,36.9,4992346.0,9.51375033974007,-1.0422056242929187,7.120144534778689,1.6811201445347876,0,-9.144153175799296,-10.480349344978167,-15.717620918222519,-13.02794504679673,2.654583723130699,2.703643079509337,-2.4631732486509286,-0.9712350995975365,0,-0.058744618197802856,-42.0,-44.0,2.0,4.23577235772359,4.394646435513991,5.100041674363325,-0.11992207167368552,-0.0008130081300813385,0.011924119241192521,-0.004878048780487809,-0.00646203554119551
2021-06-30,1625025600,2021-07-08,1625716800,-0.75,34.38437524387718,39.96263304267819,37.93,38.31,37.81,38.11,3554359.0,36.27,36.66,35.69,36.17,5845828.0,11.339009739968333,0.21476410576015326,8.70933554511106,3.14394986637177,0,-11.72646261521011,-10.11431411530815,-18.30197543894015,-11.786034956865691,4.144280555558083,2.8001453162459593,-1.1335395896680858,-1.126989501041698,0,0.04415851275976881,-46.0,-96.0,50.0,5.77688692286425,5.88238953083831,6.9380351777913205,-0.1811978921926375,0.0027647221454243365,0.013547138512579382,-0.013270666298037193,-0.01978319783197824
2021-07-06,1625544000,2021-07-09,1625803200,-0.25,34.38437524387718,38.09313884809629,37.93,38.07,36.81,37.14,5216296.0,36.97,37.67,36.7,37.64,4192019.0,6.6800137696371,-3.8160392744192677,4.02940134608572,-1.1114063053489218,0,-4.4336894304167345,-4.101910828025476,-17.063991467635102,0.20492802826534984,0.5392218058804445,2.7832403392136262,-1.24004893878341,0.8060971140250389,0,0.09416297513039378,-46.0,-92.0,46.0,1.431987247608916,1.5808341648676958,2.653355778507887,-0.11119088049643033,-0.017800212539851312,0.0007970244420829609,-0.024973432518597183,0.04064141553773837
2021-07-08,1625716800,2021-07-12,1626062400,0.75,34.38437524387718,40.03057548596144,36.27,36.66,35.69,36.17,5845828.0,37.38,38.3,36.85,38.11,3736032.0,4.791794977570191,-4.860018540939421,2.625732528645159,-2.7088253301845526,0,-2.3520203958927155,-4.125786163522014,-15.090557620194684,-0.45514454820700223,-0.6506019156379352,2.824334000794713,-2.0559599576568246,0.7179426332468207,0,0.07748819389644677,-46.0,-88.0,42.0,-0.03411178168461504,0.29682168328119474,1.3329542776836973,-0.026132453482495155,-0.01915507740750455,0.004985568092364057,-0.03306218840199415,0.012486716259298536
2021-07-09,1625803200,2021-07-15,1626321600,0.25,36.160376255792926,40.03057548596144,36.97,37.67,36.7,37.64,4192019.0,36.61,37.69,36.41,37.29,4398553.0,5.13087352043145,-2.6717692029200464,4.039063198355237,-1.498614463216228,1,-5.212983897402225,-6.282985674792661,-14.676953995521517,-20.82679734882808,1.0209546459490895,2.9876824814522016,-3.1162408827791914,0.8478174898402099,0,-0.0031993377624898924,-30.0,-60.0,30.0,1.229552158755709,1.7917974350799142,3.1313695782935156,-0.0032412279272315825,-0.018235451863770402,0.010726736390453073,-0.02359882005899716,0.006206152185644909
2021-07-12,1626062400,2021-07-20,1626753600,-0.75,34.04879775167832,40.03057548596144,37.38,38.3,36.85,38.11,3736032.0,32.86,35.81,32.86,35.45,6915974.0,12.330603305869815,-1.2727753792125895,8.566995768688287,2.420310296191815,0,-9.431318087389727,-6.216931216931202,-20.938752531684337,-22.664925573478413,3.424595319581954,3.769519581373342,0.8224692595619452,1.286829554769404,0,-0.013567881110877157,-42.0,-88.0,46.0,5.52891396332862,5.002965438311449,7.422691520962061,-0.21124045577062156,-0.07306064880112839,0.010155148095909672,-0.07306064880112839,0.035641250365176846
2021-07-13,1626148800,2021-07-21,1626840000,-0.25,34.04879775167832,38.602183097461946,37.87,38.02,37.07,37.25,4818891.0,35.9,37.07,35.85,36.55,4657735.0,8.81662751527115,-4.474630251249252,5.176926584587321,-0.9024167806657744,0,-4.922406886013164,-3.5110876451953676,-18.982804215589265,-16.43429157292492,0.08537233102536845,3.711516707203253,1.148228234266675,0.8626069392975999,0,-0.01369135355016132,-46.0,-88.0,42.0,2.1709986320109635,1.6673146648097088,4.025421156346212,-0.11682597436328612,-0.017783857729138153,0.0142270861833107,-0.019151846785225635,0.031029619181946133
2021-07-16,1626408000,2021-07-22,1626926400,0.25,33.8004127599574,38.602183097461946,37.53,37.53,35.59,35.72,4776053.0,36.53,36.59,35.87,36.13,4363325.0,9.872109541298997,-3.713792353366557,6.14124919272993,-0.04751360826644202,0,-6.256251728139198,-5.294888597640881,-18.064307606468976,-22.541252161019173,0.879707837777957,3.628814921172801,1.450718710778208,-0.8065056778447027,0,-0.06542338049220207,-21.999999999999996,-60.0,38.0,3.079158593966241,2.5778164419188556,5.029402549593925,-0.07135736990317021,0.011071132023249275,0.012731801826736833,-0.007196235815112195,-0.011491108071135292
2021-07-21,1626840000,2021-07-27,1627358400,-0.25,33.8004127599574,38.602183097461946,35.9,37.07,35.85,36.55,4657735.0,36.26,37.09,35.96,36.82,2964697.0,5.981916422080019,-5.436017454127821,3.2405395618323496,-2.750769509324641,0,-3.385944784735827,-3.713389121338916,-14.018833181319623,-11.194363087222534,-1.506677606658826,3.3461942304520957,1.3104078765729028,0.5498303841930112,0,0.010927478237751552,-34.0,-60.0,26.0,0.27294948397609176,0.34375290130526537,2.6497213511459563,0.09774113155534092,-0.01520912547528519,0.007332971211298389,-0.023356871265616475,0.0024503130955622066
2021-07-22,1626926400,2021-08-05,1628136000,0.25,33.8004127599574,38.45591378764019,36.53,36.59,35.87,36.13,4363325.0,35.64,36.18,35.63,36.16,7344501.0,5.372341631745556,-4.893912428205695,3.57070427728614,-3.2849373156342097,1,-3.7271748001486245,-0.027647221454257992,-14.028070962699285,-3.5743065113166708,-1.448287621891339,3.4600844288528054,5.040357097192004,1.300698836726454,0,0.06073675842810482,-46.0,-44.0,-2.0,0.23921460176994458,0.4058091606167409,3.0890605864035052,0.0683587078529414,-0.014380530973451267,0.0005530973451328691,-0.01465707964601759,0.023203169213355856
2021-07-23,1627012800,2021-08-17,1629172800,-0.25,33.842632831059525,38.45591378764019,36.46,36.86,36.05,36.25,2993017.0,36.66,36.9,35.76,36.32,4546830.0,4.970474618936805,-3.9462455440469455,3.1883259911894157,-2.2714757709251074,1,-3.634175987878713,2.4541607898448445,-0.3505512006305968,2.3886984209251665,0.0002493645090453356,3.1007738135653544,-3.097102821896023,-0.8782253718802528,0,0.0008894535128522052,34.0,68.0,-34.0,0.5121145374449299,1.3501346083408379,2.6044237488347335,0.1715788925802689,0.009361233480176034,0.0159691629955947,-0.01541850220264318,-0.021288062516841788
2021-07-28,1627444800,2021-08-23,1629691200,0.25,33.842632831059525,38.418754597912375,35.38,36.21,34.81,35.97,10710064.0,35.78,36.08,35.62,35.89,3273265.0,6.251340820898179,-3.710243022068454,3.939816104764546,-1.4906659236556123,0,-4.447355630065459,-2.286958889191387,-6.948853176167185,9.51252099157172,1.4020807221659624,2.903530820997135,-0.6058358310686778,0.6477218989578336,0,0.06782274415193633,18.0,28.0,-10.0,1.2705488994148766,1.4690946126317783,3.153988506382717,-0.07510926676066945,-0.0030649205906937427,0.00529395374756203,-0.007522986904430318,0.010985915492957687
2021-08-06,1628222400,2021-09-02,1630555200,-0.25,34.168725930890474,38.418754597912375,36.68,37.46,36.68,36.86,4679295.0,36.21,36.88,36.08,36.46,4204756.0,4.792416693804526,-3.4594490580393398,3.0133479612360645,-1.6328396416163855,0,-1.4992281348913252,0.8296460176991269,-1.590779726184556,-7.483146847246019,-0.3328466447983516,2.6416447978312205,-9.066758473146034,0.8849448826449111,0,-0.0255591662492668,-14.0,28.0,-42.0,0.6664838178825931,0.26078124248903123,1.2935404129973165,0.030346534399892572,-0.00685682940208443,0.011519473395501967,-0.01042238069116852,0.00662617338487026
2021-08-18,1629259200,2021-09-08,1631073600,0.25,34.168725930890474,37.99341959527489,36.16,36.75,35.9,35.96,3980546.0,35.86,36.21,35.59,35.75,4901729.0,6.588613784823522,-2.1410613372710685,4.612587412587416,0.050349650349645,0,-4.6020552112888495,-4.258168184252821,-4.273320788867157,-7.066532540625673,1.412431092620551,2.55113936487646,-9.932486968653473,-1.0446339345338647,0,-0.10095618842918917,-26.0,-24.0,-2.0,2.223776223776227,1.7994188694141542,2.991081548566683,-0.05442118754921485,0.003076923076922977,0.012867132867132813,-0.004475524475524351,-0.006116207951070263
2021-08-24,1629777600,2021-09-09,1631160000,-0.25,34.45412179700944,37.99341959527489,36.03,36.6,36.01,36.47,3704207.0,35.76,36.76,35.62,36.25,4727059.0,4.464624080089379,-3.3225551145721397,2.969195402298851,-1.541149425287358,0,-1.9851404376487949,-4.630360431465399,-4.133196552763824,2.9420091119625056,0.3280408399475476,2.5608709750272607,-10.761040166966696,1.0004930822153426,0,-0.03502565987752779,-30.0,-24.0,-6.0,0.5710344827586198,0.35764238692881634,1.5089260866540712,-0.03645005871945127,-0.01351724137931043,0.014068965517241239,-0.017379310344827648,0.013986013986013957
2021-09-03,1630641600,2021-09-10,1631246400,0.25,34.45412179700944,37.83134456699821,36.56,36.72,35.97,36.11,2865376.0,36.55,36.66,35.87,35.92,5262382.0,4.666923848360383,-2.250442779318078,3.7073125463993932,-0.9224201930215372,1,-3.5323585786133336,-5.423907319641905,-4.670117060279434,-6.353365996974965,1.4700840112137286,2.556893189193439,-11.53041099397183,-1.1058003532916452,0,-0.20393619588027873,-34.0,-24.0,-10.0,1.2082405345211527,1.1577661920633346,2.345751976843573,-0.04319926652225259,0.017538975501113496,0.02060133630289518,-0.0013919821826281487,-0.00910344827586207
2021-09-09,1631160000,2021-09-13,1631505600,-0.25,34.50719139538801,37.84847648331177,35.76,36.76,35.62,36.25,4727059.0,36.43,37.11,36.23,36.88,4792172.0,1.598506455569563,-4.627248321079335,0.8834960231380933,-3.6501265365148328,1,1.27555320645304,-1.7319477751132388,-3.0248603996654593,-4.739076650837049,-1.0111082725381095,2.5429323745463432,-12.048888843336188,1.003996958668827,0,-0.16779613551235498,-38.0,-24.0,-14.0,-1.5143709327548862,-1.3348927399553503,-0.3058615438503125,0.01733434840322598,-0.012201735357917687,0.00623644251626887,-0.01762472885032551,0.026726057906458767
2021-09-10,1631246400,2021-09-14,1631592000,0.25,34.40128318738257,37.84847648331177,36.55,36.66,35.87,35.92,5262382.0,36.97,37.16,35.67,35.86,4315252.0,4.193546752090583,-1.9682260605122082,3.742331288343564,-1.140546569994413,1,-3.4048783196376675,-3.3683643222850987,-3.759220335138056,-11.719393944236074,1.7725251358190093,2.7252479835321854,-12.57248274916381,-0.900043614630213,0,-0.25919799088965323,-42.0,-24.0,-18.0,1.1126603457891804,1.331386555199444,2.430624261494714,-0.009532221836910715,0.03095370886781934,0.036252091466815406,-0.005298382598996065,-0.02765726681127989
2021-09-13,1631505600,2021-09-17,1631851200,-0.25,34.40128318738257,37.9172483907454,36.43,37.11,36.23,36.88,4792172.0,36.51,37.09,36.46,36.62,7916817.0,2.042584022281929,-3.3178434433632873,1.7590569816129857,-2.7821773165847503,1,0.14287347385975124,4.300769011677579,-1.140993179490999,-14.065979154917116,-0.5005599634153981,2.5279034077304936,-14.566087959592569,-1.6491755375314763,-1,-0.35158396329805536,-46.0,-16.0,-30.0,-0.6376297105406934,-0.553778353288422,0.27836830102387466,0.058412743384963745,-0.0030038230475150085,0.012834516657564299,-0.0043691971600217094,-0.0008185538881310128
2021-09-14,1631592000,2021-09-22,1632283200,0.25,34.38039007485612,37.9172483907454,36.97,37.16,35.67,35.86,4315252.0,35.61,36.17,35.44,35.78,4056463.0,4.697119746705411,-1.7373656941620936,4.0949319918017295,-0.7681199925470423,1,-3.0820607951043826,-1.8919659994515978,-5.482853229394526,-9.376335859959056,1.1387755550723284,2.794015080334085,-12.305960102547848,0.8401215421020255,0,-0.25616028784882466,-18.0,-64.0,46.0,1.4798770262716516,1.0797723938308081,2.22860104962443,-0.07062657922316529,-0.004751257685858046,0.010899944102850778,-0.009502515371716092,0.021118721461187207
2021-09-15,1631678400,2021-09-24,1632456000,-0.25,34.38039007485612,38.09101533724998,35.85,36.8,35.84,36.67,3459328.0,37.68,38.37,37.63,37.99,4531743.0,-0.43292219065818927,-7.942966201023864,-1.7636220057909924,-6.412213740458014,1,6.195053205632789,3.68449781659389,1.7692231246036532,-2.3780660964497997,-4.265819314939137,2.7607837545951597,-11.847174700487942,0.9359610756241773,0,-0.1519797259266947,50.0,12.0,38.0,-4.187944195841027,-4.004397475006414,-3.46517493799179,0.16038075845183528,-0.008160042116346466,0.010002632271650214,-0.009476177941563524,0.00876261285183233
2021-09-20,1632110400,2021-09-28,1632801600,0.75,34.38039007485612,40.06518883095529,35.5,35.59,34.81,35.5,5489519.0,39.74,40.04,39.31,39.7,9308276.0,-1.684254493747673,-13.620531400458901,-5.39126784214946,-9.814441645675913,0,11.894980973682955,8.976118583584967,11.60389114062008,14.03605732260587,-6.687869478205329,2.6966390206478232,-8.829530614208956,1.9100478985097455,0,-0.0029398999928644995,50.0,20.0,30.0,-7.65239294710328,-6.706127514593803,-7.056028945873706,0.4038832480470482,0.001007556675062915,0.008564231738035222,-0.009823677581863977,0.005063291139240533
2021-09-23,1632369600,2021-09-29,1632888000,0.75,36.160376255792926,41.93942005767059,36.28,37.8,36.2,37.66,5393791.0,39.93,40.26,39.6,40.23,6854237.0,-1.3852583464175154,-15.477779187760945,-6.225867926091638,-10.585798326290487,0,13.515384958903105,9.588667937891572,15.846941098174721,15.331592046264731,-7.126000400433924,2.5882166800829896,-7.240267631633724,1.4068382676612778,0,0.07191281387376659,50.0,24.0,26.0,-8.43151876708923,-7.179470407369621,-7.955770548955314,0.473111910447281,-0.007457121551081247,0.0007457121551082135,-0.015659955257270597,0.01335012594458429
2021-09-27,1632715200,2021-09-30,1632974400,0.25,38.09101533724998,41.93942005767059,38.53,39.71,38.53,39.5,5725303.0,40.44,40.48,39.39,39.39,7580195.0,1.607656395140495,-13.760487062822662,-3.7450283489887397,-8.294406363713307,0,9.30780134449811,8.752070679182777,17.358617179303707,12.892698774781039,-4.358046079298219,2.6522530038744465,-5.623777460060893,-1.537398015279956,0,0.03203105896921595,46.0,24.0,22.0,-6.076415333841084,-4.704810013758788,-5.757892074747332,0.4361561035975523,0.026656511805026595,0.02767199796902764,0.0,-0.020879940343027537
2021-09-29,1632888000,2021-10-12,1634011200,-0.25,38.18468840614823,41.98365351113328,39.93,40.26,39.6,40.23,6854237.0,40.35,40.78,40.12,40.47,3388786.0,5.991341532098289,-14.160355616605315,-1.8820525492134266,-6.4212173626554545,0,10.242337788704589,12.855549358616841,27.356633755180642,23.720788691193306,-1.412707604973619,2.4898317810018273,3.209235040277939,-0.7108508827502632,0,0.08989133377807978,42.0,52.0,-10.0,-4.08450704225352,-2.940720741294413,-5.850132326736514,0.13351371937774725,-0.002965159377316451,0.007659995058067803,-0.008648381517173287,-0.0012339585389932184
2021-09-30,1632974400,2021-10-13,1634097600,0.25,38.18468840614823,41.98365351113328,40.44,40.48,39.39,39.39,7580195.0,40.22,40.32,39.18,39.79,4060616.0,7.935737737314369,-12.042297174358879,0.23540252994891375,-4.426572840747255,0,6.538206248747265,8.508317425688567,25.38474595887008,18.011502999869137,0.7374201343796756,2.5830707613235044,2.082813966940403,-0.8621507673621164,0,0.036005210690677684,38.0,52.0,-14.0,-2.0532797185222336,-1.1599090458281296,-4.074818240807531,0.025761017318417512,0.01080673536064336,0.01331992963056039,-0.015330485046494036,-0.016802569804793666
2021-10-01,1633060800,2021-10-19,1634616000,-0.25,38.21514189028017,41.98365351113328,39.6,40.71,39.37,40.47,5317892.0,40.81,41.2,40.54,41.16,3888195.0,3.27083229876024,-9.427294883794247,-0.931324910916743,-5.421120829284092,0,11.979605428411126,17.465753424657528,24.291355241429233,13.302006093530686,-1.6809246379380198,2.3131986283423744,0.3006899288061291,0.8500732373076264,0,-0.060439683920829684,50.0,80.0,-30.0,-3.0782312925170032,-3.436149951002193,-6.405419969071929,-0.04353231326853113,-0.00850340136054406,0.0009718172983481654,-0.015063168124392567,0.014792899408283988
2021-10-13,1634097600,2021-10-20,1634702400,0.75,38.21514189028017,43.753763404222326,40.22,40.32,39.18,39.79,4060616.0,40.67,42.75,40.45,42.66,5341278.0,-0.7050929643086619,-10.65449447122812,-3.509142053445842,-8.209095171120467,0,17.034554920615733,19.228619340413626,27.22100755846405,24.026092199801013,-4.637829584462764,2.457548593619713,1.494145584758023,1.1595753902392254,1,0.13722037713167812,50.0,84.0,-34.0,-5.679793717768391,-6.180883963656996,-9.31611888365967,0.06249346059088112,-0.04664791373652122,0.0021097046413502962,-0.05180496952648839,0.036443148688046545
2021-10-14,1634184000,2021-10-21,1634788800,0.25,39.891923034232676,43.753763404222326,40.27,40.39,39.74,40.17,3981025.0,42.7,42.72,40.99,41.46,6028136.0,1.9100760549539189,-6.893192311586844,-0.15758160475961347,-5.024923621160966,0,10.284990042937167,10.090281465746163,26.45361107164863,14.670522776117494,-1.5373704528015537,2.6461086400827303,2.6023544081419168,-1.3005023640131517,0,0.03824963986656514,46.0,84.0,-38.0,-2.4915581283164556,-3.1353842922639643,-6.428996503726324,0.040257459292344366,0.029908345393150126,0.03039073806078152,-0.011336227689339062,-0.02812939521800273
2021-10-20,1634702400,2021-10-25,1635134400,-0.25,39.891923034232676,43.80063194922306,40.67,42.75,40.45,42.66,5341278.0,42.45,42.45,42.18,42.18,300721.0,0.5584609669897986,-7.248835552101227,-1.1474632527264106,-5.697012802275964,0,12.664451036676695,6.784810126582277,27.215377047977928,10.794518982178104,-3.024016109925739,2.4161024245959104,4.741176399012748,0.06556442319133961,0,0.12734056524672607,38.0,84.0,-46.0,-3.345187292555721,-3.92624014053645,-7.411740772841924,0.06101027519110591,0.006401137980085458,0.006401137980085458,0.0,0.000711743772241924
2021-10-21,1634788800,2021-10-26,1635220800,0.25,39.891923034232676,43.80063194922306,42.7,42.72,40.99,41.46,6028136.0,42.24,42.26,41.46,41.6,4481109.0,2.0953704238640967,-5.633831962325658,0.4903846153846132,-4.13942307692308,0,9.49002651214552,4.785894206549115,26.061337145236287,11.38790951215934,-1.4039350319685298,2.4121662148058403,4.527114805752259,-0.9709326729193036,0,0.01483634569919022,34.0,80.0,-46.0,-1.7692307692307736,-2.3403930556647623,-5.880813567178151,0.012658288035110044,0.01538461538461533,0.015865384615384448,-0.0033653846153846034,-0.013750592697961084
2021-10-22,1634875200,2021-10-27,1635307200,-0.75,38.16464587126372,43.80063194922306,41.69,42.24,41.58,42.15,3573182.0,41.41,41.41,39.9,39.91,5149759.0,6.456189703209077,-1.755613406541542,4.899356886327567,-0.13948049778666416,0,1.4898351803015828,-0.7954262987820043,21.1229358089807,1.922589166798943,2.665223525925427,2.638972489828898,2.499152329077919,-1.1129029278565792,0,-0.040856037329853816,30.0,76.0,-46.0,2.3502881483337603,1.62407479782199,-1.8209846543624622,-0.13539177610739062,0.0375845652718616,0.0375845652718616,-0.0002505637684789841,-0.04062500000000013
2021-10-26,1635220800,2021-10-28,1635393600,-0.25,38.16464587126372,41.90051705309005,42.24,42.26,41.46,41.6,4481109.0,40.24,40.51,39.89,40.48,3995741.0,4.770013517189284,-2.6825629243038946,3.430912384716734,-1.42086627140975,1,3.700374455699709,2.7671997969027577,18.2129020280407,-4.73649319660575,1.0841985207482594,2.525370724339933,0.6267515267248704,0.8634539651379949,0,0.013858820443314884,26.0,72.0,-46.0,1.0437252964426733,0.17471258992145522,-3.077820749159443,-0.19363312895623652,-0.005928853754940566,0.0007411067193676679,-0.014575098814229137,0.014282134803307533
2021-10-27,1635307200,2021-10-29,1635480000,0.25,38.16464587126372,41.90051705309005,41.41,41.41,39.9,39.91,5149759.0,40.55,40.62,39.8,40.04,5933941.0,5.957238941802643,-1.7564397410034331,4.498834498834498,-0.2763902763902877,0,1.7830001234697619,-1.0625154435384228,15.016715596044715,-6.355527933005746,2.006484633824229,2.517038479336104,-1.1679023586494282,-1.2861116721018104,0,0.032984536939909125,22.0,56.0,-34.0,2.100399600399612,1.1540542162128133,-1.9338108031050893,-0.2565455248814662,0.012737262737262611,0.014485514485514495,-0.005994005994006013,-0.010869565217391242
2021-10-28,1635393600,2021-11-01,1635739200,-0.25,38.24635095567989,41.90051705309005,40.24,40.51,39.89,40.48,3995741.0,40.51,40.81,40.37,40.55,3287275.0,4.62481702989497,-2.9700698042476006,3.135635018495691,-1.4956843403205795,0,3.795819307673476,0.2224419179436389,13.32828905974503,-0.6883255192069981,0.7418842402891386,2.443489288821612,-2.6085171653970924,0.7180322503406272,0,0.01927094670965088,18.0,56.0,-38.0,0.8273736128236777,-0.10691294048960742,-3.042991921500956,-0.2578761685898193,-0.0009864364981504448,0.006411837237978002,-0.00443896424167689,0.012737262737262611
2021-10-29,1635480000,2021-11-02,1635825600,0.25,38.24635095567989,41.8439337604179,40.55,40.62,39.8,40.04,5933941.0,40.4,40.51,39.73,39.91,4800212.0,6.293222630733553,-1.6953774791424507,4.638352960828556,-0.004593669088777119,0,0.984384902291481,-2.82444606768932,10.690056839399615,-1.3174310709182535,2.381647806444562,2.45209825429057,-3.7042416858186478,-1.0415520241567602,0,-0.0295634996294839,14.0,56.0,-42.0,2.298922575795558,1.3526015976420496,-1.4298214111291117,-0.29334136994255755,0.012277624655474773,0.015033826108744819,-0.004510147832623379,-0.015782983970406894
2021-11-01,1635739200,2021-11-12,1636693200,-0.25,38.298892584589744,41.90957367643017,40.51,40.81,40.37,40.55,3287275.0,41.57,42.08,41.17,41.72,5923635.0,1.926536668427076,-5.577063993451034,0.3879034835410806,-4.199824224992014,0,8.113258979874125,3.4722222222222188,9.017990992682764,-2.2467213125825367,-2.517182894819726,2.312033893660658,-8.184679884558907,1.2791419015056278,0,-0.029690459500553348,-18.0,20.0,-38.0,-1.825263662511972,-2.461388091281762,-4.719064271911407,-0.024921903446011695,-0.0035953978906998474,0.008628954937679678,-0.013183125599232959,0.005059021922428242
2021-11-02,1635825600,2021-11-24,1637730000,0.75,38.298892584589744,43.60922972258619,40.4,40.51,39.73,39.91,4800212.0,43.01,43.56,42.77,43.14,4502891.0,0.6235642894894227,-8.838677873170454,-2.3891206923195796,-6.132746097975598,0,12.725166041479092,8.093209721874228,20.577537287283015,26.97788495128492,-3.108109300949991,2.053099999781554,-3.0864099192953276,0.9508640078795529,0,0.32489859787809106,50.0,80.0,-30.0,-4.107556791840523,-3.3065743869631063,-6.1054927612456,0.12383944790224644,-0.0030134445989801195,0.009735744089012455,-0.008576726935558554,0.003956248545496921
2021-11-03,1635912000,2021-11-29,1638162000,0.25,40.046034265444824,43.60922972258619,39.7,41.19,39.53,40.97,4009743.0,41.63,42.01,40.81,41.23,5154818.0,5.180673833363699,-4.086810141876924,2.4605869512491125,-1.686878486538916,0,1.5468944738469474,2.9720279720279663,13.326672120939985,22.358282197706274,1.4937412618190251,2.5395682315244232,-5.261899832517653,1.1087538880994625,0,0.36900913651905237,42.0,80.0,-38.0,0.5469318457433872,0.9203352644093741,-1.6381382959019959,-0.09003153116640927,0.009701673538685451,0.018918263400436564,-0.010186757215619568,0.004629629629629539
2021-11-15,1636952400,2021-12-01,1638334800,-0.75,38.10822732434011,43.60922972258619,41.87,42.29,41.61,42.22,5691994.0,41.02,41.47,39.31,39.32,5913348.0,10.589879481645113,-0.03036778276413088,7.628009494743978,2.788233299423524,0,-6.81669195708745,-1.4783262340265506,2.4162021415515165,8.394846132750182,5.760503730647827,2.934760999931497,-6.754897525965799,-1.2366562955656872,0,0.11295972361193045,34.0,-16.0,50.0,5.279755849440491,4.904423826682077,2.958800169020634,-0.33578337111292683,0.04323499491353,0.05467955239064093,-0.0002543234994912824,-0.015769712140175307
2021-11-26,1637902800,2021-12-02,1638421200,-0.25,38.10822732434011,42.17277596466266,41.25,41.35,40.16,41.04,3420255.0,39.79,40.86,39.39,40.63,4832053.0,7.029257747573681,-3.3423269082923497,4.101238821888572,-0.5357289359258459,0,-0.6748516105414524,-0.8298755186721901,0.9067820209249386,8.692975821978933,2.1999628790963612,2.908006808348834,-7.746327225094742,1.0072579476679038,0,0.10268054384388027,30.0,-16.0,46.0,1.8434654196406655,1.3771163138165008,-0.3466669033078631,-0.31042324084087525,-0.020674378538026117,0.0056608417425547675,-0.030519320698990993,0.03331637843336721
2021-11-30,1638248400,2021-12-03,1638507600,0.25,37.834631259028264,42.17277596466266,40.48,40.76,39.77,39.95,10801033.0,40.54,40.73,38.89,39.17,5400362.0,11.310457627594218,-0.3505393227690803,7.985277848693713,2.9763424389413586,0,-6.226158022817955,-3.0925284512617517,-3.0892819431527463,1.3109986902223127,5.625529262917084,3.1364749190374743,-8.234356160835734,-1.125693060997297,0,0.03634442500412772,26.0,-24.0,50.0,5.479959152412576,4.6647610304009675,3.235685204368849,-0.37445278464048704,0.03497574674495785,0.03982639775338259,-0.0071483278018892316,-0.03593403888752156
2021-12-02,1638421200,2021-12-08,1638939600,-0.25,37.834631259028264,42.30005134283163,39.79,40.86,39.39,40.63,4832053.0,40.81,41.03,40.17,40.23,5004187.0,8.407606948806091,-3.011136653006929,5.183113762532088,0.2315850526141361,0,-1.722858215253467,-0.4700643245917982,-4.065230666596667,1.6696050255600596,1.9686580173026442,3.0179422267425045,-10.533894536363972,-1.057736440588714,0,-0.1341875443208808,14.0,-24.0,38.0,2.698235147899581,1.539370978652201,0.5126384885401478,-0.22152271309551408,0.014417101665423981,0.01988565746955029,-0.001491424310216094,-0.015177478580171488
2021-12-03,1638507600,2021-12-09,1639026000,0.25,37.834631259028264,42.30005134283163,40.54,40.73,38.89,39.17,5400362.0,39.92,40.37,39.73,40.04,3146272.0,8.970180781603261,-2.736414547837043,5.637695637695629,0.6202131202131227,0,-2.438635394707326,-1.3550135501355116,-4.870558762435164,-3.529462447027754,2.151195557893871,2.9298444504853407,-10.855888921974024,-0.6756187879689199,0,-0.15523449797394326,10.0,-24.0,34.0,3.116883116883116,1.828705811988442,0.9507888549218109,-0.20643475923936067,-0.0029970029970028955,0.008241758241758212,-0.007742257742257785,-0.004722843649018094
2021-12-06,1638766800,2021-12-10,1639112400,-0.25,37.93443677309103,42.30005134283163,40.0,40.73,39.65,40.2,6051443.0,40.32,40.52,39.45,40.06,3117660.0,8.877235438955069,-3.1083887090499474,5.446413712764169,0.41396238974871835,0,-2.35262962475867,-3.4931341845338375,-5.463523519473065,-1.1143104432760467,1.8084737095849448,2.9099968500225195,-10.886762840883806,0.6825561913488,0,-0.20952754369578416,6.000000000000007,-23.999999999999993,30.0,2.8844233649525535,1.6085469813474305,0.8650796852771805,-0.18475675235079314,0.006490264603095319,0.011482775836245684,-0.015227159261108292,0.0004995004995005381
2021-12-09,1639026000,2021-12-17,1639717200,0.25,37.93443677309103,42.14437479405906,39.92,40.37,39.73,40.04,3146272.0,39.69,39.79,38.39,38.42,9636881.0,11.998849670340832,-1.1060854850206852,8.546330036439343,2.7889120249869848,0,-8.196502758953734,-9.344030202925909,-10.544213144547768,-15.80013066032511,3.910694903481655,3.020516953058342,-11.246971965888248,-2.09420036892456,-1,-0.3873457894388779,-14.0,-64.0,50.0,5.446382092660087,4.576779014639641,4.690170259020832,-0.18412810224513748,0.033055700156168655,0.035658511192087294,-0.0007808433107756585,-0.035158211953791985
2021-12-10,1639112400,2021-12-20,1639976400,-0.75,35.81333997796436,42.14437479405906,40.32,40.52,39.45,40.06,3117660.0,37.76,37.76,36.82,37.6,5203507.0,14.426892771857354,-0.08646723994247907,10.325354609929065,4.463652482269495,0,-10.946411139874051,-10.326735034581441,-13.736981765440278,-12.935303917548083,5.595286621386592,3.1698848734318377,-9.790563378021918,-1.1225874407282286,0,-0.27419997383325123,-18.0,-68.0,50.0,7.170212765957444,6.20435302065178,6.699843933159926,-0.26305659260297987,0.004255319148936065,0.004255319148936065,-0.020744680851063846,-0.02134305049453411
2021-12-13,1639371600,2021-12-31,1640926800,-0.25,35.81333997796436,40.11028342247465,39.88,39.92,38.98,39.12,3598159.0,39.77,40.24,39.73,39.93,2237730.0,2.794276610197116,-4.442160406841239,1.524334251606959,-2.915936221721367,1,-0.4262497897447375,-1.7228648781688478,-5.906321021322004,5.529056067454519,-1.6904387278769804,2.4087371884954467,-14.492736292379009,-0.5037690478631046,0,-0.14054518139197417,-42.0,-60.0,18.0,-0.8239418983220617,-0.31920876091089667,0.14865211552570656,0.13364685116727215,-0.004007012271475041,0.007763586275983059,-0.0050087653393439124,-0.0005006257822278704
2021-12-20,1639976400,2022-01-03,1641186000,0.75,35.81333997796436,41.96859234884393,37.76,37.76,36.82,37.6,5203507.0,40.87,41.88,40.59,41.53,5445844.0,-0.3758859653859332,-8.345520246990674,-2.244160847580062,-6.380929448591388,0,6.786034590443812,6.02501914730661,-1.9377549155445415,13.321760275126323,-5.02184871373511,2.485898983825981,-13.685887697527656,1.2292185576455417,0,-0.04978219351024337,50.0,36.0,14.0,-4.360703106188296,-3.76340007870418,-3.5642326739120307,0.23827591936548753,-0.015892126173850274,0.008427642667950819,-0.02263424030821093,0.040070122714750855
2021-12-21,1640062800,2022-01-05,1641358800,0.75,37.95871806030303,43.979593494758255,38.13,38.84,38.08,38.73,4181365.0,43.78,44.14,43.0,43.09,4626232.0,-0.9838186365691541,-13.395387675800293,-5.068461359944308,-9.206312369459269,0,11.601408764494508,5.4834761321909475,9.3402899098932,22.353941369118743,-6.923152590076867,2.5965416511846953,-9.823281500992753,-1.0106261508130225,0,-0.07670969594373775,46.0,39.99999999999999,6.000000000000007,-7.189603156184731,-5.86675549103623,-6.484146061046985,0.48428862740542,0.016012996054769024,0.024367602692039858,-0.0020886516593178195,-0.007600184246890795
2022-01-03,1641186000,2022-01-11,1641877200,0.75,40.11028342247465,46.17495672771499,40.87,41.88,40.59,41.53,5445844.0,46.01,46.26,45.27,46.1,5878112.0,0.7709051116734429,-22.167868235317684,-8.65437454808388,-12.90383224873463,0,18.92873189171047,17.842535787321076,30.173833200475837,46.00769027698453,-7.204829733771163,2.62517374958715,-0.14658124454679822,1.2666992080190609,0,0.21745482208269556,50.0,60.0,-10.0,-10.69848156182212,-8.29097553839263,-10.840364262012187,0.7418717147161005,-0.0019522776572669098,0.003470715835141025,-0.018004338394793873,0.011630458635067065
2022-01-04,1641272400,2022-01-18,1642482000,0.75,41.96859234884393,48.304442392450454,42.2,43.75,42.17,43.42,6610657.0,47.65,48.17,46.79,47.05,8072507.0,4.89375461661534,-23.405975658060598,-7.340417995040724,-11.540205455189508,0,19.16246597566824,22.462259239979165,41.29021805672403,47.076605938563105,-4.429133817811589,2.5557030689459297,7.68952194311219,-1.6510089997000312,0,0.21813052157568175,46.0,72.0,-26.0,-9.256110520722629,-6.743860276694761,-10.751464161078545,0.5699198715102645,0.012752391073326264,0.023804463336875692,-0.005526036131774714,-0.01217719924417393
2022-01-06,1641445200,2022-01-20,1642654800,0.25,43.923419293559704,48.304442392450454,44.14,45.62,43.86,45.47,6718868.0,45.85,46.05,44.01,44.08,8142983.0,12.135776611558285,-15.314088771267933,0.866984271022389,-4.1194041137326,0,5.078588670365974,13.813581203201657,33.90575260357295,27.662369020758277,2.7612200498952717,2.965566452411445,6.164199554935429,-1.6080112960630095,0,0.06979995689204702,38.0,72.0,-34.0,-1.5891560798548312,-0.013364897911586127,-4.214805256544565,0.1316870577839715,0.040154264972776854,0.044691470054446514,-0.0015880217785844142,-0.04048759251197209
2022-01-12,1641963600,2022-01-25,1643086800,-0.75,41.54563446512989,48.304442392450454,46.37,46.93,46.12,46.66,6343609.0,42.7,43.98,41.71,43.62,7257769.0,12.431330718779776,-10.94577363487329,3.5259055479138084,-2.2627235213204955,0,3.129053399100492,9.350714464778132,18.924944497041963,20.63253720276117,4.1585757428669154,3.2703306800631187,1.629451419639576,1.4059567716560817,0,0.02878121476411223,26.0,72.0,-46.0,0.7427785419532427,0.5359654676936714,-2.9491142464698186,-0.34544648020568713,-0.02109124254928918,0.008253094910591452,-0.04378725355341584,0.009956008335262778
2022-01-19,1642568400,2022-01-26,1643173200,-0.25,41.54563446512989,46.51731407054961,47.39,47.46,45.58,45.94,7639258.0,44.25,45.0,43.37,44.06,6369494.0,11.010599875529678,-10.611144587286375,3.088213042820385,-2.8877288545922255,0,4.603125054784975,10.205102551275653,17.00076490816455,21.25750180692181,3.1476789138825865,3.2706596774473,-0.05780842348149662,1.2317546211137396,0,0.06115877717111411,22.0,68.0,-46.0,0.19972764412166555,-0.42345128902670126,-3.764642603277025,-0.34974770235157804,0.004312301407171981,0.02133454380390365,-0.015660463004993352,0.010087116001834096
2022-01-21,1642741200,2022-01-27,1643259600,0.25,41.28337414349765,46.51731407054961,43.79,43.79,42.58,42.78,6652677.0,44.98,45.23,43.43,43.78,6739238.0,11.256303359921958,-8.70719417764694,4.368813765798691,-1.9468554895690602,0,3.4765503275442526,9.504752376188105,14.969612643461497,21.22150732006918,3.661800440608417,3.350141046218534,-1.476123066913992,-1.2979995772896533,0,-0.04821973846574506,18.0,64.0,-46.0,1.2745545911375018,0.19307793067522994,-3.025661955910948,-0.36263533319234353,0.027409776153494603,0.033120146185472654,-0.007994518044769361,-0.0063549704947798435
2022-01-26,1643173200,2022-01-28,1643346000,-0.25,41.28337414349765,46.5188897900459,44.25,45.0,43.37,44.06,6369494.0,43.58,44.05,42.93,44.03,5488165.0,9.987939229569577,-7.662252198000189,4.249375425845997,-2.164433340903912,0,4.361527318658425,10.212765957446804,13.674292125480147,15.134921530976769,2.80106701778233,3.2748763425015674,-3.151631683717433,1.0531231825752099,0,-0.016711581397971624,14.0,60.0,-46.0,1.1628435157846866,-0.3400213228055833,-3.436030933035539,-0.34557928665091675,-0.010220304337951513,0.00045423574835323777,-0.024982966159436737,0.0057103700319780515
2022-01-27,1643259600,2022-01-31,1643605200,0.25,41.28337414349765,46.5188897900459,44.98,45.23,43.43,43.78,6739238.0,43.51,44.03,42.75,43.83,8375431.0,9.565107074717233,-5.42638930150251,5.220168834131883,-1.398585443759984,0,3.504457083518531,9.767092411720506,12.259867949834256,9.43186078279657,2.8577501590314256,3.2634309013468803,-4.58705359857106,-1.5851912111604134,0,0.05703118468003515,10.0,56.0,-46.0,2.069358886607347,0.10380839605458902,-2.877934648171049,-0.3385795329954019,-0.007300935432352329,0.004563084645220261,-0.024640657084188833,-0.004542357483534043
2022-01-28,1643346000,2022-02-07,1644210000,-0.25,41.348768118251094,46.5188897900459,43.58,44.05,42.93,44.03,5488165.0,46.05,46.54,45.71,46.18,3764593.0,3.7712584201639743,-8.219071326183894,0.6922188537606502,-5.358019344593629,0,11.332178006029686,0.7636919048658115,17.047303679341795,5.571306456760766,-3.7104706167457095,2.8837469357266956,-5.654705562334808,0.7045409121769498,0,0.03956980920249127,-10.0,36.0,-46.0,-2.2239064530099597,-3.526791504104665,-6.647554111134653,0.009765153421915085,-0.002815071459506324,0.0077955825032480774,-0.01017756604590725,0.0032587442971974134
2022-01-31,1643605200,2022-02-10,1644469200,0.75,41.348768118251094,48.87817505899591,43.51,44.03,42.75,43.83,8375431.0,47.04,47.78,46.61,46.84,4507879.0,3.1139122187463784,-9.727917342572155,-0.5031312268716306,-6.248220893822932,0,12.62646965528463,0.38576939562796153,22.723715064862322,23.68641204901911,-4.3056492871662755,2.6852830629113753,-3.507114297421616,-0.8642924600618198,0,0.2513124329695149,-21.999999999999996,-15.999999999999996,-6.0,-3.3070025619128955,-3.5194151418173334,-7.017507477213016,0.13533132910810308,0.004269854824935804,0.020068317677198966,-0.004910333048676385,-0.005520169851380041
2022-02-01,1643691600,2022-02-14,1644814800,0.25,43.923419293559704,48.87817505899591,44.03,45.18,43.7,45.09,7163175.0,46.53,46.89,45.35,45.69,4580455.0,4.8358885300611405,-7.160248346213464,1.925293645582542,-4.132924782957616,0,6.53158425490917,-4.0730631954650525,20.94235072347916,13.737601099802596,-1.006008445783408,2.8539261164060292,-4.0130241622384695,-0.8828043669728435,0,0.09094445404628325,-30.0,-16.0,-14.0,-1.162179908076169,-0.7629864522582892,-4.260628924634588,0.0008309623996942683,0.018384766907419747,0.02626395272488513,-0.007441453272050702,-0.01487710219922389
2022-02-08,1644296400,2022-02-16,1644987600,-0.25,44.19000923291599,48.87817505899591,46.96,47.33,46.65,47.15,4550175.0,46.32,47.41,46.26,47.03,3606844.0,2.146647120671034,-9.890640316503493,-1.1205613438230841,-6.731873272379332,0,11.262924068488374,2.3726599912929984,21.96043449650494,11.101512010549598,-3.0477092147043123,2.7514899781405227,-4.614327220341181,0.7062812205662635,0,0.23466046499017199,-38.0,-16.000000000000004,-21.999999999999996,-3.8719965979162367,-2.951981111700732,-6.45671775837944,0.02665761481796336,-0.015096746757388924,0.008079948968743311,-0.016372528173506318,0.001490630323679687
2022-02-11,1644555600,2022-02-23,1645592400,0.25,44.08058093925798,48.85364087895415,46.34,47.68,46.03,46.38,4806983.0,45.56,45.8,43.96,44.15,3804037.0,8.220442426168376,-2.000736876904469,5.922989807474522,0.4484711211778034,0,-1.9176047209060627,1.2150389729481914,9.358146616410517,-0.3500804260552286,4.487213690511766,3.001553421873418,-8.630302468136378,-0.7456350275763102,0,-0.18629030668725632,10.0,48.0,-38.0,3.109852774631932,2.8580217785396655,-0.0273192859281437,-0.3108128320805803,0.03193657984144971,0.03737259343148347,-0.004303510758776885,-0.024093722369584514
2022-02-15,1644901200,2022-02-24,1645678800,-0.75,41.51334175663537,48.85364087895415,46.22,47.01,46.19,46.96,3759071.0,42.56,43.12,41.41,42.99,6776928.0,11.434342324563133,0.10089842910048219,8.600062029929447,2.959215321392577,0,-6.217350954614666,-2.4285065819337275,3.9291560036108493,-9.772586213499956,6.508384141917702,3.31761802825283,-7.260143723750165,-1.3120063001132636,0,-0.01589380548558491,6.000000000000007,48.00000000000001,-42.0,5.7676203768318,5.096923502617457,2.5655299786030383,-0.4353853495761779,-0.010002326122354077,0.0030239590602465505,-0.03675273319376615,-0.026274065685164105
2022-02-17,1645074000,2022-02-28,1646024400,-0.25,41.51334175663537,46.74987446597897,46.35,46.55,45.0,45.21,4131794.0,43.51,44.84,43.51,44.64,5170334.0,7.122360680431811,-2.9691348739801953,4.737903225806448,-0.7594086021505291,0,0.30878370248828446,1.3854190324778546,2.119003851099222,-16.482277178282956,2.03184243122476,3.342330873386819,-8.30114787459081,-1.0011327443448967,0,0.07477769285707965,-2.0,-44.0,42.0,2.076612903225808,1.0850291186781362,-1.0907852059405059,-0.32907925942240585,-0.025313620071684695,0.0044802867383513245,-0.025313620071684695,-0.010638297872340385
2022-02-24,1645678800,2022-03-03,1646283600,0.25,41.11106764325876,46.74987446597897,42.56,43.12,41.41,42.99,6776928.0,43.24,43.5,42.41,42.74,5373504.0,13.28988104908666,-1.677808049554585,9.069177975354876,2.7355326782093243,0,-4.606573979835588,-5.546961325966846,-7.279589718176191,-23.788273697814404,4.0510828246760155,3.8719440745436233,-5.828051565374967,-1.0469960531658724,0,0.004526335401134918,-14.0,-56.0,42.0,5.806036499766037,3.964948044495202,2.8524726280035253,-0.46275877990857084,0.01169864295741685,0.017781937295273664,-0.007721104351895325,-0.009960620801482523
2022-02-25,1645765200,2022-03-11,1646974800,-0.75,38.028786771789996,46.74987446597897,43.57,45.21,43.33,45.12,4768393.0,40.74,41.35,39.89,39.92,5276621.0,21.543286800906543,-4.729659546397542,12.307949231796897,5.003340013360045,0,-9.013682894387046,-14.773697694278399,-19.940618063144644,-20.458527733169703,5.573393772457109,4.2021607455522085,0.8362990364992875,-0.9849771184412892,0,-0.10356575461478314,-38.0,-72.0,34.0,8.406813627254508,6.214150966792971,7.959436953867865,-0.4737744221627531,0.020541082164328595,0.035821643286573224,-0.0007515030060120109,-0.008445106805762492
2022-03-01,1646110800,2022-03-22,1647921600,-0.25,38.028786771789996,44.19646479534532,43.98,44.25,40.94,41.35,7284310.0,42.62,43.26,42.2,42.54,5047633.0,6.443546987571565,-9.41721882584143,2.1019432690800812,-4.853863030872901,0,-0.8017533452376497,-5.968169761273216,-9.155034164337751,-5.000326875057432,-2.5931635986064805,3.7995286191060798,-5.391094529149935,0.8833939199878137,0,-0.07448409335654832,-42.0,-48.00000000000001,6.000000000000007,-1.4868359191349327,-0.6753700383549841,0.7292470709218719,0.22182129754089985,0.0018805829807240215,0.016925246826516194,-0.00799247766807698,0.01794687724335975
2022-03-04,1646370000,2022-03-23,1648008000,0.25,38.028786771789996,44.19646479534532,41.39,41.71,40.28,41.02,5454353.0,42.11,42.45,40.86,40.99,5085733.0,9.7369841562805,-6.031202258256613,5.541595511100255,-1.6162478653330083,0,-5.088880749485924,-7.157417893544727,-9.603766965860647,-4.748502242775281,0.8671328256104118,3.9543012528108665,-5.764765662191653,-0.8913508093487145,0,-0.09978368146610103,-46.0,-48.0,2.0,1.8528909490119503,2.787120450747807,4.360263072032765,0.1527760354147356,0.027323737496950384,0.035618443522810406,-0.003171505245181838,-0.03643629525152792
2022-03-14,1647230400,2022-03-25,1648180800,-0.25,38.193505092909845,44.19646479534532,40.97,42.11,40.63,41.53,6494655.0,41.33,41.9,41.19,41.47,6330429.0,6.704937237984225,-6.615716114280332,3.5660316694799548,-3.017040430833532,0,-3.5591641256160855,-8.089539007092196,-9.181450086548935,3.2524732388078377,0.17463896449176275,3.626751402736334,-6.610721764298443,1.1132609014331045,0,-0.016484871727949355,-46.0,-40.0,-6.0,0.04461056185193968,1.2972308636460212,2.9053948214128553,0.12811909485649287,-0.0033759344104171696,0.010368941403424259,-0.006751868820834339,0.0012071463061322785
2022-03-23,1648008000,2022-03-28,1648440000,0.25,38.193505092909845,43.92823286858275,42.11,42.45,40.86,40.99,5085733.0,41.04,41.42,39.95,40.61,6609769.0,7.512164379415708,-4.178010230191376,5.324632684888769,-1.4323237297874272,1,-5.972967856132357,-9.02777777777778,-9.949718528284816,-0.3441058624902098,2.16430713337607,3.706367095946081,-6.27968320193585,-1.16219892993361,0,-0.018244928583032463,-46.0,-36.0,-10.0,1.667077074612152,3.1145590628540987,4.88523035423303,0.06801881042159619,0.010588524993843773,0.019945826151194446,-0.016252154641713812,-0.020737882806848296
2022-03-24,1648094400,2022-03-29,1648526400,-0.25,38.40178742346409,43.92823286858275,41.48,41.7,40.86,41.42,4928147.0,41.43,41.71,40.86,41.42,5404894.0,5.419501613152875,-6.044803399729432,2.865362948656042,-3.16553999678095,0,-3.229996176850392,0.16928657799274555,-9.474198986298747,-0.6447822151764839,0.2644481513651016,3.5640173500772825,-6.243071442900849,0.9555532544038291,0,-0.0007586946230886414,-38.0,-24.0,-14.0,-0.31265089328827855,0.9934959270970722,2.7229769788132785,0.08471438656755859,0.0002414292612265001,0.007001448575567393,-0.013520038628681896,0.019945826151194446
2022-03-28,1648440000,2022-03-31,1648699200,0.25,38.40178742346409,43.76825641878238,41.04,41.42,39.95,40.61,6609769.0,39.61,40.05,38.6,38.6,5231637.0,12.251995069528789,-0.2442230488033914,9.604922279792731,3.0064766839378336,0,-10.490977139096799,-9.686476368741227,-13.317819501886913,-6.610878829355308,7.3639221856399075,3.8889248929620868,-4.259180976065682,-0.9379239943223407,0,-0.0457635947476518,-46.0,-96.0,50.0,6.003886010362706,7.132128292354295,9.563185952954868,-0.13218499934230044,0.02616580310880834,0.03756476683937815,0.0,-0.031367628607277265
2022-03-29,1648526400,2022-04-06,1649217600,-0.75,35.64608340861606,43.76825641878238,41.43,41.71,40.86,41.42,5404894.0,36.26,36.55,35.41,35.83,51167980.0,23.817129872643378,1.1954294351991877,16.3484975346544,9.217601637361625,0,-16.45365225554086,-12.073619631901844,-24.979210784853205,-34.083529743492605,7.884925298412028,4.0974030855048325,2.9737474658482412,-7.67576624250031,-1,-0.21528809304640245,-10.0,-60.0,50.0,12.506279653921283,11.152715092579669,15.75402442825198,-0.47767329726181784,0.01200111638291923,0.020094892548143894,-0.011722020653084031,-0.022373806275579833
2022-03-30,1648612800,2022-04-18,1650254400,-0.75,33.026402773076676,41.11106764325876,41.27,41.39,39.54,39.85,6559733.0,34.64,35.2,34.57,35.11,8547246.0,24.277765117631304,-7.1231083246947975,12.143264027342653,5.575334662489311,0,-16.188654502494813,-16.28516928946113,-36.56710565976568,-26.578477717781993,3.562343525162248,3.582922760981244,12.897254513904691,1.2259663086098946,0,-0.1502662853445055,-38.0,-84.0,46.0,8.57732839646826,6.762287803019035,13.765026998147633,-0.19618321498897484,-0.013386499572771271,0.0025633722586158036,-0.0153802335516946,0.00890804597701167
2022-04-01,1648785600,2022-04-21,1650513600,-0.25,33.026402773076676,38.40196378027254,38.99,39.26,37.34,37.63,8180131.0,38.23,38.46,36.47,36.64,7626145.0,14.68175452117542,-10.26308639890469,5.707332605531292,-0.6873180494905426,0,-8.286041046817694,-10.612344474262018,-26.24335968587921,-20.458855595594216,-1.3700528572855575,3.8672678723536857,6.79700868337984,-1.0580492850131349,0,-0.1846877853716132,-34.0,-68.0,34.0,2.2093340611353653,2.1482057332631115,8.193071272673436,0.250870767704932,0.043395196506550215,0.049672489082969395,-0.004639737991266379,-0.029146793852676267
2022-04-07,1649304000,2022-05-03,1651550400,0.25,33.026402773076676,38.1536806832092,35.82,36.1,34.81,35.47,12596946.0,34.18,34.85,33.92,34.55,6579423.0,8.796645424198871,-4.400118651405791,5.5779064158224685,-0.7636275928605869,0,-10.702612078008421,-6.823085221143477,-28.21363940009206,-8.015005803021161,2.002626518364451,3.6815586950202617,5.53179589327063,0.8415554069092274,0,-0.1590058488335584,-46.0,-88.0,42.0,2.198263386396519,3.3693335052104203,10.559024573462665,0.0511304402133026,-0.010709117221418207,0.00868306801736618,-0.0182344428364688,0.01977567886658771
2022-04-19,1650340800,2022-05-04,1651636800,-0.25,33.12601008052526,38.1536806832092,37.26,38.26,36.97,37.5,9542964.0,34.42,35.74,34.23,35.68,8473232.0,5.001696266264105,-7.35035097478432,2.0534379671151015,-4.1629297458894,0,-6.0550218164052865,-2.646657571623462,-25.028245464429066,-1.287430643464944,-1.1692265620809223,3.612612283528889,4.158639771552192,1.0712652508917082,0,-0.13984802123171386,-46.0,-84.0,38.0,-1.1743273542601003,0.08648166172243066,6.780807972634534,0.17509224943854917,-0.03531390134529144,0.0016816143497757619,-0.040639013452914874,0.03270622286541247
2022-04-22,1650600000,2022-05-10,1652155200,0.25,33.12601008052526,37.96624752158965,36.62,36.77,35.59,35.63,7705065.0,34.24,34.56,32.71,33.57,7269852.0,11.177604867671036,-2.8129936076174005,7.726144374937931,0.7973388938536345,0,-12.123233253554282,-5.72872788542544,-23.10030645303626,-29.71396778852838,3.1189093208047183,3.9535031368322864,1.619102276865437,-0.8982306492628807,0,-0.07222395742662345,-6.0,-28.0,22.0,4.182305630026818,4.834739025925614,11.76365532038912,0.11976738069718795,0.019958296097706274,0.029490616621983934,-0.025618111408996058,-0.009734513274336276
2022-05-04,1651636800,2022-05-16,1652673600,-0.75,30.863197484354174,37.96624752158965,34.42,35.74,34.23,35.68,8473232.0,33.26,33.56,32.55,32.67,7092908.0,14.825345796272842,-3.5826154626334272,9.552596673808807,2.1329456177940926,0,-14.125837028082003,-6.949587012247218,-27.27252336579572,-15.93063359768,3.6093353702698323,3.9322077945719354,2.2903644522702713,0.8730235204399833,0,-0.018023033199529827,-21.999999999999996,-64.0,42.0,5.621365166819729,5.130344678316277,12.627455397372472,-0.01201954818704798,0.01805938169574528,0.027242118151209027,-0.0036730945821856764,0.001225865767698453
2022-05-05,1651723200,2022-05-17,1652760000,-0.25,30.863197484354174,35.64608340861606,35.05,35.41,34.15,34.91,6772205.0,33.37,34.01,33.24,33.89,5095277.0,9.201482806305123,-6.62845241385898,4.96213238910201,-2.036982394019873,0,-8.12980139669439,-9.626666666666665,-25.181353099578867,-8.731615118369518,-0.16124324903222487,3.802318367054433,1.5562285246978647,0.6302082831636889,0,0.06413856616206146,-26.0,-64.0,38.0,1.286515196223064,1.2176071775228792,8.236803860110143,0.08263045205218345,-0.015343759221009279,0.0035408675125405686,-0.019179699026261376,0.03734312825221919
2022-05-11,1652241600,2022-05-20,1653019200,0.25,30.863197484354174,35.614421268268266,33.7,34.32,32.66,32.7,6167709.0,32.9,33.16,31.61,32.46,6030998.0,9.889696401006944,-2.2279588779015995,7.401417128773872,0.30345040049289196,0,-12.406540411913788,-8.896996912714009,-25.29176872210523,-14.487235986352658,3.4413633372369503,3.948352121903635,2.1609213478342504,0.736228850052246,0,0.042952697154774414,-38.0,-84.0,46.0,3.8308687615526793,4.246548282201417,11.554189186634929,0.05616927599945898,0.013555144793591989,0.02156500308071463,-0.026186075169439382,0.0012338062924119875
2022-05-17,1652760000,2022-05-23,1653278400,-0.25,30.94054721417507,35.62352111165601,33.37,34.01,33.24,33.89,5095277.0,33.42,33.91,32.93,33.58,5839202.0,5.407314688375095,-5.240548756272673,3.5269009330951064,-3.2598769108596457,1,-7.053602943685149,-5.381797689490007,-22.944014383909952,-15.139851328718095,-0.21251568867052129,3.852475173149187,1.6836224068044565,0.7118377878960277,0,0.03863825398613421,-42.0,-84.0,42.0,0.08338296605121798,0.6962990833048366,7.526305380718185,0.1359203307203476,-0.004764740917212573,0.009827278141750995,-0.019356759976176252,0.034504004929143406
2022-05-18,1652846400,2022-05-24,1653364800,0.25,30.94054721417507,35.62352111165601,33.44,33.54,32.33,32.68,6174668.0,33.41,33.56,32.48,33.29,5839136.0,6.193779734397722,-4.508588986425366,4.208971663162117,-2.5978772404125436,1,-8.03469291836683,-2.203290246768508,-21.447173534174606,-23.94851516228988,0.09092391664439958,3.8444824960016866,1.5727312928502286,-0.7129692401732514,0,-0.01493977163583513,-46.0,-84.0,38.0,0.8425953739861711,1.4236403626573662,8.131119513921831,0.17083532092790543,0.00360468609191944,0.008110543706818962,-0.024331631120456665,-0.008636092912447824
2022-05-23,1653278400,2022-05-27,1653624000,-0.25,30.991240216743588,35.62352111165601,33.42,33.91,32.93,33.58,5839202.0,34.66,35.29,34.6,35.15,3906243.0,1.3515917155446147,-9.718590293069497,-1.1545756282598205,-7.4532954006638334,0,0.023500437679892627,4.769001490312971,-11.307394370984666,-2.3893081716185236,-5.38438026038385,3.405202822714146,-2.5663908520656165,0.4777773629796464,0,0.008670728228262944,-18.0,-44.0,26.0,-4.18349928876242,-3.282415444604723,1.9719939277859737,0.3971312710287118,-0.013940256045519295,0.003982930298719767,-0.01564722617354186,0.014137334102712229
2022-05-24,1653364800,2022-05-31,1653969600,0.75,30.991240216743588,37.73165345752699,33.41,33.56,32.48,33.29,5839136.0,34.69,35.83,34.59,35.59,12141104.0,0.818019854242479,-11.07370965474827,-2.130748337548013,-8.382504448815226,0,1.7901730490539478,5.047225501770958,-7.387385656688523,9.335413030451335,-5.820664957645448,3.3717485446137125,-3.638759565390636,1.5061693375911094,1,0.099802198671267,-21.999999999999996,-44.0,22.0,-5.127844900252882,-4.051647941073966,0.6834172088007335,0.4585064213628013,-0.025288002247822572,0.0067434672660857675,-0.028097780275358253,0.012517780938833711
2022-05-25,1653451200,2022-06-09,1654747200,0.25,33.29493101799772,37.73165345752699,33.23,34.3,33.23,34.06,5737047.0,34.63,34.69,33.42,33.43,4317497.0,7.961068989230569,-4.987691783128241,4.370326054442145,-1.5076278791504478,0,-6.438509381363808,2.232415902140663,-1.4850049078898324,5.013670590191666,2.788677924263581,3.388471746299837,-10.546831046398426,-0.5470442783686267,0,0.2036725016140215,22.0,28.0,-6.0,1.4866886030511637,2.9015614064205977,6.350776807715761,0.1331867554323602,0.03589590188453484,0.037690696978761595,-0.00029913251570434785,-0.03743161531816863
2022-05-31,1653969600,2022-06-10,1654833600,-0.75,31.20329740226972,37.73165345752699,34.69,35.83,34.59,35.59,12141104.0,32.51,32.77,31.39,31.47,5692219.0,15.078394354387314,0.2091811143130542,10.820358012922355,4.525473996398688,0,-12.407102991454131,-3.1692307692307726,-6.439335472531857,5.315555822594035,9.089099294346141,3.80542906220084,-8.950015467588173,-0.7228161018407587,0,0.12911603509259834,18.0,-32.0,50.0,7.643787734350198,8.42372139530643,12.46566413416761,-0.07943947523449019,0.033047346679377254,0.04130918334922162,-0.0025421035907212675,-0.058629973078073605
2022-06-01,1654056000,2022-06-14,1655179200,-0.75,29.03707572330788,35.57164390487655,35.55,35.69,34.08,34.43,5888919.0,30.67,31.17,30.25,30.67,7494829.0,19.60071330515551,-0.05718542775092317,12.97032931203131,6.553635474404956,0,-14.038163518131455,-6.1218243036424855,-15.352278170521103,4.751986018039247,10.026330443515661,3.857872827811663,-5.13620327845214,0.9464074353404044,0,0.018982369965479372,10.0,-36.0,46.0,9.771763938702293,9.151705555815525,14.18933295294886,-0.3608735309258369,0.0,0.01630257580697747,-0.013694163677861138,0.006894287590282433
2022-06-10,1654833600,2022-06-15,1655265600,-0.25,29.03707572330788,33.35892074884401,32.51,32.77,31.39,31.47,5692219.0,31.07,31.68,30.7,31.21,7030663.0,17.682747034564954,-2.7964926289257335,10.646160418669211,4.27320303321585,0,-11.553164672702458,-7.907937444673944,-17.130896833230963,5.176843605950545,7.37445174819706,3.7514818400164502,-4.159384199547599,0.8886097953876547,0,-0.017446535147370202,6.000000000000007,-35.99999999999999,42.0,7.4431272028196105,6.571418468653761,11.734647166682464,-0.3603891192239932,-0.004485741749439276,0.015059275873117617,-0.016340916372957426,0.017606781871535748
2022-06-13,1655092800,2022-06-21,1655784000,0.25,29.03707572330788,33.31080487035416,30.54,30.99,30.19,30.46,8126093.0,31.47,31.7,30.71,31.11,5583815.0,19.08934805254445,-5.341357052865888,9.954462659380695,3.753884067288112,0,-10.015787436340418,-4.15896487985213,-21.202078740689355,-0.6349330793661281,3.3469867435754708,3.755729397784041,-1.6354591838512569,0.8025971051490569,0,-0.058080399059973115,-6.0,-48.0,42.0,6.873995499839296,4.74218499272186,10.553904552509778,-0.30092430427354677,0.011571841851494735,0.01896496303439399,-0.01285760205721631,0.015670910871694366
2022-06-15,1655265600,2022-06-22,1655870400,-0.25,29.048326181905594,33.31080487035416,31.07,31.68,30.7,31.21,7030663.0,30.78,31.4,30.68,31.26,6060578.0,18.444135988481975,-6.463969641712964,9.007784175730421,2.920132224354873,0,-9.339816015885717,-6.908874329958299,-20.93098726248116,-0.3469972574829967,2.050225866464899,3.635247327359929,-1.604152378160908,0.877281598696763,0,0.023934068312005414,-10.0,-48.0,38.0,5.9900831733845195,3.835813495640167,9.63034044685331,-0.221795822547193,-0.015355086372360827,0.004478566858605149,-0.01855406269993609,0.004821600771456103
2022-06-16,1655352000,2022-06-23,1655956800,0.25,29.048326181905594,33.2487783684286,30.51,30.59,29.67,30.13,6600675.0,31.07,31.19,29.92,30.23,6572048.0,22.63082697025493,-4.440287770784195,12.312823905612518,5.954901312162292,0,-12.400817817099195,-9.191949534394709,-22.02463065295157,-6.546888138628454,4.6821149122460355,3.8072203792177315,-1.0736981773415195,-0.9563500157169419,0,-0.061352838009933755,-14.0,-48.0,34.0,9.09526959973536,6.671460182411863,12.841533651199072,-0.2190820101223605,0.027786966589480544,0.031756533245120844,-0.010254713860403553,-0.03294945617402434
2022-06-22,1655870400,2022-06-28,1656388800,-0.25,29.13163650512218,33.346839663906714,30.78,31.4,30.68,31.26,6060578.0,32.18,32.75,31.5,31.6,5220961.0,15.32956709066309,-9.487794938764324,6.331223628691987,-0.28586497890294993,0,-5.947096108918046,-10.099573257467986,-17.294789275848142,6.2579815776517975,-1.104148274329276,3.8061030940240506,-3.077959787187247,0.768334279338798,0,-0.05794247511306808,-26.0,-48.0,22.0,2.920886075949383,1.4930587408707794,7.042008038362482,0.02469723482394781,0.01835443037974671,0.03639240506329111,-0.0031645569620253333,0.009907318632150997
2022-06-23,1655956800,2022-07-06,1657080000,0.25,29.08759392238033,33.346839663906714,31.07,31.19,29.92,30.23,6572048.0,30.5,30.89,30.23,30.58,4723315.0,11.898820396645121,-5.999539821105543,6.358186178330058,-0.43710486156530237,0,-8.796490404371447,-12.42840778923254,-16.53372515421008,14.1990354429648,0.9891130548949292,3.7639321302566096,-2.575151228429025,-0.7361145651139726,0,0.159406469111477,-46.0,-48.0,2.0,2.949640287769782,3.2865517309068224,8.845850745065789,0.04967011578478886,-0.002616088947024142,0.010137344669718829,-0.011445389143230789,-0.009073233959818627
2022-06-24,1656043200,2022-07-08,1657252800,-0.25,29.08759392238033,33.346839663906714,30.33,31.9,30.19,31.85,8325466.0,31.56,31.66,30.93,31.23,2918549.0,4.035967306248494,-4.81086323964584,2.9320098196178748,-3.6161810225210758,1,-5.640557283431811,-10.077742585660802,-14.329636001405744,19.004734850622853,-0.9112667353738715,3.5253707724468173,-3.5797032548015473,-0.4711586354918369,0,0.1932875738204402,-46.0,-40.0,-6.0,-0.3874479666986872,0.9637001928590792,6.088894157899219,0.12283211943060401,0.01056676272814605,0.01376881203970548,-0.009606147934678178,-0.003827751196172291
2022-06-29,1656475200,2022-07-14,1657771200,0.25,29.08759392238033,33.23641486106399,31.67,31.73,30.91,31.07,3386825.0,29.75,30.16,29.54,30.04,4372767.0,6.1261910963292365,-0.1474960230934954,6.05415002219263,-0.353972481136239,1,-10.23484331709438,-2.0541245516791733,-15.290746204808551,12.4086321695587,3.1460543760959467,3.5134717121174157,-4.437313606700876,-0.7486921775520873,0,0.1960430104672125,-46.0,-96.0,50.0,2.9893475366178563,3.9454123254909064,9.061645571277992,0.044086414021827225,-0.009653794940079896,0.003994673768308976,-0.01664447403462055,-0.012816299704239253
2022-07-07,1657166400,2022-08-09,1660017600,-0.25,29.276956328105268,33.23641486106399,31.0,31.43,30.91,31.35,3463093.0,32.37,32.41,32.08,32.31,2793926.0,3.1489416460075006,-5.095707353218899,1.3530382750438434,-3.4473331269988847,0,0.6435586078742119,4.192196065785233,4.125705443933221,-3.9387349302471293,-0.2775211278113545,2.607067893931954,-16.427688022385883,-0.5361222447585448,0,0.05274831426382241,26.0,48.0,-21.999999999999996,-0.973382853605699,-0.7673586225116793,0.5172153082619388,0.04946696451009226,0.0018570102135559985,0.003095017022593405,-0.007118539151965475,-0.0015451174289244918
2022-07-11,1657512000,2022-08-15,1660536000,0.75,29.276956328105268,34.782890160061,30.9,31.29,30.62,31.13,2927490.0,34.26,34.74,34.18,34.64,2877829.0,-0.6849887216452686,-10.8594685531815,-3.7071785989222406,-8.011451116243279,0,10.995823775389162,8.351579605880518,17.21087703473514,21.74832469790647,-5.2624926030934205,2.534030984590583,-10.33383921378463,-0.5703856239282163,0,0.226132820051172,46.0,84.0,-38.0,-5.7722286374133915,-5.312014320652253,-5.479280210737755,0.28927563727828803,-0.010969976905311873,0.0028868360277136684,-0.013279445727482742,-0.002016709881878409
2022-07-15,1657857600,2022-08-16,1660622400,0.75,31.20329740226972,36.334907802464926,30.52,31.81,30.38,31.65,4967679.0,34.57,35.11,34.45,34.86,3057321.0,-0.2754952211478354,-11.804252340527427,-4.023235800344224,-8.263052208835347,0,11.891208143272884,6.998158379373853,19.969912445842912,21.487458256750088,-5.386197800837593,2.473413722196605,-8.512628180790937,0.606266372827498,0,0.2181655562686117,50.0,92.0,-42.0,-6.039873780837638,-5.346768496134857,-5.837529984643254,0.3005690313338627,-0.008318990246701019,0.007171543316121687,-0.011761331038439349,0.006351039260970026
2022-08-10,1660104000,2022-08-19,1660881600,0.25,33.19497293900469,36.334907802464926,32.83,33.71,32.72,33.4,6462544.0,34.3,34.34,33.69,33.9,3895623.0,4.05290533116694,-8.964409755945738,-0.5058997050147553,-4.641592920353986,0,5.425927294555507,6.03690960275258,20.80586973439354,19.56887017069917,-1.5125896966597736,2.479406670876815,-6.9770938161388045,-0.7775376239384881,0,0.12099360331266214,38.0,60.0,-21.999999999999996,-2.455752212389399,-1.701217594092867,-2.6898875441070373,0.1455947927895368,0.01179941002949847,0.012979351032448516,-0.006194690265486802,-0.01909722222222232
2022-08-16,1660622400,2022-08-24,1661313600,-0.75,31.677149395157542,36.334907802464926,34.57,35.11,34.45,34.86,3057321.0,33.02,33.19,32.77,33.03,2445141.0,6.656456533215916,-5.439381147203193,2.3998385306287275,-1.4421233222323195,0,0.5088383805371421,2.897196261682242,13.126227029412046,18.680814581687926,1.669182331171882,2.4251739722388233,-10.026432114976922,-0.5058744275088556,0,0.17996584440685018,26.0,60.0,-34.0,0.6085376930063546,0.7047210761426328,-0.09120617791484165,-0.09886069491456406,-0.0003027550711474092,0.004844081138358991,-0.007871631849833416,-0.0027173913043476716
2022-08-17,1660708800,2022-08-25,1661400000,-0.25,31.677149395157542,34.782890160061,34.36,34.59,33.98,34.36,3334929.0,33.12,33.67,33.0,33.65,2929142.0,4.741081232994432,-6.776742451419423,0.703813769192692,-3.0108964834076204,0,3.870752718800297,4.7633872976338765,12.631943910906907,18.770100348486068,0.005548420590173464,2.3526755507103134,-10.746304725375063,0.6176783360726922,0,0.1980554413587815,22.0,60.0,-38.0,-1.0178306092124956,-1.0411635098636651,-1.8562564244208488,-0.09420392637711128,-0.015750371471025315,0.0005943536404160454,-0.019316493313521477,0.018770814411141368
2022-08-22,1661140800,2022-09-01,1662004800,0.25,31.677149395157542,34.65360364460831,33.27,33.31,32.76,33.13,3754223.0,31.84,31.9,31.19,31.85,3762076.0,10.866833353716103,-2.166676367844815,6.354264782836225,2.184720041862903,0,-5.581151240592909,0.06283380458687755,-3.4511022357427117,-19.92627250699266,3.8300866724455744,2.450528805893851,-9.533210336896238,-0.8554237584324105,0,0.058423416938530634,2.0,32.0,-30.0,4.350078492935623,2.9364645639159477,3.1104874153660376,-0.29025801006721685,-0.0003139717425432176,0.0015698587127157548,-0.02072213500784925,-0.0015673981191222097
2022-08-25,1661400000,2022-09-07,1662523200,-0.75,30.253677442736333,34.65360364460831,33.12,33.67,33.0,33.65,2929142.0,30.8,31.68,30.71,31.49,5619858.0,12.797296391133514,-2.6734475502316286,7.381179210331325,2.71303059172223,0,-6.57583908416413,-2.537913958526784,-11.109797256572161,-17.43355188520654,2.961450724261155,2.640032485225757,-8.680807980363785,1.317832474178648,0,-0.04365313409865196,-10.0,-56.0,46.0,5.06192442045095,2.9185844812501074,3.748083075942162,-0.2853141755759288,-0.021911718005716008,0.006033661479834862,-0.024769768180374685,0.014170692431561882
2022-08-26,1661486400,2022-09-09,1662696000,-0.25,30.253677442736333,33.320609436309894,33.87,33.94,32.39,32.4,4610611.0,33.13,33.51,33.04,33.32,3630314.0,6.208591966899178,-8.051329061737121,1.2374949979991925,-3.2673069227691087,0,3.954306240410503,-2.686915887850472,-4.966201917528082,-9.323893661889592,-3.206473323323493,2.6304528873078743,-10.112255273985207,0.8524106290008705,0,0.02804712935499317,-18.0,-56.0,38.0,-0.9213685474189788,-2.346574865418404,-1.847519242028227,-0.043536035099396186,-0.00570228091236491,0.005702280912364799,-0.008403361344537896,0.01276595744680864
2022-09-02,1662091200,2022-09-12,1662955200,0.75,30.253677442736333,34.88327554402368,32.3,32.47,31.32,31.46,3449724.0,33.49,34.08,33.49,34.03,4420777.0,3.657653416637416,-9.834556149520182,-0.9824664511705379,-5.358017435596054,0,7.327900466369691,-1.9590895995390367,-0.577664861830286,-1.9597895427651437,-5.021132606262341,2.5511250003490167,-9.868963230677869,1.04087654693041,0,0.06829758827205938,-21.999999999999996,-56.0,34.0,-3.088451366441376,-3.9664856160517843,-3.7426075700648482,0.07733927137874491,-0.01586835145459886,0.001469291801351691,-0.01586835145459886,0.021308523409363733
2022-09-08,1662609600,2022-09-21,1663732800,0.25,31.643276622004237,34.88327554402368,31.4,32.91,31.16,32.9,4697902.0,32.04,32.61,31.63,31.73,6250782.0,6.55453466863176,-2.807292311241298,4.662779703750402,-0.8808698392688115,0,-4.068336298989891,-4.196859903381634,-4.4851038817647835,-4.776462788144933,1.4546218035059297,3.008127193516088,-14.63174522216319,-1.4053573415738994,-1,0.0694212184875548,-42.0,-48.00000000000001,6.000000000000007,1.873621178695231,2.190895343156086,2.804086229499191,-0.062282758138464844,0.009769933816577314,0.02773400567286477,-0.0031515915537346784,-0.00874726647922519
2022-09-12,1662955200,2022-09-23,1663905600,-0.75,29.860219268506942,34.88327554402368,33.49,34.08,33.49,34.03,4420777.0,30.09,30.24,29.38,29.94,6167617.0,12.840288281916017,1.0274471890258923,10.200400801603209,3.914495657982627,0,-11.226572761213937,-11.025260029717675,-11.416996454259863,-11.59395351391246,6.7571885728979595,3.356149547171701,-13.357531633468014,-1.3705105691992292,0,0.020679808858218747,14.0,-36.0,50.0,6.933867735470955,6.976059180722885,8.341413677090003,-0.23759913057990004,0.005010020040080221,0.01002004008016022,-0.01870407481629932,-0.02060843964671244
2022-09-13,1663041600,2022-09-29,1664424000,-0.75,28.057287162685295,33.320609436309894,33.17,33.53,32.27,32.38,3677408.0,29.08,29.71,28.87,29.44,8290957.0,16.495682124135584,-2.8306006023964727,10.20210597826086,3.5580842391304373,0,-10.955795847570037,-7.7115987460814965,-21.733609465450748,-13.621650268101803,5.211465364631707,3.405477066131054,-7.752767928710021,-1.8120643124914315,0,-0.02906132710777518,-2.0,-44.0,42.0,6.832540760869563,5.682022418527183,8.576367460789513,-0.31727833475177314,-0.0122282608695653,0.009171195652173836,-0.01936141304347827,-0.003385240352064889
2022-09-22,1663819200,2022-10-03,1664769600,-0.25,28.057287162685295,31.659376074899384,31.84,32.01,30.55,30.57,4553368.0,30.29,30.94,29.62,30.47,7719067.0,12.39360170738226,-6.922646669640187,6.028333880319423,-0.5289355650366474,0,-5.363606991778106,-3.1468531468531533,-19.921889647530698,-5.343651245366843,0.49146768372312977,3.355504305966023,-7.978450636039714,1.6596839994253876,0,-0.013662969780582289,-10.0,-44.0,34.0,2.7354775188710505,1.5600360147946617,4.455877622080308,-0.14163215199081958,-0.005907449950771193,0.015425008204791757,-0.027896291434197473,0.019745649263721576
2022-09-26,1664164800,2022-10-04,1664856000,0.75,28.057287162685295,33.5482816885745,29.53,30.1,29.14,29.27,5151238.0,30.99,31.87,30.97,31.85,5456961.0,7.670958098125212,-10.851491850087541,1.4667713239141733,-4.774986917844075,0,1.1012579921984909,2.5764895330112743,-15.49283186769497,0.14564651078903523,-3.8934930441846944,3.294794372361967,-8.968209320772637,1.1650998115069822,0,0.05791422031325297,-14.0,-44.0,30.0,-1.5902668759811718,-2.5698562457276495,-0.06725215249512928,0.023679815073327726,-0.027001569858712826,0.0006279434850864352,-0.02762951334379915,0.045290449622579665
2022-09-30,1664510400,2022-10-11,1665460800,0.25,29.81539229077249,33.5482816885745,29.65,30.39,29.43,29.88,6593028.0,29.98,30.39,29.63,29.83,4768350.0,10.950162218163555,-4.651134393825629,6.298469102693048,0.19052408090290385,0,-7.312026020799088,-7.8752316244595555,-12.49696562971798,-4.091419723836154,0.7178479080976814,3.224804196998638,-11.096738741960609,-1.0277976350508655,0,0.015434628333866262,-34.0,-44.0,10.0,3.149513912168956,3.264075872486046,5.891068408997867,0.0324838339659963,0.005028494803888783,0.01877304726785134,-0.006704659738518193,-0.01061359867330014
2022-10-04,1664856000,2022-10-12,1665547200,-0.75,28.1252606656315,33.5482816885745,30.99,31.87,30.97,31.85,5456961.0,29.77,30.16,29.52,29.71,3643803.0,10.86582515794305,-4.534623542325434,6.267811062492967,0.24963536407496179,0,-7.79898508856224,-7.416640698036779,-13.32617811096162,-3.4601722006520887,0.8939276816334711,3.1604241466415877,-10.964419576445877,-0.7838614745000013,0,0.05268426729733888,-38.0,-44.00000000000001,6.000000000000007,3.165600807808815,3.3305769778476275,6.070972314979372,0.0044051376515898966,0.0020195220464489516,0.015146415348367581,-0.006395153147088606,-0.004022795843110827
2022-10-05,1664942400,2022-10-17,1665979200,-0.25,28.1252606656315,31.699800228403408,31.31,31.67,31.15,31.4,3957302.0,31.97,32.1,31.35,31.56,5865099.0,2.57379521558272,-9.332350348662587,-0.20331643430503732,-6.366180819602874,0,1.2911851199911055,-2.6526835286860053,-5.965565673598293,18.730572216838866,-3.7015273605384635,3.340009432593077,-11.053090330054287,1.2364002223838544,0,0.10298797831446665,-38.0,-32.0,-6.0,-3.3792775665399404,-2.1658656435579786,-0.1951591479941186,0.19234732926004788,0.012991128010139352,0.017110266159695797,-0.0066539923954371805,0.013162118780096321
2022-10-12,1665547200,2022-10-19,1666152000,0.75,28.1252606656315,33.59023617555178,29.77,30.16,29.52,29.71,3643803.0,32.48,33.41,31.77,31.93,6637503.0,1.5779086311384702,-10.47862895685094,-1.1191147301388327,-7.545672825973497,0,2.780464886647472,0.6303183107469249,-0.8849225239080114,17.242783832646182,-2.983025638361596,3.421132948678509,-9.272602175512295,-1.373113991289817,0,-0.09850799789565196,-46.0,-32.0,-14.0,-4.450360162856242,-2.6497201443037,-1.2253266646748244,0.26863834339304643,0.017225180081428038,0.046351393673661034,-0.005010961478233655,-0.005915317559153088
2022-10-13,1665633600,2022-10-20,1666238400,0.25,29.637414131117314,33.59023617555178,29.44,31.57,29.12,31.42,4686717.0,32.09,32.83,30.99,31.22,6512500.0,4.071552480699594,-8.418125190501001,1.2924407431133886,-5.401985906470202,0,-0.6190760399414614,2.126267582597313,-0.6040330519755783,7.999605840003504,-0.247017978729275,3.669987360819444,-9.135132245945773,-1.3469759553178509,0,-0.16194292862662354,-42.0,-24.0,-18.0,-2.1732863549006964,-0.39429199832940753,0.9809515395169797,0.2217848095626492,0.027866752081998847,0.05156950672645744,-0.007367072389493967,-0.022236141559661804
2022-10-18,1666065600,2022-10-21,1666324800,-0.25,29.637414131117314,33.88744446159764,32.11,32.56,31.6,32.12,5820088.0,31.17,33.11,30.99,32.99,7612094.0,-0.2946247017454624,-13.62474480416546,-3.570779023946656,-10.287966050318275,0,6.6995677075435225,10.187040748162994,3.006426568964261,8.229968469468034,-4.93441624889239,3.684019118915211,-8.780842801905425,1.5551778818157775,0,-0.09797750243081475,50.0,72.0,-21.999999999999996,-6.959684752955468,-5.191885170930661,-4.262943585921903,0.2958843618925129,-0.055168232797817573,0.0036374658987570196,-0.060624431645953436,0.056694426649583685
2022-10-20,1666238400,2022-11-09,1667970000,0.75,29.637414131117314,36.11039982099228,32.09,32.83,30.99,31.22,6512500.0,34.95,35.19,34.43,34.85,4278121.0,6.853326740890807,-12.130227745194972,0.6623625059779954,-5.911525585844089,0,8.632746741544949,17.300572197913162,26.32697249466075,31.605308694762698,-0.1879354286903947,2.931687426199416,2.0812917112417324,-0.8026766524172888,0,0.07955862968377733,18.0,48.0,-30.0,-2.6384505021520823,-2.230333706840554,-5.273485096379105,0.02966322168277169,0.0028694404591105283,0.009756097560975396,-0.012051649928264019,-0.013306908267270656
2022-10-21,1666324800,2022-11-11,1668142800,0.75,31.699800228403408,38.041801091843254,31.17,33.11,30.99,32.99,7612094.0,36.53,36.8,36.19,36.51,3244610.0,2.83980701939133,-14.140820440371868,-2.797407103076779,-8.415046106089648,0,14.843282456347808,17.207062600321027,29.308171101671764,29.915530286742168,-3.2304546479375915,2.848340802591881,3.4562275323587777,0.6181151601955395,0,-0.05181992754398743,50.0,88.0,-38.0,-5.650506710490262,-5.492950014359749,-8.856127269769473,0.09439651898754886,0.0005477951246235513,0.007943029307039051,-0.008764721993974267,0.0032976092333056872
2022-10-24,1666584000,2022-11-21,1669006800,0.25,33.88744446159764,38.041801091843254,33.26,34.48,33.08,34.25,6903542.0,35.38,35.78,35.37,35.71,3062500.0,1.6691579846771987,-3.7386063184772524,1.4043685242228747,-3.3085970316437994,1,8.844107560446567,4.26277372262774,20.59125625484383,14.009859572728374,-0.8441597278860513,2.717292931362557,-2.8773726374071984,0.5968230438013431,0,-0.08512226115166036,26.0,64.0,-38.0,-1.034724166900034,-2.322437044816212,-5.588181003845108,-0.1325792876789733,-0.009241108933071951,0.001960235228227303,-0.009521142537104565,0.005632216277105195
2022-11-10,1668056400,2022-12-02,1669957200,-0.25,34.228232398676894,38.041801091843254,35.94,36.59,35.89,36.39,4425710.0,36.48,36.85,36.3,36.64,2580790.0,2.1268281644452003,-5.912308513790194,0.07232532751091014,-4.035207423580772,0,9.45434731090976,5.408515535097822,23.742067851005185,15.748348522925824,-1.648053023779127,2.4634582032563723,-3.257122371453754,-0.5391067815789089,0,0.15906307028618,42.0,76.0,-34.0,-1.8927401746724968,-2.0689980606263276,-5.768856092666198,-0.02102806696895032,-0.004366812227074357,0.005731441048034913,-0.00927947598253287,-0.006507592190889477
2022-11-14,1668402000,2022-12-13,1670907600,0.25,34.228232398676894,37.8261198320977,36.23,36.43,35.39,35.41,3729010.0,36.33,36.54,34.8,35.06,4687774.0,6.748458438769902,-3.0547904410517503,4.317836090511506,-0.6907206693287975,0,0.7960639125074991,-0.9884213499011418,3.6721418288941403,20.71454480621631,1.6447647237324787,2.8665571024967678,-7.5833301589731015,-1.068676888877614,0,0.08478137144236798,14.0,-16.0,30.0,1.8468339988590827,1.0017984961022535,-1.248652873210844,-0.23914399392486224,0.03622361665715901,0.04221334854535064,-0.007415858528237451,-0.012950450450450512
2022-11-22,1669093200,2022-12-23,1671771600,-0.75,32.51951063985521,37.8261198320977,36.06,36.44,36.01,36.37,3140088.0,34.11,34.36,33.92,34.18,1809093.0,9.039417655392825,-4.557264349365937,4.827384435342296,-0.30719719133995227,0,-2.469851057835598,-7.170016295491583,-10.972074835295736,1.8545263287680953,0.47368103866649847,2.5802573463168756,-11.826731479858735,0.4166979865096574,0,-0.029633279995150214,-18.0,-56.0,38.0,2.241076653013451,1.1603198826552301,0.7015009411278896,-0.149222218835717,-0.0020479812755997973,0.0052662375658278915,-0.0076067875950848185,0.00029265437518288806
2022-12-05,1670216400,2022-12-27,1672117200,-0.25,32.51951063985521,36.11039982099228,36.4,36.4,34.49,34.69,4661894.0,34.22,34.51,34.07,34.45,1663219.0,7.776983815100607,-5.3851115364359,3.711659409772608,-1.3449443638123029,0,-0.727006612051234,-4.649875449764737,-10.130320493334226,8.082660013039295,-0.3746709416469116,2.468404622148953,-12.434035183696823,0.3879462013773817,0,-0.0023295366093031445,-21.999999999999996,-56.0,34.0,1.1959361393323604,0.33248315459806577,-0.08430074491600692,-0.09004716688688702,-0.006676342525399281,0.0017416545718431653,-0.011030478955007306,0.007899356348741948
2022-12-14,1670994000,2022-12-28,1672203600,0.25,32.51951063985521,35.855978998276036,35.05,35.14,34.16,34.32,4484282.0,34.49,34.62,34.15,34.24,1881566.0,7.626092044902748,-4.717213540229821,3.9826713395638507,-1.0114875389407985,0,-2.0314853105203596,-6.75381263616557,-9.925115203141315,2.0454764274846724,0.14866813624043118,2.404195197825034,-13.156038453005975,-0.4471858310069513,0,-0.04127002645885784,-26.0,-56.0,30.0,1.4544392523364564,0.8575696050875337,0.5077744912180151,-0.05969764617547377,0.007301401869158841,0.011098130841121323,-0.002628504672897325,-0.006095791001451412
2022-12-27,1672117200,2023-01-05,1672894800,-0.25,32.84356770775794,35.855978998276036,34.22,34.51,34.07,34.45,1663219.0,35.5,35.72,35.07,35.56,3819709.0,0.6643928251869795,-6.614899011913636,-0.9748781402324767,-5.0412448443944555,0,6.017155160809715,2.923299565846614,0.5646265354103408,-7.079030800237071,-3.717537295810601,2.2375760756975334,-12.419386171589043,-0.9928747749680631,0,0.08592302301883009,-46.0,-56.0,10.0,-2.975253093363335,-2.243436221052505,-2.8839006657070456,0.1655194328113053,-0.0016872890888639525,0.004499437570303577,-0.013779527559055205,-0.004479283314669513
2022-12-28,1672203600,2023-01-18,1674018000,0.75,32.84356770775794,37.26901819387633,34.49,34.62,34.15,34.24,1881566.0,35.67,36.45,35.36,35.94,7269243.0,3.9029294266630785,-8.043163149534507,-0.24856241884620545,-4.07438323131143,0,4.925680785186557,6.710213776722085,15.366107680356581,-11.17579552606005,-0.45079324983873903,2.2883151564530575,-4.336020592730996,1.9737933856862107,0,0.13832198027551054,38.0,60.0,-21.999999999999996,-2.0701168614357073,-0.9243269065741515,-2.5537038403092964,0.10819355772063244,-0.0075125208681133815,0.014190317195325708,-0.016138007790762354,0.0019514914970728547
2022-12-29,1672290000,2023-01-19,1674104400,0.25,34.29447541087017,37.26901819387633,34.32,34.86,34.19,34.68,2303317.0,35.58,35.74,35.02,35.38,4851530.0,5.422970848912428,-5.948691595096733,1.5686828716789023,-2.300734878462407,0,1.0092268717519772,5.423122765196664,12.862960241127638,-13.400321053190645,1.167185970968049,2.3442352567996387,-5.280176537335361,-1.3273209027556083,0,0.15269458480440098,34.0,60.0,-26.0,-0.2628603730921526,0.5825380610201734,-0.9716499213109699,0.029882745037889513,0.005652911249293346,0.010175240248728068,-0.010175240248728068,-0.015581524763494614
2023-01-06,1672981200,2023-01-24,1674536400,-0.25,34.29447541087017,37.30478791696929,35.66,36.74,35.59,36.59,3238276.0,37.27,37.4,36.58,36.74,4273455.0,2.2576025025599336,-7.810133803594226,-0.9018326982399003,-4.960079840319366,0,7.541227418740078,7.521217442200761,16.016382042103068,-11.269361816828628,-1.6280584421140958,2.3689343912040073,-3.5324496269964634,-1.1665794823470765,0,0.202045274897005,46.0,84.0,-38.0,-2.7762656505171464,-2.3057888155961024,-4.106839691602445,0.09050731966011383,0.014425694066412698,0.017964071856287234,-0.004354926510615198,-0.014220552723370083
2023-01-19,1674104400,2023-02-01,1675227600,0.75,34.29447541087017,38.90479563058953,35.58,35.74,35.02,35.38,4851530.0,38.16,39.07,38.07,38.74,3604342.0,-0.12967668994451742,-9.955506583158197,-3.094562037515061,-7.449234210979171,0,14.73216394578256,11.546213648142832,25.93795021040576,1.3846091426984515,-4.996437661772873,2.2223653809978123,2.747672501661988,0.9813504368190574,0,0.2365189039674747,50.0,92.0,-42.0,-5.042591636551364,-4.7849872936070454,-7.5008124634250635,0.19774087368761262,-0.014971605575632596,0.008518327310273577,-0.017294785751161612,0.007804370447450637
2023-01-20,1674190800,2023-02-03,1675400400,0.75,35.787378191810454,40.47237404181854,35.6,36.26,35.24,36.25,4715713.0,39.13,39.77,39.12,39.43,2969491.0,0.11619063503451343,-11.597296392072309,-3.802941922394112,-8.094090793811816,0,17.210881421112788,10.883014623172095,30.73014014707094,7.900307416189342,-5.869749990781813,2.1686532438415207,5.8486761274073515,-0.8092969546958579,0,0.2148887598322319,46.0,88.0,-42.0,-5.740552878518898,-5.276535138151502,-8.416348977097414,0.24498716450624447,-0.007608419984783121,0.008622875982754241,-0.007862033984275985,-0.0005069708491762803
2023-01-25,1674622800,2023-02-06,1675659600,0.25,37.30478791696929,40.47237404181854,36.53,37.58,36.45,37.56,5269762.0,38.93,39.17,38.74,38.85,2719694.0,2.147038617532388,-10.231980702474473,-2.1231231231231362,-6.293007293007307,0,12.974099489521052,6.176550970210434,30.532660044478664,11.030051793237526,-3.931006545524909,2.170674694356913,6.48199853681869,-0.7429203362774572,0,0.24534950433262573,42.0,88.0,-46.0,-4.04247104247105,-3.4945416797805535,-6.77264257611256,0.1920430267487654,0.00205920205920207,0.00823680823680828,-0.0028314028314028183,-0.014709611970580738
2023-02-02,1675314000,2023-02-07,1675746000,-0.25,37.38684281682574,40.47237404181854,38.94,39.74,38.79,39.45,3647296.0,38.69,39.52,38.64,39.29,2825100.0,1.6332016057838246,-11.057991628690417,-2.839144820565025,-6.997963858488177,0,14.748591593468149,8.806424813071171,31.108900584856574,21.325479107061625,-4.257828481757684,2.153036494900482,7.353389686863856,0.7707549527164713,0,0.2830725342509129,38.0,84.0,-46.0,-4.712395011453296,-4.1395434933522495,-7.510138806969138,0.16965438685681022,-0.015271061338763103,0.00585390684652598,-0.016543649783659964,0.011325611325611273
2023-02-06,1675659600,2023-02-17,1676610000,0.25,37.38684281682574,40.42746610051305,38.93,39.17,38.74,38.85,2719694.0,38.14,38.57,37.99,38.32,4095106.0,3.6260154965121814,-3.5816522397272337,1.8315066109951346,-2.095946416144727,0,6.752484190257988,5.710344827586208,18.904119067734108,10.194390802146593,0.8564291970850633,1.9832170106393983,3.284774496965472,1.151319449910376,1,0.17819760136650595,6.000000000000007,40.00000000000001,-34.0,0.02218162839247384,-0.6701159962091907,-3.691887146806039,-0.1625620011672706,-0.0046972860125260585,0.006524008350730748,-0.00861169102296444,0.008686496446433267
2023-02-07,1675746000,2023-03-01,1677646800,-0.75,35.99951098363468,40.42746610051305,38.69,39.52,38.64,39.29,2825100.0,36.86,37.13,36.71,36.92,3415599.0,7.872838523949426,-1.2477030959970818,5.143553629469125,1.4680390032502828,0,-2.3649756492952108,-3.9542143600416138,-0.8572002734487879,-14.813186319990251,1.9756410366358779,1.9749005512946363,-6.592988425528336,-0.9805492908056613,0,-0.03236877049145076,-21.999999999999996,-72.0,50.0,3.312567713976165,1.7700664443828487,0.09000604916946031,-0.2633358898384931,-0.0016251354279523955,0.005687973997833273,-0.005687973997833162,-0.0037776578521316884
2023-02-08,1675832400,2023-03-02,1677733200,-0.75,34.594388209721195,38.90479563058953,38.88,39.21,38.79,38.87,3137995.0,36.59,36.73,35.47,35.8,5668041.0,11.561198768066987,0.7069576565140352,8.102420856610792,4.239292364990703,0,-9.340804520769595,-7.589055240061963,-5.790424038809365,-16.609898670238252,4.475888896874096,2.180513305266109,-6.266943304087512,-1.6317359193738514,0,-0.03421598406312439,-26.0,-76.0,50.0,6.134078212290504,4.482131164413005,3.0949874813405103,-0.31554505184076254,0.022067039106145492,0.025977653631285014,-0.009217877094972016,-0.030335861321776902
2023-02-21,1676955600,2023-03-06,1678078800,-0.25,34.594388209721195,37.42660162280341,37.9,38.01,37.1,37.22,3974165.0,36.38,36.71,36.1,36.18,4006037.0,9.483920917715324,-1.1975748701752735,6.052146674037218,2.3208033904551257,0,-6.155934889247398,-8.24245498351509,-10.18109573268315,-8.045268167727123,2.6215241851033966,2.1018125922994164,-6.316032508456267,-1.1453026309599865,0,-0.0951656470990504,-34.0,-76.0,42.0,4.143173023770032,2.8136068675669748,1.8761985381373023,-0.28255807113919873,0.0055279159756771445,0.014648977335544489,-0.002211166390270858,-0.004950495049504955
2023-03-02,1677733200,2023-03-07,1678165200,0.25,34.480354010497685,37.38912498798291,36.59,36.73,35.47,35.8,5668041.0,35.88,35.98,34.25,34.33,6548500.0,15.927324579917496,2.2666748375016965,11.364210117487133,7.053111952616774,0,-15.085366842268598,-11.634491634491642,-16.560135146459817,-10.610603110851194,7.199771843310089,2.4584214861264773,-4.821279475707939,-1.8435411187115935,-1,-0.22368229009201387,-38.0,-88.0,50.0,9.096999708709603,7.558472574179049,7.077307501231161,-0.3765804276836145,0.045150014564520946,0.0480629187299737,-0.002330323332362272,-0.051133222775013865
2023-03-03,1677819600,2023-03-08,1678251600,-0.75,32.93985110687048,37.38912498798291,35.87,36.37,35.71,36.36,4180868.0,34.51,34.51,33.5,33.79,5622264.0,17.970126694688403,2.0831435035951102,12.391240011837823,7.972773009766215,0,-17.141535383934666,-13.998472893866124,-22.477982017833025,-16.12673825423117,7.956895482402146,2.5328054053257207,-2.9383224364105764,-1.5601706936401871,0,-0.2726950570765443,-42.0,-92.0,50.0,10.026635099141743,8.39381178703161,8.443868623009521,-0.44942452003202865,0.02130807931340639,0.02130807931340639,-0.008582420834566395,-0.015729682493445973
2023-03-07,1678165200,2023-03-09,1678338000,-0.75,31.234241267788068,35.99951098363468,35.88,35.98,34.25,34.33,6548500.0,33.48,33.63,31.65,31.72,9842000.0,27.036333574971707,5.123187232090061,18.927595628415304,13.728982765868025,0,-23.45052890125757,-18.394648829431436,-30.780650119693753,-19.40705216351263,12.904440219767707,2.9872667771514805,-0.2978063890214422,-2.61457756579492,-1,-0.35717144337725754,-46.0,-96.0,50.0,16.079760403530898,13.994342018543463,14.912097098263644,-0.6017925752341313,0.05548549810844894,0.06021437578814637,-0.002206809583858771,-0.06126072802604321
2023-03-08,1678251600,2023-03-10,1678424400,-0.75,29.397174988640117,34.480354010497685,34.51,34.51,33.5,33.79,5622264.0,30.68,31.78,29.81,30.56,12623452.0,33.43359646395879,5.002267410386764,22.314572425828942,16.59467713787089,0,-26.15160047344274,-20.229705037849133,-38.4040244955086,-28.07498554822206,13.955256171790225,3.3396347424882773,2.7398157122303886,-3.1689476800393126,-1,-0.3642107605155698,-46.0,-96.0,50.0,19.21793193717278,16.576461679967224,18.51810278583386,-0.7365716434046214,0.003926701570680757,0.03992146596858648,-0.0245418848167539,-0.03656998738965955
2023-03-09,1678338000,2023-03-22,1679457600,-0.75,27.15261344371702,32.93985110687048,33.48,33.63,31.65,31.72,9842000.0,29.2,29.23,27.45,27.47,8102934.0,46.954599002671955,-10.809713673221637,23.500182016745555,13.75500546050236,0,-18.9291134115944,-26.016698087799632,-46.383406352952875,-13.3990225145333,7.4750635388869,5.505862412218188,13.836386225466939,-1.408317448427101,0,-0.3092944266158791,-46.0,-68.0,22.0,18.07244266472516,14.586041881217568,23.735001234752133,-0.40802042696782426,0.06297779395704417,0.06406989443028754,-0.0007280669821623231,-0.06245733788395913
2023-03-10,1678424400,2023-03-23,1679544000,-0.75,24.443358195967715,31.234241267788068,30.68,31.78,29.81,30.56,12623452.0,27.68,27.79,26.38,26.52,8759560.0,50.50891216381373,-9.935759825955529,26.07843137254902,15.776772247360498,0,-20.68212553921822,-28.728836334318736,-46.105751764728666,-17.321826358880145,10.121938633694498,5.675496999642419,14.671001864751183,-1.4900915789262856,0,-0.3700739931119018,-42.0,-92.0,50.0,20.286576168929102,16.91067449375832,27.062833608385418,-0.38960014781129715,0.043740573152337925,0.04788838612368029,-0.005279034690799378,-0.034583181652712014
2023-03-13,1678680000,2023-03-24,1679630400,-0.25,24.443358195967715,29.969207602341374,28.32,28.96,26.37,27.2,20903231.0,25.89,27.89,25.55,27.6,11488459.0,42.25218384664433,-14.560154861137093,19.646739130434753,9.114130434782595,0,-16.211760816064185,-25.746569814366428,-43.80527170655105,-15.013044572994048,4.643089281143759,5.6694729440908915,15.697293055699774,1.9020562108134211,0,-0.2837372547559484,-46.0,-92.0,46.0,13.846014492753625,11.161060496747652,21.224503422438687,-0.268688471759452,-0.061956521739130466,0.010507246376811663,-0.07427536231884058,0.040723981900452566
2023-03-23,1679544000,2023-03-27,1679889600,0.25,24.29934743928012,29.969207602341374,27.68,27.79,26.38,26.52,8759560.0,28.75,28.83,26.98,27.05,12701579.0,42.45545522273625,-13.8306862763407,20.489833641404772,9.373382624768922,0,-17.31974638321418,-26.990553306342775,-42.482520729919315,-8.76452458063077,5.589549903839156,5.860065731026701,15.772259067980528,-2.0375816953044614,0,-0.30721984699748695,-46.0,-88.0,42.0,14.312384473197781,12.143051006943878,22.760333752677383,-0.19328596022320843,0.06284658040665425,0.06580406654343807,-0.0025878003696857554,-0.019927536231884035
2023-03-24,1679630400,2023-03-30,1680148800,-0.25,24.29934743928012,29.969207602341374,25.89,27.89,25.55,27.6,11488459.0,28.16,28.23,26.98,27.3,8100399.0,30.887087163346337,-14.462178738437899,14.318681318681328,3.271062271062263,0,-15.659182201372033,-23.743016759776527,-38.17242915576961,-1.1012471873884593,1.9845066996654595,5.241672371011627,15.31519828737806,-1.2687946297281707,0,-0.22739510459718074,-46.0,-76.0,30.0,8.212454212454219,8.325383197297882,19.22942724732819,0.0736720095578347,0.03150183150183139,0.034065934065933945,-0.01172161172161168,-0.011585807385952274
2023-03-27,1679889600,2023-04-27,1682568000,0.25,24.29934743928012,29.867646162122714,28.75,28.83,26.98,27.05,12701579.0,26.07,27.06,26.04,26.7,8392856.0,2.6248710621574247,-6.2840470921199625,1.5599250936329412,-5.380149812734075,1,-7.7715149385397595,-3.3309196234612664,-24.87402627975832,14.924500742847869,-2.546046590267295,4.02989792340744,12.045546743057017,0.9817514643221127,0,0.2484702651266066,-30.0,-68.0,38.0,-1.8295880149812689,-0.2525659154602238,9.124073862510997,0.28452001711835884,-0.02359550561797752,0.01348314606741563,-0.024719101123595544,0.0316846986089645
2023-03-28,1679976000,2023-04-28,1682654400,-0.25,24.611695483681558,29.867646162122714,27.06,27.35,26.84,27.27,6859057.0,26.51,28.02,26.43,27.45,12847368.0,-0.0464735988793592,-8.922561009499503,-1.1900425015179223,-8.064359441408612,1,-3.8107184134779004,0.5494505494505442,-20.68105323902261,16.930002324602526,-4.763491858190022,4.053545587339897,9.525873498645112,1.465269899831672,0,0.24745226883190422,-34.0,-68.0,34.0,-4.484517304189424,-2.694295583160681,5.9016577980093246,0.3639861483599005,-0.03424408014571945,0.020765027322404483,-0.03715846994535521,0.028089887640449396
2023-03-31,1680235200,2023-05-01,1682913600,0.25,24.611695483681558,29.155470318421663,27.61,27.74,26.58,26.95,11001419.0,26.55,26.66,25.48,25.57,22079562.0,6.965257083928748,-2.4286907953092793,5.846695346108703,-1.540868204927662,1,-10.88641746444629,-5.12059369202226,-20.357963552661303,6.152995165772275,2.119992315942355,4.591060234767982,8.07699473666893,-2.4093494144563525,0,0.08866835791491912,-38.0,-68.0,30.0,2.268283144309734,4.0352163782009285,13.151153558637546,0.28508462203363205,0.03832616347281981,0.042628079780993255,-0.0035197497066875583,-0.0684881602914389
2023-04-28,1682654400,2023-05-03,1683086400,-0.75,22.772670775240847,29.155470318421663,26.51,28.02,26.43,27.45,12847368.0,24.29,24.98,23.45,23.63,11423860.0,17.094209638289428,2.2117573528235965,13.893355903512486,5.2729581041049585,0,-16.549210954867817,-8.693972179289027,-24.355497249319217,-1.6042331980898155,9.25664353236759,5.41133424398031,8.153457873542635,-1.1952334526908812,0,-0.022354357666810144,-46.0,-96.0,50.0,9.652983495556498,10.528350840327107,20.81725243184998,0.021929073005625188,0.027930596699111243,0.05713076597545497,-0.007617435463393996,-0.026370004120313206
2023-05-01,1682913600,2023-05-04,1683172800,-0.75,20.304989361287305,27.15261344371702,26.55,26.66,25.48,25.57,22079562.0,22.68,23.04,21.06,22.39,26935529.0,25.459642460514246,4.647548249624194,19.743188923626633,10.096025011165707,0,-19.611903700180278,-11.850393700787395,-27.74695389762331,-10.36196583009476,12.905828030123374,6.122975073082087,9.30595427151382,-2.6869564327055335,0,0.06480085383655804,34.0,-16.0,50.0,15.053595355069206,15.06393942189679,26.429579095417367,-0.12769803394304335,0.012952210808396591,0.029030817329164682,-0.05940151853506037,-0.05247566652560298
2023-05-02,1683000000,2023-05-10,1683691200,-0.25,20.304989361287305,25.254374945340565,25.64,25.82,23.45,24.27,16331932.0,23.83,23.89,22.66,22.89,9605837.0,23.33980175494969,-2.8679799987243086,15.166739478666088,5.114314839085495,0,-14.574733134740853,-12.197928653624855,-27.27699913904339,-13.078717763648932,7.733128901777775,5.756517436129126,8.641579215116472,-0.9184097230411711,0,-0.02512895832517023,18.0,-16.0,34.0,10.23591087811269,9.03081833498777,20.458579215170786,-0.10943078969998954,0.04106596767147219,0.043687199650502384,-0.01004805591961555,-0.02512776831345831
2023-05-04,1683172800,2023-05-12,1683864000,0.25,20.304989361287305,25.254374945340565,22.68,23.04,21.06,22.39,26935529.0,22.53,22.56,22.1,22.35,5958951.0,26.442834373660148,-3.9282929866355687,16.189410887397443,6.153616703952267,0,-15.988791377081583,-13.439194422927958,-29.001044870728226,-12.311024007814261,9.23591370126671,5.411489205838531,8.305344022441979,0.5642010870111178,0,-0.04957760903657465,10.0,-36.0,46.0,11.257270693512297,9.548998446617787,21.57206451558997,-0.1274212075008443,0.008053691275167862,0.009395973154362247,-0.01118568232662187,0.0
2023-05-05,1683259200,2023-05-15,1684123200,-0.25,20.49185619792363,25.254374945340565,23.66,23.87,23.1,23.83,10434619.0,22.35,23.23,22.34,23.22,5989418.0,20.643306166291467,-8.050713573698857,10.953201263278785,1.5647430376112652,0,-11.599356363470228,-13.680297397769516,-27.750935125174227,-15.997864112817382,4.553332969790745,5.110459544593285,7.463731776119609,0.5651502620612968,0,-0.07453206223519934,6.000000000000007,-35.99999999999999,42.0,6.2962962962962905,4.925930417858666,16.349703985955628,-0.05146706635770171,-0.03746770025839785,0.00043066322136087187,-0.037898363479758834,0.03892617449664426
2023-05-11,1683777600,2023-05-16,1684209600,0.25,20.49185619792363,24.908638446499058,22.52,22.85,22.28,22.35,8251876.0,23.25,23.42,22.57,22.57,5354663.0,22.873190883988386,-6.125295447568348,13.327425786442177,3.5312361541869848,0,-13.508341513540124,-16.438356164383567,-27.53731522344574,-25.296845099827564,6.5612549465180905,5.151096012820208,6.478297309269202,-0.5039733187658341,0,-0.13402505359379221,2.0,-36.0,38.0,8.373947718210005,7.190796847376177,18.92792462764264,-0.03129823408048038,0.03012848914488253,0.03766061143110333,0.0,-0.027993109388458115
2023-05-15,1684123200,2023-05-22,1684728000,-0.25,20.67998650907251,24.908638446499058,22.35,23.23,22.34,23.22,5989418.0,23.89,24.52,23.52,24.5,4958701.0,9.904452748811181,-13.573840503913218,2.584353741496585,-6.3748299319727835,0,-4.342132061844296,-3.467297084318357,-18.266893034212735,-19.7249908780056,-5.673742599917944,4.491397747987771,1.1309165669759338,0.4712022002134562,0,0.11820717198111824,-14.0,-36.0,22.0,-1.8346938775510182,-1.6118342524574274,7.78986557826164,0.261271715542984,-0.024897959183673435,0.0008163265306122547,-0.040000000000000036,0.03857566765578646
2023-05-16,1684209600,2023-05-23,1684814400,0.75,20.67998650907251,26.866247828769584,23.25,23.42,22.57,22.57,5354663.0,24.58,25.59,24.58,25.12,9846756.0,6.906445273896722,-15.620617248419023,-0.015260084925699857,-8.7373938428875,0,-1.6976146577117603,-1.9516003122560501,-14.602490553914185,-11.218416238374608,-7.720102213775689,4.377588099221182,-0.08451756757160211,0.9557748458046642,0,0.1923691960519726,-18.0,-36.0,18.0,-4.357085987261144,-3.655423196312796,4.928292140239094,0.3490180871578774,-0.021496815286624282,0.018710191082802474,-0.021496815286624282,0.025306122448979673
2023-05-17,1684296000,2023-06-01,1685592000,0.25,22.772670775240847,26.866247828769584,23.04,23.9,22.84,23.77,9696911.0,23.54,23.89,22.92,23.78,5922237.0,5.609799562167183,-7.409631353588566,2.814690215867685,-4.893467900196242,0,-5.894058415595033,0.6347862886161749,-9.641866859333527,3.3139919562142666,0.02914997477336101,4.3757638161372014,-6.942683227408786,0.6271757305744111,0,0.16992317808513105,-42.0,-36.0,-6.0,-0.8999158957106914,1.4041511220599148,8.755572257487842,0.1776519432238397,-0.010092514718250678,0.004625735912531459,-0.03616484440706469,0.02367628067154537
2023-05-23,1684814400,2023-06-02,1685678400,-0.25,22.938319518520732,26.866247828769584,24.58,25.59,24.58,25.12,9846756.0,24.33,25.21,24.17,25.04,6792215.0,0.9368500150903571,-11.651706245122313,-2.0187699680511173,-8.963658146964846,0,-0.3653599808431309,11.83564091112103,-6.920349682131412,9.75120430013883,-4.363707708286299,4.266669403584706,-7.701621513726614,0.7213104586378736,0,0.21022654951581826,-46.0,-36.0,-10.0,-5.357428115015978,-3.3462202191367822,3.1543004963587578,0.2357400857441635,-0.02835463258785942,0.006789137380191823,-0.034744408945686756,0.05298570227081578
2023-05-24,1684900800,2023-06-05,1685937600,0.25,22.938319518520732,26.80995082740943,24.88,25.06,24.26,24.27,6736478.0,25.19,25.22,24.26,24.77,4008501.0,2.4993428957933617,-10.771446246620968,-0.6802583770690376,-7.777553492127581,0,-1.4486095943251556,3.9446076374318144,-5.227403464205669,4.740544611071165,-2.925911984533741,4.281925786535824,-8.397378704341701,-0.4300287560377347,0,0.15566410843356582,-46.0,-32.0,-14.0,-4.13605167541381,-2.074317495158354,4.110918914414469,0.24738245189718522,0.016955995155430115,0.018167137666531996,-0.020589422688736314,-0.010782747603833798
2023-06-02,1685678400,2023-06-09,1686283200,-0.25,22.977738162640872,26.85507849421168,24.33,25.21,24.17,25.04,6792215.0,25.9,26.05,25.19,25.54,7208409.0,3.420134647276754,-12.969860567402009,-1.6151135473766516,-8.541503523884103,0,1.2957873787728573,14.272930648769563,4.391803620280138,1.602544499271886,-3.120203257782066,4.074795700643804,-7.80363612439136,-0.7972881750511892,0,0.18595173509715382,42.0,72.0,-30.0,-4.774862960062634,-2.9732234739639836,1.0096284076092985,0.3226941346832848,0.014095536413468945,0.019968676585747858,-0.013703993735317055,-0.016936104695919996
2023-06-05,1685937600,2023-06-12,1686542400,0.25,22.777131448575762,26.85507849421168,25.19,25.22,24.26,24.77,4008501.0,25.23,26.06,23.18,24.7,16314066.0,6.597050141409184,-8.718507631287736,2.688259109311744,-5.45344129554654,0,-2.2632082676189427,10.514541387024599,3.5986599915989728,-8.774435816763138,0.22224234296930945,4.745267983018381,-8.154425800526742,-1.7722216352137488,0,0.12823627702933968,38.0,72.0,-34.0,-1.0607287449392828,0.2953799441377356,4.270468815580486,0.22691359246160478,0.021457489878542457,0.05506072874493917,-0.06153846153846154,-0.03288958496476113
2023-06-06,1686024000,2023-06-13,1686628800,-0.25,22.777131448575762,27.010499014414993,24.72,26.11,24.59,25.77,4911704.0,24.67,25.58,24.3,25.4,7523399.0,3.9209649335783467,-10.637500366649206,0.3608923884514468,-7.709973753280835,0,0.7351145004590123,9.388458225667527,4.190395179443427,-10.145640633370036,-2.5717060867578567,4.644841252382458,-8.480159071223884,0.823500943764344,0,0.1779494343123141,34.0,72.0,-38.0,-3.3582677165354227,-2.2335549160408164,1.3420938764065795,0.20030562130555862,-0.028740157480314887,0.007086614173228423,-0.04330708661417315,0.028340080971659853
2023-06-12,1686542400,2023-06-14,1686715200,0.25,22.69637198899285,27.010499014414993,25.23,26.06,23.18,24.7,16314066.0,25.68,26.02,24.32,24.42,7213135.0,7.509233974185108,-5.711527176478299,4.985667485667463,-3.7571662571662614,1,-3.219898426676586,8.196721311475416,2.81818536866822,-10.37551577799681,1.4475026813049965,4.983405234400045,-9.255241610524424,-0.7897974739646432,0,0.17911886115795728,30.0,72.0,-42.0,0.8988533988534044,1.5289700041314518,5.196937610264499,0.11077829917135089,0.05159705159705141,0.0655200655200654,-0.004095004095004184,-0.03858267716535424
2023-06-13,1686628800,2023-06-15,1686801600,-0.25,22.69637198899285,27.028918512599127,24.67,25.58,24.3,25.4,7523399.0,24.28,25.07,24.23,24.95,6617271.0,5.278274425838745,-7.294306489967013,2.9612558450233735,-5.50768203072812,1,-0.9584750649023732,4.964240639461505,2.666614236576976,-10.633917833298675,-0.5830514084394736,4.769630190989518,-9.888620566912325,0.7294784144194152,0,0.2324309965510725,26.0,72.0,-46.0,-1.008016032064134,-0.5679711756524171,2.846124881677298,0.08261970317029488,-0.02685370741482962,0.004809619238477003,-0.028857715430861686,0.021703521703521522
2023-06-14,1686715200,2023-07-11,1689048000,0.25,22.69637198899285,27.028918512599127,25.68,26.02,24.32,24.42,7213135.0,24.29,24.91,23.97,24.85,6267676.0,2.086960134468228,-8.919958122395826,0.23071763916833277,-7.145539906103281,1,2.368602189556462,-2.701644479248229,-3.8110414693297097,2.9511285676210264,-4.9003855209099925,3.663812254146942,-11.764902219778396,0.775517161198743,0,0.09949189325323073,-38.0,-44.00000000000001,6.000000000000007,-3.416498993963799,-3.246217993645601,-0.2762949655641478,0.12293446055629725,-0.022535211267605715,0.0024144869215290132,-0.03541247484909471,0.03283458021612651
2023-06-15,1686801600,2023-07-18,1689652800,-0.25,22.78983959782187,27.028918512599127,24.28,25.07,24.23,24.95,6617271.0,25.5,26.27,25.39,26.23,8574633.0,-0.8300698347698301,-14.854261084025424,-5.093404498665649,-10.728173846740376,0,8.399120273523032,6.7562067562067565,9.256979984964767,17.590017767859138,-7.180666155474071,3.4464466718926596,-9.943499906505448,1.2487492858341103,1,0.23804751005041616,50.0,64.0,-14.0,-7.842165459397634,-6.1069453777582225,-5.0202692161165885,0.269145128794803,-0.027830728173846797,0.0015249714067859799,-0.032024399542508575,0.036349269063611356
2023-06-16,1686888000,2023-07-21,1689912000,0.75,22.78983959782187,28.388904107276822,25.34,25.34,24.5,24.57,11760961.0,28.32,28.36,27.63,27.98,8213520.0,0.19697758554862332,-23.209843918643685,-8.736597569692634,-14.705146533238008,0,14.480835107287987,19.114516815666253,23.84719997561679,29.833887894958664,-7.623371246592683,3.515831940031439,-3.8652727934808446,-1.1668486942408889,0,0.2976330838524544,46.0,72.0,-26.0,-11.506433166547538,-8.842607858779246,-9.708664648442848,0.4660698869207047,0.012151536812008645,0.013581129378127166,-0.012508934953538331,-0.005685856432125047
2023-07-12,1689134400,2023-07-24,1690171200,0.75,24.886877593825734,30.187423877105868,25.29,26.02,25.26,25.33,6289626.0,28.05,29.18,28.05,28.96,7113596.0,-0.9019872562383995,-26.024808323872108,-10.779235727440167,-16.697744014732976,0,17.705948033891076,26.187363834422666,28.160917955022548,30.68752032691637,-9.814057519012692,3.4501990673516065,-1.6655200056671227,1.01779585344448,0,0.3462188589274482,50.0,80.0,-30.0,-13.463397790055254,-10.791415400362126,-12.263550405094321,0.5049616512093549,-0.03142265193370164,0.007596685082872812,-0.03142265193370164,0.03502501786990719
2023-07-19,1689739200,2023-07-25,1690257600,0.25,26.546564321006993,30.187423877105868,26.22,28.49,26.01,27.91,14997729.0,29.04,29.37,28.03,28.09,7898312.0,3.4317387005654325,-23.196779640401672,-6.919425655630718,-13.313160080692995,0,12.410424664215299,21.971341728180626,29.043129554491713,27.53007169431882,-5.974860405524339,3.6437241135038727,0.4720079934190373,-1.1312155900546355,0,0.27183625927320026,46.0,80.0,-34.0,-9.88252046991812,-7.263843106164288,-9.171827645624376,0.44282189043909326,0.03381986472054099,0.04556781772872909,-0.0021359914560341586,-0.03004143646408841
2023-07-24,1690171200,2023-08-01,1690862400,-0.25,26.546564321006993,30.269362480241664,28.05,29.18,28.05,28.96,7113596.0,28.92,29.0,28.23,28.41,5990476.0,8.064120833176176,-20.288689646974134,-2.934999413352088,-9.492549571747048,0,10.442238962844861,18.870292887029297,32.082728284811566,26.471086868977636,-2.2411586857546695,3.50600067526858,9.44490890587425,-0.8703011467594681,0,0.1366370545693778,34.0,76.0,-42.0,-6.112284406898979,-4.374084292465213,-8.030667835120127,0.1937134186712124,0.017951425554382228,0.020767335445265767,-0.006335797254487852,-0.02270381836945301
2023-07-25,1690257600,2023-08-02,1690948800,0.25,26.546564321006993,30.269362480241664,29.04,29.37,28.03,28.09,7898312.0,28.04,28.5,27.76,28.36,4592484.0,8.425291897529434,-18.661540134482905,-1.938763516690173,-8.56076633756463,0,10.152223111728134,19.8647506339814,30.903249440197435,22.065332626609404,-1.6432545640651597,3.4476909867946417,9.292349902491438,-0.6719904120117871,0,0.15989421461752934,30.0,76.0,-46.0,-5.118124118476743,-3.804968366293579,-7.559952146486609,0.10777577356137735,-0.01128349788434413,0.0049365303244006675,-0.021156558533145242,-0.0017599436818022118
2023-07-26,1690344000,2023-08-07,1691380800,-0.25,26.628926812337895,30.269362480241664,28.8,29.41,28.77,29.23,7212028.0,28.74,29.2,28.61,28.78,3818612.0,6.558119386158708,-14.612323694706319,-0.9265693768820995,-7.23998146861247,0,11.343751945728044,19.617622610141325,29.244087018465404,27.04538384277822,-1.2362419052146265,3.180405571204377,10.09961256037375,0.5677391683680625,0,0.05061208769281714,18.0,56.0,-38.0,-4.0271021542738055,-3.9377816496349283,-7.936617247675414,-0.01956560388507378,-0.001389854065323215,0.01459346768589298,-0.005906879777623386,0.008409250175192673
2023-08-02,1690948800,2023-08-14,1691985600,0.25,26.628926812337895,30.119597309720113,28.04,28.5,27.76,28.36,4592484.0,27.74,27.79,26.89,27.02,5049990.0,9.851431258965931,-0.4805948414973784,7.928694793979773,1.3113742906488994,1,0.4010878037196335,6.756222836823393,17.97781557229172,9.878121560787925,5.5401068215439295,3.3403212751460423,2.0790722213038215,-0.7682649979483785,0,-0.10221398372288286,-2.0,44.0,-46.0,4.685418208734276,2.585104917753725,-1.0246530339020268,-0.27527800642450984,0.02664692820133241,0.02849740932642475,-0.0048112509252404845,-0.036720142602495565
2023-08-03,1691035200,2023-08-21,1692590400,-0.75,24.973740718181986,30.119597309720113,28.28,28.77,28.02,28.75,4580809.0,25.39,25.48,24.93,25.06,4623888.0,21.328906189761824,-0.1756739471440767,13.697126895450936,7.934956105347183,0,-8.91061782758942,-13.466850828729287,-6.740904799295533,-7.331511101854403,8.843348345255421,3.2552892315960764,2.1750398117183103,-0.7141649047881292,0,-0.21742926597888723,-21.999999999999996,-72.0,50.0,10.576616121308874,7.127550736240735,5.836295123125822,-0.5090131428607498,0.013168395849960213,0.016759776536312998,-0.0051875498802872455,-0.009877518767285709
2023-08-08,1691467200,2023-08-25,1692936000,-0.75,23.504801699207082,28.388904107276822,27.78,28.34,27.1,28.31,6937572.0,24.83,24.98,24.35,24.51,3781818.0,23.269476105196674,-4.060989773087371,12.394940840473254,7.139942880456957,0,-10.648140011647051,-15.773195876288659,-19.543921170885596,-23.143599426445093,6.9366122984095995,3.1237200743644626,4.529378128202005,-0.6249988617433043,0,-0.2696921351049481,-38.0,-76.0,38.0,9.604243166054658,6.4667724250972185,7.031292759314823,-0.41291309240179963,0.013055895552835484,0.01917584659322724,-0.006527947776417742,-0.008896077638495758
2023-08-15,1692072000,2023-09-06,1693972800,-0.25,23.504801699207082,26.643010898177728,26.52,26.55,25.77,25.84,6047831.0,25.66,25.85,25.17,25.28,5172416.0,10.894441155897837,-6.578776598935846,4.665743670886087,0.1206487341772089,0,-4.781974018788816,-10.702931826209811,-11.90334044556512,-7.8703463558737425,0.2406654702968467,2.7829167545224456,-3.2125446635511246,-0.878263603719315,0,-0.21089863763484643,-34.0,-44.0,10.0,2.15783227848101,2.3438730036004216,3.201750929171652,0.03025661341396657,0.015031645569620222,0.022547468354430444,-0.004351265822784778,-0.024691358024691357
2023-08-22,1692676800,2023-09-07,1694059200,0.25,23.504801699207082,26.34728333898952,25.02,25.23,24.41,24.43,4834074.0,25.23,25.47,24.52,24.61,5163792.0,12.547396898525733,-4.026470445864234,6.9179195449004425,2.1353108492482704,0,-8.200093628902636,-11.949910554561717,-13.695084299027677,-13.964642247847166,2.7232980884885194,2.93021931330544,-3.263331496010643,-0.8780520970177416,0,-0.26140496951175096,-38.0,-44.00000000000001,6.000000000000007,4.2604632263307565,4.641568625006002,5.77564748188091,-0.021178734301524393,0.02519301097115001,0.034945144250304816,-0.00365704997968308,-0.02650316455696211
2023-08-28,1693195200,2023-09-20,1695182400,-0.25,23.67571216677394,26.34728333898952,24.8,25.24,24.71,25.0,3784955.0,25.46,25.63,24.99,25.14,6351320.0,4.410149463445862,-3.2566092884259774,3.251127022010067,-1.8801378944577039,1,-3.6580739712400785,2.9062627916496147,-8.805552466880895,-15.124484866955498,1.1533026958644257,2.94448398752917,-8.6966116922856,1.0897160971230138,0,-0.15780474261328262,2.0,32.0,-30.0,0.5767700875099422,1.3543786912555476,2.6735370274496972,0.030217856645565866,0.012728719172633296,0.019490851233094686,-0.005966587112171906,0.0023923444976077235
2023-09-07,1694059200,2023-09-26,1695700800,0.25,23.64904838800505,26.274195801632313,25.23,25.47,24.52,24.61,5163792.0,23.98,24.42,23.71,23.74,5474694.0,11.370502614332096,0.8535917411860225,9.070485818590285,3.602920527941606,0,-10.74432284747521,-5.040000000000006,-15.309444349801101,-18.91323253501531,5.703433419157136,2.936729202842647,-6.734229260227583,-0.9499941988984107,0,-0.27176313692707,-14.0,-64.0,50.0,6.112047177759067,5.558513592339921,7.739446864662909,-0.1055283756274083,0.010109519797809607,0.028643639427127443,-0.0012636899747261454,-0.02384868421052644
2023-09-08,1694145600,2023-09-27,1695787200,-0.75,22.411762630971953,26.274195801632313,24.61,25.09,24.35,25.0,3939630.0,23.73,23.76,23.2,23.53,4812013.0,12.530338953821058,0.6018327418865255,9.519762005949843,4.173395665108373,0,-11.750325823716352,-8.974854932301742,-17.64952736305882,-18.652741505430498,6.268767855250587,2.9212961161474644,-5.3548137862944785,-0.8460505802764291,0,-0.20416374456593983,-18.0,-68.0,50.0,6.566085847853785,5.881495033616346,8.35978180527799,-0.13625340992644258,0.008499787505312328,0.009774755631109189,-0.014024649383765464,-0.00884582982308324
2023-09-21,1695268800,2023-10-02,1696219200,-0.25,22.411762630971953,24.973740718181986,24.93,25.31,24.63,24.63,4577812.0,24.37,24.43,23.51,23.67,5199657.0,10.838607955191264,-1.1554647359264152,8.055203492465822,2.2250387269398715,0,-9.091703807054927,-9.483747609942627,-17.662496847324856,-21.947353531854148,4.563997046986131,3.049163000114099,-5.683680131157846,-0.991724709149534,0,-0.245844758886175,-30.0,-68.0,38.0,4.841571609632439,4.318822287124419,7.036024881699461,-0.07059691266313134,0.029573299535276654,0.03210815378115739,-0.006759611322348924,-0.03308823529411764
2023-09-27,1695787200,2023-10-05,1696478400,0.25,22.365573885021337,24.889242305250068,23.73,23.76,23.2,23.53,4812013.0,23.24,23.77,23.08,23.56,3834345.0,11.000871113386296,-2.7113974291757614,7.080503678551224,1.4820316921335746,0,-8.785421790015903,-4.266558309630235,-20.149073907951927,-21.380438509142934,2.588035613091904,2.956714835815627,-4.591167087118571,0.747488121993059,0,-0.11771985046227339,-42.0,-84.0,42.0,4.144736842105274,3.4022988352631245,6.611962620206626,-0.0733192121744134,-0.01358234295415961,0.008913412563667178,-0.02037351443123936,0.00597779675491017
2023-09-28,1695873600,2023-10-12,1697083200,-0.25,22.365573885021337,24.93036889932255,23.55,24.21,23.5,24.07,4411140.0,24.48,24.48,23.84,24.08,4897834.0,5.742985193132725,-4.4680682496111075,3.3312569213732104,-1.9303709856035312,0,-4.750516660662505,-6.738962044926421,-12.888690281347879,-7.628529969016348,-0.9518692259296131,2.9739377102103512,-8.810483937044815,-0.9708914460862854,0,0.11214781324873985,-38.0,-60.0,22.0,0.6374584717607945,0.9130989713497399,3.6168750265491667,0.10359999661863084,0.01661129568106312,0.01661129568106312,-0.009966777408637828,-0.014326647564469996
2023-10-03,1696305600,2023-10-13,1697169600,0.25,22.30295508125673,24.93036889932255,23.52,23.52,23.07,23.24,5709127.0,24.35,24.48,23.32,23.48,6056226.0,7.515256104847495,-1.974370244540836,5.730408858603056,0.06175468483814939,0,-8.25200776462566,-8.065779169929517,-13.842802135674892,-9.092683504840771,1.463702361305124,3.1849642881608915,-8.876182140235763,-1.1935365549104078,0,0.011292704216571454,-42.0,-60.0,18.0,2.7704429301533224,3.159246048048871,6.0189925354293194,0.06246004551213724,0.03705281090289603,0.042589437819420706,-0.006814310051107331,-0.02491694352159457
2023-10-06,1696564800,2023-10-17,1697515200,-0.25,22.30295508125673,25.006992172842775,23.36,23.98,23.07,23.91,7751759.0,23.77,24.98,23.77,24.75,6290234.0,1.2313356379596314,-6.702042708666696,0.152188552188548,-5.55286195286196,1,0.47737868192740507,-1.315789473684204,-9.282324822865185,6.004554138907075,-3.3931856671107283,3.179616675146773,-10.038179023673893,1.2430147540876313,0,0.16897730631454824,-42.0,-52.0,10.0,-2.735353535353539,-1.9350279124894598,0.452111942978334,0.13116293606937202,-0.03959595959595963,0.009292929292929353,-0.03959595959595963,0.02230483271375472
2023-10-13,1697169600,2023-10-19,1697688000,0.25,22.113851961282727,25.006992172842775,24.35,24.48,23.32,23.48,6056226.0,23.39,23.77,22.69,22.72,8792258.0,9.554649429737566,0.7358435280089282,8.576877934272332,1.8867370892018869,1,-10.06459914763348,-7.754770604953309,-12.841422980087227,-12.626534719175737,4.467276454449305,3.8253048756759673,-9.822202431618704,-1.6819449241411344,0,-0.03367873832150208,-46.0,-96.0,50.0,5.145246478873247,5.835010994427364,8.810256469334348,-0.01135431856799407,0.02948943661971848,0.046214788732394485,-0.001320422535211141,-0.02781343602909725
2023-10-16,1697428800,2023-11-01,1698811200,-0.75,20.506912185180315,25.006992172842775,23.82,24.32,23.62,24.21,4577217.0,21.81,21.94,21.45,21.54,5418882.0,17.885088807914798,-5.944513134748576,9.755493655215105,2.438873413803776,0,-11.214267967741335,-8.0273270708796,-26.864761939547634,-14.83188157815529,3.9424033851444875,3.5929118117223844,-1.304665624571605,-0.9748705182207897,0,-0.2454214128761049,6.000000000000007,-31.999999999999993,38.0,5.970287836583111,4.59045495599284,10.239676738555573,-0.08012197722987502,0.012534818941504211,0.01857010213556176,-0.004178272980501441,-0.011019283746556585
2023-10-18,1697601600,2023-11-02,1698897600,-0.25,20.506912185180315,23.64904838800505,23.48,24.36,23.04,23.37,11393028.0,21.94,23.24,21.85,23.15,6679928.0,9.523371274431497,-12.499613175079446,2.1173506119510392,-4.992800575953922,0,-1.2528431363632677,-1.7402376910016986,-21.607138715890358,-8.015330020652087,-3.5471803829859283,3.628778665592416,-2.8738719434021895,1.1905305915550777,0,-0.13974037138814482,2.0,-32.0,34.0,-1.4881209503239745,-2.427872888430258,2.472002041651521,0.05824350266002298,-0.0522678185745139,0.0038876889848811214,-0.056155507559395135,0.07474466109563593
2023-10-20,1697774400,2023-11-08,1699419600,0.75,20.506912185180315,25.226782381905135,22.61,22.65,21.52,21.7,9384608.0,24.01,24.07,23.69,23.9,3879177.0,5.648028593595143,-15.070622735854585,-1.287308228730808,-7.906555090655502,0,2.1702988550187,-2.169463774048306,-3.3189796398283824,-6.483685027196941,-6.789609498582067,3.4572314968613287,-4.616417346691385,-0.684138878659607,0,-0.07547172173358026,-14.0,-32.0,18.0,-4.711297071129721,-3.4765638861594255,-0.5371635954448237,0.3446023694097716,0.004602510460251175,0.0071129707112971285,-0.00878661087866095,-0.004166666666666763
2023-11-02,1698897600,2023-11-13,1699851600,0.25,22.113851961282727,25.226782381905135,21.94,23.24,21.85,23.15,6679928.0,23.24,23.48,22.99,23.2,3732007.0,7.77050467934734,-12.266194334519767,1.1616379310344769,-5.441810344827587,0,-1.6181819388058756,-4.1718298223874495,-1.4792124230681676,-1.6387668941590405,-2.369027755545744,3.4149327153702704,-8.324090575913623,-0.6629429074710009,0,0.08528169993239693,-26.0,-32.00000000000001,6.000000000000007,-2.2478448275862064,-0.32343394767501366,2.2270649271176666,0.21071840331285635,0.0017241379310344307,0.012068965517241459,-0.009051724137931094,-0.008547008547008517
2023-11-03,1698984000,2023-11-14,1699938000,-0.25,22.124041683424608,25.226782381905135,24.18,24.68,24.08,24.33,8175892.0,24.15,25.31,24.11,24.71,5212384.0,1.148044084788154,-17.606967597536055,-4.979765277215705,-11.175637393767701,0,6.1085007234629245,-0.16161616161615816,2.1802577473865927,6.206804532798394,-7.287479040885103,3.5871645573095723,-7.725960394631947,0.921034447631643,0,0.037613827812976404,-30.0,-32.0,2.0,-8.22946175637395,-5.803645495625716,-3.862271042804494,0.26957568316221303,-0.022662889518413665,0.024281667341157442,-0.024281667341157442,0.06508620689655187
2023-11-09,1699506000,2023-11-15,1700024400,0.75,22.124041683424608,26.81356934542109,23.95,24.11,23.17,23.26,7525465.0,24.73,25.57,24.72,25.4,5517549.0,-0.12041923663075238,-20.525250054707826,-7.3307086614173045,-13.173228346456682,0,9.056477853370303,8.68635002139494,6.4890082120824975,6.89426658863848,-8.848570521860495,3.4822971618238303,-6.968305366862634,0.973769750840133,0,0.11527412389568588,50.0,52.0,-2.0,-10.322834645669289,-7.566092095503038,-6.220008611947861,0.3380436265912496,-0.026377952755905487,0.006692913385826893,-0.026771653543307128,0.027923917442330914
2023-11-14,1699938000,2023-11-16,1700110800,0.25,23.625964031235085,26.81356934542109,24.15,25.31,24.11,24.71,5212384.0,25.41,25.51,24.82,25.18,4843736.0,2.046496368075296,-20.14816435854388,-6.179507545671171,-11.918189038919778,0,7.754570625197388,10.827464788732398,9.308397635995911,6.299781198419694,-7.022886262427662,3.457547154301114,-6.264768555362554,-0.8558180629801367,0,0.16719752073027414,46.0,52.0,-6.0,-9.0508339952343,-6.114822885301592,-5.188854146950035,0.3501016011518052,0.009134233518665713,0.013105639396346458,-0.01429706115965046,-0.008661417322834652
2023-11-15,1700024400,2023-11-20,1700456400,-0.25,23.6543644108198,26.81356934542109,24.73,25.57,24.72,25.4,5517549.0,25.63,25.71,25.17,25.64,4385427.0,3.053661055692089,-21.212787420746693,-6.528861154446176,-11.922776911076454,0,9.315584960804912,19.034354688950796,15.060089485967993,-1.043531299279124,-6.259091670833499,3.276989738481813,-4.655633782495261,-0.7773918952854069,0,0.14026093732007672,46.0,60.0,-14.0,-9.079563182527295,-6.323879012998191,-6.333599778854776,0.3669750808568204,-0.0003900156006241273,0.002730109204368114,-0.0183307332293291,-0.006971340046475594
2023-11-16,1700110800,2023-11-28,1701147600,0.25,23.6543644108198,26.760197564378142,25.41,25.51,24.82,25.18,4843736.0,24.5,24.83,24.29,24.71,4616519.0,7.07580119607654,-11.434360483814274,0.3918791312558909,-5.067449075947664,0,3.54997108071278,15.683520599250944,13.519999495213828,-16.924823865126427,-0.5578344706937202,3.1041633582382793,-6.239401493365062,0.850567424615882,0,0.11198226619630186,26.0,60.0,-34.0,-2.179279643868867,-1.5497559157722378,-2.223765826908007,0.05914773805358958,-0.008498583569405138,0.004856333468231444,-0.016997167138810276,0.006927465362673191
2023-11-17,1700197200,2023-12-01,1701406800,-0.25,23.705237943509974,26.760197564378142,25.43,25.83,25.27,25.82,4791148.0,25.26,26.54,25.09,26.52,7566891.0,-0.3118123084405795,-13.35334606260011,-4.436902966314733,-9.557566616390133,0,12.224808968580959,14.557235421166311,17.915949695453538,10.569063682517019,-5.318358172864706,3.023728953817834,-4.535422780767334,1.3775839980334073,1,0.28827355468683435,50.0,96.0,-46.0,-6.832579185520345,-6.854287342398976,-8.219494750464165,0.12847068670550887,-0.04751131221719451,0.0007541478129713397,-0.05392156862745101,0.04615384615384599
2023-11-21,1700542800,2023-12-12,1702357200,0.75,23.705237943509974,28.04824889834467,25.3,25.52,24.77,24.99,4619370.0,27.42,27.51,27.2,27.25,3587339.0,2.4113596069621224,-12.374662359255694,-2.541284403669735,-7.833027522935794,0,13.356000423855996,17.456896551724142,30.961733430997118,22.419515413012476,-4.038298670779838,2.810081500675839,7.9343720576125065,-0.6437594863899925,0,0.20438993425883814,42.0,72.0,-30.0,-4.981651376146772,-4.799182948003249,-8.173525411480028,0.15144809048384333,0.006238532110091732,0.009541284403669748,-0.0018348623853211565,-0.00945110868775001
2023-11-29,1701234000,2023-12-13,1702443600,0.75,25.221463083035236,29.612283518991777,24.91,25.56,24.88,25.33,5287762.0,27.21,29.39,27.18,29.32,8223777.0,-2.6082009624167597,-19.199438873872452,-8.581173260572982,-13.843792633015,0,21.10580746296158,18.65641440712262,34.96674235594085,28.2162558971564,-9.735557941891358,2.9635338423660493,10.520571812395566,1.4625829896075253,0,0.30780038444035496,50.0,84.0,-34.0,-10.903819918144606,-10.42320693063192,-14.081734883288334,0.24328241331486455,-0.07196452933151432,0.0023874488403821115,-0.07298772169167811,0.07596330275229368
2023-12-04,1701666000,2024-01-11,1704949200,0.75,26.61279930590694,31.446458523878377,26.05,26.74,26.0,26.64,5361662.0,30.77,30.89,30.01,30.32,5952938.0,5.036675789244541,-2.1244066599569322,4.216688654353561,-1.6243403693931526,1,8.358492339679763,11.26605504587156,27.435533175006515,-4.002106331927223,1.2089484286346845,2.8245266482712106,18.037315453187922,-1.1348766807812125,0,0.21844108479144245,10.0,56.0,-46.0,1.45613456464379,-0.6466721587905795,-7.028950271942307,-0.2367464294813011,0.014841688654353646,0.018799472295514486,-0.010224274406332445,-0.02288108282307444
2023-12-13,1702443600,2024-01-18,1705554000,0.25,28.022735117114173,31.446458523878377,27.21,29.39,27.18,29.32,8223777.0,29.64,29.75,28.77,29.38,5931390.0,8.741079635765331,-1.079405027188045,6.435783980031772,1.0103244837758325,0,2.7486428103052347,-4.112271540469979,12.43099647220748,-11.84511195701424,2.6658886857741493,3.0821279880605457,7.904030877941942,-1.1296924593459254,0,0.14520607919574197,-6.0,40.0,-46.0,3.830837304288636,1.6433627439768657,-3.4803082679620445,-0.3963027408834241,0.008849557522123908,0.012593601089176287,-0.02076242341729062,-0.004067796610169538
2023-12-14,1702530000,2024-01-23,1705986000,-0.25,28.022735117114173,31.446458523878377,30.49,32.29,30.4,31.27,13602172.0,30.87,31.23,30.56,30.76,6249981.0,3.767888416767761,-5.4193838654023665,1.5322930212396955,-3.5099696575639427,0,8.848561878924137,0.5228758169934644,13.280903989692908,-2.7763641269273407,-2.016903466060299,2.8612938440391265,5.060315005214722,-1.1737210722604459,0,0.19829507388251408,-18.0,-48.0,30.0,-0.8257477243173099,-2.2543878853715427,-6.971531409106987,-0.17340896372876435,0.0035760728218465765,0.015279583875162484,-0.006501950585175664,-0.0025940337224383825
2024-01-12,1705035600,2024-01-24,1706072400,0.75,28.022735117114173,32.83346342113862,30.46,30.5,29.27,29.42,5477964.0,31.03,31.58,31.02,31.31,4338480.0,2.1643399673592683,-7.118028884638079,-0.19535824550196423,-5.113914617268151,0,11.163271430043096,1.8542615484710485,14.665986679991827,3.67513426268944,-3.5332975553111936,2.797313004412934,4.954884314839067,0.8246196851115581,0,0.27124697336895603,50.0,24.0,26.0,-2.4768444586394054,-3.5931840667465735,-8.268216632575204,-0.09867033624756216,-0.008942829766847571,0.008623442989460273,-0.009262216544235091,0.01788036410923266
2024-01-19,1705640400,2024-01-26,1706245200,0.25,29.612283518991777,32.83346342113862,29.48,30.36,29.34,30.3,5226775.0,31.25,31.54,31.06,31.23,2953203.0,2.4340514071541577,-6.88169790091014,0.18198313587363657,-4.851638381897757,0,10.637611218105071,-0.15984654731458028,16.342944235090933,3.7471606409879854,-3.0006670282028125,2.729693789073261,5.272093045497392,-0.5596112931627201,0,0.16364758980303595,42.0,24.0,18.0,-2.2238232468779984,-2.7364405642192793,-7.414323002950994,-0.03338726354856458,0.0006404098623118415,0.009926352865833987,-0.005443483829650986,-0.0003201024327784685
2024-01-24,1706072400,2024-01-30,1706590800,-0.25,29.67090907101504,32.83346342113862,31.03,31.58,31.02,31.31,4338480.0,31.95,32.36,31.79,32.29,5494488.0,0.1924088936089703,-10.403000408009717,-2.7702074945803616,-7.787240631774537,0,15.10710312622217,4.803635183382021,20.468834475583517,11.254619002690134,-5.668601411119013,2.542167120441675,6.564409917885431,1.0371333118875579,0,0.224206391147484,50.0,40.0,10.0,-5.105295757200366,-4.971155887736842,-9.701201077277787,0.0706962680369917,-0.01052957572003721,0.002167853824713628,-0.015484670176525217,0.013814756671899353
2024-01-25,1706158800,2024-01-31,1706677200,0.25,29.67090907101504,32.76924739137339,31.61,31.87,30.92,31.24,5381975.0,31.12,31.96,30.74,30.77,10906858.0,5.02881198352425,-5.99078793412545,2.0777813887985985,-3.226086014516312,0,5.3370424524583555,-1.2516046213093728,18.061454071772477,6.348033617534625,-0.7889744518924147,2.837006110190357,5.553153164512683,-2.012696781409223,-1,0.046526420925498684,46.0,39.99999999999999,6.000000000000007,-0.4809879753006072,-0.25048183711010097,-5.035040086460384,-0.001999910479106748,0.011374715632109345,0.03867403314917128,-0.0009749756256094422,-0.047073397336636735
2024-01-29,1706504400,2024-02-01,1706763600,-0.75,27.947581364316516,32.76924739137339,31.24,31.88,31.2,31.85,6261677.0,30.92,30.98,28.81,29.34,14839433.0,10.2686520676164,-1.7137781753191632,7.204044535332898,1.1917745966825635,0,-1.8224529842695318,-1.8072289156626478,12.469479772514953,1.198190325572142,3.630635129580668,3.2910478482258374,4.290262263292892,-2.640471982116133,-1,-0.020255757552744665,42.0,40.0,2.0,4.277436946148612,4.172040126546435,-0.3906070743005614,-0.14424128280400894,0.0538513974096797,0.05589638718473067,-0.01806407634628493,-0.046473838154046154
2024-01-31,1706677200,2024-02-05,1707109200,-0.25,27.947581364316516,31.498855729983358,31.12,31.96,30.74,30.77,10906858.0,30.43,30.43,29.52,29.69,5447815.0,8.84681893873082,-3.1614029737594365,5.80779162456497,-0.25822386886719073,0,-0.24495119674467958,-4.318401546890105,6.867922106035741,6.105618487318182,2.567888194313525,3.36943125107641,2.0276052587549103,-0.956296670854644,0,0.04024233061261284,34.0,40.0,-6.0,2.842707982485692,2.5492572370998516,-1.3836097207412479,-0.22534148006906063,0.02492421690804969,0.02492421690804969,-0.005725833614011466,-0.01590984421610875
2024-02-01,1706763600,2024-02-09,1707454800,0.25,27.913293208235594,31.498855729983358,30.92,30.98,28.81,29.34,14839433.0,29.4,29.82,29.07,29.64,4282548.0,8.38300249410105,-4.12861652918879,5.262595591542961,-1.2185110211426036,0,-0.396195248813207,-2.2427440633245372,-0.6576817943792365,-5.45189195808647,2.4971584018395987,3.3120470231592654,0.4895373258895894,0.7222745218635047,0,-0.007914645432165638,18.0,40.0,-21.999999999999996,2.127192982456137,1.7540873793991523,-1.0685753312102264,-0.24329168904701384,-0.00809716599190291,0.006072874493927127,-0.019230769230769273,0.004065040650406582
2024-02-02,1706850000,2024-02-12,1707714000,-0.25,27.913293208235594,31.498855729983358,28.64,30.19,28.64,30.17,7396522.0,29.64,30.69,29.64,30.32,4495108.0,5.9637000385982475,-5.9933834159069335,2.9523966578715886,-3.323988566402818,0,3.1267847226508394,3.059143439836841,-0.1067500545528686,-6.572936721314072,0.0680696555759539,3.2538587423759147,-0.9879991082888395,0.7601563324134676,0,0.03333169987118952,14.0,40.0,-26.0,-0.014841688654342988,-0.47771100549310574,-3.15843814219339,-0.17618205287951805,-0.02242744063324542,0.012203166226912865,-0.02242744063324542,0.022941970310391246
2024-02-06,1707195600,2024-02-14,1707886800,0.25,27.797525460056686,31.461475501160624,29.64,30.03,29.25,29.68,9771576.0,29.31,29.48,29.02,29.47,5308058.0,9.047239569785688,-3.3431336994089946,5.867548919805458,-0.4846736794480364,0,-1.0922855049023141,-0.10169491525424115,-3.4293206106301364,-13.784513302969991,1.9529347047294578,3.4360491999185574,-1.5072929674217939,0.8950649614963887,0,0.09088309550143306,6.000000000000007,-39.99999999999999,46.0,2.8520529351883255,1.80376405192834,-0.40492361823716294,-0.1944975031320238,-0.005429250084832082,0.00033932813030213005,-0.015269765863590079,0.018313752591568644
2024-02-12,1707714000,2024-02-16,1708059600,-0.25,27.797525460056686,31.488715736896857,29.64,30.69,29.64,30.32,4495108.0,29.52,29.93,29.21,29.7,4401574.0,8.128708262620378,-4.054634188546302,5.010101010100996,-1.1481481481481381,0,0.003055088017326568,-1.9801980198019846,-3.327877132192583,-13.553870476426837,0.6100398463332795,3.3049890944737133,-3.6678338683586915,-0.749070463685797,0,0.05000818559463802,-2.0,-40.0,38.0,2.037037037037038,0.8805095937705545,-1.0641901621586527,-0.12041654910802355,-0.0060606060606061,0.007744107744107831,-0.016498316498316457,-0.005691329092735287
2024-02-13,1707800400,2024-02-29,1709182800,0.25,27.797525460056686,31.488715736896857,29.41,29.5,28.46,28.94,10326775.0,29.17,29.95,29.16,29.54,6841355.0,2.414668259826456,-2.8547495055948957,2.696908147145109,-3.2915820356578536,1,0.04533385531171774,-3.9974000649983763,-7.821311095301624,7.5081740015839245,-0.5165149299896257,2.9055258502031465,-9.46903493508118,1.2468643971791993,0,0.09009572564683016,-34.0,-72.0,38.0,-0.22004062288422688,0.001303279205757235,-0.6946633956891048,-0.047694092341509536,-0.012525389302640355,0.01387948544346651,-0.012863913337846977,0.021085378499827057
2024-02-15,1707973200,2024-03-04,1709528400,-0.25,27.97429146758059,31.488715736896857,29.73,30.33,29.48,29.87,7717267.0,30.09,30.48,29.87,30.05,6365461.0,0.6900168070966544,-4.413810484301322,0.6783139212423777,-4.576261785912379,1,2.9484122860610356,-0.3977461054027212,-4.45664592074212,2.3801408443664087,-2.1612038751300844,2.898594261424014,-10.93707088171934,1.1576438431891272,0,0.05000578356030193,-42.0,-72.0,30.0,-1.861896838602334,-1.468535200874328,-2.2321425902041057,0.05345074024168864,0.0013311148086521118,0.01430948419301159,-0.005990016638935058,0.009405441719852137
2024-02-20,1708405200,2024-03-13,1710302400,0.75,27.97429146758059,32.977227120633366,29.29,29.69,29.15,29.52,3347776.0,32.12,32.6,32.04,32.28,3613656.0,1.7953585509428223,-13.920513445614418,-3.7897562990499836,-8.514043783560496,0,12.516936435167658,11.541119557705597,20.489976556645225,21.497279533441088,-4.663172100938553,2.705195532576798,-5.305743331372479,0.6078611089168761,0,0.04335203971127962,38.0,36.0,2.0,-6.062577447335812,-4.495690366876843,-6.999390162453238,0.298281647787032,-0.004956629491945641,0.00991325898389106,-0.0074349442379182396,0.008119925046845555
2024-03-01,1709269200,2024-03-14,1710388800,0.25,29.650384704398743,32.977227120633366,29.25,29.95,28.74,29.77,4843621.0,31.98,32.19,30.99,31.21,7500203.0,5.552398181039564,-10.678960180398718,-0.02990494499626095,-5.153262843105836,0,5.048249031104497,5.904309467254842,18.889491317952352,18.292315863914,-0.9715820321050614,2.8933223172301186,-6.2274178493362875,-1.2479033295755269,0,-0.01913143943261332,34.0,36.0,-2.0,-2.5632809996795913,-1.1051049202986007,-3.661518371911683,0.1973666242813235,0.02467157962191613,0.03140019224607493,-0.007049022749118894,-0.03314745972738542
2024-03-05,1709614800,2024-03-20,1710907200,-0.25,29.650384704398743,32.977227120633366,29.86,31.74,29.83,31.62,9525146.0,31.31,32.89,31.27,32.79,5320787.0,2.20897603876476,-13.944261186675675,-3.3821286977736946,-8.536139066788635,0,12.42217046380398,11.720613287904591,19.77556347775017,7.661053323480722,-3.959499222160673,2.7575150219047875,-7.576037194967448,0.8511113718453852,0,0.1426883852991009,50.0,68.0,-18.0,-5.8676425739554645,-4.791942024946934,-7.473265001841412,0.10874618445847312,-0.04513571210734979,0.003049710277523765,-0.046355596218359274,0.039302694136291505
2024-03-14,1710388800,2024-03-25,1711339200,0.75,29.650384704398743,34.52910707711716,31.98,32.19,30.99,31.21,7500203.0,33.11,33.65,33.09,33.21,2446438.0,2.8175111590381903,-13.112602998845489,-2.66636555254442,-7.854561878952111,0,12.559962973335523,15.956703910614525,25.0021356986318,1.3717802515005246,-3.7049453037376026,2.698366191396463,-3.3762760455191767,0.3951269228939682,0,0.021641001401948374,42.0,72.0,-30.0,-5.147545919903649,-4.380677038074083,-7.637060624382983,0.16737005742662192,-0.003011141222523328,0.013249021379102555,-0.0036133694670279493,0.003929866989117459
2024-03-15,1710475200,2024-03-26,1711425600,0.25,31.275795315772278,34.52910707711716,31.0,31.72,31.0,31.52,20052704.0,33.52,33.56,32.76,32.77,5140929.0,4.200156248738111,-10.840375961890402,-0.6937239344929225,-6.052283592716918,0,9.555436484485938,12.457103637611539,24.406527043096084,-7.234331847224688,-2.052260586743614,2.7136440904389802,-2.727202429162052,-0.8312221115754,0,-0.061847143291146704,38.0,72.0,-34.0,-3.3201098565761527,-2.801870764860979,-6.1460520343524365,0.11955787110037641,0.022886786695148098,0.024107415318889158,-0.0003051571559354871,-0.013249021379102666
2024-03-21,1710993600,2024-04-02,1712030400,-0.25,31.27700649457565,34.52910707711716,32.94,33.88,32.85,33.61,4725725.0,33.22,33.29,32.61,32.98,5173794.0,3.6281635591689962,-6.620886421509837,1.0385081867798647,-4.194966646452386,0,7.596456640325172,9.750415973377692,24.89711372023198,-10.870789896421286,-1.8316353791479827,2.6444999600717356,-0.6561911728624459,-0.862902171494215,0,0.04745681844031426,42.0,84.0,-42.0,-1.4963614311704276,-1.7132330019036885,-5.477064284573515,0.05243666615437581,0.0072771376591873604,0.009399636143117007,-0.011218920557913847,-0.016696481812760955
2024-03-26,1711425600,2024-04-05,1712289600,0.25,31.27700649457565,34.4900131221493,33.52,33.56,32.76,32.77,5140929.0,31.93,32.21,31.79,31.98,5621536.0,6.862331519251001,-3.119367166530523,4.506462372316051,-0.5466958515739009,0,1.7494832653328771,0.2822201317027277,16.04193552334716,3.52460745381957,2.6698538036659727,2.7148173452626576,-4.074395945255876,-0.9144217795052773,0,-0.19360442576498338,30.0,76.0,-46.0,1.8714821763602458,1.2515376336984758,-2.123650630554195,-0.17361133676733476,-0.0015634771732332409,0.007191994996873063,-0.0059412132582864485,-0.003427859146151513
2024-03-27,1711512000,2024-04-09,1712635200,-0.25,31.328644281200503,34.4900131221493,32.89,33.75,32.84,33.71,4122300.0,33.05,33.14,32.52,32.93,3586114.0,3.9610629189273254,-5.704154324940063,1.6449033302965859,-3.2989168944225042,0,6.420260776418111,2.2036002482929886,14.717905117670435,5.477193414969449,0.0961513878739737,2.5971225482243505,-5.2199528555693995,0.5767775163071823,0,-0.0647555112013522,22.0,40.0,-18.0,-0.871545703006376,-1.379706238494677,-4.572598891144082,-0.13944601627820463,0.003644093531733894,0.006377163680534537,-0.012450652900090953,0.0015206812652066581
2024-04-03,1712116800,2024-04-11,1712808000,0.25,31.254073779901383,34.44966566462992,32.98,33.43,32.72,32.86,11086075.0,31.92,32.02,31.06,31.59,4118703.0,8.468428722076766,-2.083496781589261,5.909570539200189,0.5439485069114909,0,-1.0342320430194576,-2.137546468401491,8.237613045446782,-7.519890428995325,3.889143357945258,2.868453025644533,-6.781540493899854,-0.6675897434417869,0,-0.16207983899286846,14.0,40.0,-26.0,3.1924659702437594,2.357761595201822,-0.456933507644564,-0.2447003727254592,0.010446343779677125,0.013611902500791473,-0.01677746122190571,-0.0072281583909491465
2024-04-08,1712548800,2024-04-18,1713412800,-0.75,29.666232574705244,34.44966566462992,32.2,32.92,32.09,32.88,8242041.0,31.08,31.46,30.73,30.96,5066682.0,11.39512207019051,-2.096026462955365,7.501614987080103,2.1527777777777857,0,-3.6517261538239865,-5.5809698078682475,-5.302412325471485,-7.302420201880501,3.6703837795162713,2.9763896806132886,-10.667366495223353,-0.8876986707851742,0,-0.20100741955348228,-6.0,-48.0,42.0,4.6495478036175655,2.6800082778650136,1.2811465113768037,-0.30115296921503165,0.003875968992248069,0.016149870801033694,-0.007428940568475428,-0.0038610038610037423
2024-04-10,1712721600,2024-04-23,1713844800,-0.25,29.666232574705244,32.93313604674126,32.25,32.32,31.42,31.82,5238085.0,32.47,33.02,32.32,32.91,4208695.0,4.050813361419685,-7.906784190954767,0.5899929099564645,-4.414564975184845,0,6.4775345541278355,-0.9033423667570137,0.8470784690108418,2.3982443609489366,-3.3112054908809796,2.7349681352491175,-9.639123378337151,0.7335633627536857,0,0.12041670070826198,-18.0,-48.0,30.0,-1.9279854147675337,-2.841197582334047,-4.332059066330871,-0.004438377120403056,-0.013369796414463675,0.0033424491036160298,-0.01792768155575797,0.011992619926199044
2024-04-12,1712894400,2024-04-26,1714104000,0.75,29.666232574705244,34.54940929756022,31.12,31.51,31.02,31.19,3453943.0,33.29,33.51,33.06,33.08,3168271.0,2.7793216583351636,-7.999998804647092,-0.09623135832325147,-5.04181781539701,0,6.5019037167106575,-3.1332357247437783,6.960336934991393,9.26528166971977,-3.746125277454226,2.646029718620041,-6.550223221048093,0.571413286606113,0,0.1290862937667795,-30.0,-48.0,18.0,-2.610338573155971,-2.4280666838266,-4.255815976209092,0.1262473736371495,0.0063482466747279975,0.012998790810157201,-0.0006045949214025237,0.004250151791135526
2024-04-19,1713499200,2024-04-30,1714449600,0.25,31.254073779901383,34.54940929756022,31.08,32.0,30.92,31.99,8001434.0,32.68,33.0,32.47,32.5,4824900.0,4.120701316566013,-6.203778239642915,1.4712820512820457,-3.448717948717942,0,2.9164168086491102,-1.4554275318374679,7.2641888924700835,3.6321637055548024,-1.80376026708511,2.5468888638209917,-6.278224760318533,-0.8811107120677346,0,0.018856138465279882,-38.0,-48.0,10.0,-1.041538461538451,-0.4508411631086773,-2.3025998802316963,0.07915592199375088,0.005538461538461492,0.01538461538461533,-0.0009230769230769154,-0.012758201701093652
2024-04-24,1713931200,2024-05-13,1715572800,-0.25,31.40198067791865,34.54940929756022,32.67,33.52,32.65,33.43,4248174.0,34.54,34.73,34.18,34.24,3276158.0,2.9231420030037185,-10.14860929272335,-1.6812694704049989,-5.603582554517146,0,10.681087988859417,10.238248551191253,20.750613698700157,28.4391446727615,-1.9232437774212343,2.079961612778958,1.3722635670087975,-0.6116263455700073,0,-0.16294723038246678,46.0,72.0,-26.0,-3.6127336448598157,-2.636679940189296,-5.322292398040403,0.125277933635364,0.008761682242990565,0.014310747663551338,-0.0017523364485981796,-0.003202328966521062
2024-04-29,1714363200,2024-05-21,1716264000,0.75,31.40198067791865,35.73842712136995,33.16,33.35,32.82,32.92,3859280.0,34.68,35.12,34.68,34.84,5488554.0,2.184949393950845,-7.093100943893461,-0.6773823191733754,-4.084385763490246,0,10.49306426045181,5.864478881798867,26.21351758604903,27.2523437333234,-1.148591591577656,1.9501252606718513,8.373255101262977,1.1230676045588162,0,-0.05575682420088171,42.0,84.0,-42.0,-2.454075774971315,-2.244592791707305,-5.411584069086246,0.05577666560775374,-0.004592422502870397,0.008036739380022695,-0.004592422502870397,0.0023014959723821615
2024-05-01,1714536000,2024-05-24,1716523200,0.25,32.93313604674126,35.73842712136995,32.63,33.75,32.55,33.06,4859373.0,33.58,33.82,33.48,33.68,2349535.0,5.607711595089725,-3.2324146829757296,3.0661124307205085,-0.4047901821060975,0,1.971118744781279,1.813784764207985,15.590248337979645,6.366605300377714,2.4779737013727043,2.018692628959088,3.732393613849073,0.48900238875617374,0,-0.20326886754082915,30.0,52.0,-21.999999999999996,1.1876484560570049,0.8975945193381278,-1.8778537039728178,-0.1572958591796514,-0.002969121140142583,0.004156769596199483,-0.005938242280285166,0.006575014943215773
2024-05-14,1715659200,2024-05-30,1717041600,-0.75,31.986780172617955,35.73842712136995,34.54,34.79,34.39,34.71,2070519.0,32.96,32.98,32.49,32.78,3084671.0,8.52887880061408,-0.6277195571729521,5.813504169208869,2.2869635956884338,0,-3.3232609449039288,-0.8469449485783457,2.6622708988800774,-7.411361533314633,4.412764451888094,2.165455456334509,1.6630119803394265,0.6934975064295761,0,-0.22079798860652033,18.0,52.0,-34.0,3.950579621720564,2.721010415983244,0.727377651293935,-0.3049783978258909,0.005491153142159755,0.006101281269066394,-0.008846857840146383,0.006138735420503361
2024-05-22,1716350400,2024-05-31,1717128000,-0.25,31.986780172617955,34.55776076110831,34.7,34.87,34.19,34.21,5300657.0,32.89,33.69,32.85,33.62,7351238.0,5.790040775454244,-2.997060406626133,3.236664683720008,-0.3028951021217523,0,1.9038132179297165,0.8700870087008675,2.306025895347074,-6.358825845070179,1.414155277138633,2.153877768680181,-0.09902695804468564,1.637757247498413,1,-0.07887752395465994,14.0,52.0,-38.0,1.3964901844140627,0.139797324838824,-1.719139791288228,-0.248707386779625,-0.021713265913146818,0.0020820939916716963,-0.02290303390838777,0.0256253813300793
2024-05-28,1716868800,2024-06-11,1718078400,0.25,31.880696610868924,34.55776076110831,33.65,33.87,32.85,33.02,4331976.0,32.37,32.53,31.91,32.36,6270684.0,9.998183324412508,-2.5908903701480313,6.003811289658017,1.4951586320560466,0,-5.112599890097222,-5.490654205607483,-9.63200659709931,-34.497039736959834,1.7123267431318823,2.4880435621358576,-5.503370432828891,-1.3362847215207672,0,0.0793648191480172,-14.0,-64.0,50.0,3.7036464771322386,2.346675909259119,1.7688857807533793,-0.17497446370413738,0.00030902348578476513,0.005253399258343672,-0.013906056860321314,-0.01190839694656487
2024-05-31,1717128000,2024-06-12,1718164800,-0.25,31.880696610868924,34.82632458939579,32.89,33.69,32.85,33.62,7351238.0,33.27,34.12,33.27,33.5,7147949.0,5.866259673566248,-5.878199972073716,2.314427860696526,-2.1751243781094445,0,2.4491573403535725,-3.486027081532702,-7.244614067263086,-24.403835615371364,-1.8723097794055121,2.606972634795975,-6.226188834671802,1.5105208549326712,0,0.1017694114909039,-18.0,-64.0,46.0,-0.005970149253741397,-1.0279598918992434,-1.6278513026668122,-0.08566197255865289,-0.006865671641790971,0.01850746268656711,-0.006865671641790971,0.035228677379480766
2024-06-03,1717387200,2024-06-21,1718942400,0.25,31.693030198887698,34.82632458939579,33.98,34.03,32.76,33.08,3849166.0,33.08,33.24,32.74,33.13,7296304.0,1.7791112949834513,-3.0619365289104223,1.6002615957339685,-2.987725123251849,1,0.44746785965500635,-3.156971645717621,-4.642231149637965,-10.813728710507469,-1.0694596533180487,2.398619711950999,-11.798501014179672,1.6111457812960375,0,0.15284248944405915,-42.0,-64.0,22.0,-0.6414126169634926,-0.21244254953064967,-0.5475612115098585,0.0288245158584155,-0.001509206157561227,0.003320253546634344,-0.011771808028976816,0.0027239709443100946
2024-06-12,1718164800,2024-06-25,1719288000,-0.25,31.693030198887698,34.82632458939579,33.27,34.12,33.27,33.5,7147949.0,33.6,33.79,33.24,33.33,6662143.0,1.131581625952748,-3.6338318509752696,0.9520952095209481,-3.6173617361736206,1,1.4739077099191462,-1.0391923990498855,-1.4470680961372415,-6.598090689848753,-1.4353825511845173,2.3467856696826233,-11.878113943462933,-1.4538364399105703,0,0.18265627256433928,-42.0,-56.0,14.0,-1.2511251125112466,-0.5632398628575714,-1.012256101648319,0.08141434072000707,0.00810081008100827,0.013801380138013908,-0.0027002700270025715,-0.011565836298932375
2024-06-13,1718251200,2024-06-27,1719460800,0.25,31.693030198887698,34.69439919256547,33.26,33.45,32.71,32.86,4897049.0,32.77,33.08,32.58,32.99,3865220.0,2.2208412748500876,-2.53002587624448,1.9339193695059151,-2.479539254319505,1,-0.8056345067827166,1.2584407612032036,-1.6186922722855257,-6.492118373155506,-0.29763844371127846,2.2760304477884747,-13.429490107036987,-0.8562671793916846,0,0.25017953248831887,-46.0,-52.00000000000001,6.000000000000007,-0.154592300697189,0.41440612106843844,0.023306625964607974,0.047085954070028954,-0.006668687481054869,0.0027280994240677092,-0.012428008487420539,-0.004225777241171125
2024-06-24,1719201600,2024-07-09,1720497600,-0.25,31.87495596699224,34.69439919256547,33.31,34.0,33.15,33.72,3601206.0,33.83,34.78,33.78,34.58,5263313.0,0.5968783515518936,-7.201852324946884,-1.2868710237131324,-5.65355696934644,0,6.897437463661795,6.301875192130332,9.17686338366094,22.255375094801153,-2.684536869804475,2.2629766186818707,-11.244124786113442,1.1645824380986125,0,0.193970010805116,34.0,56.0,-21.999999999999996,-3.3024869866975024,-2.6358280923290778,-3.720839901569917,0.1171465681015127,-0.021688837478311185,0.005783689994216301,-0.023134759976865205,0.020962503690581613
2024-06-26,1719374400,2024-07-10,1720584000,0.75,31.87495596699224,36.06028826000633,33.18,33.24,32.77,33.13,2782143.0,34.64,35.02,34.49,34.94,4769783.0,0.18843677593001473,-8.159243873812088,-2.1288876168670186,-6.095687845830938,0,8.691827329054895,6.687022900763353,11.303638973985015,21.764591703957763,-3.2875134560975283,2.1880335864793694,-10.653914944375597,1.0479549386822238,0,0.20262045712639462,50.0,76.0,-26.0,-3.9854035489410364,-3.2924357036852996,-4.528023135469255,0.14653382931657732,-0.008586147681740042,0.0022896393817974925,-0.012879221522610118,0.010410641989589298
2024-06-28,1719547200,2024-07-15,1721016000,0.75,33.25432009061382,37.533522194414324,33.34,34.35,33.21,34.33,8170257.0,36.96,37.31,36.53,36.83,4354780.0,-0.8107344958106211,-14.057579378748159,-5.712734184089058,-9.538419766494698,0,16.57510957369567,12.081558125380399,23.522866626037025,22.418214056634852,-6.405234830278928,2.184614045434518,-5.12369769684312,0.9513889735460306,0,0.21229961856029259,50.0,88.0,-38.0,-7.434156937279397,-6.310126693393087,-8.449431946325703,0.3361719895097318,0.0035297311973934153,0.0130328536519142,-0.008145533532446292,0.01209123385545463
2024-07-10,1720584000,2024-07-18,1721275200,0.75,34.68419017679773,39.00305679860323,34.64,35.02,34.49,34.94,4769783.0,38.79,39.96,38.57,38.82,9121404.0,-0.3709052659304035,-19.590454857717233,-8.037523613257775,-12.300789970805411,0,22.185265717268848,17.174766073045568,37.076157381002155,43.1502738470502,-7.040900338026162,2.474042561312145,2.653337386860219,-1.820696627598415,0,0.29247269550201926,46.0,84.0,-38.0,-9.980680061823804,-8.41394979116717,-11.742296899462602,0.5060203965821556,-0.0007727975270479526,0.029366306027820643,-0.006439979392065975,-0.004104669061056887
2024-07-11,1720670400,2024-07-25,1721880000,0.75,36.06028826000633,40.70990720873553,35.42,36.46,35.3,36.39,6667530.0,40.4,41.04,40.02,40.22,7490227.0,3.286464019299771,-21.33718505361108,-6.882976960053028,-11.55975468257914,0,25.53947989650581,21.40054331421671,50.77362164744235,43.42512054872465,-5.522367403003287,2.4258449595050706,14.56400733606256,1.3991204173970124,0,0.30123244742243355,42.0,68.0,-26.0,-9.025360517155647,-7.3393376147815985,-12.285326724566218,0.4028258546133572,0.004475385380407815,0.020387866732968662,-0.00497265042267514,0.0
2024-07-16,1721102400,2024-07-31,1722398400,0.75,37.533522194414324,42.55410658869859,36.96,37.8,36.88,37.73,8452049.0,40.97,41.81,40.91,41.05,5603044.0,5.282203679453161,-20.12995032987945,-5.188388144539175,-9.76816889971579,0,25.705172788677814,18.43623773802655,56.48112376677569,28.43941996919149,-3.822154309050461,2.365677743814893,22.053500579953813,-0.9967101423484804,0,0.01286334689194665,38.0,80.0,-42.0,-7.423873325213151,-6.1415547729790205,-11.965003717721984,0.2205364313347813,-0.0019488428745432218,0.018514007308160885,-0.003410475030450666,-0.0026724975704567333
2024-07-19,1721361600,2024-08-01,1722484800,0.25,38.81419358703819,42.55410658869859,38.65,39.21,38.42,39.06,5799130.0,40.98,41.14,39.02,39.17,5431796.0,10.288393362916466,-15.016501609023209,0.23146966215641385,-4.948515019998297,0,11.743663320819124,14.065230052417,50.28211076732985,23.178899975368864,1.1303883108540589,2.6887266639680827,20.503788131638096,-0.9607259614215058,0,-0.04576139163433324,34.0,80.0,-46.0,-2.3640541230533643,-1.48085347774051,-7.436166497976089,0.030073762827250716,0.046208833290783735,0.0502935920347205,-0.0038294613224405527,-0.04579780755176599
2024-07-26,1721966400,2024-08-14,1723608000,-0.75,36.78388808117638,42.55410658869859,41.43,41.88,40.98,41.19,5802931.0,38.42,38.69,38.16,38.59,2691032.0,8.483029571572104,-5.9461029066330156,4.249373758313894,-1.3712533471538393,0,6.676845869149155,-1.0005130836326155,11.33781927808171,-0.03227801659637208,1.0185742148518813,2.968194485187712,1.5559477768139836,0.4636860658180466,0,-0.24291181494928932,-2.0,44.0,-46.0,1.2684633324695227,-1.0795877270961398,-4.819633323557028,-0.3063049192407139,-0.004405286343612369,0.002591344908007054,-0.011142783104431397,0.010738606600314338
2024-08-01,1722484800,2024-08-22,1724299200,-0.25,36.78388808117638,40.864977465103486,40.98,41.14,39.02,39.17,5431796.0,39.67,40.2,39.55,39.81,2971584.0,4.943023670755082,-8.685801867188161,0.703340869128354,-4.1220798794272895,0,10.571184423926134,-1.0193933366484251,17.001756353712118,20.16871322427764,-3.715277394654393,2.482572324109211,-0.008187747085461439,0.537532059448573,0,-0.00888229588974119,-26.0,-24.0,-2.0,-1.8713890982165395,-2.4338144869605998,-6.177504915361993,-0.00018539700032160766,-0.0035167043456417746,0.009796533534287777,-0.006531022356192073,0.006065200909780133
2024-08-02,1722571200,2024-08-26,1724644800,0.75,36.78388808117638,42.75472759282722,38.28,38.33,37.07,37.71,7856190.0,41.53,41.65,41.04,41.09,4037096.0,1.7659640279748459,-11.57613681940829,-2.365133446905176,-7.225196722641357,0,14.874064113577958,0.2928972418843167,22.040674459517,30.74137289392789,-4.755858123781721,2.478565408144778,1.4553854373446278,-0.7358849271186473,0,-0.12316377963811659,46.0,56.0,-10.0,-4.905086395716722,-4.444607013091144,-8.384848668703128,0.1335304157494891,0.010708201508882853,0.01362862010221444,-0.0012168410805549756,-0.004120213281628593
2024-08-15,1723694400,2024-08-27,1724731200,0.25,38.81419358703819,42.75472759282722,39.28,39.65,38.95,39.05,4645101.0,40.95,41.1,40.61,40.67,4177489.0,2.591776595013087,-10.558336713036226,-1.4326694533234985,-6.318334562740773,0,12.186436601429044,-1.190476190476178,22.560157794889967,22.45451792663644,-3.0186617412875023,2.411351442039932,1.5202390200542695,-0.7586518648040644,0,-0.07928693513765145,42.0,56.0,-14.0,-3.9832800590115625,-3.1284896333911547,-7.147021776447232,0.11734083452761768,0.0068846815834768815,0.010572903860339267,-0.0014752889107451095,-0.010221465076660996
2024-08-23,1724385600,2024-09-03,1725336000,-0.25,39.09972352844373,42.75472759282722,40.19,41.66,39.97,41.26,5900096.0,41.13,41.45,40.84,41.05,4884486.0,3.0492965146869437,-10.396434151714928,-1.6126674786845285,-5.671132764920813,0,12.384812652212865,11.397557666214372,25.734385043211184,24.20194264981967,-1.4907578406416775,2.1861898343484123,2.4303807867225977,-0.8848965899036678,0,0.06464373369370496,46.0,76.0,-30.0,-3.673568818513999,-2.610852590744699,-6.784365135336515,0.07571989245553146,0.0019488428745433328,0.009744214372716442,-0.005115712545675888,-0.008932882665379172
2024-08-27,1724731200,2024-09-05,1725508800,0.25,39.09972352844373,42.59542754914469,40.95,41.1,40.61,40.67,4177489.0,40.81,40.91,39.84,40.02,5204035.0,5.227144064583129,-6.094210531349745,1.5479760119939954,-2.3325837081459326,0,5.799973570458036,8.367181153533721,21.317476863904965,9.596497954085947,1.4784400585538435,2.2902557224322,0.22223172354406273,-0.9437154688418004,0,-0.02462257255365937,38.0,76.0,-38.0,-0.43353323338330085,-0.007896000122130431,-4.014170839629756,-0.07889730312543397,0.01974012993503238,0.02223888055972001,-0.004497751124437732,-0.008915304606240682
2024-08-28,1724817600,2024-09-06,1725595200,-0.75,37.51544920435013,42.59542754914469,40.67,41.27,40.56,41.09,7314290.0,40.02,40.49,39.02,39.15,4990580.0,7.44071416215229,-3.6552735491254253,4.074925500212871,-0.029799914857377985,0,0.8658404738136696,2.3261892315734465,16.912345460387566,2.666370742295676,3.6944765626639082,2.4421245067552935,-1.1050048683005649,-0.8978156647056346,0,-0.12568769553614542,34.0,76.0,-42.0,1.8927203065134108,2.003279254913508,-1.8073817309478954,-0.18665276693003285,0.022222222222222365,0.03422733077905504,-0.003320561941251521,-0.021739130434782705
2024-09-04,1725422400,2024-09-09,1725854400,-0.25,37.51544920435013,40.9630248313203,40.89,41.26,40.26,40.38,4787956.0,39.49,40.15,39.21,39.88,5711501.0,5.290204202395515,-4.786192166287222,2.418505516549658,-1.7113841524573559,0,4.4252743711736855,4.6993961669729565,14.81181087740882,4.814326593371106,1.6864954788600244,2.4052859788528203,-2.337438846442005,1.0207301381569571,0,-0.11932671400793483,30.0,76.0,-46.0,0.25200601805414635,0.12315431266107169,-3.4634249530768386,-0.20470215008114823,-0.009779338014042183,0.00677031093279834,-0.016800401203610926,0.01864623243933594
2024-09-06,1725595200,2024-09-18,1726632000,0.25,37.38884746341943,40.9630248313203,40.02,40.49,39.02,39.15,4990580.0,38.95,39.98,38.78,39.18,4328022.0,7.181960787773505,-3.7363252594427223,4.263229538880381,-0.5632125233962881,0,1.397399184373974,-1.1853720050441334,-1.675267341417161,1.19494601229772,1.0115352315582413,2.584222999359199,-4.557503809840661,0.774510823740901,0,-0.10306088252035696,2.0,-28.0,30.0,1.7228177641654128,0.37233772917639385,-1.6188440458038826,-0.20904826225634346,-0.005870342011230156,0.020418580908626804,-0.010209290454313402,0.004615384615384688
2024-09-09,1725854400,2024-09-23,1727064000,-0.25,37.38884746341943,41.13701909889524,39.49,40.15,39.21,39.88,5711501.0,40.15,40.43,39.39,39.5,4410207.0,6.096183019890262,-4.4151703616623905,3.363713080168779,-1.3704641350210949,0,2.0774840253429474,-4.2656325739214696,2.471340856082826,-8.025653389456437,-0.25082185421156566,2.6256221729473808,-7.326815101684627,-0.774070922420005,0,-0.15421511212575498,-10.0,-28.0,18.0,0.8405063291139214,0.016949834543964926,-1.986539898617096,-0.02436116907391013,0.01645569620253151,0.023544303797468302,-0.002784810126582271,-0.014225106064387316
2024-09-10,1725940800,2024-09-26,1727323200,0.25,37.37951250536397,41.13701909889524,40.02,40.02,38.12,38.48,8306249.0,39.12,39.26,38.74,38.98,4408207.0,6.328164046365913,-3.4831153034207887,4.04609201299813,-0.848725842312291,0,-0.48848213458919076,-5.135069359941607,-1.0103603439763968,-0.8808934190873927,0.5484460422684947,2.5035398900238994,-8.9807211867758,0.814278579232913,0,-0.07867051930457847,-21.999999999999996,-28.000000000000004,6.000000000000007,1.4225243714725622,0.9870536471512565,-0.6069681564034823,-0.09393392867078268,0.0035915854284247484,0.007183170856849719,-0.0061570035915853305,0.0069749418754843084
2024-09-19,1726718400,2024-09-30,1727668800,-0.25,37.37951250536397,41.13701909889524,40.11,40.8,39.49,40.61,6338599.0,39.24,39.64,38.9,39.51,4017901.0,3.4778402254690235,-4.295354778746656,2.1872099890323256,-2.6672572344554055,0,2.2681279555272056,-4.611298889425408,-0.5456615169381523,6.304746054811382,-0.7929713510769147,2.379321361463546,-10.558017603023899,0.7628906519797573,0,-0.000546244021021272,-30.0,-28.0,-2.0,-0.40875727663880923,-0.3576348953300226,-1.8158596652378236,-0.04468768536349325,-0.006833712984054552,0.003290306251581887,-0.01543912933434577,0.006624203821655961
2024-09-24,1727150400,2024-10-03,1727928000,0.25,37.37951250536397,40.95624209209436,39.55,39.92,38.96,39.21,3808304.0,38.31,38.55,37.85,38.51,4191102.0,4.648722960830966,-1.8520467728278192,3.9907383363628526,-1.0105600276984177,1,-2.8732405618563632,-3.773113443278373,-4.961326850806363,-5.196847603544086,2.070546217326495,2.46187948626573,-9.451465693847853,-0.8245713333858847,0,-0.054102891270841544,-42.0,-28.0,-14.0,1.3983380940015877,1.6356983321785776,0.6432934328594087,-0.11745061213778173,-0.005193456245131012,0.0010386912490261135,-0.01713840560893265,-0.0005190760446406317
2024-09-27,1727409600,2024-10-10,1728532800,-0.25,37.471011847403915,40.98818813638672,39.19,39.54,38.85,39.25,3554888.0,39.7,40.19,39.55,39.73,3741159.0,1.7199292159123303,-3.9827029385400294,0.9803674804933564,-3.1323936571860145,1,3.459437342082623,4.005235602094225,1.8393962656351859,-0.5160525438559915,-1.254735489948061,2.247929671335911,-11.693402913922357,-0.7711368500975201,0,-0.07013553521577431,-10.0,24.0,-34.0,-1.1313868613138567,-0.9182802107291934,-2.0144589409778604,0.08035386603375522,-0.0007550969041025812,0.011578152529574615,-0.0045305814246161535,-0.0042606516290727425
2024-10-01,1727755200,2024-10-15,1728964800,0.75,37.471011847403915,42.6660879597488,39.12,39.27,38.0,38.41,5415248.0,41.97,42.71,41.62,41.83,5528536.0,-0.6661391735803761,-9.654205076957538,-3.109012670332305,-7.240019125029889,0,13.260808372303075,7.256410256410252,13.788024359710516,22.23322768062856,-5.035871596792859,2.269342748861142,-7.322773107092409,1.166628089515355,0,0.12274035267912513,50.0,96.0,-46.0,-5.160172125268957,-4.561933916023605,-6.24020428720975,0.29572873630805346,0.0033468802295004707,0.02103753287114518,-0.005020320344250595,0.0048042277203939054
2024-10-04,1728014400,2024-10-25,1729828800,0.25,39.05570055915403,42.6660879597488,39.28,39.81,39.11,39.62,4677875.0,40.68,40.69,39.83,39.94,4645467.0,4.661660850046914,-4.458856643737434,2.4891503922550555,-2.335586713403444,0,1.1601476536196103,1.7579617834394847,5.715963630662743,4.948107125364878,1.3562977056631382,2.5092841952070244,-12.609510362112733,-0.9416480201601796,0,0.0030116132498084797,18.0,40.0,-21.999999999999996,0.10140210315474008,0.27081305651590526,-1.1407077054474257,-0.07511043600077993,0.01852779168753127,0.01877816725087622,-0.0027541311967951287,-0.005478087649402386
2024-10-11,1728619200,2024-10-28,1730088000,-0.25,39.05570055915403,42.82787883046079,39.93,41.17,39.92,40.99,4844662.0,40.37,41.22,40.22,41.12,4163222.0,1.9787584630456934,-7.129536673162406,-0.23751621271075862,-4.987029831387801,0,6.806063233239726,4.074917742343709,7.4102209503248835,4.347646046874644,-1.3603590002412886,2.485531093377208,-12.449668935600458,0.8430562321448368,0,0.06577654769726052,14.0,40.0,-26.0,-2.5753891050583633,-2.3583597414447013,-3.821637971133228,-0.009463118551476413,-0.018239299610894988,0.0024319066147859836,-0.021887159533073852,0.029544316474712007
2024-10-16,1729051200,2024-10-29,1730174400,0.25,39.05570055915403,42.82787883046079,40.72,42.55,39.86,40.8,10866262.0,40.89,41.22,40.49,40.64,3501345.0,3.0966735304785544,-5.39736250685651,1.1478838582677184,-3.52485236220474,0,4.126843320670197,5.805779744858121,7.578984730389841,-0.7675349830866054,-0.07394348803708795,2.463557194311938,-12.301244753839057,-0.7064311508919119,0,0.027575665689981037,10.0,40.0,-30.0,-1.1503444881889777,-1.090339448345432,-2.580352552916537,-0.000853555461046096,0.00615157480314954,0.01427165354330695,-0.0036909448818897017,-0.011673151750972721
2024-10-28,1730088000,2024-10-30,1730260800,-0.25,39.18604677760365,42.835176540971,40.37,41.22,40.22,41.12,4163222.0,40.53,41.82,40.47,41.48,4102874.0,1.1606812391392367,-6.753738134028325,-0.5022500803599996,-5.215364834458384,0,7.79378901582276,7.656371658447951,9.408950314435122,4.63912664969034,-1.9111920058364973,2.4737335323372425,-11.535525640279074,0.8258658283540293,0,0.07816457871260035,6.000000000000007,40.00000000000001,-34.0,-2.796528447444544,-2.7987285994792757,-4.374615151065413,0.05579578234319571,-0.022902603664416432,0.00819672131147553,-0.02434908389585333,0.02066929133858264
2024-10-29,1730174400,2024-11-04,1730696400,0.25,39.16769890355846,42.835176540971,40.89,41.22,40.49,40.64,3501345.0,40.63,40.69,40.04,40.41,4769547.0,3.5778094877261424,-2.978947819822153,2.7996370535346102,-2.119937309246893,1,2.0152610215397573,2.019691996970455,7.873643836727721,-14.371692688598529,0.3740591239466511,2.4534706920446925,-11.32834640223594,-0.9594527572773116,0,-0.058434311310143205,-6.0,40.0,-46.0,0.29943083395200176,-0.02132062822862224,-1.5680044373949045,-0.012280520458827437,0.005444196980945559,0.006928977975748651,-0.0091561494679534,-0.005414718188530787
2024-10-30,1730260800,2024-11-05,1730782800,-0.25,39.16769890355846,42.835176540971,40.53,41.82,40.47,41.48,4102874.0,40.52,41.25,40.41,41.02,2971738.0,2.0862585952363446,-4.136478000404622,1.4566065333983431,-3.4678205753290996,1,4.907636013376909,3.455233291298877,8.289441381530704,-4.930121348680466,-1.297010764456644,2.390613914208815,-11.304333942191635,0.6003747962000409,0,0.008520119973732003,-10.0,32.0,-42.0,-1.0251097025841318,-1.3644560901159224,-2.9128736371742576,0.002653774832335809,-0.012189176011701663,0.005607020965382681,-0.014870794734276105,0.015095273447166768
2024-10-31,1730347200,2024-11-08,1731042000,0.75,39.16769890355846,45.157374537941784,41.28,41.72,40.9,40.92,3933838.0,44.98,45.03,44.28,44.51,6097550.0,1.1932687175956431,-15.27100405796861,-4.363064479892159,-9.73713772186025,0,11.859891320673867,8.587460356184424,22.417015259987572,1.6585706668318494,-5.12329224169163,3.069750869408402,-2.586571484033282,-1.2032011094924908,0,0.07438324046070624,42.0,48.0,-6.0,-7.038867670186477,-6.2722963543563,-9.119643448490848,0.4674012926414002,0.010559424848348709,0.011682767917321923,-0.005167378117276966,-0.004695885509839015
2024-11-05,1730782800,2024-11-11,1731301200,0.75,40.98818813638672,47.61598161081208,40.52,41.25,40.41,41.02,2971738.0,45.03,45.87,44.94,45.16,4430495.0,0.9129368428983895,-16.885036045732733,-5.309639799232357,-10.586433421907287,0,13.392903877029951,8.4794619264953,23.94933814152703,8.801643207096717,-5.616022025283058,3.024563370817702,0.01598931895693312,0.876790886243892,0,-0.015787755440315916,38.0,48.0,-10.0,-7.986049601417179,-6.895502028676432,-10.018779053441378,0.48184712923772,-0.002878653675819187,0.01572187776793621,-0.004871567759078821,0.01460345989665246
2024-11-06,1730869200,2024-11-13,1731474000,0.25,42.75332182608194,47.61598161081208,43.8,46.97,43.49,46.94,11578790.0,45.43,46.13,44.97,45.1,2994165.0,3.00988810349682,-17.05866859130171,-4.569844789356978,-9.432372505543256,0,13.146285246763767,10.53921568627452,25.71808542044915,4.026953323686087,-4.352056674398895,2.9009897086537326,4.610988724626054,0.6006701568828681,0,-0.08829859615199885,30.0,48.0,-18.0,-7.024390243902431,-5.543222903651994,-9.137895939650065,0.40658332382431617,0.007317073170731714,0.022838137472283915,-0.0028824833702882913,0.0
2024-11-11,1731301200,2024-11-18,1731906000,-0.25,42.78181082741937,47.61598161081208,45.03,45.87,44.94,45.16,4430495.0,45.27,45.63,45.13,45.24,4758470.0,5.015184096379073,-16.312708411144754,-3.356542882404952,-7.943191865605655,0,13.049362172820267,14.531645569620258,27.561835160633976,4.805161172541467,-2.7022280781687016,2.6125862502758417,10.194262845099793,-0.97222594188703,0,-0.07223004633495089,18.0,48.0,-30.0,-5.648762157382848,-4.280262699802577,-8.335549549673829,0.23897154073930915,0.0006631299734747298,0.008620689655172376,-0.0024314765694075646,-0.0046204620462045876
2024-11-12,1731387600,2024-11-20,1732078800,0.25,42.78181082741937,47.438039165892235,44.83,45.55,44.83,45.1,3259620.0,44.72,45.02,44.46,44.81,2418025.0,6.5840017736558565,-13.917186330674383,-1.3687420962582735,-5.921297329465162,0,10.836587057859887,12.390268372209693,26.270003675121455,3.721169974199846,-0.802205735821147,2.48642624091504,11.158840882748159,0.5136794350900048,0,-0.032370484265939185,10.0,48.0,-38.0,-3.666592278509256,-2.765352400920989,-6.888504062451489,0.06430655592300583,-0.0020084802499442667,0.004686453916536548,-0.007810756527560803,0.0015645954403218365
2024-11-14,1731560400,2024-12-06,1733461200,-0.25,43.075141962283205,47.438039165892235,45.35,45.67,44.94,45.25,2838684.0,45.53,45.81,44.99,45.69,2616846.0,2.975225871027675,-3.3538645228114348,1.7243014518129485,-1.9154446633107227,0,9.13187595512052,2.1690518783542014,22.850326664410947,2.118909330432963,0.2823601660777939,2.215342260705501,14.054381994079733,0.6074903835484504,0,-0.15766517727962373,18.0,60.0,-42.0,-0.18931932589187284,-1.156668494927061,-5.3322934781408975,-0.24510540276303727,-0.003501860363317899,0.0026263952724885353,-0.015320639089516197,0.0055017605633802535
2024-11-19,1731992400,2024-12-17,1734411600,0.25,43.075141962283205,47.168768952667804,44.41,45.02,44.41,44.74,3718839.0,43.91,44.21,43.31,43.47,3078724.0,8.75783092496269,-0.01617000938874469,6.675101602637852,2.3479794494287205,0,-2.9463367493500243,-3.912466843501333,4.22607859108566,-21.31713228831424,3.9013917930854376,2.3966490611626803,3.919177446668183,-0.7054779653980684,0,-0.26882228359929483,-10.0,-60.0,50.0,4.370830457786965,2.9715925891310633,0.15588820658763325,-0.39921308352002216,0.010121923165401281,0.0170232344145389,-0.003680699332873183,-0.020504731861198833
2024-11-21,1732165200,2025-01-03,1735880400,-0.75,41.20352386052693,47.168768952667804,45.28,45.97,45.12,45.44,3589523.0,42.46,43.32,41.75,43.29,2635923.0,6.326756508507486,-5.873996055747057,2.937552937552937,-2.1814121814121705,0,-0.18435529034627507,-4.373757455268398,-14.22999155262891,5.827195759559892,-1.627097854632055,2.4806436231153537,0.9483045939053731,0.6717309284921844,0,0.05956628716989359,-46.0,-60.0,14.0,0.22638022638021482,-0.18120655338759661,-0.38975328400638887,-0.05105368927293352,-0.019173019173019168,0.0006930006930008226,-0.0355740355740356,0.02195467422096309
2024-12-09,1733720400,2025-01-08,1736312400,-0.25,41.20352386052693,45.2128980697567,45.61,45.7,44.44,44.66,4429427.0,43.31,43.65,42.59,43.51,2617811.0,3.9669806523505713,-5.752777021001435,1.8083965371945396,-3.3467402129778634,0,0.9808002738332391,-2.575011195700848,-8.670232852296051,10.284108395255565,-2.4552621274866624,2.4529260740211023,-1.8926553477967794,0.670059062112714,0,0.018650078453178384,-34.0,-36.0,2.0,-0.892898184325432,-0.5220672238376523,-0.7984696378831586,0.11128693451346505,-0.004596644449551768,0.003217651114686193,-0.02114456446793833,0.0018420446695832648
2024-12-18,1734498000,2025-01-13,1736744400,0.25,41.20352386052693,45.2128980697567,44.16,44.21,41.42,41.45,4574938.0,41.82,42.94,41.74,42.9,4302045.0,3.9976815245320836,-4.135210662061169,2.4549339549339493,-2.4914529914529737,0,-1.9024680579776785,-4.475617902471606,-9.75748120515246,21.015435337262105,-0.8511995040760354,2.6015450594918437,-1.2889816165714727,1.0971578003676006,0,0.21797873315842836,-42.0,-36.0,-6.0,-0.06876456876454995,0.563818863030491,0.4921261691508647,0.04724161967165835,-0.025174825174825166,0.0009324009324009896,-0.027039627039626923,0.019729023056810124
2025-01-06,1736139600,2025-01-14,1736830800,-0.25,41.30628042929061,45.37984789991124,43.66,44.18,43.29,43.52,4662604.0,43.44,44.54,43.28,44.4,4091961.0,0.561536318591422,-7.415139922194996,-1.0206456456456436,-5.851726726726724,0,5.128155081701323,0.3616636528028856,-5.456197463245282,14.93533408747632,-3.390451184082494,2.59794350012645,-2.954809474487142,1.043637815357542,0,0.16235653054277718,-46.0,-36.0,-10.0,-3.426801801801787,-2.5637400737278426,-2.7890397367196442,0.14919812866323723,-0.021621621621621623,0.003153153153153232,-0.02522522522522519,0.034965034965035
2025-01-10,1736485200,2025-02-11,1739250000,0.75,41.30628042929061,47.53281888483365,42.65,42.85,41.85,42.07,4074780.0,46.18,46.73,45.5,46.23,4720171.0,2.7365994638775675,-2.9031579756664314,2.167784267070445,-2.5239743312423286,1,4.950991517888589,7.762237762237759,16.692260510646044,2.27983840595288,0.23514800983592465,2.48489181242619,-11.903390376769483,-1.2309105019195277,0,0.05101695410716619,38.0,72.0,-34.0,-0.08327925589443907,-0.6343066131163937,-2.9794427085967357,-0.04111533904593434,-0.0010815487778498278,0.010815487778498722,-0.015790612156608153,-0.004093063334769553
