unix,date,open,high,low,close,volume_base
1451883600,2016-01-04,106.5,106.81,101.73,103.32,1639775.0
1451970000,2016-01-05,102.14,105.98,101.9,103.8,1240097.0
1452056400,2016-01-06,101.44,103.62,100.265,102.26,2419089.0
1452142800,2016-01-07,100.1,100.79,95.62,95.76,1870115.0
1452229200,2016-01-08,97.08,97.99,93.06,94.78,1746270.0
1452488400,2016-01-11,95.9,96.2199,90.7,92.19,2130994.0
1452574800,2016-01-12,93.62,96.75,84.57,88.09,3938757.0
1452661200,2016-01-13,88.52,89.65,78.23,78.42,4226195.0
1452747600,2016-01-14,79.76,82.59,74.73,80.98,2541917.0
1452834000,2016-01-15,74.48,79.052,73.22,76.95,4613988.0
1453179600,2016-01-19,79.19,79.26,70.17,73.31,2887642.0
1453266000,2016-01-20,71.63,75.9898,69.73,74.25,3850556.0
1453352400,2016-01-21,73.87,76.715,71.0,73.78,2249725.0
1453438800,2016-01-22,75.5,80.32,75.28,79.4,1963551.0
1453698000,2016-01-25,78.48,84.2,78.12,78.31,2421062.0
1453784400,2016-01-26,78.06,78.67,74.24,76.04,2161904.0
1453870800,2016-01-27,76.54,79.57,73.84,74.99,2133482.0
1453957200,2016-01-28,70.01,70.5699,64.51,67.81,7076022.0
1454043600,2016-01-29,68.24,70.88,67.81,70.56,3024792.0
1454302800,2016-02-01,70.0,73.55,68.8,72.58,3389711.0
1454389200,2016-02-02,71.85,71.85,67.11,68.94,4248625.0
1454475600,2016-02-03,69.54,70.41,65.51,69.17,2873835.0
1454562000,2016-02-04,68.92,73.0,66.555,72.03,3072172.0
1454648400,2016-02-05,70.68,71.56,68.0,71.0,4698786.0
1454907600,2016-02-08,69.5,71.7,65.61,70.91,3483168.0
1454994000,2016-02-09,68.97,74.54,68.31,72.26,3135887.0
1455080400,2016-02-10,73.57,76.335,71.71,72.31,3524873.0
1455166800,2016-02-11,58.6,66.28,55.0,65.51,15566873.0
1455253200,2016-02-12,65.54,68.5,63.507,68.36,4799808.0
1455598800,2016-02-16,70.3,71.94,68.7792,71.67,3468542.0
1455685200,2016-02-17,72.0,77.29,71.62,74.45,2721294.0
1455771600,2016-02-18,74.86,75.3575,70.96,71.02,1909357.0
1455858000,2016-02-19,70.84,73.59,68.56,72.7,1966128.0
1456117200,2016-02-22,73.57,75.2,72.395,73.9,1244384.0
1456203600,2016-02-23,73.47,74.83,71.07,72.01,1680262.0
1456290000,2016-02-24,71.29,74.43,69.5,74.32,1475900.0
1456376400,2016-02-25,74.0,76.78,73.31,74.28,1623879.0
1456462800,2016-02-26,75.0,76.39,73.56,74.34,1387270.0
1456722000,2016-02-29,74.76,75.375,72.81,73.5,1512280.0
1456808400,2016-03-01,74.01,75.06,71.93,75.05,2829238.0
1456894800,2016-03-02,74.79,76.5,73.025,73.6,2195302.0
1456981200,2016-03-03,74.0,74.0,71.27,72.56,1730476.0
1457067600,2016-03-04,73.51,73.95,70.73,71.99,1408370.0
1457326800,2016-03-07,71.64,74.66,69.88,73.29,1129281.0
1457413200,2016-03-08,73.18,74.22,70.82,71.17,1514001.0
1457499600,2016-03-09,71.28,71.955,67.83,68.85,1674304.0
1457586000,2016-03-10,69.89,71.62,67.88,68.65,1616134.0
1457672400,2016-03-11,69.53,70.92,68.404,70.89,1588151.0
1457928000,2016-03-14,70.98,71.9899,68.93,68.98,1325063.0
1458014400,2016-03-15,68.37,68.49,65.25,65.64,2730927.0
1458100800,2016-03-16,65.15,67.01,62.53,63.77,1315159.0
1458187200,2016-03-17,64.03,64.79,60.3,63.05,2717439.0
1458273600,2016-03-18,63.82,66.05,62.63,65.07,3441773.0
1458532800,2016-03-21,64.98,69.25,64.77,68.61,1897219.0
1458619200,2016-03-22,67.87,70.804,67.3472,69.11,1779952.0
1458705600,2016-03-23,70.81,71.33,67.22,67.43,1570262.0
1458792000,2016-03-24,67.07,72.71,65.5,69.76,1941194.0
1459137600,2016-03-28,70.4,70.91,68.37,68.45,1144079.0
1459224000,2016-03-29,68.59,69.9,67.52,69.25,1372924.0
1459310400,2016-03-30,70.64,71.99,67.94,68.35,1351074.0
1459396800,2016-03-31,68.58,74.194,68.51,72.47,2272548.0
1459483200,2016-04-01,73.2,74.09,71.07,73.3,1622283.0
1459742400,2016-04-04,73.28,74.02,72.419,73.49,1169756.0
1459828800,2016-04-05,73.07,75.24,72.24,73.35,1601688.0
1459915200,2016-04-06,73.41,82.04,73.41,81.87,2842930.0
1460001600,2016-04-07,81.5,84.42,78.64,79.4,1594212.0
1460088000,2016-04-08,80.7,80.84,75.79,77.47,1635173.0
1460347200,2016-04-11,77.0,77.67,75.001,75.81,1048244.0
1460433600,2016-04-12,75.71,77.53,75.26,77.37,919237.0
1460520000,2016-04-13,77.64,79.49,76.57,79.22,1089270.0
1460606400,2016-04-14,79.3,79.8,78.03,78.54,1022380.0
1460692800,2016-04-15,79.37,79.41,76.08,77.78,1233094.0
1460952000,2016-04-18,77.79,78.41,74.7,77.89,1638160.0
1461038400,2016-04-19,77.51,78.36,75.84,76.77,1167586.0
1461124800,2016-04-20,77.18,79.25,77.0,78.49,1083229.0
1461211200,2016-04-21,78.06,79.0326,76.02,77.56,1797574.0
1461297600,2016-04-22,77.11,77.87,74.84,76.77,891690.0
1461556800,2016-04-25,76.82,77.89,75.84,76.55,738011.0
1461643200,2016-04-26,76.56,76.96,73.77,74.43,832764.0
1461729600,2016-04-27,73.99,74.05,72.01,73.19,1306080.0
1461816000,2016-04-28,73.21,74.552,71.32,72.34,1315442.0
1461902400,2016-04-29,71.46,73.17,70.01,72.27,1483063.0
1462161600,2016-05-02,72.03,74.47,71.02,74.36,939038.0
1462248000,2016-05-03,73.45,74.4,71.55,72.09,936664.0
1462334400,2016-05-04,71.4,72.0,68.52,68.69,1349500.0
1462420800,2016-05-05,68.97,71.01,68.03,70.41,1700809.0
1462507200,2016-05-06,69.77,72.3799,68.6,70.69,1519627.0
1462766400,2016-05-09,70.4,74.4199,69.11,72.86,2281676.0
1462852800,2016-05-10,73.51,73.62,70.22,73.49,1045539.0
1462939200,2016-05-11,73.62,73.74,70.48,70.62,861586.0
1463025600,2016-05-12,70.8,71.345,68.31,70.54,1103135.0
1463112000,2016-05-13,70.27,73.31,69.95,73.21,889996.0
1463371200,2016-05-16,73.08,76.81,73.08,76.47,1432769.0
1463457600,2016-05-17,76.07,76.68,74.245,75.55,1537071.0
1463544000,2016-05-18,75.18,79.0,74.9,77.53,1134277.0
1463630400,2016-05-19,76.99,78.95,74.92,76.04,970063.0
1463716800,2016-05-20,76.34,78.99,74.99,77.65,1178642.0
1463976000,2016-05-23,77.97,82.07,77.695,80.68,1739682.0
1464062400,2016-05-24,81.1,81.77,80.32,81.27,1157428.0
1464148800,2016-05-25,81.31,83.5,80.64,83.16,1384718.0
1464235200,2016-05-26,82.63,83.02,81.05,81.78,1440411.0
1464321600,2016-05-27,81.69,85.68,80.95,84.53,1279943.0
1464667200,2016-05-31,84.99,86.2,83.84,84.41,1438083.0
1464753600,2016-06-01,83.92,86.19,82.34,85.18,1157153.0
1464840000,2016-06-02,85.17,87.88,84.9,87.71,1291720.0
1464926400,2016-06-03,87.44,87.48,84.425,84.96,1283507.0
1465185600,2016-06-06,84.85,86.0,82.5201,85.49,1148336.0
1465272000,2016-06-07,85.5,86.22,82.2,82.44,1103381.0
1465358400,2016-06-08,82.91,83.64,81.55,82.9,989776.0
1465444800,2016-06-09,83.59,83.87,81.58,81.61,934969.0
1465531200,2016-06-10,80.64,81.43,78.35,80.41,1108834.0
1465790400,2016-06-13,80.08,82.47,79.48,80.01,1025717.0
1465876800,2016-06-14,80.15,80.87,78.56,79.78,751935.0
1465963200,2016-06-15,80.3,80.8851,79.28,79.45,741931.0
1466049600,2016-06-16,78.78,80.26,78.37,80.0,817141.0
1466136000,2016-06-17,80.18,81.55,76.92,77.11,1934959.0
1466395200,2016-06-20,77.82,79.98,77.5,78.49,996776.0
1466481600,2016-06-21,78.84,79.4,76.04,77.6,1368966.0
1466568000,2016-06-22,77.52,79.85,75.5,78.5,1263244.0
1466654400,2016-06-23,79.3,81.79,78.12,81.66,1208434.0
1466740800,2016-06-24,76.84,80.89,76.4101,76.98,2879297.0
1467000000,2016-06-27,76.52,77.74,71.75,72.44,1792409.0
1467086400,2016-06-28,73.41,76.75,73.41,76.58,1303342.0
1467172800,2016-06-29,77.15,79.49,75.8201,78.735,1364473.0
1467259200,2016-06-30,78.88,80.43,77.85,79.98,1228070.0
1467345600,2016-07-01,79.61,82.86,79.34,81.27,946448.0
1467691200,2016-07-05,80.97,80.97,78.4,79.71,727103.0
1467777600,2016-07-06,80.0,83.45,79.51,82.48,1255123.0
1467864000,2016-07-07,82.53,84.06,82.18,83.53,756152.0
1467950400,2016-07-08,83.29,85.88,82.965,85.7,1014642.0
1468209600,2016-07-11,86.39,86.9,84.97,85.0,940016.0
1468296000,2016-07-12,85.63,86.11,84.9,84.97,674362.0
1468382400,2016-07-13,85.99,86.275,82.45,82.56,712312.0
1468468800,2016-07-14,83.31,83.803,81.27,82.14,793359.0
1468555200,2016-07-15,82.85,84.69,82.83,83.83,1125086.0
1468814400,2016-07-18,84.19,84.46,83.01,84.13,735467.0
1468900800,2016-07-19,83.74,84.79,82.72,82.82,694226.0
1468987200,2016-07-20,82.91,87.19,82.76,86.88,1714444.0
1469073600,2016-07-21,87.18,89.27,86.29,87.79,1674259.0
1469160000,2016-07-22,88.47,88.99,86.37,86.41,712994.0
1469419200,2016-07-25,86.6,86.89,84.99,86.43,804103.0
1469505600,2016-07-26,86.01,87.53,85.58,86.96,701613.0
1469592000,2016-07-27,87.67,89.15,87.24,88.72,752056.0
1469678400,2016-07-28,88.69,88.94,86.89,88.12,620430.0
1469764800,2016-07-29,88.52,90.35,86.67,90.21,976016.0
1470024000,2016-08-01,90.62,92.82,89.45,90.0,1545754.0
1470110400,2016-08-02,89.74,89.81,86.02,88.95,1599847.0
1470196800,2016-08-03,89.09,90.99,88.66,90.81,882173.0
1470283200,2016-08-04,91.47,92.045,89.75,90.12,876376.0
1470369600,2016-08-05,90.83,92.74,90.32,90.84,766037.0
1470628800,2016-08-08,90.68,91.599,87.9001,88.04,1197713.0
1470715200,2016-08-09,90.01,90.14,84.52,86.48,1743426.0
1470801600,2016-08-10,86.96,87.185,83.05,83.49,1282479.0
1470888000,2016-08-11,83.5,83.731,80.49,81.21,1768208.0
1470974400,2016-08-12,81.08,81.48,80.5,81.05,926640.0
1471233600,2016-08-15,81.05,81.56,80.5,80.55,1033050.0
1471320000,2016-08-16,80.58,80.59,77.7,77.855,1521832.0
1471406400,2016-08-17,78.22,78.56,76.4,76.48,1500417.0
1471492800,2016-08-18,76.5,77.2,75.87,76.16,1337919.0
1471579200,2016-08-19,75.69,77.65,75.52,76.11,1220642.0
1471838400,2016-08-22,79.8,84.39,79.11,81.98,2918526.0
1471924800,2016-08-23,82.73,83.25,80.48,81.9,1332743.0
1472011200,2016-08-24,81.55,87.98,81.55,82.44,3419971.0
1472097600,2016-08-25,82.45,85.07,78.7,80.1,1719712.0
1472184000,2016-08-26,80.06,82.19,79.36,81.04,943050.0
1472443200,2016-08-29,81.1,81.88,80.09,81.33,627157.0
1472529600,2016-08-30,81.08,81.78,80.485,80.98,815792.0
1472616000,2016-08-31,81.11,82.16,80.15,81.1,1354631.0
1472702400,2016-09-01,81.61,81.73,79.89,80.81,745197.0
1472788800,2016-09-02,81.14,82.65,80.5,82.02,1342638.0
1473134400,2016-09-06,82.34,83.95,81.75,83.75,1659526.0
1473220800,2016-09-07,83.59,85.12,81.99,82.45,2464064.0
1473307200,2016-09-08,82.2,82.57,81.19,81.56,888001.0
1473393600,2016-09-09,80.7,82.05,79.04,79.13,1244568.0
1473652800,2016-09-12,78.77,81.38,78.21,81.16,1563388.0
1473739200,2016-09-13,80.17,80.17,77.58,79.21,1126145.0
1473825600,2016-09-14,79.22,81.75,79.22,80.05,1133534.0
1473912000,2016-09-15,80.03,80.8372,78.04,80.36,1167816.0
1473998400,2016-09-16,80.35,82.57,79.75,82.15,1843729.0
1474257600,2016-09-19,82.35,84.43,81.49,83.51,1371446.0
1474344000,2016-09-20,83.51,85.5,83.35,85.06,1261876.0
1474430400,2016-09-21,85.29,87.26,83.93,86.71,1819368.0
1474516800,2016-09-22,87.81,89.48,86.44,89.27,1517801.0
1474603200,2016-09-23,88.39,91.26,88.39,88.98,1420499.0
1474862400,2016-09-26,88.63,89.04,86.96,88.76,1187443.0
1474948800,2016-09-27,88.56,89.24,86.91,89.07,1331334.0
1475035200,2016-09-28,93.38,95.39,91.39,93.2,2775643.0
1475121600,2016-09-29,94.14,95.14,91.08,92.29,2735656.0
1475208000,2016-09-30,92.71,94.66,90.57,94.29,1861070.0
1475467200,2016-10-03,93.72,95.69,93.3316,95.54,1403793.0
1475553600,2016-10-04,95.8,96.18,93.33,94.17,1232476.0
1475640000,2016-10-05,94.45,96.38,94.26,95.69,1279870.0
1475726400,2016-10-06,94.8,95.1,92.16,94.78,2079178.0
1475812800,2016-10-07,96.0,98.08,95.0,97.83,3090916.0
1476072000,2016-10-10,98.69,99.48,95.94,95.95,1582948.0
1476158400,2016-10-11,95.41,96.345,89.8,92.11,2074464.0
1476244800,2016-10-12,92.46,93.34,89.77,89.97,1499618.0
1476331200,2016-10-13,88.99,90.25,88.425,89.53,1609158.0
1476417600,2016-10-14,89.83,90.78,86.99,87.1,1382265.0
1476676800,2016-10-17,86.77,87.89,84.02,86.7,1387018.0
1476763200,2016-10-18,87.63,89.79,87.45,88.78,1118833.0
1476849600,2016-10-19,88.55,88.55,87.16,87.96,894280.0
1476936000,2016-10-20,88.07,90.11,87.1,88.49,971290.0
1477022400,2016-10-21,88.09,88.64,86.15,87.72,877372.0
1477281600,2016-10-24,87.99,88.52,87.01,88.18,1261838.0
1477368000,2016-10-25,87.86,88.35,86.6,87.2,832521.0
1477454400,2016-10-26,87.5,89.25,86.7,87.25,844387.0
1477540800,2016-10-27,88.1,90.905,86.68,87.01,1120056.0
1477627200,2016-10-28,86.05,88.34,84.42,87.13,1044319.0
1477886400,2016-10-31,87.52,87.8,85.925,86.97,1037097.0
1477972800,2016-11-01,90.0,91.33,86.97,90.03,2687805.0
1478059200,2016-11-02,90.0,90.09,87.09,87.185,1666759.0
1478145600,2016-11-03,87.53,87.892,83.09,83.28,1307159.0
1478232000,2016-11-04,84.3,89.18,83.011,87.57,1543066.0
1478494800,2016-11-07,89.46,92.83,88.735,92.15,2674515.0
1478581200,2016-11-08,92.16,93.98,90.38,92.16,1365138.0
1478667600,2016-11-09,95.68,109.95,95.03,104.13,5064906.0
1478754000,2016-11-10,105.0,107.99,101.649,104.71,2835256.0
1478840400,2016-11-11,103.88,105.73,102.29,104.51,2192792.0
1479099600,2016-11-14,104.06,107.09,101.643,104.89,1930981.0
1479186000,2016-11-15,105.02,105.02,101.58,103.16,1132462.0
1479272400,2016-11-16,102.71,103.99,100.61,100.74,793787.0
1479358800,2016-11-17,106.9,108.2,102.15,105.55,2962297.0
1479445200,2016-11-18,105.3,105.92,103.37,103.63,1238647.0
1479704400,2016-11-21,103.66,109.03,102.995,108.1,1544729.0
1479790800,2016-11-22,107.91,108.34,104.48,106.8,1309937.0
1479877200,2016-11-23,104.88,107.33,103.9,106.8,1001084.0
1480050000,2016-11-25,107.51,108.61,105.95,107.73,839441.0
1480309200,2016-11-28,107.13,107.7,104.8,105.17,1025906.0
1480395600,2016-11-29,105.44,106.5,103.41,105.07,898577.0
1480482000,2016-11-30,105.33,106.43,101.9,102.29,1240924.0
1480568400,2016-12-01,102.53,103.31,99.56,99.93,1088523.0
1480654800,2016-12-02,100.22,104.23,98.49,102.02,1192166.0
1480914000,2016-12-05,102.66,105.89,102.16,104.76,1886565.0
1481000400,2016-12-06,104.37,107.47,104.15,107.21,1378175.0
1481086800,2016-12-07,104.76,106.525,99.721,101.96,2061348.0
1481173200,2016-12-08,101.43,103.17,98.56,102.88,1232227.0
1481259600,2016-12-09,103.85,105.478,100.02,100.63,1154289.0
1481518800,2016-12-12,100.12,101.15,99.5,100.86,1157809.0
1481605200,2016-12-13,101.23,102.69,100.55,101.54,1563182.0
1481691600,2016-12-14,101.5,103.35,101.005,102.42,1085999.0
1481778000,2016-12-15,103.14,105.39,101.305,104.58,1191129.0
1481864400,2016-12-16,104.85,107.2,102.43,103.0,3724050.0
1482123600,2016-12-19,102.88,103.85,100.28,100.79,1689839.0
1482210000,2016-12-20,101.31,102.62,101.0101,102.21,1166848.0
1482296400,2016-12-21,101.84,102.385,99.3,99.76,1063078.0
1482382800,2016-12-22,100.64,101.52,98.73,101.47,836865.0
1482469200,2016-12-23,100.84,103.16,99.95,102.94,1383540.0
1482814800,2016-12-27,103.1,105.28,102.22,102.53,943981.0
1482901200,2016-12-28,102.35,103.2199,100.91,101.1,771879.0
1482987600,2016-12-29,100.88,102.17,100.72,101.96,769612.0
1483074000,2016-12-30,101.93,102.35,99.25,100.27,1030793.0
1483419600,2017-01-03,101.14,103.195,100.4096,102.32,1524592.0
1483506000,2017-01-04,102.5,104.63,102.28,102.84,1556754.0
1483592400,2017-01-05,102.82,104.99,102.235,104.81,1029837.0
1483678800,2017-01-06,105.42,109.3,104.92,108.305,1896414.0
1483938000,2017-01-09,113.55,119.89,112.83,118.525,3127388.0
1484024400,2017-01-10,119.09,121.18,117.8,119.3,2102791.0
1484110800,2017-01-11,118.8,119.93,113.77,115.29,2229563.0
1484197200,2017-01-12,114.43,118.25,112.88,117.55,1278110.0
1484283600,2017-01-13,117.97,119.8,116.72,117.75,1215520.0
1484629200,2017-01-17,115.7,116.75,113.24,113.64,1446109.0
1484715600,2017-01-18,114.51,115.24,113.12,115.09,1212999.0
1484802000,2017-01-19,115.5,117.62,113.0011,117.53,1238911.0
1484888400,2017-01-20,118.32,122.68,117.08,117.22,2096731.0
1485147600,2017-01-23,119.26,119.26,116.68,117.42,2155839.0
1485234000,2017-01-24,117.55,118.57,115.56,118.3,1387934.0
1485320400,2017-01-25,119.13,121.349,118.1701,120.91,1463701.0
1485406800,2017-01-26,120.51,124.87,119.02,120.64,2798584.0
1485493200,2017-01-27,121.44,123.53,120.62,121.72,868682.0
1485752400,2017-01-30,121.83,122.24,117.82,118.23,1402262.0
1485838800,2017-01-31,117.95,121.31,117.1,121.21,1569409.0
1485925200,2017-02-01,121.12,124.65,119.86,124.27,1488719.0
1486011600,2017-02-02,123.03,123.7,119.23,120.92,1724181.0
1486098000,2017-02-03,121.76,122.46,119.62,120.28,930189.0
1486357200,2017-02-06,120.28,121.31,118.81,119.68,1175634.0
1486443600,2017-02-07,120.27,120.43,117.25,118.18,1745857.0
1486530000,2017-02-08,117.32,123.589,117.18,122.73,2395615.0
1486616400,2017-02-09,121.92,124.19,121.6833,122.96,955572.0
1486702800,2017-02-10,123.01,123.1,121.26,121.7,1141342.0
1486962000,2017-02-13,122.27,122.27,120.26,121.15,1236131.0
1487048400,2017-02-14,119.94,125.49,119.6201,123.32,1932224.0
1487134800,2017-02-15,122.39,122.61,119.01,120.94,1711761.0
1487221200,2017-02-16,121.39,122.23,118.53,120.18,1062441.0
1487307600,2017-02-17,120.18,120.85,119.16,120.49,1042582.0
1487653200,2017-02-21,121.09,122.67,119.77,122.36,1355506.0
1487739600,2017-02-22,121.7,122.9,121.25,121.36,937236.0
1487826000,2017-02-23,121.4,122.14,118.79,121.95,1615738.0
1487912400,2017-02-24,128.33,131.89,127.56,131.21,9385739.0
1488171600,2017-02-27,131.88,134.97,130.24,134.02,47173267.0
1488258000,2017-02-28,133.72,134.05,131.24,133.1,4274602.0
1488344400,2017-03-01,133.81,135.48,131.91,133.22,3162932.0
1488430800,2017-03-02,134.7,135.79,132.12,132.8,2062935.0
1488517200,2017-03-03,133.19,137.76,132.65,136.91,3393529.0
1488776400,2017-03-06,136.95,136.98,133.138,134.38,2034800.0
1488862800,2017-03-07,133.13,134.85,131.48,133.39,2206529.0
1488949200,2017-03-08,133.39,137.88,133.06,136.0,2759605.0
1489035600,2017-03-09,135.43,138.34,134.23,138.02,1903048.0
1489122000,2017-03-10,138.81,150.42,138.54,149.24,5303246.0
1489377600,2017-03-13,149.14,151.63,145.29,151.03,4350805.0
1489464000,2017-03-14,149.99,151.9825,148.83,150.96,1760220.0
1489550400,2017-03-15,151.215,153.15,147.9,152.66,2087609.0
1489636800,2017-03-16,151.69,151.91,146.98,148.44,3774234.0
1489723200,2017-03-17,148.01,149.27,146.79,147.96,5292686.0
1489982400,2017-03-20,147.61,148.9295,146.51,148.52,1883767.0
1490068800,2017-03-21,148.36,149.0,140.47,140.73,2336097.0
1490155200,2017-03-22,141.75,143.58,140.01,141.28,3989387.0
1490241600,2017-03-23,141.13,141.27,138.71,138.97,1987964.0
1490328000,2017-03-24,138.97,140.57,138.01,139.64,1631061.0
1490587200,2017-03-27,139.15,140.36,137.535,139.89,1128868.0
1490673600,2017-03-28,139.46,141.34,138.38,139.48,2067834.0
1490760000,2017-03-29,139.5,139.95,138.35,139.28,1441134.0
1490846400,2017-03-30,140.1,140.94,137.695,137.77,1157375.0
1490932800,2017-03-31,137.71,138.7304,133.255,133.67,2841737.0
1491192000,2017-04-03,135.0,141.86,134.13,138.52,4005254.0
1491278400,2017-04-04,138.01,143.05,137.81,141.55,1831607.0
1491364800,2017-04-05,141.55,144.32,137.5147,138.43,1838641.0
1491451200,2017-04-06,137.84,139.3707,134.23,135.5,1686038.0
1491537600,2017-04-07,139.48,140.63,136.55,140.11,2534645.0
1491796800,2017-04-10,140.18,141.24,136.02,136.88,1765482.0
1491883200,2017-04-11,137.11,137.69,134.16,136.07,1357393.0
1491969600,2017-04-12,136.48,141.4,134.96,138.27,1642512.0
1492056000,2017-04-13,139.66,142.45,138.01,140.84,2800339.0
1492401600,2017-04-17,124.71,127.4299,124.0505,126.07,7020960.0
1492488000,2017-04-18,125.11,128.41,124.15,125.9,2664177.0
1492574400,2017-04-19,125.9,126.17,124.05,124.54,2082992.0
1492660800,2017-04-20,125.28,125.49,123.05,123.11,2086992.0
1492747200,2017-04-21,123.5,125.35,122.51,123.01,1967784.0
1493006400,2017-04-24,124.06,124.74,123.5,123.91,1263627.0
1493092800,2017-04-25,124.66,124.91,124.02,124.39,1269134.0
1493179200,2017-04-26,124.68,125.47,122.321,123.08,1243532.0
1493265600,2017-04-27,123.0,125.36,122.55,124.17,1086402.0
1493352000,2017-04-28,124.26,124.795,123.02,124.28,1107319.0
1493611200,2017-05-01,124.78,125.59,123.208,124.0,1222960.0
1493697600,2017-05-02,123.98,124.44,121.52,123.71,1409007.0
1493784000,2017-05-03,123.43,124.54,122.81,123.21,1552409.0
1493870400,2017-05-04,126.23,127.8,123.335,125.0,1474949.0
1493956800,2017-05-05,124.14,124.8,120.5,122.41,2090688.0
1494216000,2017-05-08,121.72,121.8,116.44,117.79,2818779.0
1494302400,2017-05-09,117.47,119.92,117.04,119.73,1273758.0
1494388800,2017-05-10,119.67,119.92,118.08,118.22,1294113.0
1494475200,2017-05-11,117.87,118.41,116.21,116.43,1482042.0
1494561600,2017-05-12,115.99,117.86,114.33,115.19,2816427.0
1494820800,2017-05-15,115.0,117.49,114.03,117.35,1881612.0
1494907200,2017-05-16,117.49,120.87,117.1,117.76,2955772.0
1494993600,2017-05-17,116.98,121.68,116.0822,120.49,3918740.0
1495080000,2017-05-18,128.01,131.75,125.39,128.8,5799266.0
1495166400,2017-05-19,129.03,133.8,129.0,131.43,4121235.0
1495425600,2017-05-22,131.2,134.89,130.22,134.43,2111360.0
1495512000,2017-05-23,134.17,136.3,133.51,136.16,1259553.0
1495598400,2017-05-24,136.4,138.75,135.01,138.1,1395738.0
1495684800,2017-05-25,138.99,139.98,138.21,138.41,1965738.0
1495771200,2017-05-26,138.46,139.49,132.65,134.38,2739563.0
1496116800,2017-05-30,133.8,134.13,129.65,130.49,1783480.0
1496203200,2017-05-31,131.8,133.82,128.82,129.33,2847863.0
1496289600,2017-06-01,130.0,130.96,127.85,129.28,2025137.0
1496376000,2017-06-02,131.56,132.07,128.87,131.5,1553541.0
1496635200,2017-06-05,132.5,132.78,121.23,124.03,3898020.0
1496721600,2017-06-06,124.15,124.28,121.46,122.27,2145137.0
1496808000,2017-06-07,121.53,123.36,118.34,119.15,2350950.0
1496894400,2017-06-08,119.88,120.2423,116.25,119.75,2109595.0
1496980800,2017-06-09,119.1,122.21,118.24,119.04,1506262.0
1497240000,2017-06-12,117.8,120.22,115.2,116.44,1867894.0
1497326400,2017-06-13,115.82,119.09,115.66,118.52,1289212.0
1497412800,2017-06-14,118.59,121.5,118.005,120.09,1618785.0
1497499200,2017-06-15,119.0,120.45,115.79,120.37,1898938.0
1497585600,2017-06-16,120.0,120.7395,117.05,118.05,5591195.0
1497844800,2017-06-19,118.38,122.64,118.38,122.28,1532466.0
1497931200,2017-06-20,122.98,126.7894,122.19,124.58,2129509.0
1498017600,2017-06-21,124.49,134.45,124.3,133.99,2985347.0
1498104000,2017-06-22,134.86,137.29,134.2,135.63,1815172.0
1498190400,2017-06-23,135.34,136.8566,133.83,136.28,2165849.0
1498449600,2017-06-26,136.97,137.3,133.43,134.67,1513128.0
1498536000,2017-06-27,134.49,135.225,130.11,130.31,1312498.0
1498622400,2017-06-28,130.41,135.28,129.61,134.33,1350173.0
1498708800,2017-06-29,133.58,133.58,127.485,128.78,1447746.0
1498795200,2017-06-30,129.74,129.83,125.87,125.91,1538616.0
1499054400,2017-07-03,126.2,128.0,124.9592,125.87,661956.0
1499227200,2017-07-05,126.0,128.8,125.4315,128.34,1265059.0
1499313600,2017-07-06,127.05,128.835,124.7455,127.22,1415824.0
1499400000,2017-07-07,127.58,131.43,127.35,130.84,1104754.0
1499659200,2017-07-10,130.41,130.41,127.01,129.56,1019188.0
1499745600,2017-07-11,128.6,132.8598,128.6,131.92,1186189.0
1499832000,2017-07-12,133.24,133.94,131.33,133.22,855314.0
1499918400,2017-07-13,133.32,134.46,131.03,133.42,772117.0
1500004800,2017-07-14,134.06,135.3,133.27,134.27,796755.0
1500264000,2017-07-17,133.34,134.4534,130.035,130.62,1585710.0
1500350400,2017-07-18,130.31,131.08,128.72,130.85,1075696.0
1500436800,2017-07-19,131.71,133.23,129.85,130.45,1287043.0
1500523200,2017-07-20,130.52,134.4,129.54,133.79,1195788.0
1500609600,2017-07-21,133.02,135.43,133.02,134.22,890531.0
1500868800,2017-07-24,134.24,138.45,133.73,138.27,1286585.0
1500955200,2017-07-25,134.13,136.97,132.88,133.56,1930574.0
1501041600,2017-07-26,133.52,137.9,132.7036,137.19,952949.0
1501128000,2017-07-27,138.73,139.59,131.821,132.72,1603160.0
1501214400,2017-07-28,132.6,136.81,132.18,135.74,1045968.0
1501473600,2017-07-31,135.31,136.41,132.92,133.29,1324924.0
1501560000,2017-08-01,132.92,134.94,127.5,128.76,1549883.0
1501646400,2017-08-02,128.5,128.55,124.095,125.71,1557600.0
1501732800,2017-08-03,125.65,126.78,124.29,125.98,1329407.0
1501819200,2017-08-04,125.88,128.83,123.85,128.7,933566.0
1502078400,2017-08-07,128.87,133.11,128.2401,132.0,1162871.0
1502164800,2017-08-08,131.62,132.75,130.08,130.7,702212.0
1502251200,2017-08-09,130.21,131.33,128.72,130.08,769287.0
1502337600,2017-08-10,129.04,129.2654,122.01,122.12,1479394.0
1502424000,2017-08-11,122.74,125.08,122.27,124.1,958173.0
1502683200,2017-08-14,125.0,126.87,124.54,126.28,761122.0
1502769600,2017-08-15,126.26,127.17,126.04,126.37,625568.0
1502856000,2017-08-16,127.38,127.43,122.81,124.34,1337346.0
1502942400,2017-08-17,123.37,125.355,121.63,121.74,1115500.0
1503028800,2017-08-18,121.6,122.465,121.0,121.19,1105523.0
1503288000,2017-08-21,121.37,121.37,118.69,120.89,1101031.0
1503374400,2017-08-22,121.1,124.0,120.45,123.86,863691.0
1503460800,2017-08-23,123.23,124.53,121.83,123.65,712554.0
1503547200,2017-08-24,124.15,124.41,122.47,123.82,772155.0
1503633600,2017-08-25,124.38,124.41,121.41,121.76,767186.0
1503892800,2017-08-28,121.65,123.77,120.0,123.54,1140346.0
1503979200,2017-08-29,122.62,127.6335,122.011,124.97,1176138.0
1504065600,2017-08-30,125.87,138.32,125.59,138.27,2833337.0
1504152000,2017-08-31,140.01,140.11,131.22,137.41,4108864.0
1504238400,2017-09-01,137.4,139.66,135.45,138.03,1400950.0
1504584000,2017-09-05,137.2,138.92,133.86,135.34,1193690.0
1504670400,2017-09-06,136.56,137.3999,133.94,135.86,1002926.0
1504756800,2017-09-07,135.85,137.35,132.27,134.34,1522122.0
1504843200,2017-09-08,132.24,132.24,126.0,129.46,3278559.0
1505102400,2017-09-11,131.5,131.93,124.48,124.95,3447434.0
1505188800,2017-09-12,125.07,125.83,120.0,123.15,2304806.0
1505275200,2017-09-13,123.31,124.875,122.03,123.59,1612919.0
1505361600,2017-09-14,124.25,124.71,119.54,119.76,2074950.0
1505448000,2017-09-15,119.92,120.98,117.24,119.15,3861684.0
1505707200,2017-09-18,118.84,120.97,117.63,118.4,1980950.0
1505793600,2017-09-19,118.38,118.7627,116.14,117.09,1570901.0
1505880000,2017-09-20,117.63,118.61,114.63,114.87,2381299.0
1505966400,2017-09-21,114.53,116.24,112.76,115.05,1914123.0
1506052800,2017-09-22,114.36,115.48,110.649,110.85,2289096.0
1506312000,2017-09-25,110.43,110.82,107.79,109.69,3241585.0
1506398400,2017-09-26,110.16,111.089,108.08,109.15,2020192.0
1506484800,2017-09-27,109.06,111.11,108.52,110.31,1774573.0
1506571200,2017-09-28,109.86,115.35,109.54,113.14,3031870.0
1506657600,2017-09-29,113.26,116.9,113.15,116.74,2498624.0
1506916800,2017-10-02,116.83,118.32,113.56,115.19,2100630.0
1507003200,2017-10-03,115.45,115.51,112.001,112.8,1743427.0
1507089600,2017-10-04,112.42,114.26,111.55,113.83,1438309.0
1507176000,2017-10-05,113.58,114.44,112.65,113.57,1275625.0
1507262400,2017-10-06,114.01,116.31,113.04,114.7,1592411.0
1507521600,2017-10-09,114.58,115.45,113.7988,113.99,894964.0
1507608000,2017-10-10,114.15,115.69,113.7,114.77,1449426.0
1507694400,2017-10-11,114.41,114.85,111.51,111.62,1907183.0
1507780800,2017-10-12,111.3,112.96,110.8501,112.73,1733794.0
1507867200,2017-10-13,113.47,114.39,112.7,114.31,1429310.0
1508126400,2017-10-16,114.89,116.67,114.31,116.6,1885533.0
1508212800,2017-10-17,116.6,117.25,115.29,115.64,1890141.0
1508299200,2017-10-18,116.06,116.94,114.78,115.14,1797335.0
1508385600,2017-10-19,113.96,115.49,113.07,114.27,1980809.0
1508472000,2017-10-20,113.74,114.39,112.71,114.19,1934755.0
1508731200,2017-10-23,114.95,114.95,113.2,113.48,1950030.0
1508817600,2017-10-24,113.11,115.21,112.86,114.04,1911311.0
1508904000,2017-10-25,113.36,115.41,112.88,114.55,2030671.0
1508990400,2017-10-26,113.49,116.05,112.81,115.56,1795299.0
1509076800,2017-10-27,115.53,116.36,114.64,116.27,2015942.0
1509336000,2017-10-30,116.53,117.35,113.44,114.24,2275367.0
1509422400,2017-10-31,117.95,117.95,111.17,113.25,2258007.0
1509508800,2017-11-01,113.42,114.79,106.36,107.96,2952922.0
1509595200,2017-11-02,107.74,107.89,104.06,106.51,2492088.0
1509681600,2017-11-03,106.08,108.04,104.17,105.08,1969609.0
1509944400,2017-11-06,104.55,106.7501,103.69,105.43,1647812.0
1510030800,2017-11-07,106.03,109.845,106.03,108.14,1990745.0
1510117200,2017-11-08,108.22,109.42,104.9149,104.98,1427293.0
1510203600,2017-11-09,104.36,105.31,101.75,102.99,1625452.0
1510290000,2017-11-10,101.81,105.09,100.6029,104.76,3078704.0
1510549200,2017-11-13,104.3,107.83,103.2,107.21,2092268.0
1510635600,2017-11-14,106.3,107.22,103.56,105.12,2072053.0
1510722000,2017-11-15,105.13,105.98,104.0,105.24,1094910.0
1510808400,2017-11-16,105.49,108.25,105.01,106.48,1258232.0
1510894800,2017-11-17,106.06,107.1,105.415,105.47,1153781.0
1511154000,2017-11-20,105.29,106.95,98.72,98.95,2720078.0
1511240400,2017-11-21,99.36,99.97,96.6,98.95,3030603.0
1511326800,2017-11-22,99.09,100.26,98.28,99.0,1254578.0
1511499600,2017-11-24,98.71,99.47,98.305,98.78,534287.0
1511758800,2017-11-27,98.93,99.33,97.43,97.86,1467878.0
1511845200,2017-11-28,98.08,98.2355,94.78,95.83,1944771.0
1511931600,2017-11-29,96.58,97.31,95.06,95.96,1479962.0
1512018000,2017-11-30,96.43,100.3,96.2,98.99,1963873.0
1512104400,2017-12-01,98.01,99.64,96.075,97.94,1476571.0
1512363600,2017-12-04,98.69,99.71,93.65,93.68,1809768.0
1512450000,2017-12-05,94.11,97.2,93.49,93.71,1513840.0
1512536400,2017-12-06,94.07,94.6,92.91,93.79,1351470.0
1512622800,2017-12-07,93.93,96.5,93.25,94.83,1347858.0
1512709200,2017-12-08,95.26,97.91,95.26,96.58,1364871.0
1512968400,2017-12-11,96.25,97.58,96.11,97.25,1601893.0
1513054800,2017-12-12,96.95,96.98,94.85,95.4,1692603.0
1513141200,2017-12-13,95.6,99.5185,95.1552,98.1,1444265.0
1513227600,2017-12-14,98.82,99.5,95.86,95.97,1493127.0
1513314000,2017-12-15,97.41,97.41,94.45,96.41,4634964.0
1513573200,2017-12-18,96.92,96.93,93.3199,93.56,1700099.0
1513659600,2017-12-19,93.81,95.25,93.25,95.02,1752643.0
1513746000,2017-12-20,95.39,95.95,93.521,94.03,1572429.0
1513832400,2017-12-21,94.49,97.19,93.81,96.36,1117064.0
1513918800,2017-12-22,96.06,96.215,94.72,95.81,1125336.0
1514264400,2017-12-26,95.56,96.12,95.16,95.4,545127.0
1514350800,2017-12-27,95.62,96.95,95.35,96.51,895604.0
1514437200,2017-12-28,96.44,96.95,94.4,95.38,1262585.0
1514523600,2017-12-29,95.54,96.15,94.7,94.71,1407106.0
1514869200,2018-01-02,97.36,101.649,95.28,100.89,1997560.0
1514955600,2018-01-03,101.75,102.63,100.71,100.98,1570179.0
1515042000,2018-01-04,101.86,101.97,97.6,98.44,1525822.0
1515128400,2018-01-05,99.02,100.65,98.5,99.85,1529331.0
1515387600,2018-01-08,99.4,101.02,98.29,100.81,1715091.0
1515474000,2018-01-09,101.39,101.9,96.16,96.29,2850064.0
1515560400,2018-01-10,96.12,97.24,94.37,96.62,1454754.0
1515646800,2018-01-11,96.45,96.61,92.52,93.06,3436219.0
1515733200,2018-01-12,93.68,94.49,92.91,94.07,1707087.0
1516078800,2018-01-16,94.07,95.22,91.23,91.65,2531872.0
1516165200,2018-01-17,92.0,92.0,88.81,90.31,2858293.0
1516251600,2018-01-18,90.1,93.5102,89.98,91.92,2389964.0
1516338000,2018-01-19,92.23,93.58,91.55,93.16,2224625.0
1516597200,2018-01-22,93.38,95.33,92.65,94.08,2982670.0
1516683600,2018-01-23,94.1,95.164,93.88,94.63,1566823.0
1516770000,2018-01-24,94.75,96.44,94.33,95.34,1644736.0
1516856400,2018-01-25,95.41,95.78,93.66,94.26,1377279.0
1516942800,2018-01-26,94.73,95.685,94.06,95.51,1425378.0
1517202000,2018-01-29,95.91,95.94,93.27,93.54,1455815.0
1517288400,2018-01-30,92.93,93.37,91.66,92.5,1484358.0
1517374800,2018-01-31,92.61,92.7552,89.77,90.29,1560999.0
1517461200,2018-02-01,90.52,91.2681,89.27,89.67,1476824.0
1517547600,2018-02-02,89.11,89.45,85.75,85.92,2510403.0
1517806800,2018-02-05,86.51,87.9,85.31,85.34,2722814.0
1517893200,2018-02-06,85.06,88.33,84.21,88.11,2453763.0
1517979600,2018-02-07,87.25,88.05,86.09,86.34,1446087.0
1518066000,2018-02-08,86.4,87.23,83.88,83.92,2124192.0
1518152400,2018-02-09,84.45,85.385,80.85,84.5,2552236.0
1518411600,2018-02-12,84.99,88.36,84.99,87.52,1967692.0
1518498000,2018-02-13,87.25,88.835,85.891,88.03,1810364.0
1518584400,2018-02-14,87.31,89.12,86.21,88.17,2357561.0
1518670800,2018-02-15,87.9,88.59,83.75,85.59,2627653.0
1518757200,2018-02-16,85.55,88.2284,84.51,86.03,2716654.0
1519102800,2018-02-20,85.6,87.561,84.58,85.51,1491855.0
1519189200,2018-02-21,85.36,86.985,84.66,84.71,1506218.0
1519275600,2018-02-22,85.14,87.54,85.02,85.19,1420782.0
1519362000,2018-02-23,85.43,88.015,84.88,87.8,1599823.0
1519621200,2018-02-26,88.5,91.2835,87.12,87.53,1090926.0
1519707600,2018-02-27,87.68,88.74,86.39,86.57,1159800.0
1519794000,2018-02-28,86.55,87.1102,85.14,85.16,1596427.0
1519880400,2018-03-01,84.88,85.0,81.25,83.09,2611475.0
1519966800,2018-03-02,82.3,86.89,82.05,86.61,1425025.0
1520226000,2018-03-05,86.16,91.23,85.35,90.97,2054125.0
1520312400,2018-03-06,91.21,92.7,89.86,91.09,1840846.0
1520398800,2018-03-07,90.53,92.19,90.5283,91.7,1625411.0
1520485200,2018-03-08,91.81,92.74,90.8473,92.42,1359041.0
1520571600,2018-03-09,93.02,94.79,92.86,94.23,1730659.0
1520827200,2018-03-12,94.55,95.1599,93.7,94.45,1703676.0
1520913600,2018-03-13,94.57,95.64,93.47,94.63,1909414.0
1521000000,2018-03-14,95.4,96.33,92.0039,92.26,2765496.0
1521086400,2018-03-15,92.29,93.25,87.95,88.69,1828750.0
1521172800,2018-03-16,89.2,90.56,87.36,90.03,2537362.0
1521432000,2018-03-19,89.5,89.71,85.13,86.27,1937859.0
1521518400,2018-03-20,86.5,87.3441,85.8701,87.01,1627228.0
1521604800,2018-03-21,87.45,89.75,87.06,88.79,1375119.0
1521691200,2018-03-22,87.64,88.5,85.18,85.25,2356075.0
1521777600,2018-03-23,85.0,85.6899,82.765,83.06,1419258.0
1522036800,2018-03-26,84.5,86.47,82.78,86.37,1264690.0
1522123200,2018-03-27,86.93,88.66,84.57,85.03,1820952.0
1522209600,2018-03-28,86.05,87.89,84.33,84.96,1863361.0
1522296000,2018-03-29,85.06,85.68,83.31,83.33,1766451.0
1522641600,2018-04-02,82.81,83.38,79.39,80.56,1896591.0
1522728000,2018-04-03,81.0,82.46,79.27,81.89,1198257.0
1522814400,2018-04-04,80.84,84.4,80.3142,83.98,1317257.0
1522900800,2018-04-05,84.8,84.8,82.54,83.07,1296997.0
1522987200,2018-04-06,65.99,69.49,63.43,64.02,26471497.0
1523246400,2018-04-09,64.57,67.23,61.3,65.36,8180065.0
1523332800,2018-04-10,66.21,68.66,65.4,68.12,3164270.0
1523419200,2018-04-11,67.51,69.11,65.75,66.29,2302710.0
1523505600,2018-04-12,67.41,70.58,67.05,69.83,4946065.0
1523592000,2018-04-13,70.32,70.62,68.89,70.11,2370730.0
1523851200,2018-04-16,70.49,71.245,68.76,70.37,2479083.0
1523937600,2018-04-17,70.68,71.08,70.06,70.52,1910046.0
1524024000,2018-04-18,70.47,71.18,69.93,70.07,1877073.0
1524110400,2018-04-19,67.72,70.38,67.0101,69.05,3797498.0
1524196800,2018-04-20,69.29,69.41,67.7501,68.43,3665253.0
1524456000,2018-04-23,68.83,69.91,67.7,68.14,3001336.0
1524542400,2018-04-24,65.66,66.255,62.07,62.35,7762633.0
1524628800,2018-04-25,62.61,63.9299,62.3501,62.99,3822908.0
1524715200,2018-04-26,63.47,63.47,61.61,62.61,3249486.0
1524801600,2018-04-27,62.83,63.62,62.45,62.96,3020673.0
1525060800,2018-04-30,62.99,63.14,61.5,61.94,3117537.0
1525147200,2018-05-01,62.0,62.93,60.625,60.85,3025375.0
1525233600,2018-05-02,60.94,61.05,60.94,61.05,215487.0
1525320000,2018-05-03,60.89,62.39,60.89,62.39,286390.0
1525406400,2018-05-04,62.3,63.87,61.75,62.13,3049510.0
1525665600,2018-05-07,62.38,63.85,61.94,62.87,2880336.0
1525752000,2018-05-08,62.54,63.5,62.2733,62.87,1868550.0
1525838400,2018-05-09,62.78,64.48,62.6552,64.35,2508112.0
1525924800,2018-05-10,64.55,65.76,64.53,65.27,3347818.0
1526011200,2018-05-11,65.39,66.91,64.61,66.45,2585843.0
1526270400,2018-05-14,66.43,67.85,65.81,67.22,2525851.0
1526356800,2018-05-15,66.72,67.839,66.25,67.23,2037356.0
1526443200,2018-05-16,67.12,67.6,65.73,67.02,2393012.0
1526529600,2018-05-17,65.26,67.52,65.1,66.64,2121320.0
1526616000,2018-05-18,66.77,68.1256,66.5,67.83,1979238.0
1526875200,2018-05-21,68.2,68.24,66.56,66.79,1374584.0
1526961600,2018-05-22,67.14,67.52,66.38,66.56,1146050.0
1527048000,2018-05-23,66.06,66.98,66.0,66.57,958424.0
1527134400,2018-05-24,66.71,66.86,65.55,66.67,1303975.0
1527220800,2018-05-25,66.95,69.18,66.825,68.43,1469135.0
1527566400,2018-05-29,67.85,68.12,66.35,67.06,1471144.0
1527652800,2018-05-30,67.38,68.18,66.77,67.87,1957956.0
1527739200,2018-05-31,68.21,68.83,67.36,68.27,1589488.0
1527825600,2018-06-01,68.53,69.61,66.5,67.91,2324073.0
1528084800,2018-06-04,67.89,68.45,66.95,68.04,1444376.0
1528171200,2018-06-05,68.07,68.6,67.25,68.41,1539379.0
1528257600,2018-06-06,68.6,69.05,67.91,68.55,1332915.0
1528344000,2018-06-07,69.04,70.2,68.27,69.02,2090247.0
1528430400,2018-06-08,69.1,71.41,68.835,70.01,1712981.0
1528689600,2018-06-11,71.27,71.85,69.34,69.36,1602478.0
1528776000,2018-06-12,69.24,71.41,69.24,70.58,1220907.0
1528862400,2018-06-13,70.91,71.95,70.13,70.54,1367001.0
1528948800,2018-06-14,70.87,74.335,70.77,73.64,3032582.0
1529035200,2018-06-15,74.04,74.64,71.85,73.96,4569145.0
1529294400,2018-06-18,73.03,73.54,71.13,72.02,3312344.0
1529380800,2018-06-19,71.61,73.35,71.28,72.98,3136175.0
1529467200,2018-06-20,73.38,74.3,72.78,73.43,2032074.0
1529553600,2018-06-21,74.18,75.15,72.32,72.49,2513980.0
1529640000,2018-06-22,73.0,74.4,72.33,74.03,2387792.0
1529899200,2018-06-25,73.15,73.56,71.16,71.73,2028530.0
1529985600,2018-06-26,71.12,71.47,66.1,66.73,4299343.0
1530072000,2018-06-27,66.53,67.06,65.42,65.46,1836155.0
1530158400,2018-06-28,65.19,66.27,63.51,65.78,2597135.0
1530244800,2018-06-29,65.68,68.28,65.54,67.0,1880234.0
1530504000,2018-07-02,66.82,69.05,66.28,68.62,1711319.0
1530590400,2018-07-03,68.61,69.095,67.82,68.28,952661.0
1530763200,2018-07-05,68.8,69.64,68.02,69.29,816142.0
1530849600,2018-07-06,69.8,71.38,69.76,70.83,1664190.0
1531108800,2018-07-09,71.34,72.37,70.185,71.62,3258832.0
1531195200,2018-07-10,71.94,71.94,70.09,70.18,1540049.0
1531281600,2018-07-11,69.85,70.54,69.15,70.28,1637082.0
1531368000,2018-07-12,70.53,71.555,70.1,71.14,1601510.0
1531454400,2018-07-13,69.38,70.99,68.54,70.19,1284409.0
1531713600,2018-07-16,69.93,70.95,69.73,70.11,1414522.0
1531800000,2018-07-17,69.94,71.17,69.7,70.23,2427642.0
1531886400,2018-07-18,70.33,70.67,69.56,70.37,1439390.0
1531972800,2018-07-19,70.38,70.6721,69.18,70.11,1552920.0
1532059200,2018-07-20,70.11,70.11,69.02,69.2,1314164.0
1532318400,2018-07-23,69.27,69.27,68.23,68.96,1187887.0
1532404800,2018-07-24,69.21,71.105,68.58,68.99,1481655.0
1532491200,2018-07-25,69.01,70.43,69.01,70.1,1230783.0
1532577600,2018-07-26,70.27,70.5,69.15,69.91,1223855.0
1532664000,2018-07-27,69.84,69.84,68.22,68.64,1439256.0
1532923200,2018-07-30,68.52,69.75,67.61,68.58,1774591.0
1533009600,2018-07-31,69.34,70.445,65.25,66.54,2783887.0
1533096000,2018-08-01,65.38,66.54,64.9301,65.59,2239175.0
1533182400,2018-08-02,65.31,65.31,64.16,64.45,2553907.0
1533268800,2018-08-03,64.59,64.6,62.5,63.04,2247343.0
1533528000,2018-08-06,63.04,63.28,61.45,61.75,2363846.0
1533614400,2018-08-07,61.94,63.11,61.94,63.01,2209470.0
1533700800,2018-08-08,63.17,64.8,62.65,63.61,2791392.0
1533787200,2018-08-09,63.47,64.7,62.62,64.38,1729469.0
1533873600,2018-08-10,63.88,65.46,63.88,64.44,1096005.0
1534132800,2018-08-13,64.46,65.49,63.25,64.87,1583656.0
1534219200,2018-08-14,65.01,66.58,65.0,66.45,1581358.0
1534305600,2018-08-15,67.52,68.34,66.44,66.87,2142532.0
1534392000,2018-08-16,67.02,68.205,66.44,67.85,1258612.0
1534478400,2018-08-17,67.55,69.4,67.015,68.8,1397547.0
1534737600,2018-08-20,69.28,69.33,68.31,69.05,1558574.0
1534824000,2018-08-21,68.96,70.43,68.81,69.62,1842149.0
1534910400,2018-08-22,69.34,70.01,68.93,69.48,907372.0
1534996800,2018-08-23,69.3,69.62,68.3,69.18,1978560.0
1535083200,2018-08-24,69.4,70.81,69.28,70.08,2042796.0
1535342400,2018-08-27,70.5,73.355,70.3983,72.36,1953848.0
1535428800,2018-08-28,72.26,74.45,72.25,73.85,1595757.0
1535515200,2018-08-29,73.87,74.38,73.35,74.08,1558016.0
1535601600,2018-08-30,73.96,74.65,71.78,73.65,744208.0
1535688000,2018-08-31,73.74,74.69,73.47,73.91,1063459.0
1536033600,2018-09-04,73.44,73.9,72.365,73.84,1127716.0
1536120000,2018-09-05,73.56,74.81,73.56,74.23,994875.0
1536206400,2018-09-06,74.3,74.61,71.44,72.21,1463668.0
1536292800,2018-09-07,71.63,71.7,68.86,69.17,1859875.0
1536552000,2018-09-10,69.57,69.57,67.78,68.4,1434185.0
1536638400,2018-09-11,68.1,69.1375,66.35,66.82,2572277.0
1536724800,2018-09-12,66.86,66.96,65.47,66.51,1679130.0
1536811200,2018-09-13,67.03,67.67,66.08,67.48,1308023.0
1536897600,2018-09-14,67.65,68.53,67.19,68.09,1091965.0
1537156800,2018-09-17,68.09,68.3988,66.4667,67.02,1253002.0
1537243200,2018-09-18,66.85,67.98,66.59,67.82,879145.0
1537329600,2018-09-19,67.79,68.96,67.2,67.25,1045086.0
1537416000,2018-09-20,67.36,68.61,67.2642,68.28,1296978.0
1537502400,2018-09-21,68.37,68.861,66.415,66.59,2728441.0
1537761600,2018-09-24,66.52,66.87,65.64,66.48,1252366.0
1537848000,2018-09-25,66.71,66.83,65.65,65.86,1281516.0
1537934400,2018-09-26,66.03,69.34,66.03,67.42,1981176.0
1538020800,2018-09-27,67.55,69.43,67.0,69.04,1113372.0
1538107200,2018-09-28,68.81,69.93,68.56,69.08,1548482.0
1538366400,2018-10-01,69.47,69.9,68.3,68.82,993162.0
1538452800,2018-10-02,68.86,69.9,68.57,69.85,1184057.0
1538539200,2018-10-03,70.0,70.58,69.55,69.94,983740.0
1538625600,2018-10-04,69.76,69.76,65.71,66.19,1594739.0
1538712000,2018-10-05,66.27,66.985,63.79,65.08,1472962.0
1538971200,2018-10-08,64.61,65.01,62.83,64.17,1561839.0
1539057600,2018-10-09,64.18,65.97,63.72,65.5,973934.0
1539144000,2018-10-10,65.5,66.265,63.78,63.85,1754894.0
1539230400,2018-10-11,64.08,64.97,61.07,61.75,2396223.0
1539316800,2018-10-12,62.69,63.0,60.9,62.56,1846158.0
1539576000,2018-10-15,62.17,63.0,61.51,62.03,1351926.0
1539662400,2018-10-16,62.47,65.12,62.27,64.91,1676678.0
1539748800,2018-10-17,64.91,65.5,64.1,65.04,2241288.0
1539835200,2018-10-18,65.35,65.49,63.49,64.44,1380175.0
1539921600,2018-10-19,64.49,67.02,63.75,66.06,1913415.0
1540180800,2018-10-22,67.07,67.545,64.75,65.18,1185532.0
1540267200,2018-10-23,64.34,65.87,62.705,65.04,1309550.0
1540353600,2018-10-24,64.89,64.97,60.71,60.92,2891486.0
1540440000,2018-10-25,61.47,64.56,60.68,64.29,2090723.0
1540526400,2018-10-26,62.14,65.55,61.45,63.95,1816023.0
1540785600,2018-10-29,65.08,66.7,61.81,63.32,1910334.0
1540872000,2018-10-30,61.41,63.0,58.33,61.03,6036299.0
1540958400,2018-10-31,61.66,65.77,61.255,64.82,2782925.0
1541044800,2018-11-01,65.0,69.27,62.3288,68.43,1945566.0
1541131200,2018-11-02,68.95,69.81,65.89,67.41,1739681.0
1541394000,2018-11-05,67.73,69.19,66.38,68.97,1405133.0
1541480400,2018-11-06,69.1,69.85,68.05,68.53,1249879.0
1541566800,2018-11-07,69.27,70.0,68.05,69.03,1858224.0
1541653200,2018-11-08,68.99,69.72,67.96,68.67,1413401.0
1541739600,2018-11-09,68.39,68.5,64.93,66.03,1446302.0
1541998800,2018-11-12,66.1,66.19,62.51,62.86,2554770.0
1542085200,2018-11-13,62.97,65.295,62.8,63.73,1741909.0
1542171600,2018-11-14,64.17,64.775,62.85,64.15,2617668.0
1542258000,2018-11-15,62.82,65.07,61.52,65.03,1593998.0
1542344400,2018-11-16,64.86,66.91,64.33,66.51,1451120.0
1542603600,2018-11-19,66.32,66.852,63.53,64.25,2096608.0
1542690000,2018-11-20,63.51,64.78,62.6425,63.59,1376971.0
1542776400,2018-11-21,63.94,64.66,63.1,64.14,1205509.0
1542949200,2018-11-23,63.62,66.3,63.3,64.67,777618.0
1543208400,2018-11-26,65.5,67.53,65.01,67.38,1356699.0
1543294800,2018-11-27,66.8,68.14,65.74,67.19,1412753.0
1543381200,2018-11-28,67.11,67.28,65.18,65.76,2116691.0
1543467600,2018-11-29,65.22,66.25,64.71,64.79,1593495.0
1543554000,2018-11-30,64.84,65.5,63.55,64.25,3158719.0
1543813200,2018-12-03,65.25,68.93,65.25,68.32,2915443.0
1543899600,2018-12-04,68.07,68.72,65.38,65.52,2233789.0
1544072400,2018-12-06,64.72,65.46,63.22,65.1,1772030.0
1544158800,2018-12-07,64.7,66.88,63.93,64.51,1431930.0
1544418000,2018-12-10,64.73,65.8,63.54,65.42,1444710.0
1544504400,2018-12-11,66.3,66.48,64.8609,65.6,1016569.0
1544590800,2018-12-12,66.65,68.599,66.65,67.67,1234304.0
1544677200,2018-12-13,67.96,68.87,67.05,67.29,1290174.0
1544763600,2018-12-14,66.61,67.639,65.66,66.25,1374640.0
1545022800,2018-12-17,65.75,66.895,64.21,64.82,1712750.0
1545109200,2018-12-18,66.69,66.86,63.5,64.26,1897646.0
1545195600,2018-12-19,64.04,65.48,61.89,62.75,2062218.0
1545282000,2018-12-20,62.43,63.38,60.63,61.73,2023424.0
1545368400,2018-12-21,62.02,63.33,58.35,58.67,4442640.0
1545627600,2018-12-24,58.25,60.12,57.0,58.5,1109372.0
1545800400,2018-12-26,58.88,62.05,58.46,62.02,1614471.0
1545886800,2018-12-27,61.4,62.37,60.0,62.34,1553963.0
1545973200,2018-12-28,62.74,63.82,61.71,62.28,1210201.0
1546232400,2018-12-31,62.8,64.5374,62.6613,63.59,1280281.0
1546405200,2019-01-02,62.49,64.97,62.0312,63.56,1624686.0
1546491600,2019-01-03,64.47,69.61,64.4,68.06,3993098.0
1546578000,2019-01-04,69.32,73.37,69.12,72.27,3369503.0
1546837200,2019-01-07,72.93,75.02,72.21,74.21,2495532.0
1546923600,2019-01-08,75.56,76.845,73.66,74.9,3173507.0
1547010000,2019-01-09,75.53,75.72,73.26,73.7,1976831.0
1547096400,2019-01-10,73.48,75.45,72.73,75.12,2009603.0
1547182800,2019-01-11,75.1,75.38,73.62,74.65,1320976.0
1547442000,2019-01-14,74.25,74.35,73.13,73.54,1696228.0
1547528400,2019-01-15,75.0,79.56,74.8332,78.76,2887875.0
1547614800,2019-01-16,77.38,77.91,75.6,76.56,2458873.0
1547701200,2019-01-17,76.44,78.91,75.91,78.67,2636163.0
1547787600,2019-01-18,79.24,79.5,77.9339,78.42,2441104.0
1548133200,2019-01-22,78.0,78.0,76.38,77.3297,1862492.0
1548219600,2019-01-23,76.67,77.14,74.05,75.2,2005182.0
1548306000,2019-01-24,76.99,77.58,76.2635,77.01,2179024.0
1548392400,2019-01-25,77.4,79.99,76.55,79.95,2991628.0
1548651600,2019-01-28,79.52,81.25,79.375,80.66,2499291.0
1548738000,2019-01-29,80.72,81.11,78.24,79.29,1225108.0
1548824400,2019-01-30,79.29,80.06,78.2142,79.98,890902.0
1548910800,2019-01-31,79.61,80.69,79.28,80.59,1012093.0
1548997200,2019-02-01,80.83,83.05,80.5731,82.92,1799525.0
1549256400,2019-02-04,83.13,83.13,80.47,81.6,1386766.0
1549342800,2019-02-05,82.31,82.49,80.76,81.4,1128437.0
1549429200,2019-02-06,81.15,81.75,80.3,81.42,905246.0
1549515600,2019-02-07,80.74,81.15,79.52,79.83,1369330.0
1549602000,2019-02-08,79.5,80.91,79.4092,80.87,1255925.0
1549861200,2019-02-11,81.07,81.25,79.9,80.21,1305161.0
1549947600,2019-02-12,81.53,81.64,80.3,81.4,2275532.0
1550034000,2019-02-13,81.53,82.29,80.15,81.06,1585006.0
1550120400,2019-02-14,81.87,83.99,80.1104,83.42,3414883.0
1550206800,2019-02-15,82.045,84.25,82.045,84.15,2253241.0
1550552400,2019-02-19,84.25,84.71,83.6,84.08,1308300.0
1550638800,2019-02-20,83.73,84.23,82.68,83.74,1420883.0
1550725200,2019-02-21,83.62,84.5,82.21,83.33,1063682.0
1550811600,2019-02-22,83.73,84.87,83.28,84.85,1353763.0
1551070800,2019-02-25,85.49,87.65,85.35,86.88,2026485.0
1551157200,2019-02-26,86.91,87.045,85.65,85.7,871427.0
1551243600,2019-02-27,85.24,87.03,85.03,87.0,1122514.0
1551330000,2019-02-28,87.02,87.83,85.44,86.23,1245714.0
1551416400,2019-03-01,86.72,88.8,85.91,88.17,1191149.0
1551675600,2019-03-04,88.52,88.83,84.9968,85.41,1641502.0
1551762000,2019-03-05,84.89,86.19,84.27,85.04,1051910.0
1551848400,2019-03-06,85.19,85.19,83.23,83.37,891524.0
1551934800,2019-03-07,82.84,83.44,81.68,82.45,1096552.0
1552021200,2019-03-08,81.83,82.37,80.92,82.12,982114.0
1552276800,2019-03-11,82.62,84.21,81.84,84.17,1415732.0
1552363200,2019-03-12,84.05,85.25,83.66,84.9,854863.0
1552449600,2019-03-13,85.48,86.1,84.71,85.06,1285153.0
1552536000,2019-03-14,85.11,85.7358,83.83,84.31,2011775.0
1552622400,2019-03-15,83.89,85.24,83.89,84.8,2636216.0
1552881600,2019-03-18,84.82,85.89,84.06,85.62,1023898.0
1552968000,2019-03-19,86.12,86.35,85.21,85.67,984888.0
1553054400,2019-03-20,85.63,87.2,85.38,86.31,1174462.0
1553140800,2019-03-21,85.57,87.25,85.0,87.08,963956.0
1553227200,2019-03-22,86.75,87.1,85.3,85.34,1681895.0
1553486400,2019-03-25,85.28,86.06,84.21,86.02,956334.0
1553572800,2019-03-26,86.96,87.4657,86.19,87.12,978860.0
1553659200,2019-03-27,87.04,87.55,85.44,86.02,1089755.0
1553745600,2019-03-28,86.02,86.94,85.17,85.74,942173.0
1553832000,2019-03-29,86.52,86.78,85.88,85.99,1411441.0
1554091200,2019-04-01,87.36,87.91,85.82,85.95,1073487.0
1554177600,2019-04-02,85.8,87.16,84.96,86.7,1316643.0
1554264000,2019-04-03,86.14,86.6,83.321,84.35,3039171.0
1554350400,2019-04-04,84.43,84.78,82.37,83.22,1362802.0
1554436800,2019-04-05,83.62,85.13,83.62,84.76,2066034.0
1554696000,2019-04-08,84.75,84.91,82.15,84.43,1752009.0
1554782400,2019-04-09,84.09,84.35,82.58,82.73,1002465.0
1554868800,2019-04-10,82.75,84.16,82.545,83.41,1100551.0
1554955200,2019-04-11,83.62,83.92,80.99,81.06,1226104.0
1555041600,2019-04-12,81.38,81.78,79.21,79.4,1899389.0
1555300800,2019-04-15,79.33,80.37,77.63,78.15,1851872.0
1555387200,2019-04-16,78.53,79.26,76.74,76.98,1448921.0
1555473600,2019-04-17,77.14,77.2856,73.895,74.32,2001722.0
1555560000,2019-04-18,74.74,75.71,72.43,73.96,1928237.0
1555905600,2019-04-22,73.96,74.64,72.36,73.66,1441927.0
1555992000,2019-04-23,73.71,75.56,73.33,75.41,1650521.0
1556078400,2019-04-24,75.03,75.22,73.45,73.52,1023991.0
1556164800,2019-04-25,73.03,74.18,72.4,73.94,1262459.0
1556251200,2019-04-26,74.41,75.1,73.59,75.03,1653690.0
1556510400,2019-04-29,74.43,74.81,72.95,74.38,1648851.0
1556596800,2019-04-30,74.61,80.0,73.788,76.8,2242290.0
1556683200,2019-05-01,77.17,80.48,77.01,78.91,2157650.0
1556769600,2019-05-02,79.25,81.48,79.07,80.94,2093132.0
1556856000,2019-05-03,80.56,83.15,79.64,83.06,1911097.0
1557115200,2019-05-06,81.74,85.16,80.73,85.0,1338039.0
1557201600,2019-05-07,84.04,84.8,82.44,83.23,2105900.0
1557288000,2019-05-08,82.93,83.76,82.27,82.85,1311741.0
1557374400,2019-05-09,82.25,82.79,80.7,82.02,1278875.0
1557460800,2019-05-10,81.92,82.0,78.2,80.68,1559116.0
1557720000,2019-05-13,79.38,79.49,75.52,75.75,1688836.0
1557806400,2019-05-14,76.14,76.83,75.515,76.11,1060657.0
1557892800,2019-05-15,75.46,76.27,74.31,75.99,2228253.0
1557979200,2019-05-16,76.16,78.45,76.16,77.64,1236594.0
1558065600,2019-05-17,77.01,78.02,76.12,77.2,1102650.0
1558324800,2019-05-20,76.75,77.21,76.05,76.83,1035879.0
1558411200,2019-05-21,77.08,78.835,76.85,78.68,1215760.0
1558497600,2019-05-22,78.5,79.59,77.98,79.02,925265.0
1558584000,2019-05-23,78.61,80.56,78.07,80.5,1466506.0
1558670400,2019-05-24,80.79,82.31,80.26,81.75,1563529.0
1559016000,2019-05-28,81.86,84.04,81.66,81.76,1486647.0
1559102400,2019-05-29,81.47,81.565,77.27,77.59,1472184.0
1559188800,2019-05-30,77.87,78.83,77.03,78.71,866199.0
1559275200,2019-05-31,77.95,80.21,77.57,78.63,1060703.0
1559534400,2019-06-03,78.99,80.38,78.29,79.56,1401716.0
1559620800,2019-06-04,80.68,81.68,79.795,81.56,1910835.0
1559707200,2019-06-05,80.68,81.68,79.795,81.56,1910835.0
1559793600,2019-06-06,81.06,81.81,79.69,79.86,934619.0
1559880000,2019-06-07,80.15,81.11,79.29,80.83,826819.0
1560139200,2019-06-10,80.78,81.54,76.57,76.8,1695478.0
1560225600,2019-06-11,76.88,77.275,74.48,75.56,1623774.0
1560312000,2019-06-12,76.84,76.98,74.94,75.8,1472670.0
1560398400,2019-06-13,75.74,76.46,75.0034,76.37,1480370.0
1560484800,2019-06-14,76.3,77.79,75.46,77.71,1377529.0
1560744000,2019-06-17,79.07,82.565,78.5,81.84,2570030.0
1560830400,2019-06-18,82.82,84.87,82.0,84.32,2127228.0
1560916800,2019-06-19,84.71,85.36,83.7,84.87,1399594.0
1561003200,2019-06-20,85.6,87.125,85.6,86.57,1602455.0
1561089600,2019-06-21,87.25,88.85,86.29,88.7,2939539.0
1561348800,2019-06-24,88.7,89.3,86.67,86.92,1408283.0
1561435200,2019-06-25,87.25,88.63,86.33,87.61,1431224.0
1561521600,2019-06-26,87.54,88.28,85.22,85.63,1456900.0
1561608000,2019-06-27,86.06,86.59,84.53,84.72,1121471.0
1561694400,2019-06-28,84.59,85.28,83.37,84.96,2112336.0
1561953600,2019-07-01,85.8,86.5,84.575,85.42,1210728.0
1562040000,2019-07-02,86.0,86.0,83.95,85.01,1059121.0
1562126400,2019-07-03,84.84,86.54,83.64,86.52,1033237.0
1562299200,2019-07-05,85.61,87.06,85.0,85.28,769979.0
1562558400,2019-07-08,84.74,85.0,82.11,83.01,1311265.0
1562644800,2019-07-09,82.48,84.15,82.35,83.82,1130129.0
1562731200,2019-07-10,83.94,85.06,83.05,83.77,868003.0
1562817600,2019-07-11,83.81,83.975,80.17,81.23,1260797.0
1562904000,2019-07-12,81.38,81.95,79.62,80.1,1096078.0
1563163200,2019-07-15,79.99,81.57,79.53,81.39,1280997.0
1563249600,2019-07-16,81.35,81.51,79.7,79.88,935956.0
1563336000,2019-07-17,79.91,80.88,79.4,80.23,1028957.0
1563422400,2019-07-18,80.35,81.5,80.14,81.31,862333.0
1563508800,2019-07-19,81.81,82.26,80.23,80.54,1153739.0
1563768000,2019-07-22,80.89,82.71,80.39,81.71,840317.0
1563854400,2019-07-23,81.67,81.83,78.42,78.51,1935647.0
1563940800,2019-07-24,78.54,79.72,77.5976,79.15,1705460.0
1564027200,2019-07-25,78.69,79.3,77.3,78.8,819720.0
1564113600,2019-07-26,79.34,80.95,79.005,80.15,1149643.0
1564372800,2019-07-29,80.09,80.46,78.15,80.26,1146354.0
1564459200,2019-07-30,82.77,85.57,80.06,85.43,1894998.0
1564545600,2019-07-31,85.5,86.53,83.86,84.92,1415688.0
1564632000,2019-08-01,84.52,87.23,84.24,84.85,1143522.0
1564718400,2019-08-02,84.73,85.9,82.71,83.47,1461466.0
1564977600,2019-08-05,82.32,82.45,80.03,80.92,1678651.0
1565064000,2019-08-06,81.2,82.77,79.9,82.63,1461643.0
1565150400,2019-08-07,81.78,81.78,79.765,80.46,1482074.0
1565236800,2019-08-08,80.66,81.31,78.01,81.26,1816821.0
1565323200,2019-08-09,80.97,82.72,80.22,81.79,1408599.0
1565582400,2019-08-12,81.66,83.84,80.56,82.48,1196982.0
1565668800,2019-08-13,82.3,84.78,81.96,82.89,1178566.0
1565755200,2019-08-14,82.14,83.29,80.91,81.06,1750099.0
1565841600,2019-08-15,80.96,81.47,79.59,80.61,1331990.0
1565928000,2019-08-16,81.42,83.345,80.8,83.12,1273204.0
1566187200,2019-08-19,84.08,84.92,83.15,84.52,1054394.0
1566273600,2019-08-20,84.23,84.96,83.92,84.1,917049.0
1566360000,2019-08-21,84.75,86.11,84.48,86.07,768499.0
1566446400,2019-08-22,86.32,86.32,84.63,85.56,982132.0
1566532800,2019-08-23,85.56,85.82,81.58,81.91,1411432.0
1566792000,2019-08-26,82.29,83.19,81.09,82.81,1244756.0
1566878400,2019-08-27,83.51,84.08,79.43,80.26,1718989.0
1566964800,2019-08-28,79.87,82.61,79.26,81.35,1142642.0
1567051200,2019-08-29,82.06,82.49,81.41,82.44,1340417.0
1567137600,2019-08-30,82.77,82.82,80.69,81.82,1072241.0
1567483200,2019-09-03,81.73,81.95,79.56,80.06,1048738.0
1567569600,2019-09-04,81.0,81.065,76.75,77.62,1835473.0
1567656000,2019-09-05,79.92,80.13,78.21,79.27,1809289.0
1567742400,2019-09-06,79.45,80.105,79.0801,79.24,773663.0
1568001600,2019-09-09,78.53,79.53,77.35,78.97,1032224.0
1568088000,2019-09-10,78.37,78.91,76.8287,77.91,1419473.0
1568174400,2019-09-11,77.85,79.79,77.84,78.48,986203.0
1568260800,2019-09-12,78.75,78.95,75.0,76.07,2452240.0
1568347200,2019-09-13,76.4,78.17,75.54,76.43,1815920.0
1568606400,2019-09-16,76.19,79.04,75.6,78.34,1234606.0
1568692800,2019-09-17,77.71,79.37,77.57,79.1,1115146.0
1568779200,2019-09-18,79.52,80.21,77.39,78.54,832732.0
1568865600,2019-09-19,78.5,79.22,77.91,78.12,1326298.0
1568952000,2019-09-20,78.52,81.64,78.37,81.21,2948094.0
1569211200,2019-09-23,81.01,81.97,76.63,77.64,1943369.0
1569297600,2019-09-24,78.38,78.38,75.49,76.95,1651738.0
1569384000,2019-09-25,76.62,77.5,75.02,75.07,1327996.0
1569470400,2019-09-26,75.19,75.465,72.85,73.76,1603086.0
1569556800,2019-09-27,74.27,74.27,72.0,72.82,1188348.0
1569816000,2019-09-30,72.93,74.88,72.78,74.23,1424034.0
1569902400,2019-10-01,73.53,74.745,73.3,73.96,1413177.0
1569988800,2019-10-02,73.97,73.97,72.905,73.04,1264140.0
1570075200,2019-10-03,73.64,74.93,72.25,74.88,1469746.0
1570161600,2019-10-04,74.91,75.82,73.38,74.87,896530.0
1570420800,2019-10-07,73.01,75.22,73.01,74.76,894601.0
1570507200,2019-10-08,74.44,75.48,73.52,74.44,749218.0
1570593600,2019-10-09,75.13,75.73,74.06,74.68,676348.0
1570680000,2019-10-10,74.55,75.9,74.13,75.77,808197.0
1570766400,2019-10-11,76.28,77.22,76.01,76.12,888630.0
1571025600,2019-10-14,76.39,78.3,76.255,77.46,748611.0
1571112000,2019-10-15,77.42,79.06,77.36,78.52,1028264.0
1571198400,2019-10-16,78.06,79.065,77.51,78.12,1217532.0
1571284800,2019-10-17,78.35,78.68,77.38,77.43,881643.0
1571371200,2019-10-18,77.64,79.38,77.25,77.76,1083246.0
1571630400,2019-10-21,77.89,78.69,77.01,78.59,1084361.0
1571716800,2019-10-22,78.76,80.37,78.36,78.51,1111442.0
1571803200,2019-10-23,78.67,79.355,77.92,78.1,794391.0
1571889600,2019-10-24,78.18,78.18,76.73,77.5,709461.0
1571976000,2019-10-25,76.41,78.21,76.27,77.55,852082.0
1572235200,2019-10-28,77.79,79.97,77.39,79.86,1550648.0
1572321600,2019-10-29,80.0,85.0,78.25,83.35,2174630.0
1572408000,2019-10-30,83.06,84.05,82.86,83.66,1046800.0
1572494400,2019-10-31,83.78,84.72,82.72,83.92,1288931.0
1572580800,2019-11-01,84.14,85.11,82.87,83.58,1354106.0
1572843600,2019-11-04,84.36,84.95,83.385,84.43,1169855.0
1572930000,2019-11-05,84.29,85.39,84.02,84.13,936587.0
1573016400,2019-11-06,84.06,84.57,83.52,83.68,1014744.0
1573102800,2019-11-07,83.84,84.605,82.46,82.76,835648.0
1573189200,2019-11-08,82.24,85.53,81.8484,85.1,1041065.0
1573448400,2019-11-11,85.11,85.61,84.26,84.86,652407.0
1573534800,2019-11-12,84.88,86.53,84.32,86.14,1037493.0
1573621200,2019-11-13,85.95,87.8399,85.04,87.43,1439467.0
1573707600,2019-11-14,87.56,87.77,85.74,85.79,1283407.0
1573794000,2019-11-15,86.46,87.23,85.99,86.7,1479531.0
1574053200,2019-11-18,86.5,88.0,86.35,87.49,1104592.0
1574139600,2019-11-19,87.85,88.63,87.63,87.94,1400794.0
1574226000,2019-11-20,87.73,90.0,87.22,88.9,2090059.0
1574312400,2019-11-21,89.5,89.7,87.85,88.4,1236182.0
1574398800,2019-11-22,89.29,89.93,88.08,88.73,2055105.0
1574658000,2019-11-25,89.78,94.48,89.62,94.0,2540016.0
1574744400,2019-11-26,94.0,94.2,92.37,93.76,1626309.0
1574830800,2019-11-27,94.41,94.75,93.75,94.12,1028574.0
1575003600,2019-11-29,94.89,95.0,93.82,94.16,859732.0
1575262800,2019-12-02,94.82,95.36,93.27,94.47,1357732.0
1575349200,2019-12-03,94.2,94.64,92.65,94.1,1815996.0
1575435600,2019-12-04,93.81,95.389,93.22,95.0,1512236.0
1575522000,2019-12-05,95.14,95.45,93.5707,93.99,1143465.0
1575608400,2019-12-06,94.54,94.85,93.36,94.48,1126666.0
1575867600,2019-12-09,94.6,95.44,94.36,94.79,1061548.0
1575954000,2019-12-10,94.64,96.59,94.16,95.72,1335597.0
1576040400,2019-12-11,96.02,96.79,94.47,94.93,1080339.0
1576126800,2019-12-12,94.67,95.08,92.79,92.85,3291231.0
1576213200,2019-12-13,91.58,92.53,89.16,91.51,2073139.0
1576472400,2019-12-16,91.61,93.35,91.61,92.66,2000198.0
1576558800,2019-12-17,93.43,93.43,90.97,91.31,1694347.0
1576645200,2019-12-18,90.84,91.99,90.7,91.18,1738186.0
1576731600,2019-12-19,90.9,91.54,90.9,91.14,1825684.0
1576818000,2019-12-20,92.01,92.04,89.41,90.1,5814751.0
1577077200,2019-12-23,90.68,90.69,88.36,90.16,2513704.0
1577163600,2019-12-24,90.47,91.5368,89.9334,91.43,585117.0
1577336400,2019-12-26,91.2,91.52,88.48,88.785,1239822.0
1577422800,2019-12-27,89.17,89.224,87.29,88.39,1503840.0
1577682000,2019-12-30,88.27,88.81,87.613,88.05,887337.0
1577768400,2019-12-31,87.7,88.15,86.9711,87.32,1093601.0
1577941200,2020-01-02,86.91,87.97,85.36,85.97,1895621.0
1578027600,2020-01-03,76.15,78.1,75.1573,77.9,6012628.0
1578286800,2020-01-06,77.27,77.425,75.52,77.34,3122758.0
1578373200,2020-01-07,77.28,77.62,76.16,77.14,1667031.0
1578459600,2020-01-08,77.29,77.45,76.08,76.53,1987972.0
1578546000,2020-01-09,76.5,78.69,76.5,77.95,2152762.0
1578632400,2020-01-10,77.7,78.25,76.315,76.47,1364763.0
1578891600,2020-01-13,76.58,77.92,75.81,77.1,2094979.0
1578978000,2020-01-14,77.38,81.64,77.1,81.47,3202822.0
1579064400,2020-01-15,81.12,82.38,80.285,80.54,1273929.0
1579150800,2020-01-16,81.08,81.57,80.29,80.62,1580267.0
1579237200,2020-01-17,80.98,81.11,80.05,80.5,1823320.0
1579582800,2020-01-21,80.17,80.255,78.46,78.65,1576712.0
1579669200,2020-01-22,78.83,79.53,78.22,78.48,988801.0
1579755600,2020-01-23,78.57,78.93,77.45,78.24,1358239.0
1579842000,2020-01-24,78.15,78.76,75.83,76.74,1490936.0
1580101200,2020-01-27,75.68,76.43,75.24,76.07,1257285.0
1580187600,2020-01-28,79.0,79.0568,75.37,76.46,2175035.0
1580274000,2020-01-29,76.09,76.345,74.82,74.99,1411090.0
1580360400,2020-01-30,74.55,74.55,72.97,73.14,1592174.0
1580446800,2020-01-31,72.55,73.6,71.84,73.07,1740735.0
1580706000,2020-02-03,73.95,74.1,72.57,72.95,1488165.0
1580792400,2020-02-04,73.73,74.52,73.0,73.88,1190072.0
1580878800,2020-02-05,74.56,77.33,74.5,76.0,1539424.0
1580965200,2020-02-06,76.19,76.19,74.6583,75.81,1041676.0
1581051600,2020-02-07,75.66,75.735,74.08,74.14,996222.0
1581310800,2020-02-10,73.66,75.26,73.51,75.11,973262.0
1581397200,2020-02-11,75.28,76.78,75.16,76.14,1080631.0
1581483600,2020-02-12,76.48,77.16,75.25,75.83,2275456.0
1581570000,2020-02-13,77.6,78.44,75.01,78.05,2425885.0
1581656400,2020-02-14,78.01,78.46,77.45,78.45,1604425.0
1582002000,2020-02-18,79.0,79.33,78.13,79.3,1414048.0
1582088400,2020-02-19,79.69,82.59,79.64,82.42,2122619.0
1582174800,2020-02-20,82.0,83.12,80.93,82.77,2871823.0
1582261200,2020-02-21,82.28,82.74,80.38,80.89,1647081.0
1582520400,2020-02-24,79.88,80.31,77.42,78.87,1583079.0
1582606800,2020-02-25,79.06,79.69,76.77,77.32,2352776.0
1582693200,2020-02-26,78.06,79.22,76.97,77.97,1611521.0
1582779600,2020-02-27,76.95,78.38,75.635,75.84,1929876.0
1582866000,2020-02-28,73.69,76.44,73.5,75.41,2948024.0
1583125200,2020-03-02,75.73,79.1,75.35,79.06,2572827.0
1583211600,2020-03-03,78.55,79.77,76.63,77.78,2249657.0
1583298000,2020-03-04,79.15,80.24,77.85,80.16,2279201.0
1583384400,2020-03-05,78.35,80.15,78.0,78.61,1643985.0
1583470800,2020-03-06,75.18,76.9,74.82,76.04,2047622.0
1583726400,2020-03-09,72.47,73.49,71.02,71.09,2389142.0
1583812800,2020-03-10,72.69,74.32,70.271,74.31,3156742.0
1583899200,2020-03-11,72.18,73.89,70.97,71.9,2606913.0
1583985600,2020-03-12,68.15,71.54,67.93,68.02,4730538.0
1584072000,2020-03-13,69.55,74.0,69.55,73.84,4012064.0
1584331200,2020-03-16,67.95,75.34,67.13,71.6,4357836.0
1584417600,2020-03-17,73.11,76.4761,69.865,70.37,3974784.0
1584504000,2020-03-18,67.9,72.87,63.35,66.9,3154225.0
1584590400,2020-03-19,66.3,67.81,63.95,66.51,3121196.0
1584676800,2020-03-20,67.26,72.42,66.51,66.96,3435558.0
1584936000,2020-03-23,67.7,68.5987,62.48,63.18,2733547.0
1585022400,2020-03-24,65.39,68.03,63.29,67.43,3230585.0
1585108800,2020-03-25,66.75,71.48,65.71,69.59,2850604.0
1585195200,2020-03-26,68.7,73.28,68.7,73.05,2116480.0
1585281600,2020-03-27,71.2,72.16,68.55,68.96,1709392.0
1585540800,2020-03-30,70.2,72.53,69.25,72.17,2255441.0
1585627200,2020-03-31,71.44,73.89,70.52,73.23,1952431.0
1585713600,2020-04-01,72.05,74.84,71.53,74.18,2253992.0
1585800000,2020-04-02,73.51,77.415,73.51,77.07,1719165.0
1585886400,2020-04-03,77.59,79.49,77.24,78.59,2469737.0
1586145600,2020-04-06,80.55,85.25,80.25,85.11,3689269.0
1586232000,2020-04-07,86.21,87.85,85.13,86.66,3404509.0
1586318400,2020-04-08,86.74,88.59,85.945,87.75,2361303.0
1586404800,2020-04-09,87.34,87.99,85.169,86.81,1970215.0
1586750400,2020-04-13,85.68,88.24,85.68,88.01,1705776.0
1586836800,2020-04-14,88.24,91.74,88.24,91.28,2160361.0
1586923200,2020-04-15,89.22,91.79,88.93,90.95,1871404.0
1587009600,2020-04-16,91.99,96.14,91.425,95.66,4075822.0
1587096000,2020-04-17,97.8276,100.27,96.1556,100.0,5362914.0
1587355200,2020-04-20,99.8,102.42,99.3,101.19,2830106.0
1587441600,2020-04-21,99.5,100.75,97.9,99.46,2854433.0
1587528000,2020-04-22,100.29,101.99,99.56,100.97,1840624.0
1587614400,2020-04-23,101.41,104.2,100.545,101.9,1468550.0
1587700800,2020-04-24,102.74,103.96,101.61,103.48,1870319.0
1587960000,2020-04-27,104.0,104.81,102.4,102.98,1369718.0
1588046400,2020-04-28,104.28,104.36,96.7,97.67,2935881.0
1588132800,2020-04-29,98.14,98.94,95.18,95.96,2010579.0
1588219200,2020-04-30,95.69,98.35,95.03,97.66,1997912.0
1588305600,2020-05-01,97.25,98.21,96.2,97.3,1468338.0
1588564800,2020-05-04,97.71,101.3777,97.71,100.99,1628514.0
1588651200,2020-05-05,99.35,100.52,97.01,98.82,2012401.0
1588737600,2020-05-06,96.84,97.87,95.38,96.08,1722558.0
1588824000,2020-05-07,97.16,97.82,95.6,96.47,1464749.0
1588910400,2020-05-08,96.88,96.93,94.67,95.92,1354998.0
1589169600,2020-05-11,96.09,99.65,95.66,99.33,1804520.0
1589256000,2020-05-12,100.0,100.14,96.74,96.74,1851577.0
1589342400,2020-05-13,96.98,98.66,95.33,96.45,1849748.0
1589428800,2020-05-14,95.85,96.51,93.8608,94.83,1222151.0
1589515200,2020-05-15,94.09,96.15,93.22,96.12,1434447.0
1589774400,2020-05-18,97.88,98.81,96.26,96.46,1289774.0
1589860800,2020-05-19,97.33,97.48,94.36,94.92,1071631.0
1589947200,2020-05-20,95.43,98.49,93.64,98.32,2179660.0
1590033600,2020-05-21,98.49,98.925,96.9659,98.68,1650927.0
1590120000,2020-05-22,97.67,99.8,97.45,99.37,1482185.0
1590465600,2020-05-26,100.41,101.875,98.11,98.68,3582744.0
1590552000,2020-05-27,98.73,99.8094,96.62,98.22,2598875.0
1590638400,2020-05-28,98.36,102.98,98.02,100.55,1850193.0
1590724800,2020-05-29,101.21,102.57,99.57,101.91,4476224.0
1590984000,2020-06-01,101.7,102.58,100.52,101.75,1513121.0
1591070400,2020-06-02,101.12,102.17,99.17,100.9,2100812.0
1591156800,2020-06-03,100.8,100.81,97.55,98.87,1781162.0
1591243200,2020-06-04,98.19,99.345,93.48,93.8,1712977.0
1591329600,2020-06-05,93.17,96.32,90.17,93.51,1762424.0
1591588800,2020-06-08,91.87,94.6,91.05,94.58,1708219.0
1591675200,2020-06-09,95.09,95.17,92.5,93.05,1333769.0
1591761600,2020-06-10,94.19,95.044,92.97,93.04,1478842.0
1591848000,2020-06-11,93.39,93.88,90.68,90.81,2199425.0
1591934400,2020-06-12,92.35,93.69,89.96,92.07,1215199.0
1592193600,2020-06-15,90.49,93.95,90.47,93.51,1423286.0
1592280000,2020-06-16,94.45,95.61,93.31,95.53,1361102.0
1592366400,2020-06-17,96.24,97.27,95.0,96.28,1129821.0
1592452800,2020-06-18,96.28,97.93,95.86,97.36,1140260.0
1592539200,2020-06-19,98.34,106.26,97.83,105.4,5038784.0
1592798400,2020-06-22,104.84,109.14,104.39,108.93,2660526.0
1592884800,2020-06-23,109.46,110.25,106.03,106.52,2227209.0
1592971200,2020-06-24,105.65,107.86,104.0,104.33,1971135.0
1593057600,2020-06-25,105.08,106.07,103.645,105.95,1478546.0
1593144000,2020-06-26,105.3,105.565,100.8,101.43,2840010.0
1593403200,2020-06-29,101.48,103.87,100.08,102.48,1305718.0
1593489600,2020-06-30,102.53,104.53,101.67,103.97,1355018.0
1593576000,2020-07-01,103.99,104.62,101.33,102.65,1464307.0
1593662400,2020-07-02,102.82,107.38,102.52,106.47,1648082.0
1594008000,2020-07-06,106.58,108.48,105.52,107.79,1546186.0
1594094400,2020-07-07,107.73,110.365,106.87,108.65,1800185.0
1594180800,2020-07-08,108.56,109.55,107.37,108.27,880659.0
1594267200,2020-07-09,108.0,109.19,105.49,107.87,1135849.0
1594353600,2020-07-10,107.74,108.17,104.54,104.76,918421.0
1594612800,2020-07-13,104.52,105.0,100.02,100.56,1697435.0
1594699200,2020-07-14,100.2,103.23,97.83,103.02,1844384.0
1594785600,2020-07-15,103.26,104.965,102.59,104.25,2305661.0
1594872000,2020-07-16,103.83,103.83,99.85,101.58,1081822.0
1594958400,2020-07-17,102.32,104.58,100.96,104.11,3885048.0
1595217600,2020-07-20,105.19,110.01,105.01,109.69,1554671.0
1595304000,2020-07-21,109.67,109.67,106.46,106.65,1213663.0
1595390400,2020-07-22,107.06,107.74,104.045,105.37,990808.0
1595476800,2020-07-23,106.33,107.09,101.405,101.68,1272683.0
1595563200,2020-07-24,100.72,101.42,98.285,99.42,963917.0
1595822400,2020-07-27,100.15,102.68,100.15,102.09,1177100.0
1595908800,2020-07-28,101.76,102.3185,100.2,100.61,819059.0
1595995200,2020-07-29,101.09,101.55,97.8,98.04,1144277.0
1596081600,2020-07-30,97.32,100.97,97.132,100.51,1548702.0
1596168000,2020-07-31,100.3892,101.15,98.06,98.76,1349479.0
1596427200,2020-08-03,100.95,102.605,98.9,101.79,2144438.0
1596513600,2020-08-04,101.0,101.96,96.89,99.95,2132793.0
1596600000,2020-08-05,100.0,101.0,96.25,97.62,1540491.0
1596686400,2020-08-06,97.8,98.5,96.92,97.25,1090750.0
1596772800,2020-08-07,97.25,98.35,95.93,96.93,870534.0
1597032000,2020-08-10,96.76,97.16,92.94,94.32,1350560.0
1597118400,2020-08-11,94.12,95.06,92.84,92.98,1724584.0
1597204800,2020-08-12,93.05,94.8,93.01,94.22,869273.0
1597291200,2020-08-13,94.59,95.59,94.28,95.56,606627.0
1597377600,2020-08-14,95.62,96.42,94.28,94.87,1006518.0
1597636800,2020-08-17,95.3,97.8,95.3,97.48,1164619.0
1597723200,2020-08-18,97.51,97.97,96.15,97.56,1088076.0
1597809600,2020-08-19,96.96,98.2,96.16,96.27,1354817.0
1597896000,2020-08-20,96.05,96.1,94.48,95.53,1030020.0
1597982400,2020-08-21,95.5,95.69,93.35,94.11,3673553.0
1598241600,2020-08-24,94.56,94.95,92.94,94.04,984146.0
1598328000,2020-08-25,94.04,95.46,93.6,95.31,724405.0
1598414400,2020-08-26,94.02,94.93,92.93,93.75,817533.0
1598500800,2020-08-27,94.41,95.49,93.5,94.3,897456.0
1598587200,2020-08-28,94.13,94.56,93.56,93.9,795385.0
1598846400,2020-08-31,93.79,96.756,93.495,96.35,1088050.0
1598932800,2020-09-01,95.62,95.955,92.26,92.97,1284112.0
1599019200,2020-09-02,93.09,95.51,92.765,95.44,961363.0
1599105600,2020-09-03,95.98,95.98,90.61,91.57,1733546.0
1599192000,2020-09-04,91.63,91.66,88.9005,90.49,1098292.0
1599537600,2020-09-08,88.94,91.31,88.675,89.73,1264858.0
1599624000,2020-09-09,90.2,92.09,89.091,91.51,1256039.0
1599710400,2020-09-10,90.83,91.95,88.0,88.26,1052418.0
1599796800,2020-09-11,89.04,90.35,87.41,88.0,941237.0
1600056000,2020-09-14,91.0,94.55,90.05,93.15,1625318.0
1600142400,2020-09-15,93.5,93.7,90.99,91.43,963027.0
1600228800,2020-09-16,92.6,92.99,89.85,89.94,1207096.0
1600315200,2020-09-17,86.62,91.11,86.5,90.42,1584123.0
1600401600,2020-09-18,90.76,91.0,85.65,86.79,4544174.0
1600660800,2020-09-21,86.37,86.775,84.81,85.39,1673830.0
1600747200,2020-09-22,85.88,87.09,84.9,86.93,1130034.0
1600833600,2020-09-23,86.7,87.91,85.77,85.97,1093751.0
1600920000,2020-09-24,84.99,85.31,82.98,85.07,1148046.0
1601006400,2020-09-25,84.68,87.35,84.06,86.55,1574813.0
1601265600,2020-09-28,87.71,90.45,87.37,90.36,1638843.0
1601352000,2020-09-29,90.22,90.48,87.26,87.43,1248704.0
1601438400,2020-09-30,87.87,90.79,87.87,89.74,1560993.0
1601524800,2020-10-01,90.1,93.08,89.98,92.43,1427431.0
1601611200,2020-10-02,91.19,91.91,87.25,88.75,1438196.0
1601870400,2020-10-05,89.26,92.45,89.26,92.3,1403544.0
1601956800,2020-10-06,91.97,92.34,88.315,88.6,1232167.0
1602043200,2020-10-07,89.68,91.18,88.62,90.45,1093288.0
1602129600,2020-10-08,90.71,93.22,90.09,92.78,1260923.0
1602216000,2020-10-09,92.99,96.78,92.6,95.74,1879069.0
1602475200,2020-10-12,97.03,98.47,95.58,97.7,1440765.0
1602561600,2020-10-13,97.26,98.12,96.09,97.08,1181221.0
1602648000,2020-10-14,94.43,97.42,93.24,93.35,1273310.0
1602734400,2020-10-15,91.3,92.88,90.22,90.53,1030086.0
1602820800,2020-10-16,91.11,92.41,90.3,90.63,1265187.0
1603080000,2020-10-19,91.04,91.29,86.9,87.76,1270009.0
1603166400,2020-10-20,88.62,89.885,87.765,89.31,1046109.0
1603252800,2020-10-21,89.1,89.84,88.285,88.6,803607.0
1603339200,2020-10-22,88.92,90.67,88.47,90.49,766597.0
1603425600,2020-10-23,90.82,91.11,89.19,89.69,775601.0
1603684800,2020-10-26,88.82,90.49,88.56,90.44,755231.0
1603771200,2020-10-27,90.17,90.92,88.26,88.35,863191.0
1603857600,2020-10-28,87.35,87.9,85.31,86.99,1344972.0
1603944000,2020-10-29,86.94,87.99,85.48,87.02,829827.0
1604030400,2020-10-30,86.55,86.84,83.44,86.64,1307897.0
1604293200,2020-11-02,86.6,86.6,81.87,84.44,1121588.0
1604379600,2020-11-03,84.59,86.165,83.93,84.94,1231902.0
1604466000,2020-11-04,87.62,92.39,87.48,91.21,2286287.0
1604552400,2020-11-05,87.25,91.05,84.37,84.65,3312328.0
1604638800,2020-11-06,85.17,85.2,82.36,83.15,1749797.0
1604898000,2020-11-09,83.39,84.03,80.6,81.28,1949314.0
1604984400,2020-11-10,80.92,84.94,80.65,83.07,1787714.0
1605070800,2020-11-11,84.2,84.94,82.215,82.76,882985.0
1605157200,2020-11-12,82.56,83.93,81.76,82.32,903998.0
1605243600,2020-11-13,82.35,83.23,81.96,82.53,771885.0
1605502800,2020-11-16,83.01,84.9345,82.23,84.35,1080157.0
1605589200,2020-11-17,83.85,83.85,82.26,82.98,980393.0
1605675600,2020-11-18,83.11,84.64,82.36,82.74,1019299.0
1605762000,2020-11-19,83.1,83.42,81.025,81.69,1664987.0
1605848400,2020-11-20,81.75,82.17,80.01,81.93,3470682.0
1606107600,2020-11-23,82.42,83.4,81.33,81.39,1412110.0
1606194000,2020-11-24,81.4,82.135,80.62,80.74,1282779.0
1606280400,2020-11-25,81.34,82.35,80.95,81.16,884304.0
1606453200,2020-11-27,82.01,83.99,81.23,83.25,812586.0
1606712400,2020-11-30,83.05,84.97,82.89,84.54,5058060.0
1606798800,2020-12-01,84.46,85.73,83.75,85.42,1018416.0
1606885200,2020-12-02,85.61,85.61,82.01,82.27,1276790.0
1606971600,2020-12-03,81.92,83.6,81.15,82.9,1029750.0
1607058000,2020-12-04,83.06,83.86,82.41,83.14,1146931.0
1607317200,2020-12-07,83.44,83.95,82.22,83.1,905792.0
1607403600,2020-12-08,83.2,83.2,82.09,82.85,876549.0
1607490000,2020-12-09,82.79,82.79,80.62,80.96,1161449.0
1607576400,2020-12-10,81.22,82.39,80.82,82.05,1107418.0
1607662800,2020-12-11,81.76,82.215,80.79,81.3,1161059.0
1607922000,2020-12-14,83.2,87.5,82.87,86.81,1902362.0
1608008400,2020-12-15,87.22,87.52,85.17,86.27,1229261.0
1608094800,2020-12-16,85.93,87.29,85.5,86.23,1166139.0
1608181200,2020-12-17,86.97,88.36,86.32,88.28,1091149.0
1608267600,2020-12-18,89.03,89.34,87.435,88.34,4743725.0
1608526800,2020-12-21,87.45,87.9,85.47,86.97,1192203.0
1608613200,2020-12-22,87.11,88.42,86.04,87.99,858254.0
1608699600,2020-12-23,88.69,88.96,87.535,87.93,604690.0
1608786000,2020-12-24,87.95,88.374,87.04,87.37,212624.0
1609131600,2020-12-28,87.73,88.15,86.04,86.34,1364216.0
1609218000,2020-12-29,87.13,87.44,85.13,85.87,926866.0
1609304400,2020-12-30,86.46,89.35,86.12,86.86,692462.0
1609390800,2020-12-31,86.54,87.165,85.33,86.98,774501.0
1609736400,2021-01-04,86.98,87.48,83.31,86.45,1970643.0
1609822800,2021-01-05,86.64,86.64,83.68,85.87,1624476.0
1609909200,2021-01-06,84.67,86.0,83.12,84.31,1843045.0
1609995600,2021-01-07,85.07,90.54,84.2559,90.05,1805872.0
1610082000,2021-01-08,90.35,94.0,90.26,93.83,1728783.0
1610341200,2021-01-11,93.24,93.77,92.06,93.32,1101241.0
1610427600,2021-01-12,93.1,95.43,93.08,94.31,1124684.0
1610514000,2021-01-13,94.34,94.5,92.19,92.74,1128240.0
1610600400,2021-01-14,93.4,93.58,91.7,92.04,1281557.0
1610686800,2021-01-15,91.64,92.52,89.32,90.56,1189545.0
1611032400,2021-01-19,91.32,94.59,90.82,93.96,1138195.0
1611118800,2021-01-20,93.98,97.18,93.72,96.37,1065439.0
1611205200,2021-01-21,96.4,96.41,91.98,93.9,1341116.0
1611291600,2021-01-22,94.12,98.44,94.04,97.89,1608873.0
1611550800,2021-01-25,98.91,101.47,98.49,100.5,1567251.0
1611637200,2021-01-26,100.21,101.33,98.25,99.39,1039332.0
1611723600,2021-01-27,98.04,99.38,92.45,93.0,1404043.0
1611810000,2021-01-28,93.7,95.1,91.165,91.27,1013134.0
1611896400,2021-01-29,90.99,92.16,88.64,89.75,1704390.0
1612155600,2021-02-01,90.0,91.4,89.35,90.92,1232964.0
1612242000,2021-02-02,92.1,94.19,91.42,93.05,1672828.0
1612328400,2021-02-03,93.0,93.81,90.8,90.97,1137295.0
1612414800,2021-02-04,91.16,92.585,90.53,90.91,1050164.0
1612501200,2021-02-05,91.63,91.7,90.0,90.24,1539350.0
1612760400,2021-02-08,91.08,93.71,90.1,93.62,1117299.0
1612846800,2021-02-09,94.34,94.5015,89.24,89.46,1472715.0
1612933200,2021-02-10,87.5,88.14,84.08,85.17,2412250.0
1613019600,2021-02-11,86.04,86.73,84.6059,84.99,1176030.0
1613106000,2021-02-12,84.99,85.2,83.195,84.325,1302408.0
1613451600,2021-02-16,84.99,84.99,81.85,82.13,1648110.0
1613538000,2021-02-17,82.06,84.05,80.5,83.77,2261996.0
1613624400,2021-02-18,83.05,83.05,79.82,81.55,2078635.0
1613710800,2021-02-19,83.05,83.05,79.82,81.55,2078635.0
1613970000,2021-02-22,80.02,80.49,78.91,79.92,2005479.0
1614056400,2021-02-23,79.17,79.65,76.69,79.02,2694664.0
1614142800,2021-02-24,79.88,82.75,79.34,80.61,2008374.0
1614229200,2021-02-25,79.85,80.64,77.74,78.45,1225243.0
1614315600,2021-02-26,79.17,79.64,77.77,78.66,2026116.0
1614574800,2021-03-01,79.73,80.25,79.01,79.63,974351.0
1614661200,2021-03-02,79.15,79.57,78.52,78.56,930536.0
1614747600,2021-03-03,78.325,78.58,75.55,76.02,1682506.0
1614834000,2021-03-04,75.75,78.9,75.52,77.5,1996618.0
1614920400,2021-03-05,77.6,80.75,76.56,80.26,2041991.0
1615179600,2021-03-08,79.79,80.92,77.7,77.84,1533156.0
1615266000,2021-03-09,79.7,80.87,79.01,79.11,1533721.0
1615352400,2021-03-10,79.28,80.19,77.8425,78.35,1313485.0
1615438800,2021-03-11,78.91,80.48,78.91,79.48,1099354.0
1615525200,2021-03-12,78.84,79.16,77.5,79.01,994248.0
1615780800,2021-03-15,79.49,80.84,78.71,80.65,1002629.0
1615867200,2021-03-16,81.38,81.51,79.0,80.28,899020.0
1615953600,2021-03-17,78.79,81.08,77.78,80.2,1441473.0
1616040000,2021-03-18,79.36,80.04,78.01,78.25,1472684.0
1616126400,2021-03-19,79.73,81.22,78.39,79.37,3634768.0
1616385600,2021-03-22,78.96,82.1,78.96,81.67,2532342.0
1616472000,2021-03-23,81.55,81.75,79.44,79.85,1890119.0
1616558400,2021-03-24,79.36,79.67,77.675,78.48,1481500.0
1616644800,2021-03-25,78.92,79.95,77.39,79.78,1203692.0
1616731200,2021-03-26,79.78,81.85,79.34,81.75,1301212.0
1616990400,2021-03-29,81.36,82.23,80.36,81.1,1022441.0
1617076800,2021-03-30,80.61,80.61,78.95,80.23,1388059.0
1617163200,2021-03-31,81.01,82.3,80.47,81.27,1392207.0
1617249600,2021-04-01,81.57,83.13,80.28,83.01,1270141.0
1617595200,2021-04-05,82.83,83.41,82.34,83.25,1058824.0
1617681600,2021-04-06,83.0,83.89,82.55,83.18,1138071.0
1617768000,2021-04-07,83.51,83.51,81.19,81.38,1558209.0
1617854400,2021-04-08,82.0,82.61,80.14,80.83,1627786.0
1617940800,2021-04-09,80.81,81.27,79.56,79.96,1451859.0
1618200000,2021-04-12,80.635,80.75,78.44,79.87,1326424.0
1618286400,2021-04-13,80.0,81.89,80.0,80.65,1408357.0
1618372800,2021-04-14,80.65,83.215,80.54,82.21,1050959.0
1618459200,2021-04-15,82.87,84.1664,82.44,83.2,720928.0
1618545600,2021-04-16,83.62,83.869,81.52,82.68,1050481.0
1618804800,2021-04-19,82.79,83.72,81.665,82.67,1044622.0
1618891200,2021-04-20,82.9,84.64,82.9,84.57,745481.0
1618977600,2021-04-21,84.46,84.85,83.82,84.72,774526.0
1619064000,2021-04-22,84.5,84.5,82.85,84.18,1444507.0
1619150400,2021-04-23,84.6,85.7,83.44,85.58,1271121.0
1619409600,2021-04-26,85.47,86.22,84.72,85.61,912846.0
1619496000,2021-04-27,86.03,86.34,84.39,84.63,840947.0
1619582400,2021-04-28,84.27,85.26,83.95,84.89,821763.0
1619668800,2021-04-29,84.95,85.15,84.02,84.89,885997.0
1619755200,2021-04-30,84.5,85.82,84.31,85.38,1230718.0
1620014400,2021-05-03,85.4,86.029,84.5,85.52,998131.0
1620100800,2021-05-04,83.49,85.19,80.73,81.03,2654170.0
1620187200,2021-05-05,81.76,83.13,81.19,81.28,1835646.0
1620273600,2021-05-06,81.21,82.83,80.27,82.31,1534681.0
1620360000,2021-05-07,82.49,84.26,82.12,82.74,1255983.0
1620619200,2021-05-10,83.0,83.51,81.39,81.39,2033958.0
1620705600,2021-05-11,80.32,81.5,79.42,80.64,3020711.0
1620792000,2021-05-12,79.8183,83.24,79.63,82.37,1447959.0
1620878400,2021-05-13,82.48,83.59,81.86,83.23,969243.0
1620964800,2021-05-14,83.75,83.75,82.55,82.62,897011.0
1621224000,2021-05-17,82.47,83.87,81.91,82.27,1309448.0
1621310400,2021-05-18,82.15,82.97,81.31,81.78,1079363.0
1621396800,2021-05-19,80.82,81.78,79.71,81.71,1228048.0
1621483200,2021-05-20,81.81,84.51,81.48,83.51,968007.0
1621569600,2021-05-21,83.99,84.49,82.63,82.76,1064970.0
1621828800,2021-05-24,83.7,83.99,82.79,82.91,1049578.0
1621915200,2021-05-25,82.96,83.77,82.13,82.68,947933.0
1622001600,2021-05-26,82.86,83.59,82.45,83.16,868961.0
1622088000,2021-05-27,83.08,83.08,81.61,82.68,1216015.0
1622174400,2021-05-28,83.435,84.2259,82.61,83.78,1099788.0
1622520000,2021-06-01,84.13,84.41,82.39,82.89,1161489.0
1622606400,2021-06-02,82.87,83.37,82.0,82.26,1110475.0
1622692800,2021-06-03,82.44,83.12,81.46,82.9,1173188.0
1622779200,2021-06-04,83.17,84.45,82.86,83.33,1189941.0
1623038400,2021-06-07,83.48,85.79,83.04,85.11,1386035.0
1623124800,2021-06-08,85.88,86.3,83.97,84.81,1083698.0
1623211200,2021-06-09,84.77,86.34,84.69,86.2,1132813.0
1623297600,2021-06-10,86.38,87.65,85.635,87.53,1148920.0
1623384000,2021-06-11,84.67,85.0,81.06,82.58,2873319.0
1623643200,2021-06-14,82.94,83.28,81.04,82.64,1617499.0
1623729600,2021-06-15,82.55,83.28,82.26,82.76,1707885.0
1623816000,2021-06-16,82.91,84.08,82.27,83.12,2238070.0
1623902400,2021-06-17,82.88,83.58,82.0,83.13,1642688.0
1623988800,2021-06-18,83.0,84.14,82.62,83.96,2691151.0
1624248000,2021-06-21,84.42,85.18,84.0901,84.93,1690185.0
1624334400,2021-06-22,85.15,85.99,82.44,85.09,2294331.0
1624420800,2021-06-23,85.5,85.7479,84.31,85.13,1328142.0
1624507200,2021-06-24,85.41,86.53,84.42,86.13,1548268.0
1624593600,2021-06-25,85.52,87.01,84.69,86.83,2535299.0
1624852800,2021-06-28,88.12,88.26,85.32,85.61,1148041.0
1624939200,2021-06-29,85.21,85.97,84.51,84.7,802232.0
1625025600,2021-06-30,84.87,84.99,83.86,84.13,1168559.0
1625112000,2021-07-01,84.09,84.5,83.12,84.02,1724803.0
1625198400,2021-07-02,84.05,84.23,82.85,83.58,1282987.0
1625544000,2021-07-06,83.32,83.75,82.9,83.34,1330371.0
1625630400,2021-07-07,83.42,83.42,81.64,82.13,1193666.0
1625716800,2021-07-08,81.25,82.48,81.11,81.43,1176833.0
1625803200,2021-07-09,81.15,82.12,80.44,82.04,991246.0
1626062400,2021-07-12,82.04,82.44,80.89,81.18,1208909.0
1626148800,2021-07-13,81.14,81.57,80.245,80.62,824508.0
1626235200,2021-07-14,80.81,80.9,79.53,79.87,819017.0
1626321600,2021-07-15,79.8,80.48,78.8,79.99,1199606.0
1626408000,2021-07-16,80.23,80.58,77.55,78.33,2117048.0
1626667200,2021-07-19,78.1,79.58,77.3,77.56,1557944.0
1626753600,2021-07-20,78.46,79.29,78.0,79.21,2314806.0
1626840000,2021-07-21,78.93,79.8,78.3,79.14,1429206.0
1626926400,2021-07-22,78.83,78.92,78.05,78.62,1033185.0
1627012800,2021-07-23,78.94,79.63,78.52,79.3,1039463.0
1627272000,2021-07-26,78.77,79.17,77.11,77.31,919233.0
1627358400,2021-07-27,76.99,77.1,75.55,76.34,2206588.0
1627444800,2021-07-28,76.54,78.33,76.26,78.01,1341883.0
1627531200,2021-07-29,78.51,78.62,77.23,77.4,1650931.0
1627617600,2021-07-30,77.38,77.84,76.99,77.35,1641683.0
1627876800,2021-08-02,77.49,78.67,77.22,78.47,1480710.0
1627963200,2021-08-03,77.92,78.16,75.75,77.95,1736945.0
1628049600,2021-08-04,78.18,79.805,77.22,77.34,1858429.0
1628136000,2021-08-05,77.62,77.62,76.3,76.92,1396883.0
1628222400,2021-08-06,76.83,77.07,76.0,76.3,1191850.0
1628481600,2021-08-09,76.48,76.795,75.15,75.31,1128445.0
1628568000,2021-08-10,75.32,75.45,72.97,73.62,1365029.0
1628654400,2021-08-11,73.98,74.43,72.48,72.9,2102695.0
1628740800,2021-08-12,73.3,73.45,71.91,72.9,1479860.0
1628827200,2021-08-13,73.09,73.91,72.61,73.47,943298.0
1629086400,2021-08-16,73.49,74.02,72.85,73.99,1135696.0
1629172800,2021-08-17,73.63,75.69,73.42,75.66,1303780.0
1629259200,2021-08-18,75.58,75.69,74.46,74.54,1132495.0
1629345600,2021-08-19,74.53,75.61,74.42,74.51,990897.0
1629432000,2021-08-20,74.47,76.06,74.42,74.9,931756.0
1629691200,2021-08-23,75.15,75.78,74.645,75.53,794469.0
1629777600,2021-08-24,75.76,75.78,75.19,75.54,610172.0
1629864000,2021-08-25,75.68,75.95,75.0,75.76,881828.0
1629950400,2021-08-26,75.95,76.2,75.1,75.15,866599.0
1630036800,2021-08-27,75.51,76.91,75.0,75.68,852783.0
1630296000,2021-08-30,75.75,76.66,75.75,76.05,679027.0
1630382400,2021-08-31,76.17,76.74,75.6,76.49,1785198.0
1630468800,2021-09-01,76.72,80.3,76.13,77.03,2867859.0
1630555200,2021-09-02,77.21,77.71,76.09,77.23,987476.0
1630641600,2021-09-03,76.91,77.47,76.01,76.09,1285145.0
1630987200,2021-09-07,75.78,76.71,74.39,74.7,1280465.0
1631073600,2021-09-08,74.42,75.0,73.89,74.06,651360.0
1631160000,2021-09-09,74.18,75.0,72.65,72.69,1057898.0
1631246400,2021-09-10,72.72,73.33,70.97,71.12,1400378.0
1631505600,2021-09-13,71.76,72.85,71.15,72.45,1972732.0
1631592000,2021-09-14,72.96,73.03,71.87,72.24,997721.0
1631678400,2021-09-15,72.62,73.86,72.54,73.44,1508344.0
1631764800,2021-09-16,72.935,75.08,72.935,75.04,1278096.0
1631851200,2021-09-17,75.25,76.11,74.22,75.99,3606911.0
1632110400,2021-09-20,78.0,79.5,75.52,75.91,3090978.0
1632196800,2021-09-21,75.75,76.83,74.86,76.06,1238618.0
1632283200,2021-09-22,73.12,73.85,69.42,69.59,6027338.0
1632369600,2021-09-23,69.23,70.22,68.82,69.78,2651681.0
1632456000,2021-09-24,69.69,70.14,68.62,69.0,1556736.0
1632715200,2021-09-27,68.91,69.28,67.87,69.26,1778217.0
1632801600,2021-09-28,69.07,69.63,68.545,68.68,1345259.0
1632888000,2021-09-29,68.8,69.2352,68.29,68.67,1784607.0
1632974400,2021-09-30,68.74,69.91,68.7,68.78,1946742.0
1633060800,2021-10-01,68.385,68.76,67.4,68.21,2662744.0
1633320000,2021-10-04,67.8,68.12,66.12,66.32,1956439.0
1633406400,2021-10-05,66.12,66.59,65.24,65.33,2616397.0
1633492800,2021-10-06,64.88,66.19,64.77,65.82,2523066.0
1633579200,2021-10-07,65.82,67.03,65.44,65.65,2357575.0
1633665600,2021-10-08,65.85,66.12,65.31,65.89,1741072.0
1633924800,2021-10-11,65.69,65.9,64.78,64.81,1258765.0
1634011200,2021-10-12,64.88,65.2199,64.2,64.36,1266611.0
1634097600,2021-10-13,64.44,65.14,64.08,64.22,1688825.0
1634184000,2021-10-14,64.38,65.98,64.38,65.78,1822963.0
1634270400,2021-10-15,65.56,65.915,65.32,65.56,2016557.0
1634529600,2021-10-18,65.53,65.53,64.2,64.58,2012213.0
1634616000,2021-10-19,64.69,65.685,64.57,65.47,1276622.0
1634702400,2021-10-20,65.9,65.97,65.5,65.65,1022888.0
1634788800,2021-10-21,66.05,66.19,64.92,65.87,1498661.0
1634875200,2021-10-22,65.83,66.33,65.31,65.79,1930996.0
1635134400,2021-10-25,65.71,66.9,65.19,66.75,1411297.0
1635220800,2021-10-26,66.89,67.1,66.3901,66.55,1630043.0
1635307200,2021-10-27,66.66,66.66,64.86,64.97,1588990.0
1635393600,2021-10-28,65.29,65.95,64.93,65.74,1875759.0
1635480000,2021-10-29,65.89,67.64,65.54,66.98,1967294.0
1635739200,2021-11-01,66.82,69.58,66.8,69.35,2910137.0
1635825600,2021-11-02,65.54,65.665,61.91,63.48,5389855.0
1635912000,2021-11-03,64.6,67.425,64.0,66.79,3834839.0
1635998400,2021-11-04,66.23,67.825,66.03,67.49,2546090.0
1636084800,2021-11-05,67.29,69.06,66.47,67.86,2690678.0
1636347600,2021-11-08,68.28,68.95,66.14,66.49,2425427.0
1636434000,2021-11-09,66.9,67.45,66.21,66.53,1731418.0
1636520400,2021-11-10,67.035,67.92,65.21,65.39,1839487.0
1636606800,2021-11-11,65.6,65.82,64.34,65.11,1765423.0
1636693200,2021-11-12,65.11,65.65,64.72,65.61,1636604.0
1636952400,2021-11-15,65.93,65.93,64.51,65.19,1626022.0
1637038800,2021-11-16,65.38,66.2,64.96,65.72,1718447.0
1637125200,2021-11-17,65.85,65.88,64.38,65.02,1373491.0
1637211600,2021-11-18,65.06,65.2,64.14,65.13,1619284.0
1637298000,2021-11-19,65.18,65.65,64.24,64.51,1819698.0
1637557200,2021-11-22,64.58,64.72,63.28,63.34,1531633.0
1637643600,2021-11-23,63.0,63.9,62.305,63.81,1447128.0
1637730000,2021-11-24,64.3,67.08,64.06,66.74,5567265.0
1637902800,2021-11-26,68.77,70.58,67.89,68.38,3484074.0
1638162000,2021-11-29,68.77,71.85,68.77,70.37,3836550.0
1638248400,2021-11-30,69.96,70.92,66.8,67.72,7645305.0
1638334800,2021-12-01,68.0,69.62,64.69,64.96,4029921.0
1638421200,2021-12-02,64.91,66.78,63.4,66.63,2626328.0
1638507600,2021-12-03,66.79,66.79,65.21,65.78,2799455.0
1638766800,2021-12-06,66.03,66.48,64.34,65.01,2707309.0
1638853200,2021-12-07,65.3,67.49,65.0,66.73,2383305.0
1638939600,2021-12-08,66.95,67.5,65.95,67.33,1437228.0
1639026000,2021-12-09,67.23,67.85,66.39,66.47,1804740.0
1639112400,2021-12-10,66.49,67.3,64.77,65.4,2015256.0
1639371600,2021-12-13,64.77,68.245,64.32,67.81,3132964.0
1639458000,2021-12-14,67.32,69.87,67.095,68.59,2319553.0
1639544400,2021-12-15,68.42,72.13,67.8,71.99,3030479.0
1639630800,2021-12-16,72.315,72.53,71.3,72.0,2674148.0
1639717200,2021-12-17,72.59,73.83,71.85,72.89,20113039.0
1639976400,2021-12-20,73.73,74.3,72.16,73.45,2756979.0
1640062800,2021-12-21,73.84,73.84,71.44,73.68,1801908.0
1640149200,2021-12-22,73.69,73.73,72.85,73.37,1548432.0
1640235600,2021-12-23,73.52,74.02,72.625,73.47,1228785.0
1640581200,2021-12-27,73.71,74.04,73.02,73.98,1116205.0
1640667600,2021-12-28,73.85,74.564,73.09,73.3,979840.0
1640754000,2021-12-29,73.23,74.26,72.5401,73.79,1066795.0
1640840400,2021-12-30,73.9,75.44,73.53,74.11,4227642.0
1640926800,2021-12-31,74.06,75.32,73.31,73.4,3243189.0
1641186000,2022-01-03,73.2,74.06,72.26,73.97,1678128.0
1641272400,2022-01-04,73.73,73.75,70.82,71.81,2672023.0
1641358800,2022-01-05,71.72,72.815,70.37,70.45,1606086.0
1641445200,2022-01-06,70.81,72.69,70.44,72.63,2184422.0
1641531600,2022-01-07,72.69,74.45,72.69,73.19,2765042.0
1641790800,2022-01-10,73.0,74.9,72.84,74.66,2455910.0
1641877200,2022-01-11,74.46,75.39,73.85,74.44,1451564.0
1641963600,2022-01-12,73.98,74.53,72.84,73.62,1906585.0
1642050000,2022-01-13,72.94,74.23,72.79,73.65,1509392.0
1642136400,2022-01-14,73.48,74.94,72.83,74.88,1822983.0
1642482000,2022-01-18,75.71,76.3,74.47,75.01,3475427.0
1642568400,2022-01-19,75.06,76.185,74.06,74.78,1680604.0
1642654800,2022-01-20,75.27,76.05,74.66,74.76,1464784.0
1642741200,2022-01-21,74.99,76.5,74.675,74.79,2309615.0
1643000400,2022-01-24,73.83,75.43,73.08,75.34,3458830.0
1643086800,2022-01-25,74.79,75.04,72.67,74.15,1940067.0
1643173200,2022-01-26,73.21,75.1,73.11,73.52,3600876.0
1643259600,2022-01-27,73.6,74.3,71.465,71.59,2084779.0
1643346000,2022-01-28,71.45,74.26,70.735,74.23,1797235.0
1643605200,2022-01-31,73.65,74.72,73.5,74.33,1984986.0
1643691600,2022-02-01,74.1,75.76,73.935,75.19,1722563.0
1643778000,2022-02-02,74.92,75.42,73.09,74.39,2023677.0
1643864400,2022-02-03,73.96,74.22,72.84,73.05,1770623.0
1643950800,2022-02-04,73.02,73.26,72.27,72.69,1472545.0
1644210000,2022-02-07,72.7,73.89,72.65,73.35,1672571.0
1644296400,2022-02-08,70.63,72.73,67.9,70.07,3535939.0
1644382800,2022-02-09,66.84,69.89,66.6075,68.28,3800962.0
1644469200,2022-02-10,67.28,67.99,66.41,66.9,3344978.0
1644555600,2022-02-11,67.24,67.97,66.5,66.76,1838268.0
1644814800,2022-02-14,66.48,66.62,65.601,66.02,2284025.0
1644901200,2022-02-15,66.78,68.2,66.51,67.5,2025559.0
1644987600,2022-02-16,67.4,68.12,66.93,67.83,1682214.0
1645074000,2022-02-17,67.34,68.71,66.975,67.83,3278279.0
1645160400,2022-02-18,67.99,70.07,67.74,68.53,2536420.0
1645506000,2022-02-22,68.08,68.82,67.77,68.17,1691486.0
1645592400,2022-02-23,68.76,69.34,67.82,67.99,1711106.0
1645678800,2022-02-24,67.14,67.95,66.215,67.86,1758518.0
1645765200,2022-02-25,67.56,69.3,67.09,68.42,1488746.0
1646024400,2022-02-28,67.92,68.49,67.19,68.3,1820859.0
1646110800,2022-03-01,68.1,69.53,67.7,68.7,1736378.0
1646197200,2022-03-02,68.6,69.97,68.04,69.58,1119874.0
1646283600,2022-03-03,69.81,69.87,68.505,69.46,1488664.0
1646370000,2022-03-04,68.79,70.78,68.6,70.05,1011662.0
1646629200,2022-03-07,69.93,71.4,69.71,70.62,1402208.0
1646715600,2022-03-08,69.87,72.59,69.74,71.15,1225778.0
1646802000,2022-03-09,71.69,72.31,71.21,72.01,1239139.0
1646888400,2022-03-10,71.49,73.62,71.455,73.47,2442016.0
1646974800,2022-03-11,74.51,76.025,73.74,73.94,1469849.0
1647230400,2022-03-14,73.72,74.35,71.86,72.19,1367068.0
1647316800,2022-03-15,72.37,73.46,72.01,73.31,1692351.0
1647403200,2022-03-16,75.08,75.23,73.215,74.6,2675179.0
1647489600,2022-03-17,74.61,75.38,74.035,74.35,1418030.0
1647576000,2022-03-18,74.35,75.38,73.76,75.2,3917467.0
1647835200,2022-03-21,75.44,76.76,75.195,76.58,1926972.0
1647921600,2022-03-22,76.56,78.25,75.82,78.05,2007984.0
1648008000,2022-03-23,78.08,78.14,77.07,77.1,1347865.0
1648094400,2022-03-24,77.53,78.88,77.26,78.19,1449628.0
1648180800,2022-03-25,78.45,78.68,77.86,78.46,1170154.0
1648440000,2022-03-28,78.41,79.135,78.25,78.95,1918152.0
1648526400,2022-03-29,78.91,80.04,78.91,79.71,1590344.0
1648612800,2022-03-30,79.75,80.255,79.18,79.67,1317864.0
1648699200,2022-03-31,79.66,80.005,79.14,79.42,1526921.0
1648785600,2022-04-01,79.73,80.79,79.52,79.94,1737686.0
1649044800,2022-04-04,80.51,81.69,80.11,80.91,2075261.0
1649131200,2022-04-05,80.91,82.25,80.62,80.7,1624167.0
1649217600,2022-04-06,80.32,82.09,80.1416,81.87,1519603.0
1649304000,2022-04-07,81.83,83.51,81.67,82.18,1388904.0
1649390400,2022-04-08,82.43,84.86,81.903,83.18,2317953.0
1649649600,2022-04-11,82.5,82.99,80.81,80.95,1432503.0
1649736000,2022-04-12,81.01,81.02,79.35,80.07,2064942.0
1649822400,2022-04-13,80.06,82.11,79.8,81.99,1935447.0
1649908800,2022-04-14,81.56,82.85,80.95,81.74,6438073.0
1650254400,2022-04-18,81.69,81.7,80.05,80.33,1125043.0
1650340800,2022-04-19,79.96,80.3,79.15,79.47,1110409.0
1650427200,2022-04-20,79.72,79.72,78.05,78.71,1323462.0
1650513600,2022-04-21,79.01,79.01,76.63,76.86,1512528.0
1650600000,2022-04-22,76.55,77.32,76.08,76.58,1116749.0
1650859200,2022-04-25,76.41,76.81,75.17,76.56,1583258.0
1650945600,2022-04-26,76.07,76.63,74.11,74.15,1126078.0
1651032000,2022-04-27,74.13,75.07,73.72,74.43,1050729.0
1651118400,2022-04-28,74.72,75.8,73.37,75.4,1211895.0
1651204800,2022-04-29,75.07,76.74,74.72,74.96,1849794.0
1651464000,2022-05-02,74.68,76.19,74.12,76.05,2036799.0
1651550400,2022-05-03,76.12,79.21,75.795,77.18,2088806.0
1651636800,2022-05-04,77.47,80.79,76.85,80.72,2195971.0
1651723200,2022-05-05,80.48,80.55,76.43,77.28,1423217.0
1651809600,2022-05-06,76.56,77.12,74.44,75.2,1294273.0
1652068800,2022-05-09,74.12,74.73,72.35,72.65,1880677.0
1652155200,2022-05-10,74.02,76.34,73.62,76.14,2130132.0
1652241600,2022-05-11,75.75,76.62,73.79,73.91,1330020.0
1652328000,2022-05-12,73.37,75.53,73.047,75.51,1681068.0
1652414400,2022-05-13,75.87,76.6168,74.49,74.9,1287845.0
1652673600,2022-05-16,74.62,75.0,73.77,74.51,1281684.0
1652760000,2022-05-17,75.24,75.885,74.21,75.51,1437283.0
1652846400,2022-05-18,74.78,75.06,73.12,73.39,1597401.0
1652932800,2022-05-19,73.34,74.83,72.49,74.34,1642491.0
1653019200,2022-05-20,75.03,75.14,72.82,74.88,1722941.0
1653278400,2022-05-23,75.2,77.265,74.78,76.91,1161120.0
1653364800,2022-05-24,76.66,76.91,74.875,75.11,1217881.0
1653451200,2022-05-25,75.38,76.77,74.71,76.51,1099872.0
1653537600,2022-05-26,76.89,77.62,75.85,76.02,1000988.0
1653624000,2022-05-27,76.45,77.34,75.8,77.19,1338666.0
1653969600,2022-05-31,76.95,77.15,74.98,75.89,4322394.0
1654056000,2022-06-01,76.22,76.47,74.38,74.98,1695708.0
1654142400,2022-06-02,74.68,74.87,72.32,74.63,1455446.0
1654228800,2022-06-03,74.37,74.77,73.54,73.96,1768255.0
1654488000,2022-06-06,74.82,74.82,73.195,73.89,1216888.0
1654574400,2022-06-07,73.69,75.04,73.62,74.91,1225131.0
1654660800,2022-06-08,75.0,75.85,74.7,74.99,799109.0
1654747200,2022-06-09,74.67,74.85,72.74,72.78,1090449.0
1654833600,2022-06-10,71.63,72.02,70.34,70.4,1494695.0
1655092800,2022-06-13,69.03,69.45,67.51,67.75,1472000.0
1655179200,2022-06-14,67.5,67.78,65.07,66.18,2499885.0
1655265600,2022-06-15,66.35,69.12,66.35,68.55,1923643.0
1655352000,2022-06-16,67.06,68.24,66.12,68.04,1748385.0
1655438400,2022-06-17,68.53,72.02,67.9,71.27,4465630.0
1655784000,2022-06-21,72.15,73.36,71.74,73.14,1707510.0
1655870400,2022-06-22,72.51,74.37,72.07,73.75,1375928.0
1655956800,2022-06-23,74.19,74.98,73.75,74.78,994002.0
1656043200,2022-06-24,75.335,78.3,75.23,78.19,2312052.0
1656302400,2022-06-27,77.91,78.18,76.635,77.36,1456047.0
1656388800,2022-06-28,77.32,77.63,75.03,75.63,1122668.0
1656475200,2022-06-29,75.7,76.14,75.21,75.89,853259.0
1656561600,2022-06-30,75.44,76.79,74.76,75.97,2192556.0
1656648000,2022-07-01,75.58,77.865,75.36,77.67,1605329.0
1656993600,2022-07-05,77.2,79.29,76.925,79.25,1662132.0
1657080000,2022-07-06,79.1,80.215,78.67,79.72,1882919.0
1657166400,2022-07-07,79.38,81.48,79.38,80.78,1705715.0
1657252800,2022-07-08,80.4,81.19,79.9,80.48,1264922.0
1657512000,2022-07-11,80.22,81.53,79.25,80.96,1520992.0
1657598400,2022-07-12,80.63,81.16,79.2701,80.42,1355693.0
1657684800,2022-07-13,78.66,80.01,78.66,79.41,1252393.0
1657771200,2022-07-14,79.24,79.99,77.6,79.63,1583242.0
1657857600,2022-07-15,79.62,80.34,78.27,80.03,9092953.0
1658116800,2022-07-18,80.36,80.68,78.57,78.86,1774188.0
1658203200,2022-07-19,79.94,81.55,79.61,81.36,2400457.0
1658289600,2022-07-20,81.68,82.67,81.4831,82.49,2491004.0
1658376000,2022-07-21,83.0,83.92,82.37,82.86,1418016.0
1658462400,2022-07-22,83.13,83.35,80.65,80.9,1103119.0
1658721600,2022-07-25,80.9,81.28,79.845,80.62,1138924.0
1658808000,2022-07-26,80.45,81.065,79.65,79.84,1782782.0
1658894400,2022-07-27,79.76,80.89,79.56,80.68,1189558.0
1658980800,2022-07-28,80.61,80.91,77.76,78.82,1277662.0
1659067200,2022-07-29,78.73,78.73,77.26,77.68,1511656.0
1659326400,2022-08-01,77.43,78.35,76.93,77.4,1613015.0
1659412800,2022-08-02,74.0,74.15,71.43,72.58,3431551.0
1659499200,2022-08-03,71.56,73.68,71.05,72.54,2301372.0
1659585600,2022-08-04,72.63,73.16,71.265,71.91,1822639.0
1659672000,2022-08-05,71.29,72.5,70.76,72.16,1610381.0
1659931200,2022-08-08,72.16,74.11,71.65,74.0,1521285.0
1660017600,2022-08-09,73.5,74.22,73.225,73.73,1194626.0
1660104000,2022-08-10,74.56,74.95,73.2803,74.13,1470654.0
1660190400,2022-08-11,73.8,74.49,73.34,73.76,1399526.0
1660276800,2022-08-12,73.99,74.75,73.61,73.99,1485084.0
1660536000,2022-08-15,73.745,75.45,73.4,75.28,993654.0
1660622400,2022-08-16,75.48,76.01,74.735,74.96,1260676.0
1660708800,2022-08-17,74.49,74.97,73.79,73.86,922153.0
1660795200,2022-08-18,73.68,74.03,72.37,73.62,1064279.0
1660881600,2022-08-19,73.41,74.59,73.01,74.54,853375.0
1661140800,2022-08-22,74.33,74.6894,72.98,73.59,1143884.0
1661227200,2022-08-23,73.23,73.49,71.69,72.99,1129128.0
1661313600,2022-08-24,73.11,73.52,72.74,72.97,795739.0
1661400000,2022-08-25,73.25,73.2912,71.89,72.68,785368.0
1661486400,2022-08-26,72.98,72.98,71.38,71.48,1478293.0
1661745600,2022-08-29,70.84,71.16,69.99,70.51,1403956.0
1661832000,2022-08-30,70.47,70.71,69.41,69.96,1197424.0
1661918400,2022-08-31,70.53,71.16,70.17,70.43,2153077.0
1662004800,2022-09-01,69.9,71.39,69.36,71.35,1113593.0
1662091200,2022-09-02,71.41,72.02,69.98,70.21,1649785.0
1662436800,2022-09-06,70.54,70.54,68.51,69.11,1163981.0
1662523200,2022-09-07,69.13,71.82,68.95,71.41,1547250.0
1662609600,2022-09-08,71.25,71.94,70.57,71.72,1740215.0
1662696000,2022-09-09,71.72,72.8,71.61,72.2,1341300.0
1662955200,2022-09-12,72.2,72.31,70.37,70.53,1626463.0
1663041600,2022-09-13,69.9,69.95,67.86,68.14,1482759.0
1663128000,2022-09-14,68.55,68.59,67.37,68.42,1467942.0
1663214400,2022-09-15,68.22,69.4,68.0,68.98,1317760.0
1663300800,2022-09-16,68.86,69.18,67.75,68.83,3273753.0
1663560000,2022-09-19,68.42,68.91,67.19,68.81,1499658.0
1663646400,2022-09-20,68.2,68.6,67.55,68.26,1104558.0
1663732800,2022-09-21,68.42,68.97,66.83,66.83,1792649.0
1663819200,2022-09-22,66.16,67.9,65.62,67.41,1363005.0
1663905600,2022-09-23,67.33,67.33,66.1,66.89,1485390.0
1664164800,2022-09-26,66.6,67.26,65.92,66.18,1253249.0
1664251200,2022-09-27,66.48,67.53,65.88,66.44,2169813.0
1664337600,2022-09-28,66.95,67.965,66.595,67.66,2054697.0
1664424000,2022-09-29,67.42,67.585,66.135,66.61,1451924.0
1664510400,2022-09-30,66.84,67.91,66.555,66.64,1894145.0
1664769600,2022-10-03,67.13,69.07,66.5,68.83,1656088.0
1664856000,2022-10-04,69.41,69.97,68.64,69.56,1366986.0
1664942400,2022-10-05,69.21,69.98,68.51,69.5,1198709.0
1665028800,2022-10-06,69.12,69.92,68.52,69.64,1295743.0
1665115200,2022-10-07,69.14,69.4,68.25,68.42,1536013.0
1665374400,2022-10-10,68.56,68.6295,67.45,67.58,1139336.0
1665460800,2022-10-11,67.76,68.16,66.69,67.25,1529435.0
1665547200,2022-10-12,67.35,67.84,66.7,67.51,1425896.0
1665633600,2022-10-13,66.48,69.06,66.33,68.42,1624990.0
1665720000,2022-10-14,69.12,69.64,68.32,69.1,1392583.0
1665979200,2022-10-17,69.72,70.71,69.31,70.36,1715601.0
1666065600,2022-10-18,71.14,71.97,70.86,71.11,1668055.0
1666152000,2022-10-19,70.53,70.98,69.075,69.59,1504192.0
1666238400,2022-10-20,69.69,70.445,68.72,68.96,1257841.0
1666324800,2022-10-21,68.98,70.97,68.15,70.58,8031628.0
1666584000,2022-10-24,71.26,73.07,70.28,72.47,2359465.0
1666670400,2022-10-25,72.49,73.01,71.91,72.42,1228230.0
1666756800,2022-10-26,72.53,74.27,72.53,73.62,1400625.0
1666843200,2022-10-27,73.76,73.86,72.56,72.86,1116740.0
1666929600,2022-10-28,73.54,74.64,73.17,74.6,1359805.0
1667188800,2022-10-31,73.97,74.71,73.56,74.34,2578494.0
1667275200,2022-11-01,75.52,81.0,75.39,76.95,4354681.0
1667361600,2022-11-02,76.67,78.74,76.265,77.15,3529918.0
1667448000,2022-11-03,76.67,78.74,76.265,77.15,3529918.0
1667534400,2022-11-04,77.36,77.85,76.22,77.3,2346864.0
1667797200,2022-11-07,77.49,77.85,75.85,75.9,1763726.0
1667883600,2022-11-08,75.84,77.16,75.82,76.69,1223404.0
1667970000,2022-11-09,76.86,78.03,76.675,77.22,1748605.0
1668056400,2022-11-10,79.16,79.19,76.43,77.78,2406352.0
1668142800,2022-11-11,77.47,77.77,75.46,77.53,1431413.0
1668402000,2022-11-14,77.7,78.37,77.06,77.09,1359803.0
1668488400,2022-11-15,78.07,78.07,76.38,76.62,1163149.0
1668574800,2022-11-16,76.85,77.387,76.46,76.71,835441.0
1668661200,2022-11-17,76.58,78.22,76.27,77.96,1132795.0
1668747600,2022-11-18,78.27,78.89,76.94,77.45,953411.0
1669006800,2022-11-21,77.5,78.84,76.9,78.41,1164788.0
1669093200,2022-11-22,78.74,78.74,77.79,78.27,955860.0
1669179600,2022-11-23,78.37,78.9,77.53,77.76,1511126.0
1669352400,2022-11-25,77.33,78.26,77.27,78.26,310274.0
1669611600,2022-11-28,78.3,79.0,77.61,77.83,1119828.0
1669698000,2022-11-29,77.9,77.95,77.06,77.8,712907.0
1669784400,2022-11-30,78.0,79.7,77.4542,79.67,2191411.0
1669870800,2022-12-01,80.0,81.0,79.65,80.68,1510396.0
1669957200,2022-12-02,80.28,83.345,80.0101,83.13,1824129.0
1670216400,2022-12-05,82.77,84.57,82.6,84.08,2723215.0
1670302800,2022-12-06,84.02,84.16,82.24,82.54,2206322.0
1670389200,2022-12-07,82.57,84.13,82.32,84.03,1346989.0
1670475600,2022-12-08,84.21,84.58,83.52,84.11,1226556.0
1670562000,2022-12-09,84.15,84.49,82.25,82.34,1675920.0
1670821200,2022-12-12,82.46,82.53,81.65,82.36,1231557.0
1670907600,2022-12-13,82.85,83.45,82.625,82.91,1371547.0
1670994000,2022-12-14,82.68,83.015,81.8,82.67,1395073.0
1671080400,2022-12-15,81.98,82.52,81.77,82.23,1271544.0
1671166800,2022-12-16,81.7,82.42,81.08,82.03,4883583.0
1671426000,2022-12-19,81.62,82.38,80.13,80.59,2024702.0
1671512400,2022-12-20,80.46,81.27,80.27,81.07,2110053.0
1671598800,2022-12-21,81.36,81.755,80.25,80.52,1444444.0
1671685200,2022-12-22,80.34,81.15,79.94,81.12,767153.0
1671771600,2022-12-23,80.82,81.41,80.46,81.36,1384825.0
1672117200,2022-12-27,81.49,81.68,79.435,79.59,843606.0
1672203600,2022-12-28,79.66,80.28,79.19,79.44,1431316.0
1672290000,2022-12-29,79.59,80.22,79.215,79.48,800466.0
1672376400,2022-12-30,79.25,80.4,78.87,80.32,864601.0
1672722000,2023-01-03,80.17,80.965,79.15,79.55,1768127.0
1672808400,2023-01-04,80.13,80.51,78.835,79.08,2149336.0
1672894800,2023-01-05,78.58,80.83,78.3,80.16,5318480.0
1672981200,2023-01-06,81.0,81.16,80.21,80.87,3119239.0
1673240400,2023-01-09,80.89,81.185,78.71,78.82,2618596.0
1673326800,2023-01-10,78.9,80.52,78.86,79.55,2000634.0
1673413200,2023-01-11,79.52,80.02,78.28,79.68,2177406.0
1673499600,2023-01-12,79.67,80.9,78.89,80.45,4212057.0
1673586000,2023-01-13,80.19,81.69,80.19,80.83,1293740.0
1673931600,2023-01-17,80.68,81.92,80.68,81.26,2210179.0
1674018000,2023-01-18,81.09,82.44,80.87,82.27,1750666.0
1674104400,2023-01-19,82.3,83.93,82.17,83.88,1942644.0
1674190800,2023-01-20,83.97,84.125,82.81,83.2,2412391.0
1674450000,2023-01-23,83.36,83.79,82.89,83.48,1183233.0
1674536400,2023-01-24,83.48,84.0,83.07,83.64,1489631.0
1674622800,2023-01-25,83.57,84.99,83.44,84.97,1236095.0
1674709200,2023-01-26,85.0,86.29,84.37,86.01,1745638.0
1674795600,2023-01-27,85.76,86.076,85.4158,85.7,1101337.0
1675054800,2023-01-30,85.4,85.73,83.5,83.65,2095649.0
1675141200,2023-01-31,84.06,86.045,84.02,85.14,2499718.0
1675227600,2023-02-01,84.8,85.85,84.53,85.6,1277737.0
1675314000,2023-02-02,85.3,85.59,83.54,84.49,1662560.0
1675400400,2023-02-03,84.69,85.2,83.38,83.61,1614299.0
1675659600,2023-02-06,83.61,84.84,82.73,84.36,2462450.0
1675746000,2023-02-07,83.5,83.745,79.08,80.96,4419351.0
1675832400,2023-02-08,80.96,81.14,79.45,80.5,2691338.0
1675918800,2023-02-09,80.8,81.49,80.28,81.24,1957762.0
1676005200,2023-02-10,81.0,81.08,79.09,79.26,2504218.0
1676264400,2023-02-13,79.22,80.13,79.061,80.08,1698589.0
1676350800,2023-02-14,80.2,80.22,78.91,79.36,1432085.0
1676437200,2023-02-15,79.0,79.38,78.27,79.35,1382993.0
1676523600,2023-02-16,79.48,79.71,78.2,78.24,1380953.0
1676610000,2023-02-17,78.07,79.32,77.81,79.0,4704579.0
1676955600,2023-02-21,78.93,79.58,78.17,78.49,1624853.0
1677042000,2023-02-22,78.68,78.91,78.16,78.51,1373601.0
1677128400,2023-02-23,78.3,78.62,77.35,77.66,1129023.0
1677214800,2023-02-24,77.43,77.54,76.7,77.02,1580675.0
1677474000,2023-02-27,77.18,77.65,76.47,76.61,1251496.0
1677560400,2023-02-28,76.54,77.27,76.0,76.98,2625607.0
1677646800,2023-03-01,77.01,78.02,76.85,77.83,1704377.0
1677733200,2023-03-02,77.58,77.58,76.95,77.31,1366490.0
1677819600,2023-03-03,77.39,77.74,76.775,77.56,1634667.0
1678078800,2023-03-06,75.8,76.24,75.11,75.85,2109423.0
1678165200,2023-03-07,75.89,75.89,74.12,74.38,1417036.0
1678251600,2023-03-08,74.21,74.32,73.6,73.79,1031191.0
1678338000,2023-03-09,73.96,74.21,72.461,72.86,1152387.0
1678424400,2023-03-10,72.75,73.51,71.49,72.01,1669967.0
1678680000,2023-03-13,72.27,74.54,72.18,73.18,1527788.0
1678766400,2023-03-14,73.31,74.09,72.98,74.0,1639418.0
1678852800,2023-03-15,73.56,73.56,72.0,72.47,1727889.0
1678939200,2023-03-16,72.32,74.04,72.32,73.97,1715223.0
1679025600,2023-03-17,73.97,74.01,72.81,73.62,4490528.0
1679284800,2023-03-20,73.53,74.51,72.955,74.22,1434052.0
1679371200,2023-03-21,74.32,74.57,73.08,73.49,1295442.0
1679457600,2023-03-22,73.52,73.855,72.22,72.26,1612615.0
1679544000,2023-03-23,72.42,72.83,71.69,72.26,2101807.0
1679630400,2023-03-24,70.74,71.735,67.83,70.23,3684186.0
1679889600,2023-03-27,70.58,71.42,70.35,70.81,1669799.0
1679976000,2023-03-28,70.81,71.33,70.03,70.31,1248303.0
1680062400,2023-03-29,70.73,71.22,70.51,71.14,1183121.0
1680148800,2023-03-30,71.39,71.48,70.84,71.04,1070451.0
1680235200,2023-03-31,71.17,72.37,70.955,72.27,1970437.0
1680494400,2023-04-03,72.09,72.83,71.97,72.66,1350970.0
1680580800,2023-04-04,72.48,72.84,72.18,72.65,1431159.0
1680667200,2023-04-05,72.88,74.08,72.68,73.78,1911735.0
1680753600,2023-04-06,74.1,76.04,73.87,75.51,1642604.0
1681099200,2023-04-10,73.48,74.655,72.99,73.93,1721834.0
1681185600,2023-04-11,74.23,74.53,73.65,74.17,1083730.0
1681272000,2023-04-12,74.31,75.07,73.535,73.94,1134118.0
1681358400,2023-04-13,74.05,75.51,73.99,75.33,1177397.0
1681444800,2023-04-14,75.12,75.28,73.91,74.5,1057157.0
1681704000,2023-04-17,75.03,75.08,74.23,75.0,1524345.0
1681790400,2023-04-18,74.88,74.98,72.6,73.8,1641208.0
1681876800,2023-04-19,73.67,73.83,72.66,73.81,1800450.0
1681963200,2023-04-20,73.64,74.28,73.13,73.85,1725656.0
1682049600,2023-04-21,74.14,75.1,73.7,74.59,9302669.0
1682308800,2023-04-24,74.56,75.54,74.48,75.25,1853580.0
1682395200,2023-04-25,75.35,75.52,72.9601,73.55,1841711.0
1682481600,2023-04-26,73.0,73.61,72.2425,73.53,1498103.0
1682568000,2023-04-27,73.69,73.84,72.53,73.65,1672860.0
1682654400,2023-04-28,73.6,75.03,73.15,74.41,1600081.0
1682913600,2023-05-01,74.63,75.74,74.47,75.34,2263197.0
1683000000,2023-05-02,68.08,72.16,68.06,69.96,4569638.0
1683086400,2023-05-03,69.67,69.825,67.9224,68.04,2823524.0
1683172800,2023-05-04,67.39,67.5,66.04,66.19,2438997.0
1683259200,2023-05-05,66.75,67.7225,65.64,66.56,1819395.0
1683518400,2023-05-08,66.58,66.69,65.49,65.79,1247868.0
1683604800,2023-05-09,65.39,65.71,64.62,64.77,1600923.0
1683691200,2023-05-10,64.96,65.005,63.84,63.92,2287635.0
1683777600,2023-05-11,64.11,64.19,63.48,64.17,1496745.0
1683864000,2023-05-12,64.2,65.41,64.16,65.28,1457779.0
1684123200,2023-05-15,65.5,66.24,65.3,66.2,1688123.0
1684209600,2023-05-16,65.72,65.81,64.68,64.7,1265451.0
1684296000,2023-05-17,64.65,64.8,63.58,64.55,1199074.0
1684382400,2023-05-18,64.57,64.75,63.06,63.63,1550973.0
1684468800,2023-05-19,63.8,64.335,63.33,63.57,1934460.0
1684728000,2023-05-22,63.94,64.68,63.43,64.39,1527095.0
1684814400,2023-05-23,64.36,65.96,64.36,65.08,2045109.0
1684900800,2023-05-24,64.8,65.13,64.265,64.28,1423455.0
1684987200,2023-05-25,63.66,63.73,62.48,62.87,1726434.0
1685073600,2023-05-26,62.87,63.0,62.32,62.58,1354148.0
1685419200,2023-05-30,62.19,62.709,61.25,61.87,1477592.0
1685505600,2023-05-31,61.92,62.44,61.41,61.55,4642708.0
1685592000,2023-06-01,61.59,61.895,60.71,61.51,2062366.0
1685678400,2023-06-02,61.5,62.6,61.42,62.54,2389359.0
1685937600,2023-06-05,62.36,62.91,62.18,62.37,1377727.0
1686024000,2023-06-06,62.65,62.74,61.405,61.71,1930539.0
1686110400,2023-06-07,61.58,61.9,61.01,61.39,1648045.0
1686196800,2023-06-08,61.5,61.75,60.95,61.51,1313752.0
1686283200,2023-06-09,61.34,61.76,60.61,61.04,1509292.0
1686542400,2023-06-12,61.16,62.12,61.0,62.1,3646147.0
1686628800,2023-06-13,61.8,62.69,61.58,61.95,4615518.0
1686715200,2023-06-14,62.14,62.3,61.28,61.44,1631313.0
1686801600,2023-06-15,61.37,62.649,61.21,62.58,3215365.0
1686888000,2023-06-16,62.81,64.015,62.48,63.23,8439937.0
1687233600,2023-06-20,63.42,63.53,61.69,61.75,2862722.0
1687320000,2023-06-21,61.79,62.25,61.455,61.89,2824153.0
1687406400,2023-06-22,61.89,62.12,61.64,61.91,2660304.0
1687492800,2023-06-23,61.885,62.98,61.58,62.45,4460232.0
1687752000,2023-06-26,62.49,63.06,61.26,62.94,2052391.0
1687838400,2023-06-27,63.09,63.41,61.17,61.68,1706341.0
1687924800,2023-06-28,61.98,61.98,60.5696,60.95,1863726.0
1688011200,2023-06-29,60.84,62.035,60.56,61.85,1836277.0
1688097600,2023-06-30,62.11,62.48,61.86,62.25,1407365.0
1688356800,2023-07-03,62.15,62.52,61.82,62.08,539616.0
1688529600,2023-07-05,62.25,63.04,61.73,62.99,1612168.0
1688616000,2023-07-06,62.68,63.05,62.225,62.86,1374738.0
1688702400,2023-07-07,62.77,62.87,61.67,62.07,1054327.0
1688961600,2023-07-10,61.92,62.71,61.79,61.89,1239538.0
1689048000,2023-07-11,62.16,62.88,61.93,62.84,1206167.0
1689134400,2023-07-12,63.65,63.65,62.5,62.65,1731218.0
1689220800,2023-07-13,62.63,62.69,61.91,61.94,1124113.0
1689307200,2023-07-14,61.75,62.05,60.855,61.76,1175839.0
1689566400,2023-07-17,61.71,61.74,61.05,61.08,1121834.0
1689652800,2023-07-18,61.03,62.77,61.03,61.68,1611905.0
1689739200,2023-07-19,62.26,62.935,62.03,62.9,1533397.0
1689825600,2023-07-20,63.3,64.04,63.11,64.01,1648420.0
1689912000,2023-07-21,64.17,64.39,63.49,64.15,1663922.0
1690171200,2023-07-24,64.26,64.5,63.315,63.46,973057.0
1690257600,2023-07-25,63.94,64.375,63.62,63.79,1316714.0
1690344000,2023-07-26,63.8,63.8,62.525,62.8,1466242.0
1690430400,2023-07-27,62.77,63.345,62.515,62.68,1347384.0
1690516800,2023-07-28,63.15,63.25,62.5,63.09,1314462.0
1690776000,2023-07-31,63.07,63.95,62.9,63.72,2092084.0
1690862400,2023-08-01,65.47,65.76,62.2,63.69,2591409.0
1690948800,2023-08-02,63.79,65.98,63.79,65.68,2041316.0
1691035200,2023-08-03,65.72,65.83,64.97,64.98,1300107.0
1691121600,2023-08-04,64.46,65.1,63.575,63.63,1261216.0
1691380800,2023-08-07,63.79,65.2,63.57,64.91,1627340.0
1691467200,2023-08-08,65.27,65.54,64.26,64.53,1165362.0
1691553600,2023-08-09,64.58,65.925,64.54,65.42,1372954.0
1691640000,2023-08-10,65.66,66.435,65.27,65.51,1703939.0
1691726400,2023-08-11,65.73,66.24,65.45,65.93,1061002.0
1691985600,2023-08-14,65.71,66.15,65.1,65.24,2256835.0
1692072000,2023-08-15,64.91,65.7,64.7728,65.41,787710.0
1692158400,2023-08-16,65.19,65.63,64.63,64.73,1044696.0
1692244800,2023-08-17,64.79,65.02,64.13,64.21,1875845.0
1692331200,2023-08-18,63.78,64.56,63.58,64.04,831689.0
1692590400,2023-08-21,64.04,65.02,63.67,64.88,1459318.0
1692676800,2023-08-22,64.83,65.55,64.46,64.79,1212029.0
1692763200,2023-08-23,65.04,65.28,64.38,64.65,1053158.0
1692849600,2023-08-24,64.53,65.38,64.19,64.23,1107852.0
1692936000,2023-08-25,64.25,64.56,63.57,63.86,1113123.0
1693195200,2023-08-28,64.0,65.13,63.835,64.83,1121592.0
1693281600,2023-08-29,64.82,65.605,64.41,64.59,1411092.0
1693368000,2023-08-30,64.63,65.44,64.6,65.25,1578295.0
1693454400,2023-08-31,65.19,65.3786,64.4,64.53,1408952.0
1693540800,2023-09-01,65.03,65.43,64.56,64.69,1356051.0
1693886400,2023-09-05,64.83,65.16,63.23,63.28,1863743.0
1693972800,2023-09-06,63.23,63.51,62.52,63.19,1939134.0
1694059200,2023-09-07,63.26,63.559,62.775,63.45,2492507.0
1694145600,2023-09-08,63.81,64.335,63.585,63.98,1409453.0
1694404800,2023-09-11,64.03,64.84,63.73,64.41,1788552.0
1694491200,2023-09-12,64.5,64.69,63.65,64.23,1454836.0
1694577600,2023-09-13,64.23,64.57,62.985,63.1,1737584.0
1694664000,2023-09-14,63.16,63.85,62.91,63.48,1775018.0
1694750400,2023-09-15,63.43,63.91,62.5,62.55,2100531.0
1695009600,2023-09-18,59.83,60.05,58.54,59.51,4662479.0
1695096000,2023-09-19,59.53,60.83,59.52,60.6,2609882.0
1695182400,2023-09-20,60.75,60.9997,60.3,60.37,1376331.0
1695268800,2023-09-21,60.24,60.39,58.76,58.81,2011676.0
1695355200,2023-09-22,58.77,59.34,57.91,58.1,2306860.0
1695614400,2023-09-25,58.05,58.83,57.9,58.75,1902974.0
1695700800,2023-09-26,58.56,59.62,58.52,59.28,1473032.0
1695787200,2023-09-27,59.46,59.85,58.735,59.11,1118243.0
1695873600,2023-09-28,59.13,59.33,58.445,58.61,795163.0
1695960000,2023-09-29,58.86,58.86,57.66,57.77,1455126.0
1696219200,2023-10-02,57.61,58.085,56.8201,58.06,1964694.0
1696305600,2023-10-03,57.75,58.685,57.62,58.56,1846127.0
1696392000,2023-10-04,58.81,58.81,57.57,58.16,1549344.0
1696478400,2023-10-05,58.13,58.87,58.05,58.81,1483100.0
1696564800,2023-10-06,58.72,58.76,57.31,57.33,1545865.0
1696824000,2023-10-09,56.89,57.01,55.645,56.68,2210140.0
1696910400,2023-10-10,56.95,57.74,56.78,57.24,1505282.0
1696996800,2023-10-11,57.5,57.8,56.73,56.96,1357279.0
1697083200,2023-10-12,56.93,56.93,56.08,56.57,1334097.0
1697169600,2023-10-13,56.42,57.63,56.42,57.61,1248304.0
1697428800,2023-10-16,57.97,58.06,57.295,57.63,1207275.0
1697515200,2023-10-17,57.51,57.915,56.8969,57.19,1166217.0
1697601600,2023-10-18,57.06,57.69,56.67,56.82,1351237.0
1697688000,2023-10-19,56.37,56.64,55.49,55.64,1699386.0
1697774400,2023-10-20,55.64,56.125,54.98,55.13,2138958.0
1698033600,2023-10-23,55.16,55.4,54.53,55.1,1426436.0
1698120000,2023-10-24,55.38,55.9,54.61,54.95,1669321.0
1698206400,2023-10-25,54.48,54.7,53.47,54.25,1385077.0
1698292800,2023-10-26,54.14,54.39,53.585,54.27,1769641.0
1698379200,2023-10-27,54.24,54.54,52.36,52.54,1495362.0
1698638400,2023-10-30,52.6,52.99,51.37,52.16,3300731.0
1698724800,2023-10-31,51.955,54.08,50.27,53.93,3744825.0
1698811200,2023-11-01,54.0,54.585,52.89,54.37,2239946.0
1698897600,2023-11-02,54.22,54.76,53.51,53.97,1295130.0
1698984000,2023-11-03,54.25,55.0,54.02,54.85,2001823.0
1699246800,2023-11-06,55.2,55.36,54.35,54.57,1375512.0
1699333200,2023-11-07,54.36,54.92,54.05,54.72,1365403.0
1699419600,2023-11-08,54.85,54.85,53.4769,54.06,1886499.0
1699506000,2023-11-09,54.25,54.37,52.32,52.52,1567450.0
1699592400,2023-11-10,52.73,52.73,51.465,52.44,1552857.0
1699851600,2023-11-13,52.09,53.41,52.09,53.12,1593260.0
1699938000,2023-11-14,53.6,54.805,53.38,54.57,1938447.0
1700024400,2023-11-15,54.44,55.495,54.31,54.98,1953399.0
1700110800,2023-11-16,55.13,55.17,53.545,53.99,1748830.0
1700197200,2023-11-17,54.46,54.494,53.78,54.27,2990942.0
1700456400,2023-11-20,54.49,55.18,54.21,54.71,1512257.0
1700542800,2023-11-21,53.2,54.0,52.815,53.23,1489312.0
1700629200,2023-11-22,53.53,54.1,53.24,53.4,1110949.0
1700802000,2023-11-24,53.58,53.78,53.205,53.74,430700.0
1701061200,2023-11-27,53.64,53.675,52.405,52.87,1238812.0
1701147600,2023-11-28,52.92,52.92,52.2,52.7,1760488.0
1701234000,2023-11-29,52.92,53.66,52.795,53.39,1535023.0
1701320400,2023-11-30,53.93,54.53,53.6264,54.34,4012403.0
1701406800,2023-12-01,54.42,54.61,53.62,54.02,1882507.0
1701666000,2023-12-04,55.28,55.94,54.68,54.96,1863846.0
1701752400,2023-12-05,54.69,55.42,54.52,54.82,1429845.0
1701838800,2023-12-06,54.71,55.64,54.25,55.42,1358151.0
1701925200,2023-12-07,55.66,55.66,54.699,55.18,1276626.0
1702011600,2023-12-08,55.17,55.17,54.3,54.7,1517309.0
1702270800,2023-12-11,54.82,57.1,54.74,57.04,2385166.0
1702357200,2023-12-12,57.36,62.45,57.1224,61.86,6165070.0
1702443600,2023-12-13,62.45,64.84,62.24,64.19,4060781.0
1702530000,2023-12-14,64.5,64.99,63.66,63.84,3019842.0
1702616400,2023-12-15,63.82,64.3,61.48,62.3,6206996.0
1702875600,2023-12-18,62.28,62.32,60.35,60.62,2304091.0
1702962000,2023-12-19,60.97,62.26,60.64,61.9,1790036.0
1703048400,2023-12-20,62.0,62.19,60.615,60.76,1901517.0
1703134800,2023-12-21,61.15,61.82,60.91,61.69,2092229.0
1703221200,2023-12-22,61.92,63.41,61.81,62.85,980135.0
1703566800,2023-12-26,63.1,63.225,62.21,62.55,1296180.0
1703653200,2023-12-27,62.44,62.79,62.1311,62.68,1165912.0
1703739600,2023-12-28,62.9,63.57,62.59,62.73,1115679.0
1703826000,2023-12-29,62.44,63.07,62.405,62.79,992852.0
1704171600,2024-01-02,62.39,65.49,62.39,65.45,1458807.0
1704258000,2024-01-03,65.45,67.06,65.13,65.51,2588110.0
1704344400,2024-01-04,65.46,67.365,65.36,66.59,2999495.0
1704430800,2024-01-05,66.32,66.47,65.18,65.26,1942630.0
1704690000,2024-01-08,64.9,65.84,62.35,65.82,2102088.0
1704776400,2024-01-09,65.82,66.17,63.45,64.38,1951322.0
1704862800,2024-01-10,64.2,65.18,63.87,64.14,1752808.0
1704949200,2024-01-11,63.58,63.58,62.7,63.11,1780238.0
1705035600,2024-01-12,63.3,63.88,62.46,62.74,1125245.0
1705381200,2024-01-16,62.59,62.635,61.22,61.34,1410663.0
1705467600,2024-01-17,61.18,61.84,60.37,61.48,1218629.0
1705554000,2024-01-18,61.3,61.55,60.27,61.18,1139354.0
1705640400,2024-01-19,61.28,61.67,60.45,61.49,1212269.0
1705899600,2024-01-22,61.805,61.93,60.61,61.5,1117110.0
1705986000,2024-01-23,61.73,62.19,60.93,61.87,1097543.0
1706072400,2024-01-24,62.05,62.14,60.78,60.84,1317323.0
1706158800,2024-01-25,60.73,61.32,59.58,60.92,1114651.0
1706245200,2024-01-26,61.32,61.71,60.3,60.64,1030055.0
1706504400,2024-01-29,60.36,60.84,59.77,60.47,1253053.0
1706590800,2024-01-30,60.5,60.5,59.15,59.28,1865500.0
1706677200,2024-01-31,59.3,59.475,58.52,58.77,1857899.0
1706763600,2024-02-01,58.52,59.27,58.03,59.16,1402269.0
1706850000,2024-02-02,58.63,59.27,58.05,58.35,1148076.0
1707109200,2024-02-05,58.0,58.47,57.63,58.06,1248997.0
1707195600,2024-02-06,58.5,59.94,57.69,59.63,2025638.0
1707282000,2024-02-07,59.24,59.575,57.34,57.34,1368656.0
1707368400,2024-02-08,57.35,57.72,56.1,57.36,1703754.0
1707454800,2024-02-09,57.37,57.96,57.09,57.66,1761933.0
1707714000,2024-02-12,57.79,58.43,57.38,57.84,2211796.0
1707800400,2024-02-13,60.04,60.7,57.83,59.34,3494636.0
1707886800,2024-02-14,58.59,60.2,57.51,57.89,2235715.0
1707973200,2024-02-15,58.09,59.87,57.89,58.97,1436639.0
1708059600,2024-02-16,58.88,59.105,57.92,57.96,1132034.0
1708405200,2024-02-20,57.79,59.5,57.62,58.82,2167035.0
1708491600,2024-02-21,59.08,60.46,59.05,60.33,1960923.0
1708578000,2024-02-22,60.33,61.34,59.46,60.91,1701518.0
1708664400,2024-02-23,61.8,61.865,60.31,60.59,1373232.0
1708923600,2024-02-26,60.33,61.44,60.1,60.53,1246939.0
1709010000,2024-02-27,60.65,61.48,59.73,61.0,1370002.0
1709096400,2024-02-28,60.77,61.0,59.91,59.98,1118697.0
1709182800,2024-02-29,60.21,60.21,58.25,58.36,3086977.0
1709269200,2024-03-01,58.7,59.66,58.37,59.05,1574698.0
1709528400,2024-03-04,59.25,59.775,58.07,59.72,1663282.0
1709614800,2024-03-05,59.96,60.19,58.07,58.9,1876797.0
1709701200,2024-03-06,59.21,59.7,58.52,59.26,1797523.0
1709787600,2024-03-07,59.49,59.72,58.33,59.03,1581732.0
1709874000,2024-03-08,59.17,60.17,59.14,60.02,1572361.0
1710129600,2024-03-11,60.15,61.16,59.7,60.79,2193150.0
1710216000,2024-03-12,60.72,60.9,58.9,59.33,1643796.0
1710302400,2024-03-13,59.35,60.22,58.6,58.92,1335486.0
1710388800,2024-03-14,58.75,59.12,58.0994,58.54,1230862.0
1710475200,2024-03-15,58.3,58.755,57.53,58.37,4901969.0
1710734400,2024-03-18,58.75,58.78,57.3,57.34,1811547.0
1710820800,2024-03-19,57.7,58.44,57.18,58.33,2502861.0
1710907200,2024-03-20,58.03,58.43,57.49,58.24,1714309.0
1710993600,2024-03-21,58.57,59.03,57.47,57.72,1535769.0
1711080000,2024-03-22,57.98,57.98,56.96,56.98,1192639.0
1711339200,2024-03-25,57.14,57.59,56.57,57.48,1882931.0
1711425600,2024-03-26,57.53,57.555,56.51,56.55,1805731.0
1711512000,2024-03-27,56.52,57.35,56.5,57.12,1653642.0
1711598400,2024-03-28,57.25,57.4,56.61,56.97,1883250.0
1711944000,2024-04-01,56.97,57.0,56.03,56.64,1270495.0
1712030400,2024-04-02,56.56,57.1487,55.79,55.83,2088947.0
1712116800,2024-04-03,55.84,56.21,55.0,55.31,1909866.0
1712203200,2024-04-04,55.55,55.855,54.82,54.99,1546103.0
1712289600,2024-04-05,54.84,55.41,54.26,55.24,1603328.0
1712548800,2024-04-08,54.97,55.42,54.42,55.05,1238969.0
1712635200,2024-04-09,55.2,56.46,55.19,55.3,1483440.0
1712721600,2024-04-10,54.85,55.25,54.47,55.0,1052587.0
1712808000,2024-04-11,55.34,55.99,54.63,54.92,1580963.0
1712894400,2024-04-12,54.72,55.03,53.76,53.85,1227463.0
1713153600,2024-04-15,53.91,54.3,53.41,53.43,1574419.0
1713240000,2024-04-16,53.34,54.09,53.15,53.22,1465377.0
1713326400,2024-04-17,53.22,53.8,52.7,52.72,2525527.0
1713412800,2024-04-18,52.96,53.15,52.26,52.82,1830343.0
1713499200,2024-04-19,52.97,53.0,52.0,52.35,2181297.0
1713758400,2024-04-22,52.43,52.62,51.88,51.92,1751676.0
1713844800,2024-04-23,52.0,52.2175,51.39,51.65,2493676.0
1713931200,2024-04-24,51.65,51.835,51.14,51.74,1564434.0
1714017600,2024-04-25,51.58,51.85,50.3501,51.18,1771950.0
1714104000,2024-04-26,50.99,51.85,50.87,51.68,1564403.0
1714363200,2024-04-29,51.75,53.27,51.71,52.56,3081703.0
1714449600,2024-04-30,50.4,53.84,50.3498,52.05,4773335.0
1714536000,2024-05-01,51.87,53.98,51.75,52.94,3577694.0
1714622400,2024-05-02,53.02,53.46,52.28,53.09,2020535.0
1714708800,2024-05-03,53.7,53.87,52.73,53.76,1407391.0
1714968000,2024-05-06,53.79,54.19,53.45,54.08,2016552.0
1715054400,2024-05-07,54.5,54.92,53.96,54.37,1901286.0
1715140800,2024-05-08,54.37,54.49,53.23,53.51,2208629.0
1715227200,2024-05-09,53.76,53.94,53.1,53.5,1428455.0
1715313600,2024-05-10,53.39,53.6725,52.81,53.06,1505329.0
1715572800,2024-05-13,57.0,58.93,56.62,57.6,7237381.0
1715659200,2024-05-14,57.6,58.11,56.85,57.05,2734988.0
1715745600,2024-05-15,57.43,57.44,56.775,57.05,3395238.0
1715832000,2024-05-16,56.86,57.38,56.37,56.86,3042675.0
1715918400,2024-05-17,56.83,57.245,56.4,57.1,1618342.0
1716177600,2024-05-20,57.21,57.37,56.99,57.19,1977879.0
1716264000,2024-05-21,57.11,57.51,56.93,57.4,1826233.0
1716350400,2024-05-22,57.38,58.38,57.34,58.2,2667116.0
1716436800,2024-05-23,57.87,58.19,57.28,57.45,2205958.0
1716523200,2024-05-24,57.56,57.78,57.19,57.31,1966856.0
1716868800,2024-05-28,57.25,57.5,56.62,57.25,2276796.0
1716955200,2024-05-29,56.87,57.3,56.41,56.92,4190473.0
1717041600,2024-05-30,57.05,57.555,56.8,57.3,2254712.0
1717128000,2024-05-31,57.36,57.98,57.3,57.79,5049814.0
1717387200,2024-06-03,57.56,59.065,57.56,58.8,7764689.0
1717473600,2024-06-04,58.67,59.32,58.52,58.57,6497868.0
1717560000,2024-06-05,58.6,59.1,57.95,59.03,7494737.0
1717646400,2024-06-06,58.91,59.27,58.185,58.41,7860251.0
1717732800,2024-06-07,58.14,59.24,58.02,59.16,8706264.0
1717992000,2024-06-10,59.01,59.48,58.91,59.4,10170965.0
1718078400,2024-06-11,59.41,59.66,57.97,59.48,9175728.0
1718164800,2024-06-12,59.59,60.66,59.37,59.94,6112135.0
1718251200,2024-06-13,59.98,62.96,59.96,62.69,6474167.0
1718337600,2024-06-14,62.28,63.08,61.42,62.11,4892041.0
1718596800,2024-06-17,61.76,62.83,61.48,62.69,6287107.0
1718683200,2024-06-18,62.65,64.3,61.18,61.44,5074164.0
1718856000,2024-06-20,61.27,62.95,61.19,62.36,3374041.0
1718942400,2024-06-21,63.07,63.81,62.46,63.22,9700687.0
1719201600,2024-06-24,63.37,64.09,62.78,63.75,2614807.0
1719288000,2024-06-25,63.6,63.73,63.08,63.1,1708686.0
1719374400,2024-06-26,63.01,63.01,61.59,61.75,2384646.0
1719460800,2024-06-27,61.97,62.13,60.81,61.35,1643346.0
1719547200,2024-06-28,61.54,61.54,60.07,60.62,10967908.0
1719806400,2024-07-01,60.5,61.99,60.37,60.87,2247348.0
1719892800,2024-07-02,59.2,60.48,58.6315,59.02,3180651.0
1719979200,2024-07-03,59.12,59.22,57.58,57.66,1472478.0
1720152000,2024-07-05,57.48,57.58,56.75,57.33,2092546.0
1720411200,2024-07-08,57.36,58.62,57.17,58.17,2669763.0
1720497600,2024-07-09,58.33,60.91,58.1,60.7,2408353.0
1720584000,2024-07-10,60.96,61.0,59.74,60.73,2525127.0
1720670400,2024-07-11,60.84,62.6325,60.75,62.29,2268682.0
1720756800,2024-07-12,63.0,63.93,62.61,63.66,1934890.0
1721016000,2024-07-15,63.49,64.59,63.26,64.25,1577594.0
1721102400,2024-07-16,64.19,64.5,63.48,64.0,1448801.0
1721188800,2024-07-17,63.96,65.34,63.5,65.3,1810888.0
1721275200,2024-07-18,65.3,66.78,64.61,65.37,2081323.0
1721361600,2024-07-19,65.54,66.1,64.9821,65.87,1559059.0
1721620800,2024-07-22,66.09,66.16,64.3,65.19,1239625.0
1721707200,2024-07-23,65.08,66.12,64.54,65.8,1108143.0
1721793600,2024-07-24,66.01,66.98,65.62,66.91,2956677.0
1721880000,2024-07-25,66.01,66.98,65.62,66.91,2956677.0
1721966400,2024-07-26,68.57,69.85,68.2405,68.61,2186078.0
1722225600,2024-07-29,68.51,69.14,68.02,68.59,2779930.0
1722312000,2024-07-30,69.33,69.33,64.74,67.79,4635370.0
1722398400,2024-07-31,67.83,68.98,64.81,65.07,2837849.0
1722484800,2024-08-01,65.2,65.68,64.08,64.42,2063610.0
1722571200,2024-08-02,64.27,65.15,62.9661,64.47,1942001.0
1722830400,2024-08-05,63.35,64.17,61.95,62.0,2359860.0
1722916800,2024-08-06,61.81,62.42,60.99,61.27,2405923.0
1723003200,2024-08-07,61.55,62.59,60.2,60.29,2015519.0
1723089600,2024-08-08,60.3,62.03,60.195,61.78,2474080.0
1723176000,2024-08-09,61.39,62.225,60.83,61.08,1301728.0
1723435200,2024-08-12,60.96,61.71,60.26,61.12,1422933.0
1723521600,2024-08-13,61.16,62.24,60.95,62.02,2608773.0
1723608000,2024-08-14,61.8,61.99,60.99,61.18,1504180.0
1723694400,2024-08-15,61.79,62.22,61.32,61.68,1312618.0
1723780800,2024-08-16,61.88,62.47,61.38,62.16,1393247.0
1724040000,2024-08-19,62.23,63.3,62.06,63.26,1407674.0
1724126400,2024-08-20,63.09,64.78,63.04,64.38,2009978.0
1724212800,2024-08-21,64.42,64.9,64.04,64.15,1765204.0
1724299200,2024-08-22,64.36,64.36,62.69,63.02,1929862.0
1724385600,2024-08-23,63.52,64.46,63.05,64.14,1566790.0
1724644800,2024-08-26,64.26,65.4,63.9401,65.16,1981484.0
1724731200,2024-08-27,65.32,65.7,64.9,65.63,1493198.0
1724817600,2024-08-28,65.52,65.91,65.32,65.64,1321539.0
1724904000,2024-08-29,65.8,67.48,65.1,65.91,1490621.0
1724990400,2024-08-30,65.91,66.325,64.99,65.66,2548307.0
1725336000,2024-09-03,65.76,67.09,65.26,66.31,1969857.0
1725422400,2024-09-04,66.42,66.745,64.13,64.33,2071007.0
1725508800,2024-09-05,64.32,64.85,61.15,62.96,2303935.0
1725595200,2024-09-06,63.2,63.76,61.19,61.26,1785855.0
1725854400,2024-09-09,61.48,62.83,61.19,62.26,1792922.0
1725940800,2024-09-10,62.19,63.34,61.45,63.13,1720172.0
1726027200,2024-09-11,63.04,63.16,61.67,63.13,1574242.0
1726113600,2024-09-12,62.94,63.455,61.63,63.36,1417596.0
1726200000,2024-09-13,63.37,64.17,63.07,63.56,2021372.0
1726459200,2024-09-16,63.94,66.48,63.9,66.41,1859599.0
1726545600,2024-09-17,66.42,67.74,66.195,66.43,1658156.0
1726632000,2024-09-18,65.25,66.08,64.38,65.17,2858106.0
1726718400,2024-09-19,66.22,66.95,65.27,66.82,2077686.0
1726804800,2024-09-20,66.2,66.2,64.99,65.74,7670507.0
1727064000,2024-09-23,65.97,65.97,64.065,64.12,2033047.0
1727150400,2024-09-24,64.15,64.2,62.96,63.7,2036198.0
1727236800,2024-09-25,64.12,64.59,62.57,63.22,1579992.0
1727323200,2024-09-26,63.1,65.21,62.86,65.13,1987367.0
1727409600,2024-09-27,65.64,66.79,65.625,65.83,1590323.0
1727668800,2024-09-30,65.4,66.96,65.27,66.1,1622181.0
1727755200,2024-10-01,66.68,68.17,65.99,68.06,2737008.0
1727841600,2024-10-02,67.68,67.82,66.26,67.63,1348917.0
1727928000,2024-10-03,67.28,67.98,66.83,67.04,1426475.0
1728014400,2024-10-04,67.37,67.56,66.45,67.49,1236688.0
1728273600,2024-10-07,67.36,67.47,65.7,65.76,1529443.0
1728360000,2024-10-08,65.58,66.31,65.46,65.74,1010335.0
1728446400,2024-10-09,65.63,66.52,65.24,65.76,1017803.0
1728532800,2024-10-10,65.3,65.5,64.59,65.37,1101061.0
1728619200,2024-10-11,65.49,66.25,65.375,66.12,1592804.0
1728878400,2024-10-14,65.79,65.79,64.93,65.44,748138.0
1728964800,2024-10-15,65.89,67.06,65.6789,66.29,1178581.0
1729051200,2024-10-16,66.38,66.61,65.93,66.17,857238.0
1729137600,2024-10-17,65.99,66.49,65.435,66.43,1355894.0
1729224000,2024-10-18,66.41,66.95,65.9,66.39,742383.0
1729483200,2024-10-21,66.33,66.55,64.87,65.27,841024.0
1729569600,2024-10-22,65.03,65.78,64.6,65.59,735418.0
1729656000,2024-10-23,65.49,66.1,64.76,65.17,1251934.0
1729742400,2024-10-24,65.24,65.91,65.08,65.24,1208613.0
1729828800,2024-10-25,65.32,65.735,64.99,65.07,1086374.0
1730088000,2024-10-28,65.49,65.88,64.86,65.69,2067365.0
1730174400,2024-10-29,67.53,74.07,66.95,73.6,4572090.0
1730260800,2024-10-30,73.6,74.6,72.5,73.93,2459007.0
1730347200,2024-10-31,73.91,74.675,73.28,74.12,2024269.0
1730433600,2024-11-01,74.12,76.33,73.91,76.13,2261651.0
1730696400,2024-11-04,75.07,76.57,75.07,75.75,1463500.0
1730782800,2024-11-05,75.77,77.37,75.34,77.28,1251667.0
1730869200,2024-11-06,78.45,82.19,78.21,80.95,5292066.0
1730955600,2024-11-07,81.0,82.97,79.53,82.34,2636685.0
1731042000,2024-11-08,82.59,83.95,82.145,83.38,3235745.0
1731301200,2024-11-11,83.54,83.54,81.16,81.53,1880977.0
1731387600,2024-11-12,81.55,82.02,80.2,80.58,1843166.0
1731474000,2024-11-13,80.8,81.7,80.37,80.48,1573215.0
1731560400,2024-11-14,80.155,80.46,77.58,77.73,1875790.0
1731646800,2024-11-15,77.15,77.87,73.25,75.87,3842709.0
1731906000,2024-11-18,75.89,77.01,75.4236,76.97,1843996.0
1731992400,2024-11-19,67.11,74.1,65.02,70.56,10883288.0
1732078800,2024-11-20,70.66,71.68,70.25,71.05,2312364.0
1732165200,2024-11-21,71.33,71.4,69.3,70.39,2145323.0
1732251600,2024-11-22,70.43,72.0,70.33,71.72,1521881.0
1732510800,2024-11-25,72.34,73.87,72.25,73.52,3350936.0
1732597200,2024-11-26,74.14,74.95,73.1,74.8,1475653.0
1732683600,2024-11-27,75.0,76.14,74.75,75.45,1150772.0
1732856400,2024-11-29,75.71,76.08,74.22,74.59,797636.0
1733115600,2024-12-02,74.28,74.7,72.64,73.24,1737255.0
1733202000,2024-12-03,72.73,72.96,71.7207,72.03,1667668.0
1733288400,2024-12-04,73.4,75.32,73.3373,74.62,2615152.0
1733374800,2024-12-05,73.02,75.37,72.87,74.92,1760554.0
1733461200,2024-12-06,75.27,76.46,75.02,75.92,1322445.0
1733720400,2024-12-09,75.94,75.9799,71.8,72.11,1758125.0
1733806800,2024-12-10,72.11,73.1,71.35,72.48,2406780.0
1733893200,2024-12-11,72.65,73.5,72.1,72.49,1425614.0
1733979600,2024-12-12,70.5,72.11,70.48,70.83,1387881.0
1734066000,2024-12-13,70.64,70.79,68.52,68.55,1769106.0
1734325200,2024-12-16,69.31,70.88,68.6175,69.8,2835967.0
1734411600,2024-12-17,68.78,69.74,68.51,69.4,1971468.0
1734498000,2024-12-18,69.18,69.63,67.55,67.55,1897851.0
1734584400,2024-12-19,68.64,68.64,66.33,67.06,2028314.0
1734670800,2024-12-20,66.89,69.11,66.89,68.84,6805483.0
1734930000,2024-12-23,68.58,70.19,68.15,69.84,1611109.0
1735016400,2024-12-24,69.88,70.1,68.92,69.91,395905.0
1735189200,2024-12-26,69.52,70.115,69.25,69.56,764511.0
1735275600,2024-12-27,68.71,69.9,68.1862,69.23,966375.0
1735534800,2024-12-30,68.56,68.87,67.7,68.42,825919.0
1735621200,2024-12-31,68.54,69.2,68.19,69.07,1010137.0
1735794000,2025-01-02,69.67,70.27,68.92,69.53,1061837.0
1735880400,2025-01-03,69.76,70.44,69.3501,69.63,1542670.0
1736139600,2025-01-06,69.45,72.79,69.45,71.91,1931684.0
1736226000,2025-01-07,73.06,75.04,72.455,73.19,1852842.0
1736312400,2025-01-08,73.19,74.01,72.85,73.13,1571275.0
1736485200,2025-01-10,72.21,72.6,69.53,70.54,2045962.0
1736744400,2025-01-13,70.54,72.94,69.65,72.37,1602128.0
1736830800,2025-01-14,72.34,72.93,71.22,71.93,1595917.0
1736917200,2025-01-15,72.96,73.83,72.21,72.46,1101879.0
1737003600,2025-01-16,72.51,72.98,71.72,72.47,1100000.0
1737090000,2025-01-17,72.87,73.0,71.85,71.93,1013332.0
1737435600,2025-01-21,72.21,73.98,71.8518,73.47,1867891.0
1737522000,2025-01-22,73.47,73.55,71.975,72.41,1165716.0
1737608400,2025-01-23,72.32,72.88,71.05,72.53,1042544.0
1737694800,2025-01-24,72.3,73.68,72.29,72.59,1274821.0
1737954000,2025-01-27,72.29,73.425,71.36,72.64,1070718.0
1738040400,2025-01-28,72.69,73.9865,71.85,73.15,995241.0
1738126800,2025-01-29,73.22,74.105,72.67,73.72,1246590.0
1738213200,2025-01-30,74.16,74.555,73.29,73.77,1307847.0
1738299600,2025-01-31,73.76,75.18,73.1,74.16,1294554.0
1738558800,2025-02-03,73.56,75.0,72.6,73.74,1314170.0
1738645200,2025-02-04,73.51,74.92,73.1923,74.12,1263797.0
1738731600,2025-02-05,74.78,75.735,74.19,75.26,1461907.0
1738818000,2025-02-06,75.02,75.49,74.14,74.95,1340478.0
1738904400,2025-02-07,75.37,76.96,73.785,74.13,2473482.0
1739163600,2025-02-10,73.01,73.42,67.56,68.3,3782270.0
1739250000,2025-02-11,67.52,68.69,66.26,66.33,2845890.0
1739336400,2025-02-12,66.3,69.1,65.56,69.05,2075629.0
