start,start_unix,end,end_unix,direction,bottom,top,start_open,start_high,start_low,start_close,start_volume,end_open,end_high,end_low,end_close,end_volume,bb_bbh,bb_bbl,kch_high,kch_low,squeeze,rsi,roc,tsi,mfi,vwap,atr,adx,obv,pocket_pivot,cmf,aroon_up,aroon,aroon_down,sma,ema20,ema50,macd_diff,rel_open,rel_high,rel_low,rel_close
2016-03-15,1458014400,2016-03-22,1458619200,-0.75,8.781443707112167,10.738685023030179,10.22,10.23,9.988,10.06,61835850.0,9.241,9.482,9.168,9.435,52469450.0,16.002002198861945,-2.3146678056452146,10.421480303833249,3.484543366896304,0,-4.99995902662603,-10.142857142857139,-6.573828613694066,-18.687068381775774,5.280352209474984,3.9235796847208753,-5.448127269514014,0.6113629289147111,0,-0.15843541350655674,6.000000000000007,-35.99999999999999,42.0,6.843667196608365,4.477170119178837,2.7049065759334923,-0.16293546874421114,-0.020561738208797142,0.004981452040275336,-0.028298887122416683,0.020000000000000018
2016-03-15,1458014400,2016-03-23,1458705600,-0.25,8.781443707112167,10.1254464049791,10.22,10.23,9.988,10.06,61835850.0,9.44,9.633,9.42,9.489,40507300.0,15.237043750163878,-3.620435045347776,9.36119014999825,2.460568377419463,0,-4.125680276750003,-7.873786407766989,-7.918314293643701,-19.79049544435479,4.260807366600687,3.7829265934197402,-5.973123643782515,0.47574982835866797,0,-0.17007993178278313,2.0,-36.0,38.0,5.808304352408044,3.5128389333744394,2.037279251419477,-0.14292850575753177,-0.005163873959321497,0.015175466329433895,-0.007271577616187241,0.00572337042925275
2016-03-17,1458187200,2016-03-24,1458792000,0.25,8.781443707112167,10.1254464049791,9.881,9.948,9.416,9.432,115685750.0,9.421,9.447,9.249,9.427,51599050.0,16.036402124200194,-3.752536631466569,9.590184222622966,2.826632721615212,0,-4.99038372617165,-6.755687438180019,-9.342449876591267,-26.005668544528206,4.175224019699513,3.7176686704183957,-6.036614919787613,-0.6108968433858023,0,-0.08673937931652705,-2.0,-36.0,34.0,6.141932746366805,3.7942346155521562,2.602153177084702,-0.12723569687838,-0.0006364697146494791,0.0021215657154980416,-0.018881934867932437,-0.006533881336284186
2016-03-23,1458705600,2016-03-28,1459137600,-0.25,8.848478650961205,10.1254464049791,9.44,9.633,9.42,9.489,40507300.0,9.48,9.612,9.45,9.506,38072550.0,14.99214996242371,-5.1183860238585766,8.33193071042848,1.7676555158145533,0,-3.634405176757113,-6.067193675889318,-9.925693544385538,-22.637890752925685,2.9080758452372493,3.5624418655018246,-6.649508352513369,0.4663765060765634,0,-0.12234675289313966,-6.0,-36.0,30.0,4.936881969282567,2.6524437933705514,1.6808669901331683,-0.105781272698741,-0.0027351146644224444,0.01115085209341471,-0.005891016200294641,0.008380184576217253
2016-03-24,1458792000,2016-04-21,1461211200,0.25,8.848478650961205,10.088877279692108,9.421,9.447,9.249,9.427,51599050.0,9.193,9.256,8.952,8.963,37750250.0,6.503892590362057,-1.790069093764913,5.005206590055408,-0.15935884562459535,1,-7.7502485494263595,-5.543260617557188,-16.543284181802264,-6.093385770286865,1.5421600500204136,3.076636123200343,-5.517089502578564,-0.5922965804991462,0,-0.15891360675397295,-21.999999999999996,-40.0,18.0,2.3569117482985718,2.8600188278693253,4.761818741346801,0.019798047434767874,0.025661050987392686,0.03268994756220023,-0.00122726765591874,-0.021506550218340692
2016-03-28,1459137600,2016-04-22,1461297600,-0.75,8.356724398734466,10.088877279692108,9.48,9.612,9.45,9.506,38072550.0,9.043,9.08,8.765,8.855,47547750.0,7.545243038492359,-0.9805902999266038,6.0841332580463074,0.7244494635799015,1,-9.443091773591412,-6.067677946324379,-17.678227380220417,-12.302567893670584,2.471178942829127,3.145814023063488,-4.967263780340222,-0.7466555667518188,0,-0.15441311825827478,-26.0,-76.0,50.0,3.282326369282899,3.722688964156177,5.802701226859483,0.007333558690086062,0.02123094297007322,0.02540937323546011,-0.010163749294184066,-0.012049536985384246
2016-03-29,1459224000,2016-04-26,1461643200,-0.25,8.356724398734466,9.479314976969821,9.32,9.362,9.077,9.2,78106400.0,8.9,8.945,8.774,8.918,86581700.0,6.135388236012318,-2.068332842426301,4.688084024818721,-0.4801151229722507,0,-7.950637920859499,-3.065217391304348,-18.649596246068157,-2.963110250537646,1.1095546335334632,2.9336419786423678,-4.205346334509848,1.3675499036534362,1,0.05430050829107365,-34.0,-76.0,42.0,2.0335276967930156,2.393450299939829,4.642895270264205,0.0023132711727068545,-0.002018389773491669,0.003027584660237892,-0.016147118187934573,0.006319115323854652
2016-04-22,1461297600,2016-05-06,1462507200,0.25,8.341395746960938,9.341603328925494,9.043,9.08,8.765,8.855,47547750.0,8.68,8.707,8.521,8.676,37134400.0,8.031003663919904,-4.0879423453399255,4.620600891347749,-0.555747656370059,0,-7.783554525197744,-3.8670360110803346,-20.448737354235867,-13.215249951052115,0.05153114720658891,2.916089247431474,-3.699975544035812,-0.5866776196337307,0,-0.14683325076469217,-10.0,-32.0,22.0,1.9715306592899822,1.9579456483059374,5.2454313028923,0.013358032782584017,0.0004610419548178868,0.0035730751498386226,-0.017865375749193113,-0.0027586206896550447
2016-04-25,1461556800,2016-05-27,1464321600,-0.25,8.341395746960938,9.341603328925494,8.854,8.899,8.76,8.862,49518000.0,9.05,9.071,8.853,8.908,51522400.0,4.501415076303303,-3.317086382993878,2.816008082622375,-1.7214863044454205,0,-3.577431866423481,5.808290770875389,1.0585277324729663,9.318471598969026,1.572858091912451,2.507024627322058,-12.532465353198871,-0.9446331595786759,0,-0.1102914724300964,10.0,48.0,-38.0,0.5921643466546982,1.0352294123253927,2.0803900953157353,0.018622549769043917,0.015940727436012603,0.01829815895823983,-0.006174225415356949,-0.014710762083840367
2016-04-27,1461729600,2016-06-01,1464753600,0.25,8.341395746960938,9.340406962492514,8.5,8.6,8.3,8.344,197446300.0,8.834,8.871,8.626,8.652,40255000.0,7.578246418975354,-0.3695085548977062,5.877831715210348,1.3886962552011255,0,-8.941606312561397,-1.221600639342403,-4.236317218610125,-4.924330492584602,4.09534542191372,2.5474853279477965,-12.355146342813596,-0.7757420723033621,0,-0.2109419398463461,2.0,48.0,-46.0,3.604368932038838,3.4808457435039344,4.790015862206332,-0.018628026249487745,0.021035598705501757,0.025312066574202596,-0.0030050855293572987,-0.021156239393596676
2016-05-09,1462766400,2016-06-02,1464840000,-0.25,8.464805507373178,9.340406962492514,8.701,9.138,8.701,9.063,75191750.0,8.676,8.891,8.662,8.87,51608700.0,4.7703944285150754,-2.424283943734892,3.3944006012777095,-1.0937617437053575,0,-3.341170926299448,2.3540272328640532,-4.60656105712037,-5.462757756866239,1.2053117817273602,2.4998466721392854,-12.090199861132612,0.9948658731455651,0,-0.08382315874577118,-2.0,40.0,-42.0,1.1730552423900917,0.8482808293505286,2.12772209640481,-0.0172297977030199,-0.021871476888387753,0.0023675310033823838,-0.023449830890642454,0.02519648636153482
2016-05-31,1464667200,2016-06-03,1464926400,0.25,8.462190570459208,9.257261215544313,8.9,8.939,8.783,8.839,54345150.0,8.807,8.825,8.673,8.679,44675750.0,7.106819534611148,-0.3318454592568685,5.6895955755271075,1.1003571840073647,0,-7.100460039766865,-0.24137931034481633,-6.748770413930092,-12.722346005857204,3.0497792971889908,2.534502985567633,-11.844178128143128,-0.8598368748908021,0,-0.12295824925881052,-6.0,40.0,-46.0,3.3874870376771327,2.7755050130333387,4.203682665980807,-0.027468543113865963,0.014748242885125107,0.016822214540845648,-0.0006913238852402914,-0.02153325817361884
2016-06-02,1464840000,2016-06-06,1465185600,-0.25,8.462190570459208,9.258456169466806,8.676,8.891,8.662,8.87,51608700.0,8.722,8.933,8.7,8.905,41067900.0,4.203684417966528,-2.4192936262764704,3.152348867677347,-1.3731985775781226,1,-1.8929325421265162,2.639465191332402,-5.981270855991947,-3.890135699910225,0.4145504256303951,2.497476284211433,-12.228747783996797,0.7936166690361726,0,-0.05986698844103582,-10.0,-48.0,38.0,0.8921953958450217,0.15124489801992524,1.4979562727358342,-0.017789814224309655,-0.020550252667041025,0.0031443009545200074,-0.023020774845592396,0.026039866344048646
2016-06-03,1464926400,2016-06-08,1465358400,0.25,8.448866684674037,9.258456169466806,8.807,8.825,8.673,8.679,44675750.0,8.66,8.697,8.46,8.584,50463300.0,8.263491175027,-0.008598351168672025,6.559878844361577,1.9384902143522993,0,-7.7352348524471,-5.794556628621603,-9.478962006815491,-16.627031202928535,3.6702358047126467,2.6567964880928043,-11.66137587035324,-0.9801696254613935,0,-0.13164162789092973,-18.0,-68.0,50.0,4.127446411929171,3.273904022747871,4.923323309656098,-0.034247037148661445,0.008853681267474434,0.01316402609506051,-0.014445479962721164,-0.009690816797415791
2016-06-06,1465185600,2016-06-10,1465531200,-0.75,8.031553098489285,9.258456169466806,8.722,8.933,8.7,8.905,41067900.0,8.251,8.277,8.063,8.105,79358050.0,15.905243870029423,2.4377542792611138,11.90520254986636,6.794776886695459,0,-14.857311392510113,-11.323851203501095,-17.52190193867019,-22.84180076501248,8.066519276267897,2.8791147050134565,-8.62651897414219,-1.5151642725871943,-1,-0.3611312643018678,-26.0,-76.0,50.0,9.171499074645268,7.900543562843026,10.366928076279748,-0.07732794072905665,0.018013571869216483,0.021221468229487783,-0.005181986428130725,-0.02537277537277538
2016-06-07,1465272000,2016-06-22,1466568000,-0.75,7.61130720019733,8.858135695870555,8.931,8.942,8.65,8.668,52539300.0,7.82,7.938,7.764,7.86,46692300.0,18.700278067504186,-5.248624123483793,9.585029686174721,4.409457167090736,0,-15.563393765260798,-14.070186946539847,-33.57147342036022,-23.978145210679443,3.576282346626172,2.7016079026328064,1.9507173714452506,0.8458751532382524,0,-0.31283197567952326,-26.0,-56.0,30.0,6.725826972010211,5.200613096270203,10.097349379632874,-0.04616032833214645,-0.0050890585241730735,0.00992366412213741,-0.012213740458015265,0.0026789131266742316
2016-06-09,1465444800,2016-06-23,1466654400,-0.25,7.61130720019733,8.448866684674037,8.522,8.544,8.303,8.316,60860200.0,7.865,8.26,7.864,8.178,79802200.0,12.675114383395211,-8.72549344918147,4.8178038640254215,-0.4609929078014261,0,-7.305680933554363,-10.730269621220376,-30.32338531283123,-15.837785498345141,-0.8597766785390206,2.7604574598314295,0.9566522196289142,1.4324700193008346,0,-0.20023901135627237,-30.0,-56.0,26.0,1.9748104671068774,1.0042015150810641,5.588146917535312,-0.01316156696721904,-0.03827341648324778,0.01002690144289553,-0.03839569576913682,0.04045801526717563
2016-06-13,1465790400,2016-06-28,1467086400,0.25,7.6110277457091895,8.43790347840631,8.005,8.108,7.873,7.88,96717700.0,7.938,7.949,7.78,7.833,36961400.0,14.240700384065903,-5.347555994942965,7.576067066683677,1.7890122983956758,0,-12.20114621762896,-11.381377983934836,-28.574540750885824,-17.97553382607404,1.8853251191435874,2.967407522473679,-0.333184030847697,0.6596809175014411,0,-0.2892230591153312,-42.0,-88.0,46.0,4.446572194561483,4.157016863921498,9.137475099312638,-0.0012479870226486112,0.013404825737265424,0.014809140814502797,-0.006766245372143542,0.007330246913580307
2016-06-23,1466654400,2016-06-30,1467259200,-0.25,7.6110277457091895,8.46814070783982,7.865,8.26,7.864,8.178,79802200.0,8.19,8.197,8.031,8.055,56461950.0,8.975365611923806,-7.424775916082652,3.78046761845647,-1.8334367887440237,0,-6.523784200380817,-9.188275084554673,-22.05307334075392,-10.789329071388678,-1.2759019936915905,2.943276344948402,-3.149959790354181,-0.9902259168178276,0,-0.1781911535563025,-46.0,-84.0,38.0,0.7752948479205628,1.1974508100713592,5.721410961378837,0.03530875517621876,0.016759776536312776,0.017628801986343756,-0.0029795158286777257,-0.016483516483516425
2016-06-24,1466740800,2016-07-08,1467950400,0.25,7.599803578181936,8.46814070783982,7.945,8.271,7.935,8.015,90049950.0,7.86,8.082,7.842,7.994,54965450.0,2.287545773903105,-3.5960271349238866,2.1987323826202925,-3.3078975898590386,1,-5.640569947101135,-3.872053872053883,-17.035741767531675,-11.56245846437428,-0.4176111529124995,2.9616481620946566,-5.465519275627095,1.0089892838927677,0,-0.10876503330493856,-42.0,-60.0,18.0,-0.6542406805103695,0.8777827120914736,5.195772427616305,0.03464210123622685,-0.01676257192894659,0.011008256192144295,-0.0190142606955217,0.022773797338792257
2016-06-29,1467172800,2016-07-21,1469073600,-0.25,7.599803578181936,8.46814070783982,7.929,8.207,7.91,8.19,51772550.0,8.394,8.403,8.248,8.361,108092350.0,1.3432907110442187,-7.653540681143525,-0.6279153211338411,-5.708647290993909,0,1.6017149120659582,6.374045801526722,0.8359992572046735,3.9708211497088257,-2.679615720771082,2.6337025032229104,-10.502456792734593,-1.924313032156496,0,0.03417970221773871,46.0,64.0,-18.0,-3.155124985049653,-2.095244368527645,0.03222006269200506,0.06555565973441642,0.003946896304269698,0.005023322569070565,-0.013515129769166578,-0.003931379556826209
2016-07-01,1467345600,2016-07-29,1469764800,0.75,7.599803578181936,8.911682932540153,8.0,8.106,7.83,7.878,62281850.0,8.574,8.611,8.454,8.48,40962250.0,4.697355509582991,-9.171412113356638,0.1285377358490507,-4.799528301886795,0,1.948200281761764,5.276225946617017,10.758941022758973,12.033350598365402,-0.2029503458451103,2.743416861542614,-7.66647864878189,-0.6873235191185667,0,0.21750930325531967,30.0,72.0,-42.0,-2.2370283018868093,-1.102852988656764,-0.6689454710031839,0.04437460939374826,0.011084905660377231,0.015448113207547243,-0.0030660377358490143,-0.015213099523864848
2016-07-11,1468209600,2016-08-03,1470196800,0.25,8.031553098489285,8.911682932540153,8.14,8.26,8.042,8.064,52249500.0,8.04,8.153,8.0,8.051,39846500.0,10.015599057738385,-3.376672216352233,5.916656315985591,0.7011551360079409,0,-5.535712473345242,0.37401820221916665,1.998100266992931,-4.33091518562258,4.929578320397582,2.847757193481089,-8.997379359576758,-0.6686669142993261,0,0.07374191795456399,18.0,44.0,-26.0,3.319463420693097,3.311979289555424,4.205803481309374,-0.036394137775642335,-0.0013662899018757058,0.012669233635573152,-0.006334616817786576,-0.0002483546504409295
2016-07-22,1469160000,2016-08-23,1471924800,-0.75,7.631427645502268,8.911682932540153,8.293,8.883,8.244,8.85,213415700.0,7.92,7.98,7.839,7.94,40300950.0,7.118064281591302,-4.111767052372144,3.584172963895881,-0.2924013434089119,0,-5.082990567326384,-7.856562608796571,-13.680828169159934,-3.0739155167937753,-0.11027310688447756,2.1570260657342057,-3.4782803557177076,0.7057469899243245,0,-0.00348248162668475,-38.0,-80.0,42.0,1.5031486146095574,1.0923007152991744,3.2226275510514313,-0.010448227033254459,-0.0025188916876575096,0.005037783375314797,-0.012720403022669968,0.002398687034465441
2016-08-01,1470024000,2016-08-25,1472097600,-0.25,7.631427645502268,8.4614707560194,8.472,8.52,8.277,8.282,50902400.0,8.075,8.338,8.05,8.267,76008350.0,0.7914030111397636,-6.770597398462826,-1.015483246643285,-4.799201645094939,0,3.179010563553895,-3.9948902566484867,-7.766457852442672,7.867347365041162,-3.643729166387601,2.173953854250918,-5.0930948964692,1.335013825711031,0,0.13461610328028842,-46.0,-80.0,34.0,-2.989597193661538,-2.579277927873008,-0.8816812379904206,0.026741849176287066,-0.02322486996492079,0.008588363372444618,-0.02624894157493629,0.023777089783281857
2016-08-04,1470283200,2016-08-29,1472443200,0.75,7.631427645502268,8.66892197790932,8.04,8.095,7.887,7.944,43899300.0,8.404,8.532,8.384,8.46,60019300.0,-1.3196839625651648,-8.999464973605043,-3.3857368006304114,-6.956658786446027,0,7.332921067767515,2.14923931417533,1.0280860999679504,15.93586622187621,-5.061019151448846,2.0779544378784944,-4.959777619520487,1.0590911836441945,0,0.25546791887498144,-46.0,-72.0,26.0,-5.159574468085111,-4.017267739162335,-2.939079166928664,0.06309618279901777,-0.006619385342789719,0.008510638297872353,-0.008983451536643039,0.010149253731343455
2016-08-24,1472011200,2016-09-06,1473134400,0.25,8.028288575947506,8.66892197790932,7.94,8.11,7.937,8.075,59154300.0,8.165,8.31,8.12,8.281,58617850.0,2.2951151332783866,-7.038503612930597,-0.5957412550819328,-4.2643803083363565,0,2.417285852861191,3.151469855505731,5.081920151168581,1.51475914724044,-1.7416284870150065,2.05176983549268,-8.907840658893239,1.0489682119120918,0,0.11590718990018622,30.0,23.999999999999993,6.000000000000007,-2.3716942398261125,-1.2712112521189738,-0.7279360887726654,0.03167292647565777,-0.014007970051926222,0.0035019925129815554,-0.019442096365173467,0.013834476003917962
2016-08-26,1472184000,2016-09-07,1473220800,-0.25,8.028288575947506,8.703690499462297,8.269,8.385,8.24,8.375,52004200.0,8.625,8.824,8.6,8.769,164814350.0,-1.8550818376993732,-12.76574151730118,-5.679667008780925,-9.162390238339597,0,11.996535564550008,10.971905846621107,10.592068522383338,12.850142133385141,-5.919716420592209,2.24149339475338,-7.647764255438702,2.8447204557273436,1,0.1823712129819989,50.0,48.0,2.0,-7.310411677500284,-6.121190488121826,-6.007289267238633,0.05906724927517243,-0.016421484775915207,0.006272094879689716,-0.019272436993956088,0.05893008090810281
2016-08-30,1472529600,2016-09-08,1473307200,0.75,8.028288575947506,9.046363599847341,8.449,8.47,8.254,8.303,61683600.0,8.751,8.805,8.695,8.726,62880300.0,-0.28155221141457787,-12.480308893329877,-4.733745893498366,-8.219879287951713,0,10.860112439914182,10.441716238450843,14.187407764137486,19.300466298965603,-4.8201965387912935,2.181686278459292,-6.47769330937377,-1.075698848937584,0,0.15866514104552953,46.0,48.0,-2.0,-6.380930552372234,-5.1196624669377115,-5.3266956529199945,0.07022008318186486,0.002865001146000301,0.009053403621361422,-0.0035526014210406354,-0.004903637815030115
2016-09-07,1473220800,2016-09-13,1473739200,0.25,8.349888699047634,9.046363599847341,8.625,8.824,8.6,8.769,164814350.0,8.486,8.503,8.354,8.427,50414000.0,4.436441496541676,-8.567211640127738,-0.20509473517661547,-4.056999327558231,0,3.24209446225224,5.999999999999993,14.206226225496204,9.79749249396486,-0.010049244639887434,2.2495873340550707,-7.785809859105157,-0.8710102933292246,0,0.11796114215326836,34.0,48.0,-14.0,-2.065385071793031,-1.047858791186954,-1.632864566057009,0.03694184780310425,0.007001305328112162,0.00901863059214425,-0.008662632016138705,-0.01760317090230823
2016-09-08,1473307200,2016-09-19,1474257600,-0.75,8.011036780776527,9.046363599847341,8.751,8.805,8.695,8.726,62880300.0,8.19,8.213,8.026,8.055,61530300.0,8.706434610853321,-2.3650317554839404,5.286985309331669,1.037450858679918,0,-4.835025472383599,3.6679536679536695,3.9023711232817324,-16.425637892356875,4.557007573365766,2.343785536179473,-9.80500783654581,-1.0644665699096127,0,-0.14070149365426915,18.0,48.0,-30.0,3.1707014276846905,2.929806985547742,2.7465339807726252,-0.03644276700927837,0.016759776536312776,0.01961514587212898,-0.003600248292985664,-0.01600293183484003
2016-09-09,1473393600,2016-09-21,1474430400,-0.75,7.670284563378055,8.703690499462297,8.697,8.725,8.528,8.531,51234050.0,7.966,8.07,7.91,7.995,47270700.0,9.3263221628131,-1.2587799489294724,6.225140712945574,1.8924327704815482,0,-6.061739013241166,0.6926952141057898,-1.9645955779316937,-16.243243847433533,4.75034767323767,2.34163158828441,-8.464038966727887,-0.8064764061118235,0,-0.05309722596504896,10.0,48.0,-38.0,4.033771106941828,3.044661953392051,3.2532596544270262,-0.05687973341436843,-0.0036272670419011943,0.009380863039399667,-0.010631644777986282,-0.0016233766233765268
2016-09-14,1473825600,2016-09-23,1474603200,-0.25,7.670284563378055,8.360036906247613,8.473,8.492,8.242,8.298,44532700.0,8.184,8.355,8.174,8.276,53468850.0,5.559690335828151,-4.391251476475787,2.639560173997097,-1.3865393910101602,0,0.8773778395357752,0.10886657796057024,-1.3416097086440255,-5.221502475643014,1.1395792128283233,2.2782296662271673,-9.915159383737642,0.9214970514648473,0,0.0341248189084269,2.0,48.0,-46.0,0.584219429676196,-0.4477093268160104,-0.2663744759988873,-0.03142094868275689,-0.011116481391976851,0.009545674238762736,-0.012324794586756949,0.00889918322564931
2016-09-20,1474344000,2016-10-07,1475812800,0.75,7.670284563378055,8.702606619651597,8.055,8.098,7.902,8.008,81579100.0,8.522,8.64,8.508,8.598,49788300.0,1.5611095562449577,-7.16706442947131,-0.7893308521361604,-4.868186399937997,0,7.295326072971399,0.7853709998827825,12.370692900982013,9.614052820661726,-3.0365021933376397,2.107539345924339,-9.863585483283662,0.9681764187730197,0,0.17812063150303198,-38.0,-40.0,2.0,-2.8029774366131903,-2.233389726312822,-3.0903493129937942,0.02517232922587022,-0.008839264945336156,0.00488485694347518,-0.010467550593161401,0.01272084805653706
2016-09-22,1474516800,2016-10-10,1476072000,0.75,8.011036780776527,9.033765609031901,8.08,8.209,8.061,8.203,49811350.0,8.674,8.8,8.58,8.758,67839950.0,0.13200105269302753,-9.08381653568,-2.4571820050239666,-6.558575017127183,0,10.858593057697291,2.098391233387733,15.056301733318472,21.321958425923697,-3.8621747540204723,2.1006761397852345,-8.596738830040529,1.3055590452599781,1,0.23734763481444468,-42.0,-40.0,-2.0,-4.4759077414934865,-3.6366805449706447,-4.670173480074027,0.034260293018835694,-0.009591230874628875,0.004795615437314549,-0.020324274948618326,0.018608978832286294
2016-09-26,1474862400,2016-10-12,1476244800,0.25,8.34393041522703,9.033765609031901,8.244,8.452,8.172,8.398,54424300.0,8.464,8.5,8.342,8.37,36445900.0,4.836316453420935,-4.806447875165247,2.2502986857825675,-2.22520908004779,0,0.06501656238356901,0.8676789587852396,10.645059938902666,9.365329726385575,1.3600580441339503,2.345484941267649,-9.661565579212777,-0.6941054996023062,0,0.041754099114802365,42.0,52.0,-10.0,0.014934289127836564,0.7723655629949633,-0.19124212366210713,0.0013353486615714089,0.01123058542413391,0.015531660692951199,-0.003345280764635472,-0.010638297872340607
2016-10-10,1476072000,2016-10-14,1476417600,-0.75,7.989443279779316,9.033765609031901,8.674,8.8,8.58,8.758,67839950.0,8.223,8.299,8.063,8.083,50256550.0,8.65159184347975,-1.7494515490346174,5.849931955956961,1.1214895459606282,0,-6.335470156221504,-1.2582457854874145,2.124477522238925,-5.264290819423252,4.791799200753715,2.4709574478379457,-10.267361037439356,-0.9530983673950316,0,-0.12073040535074085,34.0,52.0,-18.0,3.451070147222566,3.681716200704159,3.1475074097063924,-0.04212993847177435,0.017320301868118282,0.026722751453668092,-0.002474328838302564,-0.013787213274768173
2016-10-11,1476158400,2016-10-18,1476763200,-0.75,7.626941617071848,8.702606619651597,8.755,8.755,8.36,8.46,102463200.0,7.914,7.96,7.782,7.879,60154750.0,11.943788780067095,-0.061570224412804464,8.384735795574755,3.566865507467128,0,-10.263354134527283,-1.6108891108891057,-7.658703326746158,-12.503624099975191,6.401343360535634,2.5348281725367388,-8.291735957543136,-1.117878018420246,0,-0.1809886062666161,26.0,-24.0,50.0,5.941109277827167,5.220085208896606,5.374609258224126,-0.07836926119365684,0.004442188094935906,0.01028049244828022,-0.012311207005965219,-0.0010143273741599623
2016-10-13,1476331200,2016-10-25,1477368000,-0.25,7.626941617071848,8.356430937930142,8.282,8.32,8.165,8.196,44585900.0,8.21,8.352,8.076,8.113,111958750.0,8.528612216955977,-3.281477987940846,5.190640535765638,0.23932782776611816,0,-3.8203456149070973,-3.1746031746031753,-7.4953604984282105,-8.60991995545757,1.9148949310870904,2.5738933030813524,-11.58987531322345,-1.9671491214075583,0,-0.19392927190748774,6.000000000000007,-23.999999999999993,30.0,2.62356711450758,1.5936618898603712,2.031686914184334,-0.022788824262383683,0.01195611980771627,0.029458893134475694,-0.0045605817823245465,-0.018628281117696877
2016-10-17,1476676800,2016-10-26,1477454400,0.25,7.530229911915861,8.356430937930142,8.02,8.039,7.86,7.887,63028050.0,7.745,7.777,7.256,7.36,318595400.0,21.093102438211957,3.785973648744573,15.592617753623188,9.648324275362327,0,-16.211537432234522,-12.02486253884771,-14.600511990936596,-18.3006257630813,9.18902537418127,3.4662844796456427,-9.541357707896605,-5.091274477861969,-1,-0.3001523154717026,2.0,-48.0,50.0,12.439538043478265,10.846002842496787,11.981486361903507,-0.06847138709285383,0.052309782608695565,0.05665760869565206,-0.01413043478260867,-0.09281400221866132
2016-10-19,1476849600,2016-11-04,1478232000,-0.75,7.078488927471224,8.356430937930142,7.888,8.137,7.888,8.105,47288700.0,7.492,7.58,7.395,7.409,51720050.0,18.510420765622698,-6.1983678569980185,9.4542673325235,3.2199577090925544,0,-11.594126530439056,-13.828797394742972,-28.586771979172422,-8.99343222890569,3.0843466161225166,3.18249031337245,0.03285399293736546,-0.8036552979696753,0,-0.15119540458819974,-26.0,-64.0,38.0,6.156026454312354,4.701482274288907,8.325782536602105,-0.05137659095350461,0.011202591442839749,0.02308003779187473,-0.00188959373734654,-0.011342407259140597
2016-10-26,1477454400,2016-11-08,1478581200,-0.25,7.078488927471224,7.989443279779316,7.745,7.777,7.256,7.36,318595400.0,7.599,7.62,7.416,7.571,67199050.0,12.747920113129041,-7.6164975797781125,5.639281468762377,-0.266147140404172,0,-7.301370680041138,-10.508274231678499,-24.05942207143816,-7.77220175472555,0.4402817417280289,3.1926085800478092,-1.0126400875484514,-1.033256284947082,0,-0.1292931541581251,-34.0,-64.0,30.0,2.5657112666754642,2.104585992871293,5.5852359029209,-0.005090313104634925,0.0036983225465592184,0.006472064456478632,-0.020472856954167118,-0.010326797385621034
2016-10-27,1477540800,2016-11-09,1478667600,0.25,7.078488927471224,7.966380094146983,7.388,7.469,7.272,7.372,98295050.0,7.43,7.62,7.378,7.39,102608650.0,14.35572541524472,-5.526226091834673,7.646594497068108,1.4828597203427876,0,-10.23954044355012,-11.708482676224607,-23.87235380192134,-13.013808473077589,2.52723086547293,3.2710817153880294,-1.2423930169782054,-1.5581069709402167,0,-0.18535178200247812,-38.0,-64.0,26.0,4.414749661705002,4.166780014746706,7.850845684496008,-0.0040034765978171905,0.005412719891745521,0.0311231393775373,-0.0016238159675235897,-0.023907013604543614
2016-11-07,1478494800,2016-11-11,1478840400,-0.25,7.095110622134945,8.004469252426711,7.541,7.736,7.473,7.65,78833250.0,7.807,7.979,7.763,7.942,58475250.0,5.542291266184492,-11.856821611185751,-0.10429782590448156,-6.233736254511882,0,0.7490245015412498,-1.7444018310033405,-14.81506801972328,-11.942575604823467,-5.118151855046179,3.274689628097883,-4.2588423742222155,0.8716319079682273,0,-0.1260645767741954,-46.0,-64.0,18.0,-3.1572651725006438,-2.629639130995315,0.27769653758636537,0.05420264170034733,-0.016998237219843837,0.004658776126920117,-0.022538403424830045,0.01339798392241942
2016-11-09,1478667600,2016-11-14,1479099600,0.75,7.095110622134945,8.496253173581474,7.43,7.62,7.378,7.39,102608650.0,7.971,8.386,7.953,8.284,95075950.0,1.9417811840545767,-15.773263559718544,-3.9067278287461846,-10.089731208755836,0,6.181862635963164,5.033599594269065,-8.484897494566319,-3.624642864087008,-9.110605911380205,3.298084132429071,-4.104869029959509,1.3989388152725897,0,-0.02812755050287889,-46.0,-60.0,14.0,-6.915741187831983,-6.016229136999229,-3.710749213759513,0.09177631713890991,-0.03778367938194116,0.012312892322549285,-0.03995654273297933,0.04306220095693791
2016-11-10,1478754000,2016-11-15,1479186000,0.25,7.505898468497287,8.496253173581474,7.462,7.936,7.448,7.837,110587500.0,8.26,8.264,7.958,8.0,63092350.0,5.728786999015043,-12.800036999015077,-0.2902083333333394,-6.852708333333339,0,1.241047995507671,1.5357278842492759,-5.723661608189038,7.03106436376067,-5.242533160672082,3.462297110620996,-3.9618937817155775,-0.9271142803814202,0,0.10091379058695442,-46.0,-56.0,10.0,-3.5356250000000102,-2.424585721709107,-0.28101097512843864,0.09395569017519192,0.03249999999999997,0.03299999999999992,-0.005249999999999977,-0.03428295509415746
2016-11-14,1479099600,2016-11-25,1480050000,-0.25,7.505898468497287,8.496613551789746,7.971,8.386,7.953,8.284,95075950.0,8.219,8.256,8.101,8.206,18391050.0,4.0755579907513635,-14.069464888143486,-2.1559428060768653,-8.143025428548228,0,4.143644049988353,11.313076505697229,7.07742437276877,6.030352608542124,-3.578705210314652,3.061117292833226,-3.7593569447704844,-0.2817782653007396,0,0.17522880642379018,18.0,36.0,-18.0,-4.996953448696061,-2.6375127509824523,-2.2248033881783016,0.07001633635295886,0.0015842066780404895,0.0060931026078479,-0.012795515476480501,-0.00024366471734904582
2016-11-15,1479186000,2016-11-30,1480482000,0.25,7.505898468497287,8.496613551789746,8.26,8.264,7.958,8.0,63092350.0,7.924,8.057,7.913,7.927,55084350.0,7.149113952639169,-7.929989441474788,2.553509103906478,-3.519406248685925,0,-1.2573282025971224,10.127813281467063,3.802007489398422,10.277336172170877,1.4814636312683263,2.9858190373759412,-6.7053241293729755,0.8618977536709556,0,0.08440522592576087,6.000000000000007,36.00000000000001,-30.0,-0.39043774441780954,0.6173792957233672,1.0949031815525245,0.010732336641479046,-0.0003784533871576956,0.016399646776838805,-0.001766115806736357,0.003163756011136387
2016-11-16,1479272400,2016-12-01,1480568400,-0.25,7.556328561700458,8.496613551789746,7.98,8.17,7.943,8.058,50210850.0,7.94,8.138,7.939,8.048,47136250.0,5.4025557843666405,-8.364782424525686,1.4314115308150974,-4.5004970178926555,0,1.1548847280531973,8.859732179088331,3.923057677439242,7.0838810300622725,0.5233492136597704,2.918130836593192,-7.290297708480164,0.7375658858809989,0,0.008225661495410678,2.0,36.0,-34.0,-1.4811133200795297,-0.8101075223256942,-0.4083694439047889,0.00887767550107621,-0.013419483101391627,0.011182902584492949,-0.013543737574552628,0.015264286615365164
2016-11-28,1480309200,2016-12-05,1480914000,0.25,7.556328561700458,8.427201357938948,8.14,8.198,7.986,7.988,43096400.0,8.0,8.217,7.908,7.925,58128200.0,6.415532742362146,-5.028781953718621,3.8025236593060043,-2.3678233438485563,0,-1.3734129765035163,6.964502631934135,2.7393379599839958,-4.746591297777378,1.972925001490509,2.998573854645232,-8.462628249620948,-0.9102006985008454,0,-0.23937289248983937,-6.0,36.0,-42.0,0.6933753943217766,0.6796918195316266,1.086021317198103,-0.0044154320088979696,0.009463722397476282,0.03684542586750794,-0.002145110410094575,-0.009498812648418897
2016-12-01,1480568400,2016-12-09,1481259600,-0.75,7.102753348397717,8.427201357938948,7.94,8.138,7.939,8.048,47136250.0,7.381,7.432,7.321,7.4,71457650.0,15.373926838755224,-1.0225754874038984,10.3527027027027,4.254054054054038,0,-9.702344183457548,-5.576113308664022,-12.29387095424154,-16.489220928786267,4.2174111207076095,3.2972296622272066,-5.536566634284526,1.0225536445476908,0,-0.2957027580997845,-21.999999999999996,-60.0,38.0,7.175675675675677,5.109038430409058,6.97350437775259,-0.08006437205611688,-0.002567567567567597,0.00432432432432428,-0.010675675675675733,0.002574176940793871
2016-12-02,1480654800,2016-12-12,1481518800,-0.25,7.102753348397717,8.031709646101966,8.015,8.165,7.968,8.001,42912400.0,7.506,7.69,7.485,7.65,106661150.0,11.571781756529646,-4.607075874176715,6.5520697167756055,0.6671023965141529,0,-4.156283542094634,-3.6766557542180784,-11.831370790654077,-12.869016774276616,0.31805721430527,3.2324322456233165,-6.53540558239245,1.5030065937538306,0,-0.24388770493896425,-26.0,-60.0,34.0,3.4823529411764724,1.5146641974199468,3.3412602521417227,-0.05967796265074213,-0.018823529411764683,0.005228758169934622,-0.021568627450980427,0.03378378378378377
2016-12-06,1481000400,2016-12-14,1481691600,0.25,7.102753348397717,8.031709646101966,7.599,7.635,7.251,7.327,250569600.0,7.537,7.704,7.48,7.514,60708600.0,12.952677502442796,-3.8736250669889927,7.445213379469436,1.979416200869494,0,-6.4972659530827315,-6.0749999999999975,-12.758664558273747,-11.585870874394594,1.4662367359896677,3.182936089879914,-8.698302789051453,-0.8460949087841687,0,-0.2899279494824932,-34.0,-60.0,26.0,4.539526217726902,2.7783579135439282,4.825988226833758,-0.042655371924628246,0.003060952887942392,0.025286132552568397,-0.004524886877828038,-0.003976670201484511
2016-12-12,1481518800,2016-12-28,1482901200,-0.25,7.154005371387471,8.031709646101966,7.506,7.69,7.485,7.65,106661150.0,7.792,7.818,7.703,7.707,25760300.0,5.543111987112354,-5.575550030449563,2.4529648371610193,-2.0805760996496616,0,-2.6451808167058957,-2.467729688686412,-3.081292056798817,17.12160003798354,-0.7766471423867927,2.451881307996884,-11.232860753869161,-0.3703662381979845,0,-0.05004056960432079,-42.0,-32.0,-10.0,-0.016219021668604228,0.6558759435810941,1.82979909862118,0.01991281889194115,0.011028934734656826,0.01440249124172821,-0.0005190086933956062,-0.008745980707395518
2016-12-13,1481605200,2017-01-03,1483419600,0.25,7.154005371387471,8.013995164191757,7.58,7.62,7.5,7.544,57533850.0,7.582,7.608,7.482,7.495,44739200.0,6.746560848857698,-2.9947262924867317,4.419835445852783,-0.20191238603511863,0,-7.202812224847108,-6.324209473815766,-8.204089932881827,0.956846853635092,2.634143837923375,2.4635587175652653,-11.548431297439237,-0.6458063445617449,0,-0.30953952769349935,-34.0,-12.000000000000004,-21.999999999999996,1.875917278185483,2.691541608219765,4.220933161701623,-0.014026267358648918,0.011607738492328101,0.015076717811874474,-0.0017344896597731863,-0.006758547574874152
2016-12-15,1481778000,2017-01-05,1483592400,-0.25,7.240288302855972,8.013995164191757,7.52,7.716,7.501,7.647,56514200.0,7.652,7.853,7.581,7.838,67094200.0,1.6973707143013144,-6.577442161098972,-0.3238496215020916,-4.488177256102759,0,1.7072137556103684,6.974204995223149,-5.5318331763590445,10.117136990342068,-1.5508605588260878,2.466124588866921,-12.295359455090905,0.9746605712623522,0,-0.0698242271553346,-42.0,-12.0,-30.0,-2.4400357233988217,-1.6963723242450612,-0.41038244723158357,0.007888074100787582,-0.02373054350599646,0.001913753508548055,-0.03278897677979076,0.026319235301820232
2016-12-29,1482987600,2017-01-06,1483678800,0.75,7.240288302855972,8.271015337670464,7.711,7.74,7.503,7.532,45635700.0,7.83,7.996,7.807,7.969,58495850.0,0.42140262252749494,-7.746035575219182,-1.5692056719789207,-5.714016815158743,0,4.609650750675954,8.259747316940642,-2.1142322136721745,10.389157422000089,-2.815336381265652,2.421735106197283,-11.734823231233447,0.8631618598936972,0,-0.034916215478487576,-46.0,-12.0,-34.0,-3.6623164763458362,-2.9968936729303692,-1.9672119252511635,0.026861407954335767,-0.017442590036391037,0.0033881289998745068,-0.02032877399924704,0.01671344730798685
2017-01-04,1483506000,2017-01-09,1483938000,0.25,7.582685321114387,8.271015337670464,7.498,7.678,7.457,7.637,50002600.0,7.974,7.985,7.842,7.901,41171250.0,1.4109086964062953,-6.4191355031396,-0.4233641311226535,-4.563346411846609,0,2.8733251302054725,7.045115837962329,-0.10751827842507124,1.0811329998491672,-1.9208880440411775,2.3973863326226335,-11.214325309080092,-0.6616960556655117,0,-0.11411240419199205,-46.0,-8.0,-38.0,-2.5041134033666452,-1.9561277229046254,-1.0794336775041984,0.03338020415151871,0.009239336792811192,0.010631565624604544,-0.007467409188710361,-0.008533065629313663
2017-01-06,1483678800,2017-01-23,1485147600,-0.25,7.582685321114387,8.305034622202172,7.83,7.996,7.807,7.969,58495850.0,8.114,8.185,8.04,8.154,32147800.0,3.684186632099923,-9.011633284049893,-0.7100809418690233,-4.553593328427766,0,5.876967341119816,3.608640406607367,15.561471138008434,3.2661856695983857,-1.2205262934913321,2.1998131066766056,-5.891330306869236,0.5455449271379558,0,0.08832979733903479,18.0,20.0,-2.0,-2.663723325974985,-1.8468074754977408,-2.7754572859588222,0.023337433519439538,-0.004905567819475043,0.003801815060093361,-0.013980868285504156,0.006169792694965537
2017-01-09,1483938000,2017-02-02,1486011600,0.75,7.582685321114387,8.640200522260086,7.974,7.985,7.842,7.901,41171250.0,8.4,8.553,8.273,8.466,66622450.0,1.2442743913975534,-6.889207063261466,-0.9738955823292912,-4.909638554216869,0,11.715874675287502,10.855047793636242,24.746787792662175,10.762369673618863,-2.051112196279078,2.079958916692641,-3.645337378568776,1.2666999269326207,1,0.07587230516761465,50.0,84.0,-34.0,-2.8224663359319493,-2.90849221417173,-4.856488898170127,0.015401588216435835,-0.007795889440113224,0.010276399716513396,-0.022797070635483085,0.007257584770969716
2017-01-10,1484024400,2017-02-03,1486098000,0.25,7.923636810567313,8.640200522260086,8.253,8.405,8.164,8.29,163948250.0,8.619,8.692,8.058,8.082,181318400.0,5.696128659227412,-1.8047651353472105,4.276787923781228,-0.29386290522150205,0,-0.13218724939417115,3.1130390405715826,19.761588724133123,-7.7576016754308625,2.5888202360744543,2.583484625917901,-4.75099567148677,-3.283120984220709,-1,-0.18424814866902584,46.0,84.0,-38.0,1.9456817619400937,1.5422714402471058,-0.3227620701134839,-0.011675290899615082,0.06644394951744603,0.07547636723583273,-0.0029695619896066283,-0.04535790219702318
2017-01-24,1485234000,2017-02-06,1486357200,-0.75,7.557067103996395,8.640200522260086,8.154,8.391,8.116,8.358,35109600.0,7.976,8.04,7.902,7.912,76961200.0,8.06995080978696,0.13025141468219203,6.502359285473531,1.8979609032693077,0,-4.227171785927162,-0.715271677751291,13.530486673922201,-9.720842463017014,4.4261480622043194,2.612996494535338,-5.6775276575343305,-1.37745297488065,0,-0.23274867698194374,42.0,84.0,-42.0,4.100101112234583,3.3693733317773393,1.7476070365139122,-0.04010680503824145,0.008088978766430666,0.01617795753286133,-0.0012639029322547568,-0.021034397426379692
2017-02-03,1486098000,2017-02-08,1486530000,-0.25,7.557067103996395,8.305034622202172,8.619,8.692,8.058,8.082,181318400.0,8.01,8.165,7.974,8.059,54616100.0,5.9372100241813115,-1.731973642496257,4.414319394465835,-0.010547214294547302,0,-0.3480771718412825,-2.786489746682749,7.1172411008831915,-0.01484225648572135,2.1523771714647637,2.4792352679252283,-7.526936156509226,0.9533507294736105,0,-0.2735841919289216,34.0,80.0,-46.0,2.10261819084252,1.122732301141042,-0.14019598722452997,-0.05392569255438892,-0.006080158828638771,0.01315299664970837,-0.01054721429457739,0.010786404113884318
2017-02-06,1486357200,2017-02-09,1486616400,0.75,7.557067103996395,8.66129099544926,7.976,8.04,7.902,7.912,76961200.0,8.087,8.35,8.073,8.306,65403750.0,2.8164603458422164,-4.651278549550355,1.355646520587527,-3.0797014206597595,0,5.412761015983797,0.3261263437613148,7.989506535919568,6.120896054908364,-0.8281462059351412,2.4839362364101887,-7.487391671515848,1.1328322610466766,0,-0.17083659030312345,30.0,76.0,-46.0,-0.9174091018540622,-1.7049413924356571,-2.987828627524337,-0.03676418556316355,-0.026366482061160545,0.005297375391283499,-0.028052010594750598,0.030648963891301673
2017-02-07,1486443600,2017-02-13,1486962000,0.25,7.924509199128061,8.66129099544926,7.925,8.03,7.914,7.973,66411100.0,8.326,8.389,8.271,8.283,29949300.0,3.195452991613479,-4.301332503867485,1.7875970864018598,-2.726467865910081,0,4.743367667903925,0.8277541083384008,8.493282667833663,10.615271405122101,-0.4384684813022659,2.3810361954509047,-6.846161460548146,0.5223166258680468,0,-0.3054048400397,22.0,68.0,-46.0,-0.5529397561270031,-1.188870244908074,-2.5166950896495024,-0.019773498886174135,0.005191355788965568,0.012797295665821551,-0.0014487504527344042,0.0019354058304099642
2017-02-09,1486616400,2017-02-17,1487307600,-0.25,7.924509199128061,8.66129099544926,8.087,8.35,8.073,8.306,65403750.0,8.489,8.57,8.464,8.552,28085800.0,1.1378668735381012,-6.965743393650342,-0.7460243217960567,-5.002338634237603,0,10.652233781402416,5.528134254689048,15.413293753579591,17.855546399317177,-3.4103995869253367,2.0791032727158902,-3.7180669087718634,0.5398557506541419,0,-0.17240916440368784,50.0,36.0,14.0,-2.9139382600561277,-3.1470732034442506,-4.883985068048929,0.02032247167541644,-0.007366697848456338,0.0021047708138448584,-0.010289990645462987,0.006709829311359661
2017-02-10,1486702800,2017-02-21,1487653200,0.75,7.924509199128061,8.954294919107014,8.325,8.415,8.255,8.267,44606150.0,8.58,8.694,8.575,8.647,46571850.0,0.5835235771021701,-7.974526236984204,-1.5552600131066754,-5.734744227284992,0,12.64468133570783,6.04611233750307,17.937815104341993,18.235444819142472,-4.292584121110423,2.0266846094224413,-2.2712446636988624,0.9088611259356512,0,-0.195123547492526,50.0,40.0,10.0,-3.695501329941024,-3.8100834899042866,-5.696465451682826,0.029286931188364368,-0.007748352029605665,0.005435411125245926,-0.008326587255695683,0.011108512628625
2017-02-14,1487048400,2017-03-01,1488344400,0.25,8.289922656616046,8.954294919107014,8.29,8.42,8.27,8.391,32749350.0,8.45,8.48,8.325,8.383,36696600.0,4.171849564443676,-5.061745782981191,1.8032526144180991,-2.4494015666626723,0,4.002785477145615,-0.5457349626290325,13.386525278740663,16.496220764161393,0.4275133746728841,2.020481289578687,-6.428811598546993,0.7821454643583465,0,0.03543705690578716,26.0,40.0,-14.0,-0.4449481092687648,-0.19470577269777323,-2.021620824448462,-0.015526375197421477,0.007992365501610532,0.011571036621734532,-0.0069187641655731325,0.0009552238805969893
2017-02-21,1487653200,2017-03-14,1489464000,-0.75,8.031463128277272,8.954294919107014,8.58,8.694,8.575,8.647,46571850.0,8.097,8.097,7.956,8.062,38780750.0,7.5673975840467165,-0.6522400548976179,5.174274373604575,1.7594889605556858,0,-5.8770916811986424,-2.6681154171194024,-7.094154181607594,-37.45107873456213,2.468987899000453,1.9122109773330793,-8.119663261648604,-0.8459229744222968,0,-0.04073347712213618,-10.0,36.0,-46.0,3.4575787645745493,2.297094510451174,1.7397122510777194,-0.044620843644698566,0.004341354502604755,0.004341354502604755,-0.013148102207888757,-0.006775902427005209
2017-02-22,1487739600,2017-03-16,1489636800,-0.75,7.757463034961081,8.63884956638885,8.64,8.687,8.54,8.552,34006350.0,8.019,8.05,7.993,8.019,32460600.0,8.179936157740485,-1.1778161926575734,5.20534563744441,1.8944589932244185,0,-7.1870401337331415,-5.291130270461798,-11.823373355187192,-37.312207938714096,2.2571897657368822,1.8134515907212847,-7.222390123466791,0.7127250064848872,0,-0.1343014817512494,-18.0,-64.0,46.0,3.501059982541463,2.329422981958615,2.109545287641822,-0.04392031497477598,0.0,0.003865818680633515,-0.003242299538595783,0.0
2017-03-02,1488430800,2017-03-17,1489723200,-0.25,7.757463034961081,8.327036024579124,8.385,8.404,8.307,8.326,24522600.0,8.018,8.069,8.001,8.052,30514150.0,7.505782090625473,-1.9022053395077307,4.476320582877975,1.2237125351879428,0,-5.77886072754324,-5.214832254267212,-13.018390616087572,-37.53297790536175,1.5232666123955312,1.7373402169640366,-7.025233013421005,0.6757707993551485,0,-0.09864606525396195,-21.999999999999996,-64.0,42.0,2.8017883755588713,1.728131519848361,1.624747327222039,-0.038254081118385116,-0.004222553402881135,0.002111276701440845,-0.00633383010432198,0.00411522633744843
2017-03-15,1489550400,2017-03-20,1489982400,0.25,7.757463034961081,8.283266269963171,8.062,8.108,7.981,8.019,42926350.0,8.051,8.058,7.884,7.927,39364850.0,8.899476792474317,-0.8422041798844049,5.805685210882629,2.416004373239147,0,-9.732420940568872,-7.308231992516371,-15.754677727429906,-37.786211978652034,2.727219784685417,1.795471395690384,-6.086877363029512,-0.8826199947363227,0,-0.09597555510215232,-26.0,-76.0,50.0,4.02863630629497,3.014912174536448,3.1006978098205025,-0.040439712392678455,0.015642740002523192,0.01652579790589126,-0.005424498549261969,-0.015524093392945804
2017-03-17,1489723200,2017-03-21,1490068800,-0.25,7.775274496711794,8.300852571873788,8.018,8.069,8.001,8.052,30514150.0,8.05,8.172,8.01,8.15,60022250.0,5.062853480008812,-3.3082522530149845,2.613087934560326,-0.7366053169734386,0,-1.1455061051664188,-5.7476581473343344,-13.813651952418796,-26.48665511937901,-0.35550664073682015,1.836328858871953,-6.3629855734092935,1.3448698767296625,1,0.012943044507720049,-30.0,-76.0,46.0,0.8773006134969137,0.17753413580751953,0.26869324042802134,-0.025131448918794194,-0.012269938650306678,0.002699386503067558,-0.01717791411042957,0.028131701778731033
2017-03-20,1489982400,2017-03-22,1490155200,0.75,7.775274496711794,8.583399912356267,8.051,8.058,7.884,7.927,39364850.0,8.12,8.355,8.103,8.326,50011650.0,2.334231247398648,-5.115879097506735,0.30787092641524794,-3.0971254704139852,0,4.311092544034636,-2.642656688493909,-9.249697034960423,-18.06467942162493,-2.4278156895472307,1.8853080075965434,-7.332675209384256,1.1161487536839394,0,0.11269010090558419,-34.0,-76.0,42.0,-1.3908239250540504,-1.7553094670178666,-1.7782645302809215,-0.002602986140593476,-0.02474177276002898,0.003483065097285687,-0.026783569541196317,0.021595092024539797
2017-03-21,1490068800,2017-03-27,1490587200,0.25,8.024987184282915,8.583399912356267,8.05,8.172,8.01,8.15,60022250.0,8.202,8.309,8.19,8.299,35048050.0,1.832437259577162,-4.480949128477022,0.29842952966222924,-2.9344900992087446,0,3.3400183461377466,-1.5889956124748057,-2.0645868832455125,-10.413591539059318,-2.000044598847751,1.7770578901693177,-9.954394793256608,0.8529903379901247,0,0.1843339052332341,-46.0,-76.0,30.0,-1.3242559344499227,-1.0839784332958544,-1.3028008797769814,0.021872397880217553,-0.011688155199421568,0.0012049644535485626,-0.01313411254367991,0.002294685990338108
2017-03-22,1490155200,2017-03-28,1490673600,-0.25,8.024987184282915,8.583399912356267,8.12,8.355,8.103,8.326,50011650.0,8.314,8.566,8.302,8.525,49156800.0,-0.4512619053676019,-7.253136921611883,-2.2690127077224105,-5.539393939393946,0,9.817500972226782,1.7910447761194073,2.9317540620293436,-2.7046034036834,-4.2247762639944995,1.8300917016899645,-9.504140643946666,1.184938090065448,0,0.20306983610112314,-46.0,-72.0,26.0,-3.8521994134897426,-3.353290341240182,-3.765592043153802,0.03848199969294068,-0.02475073313782994,0.004809384164222941,-0.026158357771261076,0.027232196650198937
2017-03-23,1490241600,2017-03-29,1490760000,0.75,8.024987184282915,8.877548602863557,8.34,8.373,8.268,8.298,30670050.0,8.532,8.798,8.527,8.687,72854700.0,-1.4119918590590004,-9.528493924295418,-3.8666973638770514,-7.20962357545757,0,13.627444023255464,3.626386735059052,8.988295808507122,1.7065993137434177,-5.29176876699195,1.892153405250788,-8.062323234177644,1.7309290533557424,1,0.19452380634461858,50.0,28.0,22.0,-5.470242891677216,-4.664601199506521,-5.342176694556912,0.05740419990556361,-0.01784275353977205,0.012777713825256276,-0.018418326234603488,0.019002932551319462
2017-03-28,1490673600,2017-04-12,1491969600,0.75,8.300852571873788,9.192526457988613,8.314,8.566,8.302,8.525,49156800.0,9.038,9.185,9.009,9.167,47739150.0,3.233617522013361,-14.83065035718299,-3.878222610086908,-7.838078615323099,0,18.819506195847822,14.315999501184681,38.40669839125488,25.926848502035355,-3.2386802688816942,2.051947644327199,9.015941379547982,1.0524230189779014,0,0.02245021781141012,50.0,68.0,-18.0,-5.798516417584807,-4.476261738099112,-7.424985966569196,0.046347654635195884,-0.014072215555797962,0.0019635649612741446,-0.017235736882295183,0.01181015452538614
2017-03-29,1490760000,2017-04-18,1492488000,0.75,8.581680143498113,9.535854154345621,8.532,8.798,8.527,8.687,72854700.0,9.42,9.431,9.283,9.37,25023200.0,2.465968244833604,-13.830962908654328,-3.7159373888295733,-7.878157239416566,0,21.612438155843805,18.203607922290903,44.1297501902088,34.55983668032502,-3.6837338505594346,2.0067658362414367,14.441360437420137,-0.5964336162391871,0,0.024806003914825826,46.0,76.0,-30.0,-5.682497331910369,-4.9038036948796275,-8.39067219630094,0.046726114219271475,0.005336179295624355,0.006510138740661642,-0.00928495197438628,-0.002979357310066044
2017-03-30,1490846400,2017-04-21,1492747200,0.75,8.877548602863557,9.884210914147497,8.735,9.0,8.719,8.878,87080700.0,9.58,9.64,9.528,9.582,42203800.0,1.9464471827059526,-13.399171039938267,-3.78313504487582,-7.778125652264663,0,24.94062470043282,15.473608098336959,50.102030543844364,32.963784769991264,-3.8396748775997196,1.9357526822577409,20.437842712325406,1.039110876935539,0,0.015678026447789633,50.0,92.0,-42.0,-5.726361928616157,-5.237774139008295,-9.261106447448213,0.04586953023558138,-0.00020872469213117917,0.006053016071801309,-0.005635566687539173,0.0014632107023413443
2017-04-13,1492056000,2017-04-25,1493092800,0.25,9.180574051836613,9.884210914147497,9.141,9.335,9.11,9.272,51647100.0,9.422,9.485,9.365,9.435,102278750.0,2.9688739623913136,-9.1183175235996,-0.926691397279626,-5.248895954778305,0,17.399097382769668,13.688396192312341,45.906515113291334,16.11886857503245,-1.4111215456689337,2.0333952997607314,19.418307474265063,2.4563880126031443,1,0.0714802313137246,42.0,88.0,-46.0,-3.0747217806041363,-3.1329036118451796,-7.267517982980181,0.012424363344171074,-0.0013778484366719912,0.005299417064122736,-0.007419183889772141,0.00629266211604107
2017-04-19,1492574400,2017-04-27,1493265600,-0.25,9.180574051836613,9.92273342640696,9.481,9.635,9.46,9.539,56878450.0,9.704,9.76,9.621,9.64,50401950.0,1.285605132561173,-9.391414261191898,-1.8399031811894986,-6.134508990318125,0,20.501080378378106,10.970415563485684,45.98604219852672,20.670315850624135,-2.0414253482966274,2.173331413751154,21.190691009195895,-1.1108071202361856,0,-0.03367996567455986,46.0,88.0,-42.0,-4.052904564315369,-4.2329483523798075,-8.521249656562517,0.013084655236563159,0.00663900414937757,0.012448132780082943,-0.001970954356846466,-0.0020703933747411307
2017-04-24,1493006400,2017-04-28,1493352000,0.25,9.16368886363967,9.92273342640696,9.653,9.656,9.304,9.376,58859350.0,9.637,9.637,9.469,9.489,49365000.0,3.0125068788213554,-7.4207690771562795,0.013524431798231262,-4.23033688130117,0,14.815200432734144,6.882180671322377,43.182763756089734,18.732881360116025,-0.2576728574791076,2.1789281782763106,20.799481390780997,-1.0844826839651376,0,-0.054390892449327606,42.0,88.0,-46.0,-2.204131099167469,-2.4509924786187867,-6.788453684811273,-0.0013351325503916933,0.015597007060807133,0.015597007060807133,-0.002107703656865967,-0.015663900414937704
2017-04-26,1493179200,2017-05-03,1493784000,-0.25,9.16368886363967,9.925021924286861,9.493,9.95,9.492,9.66,199111950.0,9.745,9.809,9.587,9.599,49700750.0,2.679993133748411,-7.3138091562507554,-0.11008091120604035,-4.444907455637733,0,14.43043337126133,6.797952825990217,39.05244844564068,8.302980707315925,-0.46674705115847814,2.287628255874323,17.85242824233346,-1.0676617754388866,0,-0.13729322410535216,46.0,92.0,-46.0,-2.316908011251172,-2.557506563588845,-6.931637316325549,-0.011520808759227563,0.015209917699760211,0.02187727888321689,-0.001250130221898127,-0.014172743144705735
2017-04-28,1493352000,2017-05-08,1494216000,0.25,9.140283239418178,9.925021924286861,9.637,9.637,9.469,9.489,49365000.0,9.513,9.523,9.361,9.423,30541700.0,4.065206875169267,-3.590835655812384,2.533694152605335,-2.017934840284397,0,8.248750778534834,5.32021906784398,28.758209173495867,-5.238000703870114,1.6101360458406617,2.2646343878145965,11.833330924604468,-0.6527348935279594,0,-0.1883323624504227,34.0,64.0,-30.0,0.23718560967844837,-0.4496376257329615,-4.563208640652988,-0.04585389170740645,0.009551098376313183,0.010612331529237018,-0.0065796455481268445,-0.00873132758257944
2017-05-01,1493611200,2017-05-15,1494820800,-0.25,9.140283239418178,9.925021924286861,9.46,9.659,9.32,9.552,50483750.0,9.775,9.919,9.709,9.906,37063250.0,-0.36185237683017135,-6.1210872557157785,-1.1279359310855455,-5.27895551517598,1,17.40217068900219,5.405405405405415,29.665559402077935,8.861017876098366,-2.6696823086726766,2.0867073706941133,8.731353285417676,0.7747499079516443,0,-0.06855952520839036,50.0,92.0,-42.0,-3.241469816272982,-3.760804717349572,-7.812087961269214,-0.004044014173499838,-0.013224308499899085,0.001312335958005173,-0.01988693720977197,0.01215898641054447
2017-05-04,1493870400,2017-05-16,1494907200,0.75,9.140283239418178,10.283030875332095,9.61,9.639,9.417,9.448,41719800.0,9.932,9.98,9.82,9.923,50527700.0,-0.07293046583795615,-6.184249822381332,-1.0159897880345312,-5.171990997346228,1,17.69846805693649,5.901814300960521,30.833717155665713,-0.847004487447073,-2.8095942036621864,2.0495098097007425,8.529594976681437,1.0496779535761962,0,0.022700512276969932,50.0,96.0,-46.0,-3.128590144109637,-3.551806524866379,-7.657473573718221,0.0017662736122746603,0.0009069837750681486,0.005744230575430942,-0.01037992542577848,0.0017161316373914826
2017-05-09,1494302400,2017-05-22,1495425600,0.25,9.532807952543024,10.283030875332095,9.446,9.613,9.439,9.583,48701300.0,9.703,9.716,9.532,9.656,31407500.0,2.762688361310822,-3.0588772594052642,1.9970312068489307,-2.27699530516432,1,7.961475024028978,2.9863481228669064,21.60088193040576,0.6858964459717924,0.07077242892773938,2.1195962780511306,1.4799495155716116,-0.6527053631983487,0,0.06384178713783802,34.0,80.0,-46.0,-0.14809444904723534,-0.5653134258692774,-4.3387890241217235,-0.034608732636688705,0.004867439933719853,0.006213753106876441,-0.012841756420878259,-0.004536082474226655
2017-05-16,1494907200,2017-05-23,1495512000,-0.75,9.163591076211478,10.283030875332095,9.932,9.98,9.82,9.923,50527700.0,9.691,9.691,9.48,9.5,28918750.0,4.397490929629583,-1.345911982261157,3.787543859649105,-0.6524561403508926,1,3.438358390985343,0.6889242183359777,18.07789285375718,2.6752540736571504,1.6520714580805986,2.1591630194827247,-0.049882899217529086,-0.6031481019931653,0,0.10512552122615758,30.0,64.0,-34.0,1.525789473684199,0.9658412914101291,-2.6593849205965796,-0.04815603954557951,0.020105263157894848,0.020105263157894848,-0.002105263157894721,-0.016155758077879057
2017-05-17,1494993600,2017-05-26,1495771200,-0.25,9.163591076211478,9.916959730182207,9.844,9.871,9.579,9.597,41644200.0,9.66,9.665,9.579,9.603,24690050.0,3.2183916717644934,-2.3259622226340326,2.381373876219243,-1.523655802006303,1,5.677450004541136,1.2013910844135207,13.438086106936847,13.88661137219949,0.9782725030321728,1.9308596075089817,-4.440279009095359,-0.5218630808214417,0,0.07071202205299632,18.0,64.0,-46.0,0.4462147245652375,-0.08621507776297221,-3.2849754015824857,-0.04674161960607923,0.005935645110902943,0.006456315734666207,-0.002499218994064245,-0.002596593269630243
2017-05-23,1495512000,2017-05-30,1496116800,0.25,9.163591076211478,9.89030933770803,9.691,9.691,9.48,9.5,28918750.0,9.506,9.557,9.448,9.514,31655000.0,4.197370253942907,-1.4656065373147555,3.21613762175042,-0.483673183378869,1,3.0033780633764735,-0.3978224455611417,11.250275842113675,6.159757864165165,1.9527705507025956,1.926083234795442,-5.234038354038965,-0.6687557422836985,0,0.020715732779159706,14.0,24.0,-10.0,1.3658818583140828,0.7676379448662232,-2.286898812252815,-0.050407853485395976,-0.0008408660920747879,0.0045196552449022764,-0.0069371452596173055,-0.009267937102988677
2017-05-24,1495598400,2017-06-02,1496376000,-0.25,9.202962346417834,9.89030933770803,9.529,9.6,9.486,9.576,21979600.0,9.698,9.75,9.54,9.561,32108850.0,3.5559179597737085,-1.8249274776065363,2.561621866610892,-0.9495171355855376,1,3.5969701098430917,1.1960203217612144,8.598364866308996,-2.0891034472920325,1.0692086770233402,1.87651107767925,-8.003871630197445,-0.6927755827711352,0,0.048916844422225124,2.0,23.999999999999996,-21.999999999999996,0.8654952410835648,0.29028464151062394,-2.415838046072949,-0.038291163001454936,0.014329045078966596,0.019767806714778846,-0.0021964229683087977,-0.01147642679900751
2017-05-30,1496116800,2017-06-07,1496808000,0.25,9.202962346417834,9.855678872516414,9.506,9.557,9.448,9.514,31655000.0,9.401,9.429,9.191,9.245,58541550.0,7.520275043609075,0.667934799549414,5.930052280512001,2.3205336217775283,0,-5.012490156854476,-3.527079202754888,-0.28452437848431333,-21.388302880258067,3.1938664738052154,1.9191362340245302,-9.10958141676714,-1.2374809047948536,-1,-0.12725925433852722,-10.0,-60.0,50.0,4.094104921579245,3.082220055467076,0.9639436513787558,-0.059917172095686554,0.016873985938345104,0.019902650081125017,-0.005840995132503912,-0.017534537725823696
2017-05-31,1496203200,2017-06-08,1496894400,-0.75,8.897165492974736,9.855678872516414,9.538,9.56,9.431,9.547,37377400.0,9.22,9.29,9.14,9.194,38671400.0,8.335627116196932,0.4266091248298096,6.2301500978899185,2.6604307156841145,0,-6.2563299405912005,-5.489309210526304,-4.040430041771076,-21.65913957485691,3.397819531676433,1.908475933731921,-8.503528895725406,-0.8210954656129621,0,-0.19502393052816727,-14.0,-64.0,50.0,4.381118120513364,3.3060244457724366,1.4642356135775287,-0.06776551444917583,0.0028279312595169692,0.01044159234283204,-0.005873395692843175,-0.005516495402920318
2017-06-05,1496635200,2017-06-13,1497326400,-0.25,8.897165492974736,9.532807952543024,9.565,9.576,9.421,9.452,36104450.0,9.236,9.361,9.228,9.284,28173000.0,6.539247221814719,-1.6652704876484137,4.257683469768779,0.7861194887261149,0,-3.3211342092479867,-6.279022814455884,-9.792473543764979,-15.483807502610631,1.5036148022648348,1.8753902381823018,-6.860671254041396,0.6248782315872852,0,-0.1431401664033056,-26.0,-64.0,38.0,2.4369883670831456,1.6013834156608482,0.3786410107448006,-0.0546842950826181,-0.005170185264972038,0.0082938388625593,-0.006031882809134137,0.005741523128588444
2017-06-08,1496894400,2017-06-19,1497844800,0.25,8.897165492974736,9.522994955766121,9.22,9.29,9.14,9.194,38671400.0,9.08,9.186,8.974,9.178,59357400.0,6.649833492508321,-2.0333593151276688,4.088944577613134,0.6818842158785401,0,-4.880447008088524,-5.381443298969057,-16.9513037277742,-14.21990686539381,1.3170324253276107,1.8907028504833465,-3.3061456771007407,1.3374109330021504,0,-0.12582444770149837,-42.0,-88.0,46.0,2.308237088690319,1.6700150173538475,1.2269105111390814,-0.04375020848931396,-0.010677707561560279,0.0008716495968619231,-0.022227064719982592,0.01729106628242083
2017-06-09,1496980800,2017-06-20,1497931200,-0.75,8.521504811233697,9.522994955766121,9.213,9.321,9.191,9.217,38891950.0,8.892,8.892,8.495,8.512,168308600.0,15.920015286108736,3.362174563515353,11.76985432330828,7.845982142857139,0,-17.77630389395344,-11.847555923777962,-23.56993743432832,-26.359172276478034,7.1569970369186535,2.4661597064863905,-1.0659196453156845,-3.567101929063484,-1,-0.3733461415308139,-46.0,-96.0,50.0,9.641094924812037,8.708269327091173,8.788443187220096,-0.07629782903403848,0.044642857142856984,0.044642857142856984,-0.0019971804511279556,-0.0725648289387667
2017-06-14,1497412800,2017-07-10,1499659200,-0.75,8.135410766043893,9.213002992199899,9.276,9.36,9.184,9.194,22050800.0,8.26,8.279,8.14,8.151,42713250.0,14.97503899876942,-4.560365952517415,7.4831309041835254,3.3646178383020384,0,-19.59352211230734,-11.565585331452757,-43.186901853274264,-21.93107337653916,2.963438452624459,2.055474262605562,16.41368881371585,-0.9722739981519778,0,-0.4824542911755863,-46.0,-96.0,50.0,5.2073365231259885,4.915480457308206,8.826797542687984,-0.0050916603194707255,0.013372592319960797,0.01570359465096316,-0.0013495276653170407,-0.01534187001691234
2017-06-20,1497931200,2017-07-17,1500264000,-0.75,7.822462484101571,8.899359936822716,8.892,8.892,8.495,8.512,168308600.0,7.914,7.955,7.82,7.84,42860850.0,12.548119274864703,-1.726690703436148,7.785289115646265,3.495748299319729,0,-22.68865295341243,-13.101307913988034,-48.46347742516956,-16.70497286769215,3.93393140271084,2.1402208361981025,21.41282659721383,-0.9627746282064324,0,-0.2948634533993775,-42.0,-92.0,50.0,5.410714285714263,5.903915259012223,10.951144350691223,-0.011391895436848376,0.009438775510204112,0.014668367346938771,-0.0025510204081632404,-0.00972590627763037
2017-06-21,1498017600,2017-07-18,1500350400,-0.75,7.457536517154743,8.521504811233697,8.503,8.56,8.286,8.352,77799450.0,7.905,7.905,7.248,7.5,383635850.0,15.53092245795375,2.610410875379543,11.927111111111117,6.849777777777803,0,-27.245962177013965,-18.282850294181745,-51.28429698169607,-33.31287628149789,5.385313987835033,2.7031553107172437,23.24247555024435,-7.4965630610538785,-1,-0.23238109210951619,-46.0,-96.0,50.0,9.070666666666654,9.685379155444181,15.354226441206649,-0.030143851712786662,0.05400000000000005,0.05400000000000005,-0.03359999999999996,-0.04336734693877553
2017-07-11,1499745600,2017-07-20,1500523200,-0.75,7.07393383356126,8.135410766043893,8.14,8.141,7.895,7.922,73021350.0,7.457,7.479,7.114,7.121,225727000.0,23.036842031911206,3.5043740894200113,16.25801619622709,10.851472171511503,0,-31.115900537518243,-14.7389846743295,-57.24392762524013,-43.43934815364594,8.145107445568428,3.1450877946044224,26.692899110814515,-3.9329872648831476,-1,-0.31866935030965066,-38.0,-88.0,50.0,13.270608060665623,13.113735670314682,20.018762437898104,-0.06310228227937859,0.04718438421570004,0.050273837944109,-0.0009830080044938017,-0.0450583344508515
2017-07-18,1500350400,2017-08-09,1502251200,-0.75,6.662569274748512,7.822462484101571,7.905,7.905,7.248,7.5,383635850.0,6.622,6.727,6.578,6.692,33975250.0,18.083732274329606,-5.700289357413851,9.859782825264006,3.0337218569436146,0,-23.499217964554305,-15.707267917873786,-49.254445135742,-16.60725322301691,3.2367191672310014,2.978390064203164,27.55426400074125,0.4707410963527262,0,-0.21448708368848787,-42.0,-88.0,46.0,6.191721458457877,6.834461205998593,16.963524698852225,0.024997817327962468,-0.010460251046025104,0.0052301255230124966,-0.017035265989240878,0.0028472950696838417
2017-07-19,1500436800,2017-08-17,1502942400,-0.75,6.297801817858688,7.457536517154743,7.396,7.6,7.252,7.457,164434600.0,6.4,6.519,6.348,6.358,58410450.0,13.080262316524596,-0.848428406490001,9.549386599559611,3.291129285938979,0,-25.654221930431433,-10.714787248981896,-51.04710531033055,-28.830382542493382,4.965936674992548,3.1766617232392322,26.32876286752331,-0.7779672786633216,0,-0.31552699132992207,-46.0,-96.0,50.0,6.115916955017298,7.365396623813211,18.445741530226044,0.015101745412275713,0.006605850896508336,0.025322428436615363,-0.001572821642025768,-0.007027955645791062
2017-07-21,1500609600,2017-08-22,1503374400,-0.75,5.942348363193896,7.07393383356126,7.111,7.172,6.884,6.907,162250250.0,6.1,6.2,6.082,6.11,55154500.0,18.114682940898845,-0.823357245317851,11.971903982542287,5.968630660120013,0,-28.61125090271115,-12.36374067699369,-54.50477585271841,-35.75908713450448,6.50015911986857,3.09296652444924,26.85128075646378,-0.7217999822358775,0,-0.43937325743991884,-46.0,-96.0,50.0,8.64566284779049,8.916812087663018,20.729916923445387,0.003214402324731802,-0.0016366612111293755,0.014729950900163713,-0.004582651391162096,-0.010045366169799008
2017-08-10,1502337600,2017-08-23,1503460800,-0.75,5.602052794717749,6.662569274748512,6.631,6.659,6.446,6.453,63272400.0,6.063,6.11,5.92,5.942,89460000.0,21.86699245691311,0.1037244734133651,14.264837877257946,8.29378435992372,0,-30.42094780078837,-12.771579565472695,-56.3528452991316,-36.30943901185252,8.14135612582723,3.1816407539188725,27.540552012392666,-1.152268079225914,0,-0.4452033636417312,-46.0,-96.0,50.0,10.985358465163245,10.85375066321106,23.196553044496525,-0.006006565046520973,0.02036351396836067,0.02827330865028621,-0.0037024570851565963,-0.027495908346972242
2017-08-18,1503028800,2017-08-29,1503979200,-0.25,5.602052794717749,6.297801817858688,6.348,6.359,6.22,6.225,62239600.0,6.201,6.314,6.18,6.207,60881100.0,13.40402969671166,-6.010764028917265,6.772729713764008,1.1935449223994539,0,-19.534812027494,-10.626349892008644,-48.31546486262332,-4.895907485816295,1.0388178470195157,3.0405627226138243,24.97540802320014,-0.7503419830088325,0,-0.36234869328709,-26.0,-60.0,34.0,3.696632833897212,3.9164761468272786,15.191687725954665,0.039807088812265856,-0.0009666505558241223,0.01723860157886259,-0.004349927501208328,-0.005288461538461631
2017-08-23,1503460800,2017-09-01,1504238400,0.75,5.602052794717749,6.620453451043731,6.063,6.11,5.92,5.942,89460000.0,6.339,6.432,6.312,6.399,50975500.0,5.881928704533436,-7.497806185389834,2.038339323852668,-3.232796791165285,0,-12.636835818065123,-7.139747496734872,-37.77785814079025,11.338776800194594,-2.4678609148488846,2.7389302517158876,20.84999583468023,0.652376049286511,0,-0.1882885648198662,-38.0,-60.0,22.0,-0.8079387404281988,0.3869031794003348,10.315615522921576,0.0753670278381261,-0.00937646507266754,0.005157055789967169,-0.01359587435536802,0.010262077676034265
2017-08-24,1503547200,2017-09-05,1504584000,0.25,5.942348363193896,6.620453451043731,6.031,6.151,5.972,6.038,103168300.0,6.386,6.398,6.111,6.166,108094050.0,8.651696273837288,-3.7814400299190396,5.505730349226951,-0.14298843118174887,0,-17.062225385258202,-9.17660922079834,-36.43699950967791,-0.0830220780851576,0.7040470363045301,2.973024776997006,20.100624013300788,-1.366692435905677,0,-0.21297027698766738,-42.0,-60.0,18.0,2.4351281219591243,3.782185529359694,13.916199407336833,0.06624524907899576,0.03567953292247816,0.03762568926370413,-0.008919883230619652,-0.03641193936552578
2017-08-30,1504065600,2017-09-07,1504756800,-0.25,5.955238459972403,6.620453451043731,6.207,6.321,6.167,6.303,57151200.0,6.369,6.388,6.283,6.345,49667050.0,3.734472946490314,-5.687191622613227,1.9608615707906694,-3.531652219595472,0,-11.072788640191234,-5.185295875672451,-29.36489450057459,11.599812578482805,-2.319662569479803,2.817381805510396,18.536425541544247,-0.62754761305979,0,-0.05318508343739543,-46.0,-56.0,10.0,-0.9763593380614566,0.717034001678087,9.887255740886431,0.07377197639360977,0.00378250591016549,0.006776989755713281,-0.009771473601260738,-0.002044668134633554
2017-09-05,1504584000,2017-09-21,1505966400,0.25,5.939490584772072,6.617195031160423,6.386,6.398,6.111,6.166,108094050.0,6.248,6.286,6.218,6.264,43269250.0,2.664217757261639,-4.436248408602651,1.618773946360136,-3.5983397190293687,1,-6.7064129864572735,5.41905082463817,-16.671719326727732,7.857777386851801,-1.2501963051939526,2.7999093258469774,11.076340490369255,0.5136481723963726,0,0.12203880408836873,-2.0,28.0,-30.0,-0.8860153256705132,-0.19395933654718078,7.058084512175512,0.042624222872221174,-0.0025542784163473664,0.0035121328224776427,-0.007343550446998748,0.00256081946222797
2017-09-06,1504670400,2017-09-26,1506398400,-0.25,5.939490584772072,6.617195031160423,6.2,6.365,6.187,6.358,63673600.0,6.418,6.529,6.368,6.384,41043850.0,1.4296511176843154,-5.936230065052726,0.15794695071009812,-4.77939640768588,1,-3.1696821035162372,2.3076923076923097,-9.194819870688642,16.611384418348635,-3.005675998406531,2.705474198295295,5.0606272273447175,-0.4869155211414393,0,0.10053350555713124,46.0,88.0,-42.0,-2.2532894736842053,-1.6082551198997237,4.438981439369471,0.0586972839744046,0.005325814536340845,0.02271303258145352,-0.0025062656641604564,-0.005142589995324798
2017-09-08,1504843200,2017-09-27,1506484800,0.25,5.939490584772072,6.591854240493367,6.169,6.194,5.98,6.001,107487150.0,6.408,6.454,6.221,6.277,65708200.0,3.214511418049966,-4.277120944894008,2.0107800966491425,-3.1684456481333996,1,-5.777760310795799,1.1277589817947524,-8.431720692374842,9.900748624389045,-1.3358102654161002,2.8201906582412333,3.366096707829435,-0.843115178693348,0,0.051828027698282854,42.0,88.0,-46.0,-0.5313047634220283,0.06239777097522392,5.975392322227719,0.05135035947565797,0.020869842281344697,0.028198183845786096,-0.008921459295841982,-0.016760651629072698
2017-09-22,1506052800,2017-09-28,1506571200,-0.25,5.966566472209703,6.593947591225787,6.26,6.347,6.242,6.286,47342350.0,6.3,6.342,6.242,6.331,31271650.0,2.3834919581000378,-5.09870282526164,1.1306797241089015,-3.9190754488495827,1,-4.174963360282526,0.44423290496589674,-7.1547316010762865,15.098094914447088,-1.8399130182602903,2.709235484161189,1.7926040825652443,0.4154499476782549,0,0.18808759623502894,38.0,44.0,-6.0,-1.357605433580801,-0.7157392922218122,4.872598086367887,0.04849186153656403,-0.004896540830832463,0.0017374822302953508,-0.014057810772389878,0.008602835749561999
2017-09-27,1506484800,2017-10-12,1507780800,0.25,5.966566472209703,6.593947591225787,6.408,6.454,6.221,6.277,65708200.0,6.2,6.286,6.164,6.283,39712300.0,2.2890957516903114,-4.721055006823235,1.1936972783701947,-3.7434346649689587,1,-2.120286804013361,1.1429491307147557,-6.4251966723280125,-8.673100935155041,-1.216606247515628,2.5175413345890996,-6.4514965751341045,0.6478153370916845,0,0.045805762947734606,-2.0,44.0,-46.0,-1.2159796275664547,-1.1053558573490392,3.1681885872617386,0.022012523783767807,-0.013210249880630354,0.0004774789113479727,-0.01893999681680736,0.00850722311396468
2017-09-28,1506571200,2017-10-24,1508817600,-0.25,5.974222266425137,6.593947591225787,6.3,6.342,6.242,6.331,31271650.0,6.447,6.531,6.365,6.486,149724750.0,2.179023723645429,-7.993084778224514,-0.40831534587314877,-5.59024565731319,0,2.4207411883422054,1.5977443609022466,7.343093142000369,21.64511421274699,-1.7637472626222603,2.731327194687677,-5.387696622952543,2.2711036889156273,1,0.20799299398183088,30.0,44.0,-14.0,-2.9070305272895496,-2.018520056597339,-0.1039453435972888,0.030538934532461696,-0.006012950971322817,0.006938020351526353,-0.018655565834104104,0.012014354813543404
2017-09-29,1506657600,2017-10-25,1508904000,0.25,5.859251331405307,6.592918866494765,6.317,6.33,6.142,6.157,61197450.0,5.661,5.68,5.476,5.54,503224200.0,21.436118833581645,4.578321599631323,15.892900120336947,9.878459687123936,0,-14.878363160086067,-11.741277680420584,-2.30563819069602,-3.5790274916474516,9.727310821624329,4.271532315648215,-3.6711484963262997,-6.825699350622637,-1,-0.013310639154777213,26.0,-24.0,50.0,13.00722021660647,13.311412234358627,16.289250069264398,-0.033412241209181126,0.021841155234656906,0.025270758122743597,-0.011552346570397165,-0.14585260561208757
2017-10-13,1507867200,2017-10-27,1509076800,-0.75,5.431191071925756,6.592918866494765,6.236,6.572,6.235,6.529,107722700.0,5.613,5.648,5.506,5.522,83577150.0,23.41271187398894,0.9190519796872252,15.104430761801282,8.876614753108768,0,-14.247583571534534,-10.313464349520867,-12.884266891127316,-7.941291833335043,8.483809053461883,4.182680082867782,-0.24604797912573417,-1.0920273613532006,0,0.04417199424844403,18.0,-32.0,50.0,12.165881926838097,11.367527533232646,15.460322309818665,-0.0900069150699328,0.01647953639985511,0.022817819630568614,-0.0028975009054690304,-0.019182948490230833
2017-10-25,1508904000,2017-10-30,1509336000,-0.75,5.024830950231653,6.285208533921747,5.661,5.68,5.476,5.54,503224200.0,5.5,5.503,5.364,5.374,89946850.0,27.93768405572885,1.3403211545428633,17.628706115866535,11.33172063019478,0,-16.144401899272964,-10.96752816434725,-17.55389555534447,-12.464241800619504,10.70355872255604,4.200886177212328,1.6282959375075485,-1.1668062191561421,0,-0.018301096342382858,14.0,-36.0,50.0,14.639002605135843,13.059867206582851,17.909116114429395,-0.10946789290028983,0.02344622255303319,0.024004465947152998,-0.0018608113137327242,-0.026801883375588642
2017-10-26,1508990400,2017-10-31,1509422400,-0.25,5.024830950231653,5.859251331405307,5.507,5.653,5.4,5.63,167638750.0,5.369,5.456,5.298,5.438,66865050.0,27.072224596581833,-1.636402603201887,15.72514404805689,9.34963834743165,0,-14.584689353605512,-10.264026402640262,-20.39550456789587,-12.656467824143043,8.824763581078628,4.062448249256656,3.518441801450656,0.8672745500318659,0,-0.008647256764216519,10.0,-36.0,46.0,12.71791099668998,10.612189364046216,15.87354026476082,-0.1113536437119696,-0.012688488414858368,0.0033100404560502117,-0.025744759102611203,0.01190919240788979
2017-10-30,1509336000,2017-11-01,1509508800,0.25,5.024830950231653,5.828839756355995,5.5,5.503,5.364,5.374,89946850.0,5.438,5.51,5.395,5.404,52495200.0,28.33400405482297,-2.8343741510479816,15.787688132247709,9.405378731803609,0,-15.04561248750214,-11.929595827900915,-22.79299650459302,-12.405073819449306,9.062052748245833,3.948010951318468,4.876521613888428,-0.6813601420411455,0,-0.060441537921036306,6.000000000000007,-35.99999999999999,42.0,12.749814951887501,10.231157074759295,15.951493033586956,-0.10812506211905296,0.0062916358253144455,0.01961509992598076,-0.0016654330125833727,-0.006252298639205511
2017-10-31,1509422400,2017-11-28,1511845200,-0.25,5.047160150669106,5.828839756355995,5.369,5.456,5.298,5.438,66865050.0,5.498,5.721,5.445,5.717,67788950.0,1.0356404367408913,-6.012026653288032,-0.07958719608186016,-5.339338814063325,1,-2.651761026369016,6.382582806103461,-12.129640474995867,4.352208598376627,-2.0922373829613434,2.9736863393137014,3.2583513776845585,0.9711769444323027,0,0.2331433168924559,-46.0,-16.0,-30.0,-2.4881931082735633,-0.8514345795128264,3.630205531923963,0.029494782662457197,-0.038306804267972616,0.0006996676578625571,-0.04757740073465089,0.04134790528233134
2017-11-01,1509508800,2017-11-30,1512018000,0.75,5.047160150669106,6.151272081923675,5.438,5.51,5.395,5.404,52495200.0,6.04,6.164,6.023,6.088,84283150.0,-1.9153402801601942,-12.83334565939306,-5.050646079719684,-10.17383924660534,0,5.799802431260645,12.657290895632867,-1.8187877761277689,22.920338329009667,-5.8379093732665694,2.9785052658908606,1.526318178572808,1.1809632586888668,0,0.2780456104995907,50.0,88.0,-38.0,-7.37434296977662,-5.710919435683309,-2.508222480168584,0.0718919975850912,-0.007884362680683266,0.012483574244415152,-0.010676741130092093,0.007947019867549754
2017-11-02,1509595200,2017-12-19,1513659600,0.75,5.431191071925756,6.48276885147696,5.4,5.617,5.372,5.589,99232700.0,6.28,6.309,6.164,6.263,40353600.0,6.673171692417483,-12.20087407146903,-0.02501463622331812,-5.44573952844749,0,6.373489420634257,10.55604589585172,20.876258875883945,5.724829850999363,0.29404533796034116,2.7271408887347652,5.929286450753665,-0.550365923182045,0,-0.18072443961068305,34.0,48.0,-14.0,-2.7638511895257807,-2.0193441509218104,-2.9783819169317667,0.008476832643267831,0.0027143541433818363,0.007344722976209583,-0.015807121187929152,-0.0007977026164646128
2017-11-29,1511931600,2017-12-28,1514437200,0.25,5.8192912130926455,6.48276885147696,5.94,6.089,5.845,6.04,166658150.0,5.9,5.945,5.861,5.896,26696800.0,10.526763030054937,-1.5884998007469449,7.518091361374928,1.8752826775214828,0,-3.9189238672832047,-2.384105960264903,0.33147322221965747,-14.503300192593386,4.248825728203116,2.7099983708490836,-3.0495537602743568,-0.37003519913953037,0,-0.28900819558439766,10.0,48.0,-38.0,4.469131614653989,2.3080356208341755,2.443920652855411,-0.0553235176299022,0.0006784260515604323,0.008310719131614741,-0.005936227951153339,-0.0020311442112390665
2017-12-01,1512104400,2017-12-29,1514523600,-0.75,5.527370174446728,6.48276885147696,6.048,6.226,6.005,6.152,58635300.0,5.885,5.923,5.728,5.781,56297350.0,13.075520832086852,-0.5119505155325754,9.46058928674394,3.6121201637548523,0,-7.092661100868938,-5.042706964520375,-2.859459606018346,-27.15093609521564,5.4283148715838365,2.8074227781753107,-3.3750769764244772,-0.7848870373791536,0,-0.3582519342413349,6.000000000000007,48.00000000000001,-42.0,6.281785158277131,3.9295836310106864,4.306054832404115,-0.05951948323594761,0.017989967133713813,0.02456322435564795,-0.0091679640200657,-0.019504748982360987
2017-12-20,1513746000,2018-01-02,1514869200,-0.25,5.527370174446728,6.151272081923675,6.28,6.316,5.956,5.973,102296050.0,5.818,5.863,5.78,5.859,74450550.0,11.646603438246387,-2.4129458174920018,7.634977527450644,2.0999032826989747,0,-4.416853179240846,-4.762678803641094,-4.412873560030134,-18.580704701327335,3.4303948470575136,2.673374832957954,-3.6773485342781633,1.029982948754791,0,-0.23509203710710375,2.0,48.0,-46.0,4.6168288103772,2.3035097525709887,2.803034200175645,-0.05440523504384383,-0.006997781191329655,0.0006827103601299012,-0.013483529612561829,0.013492475350285416
2017-12-29,1514523600,2018-01-09,1515474000,0.75,5.527370174446728,6.415316783119674,5.885,5.923,5.728,5.781,56297350.0,6.393,6.444,6.363,6.387,36879950.0,2.428769715666675,-10.606317860335537,-1.6823234695475264,-6.366838891498361,0,9.463414471678767,1.0921177587844249,10.21984651057995,4.631539705765682,-5.4192167462756515,2.527614420323073,-2.9294384854665516,0.6181948190644567,0,0.04631599761690989,-18.0,-44.0,26.0,-4.088774072334417,-4.36803483255261,-4.978187995501855,0.03371406243268212,0.0009394081728510972,0.008924377642085535,-0.003757632691404278,0.0028261893546868144
2018-01-02,1514869200,2018-01-17,1516165200,0.75,5.819504973898094,6.7115072368917605,5.818,5.863,5.78,5.859,74450550.0,6.56,6.792,6.5,6.693,49642100.0,0.6703119247952998,-15.853338967974722,-5.24826933612232,-9.986055082424429,0,16.275346026144717,7.225248317846838,25.01564543622483,39.0959362342053,-7.090311570011849,2.4931092222045805,3.0354106880801552,0.8800127649634443,0,0.21527584841766392,50.0,43.99999999999999,6.000000000000007,-7.591513521589704,-6.094973539794481,-8.017005742973126,0.05637444936648671,-0.01987150754519651,0.014791573285522164,-0.02883609741520987,0.02230029020925617
2018-01-03,1514955600,2018-01-19,1516338000,0.75,6.101444430531505,7.013293874439358,5.88,6.264,5.865,6.18,100005500.0,6.785,6.918,6.767,6.877,59366950.0,0.49929391720206695,-19.032084378158885,-6.9233192768164145,-11.689932625660404,0,19.868781727951273,9.803608494331788,32.223598471776626,43.08798984391687,-7.951844620068172,2.4372859428592033,6.5239319992754865,1.051697083774235,1,0.28729089300203486,50.0,52.0,-2.0,-9.266395230478409,-7.203910666949525,-9.741425302186798,0.06553674047377617,-0.013377926421404673,0.0059619019921477445,-0.01599534680820114,0.01866390164420073
2018-01-10,1515560400,2018-01-31,1517374800,0.25,6.39394120757776,7.013293874439358,6.379,6.565,6.36,6.436,58802850.0,6.457,6.6,6.434,6.495,39664000.0,5.885162407267288,-5.195401052378941,2.981267641775702,-2.5383628432127097,0,4.313800093887792,10.85509472606247,19.136656468734284,5.895146060473856,1.6891025225019831,2.8343862519859444,0.30974892731380166,0.6994745211767657,0,0.0011428601171892708,18.0,52.0,-34.0,0.3448806774441806,-0.146384516523284,-2.878386600471387,-0.02671566170303699,-0.005850654349499607,0.016166281755196188,-0.009391839876828345,0.008227258615336908
2018-01-18,1516251600,2018-02-02,1517547600,-0.75,6.038542260623775,7.013293874439358,6.69,6.83,6.652,6.751,45511200.0,6.276,6.35,6.217,6.233,49015650.0,9.907910554760633,-0.45339427046735636,7.3519974330178,1.9308519172148522,0,-3.071031279376058,1.4816020840117112,9.637358226356902,-1.862454677296995,5.12565274208589,3.093866943738915,-0.5560462244991022,-0.85588790246999,0,0.007208097139477243,10.0,52.0,-42.0,4.727258142146624,3.4003684419918727,1.1483454635752537,-0.058212177830021083,0.0068987646398204205,0.018771057275790204,-0.0025669821915610402,-0.009691769939625061
2018-01-22,1516597200,2018-02-05,1517806800,-0.75,5.677137046158348,6.7115072368917605,6.801,6.805,6.586,6.6,74818650.0,6.218,6.287,5.983,6.006,74675300.0,14.80740118778445,2.114010733627424,11.429403929403904,5.5203130203130115,0,-8.431279919305794,-4.302103250478004,3.1045684469842634,-8.936868744960137,8.369132821638118,3.3430015768067713,-0.15482269354006917,-1.2882024453028937,-1,-0.06347824065748849,6.000000000000007,52.00000000000001,-46.0,8.460705960705937,6.612398977845729,4.776348574460698,-0.07935790939960158,0.03529803529803521,0.0467865467865467,-0.0038295038295039774,-0.03641905984277227
2018-02-01,1517461200,2018-02-06,1517893200,-0.25,5.677137046158348,6.404732816913099,6.281,6.304,6.124,6.294,83540700.0,5.936,6.109,5.871,6.087,106267200.0,13.69320219469678,-0.12165627716763083,9.754394611467049,3.7875800887136677,0,-6.027574180084372,-4.4276966556759305,-0.9179231582447958,-17.367384711853973,5.772217744976473,3.342191521907567,0.5915964155046858,1.7864392825536706,0,0.02455736818813899,2.0,48.0,-46.0,6.785772958764596,4.699064336625966,3.249453922606989,-0.0841482567276421,-0.02480696566453089,0.003614259898143679,-0.03548546081813686,0.013486513486513418
2018-02-05,1517806800,2018-02-07,1517979600,0.25,5.605165315497973,6.404732816913099,6.218,6.287,5.983,6.006,74675300.0,5.473,5.594,5.361,5.444,241845650.0,29.9798549873411,7.084803352115159,22.001591966691166,15.050820475140839,0,-17.276248360318064,-14.764365116643177,-10.810586284498676,-27.2707440439969,13.865334958134312,4.4225747522838725,2.525478156003107,-3.7798946436812013,-1,-0.051895882756078864,-2.0,-52.0,50.0,18.53232916972813,15.439985372483505,14.838757096564393,-0.12444844585238532,0.005326965466568634,0.027553269654665646,-0.015246142542248431,-0.10563495975028747
2018-02-06,1517893200,2018-02-08,1518066000,-0.75,5.1842295807383,6.404732816913099,5.936,6.109,5.871,6.087,106267200.0,5.403,5.422,5.3,5.32,96394300.0,35.19621040206121,5.2962708009462744,23.727443609022572,16.770676691729307,0,-18.89166582977765,-17.339962709757607,-18.792143475132324,-33.85696367621611,14.407167487225209,4.395736578526239,4.434233833172158,-1.4858978644088274,0,-0.13548869913871206,-6.0,-56.0,50.0,20.246240601503757,16.403959246224503,16.828569541689248,-0.15148790266572615,0.015601503759398394,0.019172932330826953,-0.00375939849624074,-0.022777369581190254
2018-02-07,1517979600,2018-02-13,1518498000,-0.75,4.74231782703289,6.038542260623775,5.473,5.594,5.361,5.444,241845650.0,5.083,5.159,5.013,5.027,77818300.0,47.089650981849246,-1.2909638921337034,27.025727736887475,18.95928651946157,0,-22.37350581986533,-23.216740491828315,-36.0367435684349,-35.09013236570101,14.171800946816177,4.6783698175100685,10.941932118689515,-1.1921683460593164,0,-0.11023179945129548,-18.0,-68.0,50.0,22.89934354485777,17.407676646092156,21.0701672278158,-0.17739386330743417,0.011139844837875446,0.026258205689277725,-0.002784961209468917,-0.012183140106111323
2018-02-08,1518066000,2018-02-14,1518584400,-0.25,4.74231782703289,5.681976054095001,5.403,5.422,5.3,5.32,96394300.0,5.63,5.841,5.62,5.798,278245150.0,26.529266588997686,-14.959759862540281,9.289410141428078,2.4180751983442548,0,-4.226012368157647,-13.372179889436719,-30.204292215203804,-21.03481679613725,-1.2822609906195908,4.769331123344263,9.40426989618826,3.993942622902934,0,0.011673720667208915,-21.999999999999996,-68.0,46.0,5.7847533632287025,1.6242006233528627,4.775706301893365,-0.11614083871800551,-0.02897550879613664,0.007416350465677901,-0.03070024146257333,0.15337179232146414
2018-02-09,1518152400,2018-02-16,1518757200,0.75,4.74231782703289,6.160754922211938,5.336,5.347,4.95,5.109,154640400.0,5.74,6.12,5.735,6.113,139130600.0,17.23983598380383,-19.487504886143128,2.304378646600142,-4.51551338677136,0,1.3010835355567565,-11.109495419514314,-20.126159506217686,-13.405350373686737,-6.676387785780264,4.492588839761329,5.613838101787003,1.9945992226185918,0,0.04897512542825096,-30.0,-68.0,38.0,-1.1238344511696425,-3.4927688056618535,-0.8096209157091039,-0.01845211817267689,-0.061017503680680596,0.0011451006052674018,-0.061835432684443026,0.06628292342578068
2018-02-14,1518584400,2018-03-20,1521518400,0.75,5.1842295807383,6.676996905435215,5.63,5.841,5.62,5.798,278245150.0,6.335,6.454,6.3,6.403,28303750.0,1.8202580792236773,-2.4840094457706243,2.415794679577317,-2.7552189078036236,1,3.6476212967420096,0.818768697842853,9.916804527759442,6.87701351525758,-0.01587142601749747,2.9654630116943355,-10.557676158619929,0.4209474986650073,0,-0.09976665877833918,30.0,76.0,-46.0,-0.3318756832734664,-1.0695399049106697,-2.427913084593385,-0.005675419180125568,-0.010620021864750862,0.007965016398563174,-0.016086209589254996,0.010574494949494806
2018-02-15,1518670800,2018-03-22,1521691200,0.75,5.681976054095001,7.043351131245761,5.84,5.852,5.723,5.733,61515650.0,6.606,6.887,6.58,6.734,79352900.0,-1.2055342776457962,-8.17670510459358,-1.9666369666369405,-7.269577269577269,1,10.72097751793602,7.26345970054158,15.002500499002878,21.35959809441721,-3.53368026651971,3.132177469190403,-8.642979333560344,1.1612971186951846,1,-0.06277385253847306,50.0,96.0,-46.0,-4.691119691119695,-4.9124668427193825,-6.693073080745151,0.022823766736481746,-0.019008019008019073,0.022720522720522718,-0.022869022869022815,0.006576980568011814
2018-02-20,1519102800,2018-03-29,1522296000,0.25,6.160754922211938,7.043351131245761,6.089,6.445,6.0,6.351,141579500.0,6.399,6.548,6.399,6.462,28186200.0,3.0083730906243176,-3.215739231138116,2.8422572990818082,-2.8866192097389813,1,2.842487786604039,3.1444533120510787,9.549579950462624,4.912732319342261,0.9344962766394644,3.2739572476237626,-8.388498888165572,0.41867065361012495,0,-0.1789341920390053,30.0,72.0,-42.0,-0.10368307025689205,-0.5634566733913005,-2.2650052950032205,-0.014468218194670215,-0.00974930362116988,0.013308573197152729,-0.00974930362116988,0.011267605633802802
2018-03-21,1521604800,2018-04-02,1522641600,-0.75,5.880716592154396,7.043351131245761,6.419,6.784,6.406,6.69,70186250.0,6.445,6.471,6.154,6.223,42501400.0,7.195043353892203,-0.013619603289569682,6.816915742675022,0.7378541967968317,1,-2.666986145966554,-2.7656250000000075,6.28210745012449,-1.511918882187885,4.557570299699918,3.5207186766130465,-9.427207639599292,-0.6318699751359178,0,-0.1942280978377996,26.0,-24.0,50.0,3.5907118753013094,2.945447506977672,1.4302201302592579,-0.03118418663499295,0.035674112164550964,0.03985216133697578,-0.011087899726819894,-0.03698545341999382
2018-03-23,1521777600,2018-04-16,1523851200,-0.25,5.880716592154396,6.676996905435215,6.745,6.809,6.425,6.446,55570350.0,6.372,6.6,6.362,6.532,40201750.0,2.4614433081273432,-4.852747655953436,2.3086344151867877,-4.432026944274341,1,3.6865146143720082,1.9987507807620257,3.773896387209128,0.9991580409863232,-1.5119107505054359,3.2164544167662608,-11.75566585709029,0.6425458527612414,0,-0.14849649430439227,-14.0,-24.0,10.0,-1.1956521739130466,-1.5768517134203535,-2.7246370563367606,-0.005302381750833293,-0.02449479485609307,0.010410287813839458,-0.026025719534598868,0.025914873566828867
2018-04-02,1522641600,2018-04-19,1524110400,0.75,5.880716592154396,7.046323455605242,6.445,6.471,6.154,6.223,42501400.0,6.78,6.852,6.68,6.769,36471700.0,0.3645425581182167,-8.4647050636582,-0.5650760821391572,-7.091889496232824,1,8.361052827499023,1.1808669656203248,10.618561380131037,12.398055071961565,-3.456726761093904,3.2484314161340766,-8.105597899690974,-0.5955154794477872,0,-0.1570066304947683,46.0,48.0,-2.0,-4.050081252769985,-3.785893154815284,-5.4683353909928485,0.031294630900692906,0.0016250553996159933,0.012261781651647263,-0.01314817550598324,-0.0026521290702813394
2018-04-03,1522728000,2018-04-23,1524456000,0.25,6.26759117514566,7.046323455605242,6.231,6.356,6.22,6.333,30981600.0,6.673,6.726,6.52,6.614,50128000.0,2.6441522259037527,-6.136743698537558,1.5436951920169406,-4.68097973994557,1,4.154116902854263,2.6062674526838374,10.447565776561346,4.5540366450657,-0.4269632282352376,3.2735746462606805,-7.4199972617567305,-0.8900967871941551,0,-0.20552640620131252,38.0,48.0,-10.0,-1.7462957363169096,-1.2207811047907597,-2.9885986601054526,0.017550858725568434,0.008920471726640455,0.01693377683701236,-0.014212276988206929,-0.0037656273535171536
2018-04-17,1523937600,2018-04-25,1524628800,-0.25,6.26759117514566,7.046323455605242,6.595,6.815,6.592,6.692,46511000.0,6.664,6.84,6.607,6.79,69080150.0,0.7721353017087864,-8.716170647805967,-0.7869415807560216,-6.87825233186058,0,8.069290696861493,5.124632296021062,12.13824313071528,8.217071256402491,-2.50657399519163,3.1782110832648662,-6.6612649605866245,1.294619508910357,1,-0.16511035166096696,50.0,68.0,-18.0,-3.972017673048583,-3.2576928482856573,-5.151048525155872,0.019420903342937543,-0.01855670103092788,0.007363770250368162,-0.026951399116347585,0.019213449414590134
2018-04-20,1524196800,2018-04-26,1524715200,0.75,6.26759117514566,7.6270558411343945,6.765,6.795,6.611,6.639,41789700.0,7.767,8.513,7.722,8.45,354565900.0,-11.015077963132157,-32.2204249954477,-18.816962524654826,-24.465483234714,0,27.451496201939307,32.23787167449139,26.52981712725968,28.23280868446909,-14.277162836438379,3.8279010339796256,-3.0930300777213624,6.020369517462406,1,0.23644043160106937,50.0,72.0,-21.999999999999996,-21.61775147928992,-20.142434231374082,-22.85138729505651,0.12679053916394592,-0.08082840236686384,0.007455621301775128,-0.08615384615384603,0.24447717231222366
2018-04-24,1524542400,2018-04-27,1524801600,0.75,6.658772599992797,8.209349320740674,6.659,6.781,6.593,6.662,44020750.0,8.406,8.66,8.336,8.547,163862700.0,-6.986113992851202,-35.58905858232137,-18.439803439803455,-24.228969228969248,0,28.074876502736785,32.26555246053855,36.013362831005516,33.736298643229986,-12.701530230061152,3.784911402352219,0.33785428284988583,2.8947567114197703,1,0.27549735398144265,50.0,76.0,-26.0,-21.28758628758628,-19.04409687524506,-22.796479235962067,0.1927126294678933,-0.016497016497016515,0.0132210132210131,-0.024687024687024772,0.011479289940828474
2018-04-26,1524715200,2018-05-15,1526356800,0.75,7.044832093866093,8.782707551803648,7.767,8.513,7.722,8.45,354565900.0,8.495,8.625,8.453,8.531,37842400.0,12.025524553845955,-25.85508732491617,-4.3976868675028555,-9.534247645840665,0,23.91136664257735,27.480573819485958,52.705802355058395,22.432179172083565,-1.5875727419092982,2.681541163942234,23.08058508207045,0.7730435562602026,0,0.26050281200198167,2.0,40.0,-38.0,-6.9147813855351075,-6.168035036072823,-14.302691004880359,-0.0030444817648492273,-0.0042199038799672905,0.011018637908803086,-0.009143125073262315,0.0035289965886367014
2018-04-27,1524801600,2018-05-16,1526443200,0.75,7.6270558411343945,9.219453071423958,8.406,8.66,8.336,8.547,163862700.0,8.586,8.954,8.586,8.893,95730300.0,8.193058983182723,-27.232753124642315,-7.148693729150281,-12.14250908954611,0,27.659758930876706,31.02991012229263,54.390100989576155,13.603900089250907,-4.127086937411605,2.7283976137305874,24.576156848930225,1.9031300118407992,1,0.041094544970902876,50.0,92.0,-42.0,-9.519847070729796,-9.03637762692972,-17.0934103076645,0.006514622438523854,-0.03452153379062184,0.006859327561002937,-0.03452153379062184,0.04243347790411445
2018-04-30,1525060800,2018-06-01,1527825600,0.25,8.209349320740674,9.219453071423958,8.552,8.65,8.396,8.467,90947250.0,8.632,8.799,8.619,8.772,33108300.0,1.114351934042702,-4.875181847403383,-0.032109743122049395,-3.7108603131175073,0,17.4837997372492,4.5779685264663845,39.31723331505714,0.9608296999246164,-0.8923581999271022,2.203611929399492,27.217437674506975,0.6809714207473625,0,0.015358550994453666,6.000000000000007,36.00000000000001,-30.0,-1.8804149566803403,-3.284154976938879,-10.644871298511717,-0.06640413840472115,-0.015959872321021473,0.0030779753761969175,-0.01744186046511631,0.019525801952580357
2018-05-16,1526443200,2018-06-08,1528430400,-0.25,8.354529569299075,9.219453071423958,8.586,8.954,8.586,8.893,95730300.0,8.98,9.193,8.938,9.068,70274350.0,0.46806879694294423,-7.525854416704718,-1.6019702984855115,-5.465005146302019,0,19.626976025474477,7.275523482787179,40.077609980476076,19.401055565451742,-2.5086408400545963,2.170451383413882,29.27081811028733,1.4634011594200966,1,0.09828407655860681,42.0,84.0,-42.0,-3.5288928098808725,-4.130388647690339,-11.212979922717807,-0.022638475980802986,-0.009704455227172337,0.013784737538597325,-0.014336127040141089,0.011376310506357346
2018-05-17,1526529600,2018-06-22,1529640000,0.75,8.354529569299075,9.495446584342258,8.89,8.898,8.722,8.772,58369500.0,9.384,9.489,9.282,9.399,35328900.0,2.2328378277060494,-9.254861447240032,-1.4352590701138297,-5.616554952654525,0,18.67954522996979,8.420809781981758,37.78101506068383,29.40585286543842,-1.9957874902359123,2.144518980076689,26.525378452601238,0.7360852737066113,0,0.05604564173291279,50.0,76.0,-26.0,-3.5110118097669982,-3.380242315718391,-9.954497151974877,-0.022083504307267854,-0.0015959144589848817,0.009575486753910178,-0.012448132780082943,0.014682068444348495
2018-06-04,1528084800,2018-06-25,1529899200,0.25,8.73559737241241,9.495446584342258,8.84,8.89,8.762,8.877,29689550.0,9.321,9.353,9.012,9.083,41061300.0,5.527346662114269,-5.28073210745174,2.372931116738215,-2.129986421520073,0,8.968926026363341,5.874810583984142,32.99180555753301,21.517032443976518,1.5195093091258514,2.364954472394507,23.959973679512082,-0.8524319303999116,0,-0.036609358356008245,46.0,76.0,-30.0,0.12330727733127844,-0.017023182938871173,-6.554268840603299,-0.04268926884567714,0.02620279643289658,0.029725861499504624,-0.007816800616536335,-0.033620597935950514
2018-06-11,1528689600,2018-06-27,1530072000,-0.25,8.73559737241241,9.509576543538197,9.056,9.4,9.056,9.333,58852000.0,9.2,9.35,9.104,9.145,31936150.0,4.514854330598595,-4.546565648258522,2.3708766174594444,-2.315837433934746,0,9.2524004097179,4.7297297297297325,27.17687041944784,21.205346021559464,1.0177819928896383,2.377048330690532,19.626693673409974,-0.6652793551886796,0,0.022918319572698263,38.0,76.0,-38.0,-0.015855658829963204,-0.4849603421317994,-6.598435758882232,-0.05421918593331454,0.006014215418261415,0.02241662110442877,-0.00448332422088582,-0.009638293264024322
2018-06-25,1529899200,2018-06-28,1530158400,0.25,8.65040202218675,9.509576543538197,9.321,9.353,9.012,9.083,41061300.0,8.691,8.809,8.301,8.567,114078750.0,11.659472340560882,1.7571262353700092,9.363837982957861,4.0562624022411455,0,-3.361845235747147,-0.4300325430032431,17.610486897200104,4.1064771052937274,6.4782210335473,3.0598758591450905,18.839636650487,-2.343989727097677,0,0.02825714772478882,34.0,-16.0,50.0,6.70829928796546,5.635888074132112,-0.28516184019831314,-0.09555900021988162,0.014474144974903735,0.028247928096182928,-0.031049375510680544,-0.06320393657736467
2018-06-26,1529985600,2018-06-29,1530244800,-0.75,8.188468749503945,9.509576543538197,9.109,9.303,9.1,9.234,46502900.0,8.66,8.752,8.586,8.627,53830450.0,11.134938080637681,0.629290504038309,8.551640199374049,3.2972064448823346,0,-2.148738678286307,-1.6529867761057864,11.186565874386588,3.387712389642431,5.0435010693616675,2.9747258135492216,18.108797986344243,1.0982265574504482,0,-0.08462137777540125,30.0,-16.0,46.0,5.882114292338002,4.434419124292546,-0.9402902714550407,-0.11473082687950936,0.00382519995363384,0.014489393763764902,-0.004752521154514966,0.007003618536243872
2018-06-28,1530158400,2018-07-06,1530849600,-0.25,8.188468749503945,9.12729720396364,8.691,8.809,8.301,8.567,114078750.0,8.997,9.036,8.912,9.021,29591400.0,6.285957809725744,-3.959164771259964,3.633558733325941,-1.4357240512877496,0,5.084856375967675,0.6134285076957562,5.870795181915026,12.597933090230889,-0.4196567563184743,2.6573727690759905,11.075501665708828,0.626894085482233,0,0.05727457394241428,14.0,-16.0,30.0,1.1633965192328901,-0.3085779039503507,-4.593930754723431,-0.06485022889720636,-0.0026604589291653324,0.0016627868307281801,-0.012082917636625612,0.006808035714285676
2018-06-29,1530244800,2018-07-09,1531108800,0.75,8.188468749503945,9.562689016925159,8.66,8.752,8.586,8.627,53830450.0,9.088,9.291,9.055,9.278,37472850.0,3.495795326847187,-6.547099487226589,0.8290220593518427,-4.079363368542076,0,9.414164593010128,2.31583590648435,7.692800538739854,13.040566748120284,-3.221025905307883,2.6070741596699456,8.922139073707193,0.9170737182110185,0,0.09269803653703745,10.0,-16.0,26.0,-1.525652080189701,-2.7776406253358488,-6.95288161660018,-0.036955011437995816,-0.020478551411942325,0.0014011640439750561,-0.024035352446648117,0.028489081033144847
2018-07-02,1530504000,2018-07-10,1531195200,0.25,8.65040202218675,9.562689016925159,8.56,8.86,8.487,8.856,35800150.0,9.114,9.223,9.051,9.084,34705100.0,5.476072108121514,-4.59540279944693,2.8086012035813894,-2.0152649346836853,0,5.18737660873164,-2.667952426872394,7.342447680422614,6.890610528834628,-1.2915323836337933,2.6510477031392,6.902876481834905,-0.9066550088489065,0,0.028846621339599882,6.000000000000007,-15.999999999999993,22.0,0.4403346543372777,-0.6345434396188665,-4.771010754314858,-0.030883593566958897,0.0033025099075298936,0.015301629238221093,-0.003632760898282683,-0.020909678810088428
2018-07-09,1531108800,2018-07-13,1531454400,-0.25,8.693819091927942,9.562689016925159,9.088,9.291,9.055,9.278,37472850.0,9.172,9.22,9.133,9.144,18320450.0,4.555101791128351,-5.224393129711018,1.9247594050743544,-2.68372703412075,0,5.9826539390737,-0.7058312520360462,7.979859926387594,6.412981106075499,-2.2795676947817327,2.384113329332333,2.1929144072382947,-0.5108782891931762,0,0.0350121330159341,-6.0,-16.0,10.0,-0.33464566929133355,-0.9179927372210273,-4.770387514062207,-0.012037390496246303,0.0030621172353455517,0.008311461067366688,-0.001202974628171538,-0.004030062084740105
2018-07-10,1531195200,2018-07-20,1532059200,0.25,8.693819091927942,9.5494840222825,9.114,9.223,9.051,9.084,34705100.0,9.066,9.091,8.98,9.024,22517300.0,4.489059055840158,-3.9272239494571437,2.4654624704491823,-1.9782432033096882,0,2.8969742015642765,-2.5801576163230138,5.061621116503404,17.58166460525979,0.27289710267059775,2.1938785801102,-5.541178624440505,-0.6509954543966948,0,0.15898794868959196,-26.0,-16.0,-10.0,0.28091755319150025,0.3865625580789356,-2.8023489795833854,-0.020474156496693388,0.004654255319149092,0.0074246453900710385,-0.004875886524822515,-0.008024623502253525
2018-07-11,1531281600,2018-07-23,1532318400,-0.25,8.739134507226563,9.5494840222825,9.055,9.196,9.043,9.144,32592150.0,9.023,9.141,8.976,9.132,23035000.0,2.748541720946605,-4.851038435795488,1.0625638779383735,-3.2825959994159746,0,5.299646368516036,-2.8407277369932915,5.3657408431716505,16.543549047643296,-0.54225264228009,2.1421397596355645,-6.688439877033613,0.6665238421958579,0,0.12390372206561914,-30.0,-16.0,-14.0,-1.0512483574244413,-0.7244098723589332,-3.796886326033558,-0.015013740602889236,-0.011936049058256626,0.000985545335085547,-0.01708278580814704,0.01196808510638303
2018-07-16,1531713600,2018-07-26,1532577600,0.25,8.739134507226563,9.479413569093495,9.14,9.164,8.979,9.041,27522200.0,8.985,9.031,8.92,8.935,44771500.0,4.554775617982145,-2.858077240813728,2.841634023503076,-1.3083379966424076,0,0.17058392132904743,-2.2963367960634127,2.0824839328210745,-1.4151559244734244,1.6886723835774404,2.1439607795092566,-10.060651134246928,-1.3043716399425596,-1,-0.1307116656120186,-42.0,-16.0,-26.0,0.8483491885842085,1.2271047798134873,-1.4226581236985112,-0.026124103015700915,0.005595970900951208,0.010744264129826542,-0.0016787912702854735,-0.010849108823203668
2018-07-23,1532318400,2018-07-30,1532923200,-0.25,8.775260579200202,9.541466615262937,9.023,9.141,8.976,9.132,23035000.0,9.403,9.46,9.291,9.309,38363600.0,0.5199071018050745,-5.249738447814309,-0.5039925520105868,-4.3261001897805045,1,7.092316645408516,7.905413237510126,7.249027722042436,6.851688040099745,-1.2629620532637347,2.424860370187437,-6.77046649488236,-1.1207007332977583,0,-0.2605233191427892,46.0,80.0,-34.0,-2.3649156730046172,-2.197841501749153,-4.913741467546089,0.01341015586845385,0.010097754860887376,0.016220861531851094,-0.0019336126329357883,-0.01450349354224012
2018-07-24,1532404800,2018-08-01,1533096000,0.25,8.648305211567816,9.541466615262937,9.139,9.139,8.944,8.99,29616500.0,8.7,8.9,8.58,8.853,57828900.0,6.125567661888624,-1.1464645330057692,4.706125983659021,0.3539289882902352,1,-1.708366919645222,-1.4032743067156639,0.06545614917488776,-11.595505402344997,1.778801070081954,3.0493187230701504,-7.610616871345847,1.490352406882451,0,-0.24394875183554673,38.0,80.0,-42.0,2.4895515644414417,2.1494042244384133,-0.09141529994171549,-0.03249285182695203,-0.017282277194171525,0.005308934824353351,-0.03083700440528636,0.02075406433759941
2018-07-27,1532664000,2018-08-07,1533614400,-0.25,8.648305211567816,9.634181115774323,9.477,9.666,9.311,9.446,111116550.0,9.53,9.64,9.42,9.56,28619950.0,-0.1091896738354734,-8.820726644156153,-2.181136680613662,-6.809797768479768,0,8.890488067416605,5.239982386613836,8.108510404769913,5.569249254797057,-5.0572581210061,2.900581011222135,-8.206519921550974,0.6922710319841627,0,-0.07218218579263161,50.0,20.0,30.0,-4.464958158995813,-4.171697633900379,-6.635389038394024,0.04231657767547609,-0.003138075313807609,0.008368200836819994,-0.014644351464435212,0.005786428195686533
2018-07-31,1533009600,2018-08-14,1534219200,0.75,8.648305211567816,10.124146526156064,8.96,9.055,8.518,8.673,229233700.0,9.7,9.901,9.7,9.866,45187250.0,1.0482885144556349,-12.648734490535105,-3.5970335833502247,-8.18856003784039,0,12.580451111785365,9.004529886200414,18.3034243561354,8.696206834009566,-6.620870875187961,2.496701332985228,-5.346786421715731,1.0813285878968204,1,-0.0293681451373478,50.0,40.0,10.0,-5.800222988039735,-4.76078775482442,-8.005345709983573,0.06606611685577823,-0.01682546117980943,0.0035475369957429503,-0.01682546117980943,0.017847931496956626
2018-08-02,1533182400,2018-08-15,1534305600,0.75,9.12729720396364,10.621231851312375,8.8,9.222,8.789,9.208,63829650.0,10.1,10.53,10.09,10.52,97851400.0,-2.86613024684803,-19.070181540224212,-8.808143219264906,-13.407953105196441,0,19.968212280145195,15.961199294532632,23.623911222944997,16.39213302173465,-11.116029626211798,2.6250809313282137,-3.406539747335156,2.2754018648680376,1,0.11084867005404869,50.0,43.99999999999999,6.000000000000007,-10.968155893536121,-9.66426175897547,-13.186193055170719,0.10474070025316323,-0.03992395437262353,0.000950570342205248,-0.040874524714828886,0.06628826272045418
2018-08-08,1533700800,2018-08-16,1534392000,0.25,9.582724438510919,10.621231851312375,9.576,9.765,9.559,9.751,41967100.0,10.53,10.61,9.989,10.05,114563550.0,2.549552991962983,-15.210249509375927,-3.7422885572139393,-9.049751243781117,0,10.87623050174524,10.475981092667926,23.58558562445682,3.2868028604107593,-6.0289053853208685,2.9929358078780828,-2.0741921142343607,-2.5715810490944415,0,0.038797644596127716,46.0,44.0,2.0,-6.330348258706479,-4.92154769194039,-8.768351958012687,0.09207457832124652,0.04776119402985057,0.055721393034825706,-0.00606965174129348,-0.0446768060836501
2018-08-15,1534305600,2018-08-24,1535083200,-0.25,9.582724438510919,10.660324178969413,10.1,10.53,10.09,10.52,97851400.0,10.41,10.46,10.39,10.41,23892500.0,4.339137841848611,-16.187360704480696,-3.5097662504002614,-8.671149535702853,0,13.76737269033466,10.205377937751434,28.408931304066115,9.317299336497214,-2.9111335262922893,2.552335516170095,4.648503990121206,0.5540270199157322,0,0.17293711611005524,22.0,44.0,-21.999999999999996,-5.924111431316035,-4.68613621496381,-9.476758228761966,0.05062310995319974,0.0,0.004803073967339255,-0.0019212295869356355,0.004826254826254983
2018-08-16,1534392000,2018-08-30,1535601600,0.25,9.582724438510919,10.660324178969413,10.53,10.61,9.989,10.05,114563550.0,9.728,9.808,9.644,9.68,28727300.0,10.149946163001061,-4.519780873744864,5.338154269972435,0.27513774104683364,0,0.9146307571593368,5.125977410946998,14.578287104348167,-9.674869493762984,4.748472512194013,2.7679230836342508,-1.710501203560586,-0.6505057370578518,0,-0.05424935686125463,6.000000000000007,44.00000000000001,-38.0,2.815082644628106,2.0731640341739705,-2.070911103388937,-0.08032805056000625,0.0049586776859504855,0.013223140495867813,-0.0037190082644628086,-0.007484876448272337
2018-08-17,1534478400,2018-09-05,1536120000,-0.75,9.131802660980279,10.660324178969413,10.1,10.27,10.01,10.21,36831500.0,9.582,9.63,9.466,9.558,36589450.0,11.228263675095533,-2.678357837054108,6.723861337797317,1.8671967636186224,0,-0.9515371524228442,-0.020920502092057196,5.286534535062699,-24.801318482915036,4.858692870172661,2.6354561678189956,-3.3174676449181497,0.8259847651716427,0,-0.2562525212169513,-6.0,40.0,-46.0,4.27495291902072,2.449150574705115,-0.7516909446815276,-0.11330475702595369,0.0025109855618330457,0.007532956685499137,-0.009625444653693305,0.0008376963350784639
2018-08-27,1535342400,2018-09-19,1537329600,-0.25,9.131802660980279,10.124146526156064,10.24,10.26,9.869,9.912,69779150.0,9.822,9.859,9.777,9.812,20561800.0,5.788681679294939,-5.074250370693235,2.2345087647778143,-1.542498980839781,0,2.939341909707572,-5.472061657032768,3.717308444817169,-1.0537750335866747,-1.277140100999759,2.1021990939227537,-7.845097065592572,-0.4939765482100407,0,0.2275958370728141,-46.0,-48.0,2.0,0.3572156543008447,-0.15255412120046685,-2.2923902411348394,-0.01575014967028547,0.0010191602119853371,0.004790052996331173,-0.00356706074194868,-0.0018311291963377663
2018-08-31,1535688000,2018-09-27,1538020800,0.25,9.131802660980279,10.047464475792628,9.6,9.631,9.44,9.504,42192050.0,9.381,9.48,9.287,9.308,22820500.0,7.681565411984323,-0.9787291421089748,5.355070906746889,1.3112376450365275,0,-7.110337146588243,-4.562698656823545,-12.6530531345623,0.2837337488164309,3.3649797356229527,2.261162853065182,-0.7690211097206365,-0.535729385681164,0,-0.016865061142589764,-42.0,-92.0,50.0,3.3514181349376884,3.1482816735814936,2.4993201421000606,-0.06397722549283437,0.00784271594327457,0.01847872797593464,-0.0022561237645035703,-0.005343022013250764
2018-09-06,1536206400,2018-10-01,1538366400,-0.75,8.833333839570338,10.047464475792628,9.59,9.649,9.525,9.621,40939300.0,8.939,9.177,8.92,8.939,50592450.0,13.043709083895806,0.8996850317770821,9.137860312488357,4.8431964798448774,0,-13.744721452933284,-5.944865319865315,-20.286009280399632,-17.333830267184794,6.090309424934844,2.409886251909136,1.960518665384452,-1.1547509549458037,-1,-0.23596618006952944,2.0,-48.0,50.0,6.971697057836451,6.20824548043781,6.276587029130411,-0.08349478033408403,0.0,0.02662490211433033,-0.0021255173956818973,-0.016611661166116565
2018-09-20,1537416000,2018-10-03,1538539200,-0.75,8.43483228741599,9.610493942066109,9.84,9.938,9.546,9.602,33774800.0,8.724,8.8,8.629,8.729,36370200.0,17.061218748569956,0.13662751102449988,10.96574636269905,6.4050864932981995,0,-16.873906470435813,-8.673362628164895,-29.016528724674885,-30.370346616443925,6.751585520027319,2.4950221474880037,5.747667021933474,0.8182877141378776,0,-0.36347717772711535,-6.0,-52.0,46.0,8.598923129797242,7.171673381120939,8.153270002104279,-0.10203643222330244,-0.0005728032993468357,0.008133806850727732,-0.011456065986940045,0.00022917382834863886
2018-09-28,1538107200,2018-10-09,1539057600,-0.25,8.43483228741599,9.226669361580976,9.236,9.246,9.073,9.09,48548150.0,8.979,9.115,8.921,8.942,25237450.0,13.220469941337782,-4.499825790141159,6.7542682472228535,2.305599045701939,0,-10.58367739582296,-8.428059395801334,-28.91213375754358,-14.60699941251029,1.9318352202244,2.418488538492919,6.017046024234151,-0.5806210788587941,0,-0.3058803913203273,-21.999999999999996,-52.0,30.0,4.3603220755983045,3.1724913285706435,4.787832156663455,-0.035278864334093024,0.004137776783717184,0.019346902259002485,-0.0023484679042720114,-0.0032326385018393022
2018-10-02,1538452800,2018-10-23,1540267200,0.25,8.43483228741599,9.226669361580976,8.96,9.014,8.715,8.727,47995300.0,8.594,8.708,8.567,8.686,29734750.0,6.808023081840915,-3.595957689255144,4.252053112287982,-0.7721237240002949,0,-11.3566755391494,-6.722508591065286,-34.804121527546286,-10.254461143816982,0.6999018430648789,2.5272872056472497,13.300746574667912,0.7741787212136725,0,0.1025331804754253,-46.0,-88.0,42.0,1.6060326962928855,1.9878668380342503,5.13574857931232,0.010450140672281005,-0.010591756850103717,0.0025328114206770724,-0.013700207230025296,0.007189239332096475
2018-10-04,1538625600,2018-10-24,1540353600,-0.75,8.010713479856578,9.226669361580976,8.79,8.957,8.78,8.955,45224650.0,8.653,8.688,8.231,8.26,47169150.0,11.587062814707878,0.7761333112000841,9.223163841807903,3.5936238902340563,0,-18.962715670962197,-11.733276341098533,-37.002600588097096,-18.841663155486415,5.361654925381629,2.862990459073644,14.577642627452825,-1.2268374341401798,0,-0.057447508321200054,-46.0,-96.0,50.0,6.181598062953981,6.557509603067828,10.143964525080548,-0.008093368179573068,0.04757869249394675,0.05181598062953996,-0.0035108958837771764,-0.04904443932765368
2018-10-10,1539144000,2018-10-29,1540785600,-0.25,8.010713479856578,8.86996164980564,8.919,8.934,8.666,8.684,32554200.0,8.87,9.078,8.726,8.817,44956550.0,2.6281553575236387,-5.12560346912619,1.7107103701183206,-4.071301652111458,1,-3.8394322907621685,-1.364805906700972,-25.138463146384776,-3.354621363517552,-2.18421446895249,2.959740745610635,12.476930515228048,1.2031335040882782,0,0.1070777148452237,-42.0,-80.0,38.0,-1.24872405580129,-0.47657494962481906,2.6653770975079,0.039776970312111914,0.0060111148916863755,0.029601905410003404,-0.010320970851763533,0.005588503649635035
2018-10-24,1540353600,2018-10-31,1540958400,0.75,8.010713479856578,9.368752506380458,8.653,8.688,8.231,8.26,47169150.0,9.298,9.416,9.108,9.207,63243300.0,0.11338141598602647,-9.905930563373857,-1.993410810615103,-7.88349444263423,0,3.9758206154340385,5.475999541757378,-10.529120872329111,11.395746249527,-5.401346286347007,3.033699831336336,8.439973198927262,-1.6407649986737582,0,0.20490387370149105,-46.0,-76.0,30.0,-4.8962745736939155,-3.8148800910955316,-1.5425297480093292,0.09851131415342945,0.00988378407733248,0.022700119474313052,-0.010752688172043001,-0.0030319436924741705
2018-10-25,1540440000,2018-11-16,1542344400,0.75,8.436382901311648,9.889860949039358,8.345,8.558,8.263,8.478,65269150.0,9.44,9.517,9.367,9.455,46710150.0,7.318422868221546,-11.826090768803283,0.5908690287325982,-5.153181738057484,0,4.255525417428551,10.313849025784627,18.9696639746378,18.541874503445413,0.3014786188515899,2.631176356888248,1.4146462378680056,1.2156290512705457,0,0.018278104227942883,30.0,48.0,-18.0,-2.2538339502908684,-1.0572559314438195,-2.099426546494527,0.026528316082388814,-0.0015864621893179054,0.006557377049180246,-0.009307244843997808,0.0009527842473004977
2018-10-30,1540872000,2018-11-20,1542690000,0.25,8.86996164980564,9.889860949039358,8.774,9.249,8.762,9.235,53041150.0,9.115,9.414,9.087,9.233,35973150.0,9.611565352270588,-8.075769836186964,3.8622332936207187,-2.331853135492267,0,-0.814658566188136,6.297490214137699,13.51289586390904,2.1824372759434283,3.19177658126371,2.7974985161863644,-1.1159860028241049,-0.9313683811319684,0,-0.049511703779394726,22.0,48.0,-26.0,0.7678977580417978,1.160364075551641,0.2692214801016206,-0.02021948021456793,-0.012780244774179605,0.019603595797682116,-0.015812845229069672,-0.009015777610818843
2018-11-01,1541044800,2018-11-23,1542949200,-0.25,8.913338309642992,9.889860949039358,9.24,9.568,9.146,9.452,41398050.0,9.34,9.521,9.34,9.428,11432800.0,5.353840010880077,-5.74310602700227,2.6168505161928977,-3.1362254278036943,0,3.348891769236239,11.205472988912492,12.045472846370089,-2.4472757656251787,1.0930348386470854,2.69846026501137,-3.924721355443701,0.29877113879370815,0,-0.07633608423060464,14.0,48.0,-34.0,-0.19463300806108919,-0.7656249044064083,-1.6670867612929214,-0.022874535662943368,-0.009333899024183356,0.00986423419601179,-0.009333899024183356,0.0003183023872679325
2018-11-19,1542603600,2018-11-26,1543208400,0.25,8.909065827053647,9.8368565841796,9.447,9.488,9.18,9.317,35367550.0,9.487,9.491,9.223,9.32,26045400.0,5.933273094106923,-3.4171786735060437,4.083154506437765,-1.5692060085836914,0,0.7967703703340234,6.2956204379562,10.392874817647055,-1.1752766875600997,2.2152742051234355,2.7401447265546715,-4.660198561952711,-0.680938824135406,0,-0.03161818288392781,10.0,48.0,-38.0,1.2580472103004325,0.3477012038824512,-0.506916193907287,-0.030225635357420955,0.017918454935622385,0.018347639484978417,-0.010407725321888384,-0.011455239711497756
2018-11-21,1542776400,2018-12-03,1543813200,-0.25,8.909065827053647,9.8368565841796,9.24,9.516,9.24,9.425,22293900.0,9.531,9.577,9.36,9.508,25383350.0,3.5068543524341607,-3.2460213696827793,2.7292806058056414,-2.449516196886833,1,3.254780813003549,-0.2099076406381334,11.229322445552842,-12.823290253655735,-0.24861415877514048,2.8119092575852833,-7.401262002070286,0.6689418757268973,0,-0.01859990249751439,-10.0,36.0,-46.0,0.13041649137571198,-0.7169030319681013,-1.891854528332587,-0.008891465399944579,0.002419015565839455,0.0072570466975179215,-0.015565839293226746,0.004649196956889146
2018-11-26,1543208400,2018-12-04,1543899600,0.25,8.875085493970294,9.823761565755355,9.487,9.491,9.223,9.32,26045400.0,9.48,9.662,9.298,9.367,28915900.0,5.075129991400956,-1.827558730591761,4.323689548414649,-1.0451585352834485,1,0.29906626079556986,-0.27680187373575854,9.197389490946739,-12.927910584930657,1.0464794047040584,2.9279326501439042,-8.415730400510704,-0.7633646026324501,0,-0.012099261873547554,-14.0,28.0,-42.0,1.6237856304045977,0.7035338522213124,-0.3987714272548999,-0.021071656378440218,0.01206362762890989,0.03149354115511893,-0.007366285897299152,-0.014829617164492825
2018-11-27,1543294800,2018-12-06,1544072400,-0.25,8.875085493970294,9.870614732189896,9.267,9.486,9.267,9.469,18795350.0,9.346,9.406,9.068,9.399,34206050.0,4.7144698297808105,-2.248250019162626,3.971344469269795,-1.5462637869276676,1,0.9494283563184993,-0.8857956342929599,7.8550767932201015,-12.485965879437636,0.4029344510472157,2.966404379954353,-8.471846084914826,0.895927837657254,0,0.10412190274341512,-18.0,28.0,-46.0,1.2331099053090924,0.32632666231660323,-0.7089392196410813,-0.026462626610887427,-0.005638897755080197,0.0007447600808598853,-0.03521651239493562,0.003416248532080557
2018-12-04,1543899600,2018-12-07,1544158800,0.25,8.858894725271695,9.870614732189896,9.48,9.662,9.298,9.367,28915900.0,9.42,9.597,9.256,9.349,37622700.0,5.245461736556351,-1.9114153144791146,4.573929475523215,-1.219203479873073,1,-0.12401366364755972,-2.104712041884822,6.301500936187568,-4.116959689417882,0.8993485071487868,3.0297820391293375,-9.37582911322072,-0.9806756380665749,0,0.06256116174721979,-21.999999999999996,-28.000000000000004,6.000000000000007,1.6670232110386252,0.7807086150449578,-0.17093715914866436,-0.0324883759951954,0.007594395122473063,0.02652690127286328,-0.009947587977323757,-0.005319714863283198
2018-12-06,1544072400,2018-12-13,1544677200,-0.25,8.858894725271695,9.88166330312431,9.346,9.406,9.068,9.399,34206050.0,9.474,9.516,9.32,9.455,17909000.0,2.5606348606706177,-2.6050558019714884,2.805217697867107,-2.985369293142952,1,1.9808643536912456,-2.485561056105607,4.992565112620034,2.5082520123311056,0.06595594110648051,2.8891500882272414,-12.33389438324132,0.485639889602005,0,0.12988750846803304,-38.0,-28.0,-10.0,-0.022210470650435354,-0.2311763724626843,-1.0963072366329811,-0.021306537406665597,0.002009518773135932,0.006451612903225712,-0.014278159703860371,0.0030765966475705397
2018-12-07,1544158800,2018-12-18,1545109200,0.25,8.858894725271695,9.88166330312431,9.42,9.597,9.256,9.349,37622700.0,8.958,9.015,8.776,8.876,35584250.0,10.42711528338431,0.7873957576251911,8.874117470331996,2.3768213910169607,1,-9.613001423133738,-6.123744050766796,-7.219894055830044,-11.22656136577745,5.421536216461391,3.164631728883433,-9.375257965533363,0.9716960293809279,0,-0.0648038152201628,-2.0,-48.0,46.0,5.607255520504765,4.889904814427325,4.861783454885256,-0.07908495078853851,0.009238395673726973,0.015660207300586038,-0.011266336187471748,0.0006764374295378239
2018-12-10,1544418000,2018-12-19,1545195600,-0.75,8.337891980488791,9.88166330312431,9.381,9.557,9.25,9.503,35647000.0,8.837,8.948,8.482,8.541,50885900.0,15.866759514807868,2.723569486480045,12.843929282285444,5.90680248214494,0,-14.780516988629984,-8.328861221423203,-13.073176115611135,-19.973272534237324,8.339372890787729,3.443562362490187,-7.368805297231241,-1.3856617789719978,-1,-0.19158178707069276,-6.0,-56.0,50.0,9.295164500643963,8.14643711578482,8.62278216797985,-0.10499811610949408,0.03465636342348666,0.04765249970729424,-0.006907856222924891,-0.037742226228030584
2018-12-14,1544763600,2018-12-21,1545368400,-0.75,7.755271760753169,9.368752506380458,9.38,9.444,9.106,9.157,40957850.0,8.03,8.142,7.814,7.888,55769850.0,29.290466952275608,3.9029914655742886,20.796357336037858,12.796864435429328,0,-22.163374386036352,-16.307692307692314,-28.06929009305487,-22.19000674004785,12.967540365003345,4.107335462629134,-1.626255369482415,-1.460569047297606,-1,-0.2580228260900267,-14.0,-64.0,50.0,16.59672920892494,14.136061811372997,16.321191079896295,-0.17674774612911642,0.018002028397565928,0.032200811359026416,-0.009381338742393441,-0.01584529008109803
2018-12-19,1545195600,2018-12-24,1545627600,-0.75,7.184951265164801,8.867298370973307,8.837,8.948,8.482,8.541,50885900.0,7.8,7.851,7.664,7.717,21948750.0,33.40876474794919,2.73481436310432,22.384778195326334,14.200250529134834,0,-23.74418491122364,-18.148069579974553,-34.03644113731173,-26.994421155429833,14.47291359431415,4.105801733462688,1.149624695612392,-0.5786888273607004,0,-0.2957270523997366,-18.0,-68.0,50.0,18.07178955552675,15.078027211376806,18.15761028407583,-0.19481522218030842,0.010755474925489228,0.01736426072307906,-0.006867953868083476,-0.02167849898580121
2018-12-20,1545282000,2018-12-27,1545886800,-0.25,7.184951265164801,8.342712220942369,8.458,8.493,7.833,8.015,75045300.0,8.088,8.291,8.004,8.291,30294100.0,23.921983704664825,-7.002432383955664,12.502713786033041,4.583283078036416,0,-11.253693429361022,-12.4405956278382,-32.82191532719103,-15.287197315405749,4.67146472988496,3.9023601717963388,2.766273188502275,0.803593926288764,0,-0.20528561504317447,-26.0,-68.0,42.0,8.45977566035458,5.637051484797269,9.129728076430993,-0.13146435527681335,-0.02448438065372105,0.0,-0.03461584851043309,0.02181414838550655
2018-12-24,1545627600,2019-01-03,1546491600,0.75,7.184951265164801,8.923222617738158,7.8,7.851,7.664,7.717,21948750.0,8.839,9.0,8.762,8.789,34941850.0,13.107085486538807,-12.639455494503338,3.9847157431637896,-3.4222702620700147,0,-2.384133928983559,-7.5620530079932635,-18.432172339184802,-9.793945072610576,-3.0855347913667686,3.6156429546128757,-2.481365321243924,-0.9406743723578922,0,-0.17359404463140174,-42.0,-68.0,26.0,0.2338149960177276,-0.5375702197858772,2.360296331542628,0.03167903479425124,0.0056889293434976285,0.0240072818295598,-0.003072021845488604,-0.008796661779632453
2018-12-26,1545800400,2019-01-04,1546578000,0.75,7.755271760753169,9.500395853964848,7.741,8.123,7.673,8.114,32934450.0,8.88,9.147,8.826,9.1,48548250.0,8.869469312224183,-15.546392389147258,0.17765567765570722,-6.92893772893774,0,2.389656659851525,-2.8504323689548543,-13.582618074411215,-6.491384309138908,-6.239007749968991,3.523646130810074,-3.49949625085258,1.2942790006259683,0,-0.11602537754518352,-46.0,-68.0,22.0,-3.33846153846153,-3.561849233763809,-1.0933256228431674,0.06869379475385509,-0.02417582417582409,0.005164835164835235,-0.03010989010989007,0.035385140516554836
2018-12-28,1545973200,2019-01-09,1547010000,0.75,8.342712220942369,10.118628144746776,8.302,8.6,8.302,8.484,37062650.0,9.944,10.11,9.825,9.97,40741500.0,1.9391867364198134,-24.112707298104922,-7.838348378468737,-14.550484787696448,0,12.60211482949213,4.914237609176055,7.320345934161362,18.008261442423247,-12.44174520086193,3.367507771106563,-1.1368232739886892,1.0846403358310468,0,0.15292724015449646,50.0,40.0,10.0,-11.08676028084254,-9.099378769489718,-8.730001254668323,0.2007780913312535,-0.002607823470411219,0.014042126379137265,-0.014543630892678183,0.0023122549512417656
2019-01-04,1546578000,2019-01-11,1547182800,0.75,8.923222617738158,10.71669445044936,8.88,9.147,8.826,9.1,48548250.0,10.15,10.27,10.08,10.14,41310550.0,2.8055713613087505,-26.523520079257466,-8.700197238658788,-15.290927021696248,0,13.896326093991213,7.57479312539784,16.737802337212102,37.77429540513738,-10.889201276039827,3.1765058913831754,1.1376183454715125,-1.1262972148357568,0,0.34007024486249154,46.0,44.0,2.0,-11.858974358974365,-8.653725638293878,-9.452649759734797,0.21777435550740687,0.0009861932938854956,0.012820512820512775,-0.00591715976331364,-0.004906771344455274
2019-01-07,1546837200,2019-01-14,1547442000,0.25,9.500395853964848,10.71669445044936,9.092,9.718,9.078,9.703,54149300.0,10.06,10.22,9.995,10.04,45648750.0,4.731602846482488,-26.11108491819563,-7.450365205843283,-14.135624169986727,0,12.091212312060428,6.187202538339493,19.14812280365932,37.47592167145747,-8.01759533275208,3.139065214870022,1.857152934870772,-1.2496116927218979,0,0.35228702224754005,42.0,44.0,-2.0,-10.68974103585657,-7.006387694335487,-8.215458869662172,0.19842530518952506,0.0019920318725101804,0.017928286852589848,-0.004482071713147406,-0.009861932938856177
2019-01-10,1547096400,2019-01-24,1548306000,-0.25,9.551336279115466,10.71669445044936,9.916,10.2,9.913,10.19,44388500.0,10.43,10.72,10.37,10.67,42177200.0,5.558376014159535,-24.704580325312293,-7.108872227428932,-12.786472977194634,0,18.06721840233405,38.26616560839705,33.29654634646483,34.73502992719871,-5.570915293969918,2.813614342212907,7.29039063212506,1.1330122757592183,0,0.21925828456908072,50.0,80.0,-30.0,-9.573102155576379,-7.442064444547995,-10.935976962257001,0.09635563207113762,-0.022492970946579205,0.004686035613870709,-0.028116213683224034,0.023010546500479512
2019-01-14,1547442000,2019-01-25,1548392400,0.75,9.551336279115466,11.217897449786589,10.06,10.22,9.995,10.04,45648750.0,10.76,10.88,10.71,10.87,34473850.0,4.158071883146832,-24.096434348648216,-7.635847899417342,-12.951395277522238,0,20.052240518912413,33.96598471777173,35.95343191588131,34.5748763961376,-6.148401088301085,2.702565681484771,8.539116763793672,0.9318172204215198,0,0.2178978030409729,50.0,84.0,-34.0,-9.969181232750685,-8.274104020866574,-12.081564361666082,0.09931321411614674,-0.010119595216191324,0.0009199632014720294,-0.014719411223550916,0.018744142455482615
2019-01-15,1547528400,2019-02-06,1549429200,0.25,10.118628144746776,11.217897449786589,10.06,10.34,10.0,10.29,36770450.0,10.55,10.61,10.38,10.52,63597400.0,3.4304347681758145,-5.188989901255653,1.3377693282636187,-3.1745880861850253,0,11.713635698429677,5.760530813310551,31.730598686895974,2.349870193314487,0.006102399900640876,2.4312153590729846,5.411269846063842,-1.7519773566952719,0,-0.012896239669797685,18.0,60.0,-42.0,-0.879277566539912,-2.0808101101998204,-6.502529937868857,-0.04194508967908278,0.0028517110266161882,0.008555133079847899,-0.013307984790874361,-0.0009496676163343043
2019-01-25,1548392400,2019-02-07,1549515600,-0.25,10.168528304539347,11.322318750341763,10.76,10.88,10.71,10.87,34473850.0,11.4,12.12,11.33,11.72,222362750.0,-4.449610329986768,-16.11352960175384,-8.073947667804333,-12.555176336746314,0,24.47226431720388,17.552657973921765,37.02878593608472,16.112604497623266,-6.880118964263488,3.0015420069894034,7.454794301731226,5.487869948469055,0,-0.03343729375159289,50.0,96.0,-46.0,-10.281569965870304,-10.953649946476276,-15.445232102611001,0.026734057383235088,-0.027303754266211677,0.03412969283276435,-0.03327645051194539,0.11406844106463887
2019-01-28,1548651600,2019-02-08,1549602000,0.75,10.168528304539347,11.945009387722356,10.82,10.85,10.64,10.64,30603050.0,11.66,11.84,11.57,11.66,45362200.0,-2.082812408488479,-16.29626134794377,-6.926815323041751,-11.416523727844492,0,23.188605116958612,14.42590775269873,40.31210383644254,15.824916281511861,-5.6101060125594415,2.966888876408389,9.352352724850938,-1.1089568121873723,0,-0.019510548435863317,46.0,92.0,-46.0,-9.189536878216131,-9.495870171041972,-14.42149781705082,0.06124753369261937,0.0,0.015437392795883298,-0.007718696397941649,-0.005119453924914752
2019-02-07,1549515600,2019-02-11,1549861200,0.75,10.689113448547278,12.588793551004335,11.4,12.12,11.33,11.72,222362750.0,11.68,12.17,11.68,12.07,79791450.0,-2.9926504785385504,-19.956810996192203,-9.214305440486058,-13.800055233360965,0,26.14609741026392,19.03353057199211,44.386518313670656,17.626318071996906,-7.570404955248151,2.9631969220380143,11.44516767223761,1.8941495178706755,0,0.029365788911597066,50.0,96.0,-46.0,-11.474730737365377,-11.373003028731759,-16.64892467598132,0.10239208249006182,-0.03231151615575811,0.008285004142501995,-0.03231151615575811,0.03516295025728988
2019-02-08,1549602000,2019-02-12,1549947600,0.25,11.295781236103375,12.588793551004335,11.66,11.84,11.57,11.66,45362200.0,12.16,12.25,11.85,11.87,50356150.0,0.06352882203945853,-18.488128653547435,-6.808480763830389,-11.618927267621444,0,22.064340268304363,18.227091633466138,45.48252928594441,17.786588562533154,-5.104507630549975,3.03860409818862,13.462902408186856,-1.1866548620514297,0,0.013608945067685098,46.0,92.0,-46.0,-9.212299915754002,-8.938784388731307,-14.646701225887682,0.10637384662513283,0.02443133951137333,0.03201347935973042,-0.0016849199663016012,-0.016570008285004212
2019-02-11,1549861200,2019-02-22,1550811600,-0.25,11.295781236103375,12.588793551004335,11.68,12.17,11.68,12.07,79791450.0,12.01,12.04,11.92,12.0,14966450.0,5.886179608495397,-16.72784627516208,-3.256944444444457,-7.548611111111114,0,20.444054653589916,12.46485473289597,47.326577770004896,18.782410515895336,-2.9311834626384154,2.4357835499417364,22.731934869032635,-0.36355164067117396,0,-0.01697411820083239,34.0,76.0,-42.0,-5.4208333333333485,-4.847099902200327,-11.724919168469228,0.005679120016521377,0.0008333333333332416,0.0033333333333331883,-0.00666666666666671,-0.0016638935108153063
2019-02-12,1549947600,2019-02-25,1551070800,0.25,11.295781236103375,12.573578385654267,12.16,12.25,11.85,11.87,50356150.0,12.02,12.09,11.88,11.93,28144700.0,6.983120458455289,-15.826372763568457,-2.1919530595138355,-6.542330259849109,0,18.7714407587558,9.751609935602582,46.26017814779923,14.647322877015085,-1.8686855997155476,2.4008036989037884,23.56987515671019,-0.6813234553249791,0,-0.013906844332248989,30.0,76.0,-46.0,-4.421626152556584,-3.8803288137216043,-10.767471148792623,-0.016233839702698982,0.007544006705783701,0.013411567476948827,-0.004191114836546439,-0.005833333333333357
2019-02-13,1550034000,2019-03-11,1552276800,-0.25,11.429460801419756,12.573578385654267,11.87,12.07,11.87,11.99,26124700.0,12.32,12.37,12.26,12.34,29253750.0,0.6069797387954878,-4.318487032150415,-0.21880064829822743,-3.6142625607779593,1,20.15788204565321,5.83190394511149,44.234267912901245,16.854830014913574,-1.5592283522617265,1.8443706245494134,29.122039287928047,0.7552194463828077,0,0.2390500164242549,30.0,68.0,-38.0,-1.8557536466774565,-3.0839523987427526,-9.49779698830092,-0.0507583275560447,-0.0016207455429497752,0.002431118314424552,-0.00648298217179899,0.0008110300081103361
2019-02-25,1551070800,2019-03-15,1552622400,0.75,11.429460801419756,12.870999563619336,12.02,12.09,11.88,11.93,28144700.0,12.87,12.93,12.75,12.78,32154550.0,0.3456652058174541,-8.491205111920735,-2.6956181533646344,-5.5751173708920305,0,23.634223149903278,5.7071960297766715,48.89297608458371,36.052227353624886,-3.2533700117126614,1.7692444684541218,31.60165617296547,-0.8337862541975133,0,0.2709499074811197,46.0,92.0,-46.0,-4.0727699530516475,-4.3679701315822115,-10.782675487800645,-0.004446908192304311,0.007042253521126751,0.011737089201877993,-0.0023474178403755097,-0.005447470817120603
2019-02-26,1551157200,2019-03-18,1552881600,0.75,11.945009387722356,13.293925347033722,11.9,12.04,11.89,11.99,24240200.0,12.86,13.13,12.82,13.12,45133850.0,-1.0472821986471246,-11.307900728182133,-4.815802845528438,-7.727388211382106,0,26.9653371147444,8.25082508250825,50.77443717258247,36.863899475274536,-5.032024555095049,1.790844272588022,32.58223214385698,1.1641935146049587,1,0.34035133072782514,50.0,92.0,-42.0,-6.177591463414629,-6.194216417504322,-12.58119178020462,0.014080111171224152,-0.01981707317073167,0.0007621951219514145,-0.02286585365853655,0.026604068857589924
2019-03-12,1552363200,2019-03-25,1553486400,0.75,12.443018789289056,13.735499288775653,12.37,12.71,12.37,12.62,41695700.0,13.4,13.58,13.15,13.54,36202100.0,1.070665476272353,-13.980562078931115,-4.995076317085193,-8.207779419005405,0,30.465649159593568,13.495389773679795,59.790840962256354,25.39424318819998,-4.732124589125334,1.894815310590719,36.92646194584304,0.9706068238441956,0,0.25207921592758425,50.0,80.0,-30.0,-6.454948301329395,-5.882707354108845,-12.696569821635364,0.0402655584202235,-0.010339734121122546,0.002954209748892156,-0.028803545051698576,0.008190618019359608
2019-03-18,1552881600,2019-03-28,1553745600,0.75,12.870999563619336,14.20546050573731,12.86,13.13,12.82,13.12,45133850.0,13.95,14.06,13.88,14.05,25040050.0,0.7285430261467525,-16.40114089091543,-6.372479240806655,-9.618030842230127,0,34.077798628144365,15.637860082304531,66.33197486007866,34.92141410921616,-5.992663694581296,1.8165493674704078,37.5953682062846,0.6804021211982879,0,0.31177167972300457,50.0,92.0,-42.0,-7.836298932384338,-7.0922072941586976,-14.164993399710468,0.06218335260360297,-0.007117437722420017,0.000711743772241924,-0.012099644128113818,0.006446991404011504
2019-03-19,1552968000,2019-03-29,1553832000,0.75,13.293925347033722,14.659051173982487,13.14,13.44,13.06,13.32,47306950.0,14.09,14.23,14.02,14.21,41290150.0,0.7893593512332586,-17.144039154188903,-6.725310813980784,-9.962467745718968,0,35.05249109486806,16.189697465249388,68.44302086829659,35.45792790602758,-6.082294531712634,1.773362531258018,38.10639939045804,1.1134347208727182,1,0.3465032983988464,50.0,96.0,-46.0,-8.177339901477822,-7.363240967714447,-14.538076894248292,0.06702617188711502,-0.008444757213230236,0.0014074595355382247,-0.013370865587614467,0.011387900355871894
2019-03-26,1553572800,2019-04-05,1554436800,0.25,13.735499288775653,14.659051173982487,13.6,13.86,13.57,13.78,38130900.0,14.07,14.19,14.02,14.17,40820800.0,3.5345546833795254,-12.969981641742294,-3.2168901434956467,-6.590214067278282,0,30.95458265208849,14.922952149229522,67.84056408481119,15.005816037600425,-2.623468868913079,1.7113331792003237,38.27774054296365,1.1496674957516366,0,0.3393642510334472,30.0,64.0,-34.0,-4.717713479181384,-4.461314915222786,-11.778191115190722,-0.007250390215952862,-0.007057163020465773,0.0014114326040930436,-0.010585744530698715,0.007107320540156392
2019-03-29,1553832000,2019-04-10,1554868800,-0.25,13.73669774236679,14.659051173982487,14.09,14.23,14.02,14.21,41290150.0,14.24,14.39,14.22,14.38,23967450.0,2.423199541347671,-11.039333060123724,-2.831478905887792,-6.113815484469171,0,30.582686184099288,12.87284144427002,66.5487253722696,14.212323536660364,-2.7455248762707924,1.613872719514041,38.08026940684597,0.6804051012817078,0,0.38842891973699306,50.0,96.0,-46.0,-4.308066759388026,-4.488195393995866,-11.656002723420016,-0.02391252963911361,-0.009735744089012566,0.0006954102920722072,-0.011126564673157202,0.011963406052075909
2019-04-01,1554091200,2019-04-11,1554955200,0.25,13.73669774236679,14.632632243517943,14.26,14.31,13.94,14.11,35546800.0,14.24,14.26,14.1,14.15,43791000.0,3.9665345683810784,-8.553107006543627,-0.7667844522968323,-4.109540636042411,0,22.882461674871507,10.116731517509733,62.549601879710245,12.288181405310397,-0.7738163793003991,1.6642976586873044,37.03010689725879,-1.2269160003395725,0,0.35971706747317417,46.0,92.0,-46.0,-2.293286219081267,-2.6561155831988685,-9.81923735741178,-0.042685850704067385,0.006360424028268641,0.007773851590106018,-0.0035335689045936647,-0.01599443671766343
2019-04-08,1554696000,2019-04-15,1555300800,-0.25,13.781563892069654,14.632632243517943,14.16,14.33,14.16,14.29,30108800.0,14.24,14.29,14.17,14.25,14244150.0,2.7489179645203308,-6.882251297853642,-0.6140350877193015,-3.78596491228069,0,24.018704135757403,8.612804878048786,57.570429213893306,16.174745940963433,-0.7800805946302347,1.5595840336920457,35.42573910017078,0.40332062686646025,0,0.3055402015191596,38.0,84.0,-46.0,-2.066666666666663,-2.733474450621358,-9.648387404744767,-0.057891526253946,-0.00070175438596487,0.00280701754385948,-0.0056140350877192935,0.0
2019-04-11,1554955200,2019-04-16,1555387200,0.25,13.781563892069654,14.619650218428706,14.24,14.26,14.1,14.15,43791000.0,14.33,14.33,14.1,14.13,25417800.0,3.4693865439142257,-5.366060287721723,0.500117952347253,-2.592592592592581,0,20.112539999726962,6.081081081081085,53.949582042042785,8.839256587140255,0.21167163620170015,1.5767513003814146,34.071044625877065,-0.7215064928856907,0,0.23772122677267046,34.0,80.0,-46.0,-0.9483368719037486,-1.7257716021492229,-8.532792841490135,-0.07165251331506761,0.01415428167020516,0.01415428167020516,-0.002123142250530896,-0.008421052631578885
2019-04-12,1555041600,2019-04-17,1555473600,-0.75,13.380615148954934,14.619650218428706,14.15,14.31,14.15,14.25,21573050.0,13.98,14.0,13.73,13.76,44139550.0,5.904755554243309,-2.1547555542432946,3.4181201550387783,0.17684108527132025,0,9.859775797962556,3.3033033033032995,45.66242506488208,0.17199816311791238,2.7273203430143695,1.7111370762409788,30.261885600901294,-1.23628899790725,0,0.09398077601032329,30.0,72.0,-42.0,1.875,0.829464624761215,-5.83511425510504,-0.10461910018578535,0.015988372093023395,0.01744186046511631,-0.0021802325581394832,-0.026185421089879757
2019-04-16,1555387200,2019-04-24,1556078400,-0.25,13.380615148954934,14.231400123109998,14.33,14.33,14.1,14.13,25417800.0,14.11,14.29,13.98,14.2,60169400.0,1.3191359090892547,-2.389558444300505,0.8333333333333286,-2.1384976525821457,1,16.409514485418967,3.047895500725689,32.97757948363906,17.519059040457307,-0.6350995867786793,1.6682268828623628,19.62231095103165,1.9755299107305702,1,0.1890191723451715,14.0,60.0,-46.0,-0.5352112676056322,-1.8214596462474049,-7.5906953992702455,-0.08997264807296851,-0.006338028169014076,0.006338028169013965,-0.015492957746478742,0.010676156583629748
2019-04-17,1555473600,2019-05-01,1556683200,0.25,13.267059273828654,14.231400123109998,13.98,14.0,13.73,13.76,44139550.0,13.78,13.95,13.71,13.77,21341350.0,5.446623093684792,-1.9317356572287139,3.6310820624546096,-0.2033405954974512,0,5.728948299276112,-2.340425531914894,9.83612278085691,-7.531090205891985,0.7711432093922923,2.1516796559170484,11.704179494139545,0.665083407059741,0,0.014351066157761555,-6.0,-44.0,38.0,1.757443718228032,0.41414998912290457,-4.019026791001679,-0.11377785478904096,0.000726216412490821,0.013071895424836555,-0.004357298474945481,0.0007267441860465684
2019-04-18,1555560000,2019-05-10,1557460800,-0.25,13.267059273828654,14.358793805262787,13.9,14.0,13.74,14.0,35423050.0,14.06,14.17,13.87,14.11,29284750.0,2.7138132059313875,-4.223380888426064,1.2934089298369855,-3.036853295535053,0,8.527192696774264,-0.2826855123674977,13.95239971887174,-5.9917099794617315,-1.5151435303537681,2.1114893978876217,1.3123361055446985,0.9098703930835216,0,0.1770077381731676,-34.0,-44.0,10.0,-0.7547838412473453,-0.7964566436830012,-4.681287768965731,-0.015548774935562476,-0.003543586109142405,0.00425230333097093,-0.01700921332388383,0.0007092198581559739
2019-04-25,1556164800,2019-05-13,1557720000,0.25,13.242173222528196,14.358793805262787,14.22,14.27,13.17,13.56,118197700.0,13.95,13.97,13.61,13.75,25470950.0,5.207830259196626,-1.8841938955602444,3.8509090909090844,-0.7381818181818289,1,1.092240391860237,-3.508771929824561,10.39193076596655,-11.253915537238107,0.9708907426258122,2.2717428584650725,0.12804983572025463,-0.7915715412581721,0,0.13786710603001764,-38.0,-44.00000000000001,6.000000000000007,1.661818181818191,1.6293608256104761,-2.0999580043995962,-0.040358398169249715,0.014545454545454417,0.016000000000000014,-0.01018181818181818,-0.02551381998582558
2019-05-02,1556769600,2019-05-22,1558497600,-0.25,13.242173222528196,14.383096197649113,13.75,14.18,13.72,14.16,32032850.0,14.3,14.37,14.09,14.12,34800400.0,3.094475425615258,-4.362180808051548,1.6772898961284284,-3.0323418319169093,0,5.296955178559507,-0.5633802816901414,11.970192925399061,-1.163702137661879,0.29169249145371623,2.083544503645195,-5.160294464686896,-1.0946493400346913,0,0.009045856565925338,42.0,64.0,-21.999999999999996,-0.6338526912181379,-0.16584878878386178,-3.3659293006181485,-0.004390811368678374,0.012747875354107707,0.01770538243626052,-0.0021246458923512845,-0.012587412587412694
2019-05-13,1557720000,2019-05-31,1559275200,0.25,13.184129742598014,14.383096197649113,13.95,13.97,13.61,13.75,25470950.0,13.26,13.38,13.15,13.2,33999650.0,11.356162614885505,-0.31828382700670943,7.7739898989899245,3.198232323232304,0,-7.429525355525449,-6.7796610169491585,-10.55591692249306,-8.479008343256638,4.156331884347225,2.6247672120307053,-2.4308449596977475,-1.0448602778478029,0,-0.12110916335580262,18.0,-32.0,50.0,5.518939393939391,4.354483504268458,2.94894275355324,-0.10778579500285725,0.00454545454545463,0.013636363636363669,-0.0037878787878786735,-0.026548672566371723
2019-05-14,1557806400,2019-06-03,1559534400,-0.75,12.524031102275124,14.383096197649113,13.81,14.18,13.74,14.06,26094850.0,13.18,13.36,12.73,12.83,32961750.0,15.015775488812451,1.0481372157861841,10.606651078202134,5.524811639386854,0,-11.459378403589277,-9.584214235377022,-14.639569175272587,-9.010562075688448,6.692370448141176,2.8583122903043585,-1.1686370969013282,-1.0117937392385594,0,-0.15749733512629782,14.0,-36.0,50.0,8.031956352299318,6.662600537692626,5.685779611202662,-0.13189273095840345,0.02727981293842552,0.04130943102104445,-0.0077942322681215925,-0.02803030303030296
2019-05-23,1558584000,2019-06-06,1559793600,-0.25,12.524031102275124,13.858792765754982,13.64,13.74,13.12,13.34,76426800.0,13.72,13.88,13.55,13.84,31448500.0,5.858579745135415,-7.245862982129637,1.637764932562618,-3.1093448940269752,0,2.3371818422250996,-2.4665257223396733,-11.301885068359931,-7.965920065566216,-2.117761820492376,2.833157426662824,-0.17371343058639255,0.9574446255506635,0,0.0028010286449854133,2.0,-36.0,38.0,-0.6936416184971108,-1.5420163520628876,-2.1178965494532633,-0.03942355510875173,-0.00867052023121384,0.0028901734104047616,-0.020953757225433467,0.0453172205438066
2019-06-03,1559534400,2019-06-10,1560139200,0.75,12.524031102275124,14.572032074018779,13.18,13.36,12.73,12.83,32961750.0,14.33,14.6,14.3,14.41,28342550.0,2.0964695379246336,-11.062465374149468,-2.18366874855424,-6.819338422391866,0,8.24706157629921,2.1261516654854766,-1.7429493584508275,-7.335060546213413,-5.971543020518226,2.7516470615173985,-1.7979617088892432,0.8633741623221591,0,0.007265360210585781,50.0,20.0,30.0,-4.482997918112417,-4.575948577350175,-5.584046798711228,0.07314361699828703,-0.005551700208188737,0.013185287994448291,-0.007633587786259555,0.014788732394366289
2019-06-04,1559620800,2019-06-20,1561003200,0.75,13.184129742598014,15.266916987776849,12.98,13.31,12.96,13.24,44112100.0,14.84,14.85,14.65,14.78,19495500.0,3.727465799244982,-14.519076083412756,-3.190121786197551,-7.7232746955345135,0,10.443565567570829,4.6742209631728056,17.327203432013533,16.580478509472954,-4.9704874903642775,2.3661858773988884,-0.014139176968296141,0.6266838985585675,0,0.22387215193740145,34.0,36.0,-2.0,-5.395805142083887,-3.4090931304951226,-5.918632576207088,0.09691580576561715,0.004059539918809252,0.0047361299052774974,-0.008795669824086527,0.0033944331296673624
2019-06-07,1559880000,2019-06-24,1561348800,0.25,13.858792765754982,15.266916987776849,13.96,14.29,13.96,14.2,31495850.0,14.54,14.62,14.41,14.48,20366650.0,6.357213986114246,-11.550584151860122,-0.49033149171270907,-4.820441988950279,0,5.648231607077065,9.283018867924532,16.088114131363987,9.254831522689535,-1.0756837988786287,2.3006068920835525,-0.9582785736830886,-0.665647930350727,0,0.151965345943158,26.0,36.0,-10.0,-2.5966850828729378,-1.1167940023939877,-3.6485970157221175,0.04011956281085882,0.004143646408839796,0.00966850828729271,-0.004834254143646466,-0.004126547455295615
2019-06-11,1560225600,2019-06-25,1561435200,-0.25,13.95535341825438,15.266916987776849,14.41,14.61,14.36,14.58,24578450.0,14.68,14.8,14.55,14.66,25459300.0,5.412297582407803,-12.274507677905731,-1.3551614370168323,-5.5434288312869455,0,7.848319775597304,7.794117647058828,16.288100455260057,12.481335788873345,-1.0372752408070056,2.2659629768359384,-1.1237785454362843,0.8299837764028734,0,0.0698739028748701,22.0,36.0,-14.0,-3.4311050477489573,-2.1089208274496087,-4.642153592000568,0.030574367534075525,0.0013642564802183177,0.009549795361528002,-0.007503410641200525,0.012430939226519389
2019-06-21,1561089600,2019-06-27,1561608000,0.25,13.95535341825438,15.169974384346245,14.79,14.79,14.54,14.54,21779050.0,14.61,14.61,14.41,14.48,21143200.0,6.926950477391685,-9.931094123800548,0.6065837937385083,-3.550874769797403,0,4.921811774251637,6.784660766961652,14.815043406518008,-2.6319360896704964,1.0264890900205046,2.2095973029759937,-2.3275642320417695,-0.6907545164718385,0,-0.09579756902347289,14.0,36.0,-21.999999999999996,-1.5020718232044317,-0.688565248850324,-3.172748739663632,-0.003178483391248932,0.008977900552486151,0.008977900552486151,-0.004834254143646466,-0.004810996563573866
2019-06-25,1561435200,2019-06-28,1561694400,-0.25,13.979514214428988,15.169974384346245,14.68,14.8,14.55,14.66,25459300.0,14.46,14.66,14.41,14.66,29438350.0,5.486325890933415,-9.913338169241698,-0.1671214188267527,-4.287175989085938,0,7.269038801167085,11.060606060606068,14.951559278040206,-2.392704121591464,-0.12490891141318627,2.148385287040543,-2.8237365677641826,0.9710876104707057,0,0.028025675530692868,10.0,36.0,-26.0,-2.2135061391541484,-1.7262329346576308,-4.190579522464944,-0.004225994851937309,-0.013642564802182733,0.0,-0.017053206002728527,0.012430939226519389
2019-06-26,1561521600,2019-07-02,1562040000,0.25,13.979514214428988,15.138947983563037,14.7,14.76,14.47,14.55,15238400.0,14.52,14.59,14.34,14.46,16451100.0,5.060815293501975,-4.777274491289006,2.0873674504379807,-1.8199631166436205,0,3.9407814742053517,9.214501510574022,12.93899792135374,-10.054712943869468,1.175279392956611,2.157503628607569,-3.3945935661915208,-0.5513572166426219,0,-0.08874241929814634,2.0,36.0,-34.0,0.1417704011064842,-0.2706149281576131,-2.6320545883832978,-0.02761042629567506,0.004149377593360981,0.008990318118948792,-0.008298755186722073,-0.003445899379738049
2019-06-28,1561694400,2019-07-12,1562904000,-0.25,14.00189587229911,15.138947983563037,14.46,14.66,14.41,14.66,29438350.0,14.88,15.07,14.83,15.02,34430050.0,0.037483992769594465,-4.351731662543202,-0.4083444296493468,-3.9103417665334916,1,10.391182756847925,2.525597269624568,17.81177579262676,14.852511504330408,-2.0658181594654224,1.9421983148564494,-0.5487109037360902,1.3287118309942751,1,0.11072771577361598,50.0,96.0,-46.0,-2.1571238348868036,-2.4851221362488616,-4.992189948760753,0.009550493981187125,-0.009320905459387352,0.0033288948069241098,-0.012649800266311573,0.014864864864864824
2019-07-01,1561953600,2019-07-16,1563249600,0.75,14.00189587229911,15.64920501338745,14.77,14.81,14.47,14.51,20522400.0,15.17,15.3,15.16,15.24,20975250.0,-0.26926788257914325,-6.213671749966778,-1.6338582677165334,-4.947506561679788,0,13.169585296521305,4.169514695830482,21.55836159684167,22.068557047307635,-2.874347523496567,1.8336002726663576,1.5452552761786045,0.8149268893995574,0,0.2364859190863378,50.0,36.0,14.0,-3.241469816272968,-3.2092534489158027,-5.884256256324747,0.03193480852895764,-0.0045931758530184386,0.003937007874015741,-0.005249343832021025,0.0026315789473685403
2019-07-03,1562126400,2019-07-17,1563336000,0.25,14.572032074018779,15.64920501338745,14.44,14.69,14.43,14.62,12254250.0,15.21,15.24,15.03,15.05,15163800.0,1.2310417027681524,-5.005128081505703,-0.27242524916944433,-3.561461794019934,0,9.231343159959735,2.730375426621163,21.375529127553,21.9546101582617,-1.466693170869604,1.8237915805441807,1.827218212491239,-0.5952926818391097,0,0.21748201715462148,46.0,36.0,10.0,-1.8870431893687822,-1.7980428054676878,-4.511923916322161,0.021510031085059056,0.010631229235880335,0.012624584717607856,-0.0013289036544851252,-0.01246719160104981
2019-07-15,1563163200,2019-07-18,1563422400,-0.25,14.632839476128055,15.64920501338745,15.08,15.21,14.94,15.2,24937650.0,15.06,15.32,15.02,15.28,25190550.0,0.2152803676374475,-6.5830814147578565,-1.5826788830715515,-4.835296684118646,0,12.231697094902906,3.733876442634073,22.527221796897496,29.563389058131634,-2.5776985188888943,1.8082686178640104,2.327243180110294,0.9882046870478224,0,0.3001303636488713,50.0,43.99999999999999,6.000000000000007,-3.1839005235601974,-2.964193281673772,-5.715940730022268,0.026625124341842304,-0.014397905759162222,0.002617801047120505,-0.017015706806282727,0.015282392026577885
2019-07-17,1563336000,2019-07-23,1563854400,0.25,14.608511714687106,15.62425081595479,15.21,15.24,15.03,15.05,15163800.0,14.92,14.94,14.56,14.79,47160800.0,3.566276986854433,-2.9983256683960064,2.0960108181203623,-1.5618661257606306,0,3.251292531632359,2.1408839779005437,15.67439524895668,6.201710446821366,1.0782633749126092,1.988082593250938,-0.7514259874564324,-1.812616666481539,0,0.17142117616905772,38.0,44.0,-6.0,0.2839756592292133,0.2943938511998425,-2.2495427567925788,-0.035514333807744686,0.008789722785666143,0.01014198782961473,-0.015551048005408963,-0.004040404040404066
2019-07-18,1563422400,2019-07-26,1564113600,-0.25,14.608511714687106,15.746938581274504,15.06,15.32,15.02,15.28,25190550.0,15.66,15.71,15.51,15.6,26643550.0,0.2234740293289832,-8.133730439585378,-2.160256410256409,-5.891025641025635,0,13.229944556221767,7.734806629834249,21.88988423508383,15.347090838087496,-2.785675229668385,2.097537288688993,1.5152351058066706,0.9722585969835025,0,0.12961125444734528,50.0,68.0,-18.0,-3.9551282051282044,-3.6864846141292418,-6.51798848935951,0.036453216278849315,0.0038461538461538325,0.007051282051282026,-0.005769230769230749,0.003215434083601254
2019-07-19,1563508800,2019-08-02,1564718400,0.75,14.608511714687106,16.37614216117667,15.28,15.31,14.87,14.93,28019050.0,15.8,16.02,15.55,15.84,20650750.0,2.3970838433315294,-8.918548489796194,-1.337331649831654,-5.346170033670035,0,12.446630324245568,7.099391480730229,28.339204904295308,8.175606165475983,-2.3033178155722,2.201087139309686,4.38009889567736,0.7463399409064799,0,0.13966407207181936,34.0,72.0,-38.0,-3.2607323232323324,-2.844421271038968,-6.356075216119066,0.046245239076451006,-0.002525252525252486,0.011363636363636243,-0.018308080808080773,0.00189753320683117
2019-07-24,1563940800,2019-08-05,1564977600,0.25,15.108905613625954,16.37614216117667,15.21,15.79,15.08,15.56,80289450.0,15.68,15.72,15.41,15.6,29510600.0,4.127515956968992,-7.274951854404904,0.3814102564102484,-3.66987179487181,0,8.24164427242873,4.138851802403199,26.245770960004723,2.463818480556455,-0.6861784018535246,2.272197178235579,3.3397321158747886,-1.1039825688774225,0,0.14512539969118313,30.0,72.0,-42.0,-1.573717948717956,-1.2211752922218722,-4.722638687459735,0.015325064831679225,0.00512820512820511,0.007692307692307665,-0.012179487179487136,-0.015151515151515138
2019-07-29,1564372800,2019-08-16,1565928000,-0.25,15.108905613625954,16.38825490837673,15.82,16.24,15.7,16.18,49965650.0,16.26,16.37,16.11,16.34,17462750.0,2.415101377365602,-8.284134425101215,-1.0373317013464174,-5.2172582619338925,0,12.45924550336531,9.444072337575353,26.158327420682088,6.442644347739289,-2.062318252348007,2.110738469077195,3.97036187859349,0.7084602103000303,0,0.2957285725537172,30.0,52.0,-21.999999999999996,-2.934516523867785,-2.896228840036528,-6.626051386141114,-0.0050150410382237,-0.004895960832313251,0.001835985312117483,-0.014075887392900888,0.00864197530864197
2019-08-05,1564977600,2019-08-21,1566360000,0.75,15.108905613625954,16.995578849864216,15.68,15.72,15.41,15.6,29510600.0,16.44,16.58,16.41,16.55,13135250.0,0.6818684226100231,-6.500599540434791,-1.2799597180261912,-4.905337361530712,0,14.629111184498996,6.362467866323909,27.32088375450158,19.584420205153506,-2.853328049128308,1.887630866942492,5.023419995179186,0.5524251824040851,0,0.39178998445175284,50.0,84.0,-34.0,-2.909365558912384,-3.201646493055307,-6.992269285996812,0.002428181440448207,-0.006646525679758319,0.0018126888217522286,-0.008459214501510659,0.009146341463414753
2019-08-06,1565064000,2019-08-23,1566532800,0.25,15.746938581274504,16.995578849864216,15.7,15.88,15.5,15.81,26329650.0,16.3,16.48,16.04,16.11,22339350.0,3.307419859733301,-2.9908463029362764,1.9770328988206103,-1.9211669770328683,0,6.691303470792967,3.269230769230768,23.922941438326692,22.49844772834217,0.4441183996112983,1.9824197016984006,3.821634070004471,-0.9470278104461478,0,0.27390421461040093,42.0,84.0,-42.0,0.15828677839850513,-0.3122519434955393,-4.046542240867495,-0.034563523581678024,0.011793916821849937,0.022967101179391713,-0.004345127250155234,-0.016483516483516425
2019-08-19,1566187200,2019-09-09,1568001600,-0.25,15.830095761347573,16.995578849864216,16.49,16.5,16.26,16.41,17060650.0,16.95,17.16,16.78,16.79,30276100.0,1.5253961309653192,-4.783287733109432,-0.03275759380582599,-3.201310303752223,0,11.422909854690438,2.6283618581907073,23.399367463130993,9.783825331600418,-0.8150035624062326,1.8108953374275178,2.7122610052998404,1.293918109220756,0,-0.06850534300715802,26.0,72.0,-46.0,-1.6289458010720637,-1.766216625498572,-5.408389677467511,-0.02546248985292321,0.009529481834425368,0.022036926742108554,-0.0005955926146514745,0.003586371787208442
2019-08-22,1566446400,2019-09-16,1568606400,0.25,15.727058175847768,16.978626825968195,16.59,16.63,16.35,16.38,14336550.0,15.66,16.06,15.66,16.0,39537500.0,7.268293613822223,-1.718293613822226,4.875,0.8687500000000199,0,-0.7282157943824572,-2.0807833537331692,1.5279454070727376,-2.188357096841166,2.293714958084081,2.2986248385510386,-0.059504485351688174,1.5809570993320894,0,-0.08023810738278254,6.000000000000007,-27.999999999999993,34.0,2.7749999999999915,1.6896081134681253,-0.6902506482713449,-0.13676121666973168,-0.02124999999999999,0.00374999999999992,-0.02124999999999999,0.015228426395939021
2019-08-26,1566792000,2019-09-24,1569297600,-0.25,15.727058175847768,17.083972865200664,16.26,16.55,16.26,16.54,20391650.0,16.93,17.04,16.43,16.49,27646800.0,4.624526780594593,-4.260669897635211,2.4479482514655473,-1.9243986254295322,0,3.3777593053549353,-0.3022974607013344,7.8260524902206345,8.173859198887591,-0.6246007556798645,2.3045088822840722,-6.836278781625261,-1.0695118898419929,0,-0.08136444896254896,-18.0,-28.0,10.0,0.181928441479684,-0.2816400597922524,-2.653440801405708,0.004531821321842058,0.02668283808368721,0.03335354760460896,-0.003638568829593569,-0.02252519264967412
2019-09-10,1568088000,2019-09-27,1569556800,0.25,15.684946605254284,17.083972865200664,16.79,16.79,15.6,15.76,60888050.0,16.4,16.5,16.17,16.38,23174450.0,4.622097632439477,-3.761291771633637,2.8459503459503708,-1.8426943426943296,0,1.9597053702785203,-2.9045643153527085,4.7377303684791245,1.683995774793523,-0.4140110182839578,2.3140725102320006,-8.71437743520152,0.8938636759778936,0,0.0399829722360118,-30.0,-28.0,-2.0,0.4304029304029342,0.2715981245073493,-1.7804553867452881,-0.02895661534658478,0.0012210012210012167,0.0073260073260073,-0.012820512820512664,0.0018348623853210455
2019-09-17,1568692800,2019-10-01,1569902400,-0.25,15.684946605254284,17.08608739451376,16.06,16.63,16.06,16.52,33356250.0,16.9,16.96,16.56,16.58,26224800.0,3.405969897216309,-4.93190475849498,1.6978287092883022,-3.1091676718938146,0,3.836359525146314,0.12077294685990082,6.220077249684523,13.815935870765088,-0.8259157717773746,2.3435728454107583,-9.70948748402051,-1.0113792506742934,0,0.09546422399135211,-38.0,-28.0,-10.0,-0.7629674306393213,-0.6482677818705724,-2.6849751585514667,-0.004227379820758589,0.0193003618817853,0.02291917973462021,-0.0012062726176115257,-0.013682331945270687
2019-09-25,1569384000,2019-10-03,1570075200,0.25,15.678368734105515,17.08608739451376,16.48,16.58,16.05,16.38,23998150.0,16.18,16.42,16.1,16.31,27229850.0,4.6595285126223445,-3.5252550607523148,3.1769875332107205,-1.8628653178009387,0,0.3863079601886952,-2.6849642004773435,2.9182862391240016,6.124079938967597,0.9909888301987735,2.385458396719758,-10.847895513428906,1.1073258405363113,0,0.09647857644299065,-46.0,-28.0,-18.0,0.5671367259350291,0.7575546607255745,-1.0168246000090164,-0.03690543561514488,-0.00797057020232983,0.006744328632740881,-0.012875536480686511,0.006790123456790198
2019-09-30,1569816000,2019-10-04,1570161600,-0.25,15.678368734105515,17.08608739451376,16.44,16.88,16.44,16.81,25124500.0,16.38,16.5,16.34,16.48,14911350.0,3.408034433434537,-4.500267443143272,2.0165857605177706,-2.965210355987054,0,2.4318378626043042,-1.4943215780035863,2.8788488261237357,3.345945890878504,0.31109687979005685,2.274569798268422,-11.583240501981063,0.6139161575144008,0,0.05797484752426131,14.0,36.0,-21.999999999999996,-0.5461165048543677,-0.25497395454159744,-1.957971697222078,-0.029758674800682228,-0.0060679611650485965,0.0012135922330096527,-0.008495145631068013,0.010423053341508393
2019-10-02,1569988800,2019-10-08,1570507200,0.25,15.678368734105515,17.062983293335076,16.53,16.53,16.11,16.2,33265400.0,16.14,16.27,16.0,16.12,20014300.0,5.19222535630422,-1.935401534964285,3.8223738626964376,-0.6627377998345736,0,-2.0756297334075526,2.2842639593908705,0.03713193764466349,-11.491518921711581,2.3341331454064687,2.273114218790624,-11.506096093528608,-0.8507692579089983,0,-0.048894566028058396,6.000000000000007,36.00000000000001,-30.0,1.628411910669982,1.7002707235029675,0.2511449608973777,-0.05060370007211195,0.001240694789081953,0.009305210918113982,-0.007444168734491385,-0.009828009828009798
2019-10-04,1570161600,2019-10-22,1571716800,-0.25,15.716721408058266,17.062983293335076,16.38,16.5,16.34,16.48,14911350.0,17.14,17.14,16.46,16.62,65932700.0,1.9064972783327363,-3.212153114674493,1.328720417168057,-2.696550340954687,1,2.6788364324127585,0.7883565797453158,7.18836386147078,3.4821676372776835,-0.22765946766149625,2.140011378511285,-13.977920143812103,-2.7447155254035436,-1,0.09699583020256573,46.0,36.0,10.0,-0.6528279181708712,-0.34784817303700777,-1.805175220838123,0.029285013895719414,0.03128760529482544,0.03128760529482544,-0.00962695547533099,-0.024075161479741647
2019-10-07,1570420800,2019-10-25,1571976000,0.25,15.669063804666683,17.062424099977854,16.45,16.45,16.13,16.28,18397000.0,15.94,16.0,15.71,15.76,25569600.0,8.401193637198716,0.10768961153229384,6.513324873096465,2.1288071065989698,0,-6.926268029830638,-3.7851037851037805,-4.942565614685547,-2.307159361384187,3.9344341532945464,2.5025916044918035,-11.627585492837259,-0.9890078011773129,0,-0.14477177922454676,34.0,-8.0,42.0,4.254441624365498,3.884655330405124,3.2015354774949714,-0.09108352493099486,0.011421319796954377,0.015228426395939021,-0.0031725888324872775,-0.01314965560425807
2019-10-09,1570593600,2019-11-04,1572843600,-0.75,14.944266845901751,17.062424099977854,16.3,16.6,16.22,16.55,23191150.0,15.41,15.42,14.95,15.04,39383850.0,14.759764919776103,-0.4246585367973381,9.640957446808528,4.91356382978725,0,-12.581744780273873,-7.616707616707628,-19.67752047309262,-20.691603543594738,6.530284885504713,2.5680812193060105,-3.753296671118104,-1.4349797989315438,0,-0.2000139107088123,10.0,-40.0,50.0,7.1675531914893895,5.8739259827818415,6.904609485781194,-0.13076733810194657,0.02460106382978733,0.025265957446808596,-0.005984042553191515,-0.021470396877033227
2019-10-23,1571803200,2019-11-11,1573448400,-0.75,14.251123823046266,16.38825490837673,16.29,16.29,15.65,15.76,92225450.0,14.57,14.92,14.56,14.87,30196350.0,15.517761538059133,-4.408144860184237,8.10580587312262,3.3243667339161647,0,-11.834607099897724,-10.205314009661834,-28.978922996745737,-27.958241589219668,3.5069410664775944,2.3997483212538038,5.281707636723922,1.055237639410859,0,-0.2764096010207534,-10.0,-56.0,46.0,5.554808338937448,4.081105038664504,6.5568899455045795,-0.1009641686966839,-0.020174848688634728,0.00336247478143914,-0.020847343644922578,0.01640464798359531
2019-10-28,1572235200,2019-11-22,1574398800,-0.25,14.251123823046266,15.669063804666683,15.82,15.85,15.34,15.65,48230250.0,15.46,15.56,15.41,15.45,11566100.0,2.1747286058514845,-5.495116955366086,0.2491909385113189,-3.466019417475735,0,-2.390432695829112,-1.9670050761421352,-12.11357890437965,3.622802739798523,-2.600309674524695,1.9593250810402505,0.3432391481741881,-0.4192038956992321,0,-0.06489800845258797,-46.0,-56.0,10.0,-1.660194174757308,-0.43413025009762407,1.479014402843859,0.09971532936226951,0.0006472491909386147,0.007119741100323651,-0.0025889967637540146,-0.0012928248222366934
2019-11-05,1572930000,2019-11-25,1574658000,0.75,14.251123823046266,16.140528576555546,15.0,15.03,14.67,14.82,43237050.0,15.5,15.75,15.5,15.73,18676600.0,0.4653660011420584,-7.235868226189751,-1.6030938758211448,-5.086882814155558,0,1.6023561915777833,0.5111821086261985,-8.916478026835254,13.885528876644031,-3.9141026804552155,1.923215159962467,-1.3622670391383807,0.6873115276318069,0,0.003977934267187427,-46.0,-52.00000000000001,6.000000000000007,-3.3852511125238465,-1.996303499276948,-0.3145134765928219,0.11590432489947547,-0.014621741894469187,0.0012714558169102386,-0.014621741894469187,0.018122977346278324
2019-11-12,1573534800,2019-12-24,1577163600,0.75,14.944266845901751,16.72331492120505,15.16,15.3,15.1,15.15,35016750.0,16.54,16.59,16.46,16.58,4854300.0,0.895413227526376,-2.7168848801198493,0.5227181342983442,-2.4929634097306064,1,7.903072092258043,5.403687221869027,22.107716396019246,20.367369848976068,-0.5430215275342363,1.5378328741854859,-6.034567942346634,0.1919904129377879,0,0.023065014508136503,42.0,88.0,-46.0,-0.9107358262967438,-1.4026013111970599,-2.8520307227998103,0.0051130384396898265,-0.0024125452352231624,0.0006031363088059294,-0.007237635705669376,0.0006035003017499374
2019-11-25,1574658000,2019-12-27,1577422800,0.75,15.595989436163773,17.17905498967897,15.5,15.75,15.5,15.73,18676600.0,16.8,16.8,16.7,16.74,10603100.0,0.4747988132517804,-3.682684117911279,-0.23994424532057224,-3.077459179609704,1,10.045497212486282,2.4479804161566623,23.522923403976485,18.03944573443013,-1.246411834126846,1.4471138633254144,-5.668415727803929,-0.4218652994375872,0,0.0525213282416841,46.0,88.0,-42.0,-1.6039426523297493,-1.9041525906436902,-3.483112441153608,0.007068422244860512,0.0035842293906811484,0.0035842293906811484,-0.002389486260453988,-0.0017889087656530744
2019-11-26,1574744400,2019-12-30,1577682000,0.25,16.140528576555546,17.17905498967897,15.98,16.33,15.98,16.32,36589200.0,16.76,16.77,16.58,16.72,11061700.0,0.7528651750418902,-3.4621953185825447,-0.03887559808609353,-2.837918660287073,1,9.586973538286408,2.7027027027026884,23.719623682436847,11.666560869605568,-1.0688840637108825,1.4265247733120163,-6.165037163864987,-0.4423852208774694,0,0.02356386979510451,42.0,88.0,-46.0,-1.3546650717703272,-1.6166403878449955,-3.2355964571965643,0.002196712559436348,0.0023923444976077235,0.0029904306220096544,-0.00837320574162681,-0.0011947431302269385
2019-12-26,1577336400,2019-12-31,1577768400,-0.25,16.293988025429066,17.17905498967897,16.59,16.79,16.56,16.77,13345850.0,16.74,16.85,16.67,16.74,15003700.0,0.7776706129886861,-3.4479215090459974,-0.03484667463162339,-2.734966148944636,0,9.909230350633685,2.825552825552809,24.012023409942497,19.37589050431491,-1.0266736347602006,1.3998524693936671,-6.29474723901021,0.6135589255715732,0,0.0482179274208008,38.0,84.0,-46.0,-1.3351254480286627,-1.5690229231683333,-3.2197852571649577,-0.00171003157846214,0.0,0.006571087216248772,-0.00418160095579434,0.0011961722488038617
2019-12-30,1577682000,2020-01-07,1578373200,0.75,16.293988025429066,17.593364617212043,16.76,16.77,16.58,16.72,11061700.0,17.26,17.26,17.09,17.2,13335850.0,0.48202777183519174,-6.4006324229979725,-1.720930232558132,-4.3488372093023315,0,14.770868650151442,4.5592705167173255,32.065797622238584,27.847177309145025,-2.149153331895846,1.4435498350578604,-0.934969279312643,0.6156288200253345,0,0.17752691457685035,42.0,80.0,-38.0,-2.9593023255813904,-2.806512243988408,-4.945029186731844,0.037548788626022345,0.0034883720930234396,0.0034883720930234396,-0.006395348837209269,0.002331002331002363
2019-12-31,1577768400,2020-01-08,1578459600,0.25,16.701832797558403,17.593364617212043,16.74,16.85,16.67,16.74,15003700.0,17.12,17.34,17.12,17.13,14404950.0,1.2121292936078305,-5.993215107968624,-1.0984627359408279,-3.777972368165024,0,13.051645491462764,3.567110036275695,32.09217598302331,27.06843141201057,-1.450724535768117,1.4376521687888308,0.5274769666934205,-0.6719081749982403,0,0.04025389983495878,38.0,80.0,-42.0,-2.3905429071803894,-2.1798799136447116,-4.377906663664945,0.027371876041721033,-0.0005837711617044938,0.012259194395796813,-0.0005837711617044938,-0.0040697674418604946
2020-01-02,1577941200,2020-02-03,1580706000,-0.25,16.701832797558403,17.609455160598216,16.8,17.18,16.75,17.16,28219750.0,17.36,17.6,17.33,17.35,26291700.0,1.953596036709044,-1.7691579963632478,1.6791546589817443,-1.346781940441872,1,6.967877090292227,0.28901734104046656,23.4458919707324,9.442819917569828,0.5700306790872958,1.601145489725092,11.569192595065068,1.4768952736621213,0,-0.051175226283483914,22.0,64.0,-42.0,0.09221902017289096,-0.23681059582139596,-2.6434603169835214,-0.04467234608347348,0.0005763688760804797,0.014409221902017322,-0.0011527377521615145,0.0005767012687429851
2020-01-08,1578459600,2020-02-04,1580792400,0.75,16.701832797558403,18.131633058722137,17.12,17.34,17.12,17.13,14404950.0,17.52,17.8,17.47,17.7,50456100.0,0.1831477258496932,-3.652074279521983,-0.15065913370996498,-3.2015065913370933,1,12.586305825635485,3.1468531468531418,23.96345100094084,20.192591416142804,-1.1159506294937245,1.63897645362185,11.568682260137813,2.736081454983372,1,0.02720961870597885,50.0,96.0,-46.0,-1.734463276836152,-1.999097694141824,-4.389429254994482,-0.02893973139213718,-0.01016949152542368,0.005649717514124353,-0.012994350282485856,0.020172910662824117
2020-01-09,1578546000,2020-02-07,1581051600,0.25,17.017861398054574,18.131633058722137,17.34,17.54,17.19,17.25,24213900.0,17.17,17.32,17.0,17.28,29577950.0,2.674487995097749,-1.4129139210236445,2.4710648148148096,-1.0821759259259522,1,3.5353904431106145,0.17391304347826747,11.806299603958891,0.035519532161472966,0.8117290833895368,1.89891820905434,4.852345317797646,1.487489911096956,0,-0.10737304319652252,38.0,-4.0,42.0,0.6307870370370523,0.12352017702606588,-1.9043835887659526,-0.07116965553161325,-0.0063657407407407,0.0023148148148146586,-0.01620370370370372,0.008168028004667427
2020-02-04,1580792400,2020-02-12,1581483600,-0.25,17.017861398054574,18.240191857503604,17.52,17.8,17.47,17.7,50456100.0,17.81,18.03,17.75,18.01,20571300.0,-0.33559904884393177,-5.427865692966208,-1.1049416990560843,-4.658523042754041,1,13.087910435712665,4.831199068684527,17.714829713402665,3.2245348762829096,-2.9965252388857664,1.8549549471918823,4.752015267664582,1.0387395578430283,0,0.0014114402169452332,50.0,20.0,30.0,-2.8817323709050697,-3.091714538533381,-5.295398490982478,0.016460458900723285,-0.011104941699056292,0.001110494169905607,-0.014436424208773002,0.010662177328844002
2020-02-05,1580878800,2020-02-21,1582261200,0.75,17.017861398054574,18.842292631228506,17.84,17.86,17.03,17.08,53205100.0,18.53,18.6,18.32,18.4,16963700.0,2.2046251373226937,-8.807886006887884,-1.4592391304347814,-5.176630434782595,0,14.045056659369777,4.545454545454529,31.341605000594402,9.995824602100157,-3.4394447100451657,1.7713157668199169,8.93308095482599,-0.8810048078036677,0,0.07004660891864256,42.0,35.99999999999999,6.000000000000007,-3.301630434782595,-2.6063077249648074,-5.647349938708459,0.07255688859030801,0.00706521739130439,0.010869565217391353,-0.004347826086956386,-0.008086253369272378
2020-02-10,1581310800,2020-02-24,1582520400,0.25,17.60286491710219,18.842292631228506,17.2,17.83,17.19,17.81,26763200.0,17.95,18.0,17.68,17.7,35679250.0,6.245246567418889,-5.024907584368037,2.4952919020715854,-1.2843691148775918,0,2.2048039842863574,1.7826336975273072,25.240522716759756,8.439561081488947,0.5252450080923694,2.000398431893963,6.515222003562304,-1.8193922531015476,-1,0.045280731174859166,38.0,36.0,2.0,0.6101694915254399,1.1268087687713404,-1.8407562919458655,0.007510326684947055,0.01412429378531077,0.016949152542372836,-0.001129943502824804,-0.03804347826086951
2020-02-13,1581570000,2020-02-26,1582693200,-0.75,16.90691847244373,18.842292631228506,17.96,18.3,17.96,18.26,22460950.0,17.11,17.38,16.85,16.95,29958900.0,11.201057013365642,-1.543239904221096,7.153392330383497,2.734513274336294,0,-6.890865557711365,-3.4738041002277877,8.92812969102654,0.027733594421682994,4.839406304505658,2.341458018579377,5.414340612622286,-1.4725688830936445,-1,-0.012342704503575094,30.0,-20.0,50.0,4.82890855457228,4.671732919928303,2.347930426844485,-0.13361957922228757,0.00943952802359882,0.025368731563421898,-0.005899705014749124,-0.009929906542056166
2020-02-24,1582520400,2020-02-27,1582779600,-0.75,15.99413811965149,18.240191857503604,17.95,18.0,17.68,17.7,35679250.0,16.23,16.31,15.01,15.11,70432700.0,27.26338919427195,6.283930461585101,19.87535848224134,14.170527244650373,0,-20.634908759352356,-14.098919840818649,-6.484591720965713,-3.5457813423009767,15.21432662574523,3.356056889448642,7.1712544593247145,-3.2853227221897106,-1,-0.18718233319334157,26.0,-24.0,50.0,16.773659827928526,15.759136449727109,14.230380628353771,-0.28403596793343994,0.07412309728656519,0.07941760423560562,-0.006618133686300487,-0.10855457227138643
2020-02-25,1582606800,2020-03-02,1583125200,-0.75,14.961413506344408,17.60286491710219,17.8,17.84,17.03,17.12,38426350.0,15.59,15.63,14.8,15.38,45943950.0,26.87248492422647,-0.0844485133031867,16.727351538794963,10.101863892501072,0,-16.820716185067724,-11.303344867358703,-20.375390492281902,-12.79877753905317,9.053750090067197,3.849417913645855,11.13063620190298,-1.9819230852188168,0,-0.05530311515940608,18.0,-24.0,42.0,13.394018205461649,11.28722686406806,11.307058157533561,-0.36701964322168557,0.013654096228868706,0.016254876462938883,-0.03771131339401823,-0.005817711700064621
2020-02-27,1582779600,2020-03-03,1583211600,-0.75,13.821431569360241,16.90691847244373,16.23,16.31,15.01,15.11,70432700.0,15.36,15.64,14.47,14.72,40700200.0,33.81290286273665,1.356934093785128,21.423233695652172,13.889266304347814,0,-20.459184508962338,-15.158501440922192,-26.62952806466894,-18.19362373593978,12.599662112223967,4.3024680592699545,12.949590252924445,-1.727900044148266,0,-0.0729425570112868,14.0,-36.0,50.0,17.584918478260875,14.726816233883213,15.658601300991663,-0.4055301650503913,0.04347826086956519,0.0625,-0.016983695652173947,-0.042912873862158696
2020-02-28,1582866000,2020-03-04,1583298000,-0.25,13.821431569360241,16.113825304972565,14.69,15.5,14.06,15.47,78887150.0,15.29,15.45,14.81,15.4,40439950.0,28.010630515878233,-4.718422723670457,15.37121212121211,7.968614718614717,0,-12.970121352583142,-12.99435028248587,-27.629454266473207,-16.116280215470354,6.54003571835122,4.1573297208807904,14.638619014587228,1.6852667167079816,0,-0.03659419814781746,10.0,-36.0,46.0,11.646103896103895,8.740865690452864,10.137809964832286,-0.36406288402024917,-0.0071428571428572285,0.0032467532467532756,-0.0383116883116883,0.04619565217391308
2020-03-03,1583211600,2020-03-06,1583470800,0.25,13.747316836189693,16.113825304972565,15.36,15.64,14.47,14.72,40700200.0,14.06,14.59,13.71,14.46,44002100.0,37.8129281134793,-3.6082254855401885,21.145689257722438,12.881512217611828,0,-17.95176175679424,-15.635939323220535,-32.85857568349048,-26.963458201819975,10.270445400103156,4.766091657339157,18.51609615752983,-1.758452015853127,0,-0.06477225864243115,2.0,-48.0,50.0,17.10235131396955,12.99541917487663,15.990912596486709,-0.35972823219361316,-0.02766251728907332,0.008990318118948792,-0.051867219917012486,-0.006185567010309256
2020-03-04,1583298000,2020-03-09,1583726400,-0.75,12.410264095086902,16.113825304972565,15.29,15.45,14.81,15.4,40439950.0,13.34,13.8,13.02,13.16,53457350.0,53.00970142742594,1.2000250163430195,31.81610942249239,22.386018237082084,0,-23.40657254175551,-23.842592592592595,-37.335709163813206,-31.862112033308293,18.644558862328637,5.644430686857441,20.658955166758126,-2.056426588182624,0,-0.11622314330523657,-2.0,-52.0,50.0,27.10486322188447,21.85685867746996,26.372550824117468,-0.4130387144235874,0.013677811550151908,0.04863221884498481,-0.010638297872340496,-0.08990318118948826
2020-03-05,1583384400,2020-03-10,1583812800,-0.25,12.410264095086902,15.109722952928,15.0,15.11,14.28,14.55,44081250.0,13.78,14.1,13.23,14.02,47039950.0,43.38438075830754,-7.471399303243345,22.447693770803625,13.432001902044703,0,-15.628059457697404,-21.280179674340253,-36.82886545459845,-28.875581350650222,9.750816154027845,5.39866110611153,21.949162798494847,1.7638341986591621,0,-0.04003761331510381,-6.0,-52.0,46.0,17.956490727532113,13.012325737771178,17.89051449389376,-0.36552929217968577,-0.01711840228245365,0.005706134094151327,-0.05634807417974319,0.06534954407294835
2020-03-09,1583726400,2020-03-11,1583899200,0.25,12.28936829921841,15.109722952928,13.34,13.8,13.02,13.16,53457350.0,13.62,13.82,12.52,12.93,51946550.0,55.7059285073403,-3.687367022421512,31.356019592678564,20.714101572570257,0,-19.885441137506632,-27.441077441077443,-38.442712762620495,-29.60684705701493,16.837192531462534,6.264280041983689,23.473121448778095,-1.8892392911932616,0,-0.06490253474688765,-10.0,-60.0,50.0,26.00928074245938,20.392676057995402,26.73737265064547,-0.3809297586859035,0.05336426914153125,0.06883217324052593,-0.031709203402938924,-0.07774607703281022
2020-03-10,1583812800,2020-03-12,1583985600,-0.75,10.725987514887931,15.109722952928,13.78,14.1,13.23,14.02,47039950.0,11.74,12.28,11.3,12.06,107050100.0,67.20481191204263,-1.9394719452101583,38.61387506909895,26.623825317855164,0,-22.72394353471337,-33.03720155469184,-40.98959961316073,-31.45233069563119,20.687335193261845,7.201864678139293,25.31592386141353,-3.6392063280860594,0,0.034134898882795604,-14.0,-64.0,50.0,32.632669983416235,26.308413200535924,34.4730549706849,-0.42004550477719815,-0.026533996683250405,0.018242122719734466,-0.06301824212271967,-0.06728538283062635
2020-03-11,1583899200,2020-03-13,1584072000,-0.25,10.725987514887931,13.88122188466814,13.62,13.82,12.52,12.93,51946550.0,13.11,13.11,12.02,12.61,55975000.0,58.56081593470492,-9.345907132167241,30.64763415278881,18.585778482685697,0,-18.431648244998357,-30.941949616648422,-40.814593686336806,-24.97086183605498,13.027530003576302,7.013188763105689,25.5144690059696,1.8513185025881085,0,0.0811032139726647,-18.0,-64.0,46.0,24.60745440126884,18.818435107325257,27.485977677810226,-0.38039656533235755,0.03965107057890571,0.03965107057890571,-0.04678826328310859,0.0456053067993365
2020-03-12,1583985600,2020-03-16,1584331200,0.25,10.527075684157946,13.88122188466814,11.74,12.28,11.3,12.06,107050100.0,11.19,11.6,10.4,11.43,62211450.0,73.55241258581276,-4.742263854404172,41.37212015164769,27.27763196267135,0,-22.14458473434597,-38.01518438177875,-42.363111399759376,-25.03479493048134,21.1644365121916,8.565629508410922,26.380465406449773,-2.0123359366615126,0,0.1750554046580392,-21.999999999999996,-72.0,50.0,34.40507436570431,28.124438059259518,39.05324952797449,-0.40299546752731286,-0.02099737532808399,0.014873140857392775,-0.09011373578302706,-0.09357652656621729
2020-03-13,1584072000,2020-03-18,1584504000,-0.75,8.687518255887516,13.88122188466814,13.11,13.11,12.02,12.61,55975000.0,9.84,10.0,8.3,9.304,77703100.0,109.31239506889133,2.181586014513641,65.90247922040697,45.48115505875609,0,-27.346138831214006,-50.19271948608137,-47.74201408362631,-24.932358014657765,38.2058673046495,11.880982478740831,28.67417756293704,-2.343652139649432,0,0.23736622223275303,-30.0,-80.0,50.0,55.74699054170247,48.086820008963656,65.8615708561353,-0.5172851924691662,0.05760963026655208,0.07480653482373167,-0.10791057609630261,-0.11306005719733081
2020-03-16,1584331200,2020-03-23,1584936000,-0.25,8.687518255887516,12.638126732003368,11.19,11.6,10.4,11.43,62211450.0,11.32,12.05,11.02,11.77,65941300.0,50.72407638049455,-22.199012659169142,23.250070801472674,4.635797224582291,0,-12.339033611463009,-33.502824858757066,-39.010536973996935,-7.876923405690889,1.9681763991469694,9.904298253512527,26.276017104371114,1.7978309436430644,0,0.19158735469939747,-42.0,-80.0,38.0,14.26253186066269,11.610484154548288,27.12551408996275,-0.17021477128999862,-0.03823279524214096,0.023789294817332385,-0.06372132540356845,0.039752650176678284
2020-03-17,1584417600,2020-03-31,1585627200,0.75,8.687518255887516,14.848856743707591,11.47,11.59,10.01,10.49,78762200.0,12.69,13.5,12.5,13.09,47799650.0,18.425042145103205,-25.67943481126059,4.135727018079933,-12.525082760376876,0,-4.942540575904395,-11.073369565217396,-18.09503730221284,4.138758518765165,-10.856976529134457,8.834774493232354,14.06488349198603,1.187511176474943,0,0.2274801730500534,-46.0,-60.0,14.0,-3.627196333078686,-0.12298243644004003,11.117532048643014,0.31982341916001156,-0.03055767761650119,0.031321619556913705,-0.04507257448433921,0.022656249999999822
2020-03-19,1584590400,2020-04-03,1585886400,0.25,10.527075684157946,14.848856743707591,9.117,11.06,9.011,10.72,72493800.0,12.62,12.9,12.0,12.22,44124350.0,18.356923788036212,-17.780819041718715,8.761865793780686,-9.117839607201319,0,-8.154161622560032,-15.491009681881051,-15.987042377868866,3.464068435479412,-3.9953411445546863,8.975986120043974,9.55909295394352,-1.0562681178085334,0,0.10713848571691362,-38.0,-40.0,2.0,0.28805237315874876,5.551756886287038,17.044037212768345,0.2323039212695509,0.03273322422258573,0.0556464811783961,-0.018003273322422353,-0.03015873015873005
2020-03-24,1585022400,2020-04-08,1586318400,-0.25,10.575309277771918,14.848856743707591,12.78,13.81,12.6,13.28,60688000.0,14.18,14.7,14.0,14.5,31532350.0,2.343705477951204,-31.734050305537394,-7.342298850574707,-23.05885057471265,0,2.659376988037245,12.142304717710752,-5.801891418365263,19.12193271042962,-12.109285722545238,7.971407238365873,4.837209655457997,0.7260285339953815,0,0.11615776247852044,-46.0,-36.0,-10.0,-14.695172413793102,-8.800557801512582,-1.4876037047020674,0.4098881415612734,-0.022068965517241357,0.01379310344827589,-0.03448275862068961,0.02909865152590485
2020-04-01,1585713600,2020-04-21,1587441600,0.75,10.575309277771918,16.816100842740422,12.64,12.9,12.08,12.39,42561050.0,15.98,16.18,15.44,15.73,49788350.0,7.4895714833275235,-27.489571483327538,-4.727696545878359,-15.865649502013142,0,5.729543540574937,33.644859813084125,14.516925126977458,3.5869751523280726,-7.511317498609429,6.208133582760414,3.6789034852477656,-1.1131385555771678,0,0.13805918918552293,42.0,84.0,-42.0,-10.0,-7.088004541406008,-6.708746493719417,0.3528325475946156,0.015893197711379425,0.028607755880483143,-0.018436109345200347,-0.027210884353741527
2020-04-06,1586145600,2020-05-14,1589428800,0.75,12.638126732003368,18.753031003747292,12.65,14.15,12.6,13.8,50439450.0,18.02,18.7,17.94,18.64,29923750.0,2.4321230115796055,-13.923539320592496,-2.3748211731044364,-9.064735336194559,0,13.186678877448053,18.424396442185518,30.92392957337472,19.187543847086175,-3.4225874141279036,4.0913446621799,8.218582240896033,0.660653077935195,0,-0.04306522222047095,38.0,80.0,-42.0,-5.7457081545064455,-6.720543557450327,-12.741751283425032,-0.0075469868276928365,-0.03326180257510736,0.0032188841201716833,-0.037553648068669454,0.032686980609418326
2020-04-09,1586404800,2020-05-18,1589774400,0.75,14.719601931327892,20.15242125329799,14.9,15.78,14.64,15.42,52232000.0,19.95,20.36,19.84,19.97,39640300.0,-1.578779458111569,-19.05216696151784,-7.035553329994983,-13.630445668502773,0,18.4678390933758,23.500309214594907,34.851870143469874,28.51206881723124,-7.962327295510846,3.9476026031426312,9.493010572398909,0.8763011282136896,0,0.11111162103212785,50.0,92.0,-42.0,-10.315473209814698,-10.81983592393415,-17.228408773468246,0.08493625207240818,-0.0010015022533800266,0.019529293940911296,-0.006509764646970395,0.02779207411219753
2020-04-22,1587528000,2020-05-26,1590465600,0.75,16.816100842740422,21.527926111328952,16.98,18.1,16.68,17.65,120321600.0,21.73,21.74,20.2,20.34,40582200.0,4.476160657801813,-20.144793892806717,-4.735332677810561,-10.979187151753521,0,15.88521616243969,15.175537938844846,42.18954411853766,28.525529695155342,-5.278208907406267,3.872339385246145,15.064473808536029,-0.9759079473870327,0,0.11973796248130067,46.0,92.0,-46.0,-7.834316617502452,-7.104372061888455,-15.143141066553184,0.10917464915845843,0.0683382497541789,0.06882989183874133,-0.0068829891838742,-0.03647560397915672
2020-05-15,1589515200,2020-05-29,1590724800,0.25,18.74080470726641,21.527926111328952,18.52,19.49,18.52,19.43,45529950.0,20.02,20.14,19.8,20.08,39756750.0,7.039488380659179,-16.740683599782656,-1.7944887118193833,-7.994687915006622,0,13.170633970089966,14.285714285714274,35.832294503013316,17.30936508916085,-2.0996829687396854,3.6239000387245994,16.197548285936797,1.0068797083578658,0,-0.005915060719360366,34.0,48.0,-14.0,-4.850597609561731,-4.5568271206315245,-12.540316643097881,-0.06920134071671957,-0.0029880478087648266,0.0029880478087651596,-0.013944223107569598,0.009045226130653283
2020-05-19,1589860800,2020-06-10,1591761600,-0.25,18.74080470726641,21.527926111328952,20.0,20.41,19.96,20.18,24491900.0,20.85,20.86,20.47,20.58,16808800.0,6.566247987381146,-9.28247733626354,1.727405247813408,-4.448493683187564,0,11.640003376915594,10.645161290322564,32.52917265607509,2.271517002016502,0.07887126605368167,3.142747354235017,19.762783493585303,-0.49445273265088296,0,-0.09486747962155094,26.0,72.0,-46.0,-1.3581146744411967,-2.247832234331497,-10.207825324319998,-0.13270235088849158,0.013119533527697014,0.013605442176870763,-0.005344995140913467,-0.010101010101010166
2020-05-27,1590552000,2020-06-12,1591934400,0.25,18.74080470726641,21.503684938294853,20.43,20.48,19.74,19.8,41672900.0,20.51,20.51,19.29,19.84,26573750.0,8.293659398257901,-2.058780365999823,6.415490591397855,-0.0512432795698885,0,5.621232650235534,6.437768240343343,25.267223053619492,-10.435629391125772,3.3597503531197503,3.4707605108666453,15.208559744958222,-0.800196850156596,0,-0.2055378365648821,18.0,52.0,-34.0,3.117439516129039,1.2183637072660929,-6.299046455922436,-0.24068723590351626,0.03377016129032273,0.03377016129032273,-0.027721774193548376,-0.00849575212393816
2020-06-01,1590984000,2020-07-02,1593662400,-0.25,18.98652187553109,21.503684938294853,20.26,21.13,20.2,20.96,36493800.0,21.62,21.69,21.06,21.13,14216750.0,1.98557555160248,-5.620218239723641,1.0790345480359491,-4.813061997160432,1,8.657621923053838,1.4402304368699028,16.566802711811654,12.0303662494019,-1.6078073860268773,3.0497346354481336,-2.1465056657005626,-0.5453874741740085,0,0.08141796873898385,18.0,24.0,-6.0,-1.8173213440605736,-1.9726126495754244,-7.396860295177461,-0.04455205308144855,0.023189777567439673,0.0265026029342168,-0.003312825366777128,-0.011230697239120402
2020-06-11,1591848000,2020-07-16,1594872000,0.75,18.98652187553109,22.707020027835956,20.05,20.55,19.92,20.01,24499950.0,22.48,22.66,22.25,22.59,12639350.0,2.0366514984388573,-11.315093286840792,-1.8902169101372266,-7.618415227976982,0,12.961258942978418,10.410557184750727,24.330730619168353,7.6448439521061005,-3.7423686096627193,2.9785223563929146,7.982372871714894,-0.5208012708863793,0,0.09529108633329805,46.0,88.0,-42.0,-4.6392208942009745,-4.085585590253231,-9.709440336254374,0.03518483255138438,-0.004869411243913158,0.003098716246126676,-0.015050907481186315,-0.0035288928098810013
2020-06-15,1592193600,2020-07-22,1595390400,0.75,20.15242125329799,23.87406630549555,19.5,20.5,19.42,20.47,19434350.0,23.33,23.74,23.22,23.71,38759350.0,0.31145028549966014,-14.402551086849286,-4.70195416842401,-9.77154505834389,0,18.616826579041827,14.100096246390759,30.70320155765287,21.84745872564895,-4.890565656407247,2.6627857779003747,13.341491318917484,1.62397032123518,1,0.27089666566784243,50.0,88.0,-38.0,-7.045550400674827,-6.3765161368560115,-12.191974055854118,0.09945178089208717,-0.01602699283002962,0.001265288907633888,-0.02066638549135391,0.019346517626827042
2020-07-06,1594008000,2020-07-24,1595563200,0.25,21.442222247392923,23.87406630549555,21.33,22.59,21.23,22.52,34666350.0,22.25,22.63,21.9,22.61,21935550.0,5.269351551154202,-8.94913925570971,0.939112487100104,-4.832669910069285,0,8.299503479679103,7.769304099142035,24.8682201056716,-0.2359212748603312,0.38797108607811026,3.043117092894833,10.707720499773437,0.9198729982255933,0,0.10373311288123328,42.0,88.0,-46.0,-1.8398938522777541,-1.5635906829250956,-7.342686102922457,-0.02220549345895395,-0.015922158337019043,0.0008845643520565272,-0.03140203449800982,0.008474576271186418
2020-07-17,1594958400,2020-07-27,1595822400,-0.25,21.474340864564514,23.92004440841184,22.73,22.78,22.45,22.72,14377500.0,22.79,23.04,22.55,22.86,17884800.0,3.987105047562011,-8.851496998568152,0.31058617672792366,-5.441819772528419,0,9.700014467942808,10.648596321393995,23.681697806499752,-0.9218008214869826,-0.5753909166369766,2.9479546529014433,9.663393427750151,0.757653872389581,0,0.18401385316562513,38.0,68.0,-30.0,-2.4321959755030775,-2.388665836515841,-8.028312581756609,-0.038322931203094046,-0.0030621172353455517,0.007874015748031482,-0.01356080489938749,0.011057054400707589
2020-07-23,1595476800,2020-07-28,1595908800,0.25,21.474340864564514,23.92004440841184,23.38,23.72,22.34,22.42,49005850.0,22.81,22.85,22.21,22.24,16634400.0,6.539032989935151,-5.369968241733702,3.4472422062350176,-2.4250599520383673,0,4.887757014942878,6.309751434034401,20.439790687930838,-0.7636484841283675,2.2203558397445136,3.022460058290246,8.042196728661764,-0.7223682234064345,0,0.1579595620236297,34.0,68.0,-34.0,0.5845323741007178,0.3008454962481153,-5.2500652907046685,-0.09172426395638522,0.025629496402877816,0.02742805755395694,-0.0013489208633092886,-0.027121609798775204
2020-07-27,1595822400,2020-08-14,1597377600,-0.25,21.497068817301205,23.941117580475368,22.79,23.04,22.55,22.86,17884800.0,23.79,24.07,23.62,23.73,8593500.0,1.3070931008973616,-5.9931445126124885,0.035117291754446,-4.966989745750823,1,10.003498326282,4.445422535211275,18.15028535933472,9.415826089754532,-2.3793106865198297,2.6056883165672104,-1.8793636259403534,-0.4652504702584028,0,0.2364806141611978,46.0,92.0,-46.0,-2.3430257058575705,-2.68815921509929,-7.316579849709413,-0.021984019822297585,0.0025284450063209896,0.014327855035819681,-0.004635482511588629,-0.0071129707112970175
2020-07-28,1595908800,2020-08-24,1598241600,0.75,21.497068817301205,25.060754594618277,22.81,22.85,22.21,22.24,16634400.0,25.36,25.43,24.82,24.84,12364500.0,1.4584485729856453,-10.838480779104813,-2.572463768115938,-7.0772946859903385,0,13.62233625796086,8.661417322834648,26.521211190444866,19.931726394430243,-3.5450944784344074,2.4273724467879143,4.013197314977724,-0.7059998424069259,0,0.18183890920813514,46.0,72.0,-26.0,-4.690016103059577,-4.070441675654479,-9.1292062642149,0.08987929249930304,0.02093397745571668,0.02375201288244755,-0.0008051529790660261,-0.00877893056664003
2020-07-29,1595995200,2020-08-28,1598587200,0.75,22.707020027835956,26.14955802242553,22.4,23.1,22.36,23.06,15863100.0,25.7,26.06,25.66,26.03,13328300.0,0.3521791133124452,-14.147799551268662,-5.00896401587913,-9.077346651299791,0,19.46255836611462,12.68398268398268,33.37990064822443,36.883859981942834,-5.419064929503776,2.19103416320213,9.7961679749666,0.7735752009259478,0,0.22015909774671907,50.0,92.0,-42.0,-6.897810218978108,-6.1291819316833624,-11.535168173959732,0.12819169463895308,-0.012677679600461067,0.0011525163273145012,-0.014214368036880587,0.01719421649081676
2020-08-17,1597636800,2020-08-31,1598846400,0.75,23.941117580475368,27.163246087336063,24.0,24.4,23.82,24.32,10433400.0,26.12,26.5,26.1,26.21,15796550.0,0.6174164792672485,-14.440384811964705,-5.024163805163425,-9.064606384331668,0,20.288719713100434,14.304404709986922,35.46501099363925,44.02741018512933,-5.037619553003836,2.1486456927180706,11.722302235235809,0.9276644804434688,0,0.21619375996856666,50.0,96.0,-46.0,-6.9114841663487425,-6.1287213312851065,-11.66652523796516,0.13562015745422917,-0.0034338038916443825,0.011064479206409628,-0.004196871423120974,0.006915097963887895
2020-08-25,1598328000,2020-09-02,1599019200,0.75,25.060754594618277,28.26652786189584,24.95,25.47,24.93,25.39,13051550.0,27.5,27.69,27.11,27.58,17228250.0,-0.6896970843677082,-19.36106433695207,-8.123036016437027,-12.285472564660367,0,25.60479080483296,17.863247863247864,43.039689250584686,44.58718706759956,-7.430871692148216,2.213857388790637,16.532142986112262,1.0339873082120314,1,0.29011202396694413,50.0,88.0,-38.0,-10.025380710659888,-8.87772341352607,-14.839022465496853,0.23979492712716965,-0.0029006526468454696,0.003988397389412812,-0.01704133430021748,0.005102040816326481
2020-08-31,1598846400,2020-09-10,1599710400,0.25,25.965273536822785,28.26652786189584,26.12,26.5,26.1,26.21,15796550.0,26.55,27.19,26.1,26.17,16983800.0,5.67259819414619,-10.410848098616938,0.23181760285314112,-5.171315755954652,0,11.290951393343455,12.704565030146439,31.78101584515658,21.31590387443603,0.06902154345193878,3.030406930169974,9.504847661323701,-1.034180544450345,0,0.06560508245890485,30.0,64.0,-34.0,-2.3691249522353672,-2.2496567625250066,-8.31547706233664,-0.05244128614322663,0.014520443255636284,0.03897592663354987,-0.0026748184944592746,-0.009462528387585212
2020-09-01,1598932800,2020-09-17,1600315200,-0.75,24.500877440334477,28.26652786189584,26.5,27.47,26.4,27.44,17689950.0,24.87,25.03,24.18,24.51,23739250.0,11.801318558287079,-1.0342846945579822,8.583571331429326,2.2718618251053897,0,-1.3272017162999745,0.4920049200492046,13.552532954518625,-11.177757419105092,6.4704713611038756,3.3439321875284853,1.3541828534085418,-1.4584714772884426,-1,-0.11127987373873226,10.0,52.0,-42.0,5.383516931864534,3.879248362267404,-1.1319046061376952,-0.29451343518146766,0.014687882496940086,0.021215830273357827,-0.0134638922888618,-0.03199052132701419
2020-09-03,1599105600,2020-09-21,1600660800,-0.75,23.011406866590217,27.163246087336063,27.11,27.48,26.2,26.57,24043200.0,23.88,24.16,23.6,24.13,16538000.0,14.119526806700236,-0.621806127048302,10.122254455035232,3.528802320762537,0,-3.750289927286616,-3.711093375897844,4.459468110044078,-26.046472381631787,6.380768214807688,3.394496322610227,1.8304212190269702,-0.9626020545599445,0,-0.1293891168407308,2.0,-48.0,50.0,6.748860339825953,4.578940435703231,0.42049402189918794,-0.3647050353306933,-0.010360547036883494,0.001243265644426117,-0.021964359718192994,-0.00740436034553682
2020-09-11,1599796800,2020-10-12,1602475200,-0.25,23.011406866590217,25.965273536822785,26.51,26.52,25.44,25.95,16119900.0,25.82,25.84,25.51,25.58,10869100.0,1.3140591870231901,-5.5321983582506675,0.45282772999739507,-4.531535053427149,1,5.909732143448537,0.9471191791633718,5.686650669356249,11.501493005364402,-1.568819103567435,2.715218512976134,-12.817261233965393,-0.6998211026732869,0,-0.17788408617542634,-42.0,-32.0,-10.0,-2.1090695856137387,-1.2979530265919408,-3.5978671683829475,0.053715790872172084,0.009382329945269774,0.010164190774042181,-0.002736512900703536,-0.002340093603744209
2020-09-18,1600401600,2020-10-20,1603166400,0.75,23.011406866590217,27.272540989149075,24.62,24.95,24.02,24.31,54900550.0,26.9,27.29,26.76,26.97,17458500.0,0.7203448351556574,-10.668435306049233,-2.561488073167723,-7.385366456556653,0,14.32907135708814,9.234507897934376,22.721972723251557,23.322858477441557,-3.897076118167675,2.5358446403131696,-9.234872650142135,1.0951315776267851,0,-0.09976423842961038,50.0,84.0,-34.0,-4.974045235446781,-3.892028394750753,-6.934521835828164,0.16227121321047644,-0.0025954764553207665,0.01186503522432325,-0.007786429365962078,0.009734181954324184
2020-09-22,1600747200,2020-10-21,1603252800,0.75,24.500877440334477,28.48894561830076,24.48,24.85,24.31,24.69,16136700.0,26.88,27.33,26.76,27.33,41053150.0,0.32341183028448484,-11.91141036669137,-3.5705573850469534,-8.169898768142431,0,16.551869324621464,9.451341609931916,25.616100479692257,33.353632296341985,-4.113262576248218,2.472668677382782,-8.68497349413224,2.4843749044980923,1,0.12545513347427514,50.0,88.0,-38.0,-5.793999268203436,-4.666757462272628,-7.840395630530267,0.17253019681088444,-0.016465422612513714,0.0,-0.020856201975850586,0.013348164627363657
2020-10-13,1602561600,2020-10-27,1603771200,0.25,25.853736690651083,28.48894561830076,25.65,26.6,25.44,26.5,20827850.0,26.21,26.28,25.93,26.2,15521700.0,5.08951407890099,-6.547529346076587,1.7213740458015252,-3.4732824427480864,0,4.007683383707196,3.84462940943321,15.92208857520162,4.629109976017986,0.546075361779927,3.0244189526320153,-10.71438563151681,-0.8311140146940071,0,0.35694281462983585,34.0,76.0,-42.0,-0.7290076335877984,-0.23735216118011238,-3.233286025863464,-0.022323402445966756,0.0003816793893129944,0.003053435114503955,-0.010305343511450404,-0.0015243902439023849
2020-10-21,1603252800,2020-10-29,1603944000,-0.75,24.3775861395942,28.48894561830076,26.88,27.33,26.76,27.33,41053150.0,25.06,25.29,24.78,24.86,15144350.0,10.6377004694086,-1.2732596005429286,7.282113167068928,1.8195226602306462,0,-5.020665396891367,0.4038772213247086,4.975884338972966,-1.377073521368331,5.649335049327092,3.209713628660096,-9.301594690807894,-0.7966116173629967,0,0.23846525928324827,26.0,56.0,-30.0,4.682220434432821,4.2803943160269995,1.8619959988133417,-0.1934017042482159,0.008045052292839916,0.01729686242960571,-0.0032180209171358554,-0.008376545672118096
2020-10-22,1603339200,2020-11-03,1604379600,-0.75,22.906323674652295,27.272540989149075,25.84,26.28,25.08,26.01,66122950.0,23.97,24.33,23.76,24.19,16878150.0,15.219591521360115,-1.420500988081912,9.618299572826245,3.9878737770428643,0,-7.7327940000133,-3.740549144448857,-9.792727133825037,-8.557072998179166,7.058894994829572,3.287435314333869,-4.470835305828135,0.8651014029966645,0,0.1901585479813064,14.0,-32.0,46.0,6.899545266639123,5.108191168148068,4.064292871454484,-0.33970205072152876,-0.009094667217858676,0.005787515502273521,-0.01777594047126907,0.017669331089608775
2020-10-28,1603857600,2020-11-04,1604466000,-0.25,22.906323674652295,25.936900146692363,25.84,25.91,25.02,25.07,25095550.0,24.76,25.98,24.7,25.55,29124450.0,9.084979876306392,-6.674020972196772,3.8812785388127935,-1.7195042400521885,0,1.0312189850934104,-0.07821666014860999,-7.790956686927782,-6.308085576525748,1.103282834801206,3.3905501350253617,-5.580314137195028,1.4685966752965474,0,0.17329078010497656,10.0,-32.0,42.0,1.205479452054803,-0.44026513317950844,-1.4171006611689876,-0.23229427554304435,-0.03091976516634043,0.016829745596868895,-0.0332681017612525,0.05622157916494408
2020-10-30,1604030400,2020-11-06,1604638800,0.75,22.906323674652295,27.474834581854942,24.75,24.9,23.83,24.03,25680800.0,26.1,26.63,25.99,26.52,14601300.0,5.435945509838007,-9.881646867304056,0.3777023629964731,-5.150201106083458,0,6.116712067093047,3.4321372854914154,-1.1325772890523067,-1.9640485667864453,-2.810729867783124,3.164001361223866,-7.8348282250651415,0.7293178138996598,0,0.2861280864847298,2.0,-32.0,34.0,-2.2228506787330247,-3.442044122703578,-4.680700882894783,-0.008759434768145107,-0.015837104072398134,0.004147812971342368,-0.019984917043740613,0.01182754673788633
2020-11-04,1604466000,2020-11-10,1604984400,0.25,24.349273006169526,27.474834581854942,24.76,25.98,24.7,25.55,29124450.0,25.44,25.61,24.4,24.86,28654150.0,12.279588901378474,-4.33509976219905,7.136631804773415,0.7729954411370414,0,-3.1566988400236937,-6.188679245283021,-2.6459750648915894,-18.028208922476736,2.63084999553071,3.6421664219305714,-8.735159369468345,-1.3947939323714917,0,0.10292633758002084,-6.0,-32.0,26.0,3.972244569589705,2.702921698617942,1.6607360003887806,-0.04751166782434246,0.023330651649235756,0.030168946098149574,-0.018503620273531807,-0.027386541471048464
2020-11-05,1604552400,2020-11-11,1605070800,-0.25,24.349273006169526,27.648282732143176,26.19,26.25,25.68,26.21,16064400.0,25.21,26.4,25.16,26.08,18276100.0,6.905860860224976,-8.823038774335373,2.135736196319016,-4.1986196319018205,0,3.0272320444131324,-1.3242527430949733,-0.927328939833212,-7.330767401724813,-2.3094681384799145,3.6455832171327835,-9.529574114296322,0.8891157234020681,0,0.031881655526561296,-10.0,-32.0,22.0,-0.9585889570552126,-1.9012963133121445,-2.9734986230049287,0.006798902741595558,-0.03335889570552142,0.012269938650306678,-0.03527607361963181,0.049074818986323265
2020-11-09,1604898000,2020-11-18,1605675600,0.25,24.20247346020232,27.648282732143176,26.5,26.92,25.48,25.56,26628400.0,25.31,26.03,25.26,25.92,16009150.0,4.387850155932455,-8.14942423000656,1.4011059670781805,-5.1575360082304655,0,2.508122791981883,-5.159165751920954,-1.300145269584369,-3.9561276596705213,-2.662656958465945,3.3274020484618796,-12.229111434398837,0.8009951279298665,0,-0.011713956411899413,-30.0,-32.0,2.0,-1.8807870370370523,-1.6039088320566037,-2.3367276410512545,0.017490964960375555,-0.023533950617284027,0.004243827160493874,-0.02546296296296302,0.02167914860070952
2020-11-11,1605070800,2020-11-19,1605762000,-0.25,24.20247346020232,27.648282732143176,25.21,26.4,25.16,26.08,18276100.0,25.78,26.3,25.7,26.21,12854000.0,3.3338528659437827,-9.19039617002619,0.21811013608036944,-6.039043622027222,0,3.936945351082251,0.7689350249903856,0.36599395348260344,3.4235499746380285,-3.191493920941312,3.219058686024187,-12.692917069748747,0.6458004881435773,0,0.08811121915570867,-34.0,-32.0,-2.0,-2.9282716520412038,-2.4361712570833163,-3.2833083034812063,0.06381145606069824,-0.016405951926745543,0.0034338038916443825,-0.019458222052651686,0.011188271604938294
2020-11-12,1605157200,2020-11-25,1606280400,0.25,24.20247346020232,27.455587653584853,26.0,26.26,25.13,25.19,16885300.0,25.38,25.62,25.31,25.53,9932350.0,4.899132742514482,-6.379743788342907,2.2953388170779476,-3.6036036036036023,0,0.1668334444931432,1.8348623853211041,-0.060444366792975344,-13.590849280159667,0.30021008036943897,2.9250120435089104,-14.895811952199029,0.5087083008466171,0,-0.13051486344305932,-42.0,-24.0,-18.0,-0.7403055229142126,0.13363943877841677,-0.5861371444486991,0.009739608705001405,-0.005875440658049458,0.003525264394829586,-0.008617312965139123,0.010688836104512989
2020-11-19,1605762000,2020-11-27,1606453200,-0.25,24.468833176006477,27.455587653584853,25.78,26.3,25.7,26.21,12854000.0,25.54,25.99,25.43,25.96,8031350.0,3.397827696153641,-7.742974075198333,0.7678479712378135,-5.052645095017979,0,2.558269969630345,4.424778761061952,0.841318979714955,-15.643334278749691,-1.5359712646838801,2.8251767750389947,-15.356231137311878,0.4180710860613699,0,-0.14566306076950913,-46.0,-24.000000000000004,-21.999999999999996,-2.172573189522339,-1.3797335047174215,-2.145261173744643,0.03316973127482803,-0.016178736517719616,0.0011556240369798854,-0.020416024653312825,0.01684292988640812
2020-11-20,1605848400,2020-11-30,1606712400,0.25,24.468833176006477,27.257048750132583,26.15,26.17,25.76,25.85,11156100.0,25.95,25.95,25.3,25.79,15081100.0,3.895816571162783,-6.26882936682,1.6272457024686844,-4.068760501486366,0,1.529186689949995,7.324178110694957,1.183910709238856,-13.634409953367062,-1.0679906801495207,2.8234660666929594,-15.991356413586958,-0.818997398732493,0,-0.0005162538430012819,-10.0,16.0,-26.0,-1.1865063978285946,-0.6601668307517059,-1.4413992529785276,0.03527969461403,0.006203955021326202,0.006203955021326202,-0.018999612252811104,-0.006548536209553202
2020-11-27,1606453200,2020-12-15,1608008400,-0.25,24.62619072921216,27.279987462923984,25.54,25.99,25.43,25.96,8031350.0,26.42,27.09,26.37,26.93,21225900.0,0.5690774414293998,-6.60695341617874,-1.0756281718034444,-5.279118702809754,0,6.47489632045977,6.822689408964691,8.3638354357604,2.557073309075932,-2.4048501242931337,2.4916503434189123,-12.360745192384723,1.1773557251258024,1,0.3316964534842816,26.0,72.0,-46.0,-3.0189379873746702,-2.8026148481028628,-4.25665932492214,0.03423744320286118,-0.018937987374675003,0.005941329372447068,-0.02079465280356474,0.028255059182894282
2020-11-30,1606712400,2020-12-31,1609390800,0.75,24.62619072921216,28.59566129414509,25.95,25.95,25.3,25.79,15081100.0,27.44,27.86,27.26,27.73,11988850.0,4.895392499898804,-7.463008799934869,0.6899867772568911,-3.370597427575433,0,6.7772236516866755,6.900539707016187,20.75759455900262,6.514658356389468,0.15324657448898904,2.2497385628038975,-2.9654230193483,0.6656180095424022,0,0.11523517305496385,26.0,72.0,-46.0,-1.2838081500180323,-1.1570158471546677,-4.088721475843741,-0.04282696159902255,-0.010457987738910934,0.004688063469166837,-0.016949152542372836,0.00909752547307141
2020-12-01,1606798800,2021-01-06,1609909200,0.25,25.936900146692363,28.59566129414509,25.8,26.48,25.5,26.42,18525950.0,26.71,27.15,26.7,26.87,12599050.0,8.181585320101334,-4.2292220897329145,4.338171442749044,-0.33246495472025117,0,0.20060325182576122,-0.2598366740905727,9.541931384386107,6.5773399582114465,3.4671690845605667,2.5362287893465965,-3.958578741326825,-0.7778716850829326,0,0.012503629281160557,14.0,56.0,-42.0,1.976181615184231,1.4177027508946622,-0.9375115103076013,-0.1888459170292356,-0.005954596203944895,0.010420543356903567,-0.006326758466691507,-0.008487084870848705
2020-12-16,1608094800,2021-01-15,1610686800,-0.25,26.037976849988755,28.59566129414509,27.6,28.44,27.51,28.01,36022450.0,28.1,28.36,27.98,28.11,11144400.0,2.9381546651908934,-4.756013078566895,1.3619115380054723,-3.0920194474089726,0,6.891571246929274,0.3570153516601138,12.797601695233698,-1.6060048333812347,-1.6858483663952342,2.408256443020789,-4.90921772932467,-0.7302500944723873,0,-0.13729354534531302,-14.0,28.0,-42.0,-0.9089292066880006,-1.7205151226233966,-4.126900949289109,0.0004100743881265134,-0.00035574528637483116,0.008893632159373999,-0.004624688722874359,-0.004603399433427691
2021-01-04,1609736400,2021-01-20,1611118800,0.75,26.037976849988755,29.745960759126515,27.73,27.8,26.25,26.38,27229250.0,28.88,29.67,28.75,29.61,15480700.0,-1.1315401204384727,-10.172073523600687,-3.4385905662501273,-7.920184622312291,0,14.986107726311687,4.370814240394778,18.149685918437193,10.11414363309752,-6.200598943885211,2.4155240879133038,-1.7146045650203448,1.0387184243541885,0,0.028337742578277134,50.0,96.0,-46.0,-5.65180682201958,-5.780765102415799,-8.422698370220331,0.10971733769528391,-0.02465383316447145,0.0020263424518744966,-0.029044241810199267,0.035676810073452137
2021-01-07,1609995600,2021-01-22,1611291600,0.75,27.279987462923984,31.023713499761403,27.02,27.57,26.97,27.36,12708350.0,29.85,30.15,29.68,29.88,12123650.0,0.047854353285913476,-12.032459440300642,-3.801316376617578,-8.17547969656404,0,15.368652962004163,4.731861198738162,24.676692593977613,15.720489535457176,-6.050869447081936,2.3183721165420326,2.630883378007148,-0.8285857770279922,0,0.08243565844280784,46.0,48.0,-2.0,-5.992302543507364,-5.374241648407235,-8.514965064410916,0.19824354400133293,-0.0010040160642569296,0.009036144578313143,-0.00669344042838016,-0.006318589956767595
2021-01-19,1611032400,2021-01-25,1611550800,0.25,28.481398447048473,31.023713499761403,28.44,28.66,27.84,28.59,11837200.0,30.08,30.2,29.37,29.73,10388950.0,1.266326329661993,-11.79441243797011,-3.0373360242179785,-7.514295324587948,0,14.058685366647495,5.350815024805108,26.08641778663617,20.788635256088966,-4.668866037248989,2.3630495049483136,3.8242184780381514,-0.7282093058433523,0,0.20020800520381543,42.0,48.0,-6.0,-5.264043054154058,-4.430452594995842,-7.73756662914289,0.18573152613860788,0.011772620248906795,0.015808947191389144,-0.012108980827447047,-0.005020080321285092
2021-01-21,1611205200,2021-01-26,1611637200,-0.25,28.481398447048473,31.023713499761403,29.54,30.17,29.53,30.07,15510250.0,29.88,29.94,29.63,29.79,7153400.0,1.7420451449100511,-12.134794389623067,-2.961844019245845,-7.456640930961171,0,14.359412254826935,5.4513274336283155,27.351107858341482,19.645859243005475,-4.253398803814804,2.2641706305267206,4.932315356638366,0.5093570341171092,0,0.1383913100937343,38.0,48.0,-10.0,-5.196374622356501,-4.1826591814691625,-7.612671009706162,0.16737263009334313,0.0030211480362538623,0.0050352467270897705,-0.0053709298422289775,0.0020181634712410634
2021-01-25,1611550800,2021-01-29,1611896400,0.25,28.481398447048473,30.960054334627554,30.08,30.2,29.37,29.73,10388950.0,29.49,30.05,29.42,29.6,12421500.0,3.7100429431419855,-11.132340240439277,-1.3688063063063112,-6.08164414414415,0,11.74481231959691,7.714701601164487,26.63699210755504,10.943756130229971,-1.927537180972351,2.2937128902151387,5.16388068616839,-0.8890311739570229,0,-0.018176992472196365,26.0,48.0,-21.999999999999996,-3.7111486486486456,-2.7104951865586884,-6.257513897723101,0.05741418574909085,-0.003716216216216317,0.01520270270270263,-0.0060810810810810745,-0.00033772374197904576
2021-01-26,1611637200,2021-02-03,1612328400,-0.25,28.520873867589835,30.97590168503981,29.88,29.94,29.63,29.79,7153400.0,29.9,30.59,29.23,30.0,33316400.0,3.4918705280458227,-10.338537194712487,-1.1666666666666714,-5.739999999999995,0,11.997570908497131,10.701107011070105,29.094622971164725,11.97787263903345,-1.4449166777869777,2.4844861723294307,5.52506982718705,-2.2787745871942287,0,-0.04165859538955777,46.0,80.0,-34.0,-3.423333333333318,-2.789324694756999,-6.578879283627813,0.0538841506935559,-0.0033333333333334103,0.01966666666666672,-0.025666666666666615,-0.015101772816808912
2021-01-27,1611723600,2021-02-04,1612414800,0.25,28.406311264144186,30.97590168503981,29.6,29.96,29.2,29.33,14645750.0,30.12,30.21,29.48,29.59,18784850.0,4.625591112127921,-7.876689456163049,0.7322293567646625,-3.999098794637831,0,8.451205935957773,10.12281354670636,27.025518984530322,2.6953604487508542,0.380373099046011,2.5152068923103315,4.312866425609283,-1.2715759253318697,0,-0.054300040041716215,42.0,80.0,-38.0,-1.6255491720175712,-1.3050018120849813,-5.077200529413673,5.563527208807262e-05,0.017911456573166618,0.020953024670496756,-0.0037174721189591198,-0.013666666666666716
2021-02-01,1612155600,2021-02-12,1613106000,-0.25,28.406311264144186,31.08377814732439,29.9,30.33,29.59,30.18,13330700.0,30.8,30.87,30.44,30.55,7493850.0,2.44879738089719,-6.677929950455265,0.06764866339332798,-4.456082924168044,0,11.57666914420058,8.179886685552416,28.393611488640875,10.752937822834241,-1.3287665461458857,2.303871524229686,3.2613513067634656,-0.5133802491252528,0,-0.07083472610957668,38.0,72.0,-34.0,-2.1145662847790447,-2.312326647499688,-6.303660258011249,0.012123944106280371,0.008183306055646433,0.010474631751227426,-0.0036006546644844484,-0.010045366169799008
2021-02-04,1612414800,2021-02-22,1613970000,0.25,28.406311264144186,31.08377814732439,30.12,30.21,29.48,29.59,18784850.0,29.15,29.2,28.58,28.61,15298100.0,8.874496023538697,-0.01046246883750257,6.945124082488647,2.0971688220901967,0,-3.171998312571077,-4.250334672021418,7.468000888849858,-9.612867964653745,4.856600308676278,2.416103781343905,-2.137408207446846,-1.041663403971423,0,-0.14083794695049373,18.0,64.0,-46.0,4.432016777350583,3.294088747000231,0.37048905782801,-0.2796102675132925,0.018874519398811573,0.02062216008388673,-0.0010485844110451614,-0.0178510127016821
2021-02-05,1612501200,2021-02-23,1614056400,-0.75,27.067041259528295,31.08377814732439,29.74,30.27,29.54,30.14,16191950.0,28.22,28.46,27.0,28.32,19439000.0,10.34093726738486,0.1640062354399987,7.826624293785315,2.7065677966101305,0,-5.099850180301992,-4.742684157416751,2.9619955661916118,-20.230613191246533,5.008836848150125,2.672572335036417,-0.9095140974483513,-1.3117354606314375,0,0.0293804838780599,14.0,-36.0,50.0,5.252471751412415,3.937371707663857,1.3434591401341152,-0.3148384391564642,-0.0035310734463277482,0.004943502824858781,-0.04661016949152541,-0.010136315973435783
2021-02-16,1613451600,2021-02-24,1614142800,-0.25,27.067041259528295,29.828184315579755,30.59,30.62,29.53,29.68,17513800.0,28.35,29.02,27.98,28.98,13765050.0,7.84190961524385,-2.4105776621727415,5.302507476420487,0.04715896020243804,0,-0.15342997858096652,-2.7190332326283944,1.3714608880142556,-9.677307125758873,2.231375672721626,2.6814902663585896,-0.7304102616851722,0.9228518129295997,0,0.07540493395077191,10.0,-36.0,46.0,2.715665976535547,1.4207186704455808,-0.9267436774642874,-0.28170306943262363,-0.021739130434782594,0.0013802622498273465,-0.03450655624568666,0.02330508474576276
2021-02-23,1614056400,2021-02-25,1614229200,0.25,26.992980049246256,29.828184315579755,28.22,28.46,27.0,28.32,19439000.0,28.94,28.96,27.91,28.21,12365250.0,11.081668781657996,-0.440052333589918,8.02670447831737,2.525109299302855,0,-5.103139849647448,-3.8186157517899675,-2.2219801344044825,-8.071133909899828,4.676180483428041,2.8288465157946403,-0.49715878438231087,-0.8261576329007869,0,0.11999477957849508,6.000000000000007,-43.99999999999999,50.0,5.320808224034025,3.7900712586228025,1.7077836694866733,-0.29807296821770435,0.02587734845799372,0.026586316908897567,-0.010634526763559027,-0.02657004830917875
2021-02-24,1614142800,2021-03-02,1614661200,-0.25,26.992980049246256,29.890526867984505,28.35,29.02,27.98,28.98,13765050.0,29.87,30.12,29.45,29.51,15955100.0,6.057672183434406,-5.149505460289717,3.097255167739732,-2.3144696712978856,0,3.1433756852536163,-2.2200132538104644,-0.2036917870884161,-5.920353054236017,-0.8972194950783745,2.7497160519611286,-3.3045815294350227,-1.086931493429743,0,0.017583538038725453,-6.0,-44.0,38.0,0.4540833615723301,-0.7008327239991132,-2.517087188772635,-0.10655573594027262,0.012199254490003364,0.02067095899695026,-0.0020332090816672643,-0.0063973063973062905
2021-02-25,1614229200,2021-03-04,1614834000,0.25,26.888002858590085,29.890526867984505,28.94,28.96,27.91,28.21,12365250.0,28.05,28.17,26.45,27.02,26136050.0,16.241552190077726,1.2269896307957282,11.929434986429797,5.589686651862834,0,-9.933778237740043,-9.933333333333334,-8.157999352821278,-16.018621299023167,6.575434866836247,3.397588407147393,-1.9682794505209351,-1.7939231313370783,0,-0.11079107287192327,-14.0,-64.0,50.0,8.73427091043672,7.2806531065120055,6.128095378954157,-0.249182721479179,0.03811991117690594,0.042561065877128046,-0.021095484826054833,-0.040482954545454586
2021-02-26,1614315600,2021-03-08,1615179600,-0.75,25.09001255358275,29.890526867984505,28.59,29.2,28.24,28.84,24787500.0,26.66,27.24,26.12,26.7,17262450.0,18.39902594449822,-0.7136326860712785,12.329588014981269,5.273408239700373,0,-11.127645176035266,-11.413404114134044,-15.829155874839643,-11.102916803441026,5.654118240699944,3.7735381316650827,1.529190005675737,1.1656913996541913,0,0.026925372963473266,-21.999999999999996,-68.0,46.0,8.842696629213464,6.9962794928619445,6.823971625312069,-0.3425417630470276,-0.0014981273408238849,0.020224719101123556,-0.021722846441947552,0.0018761726078799779
2021-03-03,1614747600,2021-03-10,1615352400,-0.25,25.09001255358275,28.82659653994845,29.34,29.55,28.11,28.16,15836150.0,28.6,29.07,28.09,28.33,15423850.0,10.134109962825931,-6.45956001577332,5.241204847629135,-1.6137192610895568,0,-1.5817512206567272,-8.642373427926485,-11.736017329011254,3.4800181589431745,-0.6684942637085811,3.7771555557878997,0.707907618345434,-1.004674216691394,0,0.07803353150535407,-30.0,-68.0,38.0,1.8372749735263056,0.7546337302466668,0.6548745444697062,-0.14299465295767255,0.009530533003882846,0.026120720084715998,-0.008471584892340234,-0.007705779334501006
2021-03-05,1614920400,2021-03-17,1615953600,0.75,25.09001255358275,30.7488533366299,27.18,27.18,25.13,26.65,27570750.0,29.4,29.65,28.91,29.57,11991600.0,3.145453767516898,-9.344303953516246,0.07383609514147338,-6.584939691128412,0,4.063309788381915,1.3018156903048954,0.7397432882941373,13.588411380796686,-4.166356326197345,3.327333576445076,-4.889439808556762,-0.7865626067522802,0,0.15268085814670967,-46.0,-64.0,18.0,-3.099425092999681,-2.236710413994203,-2.989484851204864,0.17951041609710586,-0.005749070003381873,0.002705444707473692,-0.022319918836658736,-0.0026981450252950845
2021-03-09,1615266000,2021-03-19,1616126400,0.25,26.888002858590085,30.7488533366299,27.46,28.68,27.4,28.55,27806000.0,28.76,28.87,28.39,28.42,21138200.0,7.008370704376873,-5.804992801491608,4.04527328172648,-3.0272108843537353,0,-2.013065415436131,-2.4373498111912024,-1.016140856772799,-1.8531782539914445,-0.5188807071290285,3.3530899304844737,-5.939844434467311,-1.3735311906501475,0,-0.04037777914834439,-46.0,-56.0,10.0,0.6016889514426396,1.4588933070676973,0.8865593568413601,0.06411865787732789,0.011963406052075909,0.015833919774806526,-0.001055594651653835,-0.005946135012241949
2021-03-11,1615438800,2021-03-23,1616472000,-0.25,27.04580472550684,30.7488533366299,28.8,29.37,28.73,29.24,17797200.0,28.9,29.5,28.89,29.03,12808350.0,4.960412873995665,-7.643843807512695,1.939947181077045,-4.694568836835472,0,1.222812968053539,2.5070621468926584,-0.29973441540326573,3.493283362368473,-2.7375004341883766,3.1610198939728633,-7.844746960167562,0.8394774592238965,0,0.04563771388560338,26.0,24.0,2.0,-1.3417154667585152,-0.5924990450055958,-1.1566785684941152,0.06008861167179054,-0.004478126076472688,0.016190148122631642,-0.004822597313124399,0.0048459674627898686
2021-03-18,1616040000,2021-03-25,1616644800,0.25,27.04580472550684,30.520952747298615,29.2,29.32,28.51,28.59,14242600.0,28.29,28.73,28.14,28.64,15081350.0,6.32254581459992,-6.350478775493755,3.2309124767225086,-3.242551210428303,0,-0.831137674582827,1.5242821694434587,-1.4128415499742288,9.661489635891435,0.056387545316226806,3.0904730203268307,-8.565163808923195,0.9849755045196401,0,0.03617767647784266,18.0,24.0,-6.0,-0.013966480446910623,0.5689290728583956,0.15106609722832331,0.010160801502339376,-0.01222067039106145,0.003142458100558576,-0.017458100558659262,0.006324666198172846
2021-03-22,1616385600,2021-03-26,1616731200,-0.25,27.19253429993734,30.520952747298615,28.75,29.21,28.58,28.89,12880800.0,28.73,28.95,28.15,28.91,14914550.0,5.347998794884788,-7.219323595991639,2.2235673930589144,-4.134094315692366,0,0.6873556852747527,0.24271844660194272,-1.0285917755985563,9.438624404100018,-0.3085132011122056,3.040581397756796,-9.048921368657941,0.9682695977609478,0,0.09823675753012212,14.0,24.0,-10.0,-0.9356624005534258,-0.33504892970529454,-0.7535216675101566,0.019489898038553333,-0.006226219301279867,0.0013836042891732792,-0.026288481494292637,0.00942737430167595
2021-03-24,1616558400,2021-04-01,1617249600,0.25,27.19253429993734,30.408854287713133,29.12,29.18,28.4,28.46,10909550.0,28.76,29.09,28.65,28.77,10851650.0,4.8517389617036315,-5.960532844220182,2.1312709998841513,-3.3501332406441975,0,0.2404475500975849,6.476683937823833,-2.813354793465427,-0.24285528989106808,0.18372906574593628,2.837513727174041,-11.011774589373063,0.7118535974562418,0,-0.2112463438062735,-2.0,24.0,-26.0,-0.5543969412582754,-0.24643036111464767,-0.3907754182798584,-0.015172629299875035,-0.00034758428919001716,0.011122697254084102,-0.004171011470281538,0.01231527093596041
2021-03-26,1616731200,2021-04-07,1617768000,-0.25,27.27378577416696,30.408854287713133,28.73,28.95,28.15,28.91,14914550.0,30.07,30.93,29.88,30.0,27191200.0,0.05637789154707207,-7.023044558213726,-1.1388888888889,-5.662222222222198,1,6.996785929313809,5.0788091068301195,3.7003237683617303,9.956670212626022,-3.47176226937448,2.7557785232988503,-10.971775952390024,1.7558133648242225,0,-0.3176092895709211,50.0,88.0,-38.0,-3.48333333333332,-3.5329084275092413,-4.115925921105855,0.13830720717355668,0.0023333333333332984,0.030999999999999917,-0.0040000000000000036,0.008403361344537785
2021-03-29,1616990400,2021-04-20,1618891200,0.75,27.27378577416696,31.705326425474485,28.7,28.99,28.34,28.49,9868950.0,31.1,31.1,30.26,30.64,12440900.0,3.387550082115439,-9.585330760966599,-0.8926240208877232,-5.168080939947785,0,7.6827618408863785,6.057459328487366,19.640107263481614,29.429656786791043,-1.7740789584955223,2.43828644682459,-2.838946058948377,-0.8608282561517783,0,-0.1296184758802249,46.0,52.0,-6.0,-3.09889033942558,-2.1311945644394967,-4.21650827263592,0.11375911876990075,0.015013054830287142,0.015013054830287142,-0.012402088772845876,-0.011612903225806437
2021-04-05,1617595200,2021-05-04,1620100800,0.25,28.82659653994845,31.705326425474485,29.12,29.2,28.84,29.04,9212050.0,29.32,29.32,28.65,29.0,13046550.0,7.9161272984248825,-0.4850928156662775,6.172988505747142,1.5005747126436688,0,-4.185213957952456,-2.5210084033613445,-0.14023141311757092,-20.510484743024705,2.9249325380714453,2.3924165707793965,-11.263598221783411,-0.8478357542466521,0,-0.12507653731888707,6.000000000000007,52.00000000000001,-46.0,3.7155172413793025,2.3349973179033157,1.3973458767540876,-0.15290556808084596,0.011034482758620623,0.011034482758620623,-0.012068965517241459,-0.014276002719238678
2021-04-08,1617854400,2021-05-11,1620705600,-0.75,27.6335812313422,31.705326425474485,30.3,30.6,30.02,30.48,12262200.0,27.49,28.02,27.2,27.87,18094200.0,12.503480976898913,-0.8457845291055861,8.212534385838993,3.687955986126056,0,-10.601500336835493,-9.365853658536583,-16.533874720982507,-27.28145757310908,4.47833909463138,2.530195701641682,-7.092728074915332,1.2056056645649533,0,-0.14619149859779265,-14.0,-60.0,46.0,5.828848223896642,4.3460258916373675,4.714325845961326,-0.24591881713537578,-0.013634732687477613,0.005382131324004336,-0.024040186580552625,0.0010775862068965747
2021-04-21,1618977600,2021-05-18,1621310400,-0.75,26.312233111062746,30.246357480220347,30.66,30.72,29.94,30.15,26297550.0,26.8,26.95,26.28,26.49,17535150.0,16.651020601162855,-1.513232756693256,10.319617465710323,5.264879828866228,0,-15.01137650183206,-13.54438642297651,-30.943973095475684,-24.37303865438976,5.651202528473348,2.7707468938509456,1.5200228070491804,-1.2174099167759733,0,-0.21679308755044424,-34.0,-72.0,38.0,7.568893922234807,6.235196132694654,8.470711148519072,-0.27079205065243284,0.011702529256323313,0.017365043412608472,-0.007927519818799467,-0.005257228689448001
2021-05-05,1620187200,2021-05-19,1621396800,-0.75,25.00959611527431,28.897362577721413,29.19,29.22,28.41,28.53,10330400.0,26.18,26.34,25.9,26.14,19478950.0,17.75905749300206,-1.274742267294343,10.939173680183629,5.946824789594473,0,-16.632610886420224,-13.300165837479264,-33.003750878694994,-31.344517540696557,6.016026402081053,2.768505049282572,3.3322024087889375,-1.3681812715949695,0,-0.23577754531986075,-38.0,-88.0,50.0,8.242157612853845,6.928328351999397,9.533933253738724,-0.2631976761292927,0.0015302218821728886,0.007651109410864443,-0.009181331293037553,-0.013212533031332518
2021-05-12,1620792000,2021-06-11,1623384000,-0.25,25.00959611527431,27.64011032143772,27.61,27.7,26.76,26.84,15079450.0,26.9,27.36,26.89,27.34,21501800.0,0.6744411738703917,-4.288193917103726,0.15484028285783324,-3.5759570836381442,1,-2.391729321255198,3.364839319470702,-17.14808964196583,6.436153798527002,-1.2933034124199736,2.102741294827091,0.8102387672919669,1.3227735217428538,0,-0.058957906431734645,-46.0,-32.0,-14.0,-1.8068763716166671,-0.8376831278836363,1.739208512850297,0.11392881350183026,-0.01609363569861011,0.000731528895391298,-0.016459400146305758,0.01673484566753447
2021-05-19,1621396800,2021-06-14,1623643200,0.75,25.00959611527431,28.705139864161577,26.18,26.34,25.9,26.14,19478950.0,27.92,28.15,27.62,27.83,22234850.0,-0.5475297232689513,-6.268855472562876,-1.4798179422685394,-5.091028865732412,1,1.6813118003163794,2.6179941002949754,-12.613800757714827,7.32911716544853,-2.763762851264488,2.1260620887209196,-0.1046543933577091,1.348976797078546,0,-0.056505726280087716,-42.0,-24.0,-18.0,-3.408192597915914,-2.337564597317794,-0.05006018591515726,0.1696701096168265,0.003233920229967824,0.01149838303988493,-0.007545813869924478,0.017922457937088465
2021-05-20,1621483200,2021-06-15,1623729600,0.25,26.312233111062746,28.705139864161577,26.76,27.06,26.72,26.84,26595300.0,27.74,27.84,27.14,27.41,17604300.0,1.2025124476467113,-4.774201612185152,0.17572662045483867,-3.509059953788153,1,-1.7061725116617978,2.9290274126924567,-10.368646047032481,1.2595549252863947,-1.1515761237358788,2.1868661152820703,-1.8718529314845753,-1.057277405729056,0,-0.07310265978488951,-46.0,-24.000000000000004,-21.999999999999996,-1.7858445822692346,-0.7609910045407844,1.4233637546573732,0.17280273618813652,0.012039401678219486,0.015687705217074077,-0.009850419554906953,-0.015091627739849067
2021-06-14,1623643200,2021-06-21,1624248000,-0.25,26.561154317479854,28.71785518225574,27.92,28.15,27.62,27.83,22234850.0,27.8,28.64,27.7,28.53,17742650.0,-0.7928494540114599,-8.386961271540613,-2.727538263815873,-6.491996728589783,0,7.001543886604196,7.25563909774436,2.5764908947916902,8.542130360196246,-4.4213548219840675,2.163733685965674,-4.680488816197485,1.056284783281426,0,0.07565954360380109,50.0,88.0,-38.0,-4.589905362776037,-3.6738468399203015,-2.4385436939415257,0.2400633074754627,-0.025587101296880466,0.0038555906063793,-0.029092183666316274,0.019292604501607746
2021-06-15,1623729600,2021-06-24,1624507200,0.75,26.561154317479854,29.82807870812578,27.74,27.84,27.14,27.41,17604300.0,29.35,29.81,29.24,29.78,17415550.0,-1.3674383265481396,-13.421010296688905,-5.714125811506605,-9.313857174837707,0,14.847664502292474,10.624071322436848,17.252644317559405,32.22542898397593,-7.010376125714117,2.0250142758158924,-1.7203239822520757,1.0332188196392114,0,0.276359939663777,50.0,52.0,-2.0,-7.3942243116185296,-6.126677006691523,-5.980384394935186,0.33350705884533505,-0.014439220953660126,0.001007387508394908,-0.018132975151108233,0.023016145654414455
2021-06-16,1623816000,2021-06-29,1624939200,0.75,27.64011032143772,30.919603885362108,27.54,27.69,27.1,27.67,15368950.0,30.16,30.74,30.06,30.69,14399600.0,0.08764777203215601,-17.350599873693923,-6.9946779624199,-10.57239057239056,0,18.33024882296027,12.747979426892,30.933851993608023,43.33153940379461,-7.002792373849829,2.024060321532743,3.9839067561658617,0.8160526549933892,0,0.5419601205935345,50.0,64.0,-14.0,-8.631476050830884,-6.82670354019433,-7.878198729108206,0.3793971226963152,-0.01726946888237213,0.001629195177582199,-0.02052785923753675,0.017572944297082227
2021-06-22,1624334400,2021-06-30,1625025600,0.75,28.71785518225574,32.02086875941029,28.52,29.02,28.41,28.95,15042500.0,30.7,31.12,30.63,31.01,21023850.0,0.5200379049415318,-18.456187534093402,-7.313769751693002,-10.935182199290566,0,19.79950863655857,13.798165137614685,34.825453652284764,43.557429582566996,-7.012979327770381,1.9729565266548084,6.023121568037993,1.1799823192217314,1,0.5166405865009139,50.0,68.0,-18.0,-8.968074814575942,-7.046450609362154,-8.482598295818704,0.38178238162396727,-0.009996775233795607,0.003547242824895269,-0.012254111576910809,0.010426849136526473
2021-06-25,1624593600,2021-07-01,1625112000,0.25,29.82807870812578,32.02086875941029,29.87,30.42,29.77,30.38,33318500.0,30.88,30.93,30.5,30.76,17266150.0,2.3404567301684978,-17.46399379128681,-5.962288686605987,-9.544863459037728,0,17.234365040714778,15.3788447111778,36.717592370049886,36.38872288416506,-5.394402057181736,1.9653491654057986,7.569142928601877,-0.9790031004519557,0,0.46246483214838097,46.0,68.0,-21.999999999999996,-7.561768530559149,-5.6918357708373435,-7.435314059839328,0.34340125563214186,0.0039011703511051543,0.005526657997399154,-0.008452535760728241,-0.00806191551112545
2021-06-30,1625025600,2021-07-09,1625803200,-0.25,29.831429359460223,32.02086875941029,30.7,31.12,30.63,31.01,21023850.0,31.5,31.93,31.47,31.85,10631050.0,2.911158164113246,-16.66312048750413,-5.344845630559917,-8.952380952380963,0,21.24220959163567,18.445518780215696,46.282988083791935,34.711468479282516,-4.747348463396108,1.8721413456599925,14.437932499536103,0.6253448836399877,0,0.5536373997389109,50.0,92.0,-42.0,-6.875981161695449,-5.757840451267768,-8.850594484701375,0.2159715228210911,-0.010989010989011061,0.0025117739403452966,-0.011930926216640603,0.01046954314720816
2021-07-01,1625112000,2021-07-14,1626235200,0.75,29.831429359460223,33.08868610477596,30.88,30.93,30.5,30.76,17266150.0,32.3,32.46,32.04,32.4,12260100.0,3.039577602658653,-15.545750442164845,-4.807613168724288,-8.261316872427969,0,22.536502962017195,18.205034658883612,50.101773834684295,34.64511313188643,-4.333944799770734,1.758225139752927,17.364169870229325,0.7205586035053421,0,0.4694358423198525,50.0,96.0,-46.0,-6.253086419753089,-5.537445396330725,-9.261076047041257,0.15343569866589146,-0.0030864197530864335,0.0018518518518519933,-0.011111111111111072,0.007776049766718529
2021-07-02,1625198400,2021-07-20,1626753600,0.25,30.919603885362108,33.08868610477596,31.0,31.44,30.94,31.33,12687400.0,31.43,31.74,31.13,31.49,22654200.0,4.565185006765972,-7.432762015340117,0.20588546628559357,-3.430189478141216,0,11.600713487009322,10.375043813529608,36.03963871643765,13.783278596873927,-0.06882493917670729,1.981507594530368,11.343657339673186,1.3099534477393961,1,0.2241869042254266,34.0,80.0,-46.0,-1.4337885042870653,-2.0457331521652122,-5.729030358742492,-0.11690967477619041,-0.0019053667831057108,0.007939028262940573,-0.011432200698634487,0.015151515151515138
2021-07-12,1626062400,2021-07-21,1626840000,-0.25,30.93032596516023,33.5849842130933,31.78,32.36,31.78,32.31,14282100.0,33.14,35.57,33.14,35.12,71213400.0,-3.9766472630088856,-17.50968531102299,-9.06416097190585,-12.84263477600605,0,25.269819409465754,21.312607944732292,41.11352089835596,21.826721827218336,-7.741305324847943,2.4796000731632297,12.691630631856604,3.855890678779249,1,0.31143580807321364,50.0,96.0,-46.0,-10.743166287015953,-11.011203224688103,-14.866090007282168,0.09809466983582071,-0.056378132118450885,0.012813211845102535,-0.056378132118450885,0.11527469037789762
2021-07-15,1626321600,2021-07-22,1626926400,0.75,30.93032596516023,35.20895219661196,32.45,32.45,31.4,31.64,13975250.0,34.95,36.13,34.82,35.97,29130650.0,-3.8172462279272565,-19.980362890782786,-10.157538689648788,-14.121953479751653,0,27.264655380796455,23.565784953624185,45.74892971650408,29.58866801889647,-8.62421956044517,2.5082136093637644,14.155530886699275,1.5586674584142568,1,0.36713241774244654,50.0,96.0,-46.0,-11.898804559355028,-11.865119991222699,-16.215995340197296,0.27302162311090705,-0.02835696413678057,0.0044481512371421505,-0.0319710870169585,0.02420273348519375
2021-07-21,1626840000,2021-07-28,1627444800,0.75,32.01748023084243,36.84420818130786,33.14,35.57,33.14,35.12,71213400.0,36.53,36.68,35.97,36.33,14032600.0,2.546715960133511,-21.269534567345218,-7.516285897788805,-11.631342324983947,0,23.704546221236754,18.377321603128046,52.05031127017481,31.2260748692093,-6.476623069759256,2.4355526808395234,19.4117340960831,-0.7421236033552792,0,0.35295779806076355,46.0,92.0,-46.0,-9.361409303605853,-8.432707819239923,-14.478320993470135,0.38124179646280276,0.005505092210294604,0.009633911368015502,-0.009909165978530088,-0.010081743869209903
2021-07-22,1626926400,2021-08-24,1629777600,0.75,33.5849842130933,38.41700597855119,34.95,36.13,34.82,35.97,29130650.0,38.33,38.55,38.22,38.41,7086000.0,0.10067320198569973,-4.745296997872202,-0.9676299574763476,-3.8496919205067996,0,21.58074277352351,4.6594005449591105,41.66464551957477,-0.6704433967016428,-1.9773104791372447,1.6495011715680044,22.81914297469013,0.48019139347395096,0,-0.02642287877507551,50.0,96.0,-46.0,-2.3223118979432513,-3.6283178249443324,-10.036317805724096,-0.18381578190284698,-0.0020827909398594135,0.003644884144754057,-0.004946628482166093,0.004445606694560622
2021-07-23,1627012800,2021-08-25,1629864000,0.75,35.20895219661196,39.5286929471214,36.18,36.67,35.68,36.62,22011700.0,38.64,38.82,38.41,38.49,8843550.0,-0.03076225133519017,-4.458715535102868,-0.9205854334459218,-3.718714817701567,0,21.89857181856729,5.9454995871180945,42.044798504634436,-1.7445544419662937,-2.0620011183261795,1.60458267453337,23.089754734330576,0.6064952194922834,0,-0.10559363397740257,50.0,96.0,-46.0,-2.2447388932190364,-3.4639919650943654,-9.822390016747562,-0.15729034814245568,0.0038971161340608518,0.008573655494933607,-0.0020784619381658542,0.0020827909398595246
2021-07-29,1627531200,2021-09-13,1631505600,0.25,36.84420818130786,39.5286929471214,36.33,37.06,36.33,36.92,11157150.0,38.02,38.06,37.04,37.34,15258200.0,3.827152806178063,-0.4956048683098402,3.17711123013747,0.31155150865917847,1,5.511737198171552,-1.1122881355932062,22.688033719035687,-1.0028126075245893,2.156786635574349,1.586823847813599,11.550020353205753,-1.1685638540014325,0,-0.3561642611861404,2.0,20.0,-18.0,1.6657739689341327,1.1219171397395087,-3.6315062073213653,-0.23145317397500942,0.01821103374397426,0.019282271023031594,-0.008034279592929905,-0.01788532351394001
2021-08-25,1629864000,2021-09-14,1631592000,-0.75,36.26194175204298,39.5286929471214,38.64,38.82,38.41,38.49,8843550.0,37.51,37.51,36.99,37.2,11035250.0,4.301733077739158,-0.2990449056961637,3.5416666666666714,0.6438172043010439,0,4.24752179405057,-0.9320905459387333,18.396947245025594,-6.591113821726651,2.342439536075247,1.5788710295807924,9.30386499018342,-0.847289361227397,0,-0.3673577916055607,-2.0,19.999999999999996,-21.999999999999996,2.00134408602149,1.3593898284173065,-3.140639704452667,-0.26068928181185014,0.008333333333333304,0.008333333333333304,-0.005645161290322553,-0.003749330476700563
2021-08-26,1629950400,2021-09-21,1632196800,-0.25,36.26194175204298,38.417850689042766,38.4,38.49,37.98,38.13,8925700.0,37.91,38.13,37.46,37.95,23420750.0,2.0460118089001185,-1.5796086468448038,1.8019323671497318,-1.2441809398331145,1,7.652744060581753,-0.7583682008368178,13.183692104811485,11.568930122165831,-0.07087453032551139,1.744963382436705,2.1005821760219945,1.648936821833083,0,0.0010608265350040315,-21.999999999999996,20.000000000000004,-42.0,0.2332015810276573,-0.38473510279344225,-4.1355730660972085,-0.13630020575640006,-0.001054018445322935,0.004743083003952542,-0.01291172595520429,0.00689838153356348
2021-09-14,1631592000,2021-09-24,1632456000,0.75,36.26194175204298,39.63397914083224,37.51,37.51,36.99,37.2,11035250.0,38.9,39.0,38.4,38.74,7292600.0,0.537125050377881,-3.825715654404732,-0.07313715367406814,-3.206849079332301,1,11.828544460109235,1.5997901914502999,17.125191716846217,13.458605175005665,-1.8936140994615727,1.6948540911766377,0.8843374529267614,-0.5185665247196934,0,0.0031479161664497365,46.0,28.0,18.0,-1.6442953020134183,-1.7663716812862447,-5.391801835978541,-0.004575215317536685,0.004130098089829559,0.006711409395973034,-0.008776458440888035,-0.0036008230452675427
2021-09-15,1631678400,2021-09-27,1632715200,0.25,37.184127580959135,39.63397914083224,37.16,37.71,36.8,37.6,20666250.0,38.59,38.73,37.68,37.99,13278000.0,2.4481994663381386,-1.9559646677069225,1.9509520049135745,-1.4157234359919215,1,5.280967748548768,-1.016154247003649,14.758754048780462,14.276224494902337,0.049425572612094015,1.8041635343857003,-0.9312908417886945,-0.9433772579011398,0,0.03901383345093864,42.0,28.0,14.0,0.24611739931560805,0.15648787308994372,-3.385845476964832,-0.04314751078423423,0.01579362990260602,0.01947881021321396,-0.008160042116346466,-0.01935983479607639
2021-09-22,1632283200,2021-10-08,1633665600,-0.75,35.855956123452906,39.63397914083224,38.05,38.8,38.0,38.7,11900800.0,36.94,37.09,36.29,36.35,8650200.0,7.5767396682325625,-1.8188304522766146,5.066941769830336,0.833104080696927,0,-4.620697613508561,-4.392425039452923,-10.646599221292536,-5.968342623238179,2.5393096009937324,2.1270793139964463,-1.5342067411039366,-0.7222377798940665,0,-0.15848602798221215,6.000000000000007,-27.999999999999993,34.0,2.878954607977974,2.2743981830624733,0.8739772899639036,-0.1698286504734412,0.016231086657496396,0.020357634112792455,-0.0016506189821183792,-0.015705388572975876
2021-09-27,1632715200,2021-10-11,1633924800,-0.75,34.455618699387024,38.417850689042766,38.59,38.73,37.68,37.99,13278000.0,36.33,36.36,35.52,35.68,12683150.0,9.804390917448956,-0.6480007829198371,6.78671524663676,2.523822869955154,0,-8.448743292473793,-4.4456347080878515,-13.406325596011559,-17.363997027677755,3.9300288634215974,2.180395839664118,-1.0558367263724655,-1.0619321947190368,0,-0.2822236748295028,2.0,-48.0,50.0,4.5781950672645735,3.7953943854528376,2.6596350182555,-0.1992961892309438,0.01821748878923768,0.01905829596412545,-0.004484304932735328,-0.01843191196698768
2021-09-28,1632801600,2021-10-21,1634788800,-0.25,34.455618699387024,37.25012658865694,37.57,37.64,36.57,36.79,15580250.0,36.33,36.99,36.24,36.88,20302750.0,3.127468869840982,-3.9327834034635742,1.677060737527114,-2.260032537960953,0,0.2204192438510688,-5.144032921810699,-7.661858941094332,9.237660038355472,-0.9814184297832043,1.969181308549716,-4.852862592328744,1.6525159647640157,1,-0.005982606369760195,-30.0,-48.0,18.0,-0.4026572668112891,-0.14522878987041565,-0.6778199782800556,0.04834333991857048,-0.014913232104121543,0.002982646420824242,-0.017353579175705014,0.011519473395501967
2021-10-11,1633924800,2021-10-29,1635480000,0.25,34.43125061214724,37.25012658865694,36.33,36.36,35.52,35.68,12683150.0,35.19,35.72,35.12,35.58,9811250.0,5.104521326674444,-1.613796200198891,3.872025482480808,-0.15270751358440293,0,-6.159030274871604,-2.7071369975389716,-16.0259455548765,6.324427425184787,1.7085599296200087,2.0955301008136566,-0.6117785472411263,0.7541753777814265,0,0.031067116627613876,-46.0,-84.0,38.0,1.7453625632377907,1.7643141732780236,2.2480726224377747,-0.08205612166058962,-0.010961214165261413,0.003934794828555299,-0.012928611579539062,0.0008438818565401629
2021-10-12,1634011200,2021-11-02,1635825600,-0.25,34.43125061214724,37.25012658865694,35.95,36.29,35.56,36.07,13058850.0,36.07,36.22,35.96,35.99,10562950.0,3.7842448004934397,-2.80341679271352,2.4335463554691046,-1.2897101046587096,0,-3.159185851219206,-1.666666666666665,-13.70318953130774,7.213243759171704,0.5194559787019557,1.9502957747325689,-0.9152647626376265,-0.8021646625618343,0,-0.023808710021128773,6.000000000000007,-23.999999999999993,30.0,0.4904140038899669,0.5024400000862528,1.003102380409544,0.0027135517791311847,0.0022228396776882153,0.006390664073353536,-0.0008335648791331085,-0.0008328706274292053
2021-10-22,1634875200,2021-11-03,1635912000,0.25,34.43125061214724,37.18058447137764,36.88,37.11,35.47,35.84,30710950.0,35.83,35.9,35.2,35.54,11244900.0,4.953074914945077,-1.748235297612453,3.59923091352465,-0.18523729131494804,0,-5.9818820609103724,-3.1079607415485295,-13.980784686758374,-0.28834106996654185,1.5352988929385702,1.9926941155320503,-0.2057970755326899,-0.8485926028781469,0,-0.061118482158976424,2.0,-24.0,26.0,1.602419808666312,1.6059349578730462,2.192492898846936,-0.000995280647981267,0.008159819921215616,0.010129431626336505,-0.009566685424873267,-0.012503473186996517
2021-11-01,1635739200,2021-11-11,1636606800,-0.25,34.58118984386474,37.18058447137764,35.69,36.17,35.56,36.02,14387750.0,36.31,36.38,36.1,36.32,10336550.0,2.22064090794953,-3.6936585290949324,1.0613986784140792,-2.479350220264294,0,-0.06601669019767797,-1.3311600108666177,-6.285376627480583,20.598213701192066,-1.4023447114444423,1.779988586445868,-3.457943208082373,0.7789086439866305,0,0.1038902909707055,-21.999999999999996,-23.999999999999996,2.0,-0.7365088105727011,-0.5024411000430149,-0.09634931116920598,0.11174835430525398,-0.0002753303964757592,0.0016519823788547772,-0.006057268722466924,0.002207505518763808
2021-11-03,1635912000,2021-11-12,1636693200,0.75,34.58118984386474,38.33751834003999,35.83,35.9,35.2,35.54,11244900.0,36.39,37.31,36.3,37.26,20157050.0,-0.005874592908227783,-6.303840919705834,-1.4005188763642877,-4.97003041689031,0,6.383985130979994,1.74767886400874,-2.217490256150663,24.592392464175944,-3.517732914160547,1.8047684437088443,-4.174125893221607,1.4913127566667035,1,0.20535716348695326,50.0,52.0,-2.0,-3.154857756307024,-2.7256659181526004,-2.5141143538787247,0.17434187790196773,-0.023349436392914535,0.0013419216317767102,-0.025764895330112725,0.025881057268722474
2021-11-04,1635998400,2021-11-17,1637125200,0.25,35.84113286180288,38.33751834003999,35.57,36.18,35.5,36.16,14372550.0,36.72,36.78,35.92,36.12,9746000.0,2.8006487635056487,-3.238079549773616,1.7958656330749392,-2.1327057954964914,0,-1.931313972273486,-0.9325287986834981,-0.38955960776551696,21.25044648397582,0.30143400418982935,1.9801861249175052,-5.482489619035448,-0.730226546304912,0,0.13960204883166058,38.0,52.0,-14.0,-0.21871539313397648,0.5023075047655254,0.6110502105359359,0.10694406660667306,0.01661129568106312,0.0182724252491695,-0.0055370985603542255,-0.0117647058823529
2021-11-12,1636693200,2021-11-19,1637298000,-0.75,34.54536918018197,38.33751834003999,36.39,37.31,36.3,37.26,20157050.0,35.6,35.6,35.06,35.1,13377400.0,5.535225419007148,-0.7545986383803864,4.331433998100678,0.5935422602089062,0,-8.199076397277715,-2.0647321428571486,-5.692119052259001,12.75552113819252,3.0996009850132253,2.0143046919314243,-6.766679178865914,-1.0008481180398359,0,-0.03595465101984236,30.0,52.0,-21.999999999999996,2.390313390313395,2.919791738088051,3.3145129561668085,-0.03709586534156267,0.014245014245014342,0.014245014245014342,-0.0011396011396010985,-0.013490725126475422
2021-11-15,1636952400,2021-11-29,1638162000,-0.75,33.20420559755986,37.12709624021334,37.4,37.92,36.66,36.79,12464800.0,34.05,34.05,33.44,33.56,8068000.0,12.175002176806359,-0.04150992412458265,8.251887167262595,3.9938418752483216,0,-16.021755255165317,-5.677346824058449,-23.87837012505786,-8.574705042388487,5.963799338834747,2.2600562273336955,-1.3316862486290724,-0.6495510867743252,0,-0.011111453036252002,10.0,-40.0,50.0,6.066746126340888,5.112770455703952,6.829808335493425,-0.26250429192372854,0.014600715137067732,0.014600715137067732,-0.0035756853396902155,-0.005334914048606976
2021-11-18,1637211600,2021-12-06,1638766800,-0.75,31.81561188645268,35.84113286180288,36.08,36.14,35.36,35.58,10170000.0,31.95,32.74,31.36,32.47,13133050.0,17.419229946265347,-3.7543084802967712,9.63196797043426,4.31629196181089,0,-16.38797071253279,-9.529116745611596,-39.09318242001796,-42.921526007254684,3.8017621817583347,2.757305640804082,8.473309591588773,1.0519238125873462,0,-0.2711589679750287,-10.0,-56.0,46.0,6.832460732984288,4.9994512958111414,8.422938022466326,-0.29005004511732513,-0.016014782876501377,0.00831536803202959,-0.03418540190945485,0.01978643216080389
2021-11-22,1637557200,2021-12-22,1640149200,-0.25,31.81561188645268,34.96677367703962,35.32,35.34,34.1,34.43,13394300.0,34.7,34.97,34.42,34.89,9309350.0,1.3945480105190882,-8.671704788965627,-0.9787904843794593,-6.34995700773861,0,1.8644332541188007,2.107111501316941,-7.314816664074958,-4.738276609863803,-3.5627302076496647,2.630502838213385,-4.7115646757955965,0.7508469798479086,0,0.1292729721543124,-46.0,-44.0,-2.0,-3.6385783892232837,-2.228007135102615,-0.2841247074861144,0.20893051005270058,-0.005445686443106834,0.0022929206076238717,-0.013470908569790718,0.01189095127610229
2021-11-30,1638248400,2021-12-29,1640754000,0.75,31.81561188645268,36.56249575574762,33.41,33.64,32.7,32.87,15580100.0,34.79,35.24,34.79,34.97,5694200.0,2.9072046390997883,-8.91235190818756,-0.5071013249451823,-5.600038127919163,0,1.9965307990833665,6.388804380894437,2.026099968957325,-12.429387460606016,-2.18100392688045,2.3163101153442964,-5.430512694604467,-0.4727550631127428,0,0.059876706457265505,42.0,60.0,-18.0,-3.0025736345438787,-1.5426555025146627,-0.39056652373039924,0.2414344370345305,-0.005147269087789508,0.007720903631684317,-0.005147269087789508,-0.0025670279520821904
2021-12-07,1638853200,2021-12-30,1640840400,0.25,33.20420559755986,36.56249575574762,33.12,34.54,33.04,34.23,19236850.0,34.8,35.27,34.8,34.94,6361300.0,2.9921381555306965,-8.000724303212436,-0.2451822171341007,-4.999045983590918,0,1.786413596825824,9.051186017478148,3.0608927545298656,-6.173289498028787,-2.0941812283165007,2.248789233659071,-5.604156729007887,-0.5294389019617113,0,0.10589068563357193,38.0,60.0,-21.999999999999996,-2.50429307384087,-1.3192501370183152,-0.2930780247414333,0.21437571805393196,-0.00400686891814539,0.009444762449914323,-0.00400686891814539,-0.0008578781812982328
2021-12-23,1640235600,2021-12-31,1640926800,-0.25,33.55246515220676,36.56249575574762,34.99,35.14,34.66,34.97,8108550.0,34.92,35.24,34.88,34.97,6464650.0,2.8414462924767747,-7.23378258072384,0.002859593937671434,-4.589648269945656,0,1.990629541072991,8.501396214706801,4.0074682595067905,-0.011466757755435708,-2.1310314388009743,2.1599024586638,-5.765397618096781,0.5447896997907187,0,0.11625012336016356,34.0,60.0,-26.0,-2.196168144123533,-1.2702008469313597,-0.3637667934076916,0.18916556185244718,-0.001429796968830388,0.007720903631684317,-0.0025736345438946984,0.0008586147681739487
2021-12-30,1640840400,2022-01-03,1641186000,0.25,33.53331377552557,36.32634587867013,34.8,35.27,34.8,34.94,6361300.0,34.8,34.98,33.65,33.81,14686250.0,5.612129278890336,-2.7106208494316064,3.7902987281868974,-1.0337178349600862,0,-5.6544706515419705,6.1871859296482485,1.4458663808449452,-1.3100535393288837,1.2765988369907006,2.3554173675014787,-6.36853767655094,-1.2494691165350462,-1,0.06451267262435191,30.0,60.0,-30.0,1.4507542147293577,1.91552295217447,2.934898415303593,0.09006144051145307,0.029281277728482547,0.034605146406388565,-0.004732327713694251,-0.03317128967686578
2021-12-31,1640926800,2022-01-04,1641272400,-0.75,32.00810100983395,36.32634587867013,34.92,35.24,34.88,34.97,6464650.0,33.73,33.81,32.3,32.95,21258300.0,8.095611128889118,0.24733272543559792,6.644916540212449,1.6555386949924014,1,-10.219515326710685,1.4782876501386017,-2.960182112115174,-5.23902807572572,3.52623414951789,2.5715946142161834,-5.527633979315517,-1.8381679315385926,-1,0.019144197947779454,26.0,60.0,-34.0,4.171471927162358,4.1397684648419215,5.401063319735357,-0.031222753907686113,0.02367223065250368,0.0261001517450683,-0.019726858877086695,-0.025436261461106113
2022-01-03,1641186000,2022-01-05,1641358800,-0.75,30.447832013120305,34.96677367703962,34.8,34.98,33.65,33.81,14686250.0,32.95,32.95,31.83,31.89,17090000.0,12.51496310988,2.0193736728104454,9.861503083516283,4.825441622243147,0,-14.906615659294161,-6.836108676599465,-9.075153760222129,-13.450712063889654,6.391232989909895,2.718143961384005,-4.368223271894713,-1.4374379321618453,-1,-0.13452035118520125,22.0,60.0,-38.0,7.267168391345223,6.87736422436393,8.55531993118423,-0.17274344034036201,0.03323925995609911,0.03323925995609911,-0.0018814675446848783,-0.032169954476479634
2022-01-04,1641272400,2022-01-06,1641445200,-0.25,30.447832013120305,33.60606507821091,33.73,33.81,32.3,32.95,21258300.0,31.9,32.96,31.8,32.42,14090250.0,10.7685496605054,-0.4693516345954549,7.773493728151351,2.711803413530717,0,-11.116610184638851,-6.785508913168485,-12.177281291614973,-11.735891958255088,4.262469805123175,2.7383029480721044,-3.267711636610379,1.1841113397868637,0,-0.09806999161400713,18.0,60.0,-42.0,5.149599012954951,4.641555414330284,6.514756370231268,-0.2176654169734547,-0.01603948180135728,0.016656384947563163,-0.01912399753238747,0.016619629978049666
2022-01-05,1641358800,2022-01-12,1641963600,0.25,30.385420089198206,33.60606507821091,32.95,32.95,31.83,31.89,17090000.0,31.8,31.93,31.01,31.08,12743550.0,17.090976099458885,-1.1675526760354273,11.023702273702284,5.090626340626329,0,-14.187929338575941,-7.334525939177104,-23.85210078797794,-16.295575639983028,5.609666771150273,3.181156467950623,2.725667711131127,-1.0326118003400835,0,-0.26682408881260555,2.0,-40.0,42.0,7.961711711711743,6.433002831698246,9.605331043917602,-0.3293404338404455,0.023166023166023342,0.027348777348777498,-0.0022522522522521182,-0.017388555169143283
2022-01-06,1641445200,2022-01-19,1642568400,-0.75,28.54773007008436,33.60606507821091,31.9,32.96,31.8,32.42,14090250.0,29.68,30.05,29.3,29.35,17546100.0,25.71993173748757,-2.4729129981349303,15.032935831913676,8.73310618966498,0,-19.92004522668435,-12.648809523809524,-34.75425473149394,-30.33120649657451,7.520496951588385,3.4331342873761432,10.32366096760584,-1.3581189795542568,0,-0.40185159909312973,-14.0,-64.0,50.0,11.623509369676313,8.930571602394394,13.887149263020035,-0.3799621803976694,0.011243611584327073,0.023850085178875657,-0.0017035775127768327,-0.007104194857916024
2022-01-07,1641531600,2022-01-28,1643346000,-0.75,26.63855700063646,32.00810100983395,32.41,33.0,31.92,31.96,16152450.0,26.88,28.24,26.67,28.2,15981750.0,23.391360440698847,-9.011927816585342,11.901300236406612,3.255910165484636,0,-14.978943908431901,-19.290211791642815,-43.57640933909968,-31.526472609072442,3.129377043385162,4.215170388599467,22.352564195442355,1.1493159693918462,0,-0.330171953289455,-42.0,-88.0,46.0,7.18971631205676,5.686586361516106,13.563638903316644,-0.20421730134388372,-0.04680851063829783,0.0014184397163119478,-0.05425531914893611,0.048327137546468446
2022-01-13,1642050000,2022-02-08,1644296400,-0.25,26.63855700063646,30.737663381533658,31.08,31.54,30.1,30.15,16493800.0,29.06,29.46,28.69,29.21,41516400.0,8.132603530938567,-8.810453582290847,3.721328312221857,-4.1252995549469205,0,-7.186501000717705,-5.377389050858438,-19.188838473101704,-18.200976969596837,-1.9061921497618215,3.83324963047198,9.65477576943099,2.688146770000944,1,-0.08449458928598547,-46.0,-64.0,18.0,-0.3389250256761329,1.424208120610686,7.511888595894362,0.27925018025719317,-0.005135227661759778,0.008558712769599408,-0.017802122560766853,0.005161734342739255
2022-01-20,1642654800,2022-02-16,1644987600,0.75,26.63855700063646,33.00900608719253,29.72,30.1,28.35,28.41,17975600.0,31.0,31.62,30.77,31.51,14122650.0,3.6801550880848595,-16.571300756126732,-2.9387496033005363,-9.977784830212642,0,2.1709541027618826,7.359454855195911,1.120505042371982,1.9567143472672015,-3.945621846268054,3.626743580491096,2.8343287552952425,0.8629549782120313,0,0.20987222845994216,30.0,36.0,-6.0,-6.445572834020936,-3.314717182156869,-0.2691642604484912,0.44194470474919784,-0.016185337987940418,0.003490955252300809,-0.02348460806093311,0.005424377791959145
2022-01-31,1643605200,2022-02-22,1645506000,0.25,28.54773007008436,33.00900608719253,28.46,29.78,28.46,29.71,25224850.0,30.17,30.61,29.07,29.6,20246200.0,10.680428407873194,-9.484482461927229,4.247747747747738,-2.9110360360360374,0,-5.307420744224288,4.482880338863407,-1.279520728177566,-11.27332587886503,2.985374506214029,3.9672588155008945,-1.2940949997483244,-1.2169345657393928,0,-0.03396803625916192,18.0,36.0,-18.0,0.5979729729729968,2.5769750116276526,5.652935856041736,0.13672776675260645,0.019256756756756754,0.03412162162162158,-0.017905405405405417,-0.028552674762060914
2022-02-09,1644382800,2022-02-23,1645592400,-0.75,26.48037516928626,33.00900608719253,31.51,32.32,30.9,32.17,56268550.0,29.65,29.9,28.43,28.58,15778050.0,14.308741714826695,-5.508881672839223,8.336249125262427,0.694541637508749,0,-8.797197602415771,4.420898794300319,-4.161657180241889,-10.888817563766452,6.506998368641632,4.182748156065042,-1.3382189352765046,-0.9417861265279504,0,-0.02296062709683236,14.0,36.0,-21.999999999999996,4.399930020993722,5.643791440133626,9.054060954186369,-0.003957523844437372,0.03743876836948923,0.04618614415675304,-0.005248425472358265,-0.03445945945945961
2022-02-17,1645074000,2022-03-04,1646370000,-0.25,26.48037516928626,30.95293730914088,31.25,31.3,29.99,30.2,22221300.0,29.14,29.21,28.27,28.85,10365950.0,11.570142114212146,-2.2945788559798928,8.41941074523396,0.7175043327556097,0,-6.72836429797843,-0.34542314335059715,-6.191882348411839,-17.198390681039356,4.098153527564435,4.0282172808319885,-0.6506006676702789,-0.6058489781757721,0,0.0006460314947822066,-14.0,32.0,-46.0,4.63778162911612,3.6697430370525694,6.7662415967442655,-0.07853578804525502,0.010051993067590859,0.012478336221837028,-0.02010398613518205,-0.013337893296853531
2022-02-23,1645592400,2022-03-07,1646629200,0.25,26.341284413466024,30.95293730914088,29.65,29.9,28.43,28.58,15778050.0,28.99,28.99,26.28,26.48,24442400.0,23.098378925235252,3.702980591381049,17.985271903323266,9.031344410876116,0,-13.990108892140178,-10.751600943714193,-10.993014558103523,-25.98494470333766,11.87027069553821,4.806276680988447,0.8901352237900468,-1.4037309964311175,0,-0.07115341480055602,-18.0,-68.0,50.0,13.400679758308144,11.715166245432968,15.681903792160938,-0.25408855302604016,0.09478851963746227,0.09478851963746227,-0.007552870090634434,-0.0821490467937609
2022-02-24,1645678800,2022-03-08,1646715600,-0.75,24.187053818898715,30.95293730914088,27.4,29.75,27.24,29.69,22810950.0,26.3,26.3,26.27,26.27,714200.0,25.293453332162258,2.2588877413055855,18.12206572769952,9.538129678974741,0,-14.545068848974935,-9.600825877494836,-14.985424482911485,-30.646978587947004,12.32460754914284,4.555747144117308,2.325638689872598,-0.041367967199407156,0,-0.05038944007411958,-21.999999999999996,-72.0,50.0,13.776170536733929,11.407425528671553,15.955413099565362,-0.36166804232060745,0.0011419870574800317,0.0011419870574800317,0.0,-0.007930513595166166
2022-03-07,1646629200,2022-03-09,1646802000,-0.25,24.187053818898715,28.632148130692357,28.99,28.99,26.28,26.48,24442400.0,26.73,28.45,26.73,28.41,20806150.0,15.91018506028415,-5.779949227830798,9.170479877977229,0.8987445735069599,0,-5.388544296626762,-2.738788086271827,-14.146885428816452,-21.93783727174727,2.899203946358057,4.459780779372206,1.3212027532394828,1.1870805759222016,0,-0.005701401046384293,-26.0,-72.0,46.0,5.065117916226683,2.728395943959754,6.937826644963124,-0.2702078800828517,-0.05913410770855332,0.0014079549454417695,-0.05913410770855332,0.08146174343357448
2022-03-08,1646715600,2022-03-15,1647316800,0.75,24.187053818898715,30.9132381823085,26.3,26.3,26.27,26.27,714200.0,29.6,30.54,29.56,29.87,17042600.0,7.114805157131258,-9.947078340927689,2.5142283227318245,-5.373284231670581,0,-0.04254954820952861,-4.5076726342711,-6.508993104708711,0.3394986309636465,-2.459488754804596,4.084990816300774,-3.6556951872168852,0.9065505948277476,0,0.08823876206631977,-42.0,-72.0,30.0,-1.4161365918982227,-1.870120772340968,1.3029503339677717,0.11220312263235738,-0.009039169735520547,0.022430532306662032,-0.010378305992634784,0.014605978260869623
2022-03-09,1646802000,2022-03-18,1647576000,0.75,26.341284413466024,33.122407475865614,26.73,28.45,26.73,28.41,20806150.0,31.34,31.91,31.0,31.75,20405900.0,1.285700547998701,-15.458928894455397,-3.5811023622047173,-10.894488188976396,0,6.439655388417918,5.13245033112583,3.1119413812542005,10.007173039046364,-7.136848229432218,3.6819291393142985,-3.98283254936403,1.092742634661135,0,0.04829507717437542,50.0,32.0,18.0,-7.086614173228341,-5.980868788461052,-4.296645965081424,0.37810296011309724,-0.012913385826771706,0.005039370078740113,-0.023622047244094446,0.01535017588743215
2022-03-10,1646888400,2022-03-21,1647835200,0.25,28.62192710842138,33.122407475865614,28.16,29.39,28.04,29.38,21789800.0,31.6,31.84,30.44,30.8,13631800.0,4.553701370257372,-12.888116954672967,-0.43344155844154386,-8.154220779220793,0,2.554180538803152,1.0830324909747353,4.126127059693426,10.812930107420712,-4.082711521643532,3.8490636647773115,-4.360598746436661,-0.7303459609352402,0,0.0634679223910851,46.0,32.0,14.0,-4.16720779220779,-2.7875063337030355,-1.2920212376976252,0.3410936360579119,0.025974025974025983,0.033766233766233666,-0.011688311688311637,-0.0299212598425197
2022-03-16,1647403200,2022-03-22,1647921600,-0.25,28.77931728655596,33.122407475865614,30.47,31.19,30.22,31.09,15489800.0,30.95,31.38,30.85,31.17,7984900.0,3.870038713865725,-13.975909743702147,-1.5570527216340508,-8.862153780344357,0,3.856521186634339,5.304054054054054,5.487062188284011,15.290099141989586,-5.073296411843117,3.664615911308574,-4.71138164371839,0.43158117649042765,0,0.031546171488643575,42.0,32.0,10.0,-5.052935514918204,-3.566079573587274,-2.3671066648633143,0.324740163715554,-0.0070580686557588646,0.006737247353224118,-0.010266281681103662,0.01201298701298703
2022-03-21,1647835200,2022-03-23,1648008000,0.25,28.77931728655596,32.96930758550729,31.6,31.84,30.44,30.8,13631800.0,31.0,31.03,30.4,30.83,15937600.0,5.408608544324764,-12.690476854412324,-0.31841280138392847,-7.431614228565238,0,2.463563208848882,7.872638208537438,6.021567833067057,13.906999538264955,-3.7559699077835234,3.618782756640906,-5.508249718362475,-0.8690370121563542,0,0.10072560406774844,38.0,31.999999999999993,6.000000000000007,-3.64093415504378,-2.264243711081633,-1.2397861914773927,0.27613996526763507,0.005514109633473874,0.00648718780408708,-0.013947453778786922,-0.01090792428617271
2022-03-22,1647921600,2022-04-06,1649217600,-0.25,28.905030879338195,32.96930758550729,30.95,31.38,30.85,31.17,7984900.0,31.62,31.66,30.53,31.02,10975450.0,5.588575429022043,-5.330677298783485,2.7283473028153935,-2.8132387706855724,0,1.1527830315190073,9.18690601900739,12.856525365436685,11.376771327270454,1.2589497260626246,3.1641753391396783,-4.691829205625034,-0.6621566247818743,0,0.23525553986638806,42.0,76.0,-34.0,0.1289490651192864,0.2140050128108868,-0.5946645336345426,0.04042325627593146,0.01934235976789167,0.020631850419084552,-0.015796260477111468,-0.033343720785291464
2022-03-23,1648008000,2022-04-12,1649736000,0.25,28.905030879338195,32.88857353506664,31.0,31.03,30.4,30.83,15937600.0,30.62,31.5,30.52,30.65,9890150.0,5.328454531843917,-1.2044741077003351,4.547036432843925,-0.7547580206634024,1,-0.5644814332879591,2.6113157013726065,5.626655668161394,11.864022692132387,2.152133932197131,3.193026056922179,-8.182309504255468,0.621119319168092,0,0.15398396096260067,26.0,72.0,-46.0,2.061990212071791,0.9474178206089476,0.5174554619897833,-0.16307977335348778,-0.0009787928221859366,0.027732463295269127,-0.004241435562805873,0.013893483294740161
2022-03-24,1648094400,2022-04-20,1650427200,-0.25,29.172399878686615,32.88857353506664,30.97,31.36,30.5,31.32,9841600.0,32.86,32.9,32.2,32.25,8054250.0,1.4726123531221305,-6.089666616688021,0.0036175710594221755,-4.892506459948336,1,6.023778198676794,3.464870067372468,11.861607178718018,14.445427517636475,-2.1758650732525524,2.8681456241944865,-8.877803999320857,-0.5324800782339293,0,0.10483086489181802,46.0,20.0,26.0,-2.308527131782938,-2.5971740397563963,-3.7312513098859625,0.06515799641534703,0.01891472868217048,0.020155038759689825,-0.0015503875968991832,-0.011948529411764719
2022-04-07,1649304000,2022-04-25,1650859200,0.25,29.07020525709538,32.7058597667979,30.83,31.11,30.33,30.88,11451450.0,29.4,30.34,28.92,30.32,14407550.0,8.646540757410321,-1.7896805990989577,6.497911169744967,0.38973175021988027,0,-2.6882092917151823,-2.6019916479280396,1.2717157371750105,-4.330952176334911,2.78872431526527,3.5153989004008013,-8.477262971489946,1.0557462108496847,0,-0.0429834235028137,34.0,-12.0,46.0,3.4284300791556745,2.495231941881258,2.0505771826845773,-0.20414949815662548,-0.03034300791556732,0.0006596306068602509,-0.04617414248021101,0.02363268062120194
2022-04-13,1649822400,2022-04-26,1650945600,-0.75,27.055967160632836,32.7058597667979,30.68,31.87,30.67,31.8,9578500.0,29.86,29.95,28.51,28.76,23561450.0,15.318459789742647,1.8060186525383273,11.985975892443236,5.320468242930005,0,-8.393788315812984,-8.698412698412692,-3.4057177955983926,-14.004888347913578,7.136302673081005,3.8908941749006054,-7.588445536268097,-1.7090841881794796,-1,-0.13063916033936027,30.0,-20.0,50.0,8.562239221140473,7.2876568267417525,7.2885144868763945,-0.31211973545179394,0.03824756606397761,0.04137691237830321,-0.008692628650904033,-0.05145118733509235
2022-04-21,1650513600,2022-05-02,1651464000,-0.25,27.055967160632836,31.162997775239173,32.54,32.7,30.39,30.42,16595550.0,29.02,29.25,28.2,29.22,12638650.0,13.231033399722335,-2.5876384647463055,9.098790782569012,1.6860597764088538,0,-5.6285554453431885,-8.34378920953576,-9.011323071798902,-1.4721101469954547,3.835368064247362,3.987094404274881,-5.875018218972645,0.9086743670665837,0,-0.0982106087780359,14.0,-20.0,34.0,5.321697467488036,4.002658829000282,4.890931372172091,-0.27443747991755135,-0.006844626967830281,0.0010266940451746365,-0.03490759753593431,0.0037787701820679587
2022-04-26,1650945600,2022-05-06,1651809600,0.25,27.012371096570995,31.162997775239173,29.86,29.95,28.51,28.76,23561450.0,26.9,27.32,26.24,27.09,15721350.0,22.146116688144474,-0.13799561025595608,15.399286329518873,6.7577211763258305,0,-12.863508893809012,-12.273316062176164,-18.19927991815153,-21.608181502638075,8.327715687176934,4.468759944230875,-0.3315722944873656,-1.1224807664942844,0,-0.04012870496238766,-2.0,-52.0,50.0,11.004060538944245,9.205176355491801,11.691097998569774,-0.3685606259866267,-0.007013658176448945,0.008490217792543442,-0.0313768918420082,-0.011313868613138656
2022-04-27,1651032000,2022-05-26,1653537600,-0.75,24.77681842427984,31.162997775239173,29.95,30.25,28.52,29.51,28243500.0,26.08,26.98,25.93,26.82,12236400.0,9.100903233062738,-10.528942010094795,3.411011682823755,-4.996892866020374,0,-4.708151495030471,-10.659560293137906,-23.18225473239055,-1.968147089517153,-3.7772119070478993,4.412999854157117,6.635367498970538,0.8835439612293134,0,0.06919676267218271,-42.0,-68.0,26.0,-0.7140193885160357,-0.08928597219026813,5.8016798043937285,0.14336618746465035,-0.027591349739000792,0.005965697240865042,-0.03318419090231173,0.040341349883630695
2022-05-03,1651550400,2022-06-09,1654747200,-0.25,24.77681842427984,29.159046634050107,29.14,29.28,28.42,28.95,12463150.0,27.26,27.82,27.26,27.39,9323500.0,4.701290620064128,-9.823598031528192,0.4253377144943329,-5.996714129244239,0,-2.2379247453162847,6.866952789699578,-3.602066067782573,23.79107145873111,-2.3192376305517683,3.5388394956264384,-6.644398786694911,-0.6830222792658949,0,0.33229903025417223,18.0,28.0,-10.0,-2.561153705732039,-0.3200425395443318,2.8261845742838716,0.25041361270510337,-0.0047462577583059495,0.015699160277473423,-0.0047462577583059495,-0.0029122679286494035
2022-05-09,1652068800,2022-06-10,1654833600,0.25,24.77681842427984,29.159046634050107,26.47,26.6,25.44,25.53,21045250.0,26.77,26.87,26.04,26.34,16521450.0,8.809327273844218,-5.889813226767544,4.523538344722851,-2.0026575550493533,0,-6.813402935165584,2.8103044496487075,-5.223569118107969,14.265662432951302,1.90271345389543,3.783150502244566,-6.054231803926992,-1.20233439079017,0,0.21924589354981477,14.0,28.0,-14.0,1.4597570235383301,3.305576638817925,6.653602646382993,0.1463650247246796,0.016324981017463935,0.0201214882308276,-0.011389521640091105,-0.0383351588170866
2022-05-27,1653624000,2022-06-14,1655179200,-0.75,23.288298415474337,29.159046634050107,27.16,28.13,27.16,28.05,13444250.0,24.47,24.9,23.93,24.08,12630550.0,20.17991552305125,0.28104793209828927,13.855897009966768,6.301910299003339,0,-14.598992439027711,-7.313317936874526,-13.98113898816134,6.464718522903098,11.006638684378828,4.423296311343479,-2.400309990892957,-0.9043290846991533,0,0.05497266116744835,6.000000000000007,-43.99999999999999,50.0,10.23048172757477,10.846674050273975,15.471327166325196,-0.1740645044981447,0.016196013289036637,0.03405315614617943,-0.006229235880398587,-0.02312373225152131
2022-06-10,1654833600,2022-06-15,1655265600,-0.25,23.288298415474337,27.220134936979182,26.77,26.87,26.04,26.34,16521450.0,24.67,25.8,24.64,25.32,17070500.0,14.304981588722882,-5.083022662972496,8.139152185360714,0.8050289626118996,0,-8.293727552232298,-4.2360060514372195,-14.69023463051803,7.253255367626288,5.364785097974462,4.391414684334696,-1.9137381620221348,1.2069402048994964,0,0.029356090676507754,2.0,-44.0,46.0,4.610979462875207,4.902148332734058,9.431379015341207,-0.17171850706558345,-0.025671406003159536,0.018957345971563955,-0.026856240126382325,0.05149501661129574
2022-06-13,1655092800,2022-06-17,1655438400,0.25,23.20594627795245,27.220134936979182,25.42,25.7,24.28,24.65,19704800.0,24.38,25.19,24.36,24.91,23324250.0,16.575285081077368,-4.435582150527409,9.487488291181577,2.3497925866452505,0,-8.651006524503316,-2.1218074656188572,-17.162780183853997,1.3217536928130613,5.069366444282039,4.426386982410743,-0.6917024725664653,1.6063179048395628,0,-0.09143154489508837,-6.0,-44.0,38.0,6.069851465274965,5.211795104400551,10.275050042064919,-0.1993305540194693,-0.021276595744680882,0.011240465676435107,-0.022079486150140548,0.025524907369287808
2022-06-15,1655265600,2022-06-21,1655784000,-0.25,23.20594627795245,27.220134936979182,24.67,25.8,24.64,25.32,17070500.0,25.28,25.57,25.18,25.22,9854500.0,15.181229178387866,-5.910808877039727,7.993655828707389,1.1102299762093537,0,-7.221703903810997,-2.550231839258115,-16.765714593331737,-0.5429389582968298,2.9982196785283577,4.2466208692479634,-0.7908783819065448,0.680165713477579,0,-0.1674465120050606,-10.0,-44.0,34.0,4.6352101506740695,3.5453542255989845,8.569780699137027,-0.1493114085095365,0.0023790642347343294,0.013877874702616921,-0.0015860428231562196,0.012444801284624551
2022-06-16,1655352000,2022-06-22,1655870400,0.25,23.20594627795245,27.14649979025061,24.95,24.95,24.12,24.29,17235900.0,24.83,25.42,24.6,25.08,9908650.0,15.879755904640902,-5.728240753125746,8.41972355130251,1.5536948431685431,0,-7.711609737255387,-2.790697674418614,-16.661986924355503,0.18447558525866015,2.961513741897633,4.198841188743555,-0.44020378213201994,-0.6819009832961735,0,-0.14570834585238512,-14.0,-44.0,30.0,5.075757575757578,3.730657776681312,8.815995553350504,-0.11375994912592946,-0.009968102073365182,0.013556618819776878,-0.019138755980861122,-0.0055511498810467685
2022-06-21,1655784000,2022-07-01,1656648000,-0.25,23.323178914200412,27.14649979025061,25.28,25.57,25.18,25.22,9854500.0,26.04,26.36,25.81,26.14,9907500.0,8.025408591309557,-8.932065056497038,2.562484060188723,-3.2829635297118074,0,-2.4407507099882864,-6.442376521116682,-7.0575656825410515,9.291875844989548,-2.930394901793875,3.568249278747642,-6.442850261965578,-0.6738856145911625,0,-0.018960780555458315,-42.0,-44.0,2.0,-0.45332823259374777,-0.2964004110364584,3.3041994213319725,0.14592160040758168,-0.0038255547054323324,0.008416220351950887,-0.012624330527926664,-0.00038240917782017547
2022-06-22,1655870400,2022-07-05,1656993600,0.75,23.323178914200412,28.900414331837908,24.83,25.42,24.6,25.08,9908650.0,25.69,27.46,25.41,27.25,15381600.0,3.465875167728697,-12.574132048462673,-1.4948012232415948,-7.6489296636085555,0,2.6624964869078838,-0.9090909090909091,-4.097109950841831,19.01677614179293,-6.2813215316371185,3.715760078385383,-7.041618797101361,1.047952035768919,1,0.0981176684254332,-46.0,-44.0,-2.0,-4.554128440366995,-3.942700267619699,-0.8683454788218796,0.2171332774192044,-0.05724770642201826,0.007706422018348702,-0.0675229357798165,0.042463657230298324
2022-06-23,1655956800,2022-07-11,1657512000,0.25,25.218703780446802,28.900414331837908,25.3,25.85,25.1,25.79,10204800.0,26.44,26.58,25.78,25.8,11131550.0,7.002053068328664,-6.835386401661964,3.451550387596896,-3.1957364341085253,0,-4.107657857463572,-5.805038335158817,-1.075839278333957,18.526551817236253,1.495764461129042,3.641556099310147,-9.521311962263882,-0.8041289050806357,0,0.069886305672551,-38.0,-20.0,-18.0,0.08333333333334281,1.9619376375263897,4.464859127443518,0.13299219771725698,0.024806201550387597,0.03023255813953485,-0.0007751937984495916,-0.03695408734602457
2022-07-05,1656993600,2022-07-12,1657598400,-0.75,23.59395211177705,28.900414331837908,25.69,27.46,25.41,27.25,15381600.0,25.8,26.06,25.13,25.23,10776300.0,9.203795391659824,-4.954885363915082,5.621614480116264,-1.2154842119170297,0,-6.482343838991149,-4.214123006833711,-3.184897610977724,11.835457630730772,3.8101669003519447,3.721131067631004,-9.484851752925016,-0.7842595856071995,0,0.06535037451834748,-42.0,-20.000000000000004,-21.999999999999996,2.124455013872378,3.859241322528817,6.557300217539137,0.038052612305179034,0.022592152199762294,0.0328973444312326,-0.003963535473642588,-0.02209302325581397
2022-07-06,1657080000,2022-07-19,1658203200,-0.25,23.59395211177705,27.07783401338988,27.22,27.39,26.6,26.85,9192350.0,26.71,26.96,26.6,26.85,8957200.0,2.0309783062730844,-7.569153352828025,0.04655493482307804,-5.741154562383613,0,1.9537568139308377,7.788036932958656,-1.9142954726776513,11.206456284281323,-2.519154629360756,3.3950906979414595,-10.412802188169454,0.6842004554869062,0,0.0805539910148686,10.0,52.0,-42.0,-2.769087523277463,-2.577464385640127,-0.4406046155658032,0.08131991729946553,-0.005214152700186214,0.004096834264432081,-0.009310986964618295,0.01781652767247932
2022-07-12,1657598400,2022-07-21,1658376000,0.75,23.59395211177705,28.60428824381654,25.8,26.06,25.13,25.23,10776300.0,26.89,27.44,26.59,27.36,17010250.0,1.13886509365706,-8.635210122896837,-1.0032894736842053,-6.818347953216374,0,4.169593896823216,9.090909090909097,3.2053644047444694,7.658317442422948,-3.4617844161290066,3.289796907729529,-10.55083217752581,-1.31145009400515,0,0.1814277835261085,46.0,88.0,-42.0,-3.748172514619881,-3.5523643492288812,-2.1005668037735603,0.18560143768699738,-0.01717836257309935,0.0029239766081872176,-0.028143274853801192,-0.005090909090909146
2022-07-13,1657684800,2022-07-26,1658808000,0.25,25.283866574830995,28.60428824381654,24.73,25.7,24.67,25.51,12608100.0,26.36,26.54,25.83,26.33,26144750.0,5.246694443235384,-4.88588927802455,3.2263577668059327,-3.0098746676794406,0,-1.2914374662853945,-1.126549004881715,3.059448324667825,-17.936522388627893,0.3181064035226342,3.3786304592732144,-12.01089880977706,-2.019957791015772,0,0.11011488437009113,34.0,76.0,-42.0,0.1804025826054101,0.42874604535143135,1.654609388509769,0.077483110553807,0.0011393847322447304,0.007975693125712224,-0.01898974553740984,-0.009405568096312988
2022-07-20,1658289600,2022-07-27,1658894400,-0.25,25.353782193770922,29.020107544687036,26.86,27.59,26.86,27.5,13710400.0,28.68,30.59,28.67,30.2,74807000.0,-4.952195087484213,-18.898798289999206,-9.26986754966886,-14.955298013245027,0,13.948318079507636,17.145073700543048,10.365961773652788,2.2620435165041144,-9.175703214650525,3.7428368493486954,-10.011593873306008,5.266592791075228,1,0.2661201004475201,50.0,96.0,-46.0,-11.925496688741717,-11.255930646313544,-10.926030778617303,0.28922765844749565,-0.050331125827814516,0.012913907284768156,-0.0506622516556291,0.1469806304595518
2022-07-22,1658462400,2022-07-28,1658980800,0.75,25.353782193770922,31.057241790899706,27.51,27.7,26.71,26.95,10249550.0,30.18,30.97,29.82,30.78,21863400.0,-3.8489743992541747,-21.690336841811472,-10.081763049599317,-15.903725362789714,0,15.562520205029045,19.48757763975155,16.595440429625828,8.343129793160564,-9.972929493198805,3.6768721504091197,-7.9854155675486815,1.5138357332368766,0,0.3115268722072831,50.0,48.0,2.0,-12.769655620532816,-11.696916681912654,-12.1101940056555,0.4428817222514181,-0.01949317738791423,0.006172839506172867,-0.031189083820662766,0.01920529801324511
2022-07-27,1658894400,2022-08-01,1659326400,0.75,26.985501433381085,33.05686644809718,28.68,30.59,28.67,30.2,74807000.0,31.17,31.6,30.98,31.15,11761850.0,-0.19334351029272057,-24.162996778631822,-9.520064205457444,-15.231139646869991,0,16.199705217503947,19.166029074215754,25.65668646637534,17.684146303825656,-9.327439677898397,3.4537339223377947,-3.8718699475223204,-0.8112339610786198,0,0.3869875018808474,46.0,52.0,-6.0,-12.178170144462271,-10.397660756736798,-12.126957015017396,0.5704754782924194,0.0006420545746388395,0.014446227929374,-0.005457463884430136,-0.004156010230179086
2022-07-28,1658980800,2022-08-02,1659412800,0.25,29.020107544687036,33.05686644809718,30.18,30.97,29.82,30.78,21863400.0,30.98,31.54,30.92,31.0,7573050.0,1.9348157874847516,-24.23158998103314,-8.595698924731181,-13.87311827956988,0,15.360386675278122,13.761467889908257,28.16758129075786,18.44022007677627,-8.156257268304017,3.365413713941681,-2.0868017301086645,-0.5262275411487347,0,0.3424218704760741,42.0,52.0,-10.0,-11.148387096774186,-9.015139045890436,-11.24287213148122,0.5418960309765711,-0.000645161290322549,0.0174193548387096,-0.002580645161290307,-0.0048154093097912964
2022-07-29,1659067200,2022-08-09,1660017600,-0.25,29.179340938520248,33.05686644809718,30.88,31.49,30.65,31.28,16894850.0,32.21,32.85,32.13,32.78,13895450.0,4.382462953997688,-27.500217682490643,-9.378686190766743,-14.281065690461674,0,20.47682759764257,29.924692826000793,40.18902797342183,22.499423292606295,-9.420218171186974,2.842532085045659,5.430696556974528,1.0010692615193801,0,0.38430062090361816,50.0,80.0,-30.0,-11.558877364246484,-9.175993313486913,-13.49927922866074,0.39661522659632387,-0.017388651616839557,0.002135448444173349,-0.019829164124466114,0.010480887792848392
2022-08-02,1659412800,2022-08-10,1660104000,0.75,29.179340938520248,34.60012824017952,30.98,31.54,30.92,31.0,7573050.0,33.47,33.68,33.08,33.17,15101450.0,4.448429262428434,-27.33658120695665,-9.300572806753095,-14.015676816400386,0,21.560845673221664,30.027440219521758,42.50955813762037,28.582579235067143,-9.339829924397165,2.8022667270798847,7.168317431694945,1.085361446718326,0,0.29283367793151766,50.0,84.0,-34.0,-11.444075972264116,-9.268260412458062,-13.947053670431856,0.3712209738029053,0.009044317154054848,0.015375339161893153,-0.0027132951462165433,0.011897498474679802
2022-08-03,1659499200,2022-08-11,1660190400,0.25,31.057241790899706,34.60012824017952,31.22,31.98,31.0,31.7,11820250.0,33.3,33.4,32.14,32.62,17932100.0,6.822577699951012,-24.486587509883563,-6.51951767831595,-11.494992846924177,0,17.861931979946945,28.830963665086877,42.83028595439933,25.58068678134356,-6.9159454420344275,2.9218827962339433,7.435432584844122,-1.2841895109973689,0,0.2881785813487283,46.0,84.0,-38.0,-8.832004904966283,-7.001453621417539,-12.006085970451778,0.2889334145021758,0.020846106683016563,0.02391171060698971,-0.014714898835070378,-0.016581248115767333
2022-08-10,1660104000,2022-08-19,1660881600,-0.25,31.21139416547248,34.625504377700445,33.47,33.68,33.08,33.17,15101450.0,33.92,34.1,33.25,33.45,13187350.0,8.057621214952817,-17.6510442343848,-2.63926258096663,-7.371699053313392,0,16.28604501233943,24.118738404452706,46.72193129144513,20.14653120851375,-1.7659239932762318,2.554691718663152,10.491424386610461,-0.9374138768971607,0,0.17983860067340054,38.0,60.0,-21.999999999999996,-4.7967115097159905,-4.536281754450755,-10.895434791219245,0.047805078960932335,0.014050822122571027,0.01943198804185342,-0.005979073243647326,-0.022215726395790614
2022-08-11,1660190400,2022-08-24,1661313600,0.25,31.21139416547248,34.625504377700445,33.3,33.4,32.14,32.62,17932100.0,32.74,33.05,32.62,32.86,6266100.0,5.688619691428045,-7.255874712730488,1.221850273889217,-3.032562385879487,0,11.91945981215354,8.80794701986755,37.465215139764844,12.315174347565282,0.7874752130150995,2.459384634948043,6.752632657585487,0.4595478227197522,0,0.16498362638153458,26.0,60.0,-34.0,-0.7836275106512289,-2.175026045991288,-8.281818965091333,-0.22386449492843008,-0.0036518563603163967,0.0057821059038343225,-0.0073037127206330155,0.00797546012269934
2022-08-12,1660276800,2022-08-25,1661400000,-0.25,31.380411261716908,34.625504377700445,32.61,33.29,32.47,33.27,10868350.0,33.05,33.32,32.84,33.26,6810000.0,4.321253284560015,-7.529311011559386,0.29715373822409674,-3.704650230507113,0,13.492058828531768,8.057179987004538,36.06289421156969,11.649514808789256,-0.15679536483102652,2.3593332367432023,5.959964285510694,0.503737383727093,0,0.14599613623293645,22.0,60.0,-38.0,-1.6040288634996784,-3.0323221967674527,-9.016829960296263,-0.23246387741510466,-0.006313890559230373,0.0018039687312088049,-0.012627781118460413,0.012172854534388211
2022-08-22,1661140800,2022-09-06,1662436800,0.25,31.380411261716908,34.33949249028262,32.8,33.17,32.53,32.79,10513400.0,32.28,32.76,32.03,32.69,12591550.0,5.032969558943208,-3.1180108559759105,3.142653206893044,-1.369429998980337,0,8.45622772679679,0.7706535141800247,18.466498562317632,-18.84875941719889,0.337356036081232,2.502035825739185,-3.331088806775533,0.9677412165046354,0,0.00723454525491793,-6.0,40.0,-46.0,0.9574793514836415,-1.1158506278620735,-5.83287822497735,-0.31043634496056927,-0.012542061792596981,0.0021413276231263545,-0.02018966044661963,0.011135168574079701
2022-08-25,1661400000,2022-09-08,1662609600,-0.25,31.506127361805312,34.443237080077694,33.05,33.32,32.84,33.26,6810000.0,33.6,34.21,33.33,34.14,13674000.0,1.1401509680167123,-7.270789515175494,-0.9446397188049218,-5.475981253661402,0,14.658299710427968,2.924329213144404,21.60596413028814,-7.063145152152096,-3.8997567681809358,2.4752179117255726,-4.335994524403258,1.0398972544400586,0,0.12909922626525003,-14.0,32.0,-46.0,-3.0653192735793766,-4.482626140326346,-9.133704498855465,-0.11866015764885318,-0.01581722319859402,0.00205038078500297,-0.023725834797891143,0.015466983938132062
2022-08-26,1661486400,2022-09-12,1662955200,0.75,31.506127361805312,35.93151721182603,33.36,33.36,32.51,32.56,8808900.0,34.84,35.09,34.7,34.96,9321400.0,0.08915384486502376,-9.7544856526453,-2.9228642257818365,-6.981788710907708,0,17.71567555653982,5.079651337541321,26.423879482105463,9.196693510033043,-5.530699985582842,2.322795407078435,-3.407594205261944,0.7094494829103153,0,0.18660855985241692,50.0,28.0,22.0,-4.832665903890145,-5.624199290377703,-10.451611161806838,0.03838061961490835,-0.003432494279176135,0.003718535469107609,-0.007437070938214996,0.014215259646069178
2022-09-07,1662523200,2022-09-21,1663732800,0.25,32.9270068681092,35.93151721182603,32.54,33.7,32.54,33.62,13914950.0,34.4,34.4,33.27,33.31,13806950.0,5.502864717148356,-4.947475945007895,2.3781647153006986,-2.0409286500550365,0,4.894302217287496,2.1779141104294504,19.21800223720843,5.172006930807697,1.0620943338992106,2.3991339971712837,-9.101999882639138,-1.0098266649327845,0,0.3519755572791839,22.0,28.0,-6.0,0.27769438607023744,0.48617061213762724,-4.061285123643273,-0.13769290774988407,0.032722906034223787,0.032722906034223787,-0.0012008405884118556,-0.02000588408355397
2022-09-09,1662696000,2022-09-22,1663819200,-0.75,31.370944299701012,35.93151721182603,34.4,34.73,34.32,34.47,13649950.0,33.0,33.16,31.52,31.77,23557250.0,10.8485639669764,-0.9146640614051194,7.422096317280463,2.4079320113314537,0,-3.5179133736829513,-3.3171028606208153,12.60376871718544,2.2761088039226394,5.760022662613707,2.738200896611991,-8.282472215340029,-1.6957937892868462,-1,0.1891958691184169,18.0,-32.0,50.0,4.96694995278564,4.84687938413866,0.5660853030918958,-0.27295843629353034,0.03871576959395662,0.043751967264715086,-0.00786905886056033,-0.04623236265385777
2022-09-13,1663041600,2022-10-06,1665028800,-0.75,29.77163870387423,34.443237080077694,34.18,34.58,33.8,34.02,12167500.0,30.32,30.68,30.12,30.14,13254700.0,18.811900200576133,-4.707719709534302,9.752820172528203,4.693098871930985,0,-8.680496090929772,-11.716461628588167,-19.675693266509754,-29.799652604480727,4.413544588446754,2.8741742517780526,1.341869971162545,-1.035901865400204,0,-0.17366126127561107,-21.999999999999996,-56.0,34.0,7.052090245520915,4.708592407306583,4.5138496169857945,-0.2901592186504779,0.005972130059721303,0.01791639017916391,-0.0006635700066356387,-0.008552631578947256
2022-09-22,1663819200,2022-10-10,1665374400,-0.75,28.217005761304932,32.936811864437544,33.0,33.16,31.52,31.77,23557250.0,29.78,29.92,29.46,29.52,14584250.0,19.29614870043808,-4.1945226841778975,10.353432700993665,5.133242999096652,0,-11.369889796818114,-15.56064073226545,-23.597497130748884,-30.566077962756125,4.596277306327295,2.8280837652977917,3.2915838893045297,-1.156369768426334,0,-0.32971929630269475,-30.0,-80.0,50.0,7.550813008130092,5.672162616328052,6.200709146181808,-0.26887921978591833,0.00880758807588089,0.013550135501354976,-0.00203252032520318,-0.0020283975659228792
2022-09-23,1663905600,2022-10-24,1666584000,-0.25,28.217005761304932,31.370944299701012,31.3,31.45,30.64,31.15,21804150.0,31.2,31.26,30.78,30.92,20345150.0,1.87629136225776,-4.596213742594102,1.4828589909443508,-4.160737386804641,1,-1.4795414352446414,0.9138381201044423,-9.993009548593896,17.986233568314475,-1.57224438376619,2.9848445986008993,-5.284018419138697,-1.4673710861437483,0,-0.00022070511622742042,-46.0,-56.0,10.0,-1.3599611901681783,-0.10447057997137676,0.6716548081816569,0.14593557066816576,0.009055627425614388,0.010996119016817518,-0.004527813712807305,-0.002580645161290307
2022-10-07,1665115200,2022-10-25,1666670400,0.75,28.217005761304932,32.971901853248326,29.71,29.81,29.31,29.58,15012750.0,31.22,31.83,31.05,31.68,34639800.0,-0.04642072271884956,-7.1221398833417595,-0.8443813131313078,-6.355744949494934,1,2.8889990962762013,2.9239766081871297,-7.0032185468501025,25.71262987485146,-3.471010754575829,2.9103267831295483,-6.302707072392803,2.4128647110647483,1,0.08125670816244475,-46.0,-52.00000000000001,6.000000000000007,-3.5842803030303116,-2.262768122176496,-1.675077511153276,0.1960690277802009,-0.0145202020202021,0.004734848484848397,-0.019886363636363646,0.02457956015523921
2022-10-11,1665460800,2022-10-26,1666756800,0.25,29.48970270253987,32.971901853248326,29.53,29.97,28.84,29.82,23030100.0,30.65,31.18,29.49,29.52,53209300.0,7.041071664475609,-0.7131583853428225,6.357271906052404,0.1682475158085026,1,-7.819526989844789,-5.777210341525691,-9.391423271012886,15.80055644477926,3.321384641033802,3.4300933564752065,-6.271033362684399,-3.5084911746538148,-1,-0.05961257814728646,-46.0,-48.0,2.0,3.1639566395663934,4.423142682764762,5.302980815855335,0.08304355556378773,0.038279132791327886,0.05623306233062331,-0.001016260162601701,-0.06818181818181823
2022-10-25,1666670400,2022-10-27,1666843200,-0.75,27.69313218277868,32.971901853248326,31.22,31.83,31.05,31.68,34639800.0,29.8,29.8,28.99,29.34,28605250.0,7.710606063544006,-0.6383497581588671,6.775164735287433,0.4800045444217176,1,-8.55560743128725,-4.956268221574348,-11.553686841399115,13.067877824652136,3.758225942743138,3.4018225398795536,-5.8113042463591,-1.8381578047736036,0,-0.0732467894261735,42.0,-8.0,50.0,3.536128152692555,4.581511130439651,5.715716809360472,-0.0001520893247850541,0.015678254942058656,0.015678254942058656,-0.01192910702113159,-0.0060975609756097615
2022-10-26,1666756800,2022-11-01,1667275200,-0.25,27.69313218277868,31.312317108436535,30.65,31.18,29.49,29.52,53209300.0,30.23,30.32,29.55,29.55,15806400.0,6.882634003084334,-1.7049690284650154,5.764241398759154,-0.47264523406656167,1,-6.804565079834603,-3.8085937499999947,-12.221343568277874,14.77874738741582,3.0842678811961974,3.268826035875662,-6.350552004725934,-0.9880453044125802,0,-0.15340873080703532,30.0,-8.0,38.0,2.5888324873096593,3.1103427170204156,4.52392072904577,-0.031280421661978086,0.023011844331641385,0.02605752961082919,0.0,-0.01401401401401392
2022-10-27,1666843200,2022-11-08,1667883600,0.25,27.681063317520625,31.30966104231812,29.8,29.8,28.99,29.34,28605250.0,27.85,28.14,27.6,27.79,14097800.0,16.05656876412047,-1.2922650577512513,11.184478829315097,4.023629602974694,0,-13.700420444066246,-6.8075117370892055,-24.123511262663634,-1.9360955719196724,6.962405690747843,3.4813700857261423,-0.2904934760855902,-0.8229369283271191,0,-0.24983109440399648,10.0,-40.0,50.0,7.3821518531846095,6.112021823422225,9.254022752687348,-0.21571052342617048,0.0021590500179922145,0.012594458438287104,-0.0068369917236414945,-0.005012531328320802
2022-10-28,1666929600,2022-11-09,1667970000,-0.75,25.98943029783026,31.30966104231812,29.33,30.11,28.93,30.1,20295800.0,27.7,27.73,27.21,27.52,11808550.0,17.32937200654547,-1.5226859600338258,11.700581395348848,4.618459302325604,0,-14.779665745315697,-9.622331691297207,-26.06036951178571,-6.16593438097442,7.562638052586792,3.414956838845212,1.1061889966220129,-0.6887861642557163,0,-0.24697820095790834,6.000000000000007,-43.99999999999999,50.0,7.903343023255815,6.471844966405669,9.920981049476936,-0.212996496305353,0.006540697674418672,0.007630813953488413,-0.011264534883720922,-0.00971572508096441
2022-11-02,1667361600,2022-11-10,1668056400,-0.25,25.98943029783026,29.50129397866168,29.63,29.65,28.14,28.16,27979950.0,28.74,29.46,28.08,29.42,20041950.0,9.160174078250805,-7.882131930052324,4.100385225470177,-2.3238159981871718,0,-3.087894612209624,-5.584082156611035,-22.310965649949637,-6.318648705658994,0.2454559704408581,3.437251040752799,-0.024745457877667576,1.1566552714888843,0,-0.24481254112562267,2.0,-44.0,46.0,0.639021074099233,-0.3658050952798533,2.7114038239950418,-0.07261998445528539,-0.023113528212100776,0.0013596193065941176,-0.04554724677090427,0.06904069767441867
2022-11-09,1667970000,2022-11-29,1669698000,0.75,25.98943029783026,31.343222449721228,27.7,27.73,27.21,27.52,11808550.0,30.41,31.25,30.41,31.05,13010350.0,2.0284614291137473,-12.047785100611307,-2.4653784219001693,-7.428341384863131,0,5.746633774102364,3.60360360360361,4.173633461168958,24.65396169857644,-3.679860233111256,2.529794326941617,-9.642375628961991,0.772707562762389,0,0.2108536546536366,-46.0,-44.0,-2.0,-5.009661835748773,-3.288585939291792,-2.5756867895346716,0.21449754883401762,-0.020611916264090202,0.006441223832528209,-0.020611916264090202,0.016366612111292866
2022-11-10,1668056400,2022-12-05,1670216400,0.75,27.681063317520625,32.86698863838264,28.74,29.46,28.08,29.42,20041950.0,31.88,31.92,31.16,31.41,12123400.0,4.784828937448495,-12.285624862313199,-1.6841770136899044,-6.160458452722068,0,5.171344145530348,12.379248658318428,16.4485130159379,14.752296375395701,-1.2340103811321228,2.601944849296844,-5.5953167037776055,-0.7282736315434261,0,0.1159865517145486,38.0,56.0,-18.0,-3.750397962432345,-2.227873037795632,-2.810478232919749,0.2666454526527113,0.014963387456224053,0.01623686723973261,-0.007959248646927763,-0.021495327102803774
2022-11-11,1668142800,2022-12-14,1670994000,0.25,29.50129397866168,32.86698863838264,29.68,30.48,29.3,30.13,22184450.0,30.89,31.2,30.38,30.77,11162000.0,5.20057362764193,-5.138825171353318,2.31990033582494,-2.304734048315453,0,1.222120193016842,0.9845749917952108,7.066080902951893,9.04511077349548,1.3469483226070622,2.735104317347271,-10.406589002323987,-0.6768759597212111,0,-0.002349297570609234,10.0,56.0,-46.0,0.030874228144298854,-0.22322387134875044,-0.6829371973417011,-0.03439210385625177,0.0038999025024375467,0.013974650633734154,-0.012674683132921749,-0.006457862447529883
2022-11-30,1669784400,2022-12-21,1671598800,-0.75,28.24398088334135,32.86698863838264,31.22,32.69,31.06,32.54,22950900.0,28.64,28.99,28.41,28.5,11118650.0,15.20158608667856,-1.3489545077312073,9.72514619883043,4.311111111111103,0,-9.617124679632632,-5.378486055776896,-11.252887805637632,-21.480834030271296,5.972749766201375,2.9773154079653423,-10.404163244973788,-0.6770624199468296,0,-0.30911608774197913,-10.0,-52.0,42.0,6.926315789473691,5.112341144696202,6.138006528223244,-0.3238513087428476,0.004912280701754312,0.017192982456140316,-0.0031578947368421373,-0.0024501225061253074
2022-12-06,1670302800,2022-12-22,1671685200,-0.75,26.730572565075576,31.343222449721228,31.39,31.44,30.1,30.17,23047200.0,28.18,28.27,27.76,28.16,12082600.0,16.964490270531968,-1.2471607250774497,10.700757575757592,5.16453598484847,0,-11.132772036433082,-6.693174287607685,-14.173763420183901,-20.863750867534932,6.253171427049693,2.985732951124085,-9.624925710701545,-0.7420661456288689,0,-0.2519941978931408,-14.0,-64.0,50.0,7.8586647727272805,5.773695768826087,7.128541469379286,-0.3328154030804697,0.0007102272727272929,0.00390625,-0.014204545454545414,-0.011929824561403457
2022-12-15,1671080400,2022-12-23,1671771600,-0.25,26.730572565075576,29.804926840746884,30.37,30.37,29.57,29.75,14474500.0,28.01,28.35,27.7,28.25,10498000.0,16.803316999189647,-2.4988922204286013,10.024188790560459,4.39587020648969,0,-10.500073517484012,-6.765676567656769,-16.275736018688118,-15.195843832781904,5.203157535617038,2.9279826011314922,-9.01076695044747,0.6547757935538951,0,-0.19411363830112796,-18.0,-64.0,46.0,7.152212389380537,4.918934992250669,6.521080451923183,-0.31396306676635616,-0.008495575221238894,0.0035398230088496963,-0.019469026548672552,0.003196022727272707
2022-12-22,1671685200,2023-01-06,1672981200,0.25,26.730572565075576,29.732860036016714,28.18,28.27,27.76,28.16,12082600.0,27.44,28.14,27.3,28.04,14242050.0,11.990291150431261,-6.38401440292769,5.398240608654305,0.3875416072277744,0,-7.434936408420455,-7.121563431599874,-25.095631704139628,-23.27146222498493,0.23861000135396182,2.7130463609321276,-3.900360878057363,0.9514611544733381,0,-0.031269583329171693,-46.0,-92.0,46.0,2.8031383737517928,1.8727840189366702,4.98033650149074,-0.0849695839508009,-0.021398002853066922,0.003566333808844524,-0.026390870185449278,0.027859237536656867
2022-12-23,1671771600,2023-01-11,1673413200,-0.25,26.8100216701428,29.732860036016714,28.01,28.35,27.7,28.25,10498000.0,29.24,29.61,29.18,29.58,12343750.0,3.5268078146880413,-10.257707070942232,-0.9167230110435014,-5.686837953572223,0,2.262920023415468,-5.253042921204358,-12.84836640499475,2.32597184537682,-4.9649234888260025,2.5600287215046054,-7.225460806077386,0.89847493456009,0,0.1838337487030957,-30.0,-64.0,34.0,-3.3654496281271093,-2.872596827717544,-0.5799057207329099,0.19629865528876467,-0.011494252873563204,0.0010141987829614951,-0.013522650439486084,0.018945918015845553
2022-12-27,1672117200,2023-01-13,1673586000,0.75,26.8100216701428,31.004914874268387,28.28,28.33,27.93,27.96,8404750.0,30.08,30.51,29.96,30.49,14501050.0,-0.4249961532082551,-12.402160291527707,-4.316715863124514,-8.652563682081563,0,7.118471199962222,-0.9099772505687396,-2.3473104699914127,10.90425706934947,-6.812850069985657,2.433490200764378,-6.885585346506549,1.0608470228167282,0,0.3217912534805849,-38.0,-64.0,26.0,-6.413578222367974,-4.792298765898678,-3.3040855635978374,0.3499013295802067,-0.013447031813709431,0.0006559527714005142,-0.017382748442112073,0.00793388429752051
2023-01-09,1673240400,2023-01-17,1673931600,0.75,28.24398088334135,32.36720953111021,28.31,29.03,28.28,28.93,18096200.0,30.3,31.08,30.13,31.03,16720400.0,-1.1784734384972637,-14.493456951447953,-5.820711139757222,-10.129444623482655,0,9.77203184449332,4.302521008403365,3.005903886767489,12.523714021454602,-7.696253007514301,2.4390279243059165,-6.10772907159096,1.2436959438481738,0,0.35260330054629013,-42.0,-64.0,22.0,-7.8359651949726015,-5.8349471296176745,-4.791275282535452,0.4085636727782493,-0.02352562036738637,0.0016113438607798791,-0.029004189494038046,0.017710724827812552
2023-01-12,1673499600,2023-01-19,1674104400,0.25,29.57792697862955,32.36720953111021,29.75,30.32,29.57,30.25,13940350.0,29.81,30.21,29.81,30.08,8313400.0,3.0210723005286155,-11.94726910903924,-2.4074689716312037,-6.805740248226925,0,3.577861915457717,6.289752650176669,6.281127345406789,11.399574673094428,-3.9234218109049834,2.549397722911509,-4.7181758530892814,-0.639325148755337,0,0.38934069914820085,42.0,28.0,14.0,-4.4630984042553195,-2.2961509900254526,-1.6271044242521668,0.3278690660071068,-0.008976063829787218,0.0043218085106384585,-0.008976063829787218,-0.005291005291005346
2023-01-17,1673931600,2023-01-30,1675054800,-0.25,29.57792697862955,32.44095035571208,30.3,31.08,30.13,31.03,16720400.0,32.07,32.56,32.03,32.2,13851450.0,3.7851247102315853,-17.30065266054214,-4.755693581780548,-9.184265010351965,0,11.55336307660658,14.590747330960857,23.575819765115778,22.652402575506116,-3.7994862212452034,2.458257808022658,3.174418527458272,-1.073798599417062,0,0.35275679181621195,46.0,60.0,-14.0,-6.757763975155285,-4.811901491368573,-6.383834857912902,0.292387962131063,-0.004037267080745366,0.011180124223602483,-0.005279503105590111,-0.0024783147459727095
2023-01-18,1674018000,2023-02-03,1675400400,0.75,29.57792697862955,33.86427042227559,31.17,31.47,30.21,30.24,11478900.0,33.55,34.26,33.4,33.86,15282250.0,1.5396414793347617,-17.21004903987817,-5.854498917109652,-10.352431581019886,0,18.047148687361982,24.120234604105566,33.40268661678791,24.604205391944248,-5.530601366253251,2.436526081689688,8.96174065830953,1.1519528492501914,0,0.262528010573768,50.0,80.0,-30.0,-7.835203780271698,-6.749580792279545,-9.540635369644306,0.30293738485610766,-0.009155345540460824,0.011813349084465408,-0.013585351447135241,0.0020716188221368004
2023-01-20,1674190800,2023-02-07,1675746000,0.75,31.004914874268387,35.30235477309609,30.38,31.28,30.18,31.1,14546750.0,33.77,34.49,33.6,34.46,32496550.0,1.125142362252049,-16.66780051663396,-5.863803443606116,-10.213774424453476,0,20.236890134278667,19.115105426892505,38.111901012434586,32.27769155235393,-5.36122214077858,2.3373196161026937,12.126025676705744,2.341445851486569,1,0.4265929592152901,50.0,88.0,-38.0,-7.771329077190941,-6.966783324397113,-10.310147226650315,0.2812879486002371,-0.020023215322112486,0.0008705745792223496,-0.024956471271038838,0.013231402528668168
2023-01-31,1675141200,2023-02-08,1675832400,0.25,32.24546299733342,35.30235477309609,32.34,32.98,32.2,32.93,13734750.0,32.86,33.39,32.34,32.75,35262050.0,6.212382726617122,-10.987955245701087,-0.30636132315521536,-4.993384223918582,0,8.133804262824178,12.814330003444708,34.44712890614598,22.95697785539639,-0.058209603977090296,2.746068574965506,11.54526130812684,-2.4324390695985487,0,0.336209901158843,46.0,88.0,-42.0,-2.3877862595419828,-1.9082976573111807,-5.406433766255418,0.14598129993595688,0.0033587786259541286,0.019541984732824424,-0.01251908396946555,-0.049622751015670374
2023-02-06,1675659600,2023-02-10,1676005200,-0.75,30.605998959887124,35.30235477309609,33.79,34.02,33.56,34.01,15273400.0,31.79,31.98,31.46,31.68,18263350.0,9.312874076135486,-6.235222560983985,3.8441708754208577,-1.1274200336700204,0,2.0880547194387304,4.727272727272727,24.795448215111357,8.559719980983196,3.5472063190840117,2.8230009027279066,8.813844344427523,-1.2279583746023566,0,0.16164727606568516,38.0,84.0,-46.0,1.5388257575757507,1.2750573959567646,-1.986752311823551,-0.12056719893950074,0.003472222222222099,0.009469696969697017,-0.00694444444444442,-0.01431238332296203
2023-02-08,1675832400,2023-02-17,1676610000,-0.25,30.605998959887124,33.86427042227559,32.86,33.39,32.34,32.75,35262050.0,32.19,32.5,32.05,32.35,11429600.0,6.068587928491567,-4.062405548275166,3.1628026790314436,-1.480164863472453,0,4.153670905811566,4.019292604501608,16.403745970968764,11.09270346756825,1.980162433033513,2.58081945125865,5.136673536761901,-0.7920439141699259,0,0.23085208355017306,18.0,52.0,-34.0,1.0030911901081936,-0.18610561378994817,-3.141214035989009,-0.1830002197566034,-0.004945904173106808,0.004636785162287493,-0.009273570324575098,-0.0021591610117212
2023-02-09,1675918800,2023-02-22,1677042000,0.25,30.605998959887124,33.858551886764154,32.8,33.0,31.94,32.14,21622350.0,31.37,31.6,30.94,31.05,12534400.0,10.853816839994622,-0.8441550042458346,7.353730542136347,2.519592055823921,0,-2.6180565967365936,-2.6645768025078302,8.529871581322954,0.49515782130405483,5.781174147812962,2.690316320442461,1.4022402659043607,-0.8665218085324441,0,0.08033999056311325,10.0,52.0,-42.0,5.004830917874386,3.3629172102048983,0.885037081263178,-0.31612324908512246,0.010305958132045046,0.017713365539452575,-0.0035426731078904705,-0.010831474992035628
2023-02-13,1676264400,2023-03-08,1678251600,-0.75,29.22620753636759,33.858551886764154,31.79,32.6,31.69,32.29,16742200.0,30.2,30.73,30.05,30.66,13884250.0,9.302346859403428,-6.252770864621979,3.7698412698412795,-0.4767340726244953,0,-1.8367364114700564,-11.027278003482301,-12.710012469361676,-10.3488062001231,-0.19585688384223943,2.2807165493362946,-1.9617907854247463,0.9700968353571152,0,-0.2932746793262407,-30.0,-48.0,18.0,1.5247879973907317,0.5577742008010489,0.8133887456083642,-0.12689408309327116,-0.015003261578604099,0.0022831050228311334,-0.019895629484670607,0.015568068896985698
2023-02-21,1676955600,2023-03-15,1678852800,-0.25,29.22620753636759,32.24546299733342,32.24,32.24,31.32,31.39,13613000.0,31.67,31.9,31.38,31.82,12432900.0,3.348223509904244,-9.19360377388918,-0.9092813743976507,-4.702493190865269,0,5.252495804155558,-3.253268470659776,-1.4294153124934257,22.314845691394027,-3.9626878076285124,2.2465157285043826,-6.398928567330874,0.8421060474239631,0,-0.04904983943858097,-26.0,-24.0,-2.0,-2.922690131992468,-2.34440877750734,-2.5712521078674655,0.16978473234746844,-0.004714016341923255,0.0025141420490257804,-0.013827781269641792,0.0
2023-02-23,1677128400,2023-03-29,1680062400,0.75,29.22620753636759,33.317720526525825,31.14,31.14,30.4,30.45,15615150.0,33.15,33.28,32.9,33.13,8860150.0,2.038160159588884,-10.598377485275606,-2.4358587383036507,-6.205855719891346,0,11.65829852769155,11.548821548821559,20.724771459540204,19.86643003797184,-2.8103633254969083,2.008920464220867,1.5297913008634474,0.6195103294256831,0,0.12544287671926527,50.0,92.0,-42.0,-4.280108662843347,-3.105308073176772,-4.7836913772126195,0.16863761295559004,0.0006036824630242243,0.004527618472683237,-0.0069423483247812445,0.0021173623714458856
2023-03-09,1678338000,2023-04-03,1680494400,0.75,30.717566914184644,34.49829161118548,30.73,31.57,30.73,31.02,18133800.0,33.9,34.4,33.9,34.35,12294000.0,0.2553944823281853,-12.194259111149137,-4.229500242600693,-7.868510431829208,0,18.278773445917224,14.119601328903652,30.538494427266592,19.127355266236393,-4.541698666139482,1.893213727134318,6.491783032302095,0.8559972305070895,0,0.2885237411290658,50.0,92.0,-42.0,-5.969432314410483,-5.100382853229021,-7.357646702750785,0.22440615290626065,-0.013100436681222738,0.0014556040756912303,-0.013100436681222738,0.005267778753292429
2023-03-16,1678939200,2023-04-04,1680580800,0.75,32.00334291705752,35.65082465528069,31.96,32.75,31.86,32.5,17480450.0,34.58,34.86,34.45,34.7,14744900.0,-0.06628509904615498,-12.469737955708936,-4.566762728146003,-8.151777137367915,0,19.937064324918595,14.938721430937402,34.21404863914889,26.722882392188026,-4.811006083343273,1.8452338201972611,8.51107007779995,1.029434054579714,0,0.25331824756414006,50.0,96.0,-46.0,-6.2680115273775385,-5.480670878495843,-7.9669000665282255,0.24262407560304267,-0.0034582132564843215,0.004610951008645392,-0.007204610951008661,0.010189228529839944
2023-03-30,1680148800,2023-04-13,1681358400,0.25,33.317720526525825,35.65082465528069,33.16,33.66,33.16,33.44,10762050.0,34.25,34.5,34.12,34.36,10815000.0,1.6973364446826196,-7.611189762493979,-1.2941404734186932,-4.707993791230109,0,12.805262518358496,7.982401005656817,30.16636551943655,14.724867939526035,-1.760643982959607,1.8722932176906268,8.169087352920158,0.7742886066814341,0,0.24180805171507525,26.0,68.0,-42.0,-2.9569266589056724,-2.9220897960578185,-5.7632597212625,0.028411267205081248,-0.003201396973224635,0.004074505238649717,-0.006984866123399325,0.01297169811320753
2023-04-04,1680580800,2023-04-18,1681790400,-0.25,33.326510927382785,35.65082465528069,34.58,34.86,34.45,34.7,14744900.0,35.66,35.96,35.51,35.57,14526750.0,0.19049305796909266,-10.187681700083232,-3.464530034673416,-6.641364445693938,0,18.710609057156944,10.465838509316763,35.425525864287685,23.792205013482345,-3.55876729617556,1.7614058031876365,11.153348588941782,1.0447853618499126,0,0.2645713921538124,50.0,96.0,-46.0,-4.99859432105707,-4.802316594074,-8.043451360295066,0.11681474091088162,0.0025302220972729383,0.010964295754849696,-0.0016868147315154403,0.001971830985915579
2023-04-05,1680667200,2023-04-24,1682308800,0.75,33.326510927382785,36.76347280080982,34.62,34.62,33.91,33.95,11951750.0,36.26,36.26,35.86,35.94,13073200.0,1.6089551156547799,-9.705783162399342,-2.6534965683546687,-5.641810424782037,0,19.162444457427597,10.618651892890107,41.49272442557392,17.101564319687327,-2.6872642892315497,1.656131044381166,15.486829289631125,-1.0102085682117967,0,0.10560268654088258,38.0,84.0,-46.0,-4.048414023372288,-3.8224504519779288,-7.635931200312001,0.11065338083087162,0.008903728436282732,0.008903728436282732,-0.0022259321090706274,-0.0016666666666667052
2023-04-14,1681444800,2023-04-25,1682395200,0.25,34.49829161118548,36.76347280080982,34.36,34.84,34.35,34.77,11092750.0,35.92,36.34,35.6,35.6,22729600.0,2.74894044264839,-8.271412352760748,-1.30430711610488,-4.340823970037448,0,15.540048507667038,8.009708737864079,40.48669292603306,6.3173243802907635,-1.3961893702046382,1.700998287631959,15.531891398167751,-1.7443496619255796,-1,-0.03635895310257456,34.0,76.0,-42.0,-2.761235955056179,-2.627338838466642,-6.488947455178163,0.05812148277731499,0.008988764044943753,0.020786516853932735,0.0,-0.00946021146355025
2023-04-19,1681876800,2023-04-26,1682481600,-0.25,34.54655525279984,37.33655467946363,35.71,36.19,35.6,36.1,13836250.0,38.36,40.95,38.36,40.2,81507050.0,-5.5012084007750275,-20.498791599224973,-11.475124378109442,-14.696517412935322,0,30.262362247536302,21.59709618874773,47.8034846857347,23.726579230390627,-8.856489820494701,2.3493639081664375,17.854057286598156,5.689563632160133,1,0.14721383247436878,50.0,96.0,-46.0,-13.0,-12.458104703078462,-16.515130202327967,0.3077005044563563,-0.04577114427860707,0.018656716417910557,-0.04577114427860707,0.1292134831460674
2023-04-25,1682395200,2023-04-27,1682568000,0.75,34.54655525279984,39.023125851702204,35.92,36.34,35.6,35.6,22729600.0,40.52,40.76,39.92,40.73,24138000.0,-3.864237014720061,-22.533995246512433,-11.666257467877898,-14.958670922334079,0,31.234687660650508,22.939933594929048,53.20879891619099,28.955209218342162,-8.91464309195969,2.3004762695236574,20.01035418299781,1.6604293370306973,0,0.2154689503876477,50.0,92.0,-42.0,-13.199116130616247,-12.302269734735503,-16.911224790969527,0.47311424960750514,-0.005155904738521788,0.0007365578197888745,-0.019887061134298945,0.013184079601989973
2023-04-26,1682481600,2023-04-28,1682654400,0.75,35.6365549555144,40.70494194020945,38.36,40.95,38.36,40.2,81507050.0,40.62,41.42,40.52,41.35,20536550.0,-2.6512263309918467,-24.437044527532976,-12.014107214832734,-15.353889560661031,0,32.30790560430316,23.654306220095705,57.55752965032376,33.795227374524714,-9.199457021600836,2.2595943685439304,22.171657495393568,1.396698083597378,0,0.22673127855299785,50.0,96.0,-46.0,-13.544135429262411,-12.320328761006252,-17.44501273256668,0.5817688347968271,-0.017654171704957755,0.0016928657799275548,-0.020072551390568294,0.015222194942303036
2023-04-27,1682568000,2023-05-03,1683086400,0.75,37.33655467946363,42.370771165251895,40.52,40.76,39.92,40.73,24138000.0,41.08,41.33,40.94,41.16,13991950.0,2.977372917699995,-24.454535211188784,-9.1091674765144,-12.54454162617428,0,28.831080214123205,18.61671469740632,60.246665732201855,24.18992892955052,-6.409717070745373,2.1127463633440655,27.167447971516886,0.9293940929328334,0,0.1856692881598305,38.0,84.0,-46.0,-10.738581146744394,-8.911904439438771,-15.173968990383358,0.48716466345968157,-0.0019436345966957758,0.004130223517978759,-0.005344995140913467,0.0019474196689386325
2023-04-28,1682654400,2023-05-09,1683604800,0.25,39.023125851702204,42.370771165251895,40.62,41.42,40.52,41.35,20536550.0,40.8,40.94,40.62,40.65,6867100.0,7.267689836579166,-19.91713633104412,-4.72980729807297,-8.043460434604341,0,24.36606364052264,18.58226371061843,56.23714024897534,14.890895554954938,-2.8896558087081843,1.8531951682978172,28.610818925084708,-0.4620666749743704,0,0.10060979293453794,22.0,60.0,-38.0,-6.32472324723247,-5.2177170425377,-12.02863975203799,0.09403417727992425,0.0036900369003689537,0.0071340713407133105,-0.0007380073800737907,-0.00024594195769789273
2023-05-01,1682913600,2023-05-18,1684382400,-0.25,39.1640283806547,42.370771165251895,41.1,41.55,40.74,40.79,25157250.0,41.22,41.93,41.14,41.92,15284600.0,4.70882826667787,-12.993656510952704,-2.6753339694656404,-5.817032442748101,0,26.85960598214392,16.541562413122055,53.977218650013214,3.1447641710117935,-2.2523005993662366,1.5975631723296295,27.802840360606147,1.0218169135615198,0,0.07913032261684562,50.0,96.0,-46.0,-4.14241412213741,-4.849673379565999,-11.52509270648136,-0.13904457963801153,-0.016698473282442783,0.00023854961832059374,-0.018606870229007644,0.016488845780795236
2023-05-04,1683172800,2023-05-22,1684728000,0.75,39.1640283806547,43.1914220998834,41.17,41.25,40.57,40.67,11441350.0,42.22,42.8,41.96,42.04,15608600.0,3.153679510387434,-9.078988739692832,-1.4529812876625385,-4.640421820488427,0,26.619818593678687,16.972732331663888,55.05444772561895,23.274839194391475,-2.056733263707528,1.5683440871553107,28.102408078703952,-1.051481047223548,0,0.12057699731630192,46.0,92.0,-46.0,-2.962654614652692,-4.175846414157874,-10.864843929418328,-0.1203958158054419,0.004281636536631828,0.01807802093244515,-0.0019029495718363432,-0.0018993352326684976
2023-05-10,1683691200,2023-06-06,1686024000,0.25,40.70494194020945,43.1914220998834,40.78,41.16,40.73,41.1,9991750.0,41.59,41.59,41.12,41.16,8881850.0,2.220762399980501,-1.499188055957191,1.7553449951409448,-0.9390184645286581,1,13.04627618698585,1.2297097884899164,33.52651986714794,5.0287901323636035,0.8210578153418737,1.4972102381265884,18.615933776564056,-0.588171682280211,0,0.041400954355931094,6.000000000000007,40.00000000000001,-34.0,0.3607871720116691,-0.5164894424205926,-5.877473914634493,-0.25643684213612916,0.01044703595724017,0.01044703595724017,-0.0009718172983479434,-0.007953723788864941
2023-05-19,1684468800,2023-06-08,1686196800,-0.75,39.57616492558414,43.1914220998834,41.87,42.2,41.87,42.12,14297100.0,40.29,40.82,40.29,40.46,9721700.0,4.165845269435508,-0.17672020764611318,3.5755478662053264,0.5972977426264663,1,6.660839228650936,-1.5571776155717774,24.092889844144626,-8.27264726467368,2.34217561046637,1.6003024283013294,14.21964706207114,0.6396725975397572,0,-0.1466862949812557,-2.0,-48.0,46.0,1.9945625308946973,0.9861427670529395,-3.9223316710727403,-0.32763632077766736,-0.004201680672269004,0.008897676717745995,-0.004201680672269004,0.0
2023-05-23,1684814400,2023-06-15,1686801600,-0.25,39.57616492558414,42.02964035166414,41.86,42.14,40.82,40.94,17610400.0,41.14,41.57,41.0,41.03,10050700.0,2.7500350560450073,-1.5021676419577545,2.177268665204309,-0.7742302380372053,1,9.197591491370297,-0.5092143549951524,18.046912222164472,-6.106755307437744,0.4799326063696441,1.4581873115100068,9.039906430349589,-0.6740997136650684,0,0.08394816818890499,-21.999999999999996,-48.0,26.0,0.6239337070436335,-0.15254155790798052,-4.259430777125559,-0.18739690280055332,0.002680965147453085,0.013161101632951588,-0.0007311723129417302,-0.004609412906356081
2023-06-07,1686110400,2023-06-16,1686888000,0.25,39.57616492558414,41.89154905831162,41.18,41.46,40.28,40.46,15277750.0,41.32,41.32,40.63,40.66,17198100.0,3.5047299595231607,-0.7354235158438627,2.997212657812767,0.04344974585998784,1,5.629155591302613,-3.0057251908397067,15.278560631000577,-14.614269213517886,1.2799298707405882,1.487566808527725,7.659291548715146,-1.1454145156968762,-1,-0.024937852290698337,-26.0,-48.0,22.0,1.384653221839642,0.6840502865828881,-3.2553349124193858,-0.20127641170423893,0.016232169208066916,0.016232169208066916,-0.0007378258730937892,-0.009017791859615043
2023-06-09,1686283200,2023-06-23,1687492800,-0.25,39.66917957089472,41.89154905831162,40.46,40.86,40.46,40.81,8946150.0,40.75,41.18,40.74,40.87,36062750.0,2.2924330902623495,-1.0029787227556142,2.096484789168926,-0.643911589593003,1,5.534570535623253,-0.4627374573794565,11.35731989146392,-14.98493070215116,0.4026188960089456,1.4811612307892499,4.360802105905439,-2.2991833102476207,-1,-0.15876308289578397,-42.0,-48.00000000000001,6.000000000000007,0.6447271837533748,0.2819333812359872,-3.1186582670173664,-0.13580810630612716,-0.002936138977244873,0.007585025691215996,-0.0031808172253485756,-0.003413801511826353
2023-06-16,1686888000,2023-06-26,1687752000,0.25,39.66917957089472,41.8305689057006,41.32,41.32,40.63,40.66,17198100.0,40.9,41.08,40.5,40.65,12440450.0,2.861844119311783,-0.6084615854864523,2.5699056990569886,-0.17302173021730027,1,3.5743352359028506,-1.2390670553935814,9.052624352165244,-14.981246661160526,0.8416885637829523,1.484722849289468,2.8691400953713675,-0.7915013391094723,0,-0.23938431625647993,-46.0,-48.0,2.0,1.1266912669126725,0.7461251432451093,-2.492592723766734,-0.14877461066310343,0.006150061500614923,0.01057810578105789,-0.0036900369003689537,-0.0053829214582823415
2023-06-20,1687233600,2023-06-27,1687838400,-0.25,39.671528257894884,41.866959410629015,40.72,41.14,40.69,41.0,12333600.0,40.89,41.43,40.66,41.33,11170550.0,1.1418695340037317,-2.2379256675628625,0.8916041616259491,-1.8836196467457,1,8.356797336449539,-0.2172863351038228,9.464422722193627,-9.513083529891254,-0.8300742195790747,1.4907915206992834,2.085795170104088,0.7106358758276798,0,-0.154432033547829,-46.0,-44.0,-2.0,-0.5480280667795654,-0.8246405189527479,-3.936214408578863,-0.10880866416131868,-0.010646019840309662,0.0024195499637067464,-0.016210984756835245,0.016728167281672812
2023-06-26,1687752000,2023-07-06,1688616000,0.75,39.671528257894884,43.02537175140168,40.9,41.08,40.5,40.65,12440450.0,42.17,42.29,41.85,41.87,8441250.0,2.0641894537122454,-4.466864399974455,0.22450441843801627,-2.543587294005249,0,8.044997605099091,1.7249757045675436,19.07501608659027,-9.0324872010466,-1.031190983078801,1.4391466635206918,5.197501638273703,-0.5561762562006282,0,-0.20327840244057027,38.0,64.0,-26.0,-1.2013374731311046,-0.7039215451267609,-3.85532576999627,0.054487601186269385,0.007165034631000822,0.010031048483400973,-0.00047766897539991415,-0.012732846026880407
2023-06-27,1687838400,2023-07-14,1689307200,0.25,40.75789996671999,43.02537175140168,40.89,41.43,40.66,41.33,11170550.0,41.16,41.56,40.68,41.12,12940350.0,3.916579695638518,-2.090217827934211,2.5052691309987125,-0.46165693904019633,0,1.2136838542742439,-0.24260067928190543,5.34390730535171,-6.477894178017586,1.395553073678883,1.5835605518504607,-2.9865511728959895,1.0186106306383178,0,-0.1089603435101718,14.0,60.0,-46.0,0.9131809338521464,0.8204763802394979,-1.5413458628472227,-0.14508410311324654,0.0009727626459143934,0.01070038910505855,-0.010700389105058328,0.00341630063445586
2023-06-28,1687924800,2023-07-21,1689912000,-0.25,40.8019483700878,43.14561271882539,41.44,42.33,41.4,42.03,12304350.0,42.29,42.6,41.73,41.98,14238250.0,2.9420514637433968,-3.566158181227891,1.4530728918532532,-1.9461648404001863,0,4.32692236778113,2.3652767617654202,10.069199013171678,-3.482385505593541,0.05273210354361879,1.8326309137169916,-4.928214440222895,1.108678052725834,0,-0.21684283153143896,38.0,60.0,-21.999999999999996,-0.31205335874223294,-0.3565575859755086,-2.7175053297390264,0.0003817369140532434,0.007384468794664256,0.01476893758932829,-0.005955216769890415,0.0021484841250893894
2023-07-07,1688702400,2023-07-26,1690344000,0.25,40.41649370296227,43.14561271882539,41.62,41.83,41.42,41.55,11450950.0,41.84,42.0,41.3,41.76,23939750.0,3.215521638302917,-2.2097745118661294,2.3347701149425433,-1.2188697318007655,1,2.746171425460169,1.040406484393902,6.595518090079663,-4.225580229118954,0.28660612801483865,1.8534313382626972,-6.1858131039670425,-1.8115082522478185,0,-0.09285234914722595,26.0,60.0,-34.0,0.5028735632183867,0.12461239093168786,-1.9561782556797596,-0.06402358970485245,0.0019157088122607746,0.005747126436781658,-0.011015325670498122,-0.0021505376344086446
2023-07-17,1689566400,2023-07-27,1690430400,-0.75,38.56867695378449,43.14561271882539,41.29,42.6,41.26,42.55,17116800.0,38.5,39.0,37.45,37.66,68460400.0,16.685966403937712,5.042658131378303,13.04257390688619,8.937422552664188,0,-16.037556726688493,-10.397335236735676,-4.71568974044642,-13.966162305962953,8.3873829467137,2.7258758912754204,-3.656654727479605,-4.753290329013113,-1,-0.25789391854499394,22.0,-28.0,50.0,10.864312267658008,9.975055579319772,8.375865486914819,-0.3330625417002578,0.02230483271375472,0.03558151885289451,-0.005576208178438513,-0.09818007662835249
2023-07-24,1690171200,2023-07-28,1690516800,-0.75,36.74741854383369,41.866959410629015,42.09,42.16,40.88,41.66,15668750.0,37.96,38.37,37.55,38.25,34380350.0,15.583184630243665,1.690017984135423,10.799564270152516,6.658387799564295,0,-12.657614636860735,-9.381663113006399,-10.968433939818881,-8.387156373977781,5.720642636317905,2.6452554973867786,-1.3081505207412683,2.3133295612584357,0,-0.1590297036498056,18.0,-28.0,46.0,8.63660130718955,7.490259905666321,6.441276236126313,-0.44814515376292535,-0.00758169934640518,0.0031372549019608176,-0.018300653594771288,0.015666489644184933
2023-07-27,1690430400,2023-08-02,1690948800,-0.25,36.74741854383369,40.420559763024514,38.5,39.0,37.45,37.66,68460400.0,38.89,39.29,38.71,38.74,14779450.0,13.717369075432046,-1.9207764063561683,8.14747891929099,3.844432971949743,0,-9.310454166839811,-8.653619429379852,-16.488956009277086,-0.8520140120294357,3.4467130283770047,2.489269374479526,0.9036041382258304,-0.9787719120947995,0,-0.0998450166138374,6.000000000000007,-27.999999999999993,34.0,5.898296334537932,4.723287512774661,4.6014227799137615,-0.39653605336389364,0.0038719669592153227,0.01419721218378922,-0.0007743933918430423,-0.009207161125319718
2023-07-28,1690516800,2023-08-29,1693281600,0.25,36.74741854383369,40.420559763024514,37.96,38.37,37.55,38.25,34380350.0,37.98,38.23,37.84,38.06,7068550.0,1.2638729063784382,-4.248633810214514,0.01138553161672462,-2.7605535119986087,0,-4.545054423133365,-2.659846547314576,-20.91177494691919,-0.08135197634698699,-1.9749857910219504,1.649170075103012,2.2211807617520165,0.4925512300872148,0,-0.058547880956742376,-46.0,-44.0,-2.0,-1.492380451918038,-0.27474649316609145,2.1651379865959655,0.2344964025390619,-0.0021019442984762104,0.004466631634261642,-0.00578034682080919,0.0018425901553040802
2023-07-31,1690776000,2023-08-30,1693368000,-0.25,36.886132299301856,40.420559763024514,38.51,39.5,38.34,39.25,24463250.0,38.2,38.88,38.07,38.77,11673350.0,-0.568158675891425,-6.016829717196032,-1.8343220703292928,-4.614822457226381,0,0.509102622871616,0.07743933918430856,-16.444191182480434,7.235168830819056,-3.462606912906679,1.6544020961705819,1.2649430065220244,0.8141724105030044,0,0.042293787080037754,-38.0,-32.0,-6.0,-3.2924941965437426,-1.9009300011890957,0.28263840382057026,0.29015010330621493,-0.014702089244261085,0.0028372452927520886,-0.018055197317513594,0.01865475564897534
2023-08-03,1691035200,2023-08-31,1693454400,0.25,36.886132299301856,39.72321800061809,38.53,38.92,38.37,38.46,13786950.0,38.92,39.03,38.49,38.53,9932850.0,0.09445684153051559,-5.4565123826672846,-1.211177437494598,-4.006401937883922,0,-1.1030437361786127,0.18200728029121238,-13.405174533968307,14.243538122991339,-2.5518303179409685,1.6459070862981255,0.5999256983465955,-0.6995183511371764,0,-0.0027083686663908146,-42.0,-32.0,-10.0,-2.6810277705683916,-1.1670338101119881,0.871710179941303,0.3010186654536121,0.010121982870490598,0.012976901116013462,-0.0010381520892810414,-0.006190353366004708
2023-08-30,1693368000,2023-09-14,1694664000,-0.25,37.427174553153286,39.72321800061809,38.2,38.88,38.07,38.77,11673350.0,38.87,38.87,38.39,38.72,8979550.0,2.586316132824919,-4.990758281585229,0.15797176308538496,-2.654528236914601,0,-0.3644322075307116,3.695768612747711,2.8415439143855425,16.08009731276836,-0.10314281996311081,1.5794138893998337,-4.970477594314467,0.6578114074463148,0,0.175768714759753,30.0,76.0,-46.0,-1.2022210743801622,-0.4351607289677162,0.397759860435869,0.1273002095027743,0.00387396694214881,0.00387396694214881,-0.008522727272727182,0.0015519917227109215
2023-08-31,1693454400,2023-09-15,1694750400,0.25,37.427174553153286,39.68392918294204,38.92,39.03,38.49,38.53,9932850.0,38.57,38.57,38.07,38.25,12363400.0,3.6919885048552317,-3.333818570214703,1.5176470588235418,-1.277124183006535,0,-4.0917511106235835,3.4622667027319483,1.3410912584104449,14.157457171375071,1.2083532970188315,1.6060014479333335,-6.226591493712132,-0.9005259489923876,0,0.1416655449000423,26.0,72.0,-46.0,0.17908496732026435,0.7131789043424135,1.5674288494208781,0.07226951053335434,0.00836601307189544,0.00836601307189544,-0.004705882352941115,-0.012138429752066138
2023-09-01,1693540800,2023-09-18,1695009600,-0.25,37.46294495688239,39.70857095090787,38.56,38.85,38.42,38.77,8687800.0,38.04,38.92,38.04,38.77,10510900.0,2.178510368971871,-4.045933634383275,0.42472702261197526,-2.453787292580188,0,0.25840778838298206,4.840454299621435,1.9372556776609908,14.624504133374813,-0.04488791060801134,1.633413574532684,-7.029828053461941,0.7666433240967165,0,0.1398507795359791,22.0,64.0,-42.0,-0.9337116327057089,-0.5769031421805835,0.19711699516355452,0.06756032246643265,-0.018828991488264224,0.003868970853752929,-0.018828991488264224,0.013594771241830061
2023-09-15,1694750400,2023-09-20,1695182400,0.25,37.407346813598494,39.70857095090787,38.57,38.57,38.07,38.25,12363400.0,38.4,38.8,38.4,38.41,6513200.0,2.8602700070279354,-2.3135373853148167,1.6731753883537408,-1.294801700945925,0,-2.554739430336639,2.590811965811963,0.6720961448803681,8.065994286865674,0.939798180794952,1.6341325446847448,-8.525433242054515,-0.4796628603142097,0,0.06221343374074351,14.0,56.0,-42.0,0.27336631085654517,0.3085034266949691,1.0566999433947473,0.021057494384470007,-0.00026034886748238506,0.010153605831814572,-0.00026034886748238506,-0.0020784619381658542
2023-09-18,1695009600,2023-09-21,1695268800,-0.75,36.200097866193225,39.70857095090787,38.04,38.92,38.04,38.77,10510900.0,38.19,38.29,37.18,37.32,12107600.0,6.052131513734935,0.19652872206357586,4.693640585923561,1.5023222579492597,0,-9.982537305502518,-1.5303430079155629,-3.795005423783275,0.5780577858463047,3.64445138878402,1.797143246703095,-8.109567598270726,-0.8866101769632203,0,0.05726135803404097,10.0,56.0,-46.0,3.124330117899248,2.9297998210683858,3.8510625625033157,-0.06354522599745148,0.02331189710610926,0.025991425509110266,-0.0037513397642015,-0.028378026555584412
2023-09-19,1695096000,2023-09-22,1695355200,-0.25,36.200097866193225,38.6042208361891,38.68,38.68,37.97,38.49,8158600.0,37.37,37.83,37.24,37.51,10060650.0,5.493292710274773,-0.27335136130116666,4.147338487514446,0.9775171065493566,0,-8.3076099385733,0.1602136181575305,-6.543643509639338,0.21132192713477593,2.9108155610174435,1.7726739870710158,-7.723406643328637,0.7380074206766636,0,0.01418705073370141,6.000000000000007,52.00000000000001,-46.0,2.609970674486803,2.1790537851787803,3.1946310195966277,-0.10088591257230071,-0.00373233804318851,0.008531058384430912,-0.007198080511863436,0.005091103965702004
2023-09-21,1695268800,2023-09-26,1695700800,0.25,36.200097866193225,38.6042208361891,38.19,38.29,37.18,37.32,12107600.0,36.8,37.05,36.73,36.95,10179000.0,7.538363057770098,0.415628823150044,5.52322958953539,2.3567884528642224,0,-11.700446539526773,-2.7375625164516952,-12.969894132365312,-17.837905475429338,3.584210413635546,1.737499269849039,-5.983220158635326,-0.7573774546313866,0,0.05536330332697054,-2.0,-52.0,50.0,3.9769959404600854,3.1073925971556946,4.41717579756417,-0.17008416927661327,-0.004059539918809363,0.0027063599458725385,-0.005953991880920273,-0.006453347674105769
2023-09-22,1695355200,2023-09-27,1695787200,-0.75,34.977325225700376,38.6042208361891,37.37,37.83,37.24,37.51,10060650.0,37.08,37.27,35.9,36.12,16675500.0,10.668532544220483,1.5269270349600248,7.860372831303053,4.349852344038368,0,-16.127447933083204,-5.097214923804532,-17.938630964283007,-27.324454416664835,5.178456045412645,1.9213885743394765,-4.149260946151212,-1.2370633390079517,-1,-0.0979007780987005,-6.0,-56.0,50.0,6.097729789590261,4.955103323357534,6.549257182094465,-0.2324782284229286,0.02657807308970095,0.03183831672203774,-0.006090808416389759,-0.02246278755074438
2023-09-25,1695614400,2023-10-11,1696996800,-0.25,34.977325225700376,37.50351593129316,37.29,37.35,36.97,37.19,10259050.0,36.73,36.85,36.21,36.47,14125000.0,6.607168741848497,-2.1020960793862002,4.154556256283698,0.4336897906955528,0,-9.097651975016113,-5.66476978789446,-17.68326258588576,-11.189590879714345,0.9319518431630343,1.8899371746558054,1.4502033741858114,-1.2601039146365909,0,-0.05323596358340742,-46.0,-56.0,10.0,2.2525363312311413,1.9734657752384095,3.9986804960485927,-0.03568404241706635,0.007129147244310241,0.010419522895530609,-0.007129147244310352,-0.004639737991266379
2023-09-27,1695787200,2023-10-16,1697428800,0.25,34.954914789066564,37.50351593129316,37.08,37.27,35.9,36.12,16675500.0,35.7,36.52,35.58,36.21,12312350.0,5.8209154380583215,-2.065046893457364,3.932615299640972,-0.011046672189991114,0,-8.723190119488407,-6.603043590404957,-21.05564214962937,-5.127508689518578,0.96771738949586,1.995883275292561,4.408085971001892,1.1195941132047333,0,-0.1023738469633045,-30.0,-76.0,46.0,1.8779342723004788,1.792683639991722,4.114406048440841,-0.06669228286230816,-0.014084507042253502,0.008561170947252172,-0.01739850869925441,0.016278417064271578
2023-09-28,1695873600,2023-10-25,1698206400,-0.25,34.954914789066564,37.51420653656525,36.09,36.98,36.07,36.77,14816300.0,37.0,37.24,36.64,36.84,9897850.0,1.7505114339607672,-2.7494256576307095,1.3300760043430984,-2.293702497285551,1,-2.94252817897641,1.9933554817275914,-9.926419072159874,-9.60159405735363,-0.8549777131010217,1.8307388037138723,-2.4328537623094952,-0.8951150377716597,0,-0.10483292725932199,-42.0,-60.0,18.0,-0.4994571118349711,-0.06995032545103186,1.7128708251109543,0.1160563811364303,0.004343105320304019,0.010857763300760048,-0.005428881650380135,-0.007008086253369239
2023-10-12,1697083200,2023-10-26,1698292800,0.25,34.954914789066564,37.51420653656525,36.5,36.54,35.61,35.87,12578900.0,36.9,37.04,35.97,36.13,22770750.0,3.7412876539354443,-1.0067180441928514,3.3121136636220996,-0.4271611772303743,1,-7.359431934197026,-1.7405493608920328,-10.809482446883095,-10.41398203345257,1.0072131372325543,1.9449160331237354,-2.59144694981169,-2.034852106333204,-1,-0.11180631113562028,-46.0,-60.0,14.0,1.3672848048712893,1.7134389970046016,3.5661016583130163,0.07109902012986069,0.021311929144754993,0.025186825352892184,-0.004428452809299821,-0.019272529858849086
2023-10-17,1697515200,2023-10-27,1698379200,-0.25,34.961678528211245,37.77647357896164,35.98,36.6,35.98,36.59,10744200.0,37.69,39.05,37.13,37.75,45290100.0,-0.2175310962478818,-5.453992082560049,-0.8136865342163446,-4.713024282560696,1,3.1926163971312675,3.0294759825327495,-6.29645796909724,5.789294339774301,-2.446680469287685,2.280998319012085,-2.778608192601034,3.8468369412744985,0,-0.23088573700888138,50.0,40.0,10.0,-2.8357615894039583,-2.398959989563238,-0.8438803309556562,0.14570717558300145,-0.0015894039735100396,0.03443708609271523,-0.016423841059602595,0.04483808469415984
2023-10-26,1698292800,2023-10-31,1698724800,0.75,34.961678528211245,39.3339877683183,36.9,37.04,35.97,36.13,22770750.0,38.16,39.16,38.01,38.84,19693250.0,-1.3711103524883157,-8.994492119190397,-3.2209062821833356,-7.0777548918640605,0,8.737545708172853,5.7158410451823665,3.4729926089071057,14.895933660126431,-4.4554946914994105,2.2801812545604863,-2.391197687917117,1.6387276019619215,0,-0.12111107682773306,50.0,48.0,2.0,-5.182801235839349,-4.350158391410446,-3.4107773496278213,0.29206323977101945,-0.017507723995880742,0.008238928939237722,-0.02136972193614839,0.017020162346164103
2023-10-27,1698379200,2023-11-03,1698984000,0.75,36.22653522119293,40.960813778528895,37.69,39.05,37.13,37.75,45290100.0,40.72,41.13,40.6,40.81,12067100.0,-1.1747164380111315,-15.794163738416216,-6.571510250755523,-10.457812627623952,0,16.651131149053512,11.961591220850478,21.163143995096743,27.219188384557384,-7.0291676408681525,2.1745981441400475,2.0798169856596473,0.9699030338093645,0,0.0004649352394171967,50.0,60.0,-10.0,-8.484440088213674,-6.868992424078712,-7.26536335128921,0.5268523698852576,-0.002205341827983376,0.007841215388385114,-0.005145797598627766,0.002456398919184588
2023-10-30,1698638400,2023-11-10,1699592400,0.75,37.77647357896164,42.53027177577112,37.8,38.41,37.49,38.19,15429850.0,42.06,42.44,41.92,42.41,10756500.0,1.683680979304654,-19.097026888288354,-7.017605910555673,-10.571013125835094,0,21.801240443884666,19.028908223407225,39.122175033477916,36.27853697854252,-7.849511310612016,1.8285383189566327,10.800287800212075,0.8580568961960554,0,0.14687623610965486,50.0,80.0,-30.0,-8.70667295449185,-6.872127725340789,-9.092359109093607,0.4781767419117051,-0.008252770572977908,0.0007073803348267571,-0.011553878802169182,0.012171837708830457
2023-11-01,1698811200,2023-11-20,1700456400,0.75,39.3339877683183,43.934436387558726,39.0,39.97,38.83,39.73,16942200.0,43.4,43.86,43.2,43.73,10134250.0,4.1405709808963564,-17.84969515194595,-5.300327768884827,-8.650430673069593,0,23.60735986858161,20.170376477054123,51.01594329391559,39.16911014104001,-4.253515988479222,1.5793670554574764,21.560599459604227,0.8183161674743578,0,0.3615804231310674,50.0,68.0,-18.0,-6.85456208552479,-5.709583016286928,-9.507843296996725,0.23929363838720974,-0.007546306883146503,0.00297278756002739,-0.012119826206265616,0.011332099907492843
2023-11-06,1699246800,2023-11-28,1701147600,0.75,40.960813778528895,45.14282058701775,40.86,41.4,40.73,41.38,10777450.0,44.2,44.33,43.98,44.13,7206900.0,3.423717960330478,-10.885761921354714,-2.548153183775213,-5.1926127351008375,0,23.111003656302657,15.55380989787904,55.05674552519252,29.1583320499915,-2.026218023524919,1.4167331931761813,28.306566297296975,-0.5909178269271388,0,0.1631413455202908,42.0,80.0,-38.0,-3.731021980512125,-3.9101298299821963,-8.4240174589726,0.03573940859259506,0.0015862225243599148,0.004532064355313725,-0.003399048266485516,-0.0011317338162063484
2023-11-13,1699851600,2023-11-29,1701234000,0.25,42.53027177577112,45.14282058701775,42.42,43.12,42.28,43.01,12782600.0,44.23,44.38,43.72,43.78,8958850.0,3.818951431292291,-8.613378110141127,-1.220877112836888,-3.774554591137516,0,19.638515473238243,12.7188465499485,53.51229457649068,22.3986017192735,-0.8702030953870832,1.4337363205528353,28.382808788673984,-0.7336033547664177,0,0.06683828921816261,38.0,80.0,-42.0,-2.3972133394244253,-2.842705473846678,-7.39026802137181,-0.038431565107619914,0.010278666057560448,0.013704888076747412,-0.0013704888076747634,-0.007931112621799241
2023-11-21,1700542800,2023-12-08,1702011600,-0.25,42.80459481751027,45.14282058701775,43.83,44.15,43.74,43.95,9121550.0,44.48,44.89,44.43,44.86,8172250.0,0.697920295002703,-4.904340268252824,-0.9537078317729026,-3.323302125130027,0,20.54983486333859,7.064439140811459,46.822421765773534,13.969766680022147,-1.3816946127256529,1.346171007580983,30.962746468463145,0.6914100178794921,0,0.05638111414599392,50.0,96.0,-46.0,-2.1032099866250604,-2.9874395130142943,-7.481143575622582,-0.14680744285065517,-0.00847079803834161,0.0006687472135533667,-0.009585376727596961,0.007410734336402491
2023-11-29,1701234000,2023-12-11,1702270800,0.75,42.80459481751027,46.21793785600511,44.23,44.38,43.72,43.78,8958850.0,45.0,46.06,45.0,45.91,12630700.0,-1.0407850665027638,-6.8812362796091975,-2.789878748275612,-5.2228998765700965,0,24.494561849872312,8.252770572978072,48.13392784819799,14.869133708719659,-3.199763683722125,1.408127716029931,32.189106546700415,1.0681038731376025,1,0.07919357254788592,50.0,92.0,-42.0,-3.9610106730559806,-4.710369350512494,-9.22076908329555,-0.07620562464413494,-0.019821389675451884,0.003267262034415186,-0.019821389675451884,0.023406152474364728
2023-11-30,1701320400,2023-12-13,1702443600,0.75,43.934436387558726,47.37561153926558,43.66,44.21,43.66,44.05,12955350.0,46.88,46.92,46.34,46.8,9147250.0,-1.0472201474854899,-9.057480707215333,-3.929131054131034,-6.28169515669515,0,27.273286146806626,8.03324099722991,51.860486590927366,14.618325668970158,-4.3549727239976335,1.364617918395241,34.860965834967836,0.7779858889617306,0,0.16599426584261356,50.0,96.0,-46.0,-5.052350427350419,-5.411087540671559,-10.13676155277598,0.04837224625665404,0.0017094017094019254,0.002564102564102555,-0.009829059829059683,0.008403361344537785
2023-12-11,1702270800,2023-12-18,1702875600,0.25,44.96535187401011,47.37561153926558,45.0,46.06,45.0,45.91,12630700.0,45.6,46.02,45.3,45.94,10067450.0,1.3099882164644612,-6.323048730177987,-1.1627485125525965,-3.91198664925264,0,17.42864817399189,6.244218316373718,42.59962595829285,6.868199846209464,-1.8388039303309966,1.521993039804671,31.334521871950678,0.8577640019858815,0,0.16252441390374195,38.0,84.0,-46.0,-2.506530256856763,-2.864812833057357,-7.57407390249098,-0.07811912284787703,-0.0074009577710055785,0.0017414018284720445,-0.013931214627775357,0.011226062073519616
2023-12-12,1702357200,2023-12-20,1703048400,-0.25,44.96535187401011,47.46889244873215,46.16,46.42,45.82,46.41,7143000.0,46.56,46.97,46.26,46.28,7405650.0,1.3770664365187173,-6.7119843276163635,-1.2953759723422564,-4.052506482281771,0,17.549565161654414,5.301478953356082,40.80985847675592,11.950273461230971,-1.7848381902637982,1.5039930946080087,30.26859525629711,-0.6374545579122041,0,0.1862548219855114,30.0,76.0,-46.0,-2.6674589455488302,-2.88086859928751,-7.597312691283591,-0.06350796752981558,0.006050129645635227,0.01490924805531546,-0.0004321521175454368,-0.005586592178770888
2023-12-14,1702530000,2023-12-22,1703221200,0.25,44.96535187401011,47.46889244873215,46.89,46.93,45.49,45.51,13383150.0,46.29,46.29,46.01,46.09,5231100.0,2.264040669654449,-6.045772064750992,-0.4834743617559809,-3.2780067982932053,0,15.985249887692888,3.8296913719306214,37.813468924819524,6.879692344866761,-0.8996633730611308,1.426137334531763,28.20713574586869,-0.4621751627168277,0,0.14110275692512447,22.0,68.0,-46.0,-1.8908656975482785,-2.021181182916024,-6.657413410997634,-0.11088645771048844,0.004339336081579326,0.004339336081579326,-0.0017357344326319746,-0.0010836584308625552
2023-12-19,1702962000,2023-12-26,1703566800,-0.25,44.98254333472516,47.46889244873215,46.1,46.58,46.09,46.54,8580050.0,46.13,46.49,46.13,46.39,5337400.0,1.846499670854712,-6.420761365185385,-0.9456060932672301,-3.6573974276065258,0,17.292317522183794,5.002263467632415,37.16168902988062,6.812365215007588,-1.3623547151735806,1.3772960717078748,27.463381367700414,0.47639593541637026,0,0.16793175513001135,18.0,64.0,-46.0,-2.2871308471653435,-2.4019632450460193,-6.976304486485489,-0.11199991649585539,-0.005604656175899891,0.002155636990730736,-0.005604656175899891,0.006509004122369211
2023-12-21,1703134800,2023-12-29,1703826000,0.25,44.98254333472516,47.36800762180262,46.31,46.46,45.9,46.14,6517900.0,45.65,45.75,45.37,45.74,9245250.0,3.131904400198195,-3.726569900854088,1.0508672205217948,-1.6732254773356772,0,11.252227670304663,3.8365493757094327,30.078678443838868,-0.5234872742683123,0.5756008296032178,1.3363290243630708,22.56141335754092,0.841597821972783,0,0.1116060004217071,6.000000000000007,40.00000000000001,-34.0,-0.2973327503279535,-0.7139014042827938,-4.996448460306823,-0.2088561089341412,-0.0019676432006996425,0.00021862702229991093,-0.008089199825098481,0.0037305244678516036
2023-12-26,1703566800,2024-01-10,1704862800,-0.75,43.93551997630728,47.36800762180262,46.13,46.49,46.13,46.39,5337400.0,44.8,45.2,44.64,44.9,10421800.0,4.924221069525785,-1.9175395550491743,2.8893838158871716,0.2546399406087687,0,4.576233499022209,-2.1999564365062034,6.59525417586783,-8.924278550803756,0.7616826295072485,1.314664336404039,5.235496279952649,1.0393810507683858,0,-0.20823847415655278,-21.999999999999996,20.000000000000004,-42.0,1.5033407572383055,0.28836659810849596,-2.5708664273319073,-0.285306724890972,-0.0022271714922049712,0.006681514476614803,-0.005790645879732659,0.005824372759856589
2023-12-27,1703653200,2024-01-16,1705381200,-0.25,43.93551997630728,46.21793785600511,46.52,46.54,46.03,46.15,7292700.0,45.52,46.07,45.5,45.8,7974850.0,2.3014708405243596,-3.709767783755808,0.5323871906841333,-1.910844250363894,0,9.774187574658235,0.6372225884420988,9.382333801969581,2.4121445183838333,-1.4714446877438832,1.32370155658298,3.217623106565185,0.8436243333126698,0,-0.05470023933746972,-34.0,-60.0,26.0,-0.7041484716157242,-1.3597048955130475,-4.029097054967281,-0.09432763014479184,-0.006113537117903856,0.005895196506550349,-0.0065502183406113135,0.007922535211267512
2024-01-02,1704171600,2024-01-26,1706245200,0.75,43.93551997630728,47.31580354769841,45.57,45.7,44.75,44.9,9998950.0,46.26,46.64,46.15,46.53,7256000.0,1.5212699470149857,-5.441321526641019,-0.7514864961673453,-3.1692814671538088,0,11.095644681420197,0.8234019501625192,20.049245483029654,29.95231610465507,-1.5548986147917674,1.2609340291395277,2.5869127568939234,0.79977743789931,0,0.17160145243191424,42.0,48.0,-6.0,-1.9600257898130309,-1.3689306004114599,-4.05201502720206,0.03764112203409803,-0.005802707930367523,0.0023640661938533203,-0.008166774124220955,0.006271626297577937
2024-01-11,1704949200,2024-01-31,1706677200,0.75,45.084444502050275,48.53430889969496,45.01,45.56,44.53,45.53,9122400.0,48.38,48.79,48.15,48.18,10774650.0,0.5901870059113747,-9.471465544724197,-3.2375121073751245,-5.811194133111954,0,18.10590041952412,7.305122494432075,30.216854589823804,30.173477488060072,-3.0649157527024045,1.380707906618473,6.038481388692098,-1.181960211129633,0,0.19652766409978661,46.0,64.0,-18.0,-4.440639269406404,-3.492572242300838,-6.49837341418953,0.2007461638654291,0.004151100041511091,0.012660855126608528,-0.0006226650062266526,-0.004339739615623062
2024-01-17,1705467600,2024-02-05,1707109200,0.75,46.2034910961119,49.74647080142107,45.62,46.39,45.62,46.21,9138300.0,50.05,50.12,49.25,49.42,18924150.0,0.5932279008478787,-11.321677921082625,-4.080669094833411,-6.931741535140972,0,21.55545349235645,11.658382286488939,39.09765379651977,33.03931549277732,-3.6740053530238868,1.4778422982774309,11.198808561488235,-2.002147075178736,0,0.14763596784798982,46.0,76.0,-30.0,-5.364225010117366,-4.431530019949321,-7.869128313533253,0.28775438848299384,0.012747875354107485,0.014164305949008416,-0.0034399028733306247,-0.004632426988922411
2024-01-29,1706504400,2024-02-06,1707195600,0.75,47.31580354769841,51.052055239501335,46.57,48.14,46.29,48.09,16339250.0,49.61,49.96,49.3,49.75,22747550.0,0.662764779661984,-11.637639151521299,-4.1976549413735285,-7.031825795644892,0,22.727771189896927,11.222892913033766,41.21073386254283,34.538629241585866,-3.5796929006690448,1.4579390709997397,12.957820460688446,2.338126649456201,0,0.15599179048112322,50.0,84.0,-34.0,-5.48743718592965,-4.583027574187128,-8.147688931514764,0.28564248653853985,-0.002814070351758846,0.004221105527638214,-0.009045226130653283,0.006677458518818291
2024-02-01,1706763600,2024-02-22,1708578000,0.75,48.53430889969496,52.87766936057587,48.28,48.96,48.24,48.84,13430900.0,51.87,52.74,51.87,52.55,10237400.0,4.263857017571667,-12.062144362956985,-2.0513796384395704,-5.908658420551845,0,18.613954795105414,12.526766595289066,40.26972514517002,21.266751642728877,-1.678035207094581,1.7768802077926031,26.768851290425424,0.9444543772647522,0,-0.0005857736447301356,10.0,36.0,-26.0,-3.8991436726926594,-3.6950191386853675,-8.618467221162803,-0.06549977035867482,-0.012940057088487111,0.0036156041864892074,-0.012940057088487111,0.022572484919245017
2024-02-06,1707195600,2024-03-13,1710302400,0.75,49.74647080142107,54.51550956423039,49.61,49.96,49.3,49.75,22747550.0,54.41,54.76,54.04,54.45,9485800.0,1.0756206401752593,-5.600873165427814,-0.9482705846342299,-3.7049280685644277,0,18.568449360211602,4.751827626010016,37.14337878673287,18.351227626978684,-1.3463022572074266,1.6263960998687317,20.960755727513643,0.8876965342701977,0,0.15100518104175129,50.0,60.0,-10.0,-2.26262626262627,-2.5754338494570135,-7.276759974366357,-0.1409743687993541,-0.0007346189164372241,0.005693296602387488,-0.007529843893480326,0.0009191176470588758
2024-02-07,1707282000,2024-03-19,1710820800,0.75,51.052055239501335,56.13196675189164,51.23,54.52,50.1,53.34,45059000.0,55.6,55.97,55.07,55.95,8676850.0,0.002111722635930846,-7.410512080097973,-2.3732499255287394,-5.245457253500149,0,23.728905006942654,8.430232558139537,41.611135657714755,10.550650402680212,-2.8517382108420293,1.625491966690926,19.287242986255663,0.8051467555421027,0,0.16995327367065058,50.0,76.0,-26.0,-3.704200178731014,-3.7877586875924862,-8.465293109540184,0.004469642568672105,-0.006255585344057235,0.0003574620196602485,-0.01572832886505815,0.008653326122228355
2024-02-23,1708664400,2024-03-25,1711339200,0.75,52.87766936057587,58.234497357285036,52.89,53.15,52.63,52.93,7939150.0,57.78,58.28,57.43,58.07,14137350.0,0.33111168448394324,-11.045766411537485,-3.6599506342919454,-7.0231330004018275,0,26.609224177626402,9.133621499718098,51.29649398378273,7.8571524658677205,-2.7702468506008273,1.9358330796716765,24.08161156917111,1.2110916353992542,0,-0.18859481969762157,42.0,84.0,-42.0,-5.357327363526778,-4.972293686118363,-10.097268451331828,0.22212379418298522,-0.004993972791458523,0.003616325124849329,-0.011021181332874108,0.007460097154753598
2024-03-14,1710388800,2024-03-27,1711512000,0.75,54.51550956423039,60.308842750367106,55.33,55.51,54.5,54.97,10558700.0,59.52,59.88,58.06,58.47,14115950.0,1.4116210008469494,-11.497134939619002,-3.183113847557138,-6.790091784960936,0,24.09766718738284,9.432902863559796,52.80259797095628,11.147300529137631,-2.47417666118848,2.0525035298299055,26.252551581364976,-1.1760179139254476,0,-0.16837294126575422,46.0,92.0,-46.0,-5.0427569693860335,-4.50813720629624,-9.847355534239071,0.22224763324598995,0.017957927142124186,0.024114930733709627,-0.0070121429793055245,-0.010827271189308041
2024-03-20,1710907200,2024-04-05,1712289600,0.25,56.120617911209166,60.308842750367106,58.71,60.48,57.61,57.9,50168150.0,57.57,58.11,57.48,58.11,10207650.0,3.5875775717688185,-8.528207411727522,-0.4976194573509787,-4.300751448402451,0,16.30921851551811,8.011152416356882,38.24670134155241,2.9958247822926367,-0.08350465998137224,1.9534234445515724,24.406253985037367,0.8335041961205941,0,-0.2818498416083245,22.0,44.0,-21.999999999999996,-2.4703149199793444,-2.3901217868435083,-7.418591869198522,-0.1646642447134672,-0.00929272070211662,0.0,-0.010841507485802815,0.017331932773109182
2024-03-26,1711425600,2024-04-16,1713240000,-0.25,56.120617911209166,60.308842750367106,58.47,59.59,58.3,59.11,16631950.0,58.66,58.94,58.41,58.85,8028250.0,1.8121299852197836,-3.8308215740048013,0.9849900877938467,-2.853582554517132,1,14.507954927146045,6.093383811069051,33.24953880303108,-13.722059092280531,-0.607257772024667,1.831798367046498,21.941721019207826,0.6509890338360231,0,0.029959362346431984,38.0,84.0,-46.0,-1.009345794392516,-1.6581747162710627,-6.421271173971178,-0.13732332543352133,-0.0032285471537808474,0.0015293118096855185,-0.007476635514018781,0.0020432487655372977
2024-03-28,1711598400,2024-04-22,1713758400,0.25,56.120617911209166,60.217936222207655,58.9,58.9,58.06,58.14,14636650.0,57.96,58.24,57.34,57.69,12982500.0,3.444725169644542,-1.1878348940335286,3.010342635927657,-0.6575374126076099,1,6.774096356036843,0.0867453157529444,20.318174290099016,-6.584715760483434,1.1959049214455888,1.8718704345837154,12.97029616105948,1.1485426358577975,0,-0.005538290847384713,22.0,68.0,-46.0,1.1284451378054996,0.2763668532236778,-3.8367903066023956,-0.3462529625051516,0.004680187207488418,0.009533714681920769,-0.006066909343040328,0.0054025792959218055
2024-04-08,1712548800,2024-04-24,1713931200,-0.25,56.27453220494499,60.217936222207655,58.08,58.75,58.08,58.63,10937150.0,58.76,59.2,58.33,58.54,18167250.0,1.8317516514004524,-2.5697086039116073,1.4719280264206844,-2.05557453592985,1,10.374587542800121,-0.9643038402977505,18.58053917798379,2.110696969105639,-0.07756922145907197,1.8034944454273152,9.593859196044754,1.5855566997379902,0,-0.004925172070035054,14.0,20.0,-6.0,-0.36897847625556324,-1.0009768711258715,-4.846136043203586,-0.26666992264548806,0.0037581141100102577,0.011274342330030773,-0.003587290741373428,0.004116638078902168
2024-04-17,1713326400,2024-04-25,1714017600,0.75,56.27453220494499,62.482937087878554,59.1,59.1,57.87,58.06,8866900.0,60.24,62.91,59.04,62.24,34426550.0,-2.5503271294994363,-9.427500633996715,-4.1872857754927395,-7.834458011996588,0,21.61228375264251,6.447750983410301,24.273073300405105,8.339401445487766,-5.1591313551565605,2.0766334728001,10.687209765788715,2.889370097838857,1,0.0576887509943568,50.0,60.0,-10.0,-5.988913881748076,-6.230372853683491,-10.090902828547229,0.0029653482755542804,-0.03213367609254503,0.010764781491002573,-0.05141388174807204,0.06320464639562706
2024-04-23,1713844800,2024-05-28,1716868800,0.75,58.234497357285036,64.86953867067972,58.44,58.6,57.84,58.3,10507450.0,63.2,63.23,62.6,63.08,11877550.0,2.503297253344556,-1.2017753763629315,2.0500422743605924,-0.616413020503046,1,8.726714861094948,-1.7292413148465486,19.799285698086155,-2.6428433867219994,0.8553679568348116,1.492405137698154,9.475643704469853,0.9027707630130883,0,-0.2039680885464902,6.000000000000007,52.00000000000001,-46.0,0.6507609384908193,-0.34899145765992046,-4.296657318578838,-0.3346195083214769,0.0019023462270133518,0.002377932783766523,-0.007609384908053185,0.000793273044581877
2024-04-25,1714017600,2024-05-30,1717041600,0.25,60.156443075631145,64.86953867067972,60.24,62.91,59.04,62.24,34426550.0,61.61,62.16,61.11,62.12,10749650.0,4.501909339576443,-0.472611206929912,3.4564820776990928,0.6731594762824784,0,3.298955680972604,-1.0355265254102368,12.188994800274536,-18.97988819669959,1.7904914683971782,1.606815546156051,5.87827447751247,0.805454701850673,0,-0.25598708700284206,-2.0,-48.0,46.0,2.014649066323244,0.8834049672400255,-2.641032969376184,-0.4279776157756656,-0.008209916291049502,0.0006439150032195862,-0.016258853831294218,0.010738691832085756
2024-04-26,1714104000,2024-05-31,1717128000,-0.25,60.693438919012564,64.86953867067972,62.41,64.0,62.41,63.74,16827850.0,62.52,62.59,61.19,62.59,15072900.0,3.730607490903324,-1.2733459475257831,2.6537785588752314,-0.17414922511585473,0,5.2041013288544775,-0.39783577339274345,10.80075379559863,-16.20722659877272,0.7292714886107206,1.640608908832745,3.890015935164957,1.1920840286807528,0,-0.14884256627111486,-6.0,-48.0,42.0,1.2286307716887563,0.11386667178999232,-3.2398796508948067,-0.38502400981978324,-0.0011183895190924886,0.0,-0.022367790381850217,0.0075660012878300265
2024-05-29,1716955200,2024-06-04,1717473600,0.25,60.4516187653572,64.3312798967477,62.81,62.81,61.4,61.46,16872000.0,62.26,62.26,61.27,61.58,20615750.0,5.606590425657231,-0.4750542126010373,4.217278337122437,1.0116921078272156,0,0.5466206172293795,-3.7511722413254125,4.972365913783595,-19.99523630915138,1.8073906559678932,1.8165258118731566,1.5415223768479613,1.6048886797380737,0,-0.13665003943271653,-14.0,-48.0,34.0,2.565768106528111,1.4303542728713694,-1.5288392821293684,-0.4119483482881172,0.011042546281260224,0.011042546281260224,-0.005034101981162609,0.0008126117341133998
2024-05-31,1717128000,2024-06-12,1718164800,-0.25,60.4516187653572,64.56348196801176,62.52,62.59,61.19,62.59,15072900.0,62.75,63.85,62.48,63.42,16997850.0,1.5953351565619016,-3.2399267680409594,0.962104488594548,-2.604593713865256,1,6.189966732867013,-0.17314654493939782,6.680528764310814,-14.455402125466222,-1.3263758730288515,1.8882535876003033,-3.7196544424713878,1.337532089092793,0,0.046965175851533786,-38.0,-48.0,10.0,-0.8222958057395147,-1.00666171016141,-3.5281865106316275,-0.0788851105218426,-0.010564490696941098,0.0067801955219173315,-0.014821822768842696,0.013099041533546352
2024-06-03,1717387200,2024-06-14,1718337600,0.75,60.4516187653572,66.88006853593983,62.78,63.04,60.59,61.53,16622700.0,65.4,65.51,64.75,65.43,13974950.0,-0.26777654826280184,-6.790147951202329,-1.7525090427428864,-5.426664628865453,0,12.431445003921901,3.9891926255562695,12.888069151885247,-3.3550315229484724,-3.7103387779129235,1.9094455350965747,-2.3767507736530114,1.0730648022889264,0,0.19031945769805644,50.0,48.0,2.0,-3.528962249732558,-3.3292451617884637,-5.999520458594134,0.16926293968600542,-0.0004585052728106609,0.0012226807274950957,-0.01039278618370787,0.0018373909049151926
2024-06-05,1717560000,2024-06-18,1718683200,0.75,62.482937087878554,69.25755389297984,61.88,63.22,61.64,62.96,11740500.0,68.7,69.26,67.4,68.55,34734950.0,-2.0700528210399085,-12.593696267216842,-5.6119620714806615,-9.238512035010928,0,19.9301283013056,7.90177868723437,22.811115727125955,15.751456378660578,-6.273187894242653,1.9923650701909337,1.2547488388529402,2.5318532157169744,1,0.29605718810870973,50.0,56.0,-6.0,-7.331874544128368,-6.482896819536222,-9.555732479470848,0.49783255134067317,0.002188183807440014,0.010357403355215178,-0.016776075857038553,0.018422225523696323
2024-06-13,1718251200,2024-06-21,1718942400,0.25,63.935144937267566,69.25755389297984,63.77,65.87,63.77,65.31,24241650.0,64.5,64.67,63.86,64.21,29525500.0,4.730633857311275,-6.560566889549207,1.3769921611379345,-3.2188651819550387,0,3.724919569596061,1.8075154590137839,15.972854881355799,-0.6637790419038225,0.71965058193517,2.4561030388098732,-0.46397848412847154,-2.0151014365433633,0,0.022422629026981063,42.0,56.0,-14.0,-0.9149665161189802,-0.12188359727713305,-3.1731362590587224,0.14099885161481873,0.004516430462544907,0.007163993147484948,-0.005450864351347007,-0.0012443614870121245
2024-06-17,1718596800,2024-06-24,1719201600,-0.75,61.14748122208587,69.25755389297984,66.53,67.68,65.9,67.31,21198950.0,64.3,64.46,63.28,63.87,20646550.0,5.342816664951826,-5.945603575864624,2.0304263869317793,-2.6650487970356522,0,2.666529280407488,1.7524295045403764,13.32938578537815,-1.450796519377711,1.4355169183037901,2.4247722937057015,-1.5974924628371312,-1.3956556828124032,0,0.03575717943786716,38.0,56.0,-18.0,-0.30139345545640595,0.37077041174249814,-2.5534731640906188,0.008378100301809854,0.00673242523876616,0.009237513699702493,-0.009237513699702493,-0.005295125369879972
2024-06-20,1718856000,2024-06-26,1719374400,-0.25,61.14748122208587,66.88006853593983,68.91,68.91,63.76,64.29,42466400.0,65.81,66.31,62.75,65.86,27266346.0,2.835938654766366,-8.642194348662514,-0.43020548638523337,-5.592671323008403,0,7.813855093909879,4.4071020925808515,13.645329112967056,-0.5020455279835474,-1.1003346968351195,2.608041863804185,-3.288638256852952,1.7744737994426159,0,0.165284418268951,30.0,56.0,-26.0,-2.903127846948067,-2.2052591686799587,-5.086569898938109,0.0511114715139841,-0.0007591861524445243,0.006832675372001162,-0.047221378682052784,0.0030459945172098823
2024-06-24,1719201600,2024-07-05,1720152000,0.25,60.54349071632945,66.77183267279342,64.3,64.46,63.28,63.87,20646550.0,61.56,62.955,61.2,62.75,12845044.0,7.8911045091221155,-4.015407297966718,5.039575033200535,-1.2496679946879254,0,-0.59421093679736,-0.3335451080050839,-2.9943046257186814,-12.865570513948867,2.8269236616865925,3.07851430571911,-8.053154004483453,0.7936787623616589,0,0.07537406391883907,6.000000000000007,-35.99999999999999,42.0,1.937848605577713,0.9735164440884461,-0.5238268810985574,-0.42471266584989054,-0.01896414342629482,0.003266932270916234,-0.024701195219123506,0.018999675219226964
2024-06-25,1719288000,2024-07-12,1720756800,-0.75,56.83767894432756,66.77183267279342,64.33,65.8,64.28,65.66,24053050.0,57.76,58.6699,57.43,57.67,14046515.0,19.84683970701677,-2.472121482636652,12.598682157100754,5.02543783596326,0,-11.001968250514501,-9.066540523494165,-18.989894607404278,-27.315572140506063,6.932628306579986,3.4096219707419717,-3.272144510188582,0.8695937495115447,0,-0.05277369370778295,-14.0,-52.0,38.0,8.687359112190052,6.23036946459618,6.872019700586549,-0.7426340781293364,0.0015606034333275343,0.017338304144268957,-0.004161609155540202,0.0020851433536055453
2024-06-27,1719460800,2024-07-15,1721016000,-0.75,53.381386203018316,63.935144937267566,65.875,65.89,61.84,62.41,28454247.0,57.75,57.8,56.48,56.61,15192390.0,22.018777881898217,-2.1106344443430345,13.929800388623931,6.352534887829009,0,-13.063580737196567,-13.321084060633904,-21.4295039104581,-26.71154033587527,8.19168996743889,3.3919142096108255,-2.0445681904791506,-0.9366240159310181,0,-0.09770325664755587,-18.0,-68.0,50.0,9.954071718777584,7.436682677166218,8.525189352157867,-0.7392846765540083,0.02013778484366724,0.02102102102102088,-0.0022964140611200223,-0.01838044043696896
2024-07-08,1720411200,2024-07-16,1721102400,-0.25,53.381386203018316,60.54349071632945,62.46,62.66,59.04,59.51,24496574.0,56.76,57.92,56.23,57.74,14404333.0,19.145933826274117,-4.873332510028888,11.093684332063276,3.503642766424207,0,-9.532041036615738,-11.75301849304601,-21.933324617188077,-30.21775736697306,5.086004261668293,3.2970600033139883,-0.8056045182578089,0.8821139468783102,0,-0.1321021881748524,-21.999999999999996,-68.0,46.0,7.136300658122607,4.826085342119185,6.1502670837008395,-0.6183488828351253,-0.016972635954277893,0.0031174229303776446,-0.026151714582611785,0.01996113760819651
2024-07-15,1721016000,2024-07-22,1721620800,0.25,53.31631428472929,60.26437934697185,57.75,57.8,56.48,56.61,15192390.0,53.475,54.03,52.98,53.56,13869050.0,25.174006428185436,-3.2509295051085303,14.901033109285521,7.332903908389326,0,-16.6054445976784,-16.586201526242007,-31.569655557608435,-22.10945184058285,7.549555842893255,3.500380216085328,6.854714190315125,0.8182708371504468,0,-0.23142950229863318,-38.0,-80.0,42.0,10.961538461538439,8.914399411394442,12.398849680204123,-0.7036903856901691,-0.0015870052277819902,0.008775205377147044,-0.010828976848394456,0.0003735524841241844
2024-07-16,1721102400,2024-07-25,1721880000,-0.75,49.87671390877171,60.26437934697185,56.76,57.92,56.23,57.74,14404333.0,52.04,52.49,51.46,51.78,39208227.0,25.361877257681357,-3.3958672151938885,15.095905755117812,7.619100038624964,0,-19.468985741392842,-21.378682052839356,-37.692381819463684,-33.5415110681153,6.682546938296952,3.463734496027752,10.326096879116754,2.143690101012774,0,-0.3619243249292931,-30.0,-76.0,46.0,10.983005021243741,9.491205909574106,14.477318408177851,-0.5973132138931136,0.005021243723445368,0.01371185786017759,-0.006179992275009649,0.0
2024-07-17,1721188800,2024-07-26,1721966400,-0.75,46.5742561733567,56.83767894432756,56.92,57.39,55.1,55.29,17208203.0,51.24,51.59,49.41,49.83,24611086.0,29.68989964962259,-1.5622656941740445,18.09751822864405,10.703398220616762,0,-22.423178345270756,-20.157026117609355,-40.397236183732474,-33.26117291977559,9.18786209872296,3.6819159981882987,12.0321326465318,-1.3212351811813872,-1,-0.3517223353636169,-34.0,-84.0,50.0,14.063816977724272,12.46393757629005,18.21374705827148,-0.6292057192008293,0.028296207104154147,0.03532008830022093,-0.008428657435279985,-0.03765932792584015
2024-07-23,1721707200,2024-07-30,1722312000,-0.25,46.5742561733567,53.31631428472929,53.89,54.72,52.34,52.55,17558045.0,51.18,52.76,51.1,52.57,23648518.0,20.24684080416992,-7.988899012273436,9.767915794813263,3.015985035825281,0,-13.113051390806632,-14.949037372593436,-38.96476322348991,-17.51923249585336,1.6516086484079722,3.466942884517744,13.643743843722177,1.243169393003909,0,-0.22839070002514325,-42.0,-84.0,42.0,6.1289708959482425,5.14227057597661,11.010909890664195,-0.3018258128504443,-0.026440935894997186,0.003614228647517592,-0.02796271637816239,0.0313910143221503
2024-07-26,1721966400,2024-08-01,1722484800,0.75,46.5742561733567,56.457580510282,51.24,51.59,49.41,49.83,24611086.0,54.29,55.07,52.83,53.46,14099579.0,14.962113708278267,-9.081081160579075,6.5045392193540295,-0.1574323481730744,0,-9.685727517915176,-13.186099382916527,-32.42577906789285,-15.4378388712081,-0.6966835880493107,3.479567469594616,10.619903197735887,-0.7346072439622141,0,-0.12384590882464898,-26.0,-60.0,34.0,2.940516273849596,2.915177994298034,8.51885597123696,0.13774649811441808,0.015525626636737622,0.030115974560418923,-0.011784511784511786,-0.01583210603829155
2024-07-29,1722225600,2024-08-05,1722830400,0.25,49.75570063448997,56.457580510282,49.91,51.29,49.59,50.97,16035297.0,48.25,52.74,47.98,52.18,14448563.0,13.399175979896839,-5.823476478172054,7.347949405902639,0.31462246071292554,0,-12.11402673143214,-12.31725760376407,-30.21039004182845,-20.971541901685313,0.7031251557886975,4.019053687808026,10.293235790374716,-0.7447302110304322,0,-0.05108483422390592,-34.0,-60.0,26.0,3.7878497508623923,4.517338596061492,10.349298936781622,0.2132300711296451,-0.0753162131084707,0.01073208125718672,-0.08049060942889996,-0.007418679855430876
2024-07-31,1722398400,2024-08-12,1723435200,-0.25,49.75570063448997,57.04379093555555,53.5,54.51,52.8,54.32,23028864.0,55.6,56.34,55.08,55.87,10075119.0,2.0105915244736536,-10.678928735857212,-1.1147007935087316,-7.692739096712614,0,-1.4369850863748468,-1.3071895424836637,-15.309441505944289,3.868226310141573,-5.973643340584985,3.579359336138746,3.832637244030142,0.5200423481560916,0,0.05992006809158818,-42.0,-48.00000000000001,6.000000000000007,-4.3341686056917865,-2.1992655517764206,2.137670909548305,0.715321123817604,-0.004832647216753139,0.008412385895829821,-0.014139967782351825,0.005760576057605826
2024-08-02,1722571200,2024-08-14,1723608000,0.25,48.8074931895316,57.04379093555555,52.33,52.85,51.15,52.57,15098096.0,52.02,52.53,51.08,51.65,32423018.0,8.199581115008314,-3.113424290226135,6.064440141981265,-1.3561794127137716,1,-10.295936167696247,-6.5834689817326835,-17.128206890430427,-2.5278734520897927,0.6113515043292068,4.54959976219473,5.1902889574873825,-1.5032888244083449,-1,0.37825136574509083,-34.0,-32.0,-2.0,2.5430784123910968,4.7458301948459365,9.678840840448416,0.31894342101622764,0.007163601161665145,0.017037754114230363,-0.011035818005808329,-0.0005804953560372139
2024-08-06,1722916800,2024-08-15,1723694400,-0.25,48.8074931895316,57.441775926361494,52.93,55.11,52.6585,54.08,16405667.0,51.79,54.32,51.58,53.97,28826675.0,3.654975875578799,-7.27550579961067,1.5597245383237777,-5.693842258044583,1,-4.267778970595252,1.1052828774821961,-15.06130748711916,5.440367750944688,-3.272809413119262,4.405660234952821,4.781387083015677,1.3264453567465473,0,0.4826544489470849,-38.0,-32.0,-6.0,-1.8102649620159355,0.2199815256377633,4.769423223885781,0.3646904984134427,-0.04039281082082635,0.006485084306095956,-0.04428386140448404,0.04491771539206191
2024-08-13,1723521600,2024-08-20,1724126400,0.25,48.8074931895316,57.441775926361494,50.79,52.106,48.0,51.68,108992843.0,52.65,52.9199,51.8,51.94,12896011.0,7.478822286211994,-3.924721400574711,5.20365164933898,-2.219798485431909,1,-8.119163212274877,-1.1607992388201702,-14.49492850090868,-11.989840439945972,0.5341348502308563,4.189982483490756,3.867489023503129,-0.5869227137152445,0,0.3183455323045767,26.0,44.0,-18.0,1.7770504428186342,3.2596310798014514,7.949418819072207,0.1870670404716437,0.013669618790912663,0.018865999229880748,-0.0026954177897574594,-0.013297872340425565
2024-08-15,1723694400,2024-09-04,1725422400,-0.25,48.94078216351319,57.441775926361494,51.79,54.32,51.58,53.97,28826675.0,52.65,53.47,52.65,53.34,12220056.0,6.646943318704942,-4.202248905506622,4.213773278340199,-2.01727284089489,0,-4.529417848776504,-1.3683431952662628,-1.5821158801825246,-3.6700670331292287,1.0740947573872006,3.4761666478518154,-6.025552553220134,-0.6105963504333706,0,0.14326548046001128,30.0,36.0,-6.0,1.2223472065991672,1.7361592340549237,4.2259814283604555,0.21572983477634144,-0.012935883014623228,0.0024371953505810673,-0.012935883014623228,-0.0033632286995515237
2024-08-16,1723780800,2024-09-05,1725508800,0.25,48.94078216351319,57.06098748487475,53.59,53.7,52.05,52.47,21302928.0,53.02,53.78,52.915,53.03,8316976.0,7.264169404067843,-3.749177889830605,4.644151109434901,-1.4300333144760913,0,-5.2589017943673255,-1.1187768040275992,-2.8415871484664277,-9.545926480180135,1.7910710061417348,3.3632492079327148,-6.540127091469703,-0.422211705192903,0,0.01014051274520897,26.0,36.0,-10.0,1.7574957571186047,2.108894280277383,4.645642170746342,0.09706037959380293,-0.00018857250612858145,0.014142937959645385,-0.0021685838204790198,-0.005811773528308972
2024-08-21,1724212800,2024-09-11,1726027200,-0.25,49.95149733557413,57.06098748487475,52.25,53.975,52.08,53.73,14558382.0,54.27,55.87,53.96,55.79,12804834.0,1.495690500074545,-7.95025224949201,-0.6406882953934314,-5.925757304176372,0,2.584625498005046,7.952786377708978,-0.3012543600403149,8.194445733651705,-2.111568971768179,3.046033411577798,-10.235085336161474,0.6874439211223845,0,0.05741050881440688,10.0,36.0,-26.0,-3.2272808747087254,-2.6922117106878574,-0.7883170866201539,0.1825055619828045,-0.027245025990320748,0.0014339487363326242,-0.03280157734360989,0.029145914038000376
2024-09-05,1725508800,2024-09-12,1726113600,0.75,49.95149733557413,59.29443655092078,53.02,53.78,52.915,53.03,8316976.0,55.93,56.48,55.55,56.35,9074516.0,0.8358360197733674,-8.37975793636609,-1.2861993493049226,-6.426465542738839,0,4.048590440051697,9.099709583736695,2.0676689363003304,7.959570576506806,-2.8231709204326876,2.9182363448029274,-10.632637441853882,0.49208803121529177,0,0.1330722663199574,50.0,80.0,-30.0,-3.7719609582963614,-3.310746047615865,-1.7046924170935682,0.2738184551266701,-0.007453416149068359,0.00230700976042586,-0.014196983141082642,0.010037641154328814
2024-09-06,1725595200,2024-09-13,1726200000,0.25,53.161853234514226,59.29443655092078,53.19,54.52,53.08,53.68,13248683.0,56.45,56.57,55.6905,56.12,7916322.0,1.6616388392216095,-8.033698710925066,-0.7946483725350362,-5.624459491565688,0,3.336634199006177,3.9836946451732422,3.7288130196853295,13.588888109042841,-2.175028158873502,2.832837840323522,-10.945884141558883,-0.4314982097188323,0,0.1066178690401751,46.0,80.0,-34.0,-3.186029935851735,-2.636909221633829,-1.2507901371912737,0.3032463060553404,0.005880256593015165,0.00801853171774769,-0.007653243050605774,-0.004081632653061273
2024-09-12,1726113600,2024-10-11,1728619200,-0.25,53.472849953605966,59.29443655092078,55.93,56.48,55.55,56.35,9074516.0,58.5,59.48,58.485,58.65,7292845.0,0.3664844941382768,-3.5702355597819064,0.33195794259732736,-3.6750156294401677,1,7.068176484916663,4.508196721311478,12.619671524931048,2.9908889778621415,-1.6704420437479115,2.2318819068099347,-12.981936367169899,0.5337583073656557,0,0.051957578088254124,50.0,92.0,-42.0,-1.601875532821822,-2.256606118608744,-3.3527614409453577,0.001128979772493377,-0.002557544757033181,0.014151747655583913,-0.0028132992327365436,0.005486027773015545
2024-09-13,1726200000,2024-10-15,1728964800,0.75,53.472849953605966,61.511299685201884,56.45,56.57,55.6905,56.12,7916322.0,59.69,60.09,58.91,59.81,8134880.0,-0.6238722299080166,-5.906808258304636,-1.3856880120381163,-5.2239592041464675,1,10.553416656936989,2.239316239316243,16.535018026442522,9.837290940402895,-3.3001428557322754,2.133378033672451,-11.52195485050935,0.6091386793241625,0,0.038948361470314705,50.0,96.0,-46.0,-3.2653402441063264,-3.4754171102353837,-4.858659752332343,0.1277938072868956,-0.0020063534526000293,0.004681491389399772,-0.015047650894499331,0.00894062078272606
2024-09-16,1726459200,2024-10-17,1729137600,0.25,56.33446942638717,61.511299685201884,56.59,57.75,56.395,57.66,10663561.0,59.24,59.385,58.52,58.86,6326135.0,1.3733983577063782,-4.258209774627858,0.39736096953222955,-3.391578887756239,1,6.435166168616654,1.5352768673451795,16.91698763912416,3.8338452812686583,-1.4968882622343926,2.112757225098073,-10.507866903420238,-0.4849221534040097,0,0.07317987798470812,42.0,88.0,-46.0,-1.442405708460754,-1.531600629192269,-3.050912695100152,0.07145341632992075,0.006455997281685333,0.00891946992864412,-0.005776418620455304,-0.004397834912043264
2024-10-14,1728878400,2024-10-22,1729569600,-0.25,56.91041767929943,61.511299685201884,59.28,59.6,58.6942,59.28,5988207.0,59.69,60.1,59.25,59.88,7377493.0,0.6591610226157627,-5.984812325220986,-0.9696281451792714,-4.527026274771757,0,9.757498367461821,3.312629399585924,19.576216815355263,17.326040257938814,-2.3655654184751853,1.9111326876395633,-8.661313280878783,0.5754682429824531,0,0.14695344926820006,50.0,52.0,-2.0,-2.6628256513026116,-2.4663280046072344,-4.211492402098585,0.08445036385147708,-0.003173012692050836,0.0036740146960587694,-0.010521042084168375,0.0030150753768845018
2024-10-16,1729051200,2024-10-23,1729656000,0.25,56.91041767929943,61.37558124561328,59.91,60.08,58.85,59.12,5865652.0,59.56,59.58,58.42,59.02,9523830.0,2.223288442692592,-4.603837409144617,0.5744832260250661,-3.0923754659437463,0,5.72028220590925,1.0962658444672841,18.63373372710341,15.428539758174495,-0.6591355782005337,1.977177384622818,-9.099165644226693,-0.8793444251741716,0,0.1672349187724562,46.0,52.0,-6.0,-1.1902744832260197,-0.9455960831693488,-2.705305641439409,0.021586082220235614,0.009149440867502578,0.009488309047780419,-0.01016604540833621,-0.014362057448229826
2024-10-18,1729224000,2024-10-29,1730174400,-0.25,57.10078477049897,61.37558124561328,59.3,59.495,58.75,59.39,5863721.0,60.76,60.7891,59.94,60.49,23959227.0,0.9233085021343328,-6.487864627113666,-1.1941918774453057,-4.596390587975961,0,10.629041306261584,5.807241560258877,21.070129153664418,6.622293246237412,-1.4792858413446908,1.8600237261810773,-7.140342718574505,-2.436769298795059,0,0.18880523264473373,46.0,68.0,-21.999999999999996,-2.7822780624896666,-2.4887756498801394,-4.436393770855332,0.05387778935528509,0.004463547693833725,0.004944618945280199,-0.009092411968920522,-0.0018151815181518538
2024-10-23,1729656000,2024-10-30,1730260800,0.25,56.68040154853928,61.23655637698849,59.56,59.58,58.42,59.02,9523830.0,57.36,58.0,55.51,55.73,28560332.0,9.965157305797632,0.7274678512093828,7.235121717806109,3.4310843949997007,0,-7.292414790778061,-3.3807212205270507,11.731199034785673,-2.338761471458483,5.887021861588181,2.512966672934575,-6.592684438065316,-2.8150293751504423,-1,-0.04522184194917709,42.0,-8.0,50.0,5.346312578503515,5.283659530078083,3.5797541012680796,-0.24852187219935762,0.02924816077516601,0.040732101202225035,-0.00394760452180154,-0.07869069267647555
2024-10-24,1729742400,2024-10-31,1730347200,-0.75,54.0310339737008,61.23655637698849,59.27,59.63,58.97,59.44,7048490.0,55.17,57.42,55.02,55.77,14595408.0,10.110272300114474,0.26448115156200913,7.186002032155869,3.1928336620644444,0,-7.1430029266429855,-1.6402116402116398,5.110128626975382,-9.418198222090169,5.302880060098687,2.639180338730974,-5.819881820822399,1.4384813042425713,0,-0.04704060909045622,38.0,-8.0,46.0,5.187376725838249,4.712132795933783,3.367994285746363,-0.4292762663087525,-0.01075847229693383,0.029585798816567976,-0.013448090371167343,0.0007177462766914111
2024-10-30,1730260800,2024-11-01,1730433600,-0.25,54.0310339737008,59.55067143946072,57.36,58.0,55.51,55.73,28560332.0,56.34,58.96,56.25,58.59,19877771.0,4.777735534507627,-4.275943419812279,2.274221994652109,-1.850184900722553,0,2.122784860989853,2.5914901068114236,4.638594027764182,-4.422384547161862,0.038667057840029884,2.721615265139521,-6.430903754094153,1.9232626506718955,0,0.03546807746495149,34.0,-8.0,42.0,0.2508960573476742,-0.296558591539835,-1.5441907624979052,-0.3459188065645533,-0.03840245775729645,0.006315070831199865,-0.03993855606758834,0.05056481979558902
2024-10-31,1730347200,2024-11-05,1730782800,0.25,53.72972236411223,59.55067143946072,55.17,57.42,55.02,55.77,14595408.0,56.27,56.765,55.885,56.18,10315018.0,9.545605932361823,-0.825420813102312,6.598374273169554,2.1786697519876554,0,-4.537725992636339,-3.1045187995860593,-2.0546533453107045,-11.020473063503076,3.7683187250460577,2.8213472990410438,-7.206271529206784,-1.0001032659357922,0,-0.055042789431615835,26.0,-8.0,34.0,4.360092559629749,3.289091517301742,2.4867383180786646,-0.46377547283984444,0.00160199359202573,0.01041295834816669,-0.005250978996084066,-0.003547357218872005
2024-11-01,1730433600,2024-11-11,1731301200,-0.25,53.72972236411223,59.59709941674424,56.34,58.96,56.25,58.59,19877771.0,58.98,59.3799,58.31,59.27,12985641.0,3.845488699280736,-6.042215542540433,1.1005005342781544,-3.2227658736853897,0,4.193845593506573,-0.016869095816460882,1.4653749329180688,-2.994952718996707,-1.8374478479215526,2.6279969136856347,-9.465675672004082,1.289866681173118,0,-0.06375235701177656,10.0,-8.0,18.0,-1.0983634216298412,-1.7987340290646472,-2.620657783076325,-0.03680176637192559,-0.004892863168550754,0.001854226421460936,-0.016197064282098883,0.007821799013773223
2024-11-04,1730696400,2024-11-12,1731387600,0.75,53.72972236411223,62.407051004983565,58.39,58.4,56.37,56.38,10752327.0,59.29,60.7762,59.17,60.49,15552264.0,1.9220818563184423,-7.99581305155732,-0.8585220697636089,-5.165052074723093,0,7.333636688283384,1.1369336231399427,4.205035064043429,3.911539015797537,-3.618502902563776,2.5807310558580148,-8.855526540273875,1.5412887294695194,0,-0.010413107569231913,6.000000000000007,-7.999999999999993,14.0,-3.036865597619439,-3.4193832527616337,-4.40487423082206,0.11070625900478387,-0.019837989750371987,0.004731360555463748,-0.021821788725409186,0.020583769191834023
2024-11-06,1730869200,2024-11-13,1731474000,0.25,56.68040154853928,62.407051004983565,57.7,58.26,57.19,57.69,10743777.0,60.89,61.27,59.19,59.27,9405998.0,4.041750616393799,-6.098440341381178,1.301130420111349,-3.23745571115235,0,3.4752467815750308,0.25372124492558473,4.733329978084104,-0.5431998783921514,-1.5660553356326687,2.69638877822443,-8.019266860968717,-0.9373988155199058,0,-0.07137567108491695,2.0,-8.0,10.0,-1.0283448624936824,-1.2950672597808648,-2.3415910800024307,0.11810698030317152,0.027332545976041844,0.03374388392103933,-0.0013497553568416754,-0.02016862291287813
2024-11-12,1731387600,2024-11-14,1731560400,-0.25,56.72043008480773,62.51707808211386,59.29,60.7762,59.17,60.49,15552264.0,59.01,60.725,58.79,59.91,7523985.0,3.098733370405597,-7.09472736139206,0.3822622823123538,-4.286440772269501,0,5.142228567150241,1.7838939857288434,5.894093199010992,-4.149928381126941,-2.583361665448919,2.7077455677679687,-7.622448512255854,0.7510250479231098,0,-0.054492331916608044,-2.0,-8.000000000000007,6.000000000000007,-1.9979969954932386,-2.1257394768796303,-3.252106611641466,0.15573486469739664,-0.015022533800701066,0.013603738941746046,-0.01869470872976131,0.010798042854732515
2024-11-13,1731474000,2024-11-20,1732078800,0.25,56.70761922747245,62.51707808211386,60.89,61.27,59.19,59.27,9405998.0,58.96,59.22,58.19,58.88,6363656.0,4.467046542592271,-5.533622629548816,1.9938971920289816,-2.9010756340579746,0,1.9809427006446896,-0.2372077261945113,4.2020397284429105,11.89527157160844,-0.5962147603887189,2.5591049305719666,-8.70991980615457,0.6552503690698485,0,0.07863854574980249,-18.0,-8.0,-10.0,-0.5332880434782794,-0.33832452462287677,-1.3577095489643227,0.0005737986388575367,0.0013586956521738358,0.005774456521739024,-0.011718750000000111,0.0025540609569216777
2024-11-14,1731560400,2024-11-25,1732510800,-0.25,56.70761922747245,62.51707808211386,59.01,60.725,58.79,59.91,7523985.0,62.135,62.59,61.81,62.0,14069986.0,0.5189118498629881,-10.868911849862997,-2.697301075268811,-7.60643010752689,0,10.360091258040306,2.310231023102308,11.461542833296507,25.31142010727477,-3.862688467161149,2.4318787970918017,-5.657764577297296,-1.4331384257702493,0,0.1281313809232474,46.0,68.0,-21.999999999999996,-5.174999999999997,-4.217633152552992,-5.7240407331721315,0.3051968451056223,0.0021774193548387277,0.00951612903225807,-0.0030645161290322465,-0.00016126431220764292
2024-11-15,1731646800,2024-11-26,1732597200,0.75,56.70761922747245,64.92437374483238,59.27,59.44,58.525,58.63,6743957.0,62.07,62.74,61.85,62.71,6629765.0,0.0852790670050183,-12.228477918862794,-3.6340828150746773,-8.494152979322806,0,12.060136074224516,3.670028103818811,14.399533457738157,24.656606978943557,-4.470869204379582,2.3339798966398524,-4.249067015870317,0.6807725661201304,0,0.1852677762257234,50.0,76.0,-26.0,-6.071599425928881,-4.7971173836537275,-6.525098648111566,0.38441080697144425,-0.01020570881837024,0.0004783926008611328,-0.013713921224685066,0.011451612903225827
2024-11-21,1732165200,2024-12-03,1733202000,0.25,59.59709941674424,64.92437374483238,58.91,60.065,58.71,59.98,7508499.0,60.84,60.99,60.41,60.94,6011635.0,3.6000301931239562,-7.23803478780728,0.19155453451482174,-3.880893775298091,0,5.28782123549815,8.087974459028015,14.335218499360957,-1.9541071628169533,-0.7339325246672388,2.2020249147200364,-3.165013342381169,0.6440410204046125,0,-0.010936859184053573,34.0,76.0,-42.0,-1.8190022973416546,-1.2154837239661163,-3.1736295551261833,0.10040275210221472,-0.001640958319658603,0.0008204791598294126,-0.00869707909419104,0.006607201850016509
2024-11-26,1732597200,2024-12-04,1733288400,-0.25,59.68917050564048,64.94416586016833,62.07,62.74,61.85,62.71,6629765.0,62.99,64.14,62.67,63.89,12525964.0,-0.5722739316637728,-10.925613061605901,-3.817916210152873,-7.7946731361193855,0,12.608972524663116,13.72374510501958,17.193801201958156,8.107215847986268,-4.701150450946685,2.3080832881733193,-1.7826214375023888,1.3316500898965262,0,0.14106237840659855,50.0,96.0,-46.0,-5.748943496634823,-5.226512819378101,-7.344623654436731,0.23288828211982682,-0.01408671153545149,0.003912975426514365,-0.01909532008138992,0.04840827042993112
2024-11-27,1732683600,2024-12-06,1733461200,0.75,59.68917050564048,67.65448337872876,62.555,62.69,61.51,62.05,5779490.0,65.79,66.06,65.12,65.4,9963654.0,-0.48267650142354057,-13.116711877781384,-4.9229357798165125,-8.876681957186548,0,15.657776618886885,12.351829582545962,23.696426093177855,22.691347806327556,-5.471884757696216,2.2405543263243057,1.8311201816818468,1.0537472262821383,0,0.20740585645610177,50.0,88.0,-38.0,-6.799694189602462,-6.093352172739699,-8.765033095257365,0.45780878473649156,0.00596330275229362,0.010091743119265972,-0.004281345565749217,0.002759889604415866
2024-12-04,1733288400,2024-12-10,1733806800,0.25,62.24534963242999,67.65448337872876,62.99,64.14,62.67,63.89,12525964.0,64.58,65.11,64.32,64.83,7254567.0,1.7808517719121681,-11.993716186534982,-3.1672373900971706,-7.192256671294146,0,13.15505755410554,9.380799730048919,25.746543209363388,22.20637645771842,-3.3693626517242024,2.234575101217,2.686965486017055,0.770527753136884,0,0.17942912849273,42.0,88.0,-46.0,-5.106432207311414,-4.345339574218016,-7.365110808518779,0.38052020425182054,-0.003856239395341632,0.004318988122782752,-0.007866728366497044,0.0038711675441314153
2024-12-05,1733374800,2024-12-12,1733979600,-0.25,62.24534963242999,67.65448337872876,63.91,65.42,63.51,65.22,11209585.0,65.83,66.74,65.41,66.16,9923312.0,1.427994063710031,-13.646857425257778,-4.359482063683984,-8.07743853284964,0,16.01787363517741,11.62476801079803,29.035737708792876,23.36424555389901,-4.057906853118681,2.127850861255552,4.398915046041196,1.051008920848036,0,0.1438225897519563,50.0,96.0,-46.0,-6.109431680773852,-5.2080066882235485,-8.551408240417075,0.37286877436088073,-0.004987908101571903,0.008766626360338536,-0.0113361547762999,0.008998017385999812
2024-12-09,1733720400,2024-12-17,1734411600,0.25,62.24534963242999,67.48895128102434,65.65,65.6816,63.74,64.58,10138416.0,64.155,64.87,63.97,64.29,7544127.0,4.883949077244722,-9.10077906635658,-0.2602270959714019,-4.107792813812424,0,8.67182108605391,9.31814317292978,25.701649676949028,2.301692797760431,-0.2399480636440643,2.147090492825003,3.5669569872447866,-0.7983407178112738,0,0.024570246107847634,38.0,72.0,-34.0,-2.108414994555929,-1.7104055909644558,-5.17838029508016,0.032624641572593926,-0.0020998600093328212,0.009021620780836903,-0.004977445948048054,-0.007870370370370194
2024-12-11,1733893200,2025-01-03,1735880400,-0.75,59.61591413024929,67.48895128102434,65.31,65.79,64.93,65.57,7545427.0,60.125,60.2,59.21,59.7,5917824.0,12.403914854290505,-1.944953380253665,7.473713009491888,3.2714349525404742,0,-5.696276072139327,-6.5581468148379995,-7.005908957133523,-28.47438814044719,3.965570017367696,2.15528487207893,-5.513193034291639,-0.6292699102045539,0,-0.32479914454310166,-6.0,-56.0,50.0,5.229480737018434,3.1377887892447944,2.080584121399795,-0.5474972618074307,0.0071189279731993516,0.008375209380234505,-0.00820770519262981,-0.003172482885289707
2024-12-13,1734066000,2025-01-08,1736312400,-0.75,57.28142137268013,64.94416586016833,66.261,66.43,64.224,64.59,6247008.0,57.85,58.14,57.4,57.92,9320035.0,15.11042015571644,-1.7212626971529517,8.939399171270708,4.873273480662974,0,-10.84968956756331,-10.312790337565806,-16.588051866267197,-29.45608109608341,4.460326880416289,2.1462391046704696,-3.4252482714058665,-0.9796579952782091,0,-0.2990470674058439,-18.0,-68.0,50.0,6.694578729281744,4.800348238883487,4.6871905415437425,-0.5907124077114181,-0.0012085635359115887,0.003798342541436517,-0.008977900552486262,-0.0012071046732194946
2024-12-18,1734498000,2025-01-14,1736830800,-0.75,55.01080854892669,62.30752332892003,64.1,64.15,61.3,61.34,10094377.0,56.81,56.83,55.98,56.44,6010305.0,15.975035475320198,-1.837898692896374,9.434266477675408,5.21899362154501,0,-14.322376665885287,-14.691656590084643,-27.065192939305433,-35.553662227451355,4.48439250233514,2.155759729666624,0.9081855361611169,0.6893542599685925,0,-0.21227301764625003,-30.0,-76.0,46.0,7.0685683912118975,5.571458053490048,6.583633467188108,-0.6079455354014218,0.006555634301913527,0.006909992912827789,-0.008150248051027709,0.003199431212228987
2025-01-06,1736139600,2025-01-17,1737090000,-0.25,55.01080854892669,59.61591413024929,59.92,59.93,58.5,58.8,10256219.0,58.89,58.9,57.08,57.52,9420028.0,10.072338837719983,-3.5076656805573094,5.612540565600369,1.3488062123319366,0,-8.496575118402092,-10.530409083838858,-25.343837885327165,-21.462877534500265,1.242021594610037,2.282273480208039,-1.088810095681282,-1.1214297339943482,0,-0.16099827123296606,-42.0,-76.0,34.0,3.2823365785813508,2.7638143087910976,4.109751777069448,-0.22394450191484716,0.02381780250347698,0.023991655076495144,-0.007649513212795611,-0.01439342015078815
2025-01-10,1736485200,2025-01-22,1737522000,0.25,54.85773060724537,59.468066552631406,57.54,57.78,56.42,56.5,10647154.0,56.2,56.31,55.3,55.9,12755670.0,12.611193488228295,-2.0244314130941206,7.492844364937383,3.3837209302325846,0,-12.900157580457751,-9.459021703919667,-27.869958584885797,-25.125877272715144,3.1428838827284977,2.365759430860934,-1.2413058207765673,-1.4986695932006164,0,-0.20037135430869943,-42.0,-92.0,50.0,5.293381037567087,4.746564372484102,6.599095340673998,-0.24033457148729687,0.005366726296959001,0.007334525939177272,-0.01073345259391778,-0.005338078291814985
2025-01-15,1736917200,2025-01-23,1737608400,-0.25,54.85773060724537,59.76567514491724,57.53,57.63,56.85,57.37,10492496.0,55.7,57.77,55.64,57.56,12444571.0,8.62710848471842,-4.862341285274354,3.9926453555709998,-0.05964790363680095,0,-6.1957675344844105,-6.9662194924842336,-25.66015026849572,-21.31245271321731,-0.12318782723946242,2.3977431976653443,-2.3480050344569996,1.4469201109462873,0,-0.1155764199306857,-46.0,-92.0,46.0,1.8823835997220328,1.5613736556598212,3.386604957023593,-0.11407501981416979,-0.03231410701876303,0.0036483669214733006,-0.03335649756775538,0.029695885509839037
2025-01-21,1737435600,2025-01-24,1737694800,0.25,54.81775715560281,59.76567514491724,57.725,57.84,56.055,56.2,13868763.0,57.32,57.33,56.34,56.7,11123048.0,9.564422862000455,-3.569713867291455,5.1560846560846585,1.0405643738976948,0,-8.602084174179907,-7.924650860669042,-24.91782081705052,-22.333551184794956,1.08888919220054,2.4139371125586084,-3.375654304303115,-1.2843975817162305,0,-0.10255632580413841,-46.0,-88.0,42.0,2.997354497354493,2.806400171979348,4.760423309813476,-0.07311157013333247,0.010934744268077612,0.011111111111111072,-0.006349206349206327,-0.014940931202223728
2025-01-23,1737608400,2025-02-06,1738818000,-0.25,54.81775715560281,59.85968100282335,55.7,57.77,55.64,57.56,12444571.0,57.95,58.28,56.55,57.32,10266995.0,3.574264916725056,-2.827579641079609,2.704408001860898,-2.251977204000937,1,-5.458569542706208,-1.1553716157958298,-9.494570850804752,-5.424086753054091,0.3141496396010979,2.6712372061460443,-8.233895455154528,-1.1124421874879662,0,0.1871107184048825,-46.0,-52.00000000000001,6.000000000000007,0.3733426378227307,1.56078984094556,2.993273530175756,0.18188591492773187,0.010990928122819321,0.016748080949057886,-0.013433356594556911,-0.003303773256824849
2025-01-24,1737694800,2025-02-07,1738904400,0.25,54.58831393713926,59.85968100282335,57.32,57.33,56.34,56.7,11123048.0,57.22,57.88,56.8386,57.27,8759544.0,3.5983709089915834,-2.789919712902858,2.7775682439904443,-2.235772073802451,1,-5.615486646077059,-1.1222375690607709,-9.957809752858907,-5.2284738212524005,0.353845964228654,2.6124861140609474,-7.880103830607741,-0.9545001692974809,0,0.20774740121471774,-46.0,-48.0,2.0,0.40422559804436275,1.4923669834426647,2.96228306190973,0.12941815207041063,-0.0008730574471801367,0.01065130085559618,-0.00753273965426926,-0.0008722958827633853
2025-01-27,1737954000,2025-02-10,1739163600,-0.25,54.58831393713926,60.01616399139665,56.27,58.48,56.22,58.3,12076845.0,57.455,59.09,57.27,57.8,13767852.0,2.6649981581435895,-3.47295663565221,1.97470588235295,-3.0722491349480947,1,-3.512000904520626,2.3008849557522075,-9.460631608823425,2.9323199869127237,-0.37440344294637384,2.628549229831335,-8.520495600479162,1.5012283468490262,0,0.24261433987528108,-46.0,-44.0,-2.0,-0.4039792387543173,0.5082297624761054,1.9390215064871938,0.1293652615068226,-0.005968858131487842,0.022318339100346085,-0.009169550173010244,0.009254408940108094
2025-02-07,1738904400,2025-02-11,1739250000,0.25,54.49901751244336,60.01616399139665,57.22,57.88,56.8386,57.27,8759544.0,57.49,58.05,56.16,56.18,10690877.0,5.639827210116437,-0.7181468968376947,5.058229500415322,-0.29089830307346176,1,-8.555441273775202,-0.14219694276572753,-11.260189991310078,3.5103353823437047,2.6464164587086287,2.7514772558806704,-8.464498493237087,-1.1554856648913723,0,0.16848812239018013,30.0,36.0,-6.0,2.460840156639364,3.0820474369384527,4.687208730576444,0.024664943256001437,0.023317906728373083,0.033285866856532564,-0.0003559985760057671,-0.02802768166089964
