unix,date,open,high,low,close,volume_base,bb_bbm,bb_bbh,bb_bbl,kch_high,kch_low,kch_mid,kch_mid_squeeze,kch_tr_squeeze,kch_high_squeeze,kch_low_squeeze,squeeze,rsi,roc,tsi,mfi,vwap,atr,adx,obv,sma_volume,pocket_pivot,cmf,aroon_up,aroon,aroon_down,sma,ema20,ema50,macd_diff,macd,macd_signal
1500523200,2017-07-20,13.64,13.92,13.62,13.87,1231735.0,14.087,14.662781208446418,13.511218791553581,14.341666666666669,13.843666666666667,14.092666666666668,14.087,0.3000000000000007,14.46125,13.71275,0,51.64038978033139,-3.0069930069930173,4.037742540066075,18.10061821500416,13.99085763754004,0.26458988419471285,23.7430650742934,101837284.0,3610520.64,0,-0.021706918626894216,52.0,-28.0,80.0,14.087,13.916872064493358,13.718907378433512,-0.08599405265986977,-0.013747462952752088,0.07224658970711768
1500609600,2017-07-21,13.94,14.06,13.92,14.04,1093241.0,14.076000000000002,14.646522567476538,13.505477432523467,14.325666666666667,13.836666666666668,14.081166666666666,14.076000000000002,0.19000000000000128,14.447250000000002,13.704750000000002,0,55.28514674286972,-1.54277699859748,5.061440951227477,23.747914923436127,13.966437182085313,0.25926203532366204,22.37237383430035,102930525.0,3586358.2,0,-0.042302427189531616,48.0,-28.0,76.0,14.076000000000002,13.928598534541608,13.731499245945924,-0.05783188154887504,-4.326222897610421e-05,0.05778861931989893
1500868800,2017-07-24,13.98,14.34,13.87,14.22,1449267.0,14.069999999999999,14.631747274136703,13.508252725863294,14.325999999999999,13.815999999999999,14.071000000000002,14.069999999999999,0.47000000000000064,14.456999999999999,13.682999999999998,0,58.750183028073145,-0.8368200836820029,7.419169171462083,25.59625516404644,13.95521436322316,0.27431474708625764,22.37747921400111,104379792.0,3553689.46,0,-0.042539617180082354,44.0,-28.0,72.0,14.069999999999999,13.956351055061456,13.750656138261771,-0.02618840381926054,0.025053114545823263,0.0512415183650838
1500955200,2017-07-25,14.22,14.36,13.94,14.22,2092079.0,14.065999999999999,14.622251741570324,13.509748258429674,14.328999999999999,13.797999999999998,14.063500000000001,14.065999999999999,0.41999999999999993,14.46875,13.663249999999998,0,58.750183028073145,-0.5594405594405599,9.27508508266778,34.73194481761546,13.944192185368154,0.28472083658009634,22.460958717206598,106471871.0,3576041.54,0,0.024427357260074622,40.0,-28.0,68.0,14.065999999999999,13.981460478388936,13.769061779898564,-0.005449204753674379,0.04443001242299083,0.04987921717666521
1501041600,2017-07-26,14.22,14.28,14.04,14.14,1039617.0,14.058000000000002,14.605086830402653,13.51091316959735,14.324000000000002,13.785,14.054499999999999,14.058000000000002,0.2400000000000002,14.466750000000001,13.649250000000002,0,56.59059692923622,-1.1188811188811199,9.953394139090236,35.4934479574428,13.937387917467264,0.2815264911100895,22.53847539875455,105432254.0,3582867.08,0,0.06459113283829011,36.0,-28.0,64.0,14.058000000000002,13.996559480447132,13.783608376765288,0.002275227345846266,0.052723251358973044,0.05044802401312678
1501128000,2017-07-27,14.07,14.17,14.02,14.15,650092.0,14.0435,14.564048748917926,13.522951251082073,14.3065,13.7755,14.041,14.0435,0.15000000000000036,14.44625,13.64075,0,56.79954388074919,-2.008310249307473,10.586509921986277,37.49193783231722,13.927899174669694,0.27213174174508314,22.467344978913548,106082346.0,3570987.1,0,0.11868399828363861,32.0,-28.0,60.0,14.0435,14.011172863261692,13.797976675715669,0.00717573219453136,0.059417689256290984,0.052241957061759624
1501214400,2017-07-28,14.16,14.16,14.02,14.07,562864.0,14.032000000000002,14.539369687703179,13.524630312296825,14.291666666666666,13.76366666666667,14.027666666666667,14.032000000000002,0.14000000000000057,14.432500000000001,13.631500000000003,0,54.586921947714075,-1.6083916083916114,10.261811650170479,39.11726592189068,13.923130150435206,0.26269376019186297,22.401295303346902,105519482.0,3560461.7,0,0.11134497598754751,28.000000000000004,-28.000000000000004,56.00000000000001,14.032000000000002,14.01677544771296,13.808644257060152,0.004289416900326498,0.057603728187167746,0.05331431128684125
1501473600,2017-07-31,14.04,14.12,14.01,14.07,537576.0,14.016500000000002,14.498714682480761,13.534285317519243,14.274833333333333,13.753833333333333,14.014333333333331,14.016500000000002,0.10999999999999943,14.411750000000003,13.621250000000002,0,54.586921947714075,-2.1557719054242037,9.994394726043408,41.986154983814394,13.918121835950544,0.2517870630353013,22.2590828743462,106057058.0,3542696.92,0,0.048978639437934186,24.0,-28.0,52.0,14.016500000000002,14.021844452692678,13.818893501881323,0.0017694156701017344,0.05552608087446842,0.053756665204366685
1501560000,2017-08-01,14.03,14.22,13.98,14.22,1037450.0,13.998999999999999,14.42127479204899,13.576725207951007,14.257666666666665,13.733666666666664,13.995666666666668,13.998999999999999,0.2400000000000002,14.3965,13.601499999999998,0,57.98708136407144,-2.402196293754287,11.110903685316377,52.010160382695666,13.92151604994374,0.2509451299613512,22.645391847395505,107094508.0,3448198.4,0,0.1847219107478373,20.0,-28.0,48.0,13.998999999999999,14.040716409579089,13.834623168474213,0.009179732343511243,0.06523133063375575,0.0560515982902445
1501646400,2017-08-02,14.12,14.22,13.94,14.15,1247515.0,13.989500000000001,14.388572675085655,13.590427324914348,14.242500000000001,13.720499999999998,13.9815,13.989500000000001,0.28000000000000114,14.384750000000002,13.59425,0,55.93002345626793,-1.3249651324965097,11.240428958654554,54.03034613717182,13.962510194955675,0.25302047782125475,22.659463495604463,105846993.0,3444129.68,0,0.3083170655974881,16.0,-28.0,44.0,13.989500000000001,14.051124370571557,13.846990887357578,0.008364910344938553,0.0665077362214177,0.05814282587647915
1501732800,2017-08-03,14.22,14.26,13.77,13.86,1094701.0,13.977499999999997,14.376993429232593,13.578006570767402,14.236833333333333,13.703833333333332,13.970333333333334,13.977499999999997,0.4900000000000002,14.380999999999997,13.573999999999998,1,48.43682421164411,-1.7021276595744694,8.111752091218737,54.88579738223891,13.987428625254813,0.26994758654830797,21.378565709868916,104752292.0,3438309.9,0,0.21605395806009775,12.0,-28.0,40.0,13.977499999999997,14.032922049564743,13.847501048637673,-0.011621506272833516,0.043615943035437255,0.05523744930827077
1501819200,2017-08-04,13.96,14.29,13.63,14.27,1731165.0,13.987,14.40442544244454,13.56957455755546,14.253,13.683000000000002,13.968,13.987,0.6599999999999984,14.41825,13.55575,1,57.00852295318486,1.3494318181818148,9.38013060062088,63.42537272921451,14.01747742331757,0.2978084732234287,20.379087156651966,106483457.0,3433672.74,0,0.3113742692607209,8.0,-28.0,36.0,13.987,14.055500901987148,13.864069634965606,0.002122266438629887,0.05789028235655813,0.055768015917928244
1502078400,2017-08-07,14.29,14.63,14.29,14.57,799167.0,14.0125,14.500920925022688,13.52407907497731,14.2835,13.6965,13.99,14.0125,0.3600000000000012,14.458,13.566999999999998,0,61.88829377749173,3.6273115220483625,12.83346772982125,61.31839476577626,14.073860465643152,0.302250725136041,20.177282440404635,107282624.0,3399458.52,0,0.38423647497074626,4.0,-28.0,32.0,14.0125,14.10450081608361,13.891753178692447,0.029262216988810943,0.09234578715394193,0.06308357016513098
1502164800,2017-08-08,14.51,14.75,14.43,14.72,1100091.0,14.0445,14.622132235942574,13.466867764057424,14.3165,13.7255,14.021,14.0445,0.3200000000000003,14.493,13.595999999999998,0,64.03673077693533,4.545454545454549,16.53010965583559,67.36627717085511,14.13331129020452,0.3035185304834667,20.46757039922874,108382715.0,3379123.26,0,0.45995769891889193,100.0,72.0,28.000000000000004,14.0445,14.163119785980408,13.924233446194705,0.05373656714242321,0.13025427909316,0.0765177119507368
1502251200,2017-08-09,14.65,14.76,14.55,14.62,1517298.0,14.078999999999999,14.705510973567119,13.452489026432879,14.341333333333335,13.766333333333332,14.053833333333333,14.078999999999999,0.20999999999999908,14.5155,13.642499999999998,0,61.5998783962446,4.953338119167261,18.264114011378965,68.11737250628323,14.207301493558772,0.2968386354489333,20.776230158844808,106865417.0,3379762.4,0,0.3685423075604468,96.0,72.0,24.0,14.078999999999999,14.206632187315607,13.95151840908903,0.05918029227100213,0.15049307728948946,0.09131278501848733
1502337600,2017-08-10,14.57,14.7,14.51,14.56,1582958.0,14.126999999999999,14.746422311512928,13.50757768848707,14.373,13.823999999999998,14.098500000000001,14.126999999999999,0.1899999999999995,14.543999999999999,13.709999999999999,0,60.15412855275711,7.058823529411772,18.97206147774949,59.32371593208961,14.257486745400751,0.289207304345438,20.793735935863904,105282459.0,3388109.04,0,0.2644669685272674,92.0,72.0,20.0,14.126999999999999,14.240286264714122,13.975380432262009,0.05482844394747599,0.15984833995283232,0.10501989600535633
1502424000,2017-08-11,14.48,14.84,14.46,14.74,1210440.0,14.178,14.82244084290183,13.533559157098171,14.431666666666667,13.865666666666666,14.148666666666665,14.178,0.379999999999999,14.607750000000001,13.74825,0,62.903561691189225,7.434402332361513,20.75295113477494,58.8447449161099,14.299260810319653,0.2956924968921924,21.386367220884587,106492899.0,3387589.7,0,0.25998091414494257,100.0,84.0,16.0,14.178,14.287878049027064,14.005365513349773,0.059756325237997926,0.17971530255285373,0.1199589773148558
1502683200,2017-08-14,14.74,14.99,14.62,14.88,1286100.0,14.238499999999998,14.907537368164155,13.569462631835842,14.498499999999998,13.9145,14.2065,14.238499999999998,0.370000000000001,14.68175,13.795249999999998,0,64.8871772358466,8.851499634235559,23.05167831451331,56.87571734503502,14.360703416861535,0.3010001756856073,22.470800507442654,107778999.0,3367379.0,0,0.2621612939782823,100.0,88.0,12.0,14.238499999999998,14.34427061578639,14.039664904983116,0.06755333028679716,0.20440064017335224,0.13684730988655508
1502769600,2017-08-15,14.86,15.03,14.83,14.99,1502748.0,14.3015,15.00361893579366,13.59938106420634,14.560500000000001,13.973500000000001,14.267,14.3015,0.1999999999999993,14.747000000000002,13.856,0,66.37426998003473,9.17698470502549,25.53517673599992,64.76557088665288,14.430132059365915,0.2937858774223496,23.610956657939603,109281747.0,3298297.8,0,0.3222806734272693,100.0,92.0,8.0,14.3015,14.405768652378164,14.076932947924956,0.07467141701563229,0.23018658115609547,0.15551516414046318
1502856000,2017-08-16,14.94,15.16,14.91,15.12,1382216.0,14.374,15.099379900465971,13.64862009953403,14.63,14.040000000000001,14.334999999999999,14.374,0.25,14.821750000000002,13.92625,0,68.05722318037763,10.60716898317483,28.270338517839473,70.28646257794546,14.495293005483845,0.2906583147493246,25.079904213361257,110663963.0,3252987.92,0,0.33597518724114916,100.0,96.0,4.0,14.374,14.473790685485005,14.117837538202409,0.08209699103844423,0.25813640293851847,0.17603941190007424
1502942400,2017-08-17,15.24,15.29,14.64,14.66,1591593.0,14.413499999999999,15.110271842140612,13.716728157859386,14.7005,14.0755,14.388,14.413499999999999,0.6499999999999986,14.8875,13.939499999999999,0,57.36354367439908,5.695746214852206,25.63652244566672,65.97189617240596,14.54169484665036,0.31632557798151556,24.666140767607626,109072370.0,3204188.0,0,0.2407220101508281,96.0,88.0,8.0,14.413499999999999,14.491524905915005,14.139098811214078,0.051486493978133374,0.24039752937274095,0.18891103539460757
1503028800,2017-08-18,14.71,15.09,14.63,15.02,1630079.0,14.4625,15.184687648745133,13.740312351254868,14.761833333333334,14.104833333333332,14.433333333333332,14.4625,0.4599999999999991,14.95675,13.968250000000001,0,62.249969485595635,6.980056980056984,25.75268969837854,70.82960339344405,14.587713115559595,0.3265880366971215,24.223665126852676,110702449.0,3197526.92,0,0.28465323700491035,92.0,88.0,4.0,14.4625,14.541855867256434,14.17364395587235,0.05085351347748149,0.25247792724145945,0.20162441376397797
1503288000,2017-08-21,14.93,15.22,14.92,15.12,1174853.0,14.507500000000002,15.274412641700492,13.740587358299512,14.8005,14.160500000000003,14.480500000000001,14.507500000000002,0.3000000000000007,14.989000000000003,14.026000000000002,0,63.473983560890545,6.329113924050622,26.392019899226216,71.152443766244,14.643449218899466,0.3246888912187557,24.321607324641455,111877302.0,3184480.16,0,0.24831843760422692,88.0,80.0,8.0,14.507500000000002,14.596917213232011,14.210755957602847,0.052334543442799863,0.2670425930674778,0.21470804962467793
1503374400,2017-08-22,15.12,15.22,15.02,15.14,963368.0,14.5535,15.355479426170039,13.75152057382996,14.837166666666667,14.21916666666667,14.528166666666667,14.5535,0.20000000000000107,15.0185,14.0885,0,63.72162500102206,6.469760900140646,26.98596977935694,77.27741999997816,14.704812529031464,0.31578254184598753,24.41255365115961,112840670.0,3143376.16,0,0.2289006915457663,100.0,96.0,4.0,14.5535,14.648639383400392,14.247196900441953,0.04983826205881997,0.2770058771982029,0.22716761513938294
1503460800,2017-08-23,15.11,15.23,15.11,15.17,867842.0,14.605,15.426206429590042,13.783793570409959,14.882,14.276,14.579000000000002,14.605,0.120000000000001,15.061,14.149000000000001,0,64.10587338957399,7.284299858557279,27.610642440311505,82.74209872047844,14.771083667331549,0.3017980745712742,24.538109795879397,113708512.0,3095761.46,0,0.2694948818119874,100.0,56.0,44.0,14.605,14.698292775457496,14.283385257287367,0.04550452332718441,0.28404826929836346,0.23854374597117906
1503547200,2017-08-24,15.16,15.21,15.1,15.11,929342.0,14.653,15.474440198675488,13.831559801324513,14.931333333333333,14.329333333333334,14.630333333333335,14.653,0.11000000000000121,15.106,14.200000000000001,0,62.70760407457287,6.784452296819782,27.54078702201553,76.66300984999472,14.860493722949949,0.28809821210189757,24.5802516035371,112779170.0,3005040.34,0,0.14573403767557966,96.0,56.0,40.0,14.653,14.737502987318686,14.31580152170747,0.034398979916108574,0.2815424708663148,0.2471434909502062
1503633600,2017-08-25,15.2,15.23,15.11,15.2,764367.0,14.7095,15.518115483403593,13.900884516596408,14.985166666666668,14.385166666666667,14.68516666666667,14.7095,0.120000000000001,15.161,14.258000000000001,0,63.94918697569812,8.031272210376681,27.97143172089298,76.6646065923245,14.891058175617783,0.2760911969517621,24.712871918152935,113543537.0,2973541.34,0,0.13831526227857985,100.0,64.0,36.0,14.7095,14.781550321859765,14.35047597183659,0.029125418799489378,0.283550264449568,0.2544248456500786
1503892800,2017-08-28,15.24,15.24,15.17,15.21,1014966.0,14.766499999999999,15.54699407428886,13.986005925711138,15.040166666666668,14.444166666666666,14.742166666666668,14.766499999999999,0.07000000000000028,15.215,14.317999999999998,0,64.08902219001955,8.102345415778256,28.37598136799717,76.60502929604918,14.925726149761996,0.2613703971694934,24.88501817022585,114558503.0,2197903.14,0,0.09599998415571301,100.0,68.0,32.0,14.766499999999999,14.822355053111215,14.384182796470448,0.022611884162315854,0.2826897008529734,0.26007781669065755
1503979200,2017-08-29,15.06,15.24,15.06,15.17,745952.0,14.814000000000002,15.570951781819707,14.057048218180297,15.088000000000003,14.498000000000001,14.792999999999997,14.814000000000002,0.17999999999999972,15.258000000000003,14.370000000000001,0,63.05914380171676,6.680731364275664,28.31024905454651,71.04063941932111,14.961813790025845,0.25555822594310096,24.141590139372557,113812551.0,2158039.14,0,0.14078824616230945,96.0,68.0,28.000000000000004,14.814000000000002,14.855464095672051,14.414999157393176,0.01242018814472462,0.2756030518715633,0.2631828637268387
1504065600,2017-08-30,15.15,15.19,14.81,14.87,889326.0,14.85,15.542993506463104,14.157006493536896,15.135666666666665,14.535666666666668,14.835666666666668,14.85,0.379999999999999,15.301499999999999,14.3985,0,55.95983042717356,5.088339222614833,25.25141333482171,73.94850322551584,14.998420140830325,0.26444692409002224,22.984187403193197,112923225.0,2090045.34,0,0.155769024476896,92.0,68.0,24.0,14.85,14.856848467512808,14.432842327691484,-0.016163543335784902,0.24297843455710755,0.25914197789289245
1504152000,2017-08-31,14.86,15.17,14.82,15.16,868146.0,14.915000000000001,15.450294311570774,14.379705688429228,15.182999999999998,14.597,14.89,14.915000000000001,0.34999999999999964,15.356000000000002,14.474,0,60.48638891375649,9.379509379509384,24.51593140949806,73.42610928026247,15.025978281539809,0.27055785808359206,21.909456291026647,113791371.0,2047485.8,0,0.17488965058166447,88.0,68.0,20.0,14.915000000000001,14.885720042035398,14.461358314840837,-0.017087378257695407,0.23778275507077318,0.2548701333284686
1504238400,2017-09-01,15.14,15.48,15.14,15.28,2518185.0,14.9655,15.434305929996656,14.496694070003345,15.228833333333336,14.674833333333334,14.951833333333331,14.9655,0.33999999999999986,15.3825,14.5485,0,62.17957690440893,7.077785564120531,24.639808186635097,75.46136592053882,15.081911666320226,0.2755180110776212,21.47148299540277,116309556.0,2006726.86,0,0.1047562071610947,100.0,84.0,16.0,14.9655,14.923270514222503,14.493461910337276,-0.011436154182283054,0.2405749406006148,0.25201109478289785
1504584000,2017-09-05,15.37,15.37,15.05,15.2,1300379.0,14.997,15.439180958432212,14.554819041567788,15.263333333333332,14.711333333333334,14.987333333333334,14.997,0.3199999999999985,15.411,14.583,0,60.364377580521385,4.323953328757715,23.966664114470714,67.33073970146677,15.103573053053605,0.2786952960006482,20.53320922144576,115009177.0,1434507.84,0,0.04696248160427131,96.0,84.0,12.0,14.997,14.94962570334417,14.52116928640248,-0.014697524466500328,0.23363918919977245,0.24833671366627277
1504670400,2017-09-06,15.14,15.29,15.14,15.22,799112.0,15.022,15.455155861093937,14.588844138906063,15.284,14.749,15.016499999999999,15.022,0.14999999999999858,15.42325,14.620750000000001,0,60.6665501247547,3.3967391304347823,23.54628357825772,66.16477326968179,15.112665026105121,0.26950277485774465,19.66195500277139,115808289.0,1395703.0,0,-0.006548226830179025,92.0,84.0,8.0,15.022,14.97537563635901,14.548574412425914,-0.016958904797202412,0.22713808266976976,0.24409698746697217
1504756800,2017-09-07,15.14,15.35,15.14,15.3,954289.0,15.056000000000001,15.463597841014929,14.648402158985073,15.314999999999998,14.780000000000001,15.0475,15.056000000000001,0.20999999999999908,15.45725,14.654750000000002,0,61.889886656991436,4.6511627906976845,23.689980488778488,74.97563572304645,15.147723940696158,0.26525257665361995,19.162932209945357,116762578.0,1356287.12,0,0.1224605082606175,100.0,96.0,4.0,15.056000000000001,15.006292242420056,14.578042082526858,-0.014607252900850048,0.22583792134090963,0.24044517424175968
1504843200,2017-09-08,15.29,15.35,14.69,15.11,1205015.0,15.0835,15.421865187334678,14.745134812665324,15.361500000000001,14.779500000000002,15.0705,15.0835,0.6600000000000001,15.520000000000001,14.647,1,57.42486187448924,3.7774725274725203,21.93220766490508,66.32127384813631,15.165350742260387,0.2934488211783614,19.115120329319314,115557563.0,1323191.04,0,0.07222597283766173,96.0,92.0,4.0,15.0835,15.016169171713385,14.598903177329726,-0.026684995598857425,0.20708892974318793,0.23377392534204536
1505102400,2017-09-11,15.17,15.3,15.06,15.17,673941.0,15.105,15.40589865403493,14.804101345965071,15.379333333333332,14.811333333333334,15.095333333333334,15.105,0.2400000000000002,15.531,14.679,1,58.421969738609576,2.9172320217096317,20.89375342066713,65.17321191625791,15.172254764597122,0.2896310482370499,19.0707235830237,116231504.0,1265012.2,0,0.043828427044570115,92.0,76.0,16.0,15.105,15.0308197267883,14.621299131159933,-0.031158431597823333,0.19482588584476623,0.22598431744258957
1505188800,2017-09-12,15.14,15.22,15.05,15.16,617930.0,15.119,15.40225959824873,14.83574040175127,15.385,14.837,15.110999999999999,15.119,0.16999999999999993,15.53,14.708,1,58.1829098802236,1.8817204301075225,19.946747618377852,59.96874054229558,15.174095677567378,0.28108597336297486,19.070710736203665,115613574.0,1246428.26,0,0.04412601583013385,88.0,76.0,12.0,15.119,15.043122609951318,14.64242465542817,-0.035027350669585344,0.1822001291056079,0.21722747977519324
1505275200,2017-09-13,15.23,15.34,15.11,15.17,2066929.0,15.128,15.405676070268996,14.850323929731005,15.399333333333331,14.848333333333333,15.123833333333334,15.128,0.23000000000000043,15.54125,14.71475,1,58.362256848242055,1.200800533689124,19.230036951829042,63.10749887601941,15.178713665690653,0.27743697526561956,18.35785709413364,117680503.0,1269555.86,0,-0.023729757128023162,84.0,76.0,8.0,15.128,15.055206170908335,14.663113884627068,-0.0369583674181542,0.17102952050250053,0.20798788792065473
1505361600,2017-09-14,15.02,15.41,15.02,15.24,1293378.0,15.134,15.415879406839224,14.852120593160777,15.414333333333332,14.849333333333334,15.131833333333333,15.134,0.39000000000000057,15.55775,14.71025,1,59.637783884636754,0.7936507936508002,19.122491878197838,69.87391254569275,15.184676550036489,0.2854771913180753,18.1076351037676,118973881.0,1263029.78,0,0.035768203842761366,80.0,76.0,4.0,15.134,15.07280558320278,14.685736869543653,-0.03366022202082583,0.16591261039462246,0.1995728324154483
1505448000,2017-09-15,15.23,15.37,15.12,15.23,2819076.0,15.1625,15.344475273045637,14.980524726954362,15.413166666666665,14.888166666666667,15.150666666666666,15.1625,0.25,15.55625,14.768749999999999,1,59.36431601362844,3.888130968622103,18.925720435118542,73.37373828632535,15.193656061875718,0.28294310622392704,17.875286112713418,116154805.0,1289388.86,0,-0.008920414003235582,76.0,56.0,20.0,15.1625,15.08777648004061,14.707080521718414,-0.03228612797847169,0.15921517244235872,0.1915013004208304
1505707200,2017-09-18,15.25,15.41,15.15,15.41,2328877.0,15.181999999999999,15.381459269025116,14.98254073097488,15.423666666666666,14.918666666666667,15.171166666666668,15.181999999999999,0.2599999999999998,15.560749999999999,14.803249999999998,1,62.6126343106695,2.596537949400803,20.09465666273406,75.23193163394984,15.208791753480702,0.28130431292221797,17.39990249093451,118483682.0,1300279.88,0,0.10614986506526225,100.0,84.0,16.0,15.181999999999999,15.118464434322457,14.734645991454947,-0.01999108158879917,0.16651244843483148,0.18650353002363065
1505793600,2017-09-19,15.38,15.46,15.28,15.31,1815494.0,15.1915,15.396270603359064,14.986729396640936,15.430833333333334,14.937833333333334,15.184333333333333,15.1915,0.1800000000000015,15.56125,14.82175,1,59.81639012605456,1.2566137566137652,19.93897207839832,80.25490684206046,15.223444081462643,0.2740682905706311,16.63386158136805,116668188.0,1308510.04,0,0.03222319057036807,96.0,84.0,12.0,15.1915,15.136705916767937,14.757208893750832,-0.01931890264040581,0.1623549017231234,0.1816738043635292
1505880000,2017-09-20,15.46,15.68,15.39,15.6,1559330.0,15.214500000000001,15.48405333424025,14.944946665759751,15.456833333333332,14.954833333333331,15.205833333333334,15.214500000000001,0.3699999999999992,15.597000000000001,14.832,1,64.63733823914347,3.0383091149273387,21.971427318174484,85.12247121345082,15.259796296661856,0.28092055552987166,16.20492126409022,118227518.0,1302340.86,0,0.09398599273964921,100.0,92.0,8.0,15.214500000000001,15.180829162790038,14.790259525368446,-0.0010340279872242952,0.18038126937949883,0.18141529736672313
1505966400,2017-09-21,15.56,15.6,15.43,15.55,601708.0,15.233499999999998,15.539001227493499,14.927998772506497,15.477166666666667,14.970166666666666,15.223666666666668,15.233499999999998,0.16999999999999993,15.619749999999998,14.847249999999997,1,63.25993639359339,2.5049439683586074,23.01642483591976,81.97061530298015,15.276470316559775,0.2729976587063094,15.806619540903665,117625810.0,1263791.3,0,0.06743429581846472,96.0,92.0,4.0,15.233499999999998,15.215988290143368,14.820053269471645,0.005635970836398108,0.1884602609122208,0.18282429007582268
1506052800,2017-09-22,15.57,15.65,15.53,15.54,932998.0,15.255,15.582444651811628,14.927555348188374,15.499333333333334,14.991333333333333,15.245333333333331,15.255,0.120000000000001,15.642000000000001,14.868,1,62.977403939921274,2.8457974851091974,23.74318728368218,80.47857364435883,15.287948346454762,0.2620692545130016,15.698518198870328,116692812.0,1244035.26,0,0.055508350131981736,92.0,56.0,36.0,15.255,15.246846548224953,14.848286474590404,0.007216199182736027,0.1918445390542427,0.18462833987150667
1506312000,2017-09-25,15.64,15.65,15.51,15.55,872507.0,15.272499999999999,15.622921175159318,14.92207882484068,15.519833333333333,15.009833333333333,15.264833333333332,15.272499999999999,0.14000000000000057,15.661,14.883999999999999,1,63.15064303186609,2.302631578947378,24.413306281812396,82.23376418162505,15.306922345955584,0.2533500220477872,15.456444804983937,117565319.0,1234018.94,0,0.041004631417356295,88.0,56.0,32.0,15.272499999999999,15.275718305536863,14.875804652057447,0.00678332591676159,0.19310749726745868,0.1863241713506971
1506398400,2017-09-26,15.62,15.89,15.53,15.81,1268313.0,15.3025,15.722255881435911,14.882744118564089,15.561166666666669,15.022166666666667,15.291666666666666,15.3025,0.3600000000000012,15.71275,14.89225,0,67.33399834075072,3.9447731755424034,26.86719174246891,82.70944769860449,15.339833298132161,0.26096787761580253,16.379185514301614,118833632.0,1236425.06,0,0.07425617981384464,100.0,72.0,28.000000000000004,15.3025,15.326602276438114,14.912439763741467,0.02105032687486741,0.21263707994428138,0.19158675306941397
1506484800,2017-09-27,15.77,16.14,15.77,16.01,1520811.0,15.3445,15.859998787583482,14.829001212416518,15.611499999999998,15.0535,15.332500000000001,15.3445,0.370000000000001,15.769,14.92,0,70.08399101081993,5.537244561634816,30.2169945117532,83.26757165672907,15.392776731075983,0.268755886357531,18.108212571019276,120354443.0,1231780.92,0,0.06966898028907408,100.0,76.0,24.0,15.3445,15.391687773920198,14.95548134163396,0.03990598666536299,0.24146923640111773,0.20156324973575473
1506571200,2017-09-28,16.01,16.24,15.93,15.97,1801154.0,15.3995,15.935092195611588,14.863907804388411,15.6625,15.111500000000001,15.387,15.3995,0.3099999999999987,15.81875,14.98025,0,68.86350979233097,7.397444519166116,32.35386163825898,89.65559296014803,15.471637151653956,0.2717018944748501,20.00407857530653,118553289.0,1250751.6,0,-0.014927251387645668,96.0,76.0,20.0,15.3995,15.446765128784941,14.995266387060079,0.045242090939185575,0.2581158634097367,0.21287377247055111
1506657600,2017-09-29,15.98,16.18,15.91,16.0,2026486.0,15.441500000000001,16.024981790632786,14.858018209367215,15.707500000000001,15.1645,15.435999999999998,15.441500000000001,0.2699999999999996,15.854750000000001,15.028250000000002,0,69.2857790239508,5.5408970976253284,34.264600515333754,80.62863539699529,15.533440067098434,0.27158033058378933,21.614488855474843,120579775.0,1266646.62,0,-0.04276205067305426,92.0,76.0,16.0,15.441500000000001,15.499454164138756,15.034667705214586,0.04618879291939673,0.27060976361979705,0.22442097070040032
1506916800,2017-10-02,16.08,16.22,15.96,16.18,1910110.0,15.486499999999998,16.14696271658591,14.826037283414085,15.744499999999999,15.209500000000002,15.477,15.486499999999998,0.259999999999998,15.893749999999997,15.079249999999998,0,71.70901390727877,5.890052356020945,36.953438362499135,84.42566430290792,15.593107965780094,0.2707531641135185,23.234323862854353,122489885.0,1282984.0,0,0.009650055768428182,100.0,88.0,12.0,15.486499999999998,15.5642680532684,15.079582697166956,0.053802050867226114,0.291673534284433,0.23787148341720687
1507003200,2017-10-03,16.44,16.48,16.01,16.18,3435722.0,15.535499999999999,16.247103119723377,14.82389688027662,15.802833333333334,15.252833333333333,15.527833333333334,15.535499999999999,0.46999999999999886,15.953999999999999,15.116999999999999,0,71.70901390727877,6.447368421052635,39.10999500983959,85.42166240724058,15.715659454246545,0.2849850809625528,25.43527990858811,125925607.0,1322713.1,0,0.010684384893275969,96.0,88.0,8.0,15.535499999999999,15.622909191052361,15.122736316885899,0.05358487213682822,0.30485257358824214,0.2512677014514139
1507089600,2017-10-04,16.19,16.35,16.15,16.21,10057235.0,15.585000000000003,16.338432146911753,14.831567853088252,15.856333333333334,15.301333333333332,15.578833333333336,15.585000000000003,0.20000000000000284,16.007250000000003,15.162750000000003,0,72.11529222386645,6.5045992115637326,41.052808679060064,89.41922590267055,15.894011128618875,0.2789147180366564,27.479024808198027,135982842.0,1482016.22,0,-0.11928136252748188,100.0,96.0,4.0,15.585000000000003,15.678822601428326,15.165374108380568,0.05026351141702806,0.314097090722699,0.2638335793056709
1507176000,2017-10-05,16.24,16.55,16.21,16.37,4860624.0,15.638500000000002,16.452877676511367,14.824122323488638,15.9185,15.3505,15.634500000000003,15.638500000000002,0.33999999999999986,16.070500000000003,15.206500000000002,0,74.19567471322735,6.9934640522875835,43.59325744487309,90.1110513052617,16.013746774526023,0.2832779524626095,29.820290458257652,140843466.0,1558436.36,0,-0.110825314743764,100.0,76.0,24.0,15.638500000000002,15.744649020339914,15.21261433942447,0.05335235636800567,0.330524024765678,0.2771716683976723
1507262400,2017-10-06,16.52,16.52,15.97,16.09,3718582.0,15.6875,16.486571335989506,14.888428664010496,15.970166666666666,15.413166666666665,15.691666666666668,15.6875,0.5499999999999989,16.111250000000002,15.26375,0,65.23079971439309,6.485771012574457,41.54528184020316,80.23019328571701,16.076298400371574,0.30232952728670875,30.29265250821837,137124884.0,1619806.16,0,-0.22821576183000616,96.0,76.0,20.0,15.6875,15.77753958983135,15.247021620231353,0.03209569879869323,0.3172912918960389,0.28519559309734566
1507521600,2017-10-09,16.16,16.23,16.0,16.21,1864556.0,15.739499999999998,16.532430640094105,14.946569359905888,16.018166666666666,15.462166666666667,15.740166666666667,15.739499999999998,0.23000000000000043,16.162499999999998,15.316499999999998,0,67.02805522168025,6.855636123928813,40.65713844465089,75.17769316795,16.11609501165006,0.2971631324805153,30.73127441175333,138989440.0,1645840.0,0,-0.15240458598524476,92.0,76.0,16.0,15.739499999999998,15.818726295561698,15.284785478261497,0.022147973952378386,0.31288056053781865,0.29073258658544027
1507608000,2017-10-10,16.23,16.35,16.02,16.11,2164799.0,15.787,16.548579936710556,15.025420063289445,16.077,15.504999999999999,15.791000000000002,15.787,0.33000000000000185,16.222,15.352,0,64.12063322025543,6.2664907651715,38.567767566673005,75.62300469929936,16.14221525124269,0.29950862301762143,31.498909453967734,136824641.0,1678384.46,0,-0.19535604561936304,88.0,76.0,12.0,15.787,15.846466648365345,15.317146832055164,0.005719579468084879,0.29788206092054637,0.2921624814524615
1507694400,2017-10-11,16.04,16.29,16.03,16.28,2088336.0,15.842500000000001,16.577452379409753,15.107547620590248,16.12816666666667,15.553166666666666,15.840666666666667,15.842500000000001,0.259999999999998,16.27975,15.40525,0,66.70500905210945,7.317073170731716,37.96876086417292,78.08346830116388,16.154962551712234,0.29668657851636265,32.21171342173825,138912977.0,1699402.18,0,-0.1442075460250961,84.0,76.0,8.0,15.842500000000001,15.887755538997217,15.354905779817706,0.003308163543854714,0.2962976858822799,0.2929895223384252
1507780800,2017-10-12,16.34,16.4,16.12,16.34,2181033.0,15.897499999999999,16.608101857582753,15.186898142417247,16.175833333333337,15.611833333333333,15.893833333333333,15.897499999999999,0.2799999999999976,16.3265,15.468499999999999,0,67.57276878447354,7.217847769028869,37.866018670668595,78.79861943525131,16.17583014854212,0.295494680050908,33.19884569251729,141094010.0,1718072.54,0,-0.0887948198783839,80.0,76.0,4.0,15.897499999999999,15.9308264400451,15.393536925707208,0.002781245640663732,0.29646607938925484,0.2936848337485911
1507867200,2017-10-13,16.34,16.41,16.12,16.27,1628271.0,15.9495,16.607359407472494,15.291640592527507,16.229166666666668,15.661166666666668,15.945166666666669,15.9495,0.28999999999999915,16.3815,15.5175,0,65.47705058550622,6.828627708470118,36.83810615705265,77.2493968114944,16.19252306122642,0.2951022029044145,34.14461096075398,139465739.0,1728743.94,0,-0.07652648885744441,76.0,68.0,8.0,15.9495,15.963128683850329,15.427908026659868,-0.004839518822260136,0.28763543522076596,0.2924749540430261
1508126400,2017-10-16,16.33,16.36,16.21,16.26,3145385.0,15.992,16.61379096165839,15.370209038341613,16.271333333333335,15.714333333333334,15.992833333333333,15.992,0.14999999999999858,16.41575,15.56825,0,65.17309657280825,5.515898767034402,35.87860560385454,78.28289594100333,16.212200328384764,0.28473775983981336,35.02282156697377,136320354.0,1757028.34,0,-0.11448206565925896,72.0,68.0,4.0,15.992,15.99140214253125,15.460539084437912,-0.01266698574092534,0.27664122186686946,0.2893082076077948
1508212800,2017-10-17,16.3,16.36,16.14,16.28,1950633.0,16.0405,16.588933222917856,15.492066777082147,16.318833333333334,15.757833333333334,16.038333333333334,16.0405,0.21999999999999886,16.46725,15.613750000000001,0,65.51016362056201,6.335728282168521,35.22636544573425,73.95047150119233,16.222858278076384,0.2801136341369695,35.233458384320336,138270987.0,1780057.66,0,-0.11146885267895443,68.0,64.0,4.0,16.0405,16.01888765276637,15.492674806616817,-0.018270280466903932,0.2664703570241649,0.2847406374910688
1508299200,2017-10-18,16.27,16.41,15.97,16.01,1554646.0,16.061,16.571368494325487,15.550631505674511,16.355,15.779000000000002,16.067,16.061,0.4399999999999995,16.493,15.629,0,57.58960682770632,2.6282051282051406,31.01978412597413,70.17748102777523,16.22692028852955,0.2915340888414716,34.13441438548454,136716341.0,1789148.76,0,-0.11060287212922026,64.0,56.0,8.0,16.061,16.018041209645762,15.512962069102432,-0.04065125402558023,0.23392656995909356,0.2745778239846738
1508385600,2017-10-19,15.93,16.13,15.79,16.12,1329138.0,16.0895,16.543040516382018,15.635959483617984,16.387833333333333,15.794833333333335,16.091333333333335,16.0895,0.33999999999999986,16.53425,15.644750000000002,0,59.68020542501678,3.665594855305468,28.46667430926909,71.33367378247202,16.229669685194725,0.29499593963850934,31.99862348064149,138045479.0,1785385.56,0,-0.06645483892092782,60.0,56.0,4.0,16.0895,16.02775157063188,15.53676747815724,-0.04803153934064758,0.21453839980886436,0.26256993914951193
1508472000,2017-10-20,16.27,16.31,16.17,16.3,1677473.0,16.1275,16.512720715953943,15.74227928404606,16.423166666666667,15.82816666666667,16.125666666666667,16.1275,0.18999999999999773,16.5775,15.677500000000002,1,62.835787666618685,4.890604890604901,27.752212651537995,71.18467909355734,16.235919847001778,0.2874962296643299,30.857027311030244,139722952.0,1787275.86,0,-0.06405448218649162,56.00000000000001,48.00000000000001,8.0,16.1275,16.053679992476464,15.566698165288328,-0.04104608706351265,0.2112623303201211,0.25230841738363374
1508731200,2017-10-23,16.37,16.77,16.29,16.68,1900937.0,16.184,16.54452184399849,15.823478156001515,16.490666666666666,15.861666666666668,16.176166666666667,16.184,0.4800000000000004,16.6595,15.7085,1,68.34177534809096,7.2668810289389,29.862412972068224,70.11439001485765,16.253299952019248,0.30124649897402067,31.314442692985306,141623889.0,1801085.8,0,-0.013207073035606014,100.0,96.0,4.0,16.184,16.113329517002516,15.610357060767218,-0.012565572626731913,0.23660145160021884,0.24916702422695075
1508817600,2017-10-24,16.84,16.91,16.75,16.77,1970204.0,16.232,16.633825832917783,15.830174167082216,16.534,15.925000000000002,16.2295,16.232,0.23000000000000043,16.69775,15.76625,1,69.46944103526455,6.0721062618595765,32.0369925758461,62.660522744241106,16.292760312071156,0.2961574633330192,32.08228959944008,143594093.0,1814767.88,0,0.06291167659519607,100.0,88.0,12.0,16.232,16.175869563002276,15.655833254462621,0.009416151689215946,0.2609372138384707,0.25152106214925474
1508904000,2017-10-25,16.83,17.5,16.65,17.4,6757228.0,16.3015,16.937999018066858,15.665000981933145,16.6185,15.961500000000001,16.29,16.3015,0.8500000000000014,16.80325,15.799750000000001,0,75.81667209749168,8.682073703935021,37.40362338778723,65.10176870478651,16.458093817588622,0.33571764452351793,33.86243004290753,150351321.0,1919857.48,1,0.22010886444017075,100.0,92.0,8.0,16.3015,16.292453414144916,15.724231950366047,0.060612319095341316,0.3272864610184314,0.2666741419230901
1508990400,2017-10-26,17.4,18.15,17.27,17.55,4982132.0,16.380499999999998,17.1989980146586,15.562001985341395,16.7275,16.0135,16.3705,16.380499999999998,0.879999999999999,16.924999999999997,15.835999999999999,0,77.01433272629863,9.89355040701315,41.97957405866467,77.02631232254672,16.655736294557315,0.3745949556289809,36.23490020487449,155333453.0,1991855.8,0,0.22028289930074474,100.0,96.0,4.0,16.380499999999998,16.412219755654924,15.795830697410516,0.09666511939118161,0.38750554116206715,0.29084042177088554
1509076800,2017-10-27,17.67,17.69,17.27,17.38,3252429.0,16.449499999999997,17.35599820738933,15.543001792610664,16.805833333333332,16.076833333333333,16.441333333333336,16.449499999999997,0.4200000000000017,17.005249999999997,15.893749999999997,0,72.7180393833799,8.624999999999993,43.33345245249535,73.67824858020843,16.75200144445546,0.3778381730840538,38.437908212415245,152081024.0,2025072.52,0,0.12748518369846873,96.0,92.0,4.0,16.449499999999997,16.504389302735408,15.857954983786575,0.10069443141003837,0.4167084610334335,0.31601402962339514
1509336000,2017-10-30,17.09,17.14,15.73,15.9,26548302.0,16.4355,17.36653114878079,15.504468851219212,16.870166666666666,16.026166666666665,16.44816666666667,16.4355,1.6499999999999986,17.0955,15.775500000000001,0,48.118625046583155,-1.7305315203955463,29.212844177953496,41.264726216113516,16.557324009175122,0.46870687500662134,35.809873853313384,125532722.0,2523436.98,-1,-0.23781786884553827,92.0,88.0,4.0,16.4355,16.446828416760606,15.859603807951807,0.0006101756020862603,0.31677674912600295,0.3161665735239167
1509422400,2017-10-31,16.03,16.76,15.94,16.65,11428114.0,16.459,17.38676936789273,15.53123063210727,16.899,16.02,16.4595,16.459,0.8600000000000012,17.14825,15.76975,0,56.04951960130618,2.9048207663782377,23.91651186878669,49.04637967308184,16.55049245949043,0.4966563839347199,33.369556234147375,136960836.0,2728502.2,0,-0.11470582723075388,88.0,-8.0,96.0,16.459,16.466178091354834,15.890599737051735,-0.017171865834107403,0.29470174123128245,0.31187360706538986
1509508800,2017-11-01,16.76,16.83,16.32,16.45,5760752.0,16.470999999999997,17.39175838307347,15.550241616926524,16.929333333333336,16.019333333333336,16.47433333333333,16.470999999999997,0.509999999999998,17.183499999999995,15.758499999999998,0,53.7434043972175,1.4805675508944998,19.16680325358719,51.5339427385678,16.556942471485616,0.497609499367954,31.24565195907315,131200084.0,2824449.88,0,-0.16423626079502832,84.0,-8.0,92.0,16.470999999999997,16.46463732074961,15.912537002265392,-0.04302395223645278,0.2580936667698239,0.3011176190062767
1509595200,2017-11-02,16.46,16.66,15.89,16.37,6546547.0,16.470999999999997,17.39175838307347,15.550241616926524,16.947333333333336,15.994333333333335,16.47083333333333,16.470999999999997,0.7699999999999996,17.215749999999996,15.726249999999997,0,52.828214073810585,0.0,15.445747646107726,48.36083906921611,16.54214885913459,0.5170659636988144,29.627827973865458,124653537.0,2938023.98,0,-0.1341997637374123,80.0,-8.0,88.0,16.470999999999997,16.45562424258298,15.93047672766675,-0.06482279744496089,0.2200891222000756,0.2849119196450365
1509681600,2017-11-03,16.37,16.59,16.24,16.47,4399186.0,16.490000000000002,17.39405752029397,15.585942479706034,16.949333333333335,16.016333333333336,16.482833333333332,16.490000000000002,0.3500000000000014,17.21975,15.760250000000003,0,53.86200186953042,2.361715351149776,13.222950880383868,49.18324450154025,16.546599947222244,0.5051326805774706,28.125562844744024,129052723.0,3007420.86,0,-0.10173165514703598,76.0,-8.0,84.0,16.490000000000002,16.456993362336984,15.95163450305237,-0.07130349435592492,0.19578255170013037,0.2670860460560553
1509944400,2017-11-06,16.5,16.67,16.39,16.58,4836128.0,16.5085,17.403983668192826,15.613016331807177,16.971833333333336,16.033833333333334,16.502833333333335,16.5085,0.28000000000000114,17.242,15.775000000000002,0,55.00381198081463,2.282541640962353,12.053422671332417,53.28117484658327,16.55334400665953,0.4890517748219371,26.537977382515436,133888851.0,3088856.08,0,-0.08378270154587442,72.0,-8.0,80.0,16.5085,16.46870828020965,15.976276287246396,-0.06704265210989141,0.18328273091869107,0.2503253830285825
1510030800,2017-11-07,16.6,16.68,16.22,16.23,4493291.0,16.5145,17.400783814587676,15.62821618541233,16.98916666666667,16.03816666666667,16.513666666666666,16.5145,0.46000000000000085,17.25775,15.771250000000002,0,50.79367230574716,0.7448789571694662,9.278805673940075,51.46294993731727,16.5517637819935,0.48697664804894164,25.42522551950952,129395560.0,3158422.58,0,-0.11614972039570746,68.0,-8.0,76.0,16.5145,16.445974158284923,15.986226236766147,-0.08547590320032528,0.14348050402817591,0.2289564072285012
1510117200,2017-11-08,16.27,16.29,16.13,16.17,5784259.0,16.509,17.40237338218691,15.615626617813092,16.984,16.043,16.5135,16.509,0.16000000000000014,17.24475,15.77325,0,50.101657463103585,-0.6756756756756721,6.8546686583508585,48.96879753310676,16.536948970983627,0.463621173188303,24.58114182643281,123611301.0,3259188.72,0,-0.1562841345970307,64.0,-8.0,72.0,16.509,16.41969090511493,15.993433051010612,-0.09846513147423039,0.10587499288571323,0.20434012435994361
1510203600,2017-11-09,16.11,16.24,15.6,15.67,5682075.0,16.4755,17.439190302950113,15.51180969704989,16.979499999999998,16.002500000000005,16.491000000000003,16.4755,0.6399999999999988,17.23825,15.71275,0,44.7532385741264,-4.100367197062424,2.5078684198302224,45.24378919794556,16.499696234660068,0.47621966081770983,24.776704018123176,117929226.0,3355043.7,0,-0.21194463035226943,60.0,-40.0,100.0,16.4755,16.34829177129446,15.980749401951373,-0.13521658503287792,0.03531939306884624,0.17053597810172416
1510290000,2017-11-10,15.64,16.0,15.62,15.94,6703873.0,16.459,17.44718824117679,15.47081175882321,16.96333333333333,15.977333333333334,16.470333333333333,16.459,0.3800000000000008,17.2285,15.689499999999999,0,47.91381313173977,-2.028272894898587,0.414824091201476,47.75311769509876,16.454451301292295,0.4693468279021592,24.95829748183566,124633099.0,3471758.24,0,-0.16739621412301336,56.00000000000001,-39.99999999999999,96.0,16.459,16.309406840694987,15.979151386188574,-0.1354873820363615,0.0011767505562723102,0.1366641325926338
1510549200,2017-11-13,15.95,16.28,15.8,16.23,4984414.0,16.4575,17.446982187813443,15.468017812186556,16.97116666666667,15.952166666666667,16.461666666666666,16.4575,0.4800000000000004,17.25175,15.66325,0,51.07808159227917,-0.18450184501845715,0.11835898645415802,49.22064104843691,16.430462937463428,0.47010776876629073,24.320967224698048,129617513.0,3521082.82,0,-0.10936676564378507,52.0,-40.0,92.0,16.4575,16.30184428443832,15.9889885867302,-0.11129345820614447,-0.002452690165046789,0.10884076804109769
1510635600,2017-11-14,16.25,16.61,16.24,16.42,7805448.0,16.4645,17.45083614959611,15.478163850403892,16.986833333333333,15.952833333333334,16.469833333333334,16.4645,0.379999999999999,17.27075,15.65825,0,53.04534019826639,0.8599508599508634,0.7357456911459946,49.58347374262462,16.380631344982095,0.46367149956869846,22.891138869312556,137422961.0,3651184.2,0,-0.1603673002295934,48.0,-40.0,88.0,16.4645,16.31309720972991,16.005890995093722,-0.07916191286167272,0.009888376964006795,0.08905028982567952
1510722000,2017-11-15,16.39,16.54,16.12,16.4,6084290.0,16.484,17.44880878934641,15.519191210653595,16.997,15.965,16.481,16.484,0.41999999999999815,17.28875,15.679250000000001,0,52.81003732047318,2.4359775140536977,1.1297577054035894,44.079467074222066,16.318091596021826,0.46055210674236274,21.823785396745603,131338671.0,3756887.76,0,-0.12186125593296852,44.0,-40.0,84.0,16.484,16.321373665946112,16.02134625018809,-0.05696089222065924,0.017849174549855462,0.0748100667705147
1510808400,2017-11-16,16.46,16.49,16.18,16.25,6601827.0,16.4905,17.447128977190257,15.533871022809743,17.010166666666667,15.981166666666667,16.49566666666667,16.4905,0.3099999999999987,17.293,15.688,0,51.023198665774295,0.8064516129032195,0.7631228016802482,42.799359074078076,16.283296057473926,0.4497983848321939,20.832671457933433,124736844.0,3869838.52,0,-0.13731214079617066,40.0,-40.0,80.0,16.4905,16.314576173951245,16.030313063906203,-0.050314417165908044,0.011917045313129648,0.06223146247903769
1510894800,2017-11-17,16.3,16.48,16.18,16.4,7003030.0,16.4955,17.449134626049243,15.541865373950758,17.022833333333335,15.977833333333333,16.500333333333334,16.4955,0.3000000000000007,17.30625,15.68475,0,52.70756643215569,0.6134969325153243,1.1425454545975717,60.22479414927963,16.296885823719357,0.43909850020132296,19.91235137189356,131739874.0,3985798.82,0,0.09796308827029605,36.0,-40.0,76.0,16.4955,16.32271177643208,16.044810590811842,-0.034505673268572526,0.019099370893322032,0.05360504416189456
1511154000,2017-11-20,16.4,16.42,16.14,16.21,3236279.0,16.472,17.42944660425534,15.514553395744663,16.996666666666666,15.971666666666668,16.484166666666667,16.472,0.28000000000000114,17.267750000000003,15.676250000000001,0,50.39663642408926,-2.8177458033573073,0.5703816523879974,52.03932983106919,16.273363128941224,0.4277343216155143,19.160400742386177,128503595.0,4037045.58,0,-0.01687069584483894,32.0,-40.0,72.0,16.472,16.311977321533785,16.05128860685844,-0.03540227753000226,0.009352197249391736,0.044754474779393996
1511240400,2017-11-21,16.26,16.27,16.04,16.18,5000220.0,16.442500000000003,17.397756510053757,15.487243489946248,16.967833333333335,15.935833333333331,16.451833333333333,16.442500000000003,0.23000000000000043,17.238250000000004,15.646750000000003,0,50.03204526564942,-3.518187239117471,-0.03467738666555225,45.2176451860464,16.247494323594676,0.4136104415001204,18.72319562854833,123503375.0,4124691.38,0,0.032371711808295164,28.000000000000004,-40.0,68.0,16.442500000000003,16.299408052816283,16.056336112471833,-0.036430953741559524,-0.000784217397555409,0.035646736344004115
1511326800,2017-11-22,16.24,16.66,16.24,16.65,3463556.0,16.404999999999998,17.260651798338596,15.549348201661397,16.913,15.924000000000001,16.4185,16.404999999999998,0.4800000000000004,17.173,15.636999999999997,0,55.358041095998104,-4.310344827586207,1.6680073659408219,51.6553488116378,16.254656970444337,0.41835255282154044,17.623984003048903,126966931.0,4152623.92,0,0.05580881106158616,24.0,-40.0,64.0,16.404999999999998,16.332797762071877,16.079617049237644,-0.0054966197643479195,0.028775961638569214,0.034272581402917134
1511499600,2017-11-24,16.63,16.69,16.44,16.51,2025544.0,16.353,17.03220836272832,15.673791637271684,16.826,15.9,16.363000000000003,16.353,0.25,17.07375,15.63225,1,53.567767653087905,-5.92592592592592,2.3603746578248748,50.09030624032081,16.25201733828932,0.4063273704771447,16.685157321485086,124941387.0,4167267.24,0,0.02675524900462412,20.0,-40.0,60.0,16.353,16.34967416568408,16.09649481201264,0.00493363384864505,0.04043962371372345,0.0355059898650784
1511758800,2017-11-27,16.51,16.54,16.14,16.29,5656225.0,16.2985,16.787673793247436,15.809326206752568,16.768833333333333,15.844833333333332,16.306833333333334,16.2985,0.3999999999999986,17.01775,15.57925,1,50.84769225465062,-6.27157652474108,1.8522567774233278,42.96835465058563,16.238309297715578,0.40587541544306277,16.018376770416157,119285162.0,4224010.22,0,-0.015689771009999513,16.0,-40.00000000000001,56.00000000000001,16.2985,16.343990911809403,16.104083250757245,-0.0031511018650994954,0.031567112533704034,0.03471821439880353
1511845200,2017-11-28,16.35,16.48,16.3,16.47,5120540.0,16.326999999999998,16.785436473243657,15.86856352675634,16.715333333333334,15.914333333333335,16.314833333333333,16.326999999999998,0.19000000000000128,16.936749999999996,15.717249999999998,1,52.90717590491602,3.5849056603773493,2.2848629797390436,49.486351199032356,16.24218953711064,0.39045574291141555,15.399223401566436,124405702.0,4279843.48,0,0.10219681269225095,12.0,-40.0,52.0,16.326999999999998,16.355991777351363,16.11843292719814,0.003117388537231744,0.03861495007034321,0.03549756153311147
1511931600,2017-11-29,16.42,16.51,16.13,16.4,6392297.0,16.314500000000002,16.750090403934802,15.878909596065201,16.688166666666667,15.931166666666664,16.309666666666665,16.314500000000002,0.38000000000000256,16.888250000000003,15.740750000000002,1,52.0150111529487,-1.5015015015015016,2.289264567234427,49.05205997572178,16.254480582650242,0.3897089041320289,15.28266293150906,118013405.0,4371379.54,0,0.17507842922954883,8.0,-40.0,48.0,16.314500000000002,16.360183036651232,16.12947477319037,0.002092077262365051,0.03811265811106779,0.036020580848702737
1512018000,2017-11-30,16.47,16.63,16.11,16.18,27036095.0,16.301000000000002,16.7356906946325,15.866309305367505,16.677333333333333,15.919333333333332,16.298333333333336,16.301000000000002,0.5199999999999996,16.875500000000002,15.726500000000001,1,49.26658558031216,-1.6413373860182343,1.195910207644529,38.17461895512591,16.293455107853475,0.39901541097974114,14.767966571795082,90977310.0,4880914.84,-1,-0.021152027421042177,4.0,-40.0,44.0,16.301000000000002,16.34302274744635,16.131456154633884,-0.013028516927988405,0.01973493468871723,0.03276345161670564
1512104400,2017-12-01,16.16,16.33,15.88,16.04,6668768.0,16.2845,16.732315810350734,15.836684189649269,16.650166666666667,15.924166666666665,16.287166666666668,16.2845,0.4499999999999975,16.835,15.734000000000002,1,47.58242459497256,-2.0158827122785694,-0.3903389796495946,31.438547879824952,16.309414013154345,0.40265716733833085,14.904484111423999,84308542.0,5002256.04,0,-0.08825374179681063,4.0,-36.0,40.0,16.2845,16.314163438165746,16.12786963876589,-0.031056007114818627,-0.006056557276817642,0.024999449838000985
1512363600,2017-12-04,16.12,16.15,15.77,15.9,6756504.0,16.256,16.725015991198685,15.786984008801316,16.627000000000002,15.898,16.2625,16.256,0.379999999999999,16.80875,15.70325,1,45.929697607742376,-3.4608378870673864,-2.3798962284346175,25.91990840509213,16.294555676531576,0.4010387982427357,15.304916469651925,77552038.0,5118726.16,-1,-0.1481747974837451,8.0,-28.0,36.0,16.256,16.274719301197578,16.118933574500563,-0.049889669649492534,-0.03736263722386468,0.012527032425627853
1512450000,2017-12-05,15.86,15.88,15.05,15.25,5689278.0,16.189500000000002,16.808934419450594,15.57006558054941,16.59683333333333,15.812833333333334,16.204833333333333,16.189500000000002,0.8499999999999996,16.785000000000004,15.594000000000003,0,39.26445659843387,-8.021712907117,-7.111127033363453,18.425908413228157,16.23116076847339,0.4331074555111117,17.066605708174894,71862760.0,5215061.58,0,-0.17970505572840262,4.0,-96.0,100.0,16.189500000000002,16.17712698679781,16.08485774804956,-0.10067463358065888,-0.11331625955019575,-0.012641625969536868
1512536400,2017-12-06,15.28,15.32,14.86,14.99,6094320.0,16.1275,16.937287009033916,15.317712990966085,16.530833333333334,15.746833333333333,16.13883333333333,16.1275,0.46000000000000085,16.723000000000003,15.532000000000002,0,37.003454685103605,-7.640172520024646,-11.969709742379404,18.517170031163175,16.14949124103197,0.4350283515460323,18.981353433472155,65768440.0,5311581.72,0,-0.22803854646382518,64.0,-36.0,100.0,16.1275,16.064067273769446,16.041922150086833,-0.14370547575692794,-0.19227347066569678,-0.048567994908768855
1512622800,2017-12-07,15.0,15.26,14.86,15.22,5268461.0,16.08,16.980599800133277,15.17940019986672,16.488666666666667,15.680666666666667,16.084666666666667,16.08,0.40000000000000036,16.693499999999997,15.466499999999998,0,40.20946321601104,-5.875077303648738,-14.491244871154505,24.044894473810572,16.08140061700916,0.43252632643560146,20.759333464105328,71036901.0,5386534.72,0,-0.1491057456101134,60.0,-36.0,96.0,16.08,15.983679914362831,16.009689908906957,-0.14802224766901595,-0.2335958044950388,-0.08557355682602286
1512709200,2017-12-08,15.21,15.29,15.01,15.2,3084587.0,16.0565,17.020932994043704,15.092067005956295,16.437166666666666,15.665166666666664,16.051166666666667,16.0565,0.27999999999999936,16.643,15.47,0,40.02302437364357,-2.9993618379068323,-16.562038201324697,20.536656423219085,16.029746979450323,0.42163158883305846,22.289357067429126,67952314.0,5412203.38,0,-0.17917050049449468,56.00000000000001,-35.99999999999999,92.0,16.0565,15.909043732042562,15.977937363459626,-0.14346454134909326,-0.26490423351238945,-0.12143969216329618
1512968400,2017-12-11,15.17,15.54,15.17,15.51,6155784.0,16.035,17.02762278837437,15.042377211625633,16.41433333333333,15.643333333333334,16.02883333333333,16.035,0.3699999999999992,16.62075,15.449250000000001,0,44.2412449299301,-2.697616060225845,-16.437710224981803,26.24753781248475,15.98134302048044,0.41794361820212567,22.739838523989437,74108098.0,5494789.34,0,-0.10186291681079479,52.0,-36.0,88.0,16.035,15.871039567086127,15.959586878618072,-0.11219659272764337,-0.2616854330728504,-0.14948884034520704
1513054800,2017-12-12,15.53,15.71,15.35,15.47,4433375.0,15.997,17.01472491371692,14.979275086283081,16.378666666666668,15.619666666666665,15.999166666666667,15.997,0.3600000000000012,16.57375,15.42025,0,43.8226270037453,-4.6826863832409105,-16.50345394372507,31.05298507415496,15.949379449808339,0.4138047883305453,22.5575213086563,69674723.0,5545254.64,0,-0.12980822200383044,48.0,-36.0,84.0,15.997,15.832845322601733,15.940387393182071,-0.0879067628358694,-0.2593722938900438,-0.1714655310541744
1513141200,2017-12-13,15.37,15.42,14.64,14.94,6546990.0,15.922999999999998,17.01914050194312,14.826859498056878,16.328,15.528,15.927999999999997,15.922999999999998,0.8300000000000001,16.533499999999997,15.312499999999998,0,38.71351565525369,-9.013398294762496,-18.71865201753299,26.505003723848787,15.864983362077464,0.44353301773550635,23.683826162792315,63127733.0,5607480.0,0,-0.17529743654592014,44.0,-56.0,100.0,15.922999999999998,15.747812434734902,15.90115651501807,-0.10033429357164322,-0.29688339801872843,-0.1965491044470852
1513227600,2017-12-14,14.85,14.99,14.69,14.76,6022122.0,15.841,17.02406212854614,14.657937871453859,16.245,15.456999999999999,15.850999999999999,15.841,0.3000000000000007,16.4425,15.2395,0,37.164525758723876,-9.999999999999993,-21.160221239282343,23.475311285975025,15.78855118118693,0.4332806593258273,24.729680670204335,57105611.0,5526777.74,0,-0.191348599369223,40.0,-60.0,100.0,15.841,15.653735059998244,15.856405279135007,-0.11255921843181765,-0.3372481274868573,-0.22468890905503963
1513314000,2017-12-15,14.74,14.96,14.74,14.82,6830707.0,15.769499999999999,17.01618319953392,14.522816800466078,16.167166666666667,15.388166666666667,15.777666666666667,15.769499999999999,0.22000000000000064,16.36425,15.17475,0,38.0344697308978,-8.799999999999999,-22.736431064220884,29.66847436940637,15.69546460545131,0.4180463265168397,25.700831284229782,63936318.0,5566179.4,0,-0.19354378774137884,36.0,-60.0,96.0,15.769499999999999,15.574331720950791,15.815761934855205,-0.10844351854895962,-0.3602433072412392,-0.2517997886922796
1513573200,2017-12-18,14.79,15.27,14.79,15.23,3937917.0,15.711000000000002,16.943572918735498,14.478427081264506,16.113333333333333,15.316333333333333,15.714833333333331,15.711000000000002,0.4800000000000004,16.319250000000004,15.102750000000002,0,43.64645624406446,-7.1341463414634045,-21.53621962122823,28.571406368320083,15.635504952533445,0.42247158890849407,25.513133028172938,67874235.0,5570566.1,0,-0.2083963884054686,32.0,-60.0,92.0,15.711000000000002,15.541538223717382,15.792790878586374,-0.07171823638558267,-0.3414475841742579,-0.26972934778867524
1513659600,2017-12-19,15.29,15.57,15.17,15.41,5383865.0,15.671000000000001,16.888027526393774,14.453972473606228,16.075666666666667,15.266666666666666,15.671166666666668,15.671000000000001,0.40000000000000036,16.28825,15.05375,0,45.91029806950401,-4.935225169648369,-19.53267062353602,34.29125696064453,15.57641489798565,0.42086647541503025,24.432732217180394,73258100.0,5640952.28,0,-0.22666179198956263,28.000000000000004,-60.0,88.0,15.671000000000001,15.529010773839536,15.777779471582987,-0.030993702088257746,-0.30847147539899744,-0.2774777733107397
1513746000,2017-12-20,15.51,15.81,15.47,15.55,4355099.0,15.639499999999998,16.834614638852752,14.444385361147244,16.053500000000003,15.233500000000001,15.643499999999998,15.639499999999998,0.40000000000000036,16.269499999999997,15.009499999999997,0,47.632632623640134,-3.8936959208899813,-17.132968127218813,50.84195622589256,15.322660478150668,0.4193760128853853,22.786424871371203,77613199.0,5684758.28,0,-0.06725553973363033,24.0,-60.0,84.0,15.639499999999998,15.53100974775958,15.768846943285615,0.007620572950005011,-0.26795205712323344,-0.27557263007323846
1513832400,2017-12-21,15.59,15.76,15.47,15.55,7188935.0,15.5845,16.686125616986168,14.482874383013833,16.000833333333333,15.193833333333334,15.597333333333333,15.5845,0.28999999999999915,16.20025,14.96875,0,47.632632623640134,-6.606606606606594,-15.204396915399718,50.63470619464013,15.282442035423252,0.41013486910785774,21.257710907405528,84802134.0,5786770.26,0,-0.08347601939503874,20.0,-60.0,80.0,15.5845,15.532818343211048,15.76026471021559,0.033936112500920546,-0.23315248944708777,-0.2670886019480083
1513918800,2017-12-22,15.5,15.59,15.27,15.4,4593547.0,15.529000000000002,16.547212158638935,14.510787841361067,15.947999999999999,15.134,15.541,15.529000000000002,0.3200000000000003,16.150000000000002,14.908000000000001,0,45.89759510803408,-6.723198061780746,-14.27199200621296,52.25608051177021,15.23202310709312,0.40369666417158223,20.352858123221075,80208587.0,5835020.54,0,-0.06903151417705666,16.0,-60.0,76.0,15.529000000000002,15.520168977190949,15.746136682363998,0.04151354200923496,-0.21519667443646462,-0.2567102164456996
1514264400,2017-12-26,15.4,15.52,15.17,15.19,3855736.0,15.474,16.439306169046986,14.508693830953016,15.894,15.084999999999999,15.489499999999998,15.474,0.34999999999999964,16.09125,14.85675,0,43.55934963793413,-6.752608962553712,-14.425175325985359,53.587725574202516,15.22278474335881,0.3998611881593263,19.759794061936656,76352851.0,5879569.84,0,-0.07708824256524825,12.0,-60.0,72.0,15.474,15.488724312696574,15.724327400702665,0.03302538819580364,-0.21542848120094504,-0.24845386939674868
1514350800,2017-12-27,15.22,15.53,15.22,15.29,3542451.0,15.415000000000001,16.267208894579362,14.562791105420642,15.847,15.025,15.436000000000002,15.415000000000001,0.33999999999999986,16.0435,14.7865,0,44.96474417411781,-7.164541590771098,-13.962136387736557,60.44330825343725,15.243167201257863,0.3955853890050887,19.176597461851493,79895302.0,5887511.16,0,-0.06992035111594427,8.0,-60.0,68.0,15.415000000000001,15.469798187677853,15.707294953616286,0.03462080529070932,-0.20517786278336203,-0.23979866807407135
1514437200,2017-12-28,15.28,15.43,15.19,15.34,3552371.0,15.362,16.084567643892377,14.639432356107623,15.788666666666666,14.980666666666668,15.384666666666666,15.362,0.2400000000000002,15.98,14.744,0,45.67667693638265,-6.463414634146335,-13.283382218562886,54.36926330162277,15.256939729535157,0.3844721469332967,18.716813442421444,83447673.0,5919545.92,0,-0.11952444935227309,4.0,-60.0,64.0,15.362,15.457436455518058,15.69289122994506,0.039182983870102994,-0.1908199382364426,-0.2300029221065456
1514523600,2017-12-29,15.32,15.87,15.31,15.69,4760554.0,15.3375,15.975775019094579,14.699224980905422,15.756499999999999,14.9445,15.3505,15.3375,0.5599999999999987,15.9585,14.7165,0,50.40403769136286,-3.028430160692214,-10.630866405095976,55.526827681318274,15.285364507509634,0.3970098507237754,17.83711414477374,88208227.0,5983664.08,0,-0.10829784990574949,4.0,-56.0,60.0,15.3375,15.479585364516339,15.692777848378586,0.06442150733163388,-0.14947603794200326,-0.21389754527363714
1514869200,2018-01-02,15.64,15.78,15.52,15.77,4063815.0,15.324000000000002,15.911686991518604,14.7363130084814,15.72733333333333,14.934333333333333,15.330833333333334,15.324000000000002,0.2599999999999998,15.930750000000002,14.717250000000002,1,51.42117081501864,-1.6832917705735635,-8.006323751186178,54.21871676940768,15.298361273012345,0.3872234328149343,17.020250511243724,92272042.0,6038357.62,0,-0.13193980934606156,8.0,-48.00000000000001,56.00000000000001,15.324000000000002,15.507243901229067,15.695806168050016,0.0839189192162792,-0.10899889625328818,-0.19291781546956738
1514955600,2018-01-03,15.83,16.12,15.69,15.82,4247369.0,15.319999999999999,15.892852511559637,14.74714748844036,15.726666666666665,14.928666666666667,15.327666666666667,15.319999999999999,0.4300000000000015,15.930499999999999,14.709499999999998,1,52.06788807700406,-0.5031446540880508,-5.561427182843117,54.16112272554301,15.320399164828217,0.390278901899582,17.144629475161683,96519411.0,6089755.54,0,-0.13521997015880433,4.0,-48.0,52.0,15.319999999999999,15.537030196350107,15.700676514400996,0.09669002893293341,-0.07205527930340061,-0.16874530823633402
1515042000,2018-01-04,15.84,16.25,15.76,15.83,4907855.0,15.348999999999998,15.962054646830264,14.735945353169733,15.737333333333334,14.973333333333334,15.35533333333333,15.348999999999998,0.4900000000000002,15.9325,14.765499999999998,0,52.20185108112012,3.8032786885245904,-3.475159056246699,62.76343932773711,15.397304281272092,0.39740183747818325,17.559387103707184,101427266.0,6149893.9,0,-0.16818150235761692,4.0,-44.0,48.0,15.348999999999998,15.564932082412003,15.705748023640174,0.1018026573991821,-0.041491986487356414,-0.1432946438865385
1515128400,2018-01-05,15.89,16.01,15.67,16.0,3018293.0,15.399499999999998,16.051127961340036,14.747872038659958,15.773166666666665,15.021166666666664,15.397166666666667,15.399499999999998,0.34000000000000163,15.973999999999998,14.824999999999998,0,54.478520620221275,6.737825216811206,-0.7271149116998563,65.36693758027505,15.475355671261843,0.39330170622974175,17.61934044434171,104445559.0,6170855.68,0,-0.08182588898063616,4.0,-40.0,44.0,15.399499999999998,15.606367122182288,15.717287316830756,0.11182588311675282,-0.0035122899905974947,-0.11533817310735031
1515387600,2018-01-08,16.0,16.13,15.86,16.01,4594476.0,15.439000000000002,16.136478315075223,14.74152168492478,15.810999999999998,15.072,15.4415,15.439000000000002,0.2699999999999996,16.003750000000004,14.874250000000002,0,54.61238153473729,5.190538764783186,1.6240467047352034,64.36850710072835,15.58422898820247,0.3844944414990459,17.96925864233695,109040035.0,6127600.64,0,-0.04649757962303624,4.0,-36.0,40.0,15.439000000000002,15.644808348641117,15.728766245582491,0.11393584198416147,0.027081629372851523,-0.08685421261130995
1515474000,2018-01-09,15.95,15.97,15.59,15.81,4849025.0,15.469500000000002,16.17579951153896,14.763200488461047,15.847166666666666,15.098166666666668,15.472666666666665,15.469500000000002,0.4200000000000017,16.04475,14.894250000000001,0,51.42856373559908,4.0131578947368505,2.350937432067996,57.20265346313211,15.630606534995598,0.3870305528205427,17.340365497581296,104191010.0,6124938.5,0,-0.08581508608058888,96.0,60.0,36.0,15.469500000000002,15.660540886865773,15.731951883010629,0.09731391873253255,0.03478818580435572,-0.06252573292817683
1515560400,2018-01-10,15.75,15.85,15.59,15.71,2898881.0,15.479500000000002,16.19343206959778,14.765567930402225,15.857166666666668,15.119166666666667,15.488166666666666,15.479500000000002,0.2599999999999998,16.0465,14.912500000000001,0,49.89753760209669,1.2894906511927857,2.317594097634858,50.70158464788059,15.656765814958517,0.3779569419047896,16.756393291736764,101292129.0,6117867.54,0,-0.11085319377094564,92.0,60.0,32.0,15.479500000000002,15.665251278592843,15.731091024853349,0.07598253162521834,0.0324524316033461,-0.04353010002187224
1515646800,2018-01-11,15.82,15.91,15.62,15.88,3925869.0,15.5,16.234901353924567,14.765098646075433,15.868333333333334,15.137333333333334,15.502833333333333,15.5,0.2900000000000009,16.06175,14.93825,0,52.43162638823865,2.650290885585004,3.342007109036188,50.39005059358193,15.66975057024532,0.3716743031973047,16.39140725688586,105217998.0,5665418.88,0,-0.021323976193913755,88.0,60.0,28.000000000000004,15.5,15.685703537774478,15.736930592506159,0.06987516004275851,0.043813850031575896,-0.026061310011182615
1515733200,2018-01-12,15.89,15.95,15.79,15.9,2256683.0,15.547999999999998,16.25520859723292,14.840791402767078,15.881333333333334,15.212333333333333,15.54683333333333,15.547999999999998,0.16000000000000014,16.0595,15.036499999999998,0,52.727718466804156,6.425702811244986,4.31556727557359,58.98647398005585,15.688342944214392,0.3565547101117829,16.173906112828924,107474681.0,5481990.26,0,0.05065583628430964,84.0,60.0,24.0,15.547999999999998,15.7061127246531,15.743325471231408,0.06389815576671314,0.05381138469720881,-0.01008677106950433
1516078800,2018-01-16,15.95,15.95,15.37,15.4,3391513.0,15.580000000000002,16.193384055873764,14.966615944126238,15.933333333333332,15.23633333333333,15.584833333333336,15.580000000000002,0.5800000000000001,16.1125,15.047500000000001,0,45.30635043636813,4.336043360433608,1.7185582078877997,60.242732556754866,15.703985588621475,0.37251508796094124,15.511897747125285,104083168.0,5434605.48,0,0.011326197102935658,80.0,60.0,20.0,15.580000000000002,15.676959131828994,15.729861727261548,0.024985365625928894,0.021144935962906786,-0.003840429663022107
1516165200,2018-01-17,15.5,15.92,15.42,15.79,4413083.0,15.628499999999999,16.138530391251482,15.118469608748516,15.990833333333333,15.265833333333333,15.628333333333334,15.628499999999999,0.5199999999999996,16.1835,15.0735,1,50.972122269765244,6.545209176788116,2.1479850852588855,67.61049379656436,15.733567407377354,0.3830497245351597,14.897175693257621,108496251.0,5391936.2,0,0.11288482236869785,76.0,60.0,16.0,15.628499999999999,15.687724928797662,15.73222009089835,0.024209709832288866,0.026421707627338975,0.00221199779505011
1516251600,2018-01-18,15.91,16.12,15.88,16.09,8452318.0,15.6715,16.18489166335278,15.15810833664722,16.0255,15.324499999999997,15.675,15.6715,0.33000000000000185,16.21525,15.127749999999999,1,54.76629727967275,5.646749835850291,4.317022669252554,70.41364829614392,15.79889661580915,0.3792604584969341,14.025652642676246,116948569.0,5472998.84,1,0.2431283634533409,100.0,88.0,12.0,15.6715,15.726036840340742,15.746250675569003,0.04157956359736303,0.054186452291753895,0.012606888694390868
1516338000,2018-01-19,16.11,16.75,16.08,16.69,7606221.0,15.735499999999998,16.399562497058916,15.071437502941082,16.095166666666668,15.367166666666668,15.731166666666663,15.735499999999998,0.6700000000000017,16.2995,15.171499999999998,0,61.1034194390221,8.306294613887093,9.386166960782514,77.89668657950622,15.910667021003835,0.4000275686042961,14.839461008721912,124554790.0,5528400.7,1,0.31207445876749573,100.0,92.0,8.0,15.735499999999998,15.817842855546385,15.78326045299767,0.08846264568939402,0.12318519580613341,0.03472255011673938
1516597200,2018-01-22,16.72,16.92,16.46,16.48,5093488.0,15.782000000000002,16.514327795457824,15.049672204542178,16.151666666666667,15.411666666666665,15.781666666666666,15.782000000000002,0.46000000000000085,16.350500000000004,15.213500000000002,0,58.104372953997185,5.98070739549839,11.772249073898893,78.1196753547093,15.988836095054952,0.4043113137039893,15.933683821698645,119461302.0,5540404.64,0,0.21077523405882007,96.0,92.0,4.0,15.782000000000002,15.880905440732445,15.810583572487959,0.09949242694064167,0.15908808379254147,0.059595656851899804
1516683600,2018-01-23,16.46,16.66,16.39,16.47,4325922.0,15.828,16.61014065231268,15.045859347687317,16.196333333333335,15.458333333333332,15.827333333333332,15.828,0.2699999999999996,16.395,15.261,0,57.96177396332909,5.916398713826354,13.507029025814699,71.32590295144038,16.04282883483089,0.3947176484394186,16.69493373100723,115135380.0,5511237.9,0,0.12373576100819696,92.0,88.0,4.0,15.828,15.93700968447221,15.83644304023353,0.10000862385699705,0.18460643667314613,0.08459781281614909
1516770000,2018-01-24,16.5,16.95,16.46,16.68,5570573.0,15.892,16.730989868830427,15.053010131169572,16.268666666666668,15.513666666666666,15.891166666666667,15.892,0.48999999999999844,16.47175,15.312249999999999,0,60.12501000130167,8.311688311688307,15.869586462785644,72.02301180034314,16.109409597085637,0.40152353069374574,17.973131353721833,120705953.0,5509007.86,0,0.13823772145045335,88.0,64.0,24.0,15.892,16.00777066690343,15.869523705322411,0.10771999605534005,0.21924780788532416,0.11152781182998411
1516856400,2018-01-25,16.75,16.92,16.57,16.89,3531435.0,15.976999999999999,16.857706534550573,15.096293465449424,16.343666666666667,15.588666666666668,15.966166666666666,15.976999999999999,0.3500000000000014,16.55675,15.397249999999998,0,62.17393959307989,11.191573403554978,18.683749123477337,71.50955702471443,16.159684312151406,0.39784327850133544,19.160029146242533,124237388.0,5445559.1,0,0.24182226672484997,100.0,80.0,20.0,15.976999999999999,16.09179250815072,15.909542383545062,0.11929140619312134,0.2606420695713858,0.14135066337826446
1516942800,2018-01-26,16.93,17.04,16.78,16.95,2341571.0,16.06,16.978172097158296,15.1418279028417,16.42,15.669999999999998,16.044999999999998,16.06,0.259999999999998,16.63375,15.486249999999998,0,62.749599188499445,10.856769130150425,21.1566070102152,75.95897766346008,16.200664870881155,0.3879973300369542,20.49431355373261,126578959.0,5392702.24,0,0.21088813562552192,100.0,84.0,16.0,16.06,16.17352655499351,15.950344643013883,0.1228310820721766,0.2948895159684852,0.17205843389630862
1517202000,2018-01-29,16.87,16.92,16.63,16.75,2655997.0,16.130499999999998,17.033106780386706,15.22789321961329,16.494833333333336,15.739833333333333,16.11733333333333,16.130499999999998,0.3200000000000003,16.71025,15.550749999999997,0,59.5687139521031,9.191655801825295,21.755420266784547,70.7869761196086,16.240220359240364,0.38314037789145744,21.115986285375225,123922962.0,5289713.22,0,0.2017607161392927,96.0,84.0,12.0,16.130499999999998,16.22842878785127,15.981703676621182,0.10427851738498242,0.30240658062753667,0.19812806324255425
1517288400,2018-01-30,16.67,16.71,16.3,16.41,4222532.0,16.1665,17.053253065965972,15.279746934034026,16.529833333333336,15.789833333333334,16.15983333333333,16.1665,0.4499999999999993,16.738,15.594999999999999,0,54.61454639115911,4.588910133843217,19.931973666434942,71.28863258362905,16.29241447784258,0.3879160651849247,20.499708569004166,119700430.0,5252478.06,0,0.15898292071628958,92.0,84.0,8.0,16.1665,16.24572128424639,15.998499610871331,0.06367937563728293,0.2777272827891579,0.214047907151875
1517374800,2018-01-31,16.42,16.72,16.38,16.7,3361967.0,16.213,17.109194175388375,15.31680582461163,16.579333333333334,15.831333333333333,16.205333333333332,16.213,0.33999999999999986,16.7905,15.6355,0,57.76802125229307,5.8972733037412794,19.78948583828149,76.14393582531976,16.336619765949838,0.38449348910028724,19.953722663399027,123062397.0,5187680.86,0,0.2099371601607622,88.0,84.0,4.0,16.213,16.288985923841974,16.02600943005285,0.05145013062558612,0.27836057043385765,0.22691043980827152
1517461200,2018-02-01,16.67,17.0,16.64,16.82,4596952.0,16.262999999999998,17.177310669302308,15.348689330697688,16.623,15.882,16.252499999999998,16.262999999999998,0.35999999999999943,16.83525,15.690749999999998,0,59.00860207928101,6.32111251580278,20.20279782616049,76.50330966577968,16.40643003133304,0.38274395416455237,20.14687511850597,127659349.0,5139559.3,0,0.15729251318168563,84.0,80.0,4.0,16.262999999999998,16.33955869299988,16.057146315148817,0.04667739639917573,0.2852571853072412,0.23857978890806547
1517547600,2018-02-02,16.64,16.78,16.31,16.4,3657390.0,16.291500000000003,17.185351777421758,15.397648222578248,16.6495,15.910499999999999,16.279999999999998,16.291500000000003,0.5100000000000016,16.865250000000003,15.717750000000002,0,53.24604274662772,3.6007580543272173,17.816542775076055,71.24906481497294,16.430441312118383,0.39183367172422734,19.231704182377715,124001959.0,5147981.52,0,0.10472665225616332,80.0,76.0,4.0,16.291500000000003,16.345315007952273,16.070591557692,0.01226052760127927,0.25390544840966456,0.2416449208083853
1517806800,2018-02-05,16.26,16.44,15.72,15.87,4039170.0,16.285000000000004,17.18906858146937,15.380931418530636,16.674333333333333,15.897333333333332,16.285833333333336,16.285000000000004,0.7200000000000006,16.887250000000005,15.682750000000004,0,47.13211893374456,-0.8125000000000049,12.760371019504255,70.44542955492493,16.449365455722994,0.4152741237439254,18.82068250821313,119962789.0,5128760.52,0,0.11438174403395651,76.0,32.0,44.0,16.285000000000004,16.30004691195682,16.062725222096237,-0.0459804085525308,0.1841694101177218,0.2301498186702526
1517893200,2018-02-06,15.56,16.14,15.24,15.99,5898212.0,16.284,17.189326460455028,15.378673539544968,16.695333333333334,15.855333333333334,16.275333333333332,16.284,0.9000000000000004,16.9335,15.6345,0,48.54037324392274,-0.1249219237976349,9.479706762111233,62.43186805457944,16.43978381520419,0.44989740061935934,19.336460044926092,125861001.0,5177453.64,1,0.13953699370988845,72.0,32.0,40.0,16.284,16.2705186346276,16.05987325260227,-0.07451444233092575,0.13700676575659543,0.21152120808752117
1517979600,2018-02-07,15.9,16.49,15.86,15.87,6225953.0,16.287,17.18640202356901,15.387597976430987,16.722,15.857,16.289499999999997,16.287,0.629999999999999,16.95225,15.621749999999999,0,47.21646155365186,0.3795066413662158,6.287657299774946,61.15117328767796,16.458509756059424,0.46276187200369073,18.893876097491958,119635048.0,5261461.82,0,-0.05145590582804597,68.0,32.0,36.0,16.287,16.232374002758306,16.052427242696297,-0.09807936984727475,0.08892199577842774,0.1870013656257025
1518066000,2018-02-08,15.87,15.96,14.93,14.95,4969514.0,16.249000000000002,17.29498087936637,15.203019120633634,16.738666666666667,15.796666666666667,16.267666666666667,16.249000000000002,1.0300000000000011,16.972,15.526000000000002,0,38.69854279728071,-4.83768300445577,-0.8635833201235402,51.52774908530325,16.35563583815793,0.5032788811462844,19.88844876095817,114665534.0,5247727.6,0,-0.23588284252372385,64.0,-36.0,100.0,16.249000000000002,16.11024314535275,16.009194801806245,-0.16812503371738638,-0.02315492652103046,0.14497010719635592
1518152400,2018-02-09,15.03,15.47,14.82,15.31,6006646.0,16.220499999999998,17.334025482420603,15.10697451757939,16.7265,15.748500000000002,16.2375,16.220499999999998,0.6500000000000004,16.970499999999998,15.470499999999998,0,42.938616641867455,-3.58942065491184,-4.387357089837114,42.6845763497293,16.220660047058296,0.513758961064407,20.946572437868582,120672180.0,5265449.72,0,-0.10697391683768184,60.0,-36.0,96.0,16.220499999999998,16.034029512462013,15.981775397813843,-0.18156221256084304,-0.08198265850469788,0.09957955405614516
1518411600,2018-02-12,15.37,15.44,14.91,15.38,4557206.0,16.1945,17.359823560218384,15.029176439781617,16.713166666666666,15.698166666666665,16.205666666666666,16.1945,0.5299999999999994,16.972250000000003,15.41675,0,43.73516402117637,-3.270440251572324,-6.678591163224561,49.75599108976214,16.12832435149498,0.5149190352740922,21.929115852142534,125229386.0,5228747.9,0,-0.020780526315844452,56.00000000000001,-35.99999999999999,92.0,16.1945,15.97174098746563,15.958176362605458,-0.17690719605776611,-0.1215544410160625,0.05535275504170363
1518498000,2018-02-13,15.34,15.7,15.28,15.63,2492155.0,16.206,17.34395254734108,15.068047452658922,16.703333333333333,15.704333333333334,16.203833333333332,16.206,0.41999999999999993,16.97175,15.440249999999999,0,46.54066995828289,1.4935064935064963,-7.22249454778069,46.853444244745106,16.049076459909795,0.5081391041830856,22.15453481619514,127721541.0,4737869.1,0,0.016207407374630858,52.0,-36.0,88.0,16.206,15.939194226754617,15.945306701326814,-0.1492659789010522,-0.13122971858461163,0.01803626031644058
1518584400,2018-02-14,15.52,15.76,15.46,15.64,1915748.0,16.198500000000003,17.34922629239105,15.047773707608954,16.68883333333333,15.709833333333332,16.199333333333335,16.198500000000003,0.29999999999999893,16.947750000000003,15.449250000000003,0,46.652671293107275,-0.9499683343888448,-7.596080606150872,45.13829039753779,15.988482224578616,0.4932720253128651,22.20808544528254,129637289.0,4642808.7,0,-0.027991146758191168,48.0,-36.0,84.0,16.198500000000003,15.910699538492274,15.933333889510077,-0.12364248672656811,-0.13651684809176956,-0.01287436136520145
1518670800,2018-02-15,15.75,16.03,15.56,16.0,2007590.0,16.194,17.347089762334246,15.040910237665752,16.692,15.690000000000001,16.191,16.194,0.47000000000000064,16.95375,15.434249999999999,0,50.57651707100651,-0.5593536357986318,-6.164807252245056,44.6654109926762,15.945373306447154,0.49160973779051764,21.573884384560362,131644879.0,4547830.42,0,-0.009946215183386372,44.0,-36.0,80.0,16.194,15.919204344350153,15.935948246784191,-0.07800890270798207,-0.11038548975017903,-0.032376587042196966
1518757200,2018-02-16,15.96,16.28,15.93,16.12,1813238.0,16.1655,17.296101167521094,15.03489883247891,16.656166666666667,15.686166666666665,16.171166666666668,16.1655,0.3500000000000014,16.90125,15.429750000000002,0,51.81994797379626,-3.4152186938286415,-4.474414552077569,48.72880090475831,15.911608940429174,0.4814947565197665,20.40146543717488,133458117.0,4470309.62,0,0.0009024630532984603,40.0,-36.0,76.0,16.1655,15.93832774012633,15.943165962596577,-0.03736400990897573,-0.07908159942841664,-0.041717589519440906
1519102800,2018-02-20,16.08,16.27,16.05,16.17,3705712.0,16.15,17.271391992124098,15.0286080078759,16.621333333333332,15.675333333333333,16.148333333333333,16.15,0.21999999999999886,16.867749999999997,15.432249999999998,0,52.345789333950435,-1.8810679611650407,-2.891434736600052,56.090056597380034,15.885561022514464,0.46281655962549734,19.31279070031693,137163829.0,4422537.46,0,0.042427136453127436,36.0,-36.0,72.0,16.15,15.960391764876203,15.95206141504377,-0.00635868089311107,-0.04966594063582974,-0.04330725974271867
1519189200,2018-02-21,16.23,16.3,15.93,15.99,2611588.0,16.125999999999998,17.239488212780024,15.012511787219971,16.604666666666667,15.648666666666667,16.12666666666667,16.125999999999998,0.370000000000001,16.851249999999997,15.400749999999999,0,50.26682137082593,-2.914389799635693,-2.407817906713687,50.52740935179329,15.850485077847175,0.4561868053665333,18.563231321111694,134552241.0,4369400.0,0,-0.043801190683301294,32.0,-36.0,68.0,16.125999999999998,15.963211596792755,15.953549202689112,0.002315835753899112,-0.04041246505034479,-0.042728300804243904
1519275600,2018-02-22,16.04,16.26,15.9,16.03,4108248.0,16.0935,17.177977293446048,15.009022706553951,16.566499999999998,15.623499999999998,16.095,16.0935,0.3600000000000012,16.808999999999997,15.377999999999998,0,50.7246047716856,-3.896882494004788,-1.8259436155966486,42.12873814710087,15.784154986038892,0.44931631926892385,17.93416602110741,138660489.0,4389873.22,0,-0.06532722113176112,28.000000000000004,-36.0,64.0,16.0935,15.969572397098208,15.956547273171893,0.010573707112997842,-0.0295111669129966,-0.04008487402599444
1519362000,2018-02-23,16.1,16.31,16.01,16.29,4962978.0,16.0635,17.08981915114163,15.037180848858373,16.5345,15.596499999999997,16.0655,16.0635,0.29999999999999716,16.77525,15.351750000000001,0,53.64410520239926,-3.552397868561287,-0.11568284907231738,50.375345492772894,15.77465358351925,0.43865086789257196,17.207998966822952,143623467.0,4366017.1,1,0.05477312465784052,24.0,-36.0,60.0,16.0635,16.000089311660282,15.969623850694564,0.03215332843780023,0.00010678652125584165,-0.03204654191654439
1519621200,2018-02-26,16.38,16.47,15.79,16.25,3454629.0,16.0285,16.976239943233416,15.080760056766586,16.517833333333336,15.537833333333333,16.027833333333334,16.0285,0.6799999999999997,16.77175,15.285250000000001,0,53.13428585438535,-4.12979351032448,1.0915435607535444,50.888910553382104,15.782239467548745,0.4558900916145311,17.05455558439154,140168838.0,4346442.18,0,0.12068795909852273,20.0,-36.00000000000001,56.00000000000001,16.0285,16.0238903295974,15.980618993804582,0.04173294206268392,0.02011963566181052,-0.021613306400873406
1519707600,2018-02-27,16.28,16.53,16.2,16.25,4324990.0,16.003500000000003,16.89871561648582,15.108284383514185,16.497833333333332,15.513833333333332,16.005833333333335,16.003500000000003,0.33000000000000185,16.747500000000002,15.259500000000003,0,53.13428585438534,-2.9850746268656714,2.091997335707806,60.64517721502077,15.825675024331593,0.44689794221349327,16.72556267667842,144493828.0,4302002.18,0,-0.006421578193252794,16.0,-36.0,52.0,16.003500000000003,16.04542458392146,15.991182954831853,0.04574659290030386,0.035569934724506425,-0.01017665817579744
1519794000,2018-02-28,16.36,16.39,16.17,16.23,4271851.0,15.994499999999999,16.87671255942096,15.112287440579037,16.477833333333333,15.512833333333333,15.995333333333331,15.994499999999999,0.21999999999999886,16.721249999999998,15.26775,0,52.85598708295245,-1.096892138939669,2.8285413526536467,50.589356326082886,15.832075194204787,0.43069094634110083,16.495564702138537,140221977.0,4266996.76,0,0.07314557592829099,12.0,-36.0,48.0,15.994499999999999,16.06300319497656,16.00054832915217,0.04468058486916929,0.045674072910664165,0.0009934880414948794
1519880400,2018-03-01,16.27,16.53,16.1,16.36,3336581.0,15.977500000000001,16.81673477049041,15.138265229509594,16.468833333333333,15.494833333333332,15.981833333333336,15.977500000000001,0.4299999999999997,16.711000000000002,15.244000000000002,0,54.4870154276723,-2.035928143712574,4.106735895642795,58.86833542555802,15.920939154237567,0.4306415930310222,15.818242791784014,143558558.0,4197114.24,0,0.18600444125053023,8.0,-36.0,44.0,15.977500000000001,16.091288604978793,16.014644473106987,0.04995744045272066,0.0634402886073957,0.013482848154675044
1519966800,2018-03-02,16.24,16.8,16.15,16.78,3053654.0,15.975500000000002,16.806847701025323,15.14415229897468,16.47116666666667,15.468166666666667,15.969666666666669,15.975500000000002,0.6500000000000021,16.73075,15.220250000000002,0,59.278213415741945,-0.2378121284185443,7.290307731859803,68.83057985889025,16.05678882828807,0.4463100506716636,14.999094420474368,146612212.0,4179428.98,0,0.19384460710276746,4.0,-36.0,40.0,15.975500000000002,16.156880166409383,16.044658415338084,0.07732651797396253,0.1101409956221282,0.032814477648165676
1520226000,2018-03-05,16.71,17.18,16.7,17.05,5451069.0,16.008,16.94703354572671,15.068966454273287,16.49566666666667,15.491666666666665,15.99366666666667,16.008,0.4800000000000004,16.761,15.254999999999999,0,61.986167679545645,3.9634146341463548,11.196217523187078,69.76269624801223,16.240358521831592,0.44871647562368766,15.18559837339915,152063281.0,4180773.06,0,0.16858152801482493,100.0,64.0,36.0,16.008,16.241939198179917,16.084083575520904,0.10735894759070624,0.1670131621365485,0.05965421454584224
1520312400,2018-03-06,17.29,17.58,16.96,17.53,9175984.0,16.091,17.237174506783358,14.944825493216644,16.558,15.564000000000002,16.061,16.091,0.6199999999999974,16.8365,15.345500000000001,0,66.1931705824381,10.459987397605557,16.534259214454856,73.84838890590177,16.461729261088493,0.4609510130791383,16.15801679564993,161239265.0,4277190.76,1,0.2591412299472718,100.0,68.0,32.0,16.091,16.364611655496116,16.140786180402436,0.1506433817601293,0.2479584417460039,0.09731505998587457
1520398800,2018-03-07,17.6,17.78,17.32,17.63,4498502.0,16.173000000000002,17.499078429053146,14.846921570946856,16.625333333333334,15.675333333333333,16.150333333333332,16.173000000000002,0.46000000000000085,16.8855,15.460500000000001,0,66.99421460827989,10.256410256410248,21.159384870873506,75.21379270153592,16.578469038795912,0.4608830835734857,17.407544282415817,165737767.0,4223382.1,0,0.2681634076279417,100.0,72.0,28.000000000000004,16.173000000000002,16.48512483116315,16.199186722347438,0.1753708150961184,0.3165285788560226,0.1411577637599042
1520485200,2018-03-08,17.72,17.88,17.59,17.82,5651659.0,16.270500000000002,17.76870525963569,14.772294740364313,16.692833333333333,15.776833333333332,16.234833333333334,16.270500000000002,0.28999999999999915,16.957500000000003,15.583500000000003,0,68.48757216315107,12.287334593572787,25.606927986340512,76.89625640542978,16.713061165881445,0.44867714903252237,18.735561368108165,171389426.0,4244544.34,1,0.2778378035164111,100.0,76.0,24.0,16.270500000000002,16.612255799623803,16.26274802735342,0.1925147110850579,0.3818011526162266,0.1892864415311687
1520571600,2018-03-09,17.87,17.95,17.64,17.72,5584583.0,16.409,17.905447793944052,14.912552206055945,16.781333333333333,15.937333333333333,16.359333333333332,16.409,0.3099999999999987,17.041999999999998,15.776,0,66.81279825255238,18.528428093645484,28.4816840871817,78.39451416026026,16.822047535144602,0.4387716383873421,20.087525746163504,165804843.0,4279121.28,0,0.21699753544219136,96.0,76.0,20.0,16.409,16.717755247278678,16.31989516353564,0.1850607789503054,0.42061241521905046,0.23555163626874506
1520827200,2018-03-12,17.68,17.79,17.45,17.52,5756459.0,16.5195,18.0013296123374,15.0376703876626,16.885166666666667,16.072166666666668,16.478666666666665,16.5195,0.33999999999999986,17.12925,15.90975,0,63.54158504996587,14.435009797517957,29.411321489906463,70.1616677701302,16.925341876353052,0.4317165213596748,20.64867351665341,160048384.0,4323401.44,0,0.15407682738236755,92.0,76.0,16.0,16.5195,16.79415950944261,16.366958098298948,0.15577659479534722,0.4302723797629291,0.27449578496758187
1520913600,2018-03-13,17.63,17.66,17.26,17.52,8472098.0,16.6265,18.07236686800687,15.18063313199313,16.9905,16.1905,16.5905,16.6265,0.3999999999999986,17.2265,16.0265,0,63.54158504996587,13.914174252275673,30.161955647671274,64.09530399546833,17.021373746008937,0.42945105554826934,20.523974845181183,168520482.0,4421795.98,1,0.20127643970022238,88.0,76.0,12.0,16.6265,16.86328717520998,16.41217542777742,0.1267532433132335,0.4329373391091238,0.3061840957958903
1521000000,2018-03-14,17.55,17.66,17.24,17.38,5324139.0,16.714,18.119295698420792,15.308704301579205,17.085,16.285,16.685,16.714,0.4200000000000017,17.314,16.113999999999997,0,61.21686271915863,11.196417146513102,29.772266700366163,62.72609825323083,17.10448574735755,0.4287759801519645,20.34069248794713,163196343.0,4433067.68,0,0.1892978106503876,84.0,76.0,8.0,16.714,16.912497920428077,16.450129332570462,0.09019145952526775,0.41892342020247497,0.3287319606772072
1521086400,2018-03-15,17.45,17.76,17.38,17.72,6094814.0,16.818,18.197602841400368,15.438397158599633,17.189,16.381,16.785000000000004,16.818,0.38000000000000256,17.424000000000003,16.212,0,64.53392375382803,13.299232736572877,30.777034399593994,63.5109323799451,17.206759213964745,0.4252919815696815,20.410963479058182,169291157.0,4473687.66,0,0.19327617949166692,80.0,76.0,4.0,16.818,16.989402880387306,16.49992818227358,0.08124827558570985,0.4302923051593446,0.34904402957363473
1521172800,2018-03-16,17.72,17.77,17.43,17.5,5454392.0,16.893,18.2494674710438,15.536532528956203,17.267666666666667,16.472666666666665,16.87016666666667,16.893,0.33999999999999986,17.489250000000002,16.29675,0,60.98146891892784,9.375,29.983882945392093,61.59004214228063,17.279285552348334,0.41919969717184713,20.500939142396128,163836765.0,4497828.12,0,0.1303042441723566,76.0,72.0,4.0,16.893,17.038031177493277,16.53914668492952,0.0541616384571757,0.4167460776451044,0.3625844391879287
1521432000,2018-03-19,17.44,17.45,16.95,17.07,4853395.0,16.9405,18.251125423223566,15.629874576776434,17.3275,16.517500000000002,16.9225,16.9405,0.5500000000000007,17.55175,16.329250000000002,0,54.77756086005884,5.893300248138953,26.297666260824126,55.71099171697699,17.325076495661982,0.42854257594528666,19.0989491183889,158983370.0,4496738.92,0,0.13578323414802385,72.0,68.0,4.0,16.9405,17.04107582725582,16.559964461991107,0.003597807912187556,0.3670816990781631,0.36348389116597557
1521518400,2018-03-20,17.13,17.22,16.86,16.97,3948809.0,16.9805,18.242553485395902,15.718446514604096,17.377166666666668,16.553166666666662,16.96516666666667,16.9805,0.35999999999999943,17.602249999999998,16.35875,0,53.44650966557457,4.947433518862073,22.730270463333653,55.80635339074176,17.368357531830434,0.42364667766348046,18.052452050186297,155034561.0,4515349.24,0,0.1416531645849927,68.0,64.0,4.0,16.9805,17.034306700850504,16.576044287011065,-0.037978804159643,0.31601038596642184,0.35398919012606483
1521604800,2018-03-21,17.01,17.38,16.95,17.26,4850536.0,17.044000000000004,18.225548136979594,15.862451863020414,17.436333333333334,16.606333333333332,17.021333333333335,17.044000000000004,0.4299999999999997,17.670250000000003,16.417750000000005,0,56.66122893989783,7.942464040025024,21.151940680997,56.746115788703264,17.402024771929078,0.4241004864018033,16.927127370170492,159885097.0,4520470.44,0,0.1573938317151107,64.0,60.0,4.0,17.044000000000004,17.055801300769502,16.602866079677298,-0.046767436831061326,0.2955298940872382,0.3422973309182995
1521691200,2018-03-22,17.09,17.61,17.06,17.43,7114647.0,17.113999999999997,18.209726243182995,16.018273756817,17.511,16.662,17.0865,17.113999999999997,0.5500000000000007,17.754499999999997,16.473499999999998,0,58.43244915943295,8.733624454148462,20.641394437532192,58.94730265927352,17.42961528243305,0.4330933088016745,16.516522082663133,166999744.0,4565782.88,0,0.14465990121402358,60.0,44.0,16.0,17.113999999999997,17.091439272124788,16.635302704003678,-0.042096011785361265,0.289677316186598,0.33177332797195924
1521777600,2018-03-23,17.4,17.63,17.21,17.29,4607434.0,17.163999999999998,18.194056309140386,16.13394369085961,17.575666666666667,16.714666666666666,17.145166666666668,17.163999999999998,0.41999999999999815,17.813499999999998,16.514499999999998,0,56.4331144875156,6.138735420503377,19.325489854954174,58.58672376701867,17.45695484004448,0.43215807245869764,16.188793429607824,162392310.0,4599953.94,0,0.08041673531295108,56.00000000000001,44.00000000000001,12.0,17.163999999999998,17.110349817636713,16.66097710776824,-0.04892049760474909,0.2706227059660229,0.319543203570772
1522036800,2018-03-26,17.32,17.85,17.25,17.73,4263858.0,17.238,18.20552467668784,16.27047532331216,17.643666666666668,16.790666666666667,17.217166666666664,17.238,0.6000000000000014,17.8815,16.5945,0,60.863251743066776,9.107692307692309,20.19267496060634,55.97854832106007,17.477521022717674,0.4441467815687908,16.45628270092477,166656168.0,4606713.72,0,0.01840124673177298,52.0,44.0,8.0,17.238,17.16936412071893,16.70289957413027,-0.0254669020941079,0.2877095759531372,0.3131764780472451
1522123200,2018-03-27,17.73,18.11,17.64,17.86,4996344.0,17.3185,18.208629765820636,16.428370234179365,17.727833333333333,16.860833333333336,17.294333333333334,17.3185,0.46999999999999886,17.9725,16.6645,0,62.06300159301043,9.907692307692304,21.417430766792997,56.31246425702441,17.49720259702103,0.4459934400281628,17.29767044578121,171652512.0,4661506.94,0,-0.006188787815845259,100.0,96.0,4.0,17.3185,17.235138966364747,16.74827606141928,-0.003990499583791718,0.3081883535675054,0.3121788531512971
1522209600,2018-03-28,18.27,18.36,17.82,18.09,4863351.0,17.4115,18.21138186627769,16.61161813372231,17.835166666666666,16.93616666666667,17.38566666666667,17.4115,0.5399999999999991,18.0895,16.7335,0,64.11188610044715,11.460258780036964,23.32981578176418,55.90602757669841,17.51530201585068,0.45270819431186543,18.575980030146496,176515863.0,4690943.7,0,-0.04973970065148097,100.0,96.0,4.0,17.4115,17.316554302901437,16.800892686461662,0.0215116696883636,0.33906844026175165,0.31755677057338805
1522296000,2018-03-29,18.11,18.14,17.73,17.84,5136468.0,17.4855,18.143906409446224,16.827093590553773,17.91283333333333,17.015833333333333,17.464333333333332,17.4855,0.41000000000000014,18.162,16.808999999999997,1,60.380746021534385,9.046454767726164,23.20707541059853,48.734940666012506,17.522837703057313,0.4496576090038751,19.413129411503235,171379395.0,4705411.4,0,-0.045783707564910375,96.0,80.0,16.0,17.4855,17.36640627405368,16.84164199287493,0.017518737642136184,0.3394551926260583,0.3219364549839221
1522641600,2018-04-02,17.82,17.91,17.14,17.43,3541130.0,17.517999999999997,18.09275560023358,16.943244399766414,17.964666666666666,17.055666666666667,17.510166666666667,17.517999999999997,0.7699999999999996,18.2035,16.832499999999996,1,54.868295408596715,3.8736591179976076,20.503794394817824,50.221806105915086,17.516419061348767,0.4725392083607411,18.29489945207037,167838265.0,4607187.64,0,-0.01299134287538734,92.0,80.0,12.0,17.517999999999997,17.3724628193819,16.864714855899443,-0.015002591357107409,0.3031832157875378,0.3181858071446452
1522728000,2018-04-03,17.5,17.85,17.2,17.79,5391950.0,17.555,18.098930142573348,17.01106985742665,18.005000000000003,17.079,17.541999999999998,17.555,0.6500000000000021,18.25325,16.856749999999998,1,58.38018923076807,4.34017595307917,19.8881624657418,60.07424798599227,17.528217582315776,0.48521497919211687,17.256543061168426,173230215.0,4562902.22,0,0.012772935585818495,88.0,80.0,8.0,17.555,17.412228265155054,16.901000547824957,-0.014526349994498255,0.3000278696515224,0.31455421964602065
1522814400,2018-04-04,17.62,17.73,17.44,17.65,6224322.0,17.561,18.10634026075457,17.01565973924543,18.000999999999998,17.107999999999997,17.5545,17.561,0.34999999999999787,18.239,16.883,1,56.577964726140195,0.6845407872218907,18.57597774002371,59.26746580875497,17.54264066387773,0.4755567663926798,16.29235498390233,167005893.0,4585518.9,0,0.07659878060116777,84.0,80.0,4.0,17.561,17.434873192283145,16.93037307536123,-0.025268559576250738,0.2829685201757073,0.308237079751958
1522900800,2018-04-05,17.73,17.93,17.17,17.32,5069066.0,17.545499999999997,18.09966513784238,16.991334862157615,18.010833333333334,17.087833333333332,17.54933333333333,17.545499999999997,0.759999999999998,18.245999999999995,16.845,1,52.55264595890209,-1.758366420873504,15.633990514485474,51.46036292585469,17.530938950402096,0.49587414022177395,15.633004044446013,161936827.0,4600381.78,0,-0.03434718011597882,80.0,76.0,4.0,17.545499999999997,17.42393288825618,16.945652562601968,-0.054546916462260286,0.24005343417413272,0.294600350636393
1522987200,2018-04-06,17.29,17.32,16.78,16.85,19672270.0,17.497,18.11292532014837,16.88107467985163,17.984333333333332,17.036333333333335,17.51033333333333,17.497,0.5399999999999991,18.21625,16.77775,1,47.487493548079485,-5.44332210998877,10.773049536973437,43.124288602251404,17.401197390630642,0.49902598734879,15.947260485222648,142264557.0,4882415.72,-1,-0.16299714327814324,76.0,72.0,4.0,17.497,17.36927261318416,16.941901481715615,-0.1027187010037176,0.166201974381746,0.2689206753854636
1523246400,2018-04-09,17.02,18.28,16.93,17.84,13808591.0,17.502999999999997,18.129740775759696,16.876259224240297,18.032,16.979999999999997,17.506,17.502999999999997,1.4299999999999997,18.306249999999995,16.699749999999998,1,56.73366199007253,0.6772009029345428,11.246907246871498,53.835057622643504,17.45556438792895,0.5655241311095908,15.692702875389944,156073148.0,5087958.84,0,-0.06896583249618365,72.0,-24.0,96.0,17.502999999999997,17.41410379288091,16.977121031452256,-0.06679936955610022,0.18542146344033839,0.2522208329964386
1523332800,2018-04-10,18.01,18.26,17.67,18.26,9604131.0,17.54,18.24843489467972,16.83156510532028,18.068333333333335,16.991333333333333,17.529833333333336,17.54,0.5899999999999999,18.362,16.718,1,59.88770124870715,4.223744292237455,13.208460632813082,60.52380649206178,17.531920076203967,0.5672724074589057,15.456327951973863,165677279.0,5233210.04,0,0.04732755426909243,100.0,8.0,92.0,17.54,17.49466533641606,17.027430010610992,-0.016280125531261014,0.23187067608236234,0.24815080161362335
1523419200,2018-04-11,18.2,18.47,18.17,18.39,9077915.0,17.5835,18.382706481455113,16.78429351854489,18.1065,17.0395,17.573,17.5835,0.29999999999999716,18.398,16.769000000000002,1,60.818317209735206,4.9657534246575405,15.117694472179934,62.325117989952545,17.618908281956088,0.5481815212118408,15.63812501970503,174755194.0,5361648.4,0,0.06564042728019932,100.0,12.0,88.0,17.5835,17.579935304376434,17.080864127841934,0.02227174179089597,0.27599047885224337,0.2537187370613474
1523505600,2018-04-12,18.46,18.98,18.27,18.38,9974952.0,17.6335,18.497983082541154,16.76901691745885,18.17683333333333,17.080833333333334,17.628833333333333,17.6335,0.7100000000000009,18.46975,16.797250000000002,0,60.70428033598695,5.753739930955121,16.513605127185386,63.5540198393936,17.722603290730202,0.5597399839824237,16.648099823129225,164780242.0,5476696.8,0,-0.024065877285257095,96.0,12.0,84.0,17.6335,17.65613194205487,17.131810632632444,0.04231650191433173,0.30661436445426205,0.2642978625399303
1523592000,2018-04-13,18.41,18.71,18.28,18.54,8924833.0,17.674500000000002,18.625004602829385,16.72399539717062,18.22383333333333,17.122833333333332,17.673333333333332,17.674500000000002,0.4299999999999997,18.5145,16.834500000000002,0,61.907236390906355,4.627539503386006,18.148106563375347,56.735900711800234,17.800589072447913,0.5504728422693935,17.585933569165977,173705075.0,5587954.12,0,0.019571816823666932,100.0,20.0,80.0,17.674500000000002,17.740309852335358,17.18703374507823,0.060463141321179026,0.33987678919140407,0.27941364787022505
1523851200,2018-04-16,18.71,19.05,18.63,18.83,10062213.0,17.741,18.811848261893267,16.670151738106732,18.291333333333334,17.182333333333336,17.736833333333333,17.741,0.5100000000000016,18.59375,16.88825,0,64.0093153898175,7.59999999999999,20.40051393675632,59.113887048201356,17.897177952326093,0.5475819249644369,18.95807863589602,183767288.0,5697259.34,0,-0.007510425312846011,100.0,24.0,76.0,17.741,17.844089866398658,17.25146379429085,0.08462728717876461,0.38519775684368085,0.30057046966491624
1523937600,2018-04-17,18.99,19.23,18.78,19.14,5659456.0,17.8445,19.029936206634424,16.659063793365576,18.383499999999998,17.279500000000002,17.831500000000002,17.8445,0.4499999999999993,18.68975,16.99925,0,66.1134521797099,12.126537785588754,23.167572371275387,59.47447789607316,17.9540970119802,0.540611787466977,20.47558980737684,189426744.0,5737300.66,0,0.02427787336932307,100.0,28.0,72.0,17.8445,17.967509879122595,17.32552403765199,0.11237983561651604,0.44104526418556134,0.3286654285690453
1524024000,2018-04-18,19.16,19.33,19.1,19.13,4751890.0,17.9525,19.191917201752418,16.713082798247584,18.4855,17.3945,17.94,17.9525,0.22999999999999687,18.788,17.117,0,65.98246550944246,12.728344136711847,25.303915273109105,59.53601517790206,17.99854635005574,0.5184252312193356,22.018163097038403,184674854.0,5751555.06,0,-0.005744238638141923,96.0,28.0,68.0,17.9525,18.078223223968063,17.396287800881325,0.12024890202546373,0.478976556100875,0.35872765407541124
1524110400,2018-04-19,19.05,19.16,18.69,18.94,4407367.0,18.036499999999997,19.30419515262928,16.768804847370713,18.574166666666663,17.479166666666664,18.026666666666664,18.036499999999997,0.46999999999999886,18.874999999999996,17.197999999999997,0,63.46757452059959,9.733487833140206,26.03168992299144,59.778321343987535,18.03809454056299,0.5149662861322402,22.220260669179396,180267487.0,5721738.16,0,0.01713125107064119,92.0,28.0,64.0,18.036499999999997,18.16029720263777,17.456825534180098,0.1034816265828975,0.48807968730403317,0.38459806072113567
1524196800,2018-04-20,18.92,18.97,18.66,18.74,7336448.0,18.102,19.372946104286004,16.831053895713996,18.633333333333333,17.562333333333335,18.097833333333334,18.102,0.3099999999999987,18.9225,17.2815,0,60.89581212656288,7.51577739529546,25.56539033812469,57.688641854813284,18.100157312908866,0.5003258371227943,22.323536068814896,172931039.0,5743948.06,0,-0.00571806484066975,88.0,28.0,60.0,18.102,18.215506992862746,17.507146101467153,0.07127770544102491,0.4736951925224169,0.40241748708139197
1524456000,2018-04-23,18.81,19.12,18.76,19.12,6265544.0,18.1935,19.48082707576581,16.90617292423419,18.7115,17.6465,18.179,18.1935,0.38000000000000256,19.011,17.376,0,63.827310990028515,10.584152689415859,26.374903826531504,58.15262094943203,18.168537013522737,0.49173113447116634,22.683786367768963,179196583.0,5769868.66,0,0.009790390386784035,84.0,27.999999999999993,56.00000000000001,18.1935,18.301649184018675,17.57039527395864,0.06793836529860886,0.4873404437046531,0.41940207840604427
1524542400,2018-04-24,19.26,19.52,19.01,19.08,4766862.0,18.261,19.58508307896436,16.93691692103564,18.786666666666665,17.730666666666668,18.258666666666667,18.261,0.509999999999998,19.071749999999998,17.45025,0,63.30149568816617,7.614213197969531,26.810180245522165,62.838728461953515,18.239150890316054,0.49303605343751145,23.652376943558476,174429721.0,5745072.98,0,-0.042430882344938484,80.0,28.0,52.0,18.261,18.375777833159756,17.629595459293597,0.055907574974608465,0.48928654712430486,0.4333789721496964
1524628800,2018-04-25,19.14,19.35,19.0,19.25,3617313.0,18.3305,19.707939290858125,16.953060709141877,18.847166666666666,17.803166666666666,18.325166666666668,18.3305,0.3500000000000014,19.13225,17.528750000000002,0,64.60593083571464,7.782754759238525,27.695444164637205,63.39543768594299,18.301541165307246,0.48281919247768934,24.519865578409362,178047034.0,5726275.12,0,-0.0037909684843313108,100.0,52.0,48.0,18.3305,18.45903708714454,17.69314073539973,0.05233411069627941,0.49879661052004565,0.44646249982376623
1524715200,2018-04-26,19.29,19.68,19.15,19.35,6073538.0,18.3935,19.834947536332738,16.95205246366726,18.911833333333334,17.868833333333335,18.390333333333334,18.3935,0.5300000000000011,19.194499999999998,17.5925,0,65.36814558473013,6.965174129353242,28.73170065609018,76.52221665129238,18.613655158897576,0.48618925015785447,25.804104165150935,184120572.0,5797902.78,0,0.12110726053636069,100.0,56.0,44.0,18.3935,18.543890697892678,17.758115608521308,0.04966234494847621,0.5085404310093615,0.4588780860608853
1524801600,2018-04-27,19.4,19.7,19.14,19.47,3736184.0,18.475,19.965536816049745,16.984463183950258,18.996000000000002,17.938000000000002,18.467000000000002,18.475,0.5599999999999987,19.28725,17.662750000000003,0,66.28526162168225,9.136771300448425,29.96163898333912,74.24709577858316,18.782566518124323,0.49146144657515045,27.024405193363098,187856756.0,5834311.5,0,0.09012423482939048,100.0,60.0,40.0,18.475,18.632091583807664,17.825248329755766,0.04885896749273655,0.519951795426806,0.4710928279340695
1525060800,2018-04-30,19.58,19.7,19.49,19.57,4717975.0,18.582,20.064330597403863,17.099669402596138,19.072666666666667,18.070666666666668,18.571666666666665,18.582,0.23000000000000043,19.35375,17.81025,0,67.05066494547162,12.277682157200234,31.29426997374798,73.01119106983964,18.902305087840787,0.47278562896263976,28.157541862417247,192574731.0,5888519.2,0,-0.024979387215774394,100.0,64.0,36.0,18.582,18.7214161948736,17.89366996388299,0.047881061249099466,0.5309441544954439,0.4830630932463444
1525147200,2018-05-01,19.66,19.66,19.26,19.57,4158251.0,18.671,20.16612407511874,17.175875924881257,19.154333333333334,18.177333333333333,18.66583333333333,18.671,0.3999999999999986,19.424,17.918,0,67.05066494547162,10.00562113546937,32.40453519054113,66.51868629316033,18.99165440937011,0.46758665546530825,28.364831757861996,196732982.0,5935419.46,0,-0.049516310057893365,96.0,64.0,32.0,18.671,18.802233700123736,17.95940839667189,0.04035413019789402,0.533505755993712,0.49315162579581795
1525233600,2018-05-02,19.61,20.06,19.59,19.69,5653116.0,18.773000000000003,20.253865962874315,17.29213403712569,19.272,18.277,18.7745,18.773000000000003,0.48999999999999844,19.536500000000004,18.009500000000003,0,68.01612792408548,11.55807365439095,33.72647866223556,64.91870733519868,19.103079343543197,0.46918760864635756,29.218320086866648,202386098.0,5974367.54,0,-0.006803924899325632,100.0,72.0,28.000000000000004,18.773000000000003,18.886782871540525,18.027274734057308,0.036683115868967775,0.5390055206320277,0.5023224047630599
1525320000,2018-05-03,19.7,20.01,19.35,19.82,5653855.0,18.898000000000003,20.28633137254751,17.509668627452495,19.37966666666667,18.394666666666666,18.887166666666666,18.898000000000003,0.6600000000000001,19.654000000000003,18.142000000000003,0,69.05027951091013,14.434180138568129,35.26167418121552,67.27740470386368,19.21781789447721,0.48281706517161777,29.21093137241674,208039953.0,6035212.88,0,-0.0001898046656431509,100.0,76.0,24.0,18.898000000000003,18.975660693298572,18.097577685662905,0.036175924474108,0.5475423103556949,0.5113663858815869
1525406400,2018-05-04,20.55,20.89,19.54,19.7,9362407.0,19.0405,20.106341920736668,17.974658079263335,19.573166666666665,18.507166666666667,19.040166666666668,19.0405,1.3500000000000014,19.85725,18.223750000000003,0,66.94699257847117,16.91394658753708,35.72049171531411,67.23559840014477,19.36965619652692,0.5447587033736452,30.41739398523516,198677546.0,6140296.06,-1,-0.08769153242658116,96.0,76.0,20.0,19.0405,19.0446453891749,18.160417776421223,0.021641475607978578,0.5384182303915601,0.5167767547835815
1525665600,2018-05-07,19.73,20.59,19.73,20.38,7722867.0,19.1675,20.236197805742865,18.098802194257136,19.676166666666667,18.659166666666668,19.16766666666667,19.1675,0.8900000000000006,19.94375,18.39125,0,72.02909746551029,14.237668161434975,38.31969118264981,68.27739531311816,19.478052409372307,0.5694187959898135,31.537680697137983,206400413.0,6195493.84,0,-0.07827616172484522,100.0,84.0,16.0,19.1675,19.17182201877729,18.24746021656157,0.05008173909218383,0.5793789286488114,0.5292971895566275
1525752000,2018-05-08,20.4,20.5,19.68,19.84,6469303.0,19.246499999999997,20.267720348406552,18.225279651593443,19.78483333333333,18.744833333333332,19.264833333333335,19.246499999999997,0.8200000000000003,20.039999999999996,18.453,0,63.82577168660159,8.652792990142377,36.60018539458022,60.76773982945166,19.538151695026528,0.5873174534191126,32.415717988904966,199931110.0,6255787.32,0,-0.08200388366868239,96.0,84.0,12.0,19.246499999999997,19.23545801698898,18.30991275708857,0.025995137840469584,0.5617911118572145,0.535795974016745
1525838400,2018-05-09,19.87,19.97,19.35,19.69,4929191.0,19.311500000000002,20.269941964857342,18.353058035142663,19.86716666666667,18.795166666666667,19.331166666666668,19.311500000000002,0.6199999999999974,20.129,18.494000000000003,0,61.76881498703713,7.069059271343125,34.25986420851375,60.24602178159697,19.579540398314318,0.5896519210320329,32.20883513764618,195001919.0,6267871.34,0,-0.07903992242775792,92.0,84.0,8.0,19.311500000000002,19.278747729656697,18.36403382543804,-0.00492198446293779,0.5296434934380727,0.5345654779010105
1525924800,2018-05-10,19.4,19.7,19.4,19.62,5401916.0,19.3735,20.238792436116015,18.508207563883985,19.89816666666667,18.86716666666667,19.38266666666667,19.3735,0.3000000000000007,20.160249999999998,18.586750000000002,0,60.806183644861775,6.74646354733407,31.960824259369343,61.499824626529595,19.652875621655756,0.5689624981011735,32.016729632905886,189600003.0,6290472.64,0,-0.003680066047943295,88.0,84.0,4.0,19.3735,19.31124794587987,18.413287400911056,-0.03338298708947507,0.4928367440391668,0.5262197311286418
1526011200,2018-05-11,19.66,19.85,19.53,19.64,4447373.0,19.4285,20.21073461953533,18.64626538046467,19.950833333333332,18.930833333333332,19.440833333333337,19.4285,0.3200000000000003,20.207,18.65,0,60.989029798852265,5.933117583603028,30.192260209826298,60.69631774038132,19.70738736428768,0.5511794625225183,32.0892463704934,194047376.0,6312688.48,0,-0.10356305352722063,84.0,80.0,4.0,19.4285,19.34255766531988,18.461393777345915,-0.05299289237438276,0.45997861566066334,0.5129715080350461
1526270400,2018-05-14,19.76,20.01,19.67,19.78,2990615.0,19.476,20.2216111587145,18.7303888412855,19.996000000000002,18.984,19.490000000000002,19.476,0.370000000000001,20.244,18.708,1,62.28546688734807,5.045140732873091,29.257237345141547,59.839158844398106,19.743946743919814,0.5382380723423384,32.41560432581786,197037991.0,6311427.7,0,-0.07395233275855871,80.0,76.0,4.0,19.476,19.38421884005132,18.513103825293136,-0.058248216501742944,0.4401612374078674,0.49840945390961033
1526356800,2018-05-15,19.72,19.87,19.65,19.82,5318288.0,19.509999999999998,20.253236167042193,18.766763832957803,20.021,19.032000000000004,19.5265,19.509999999999998,0.22000000000000242,20.260749999999998,18.759249999999998,1,62.658684950136504,3.5527690700104477,28.64055903098277,58.42759459176418,19.772124086344547,0.515506781460743,32.648012133758364,202356279.0,6308772.08,0,-0.05468697405876399,76.0,68.0,8.0,19.509999999999998,19.425721807665482,18.5643546556738,-0.06047988139319033,0.42280960216812247,0.4832894835613128
1526443200,2018-05-16,19.85,20.08,19.67,19.76,4068090.0,19.541500000000003,20.270918261355977,18.81208173864403,20.0625,19.055500000000002,19.559,19.541500000000003,0.4099999999999966,20.305750000000003,18.777250000000002,1,61.69470180216853,3.2932566649242165,27.724268910974324,57.384483029772205,19.80646931749129,0.5079705827849754,33.21138850313897,198288189.0,6206614.2,0,-0.06677383313177328,72.0,68.0,4.0,19.541500000000003,19.457557825983052,18.611242708392474,-0.06694330819057226,0.3996103483230975,0.46655365651366976
1526529600,2018-05-17,19.75,19.82,19.38,19.59,4200647.0,19.574,20.249230331071978,18.898769668928026,20.094333333333335,19.090333333333334,19.592333333333332,19.574,0.4400000000000013,20.336000000000002,18.812,1,58.988086457064824,3.431890179514248,25.796293030340937,52.12956187157446,19.8131322276793,0.5031155411574773,32.719501399782544,194087542.0,6200657.1,0,-0.07778804740900618,68.0,64.0,4.0,19.574,19.47017136636562,18.649625347279045,-0.0825876635340495,0.3633190770961079,0.4459067406301574
1526616000,2018-05-18,19.52,19.73,19.52,19.7,4301656.0,19.622,20.17948004448551,19.06451995551449,20.13233333333333,19.138333333333332,19.635333333333335,19.622,0.21000000000000085,20.3765,18.8675,1,60.17801726426573,5.122732123799365,24.654488110841534,51.87461755951168,19.81804294055701,0.4821787167890861,32.262749089523005,198389198.0,6173657.04,0,-0.022034306511361467,64.0,44.0,20.0,19.622,19.492059807664134,18.690816510130848,-0.0851091642079953,0.3395202853701633,0.4246294495781586
1526875200,2018-05-21,19.79,19.84,19.47,19.7,4146821.0,19.651,20.159169263139326,19.142830736860674,20.166333333333334,19.171333333333333,19.668833333333332,19.651,0.370000000000001,20.40475,18.89725,1,60.17801726426573,3.033472803347271,23.704158121849677,57.36687953431443,19.827718753302896,0.47416595130415146,32.06273838878735,202536019.0,6144901.8,0,-0.03915858302160901,60.0,44.0,16.0,19.651,19.511863635505645,18.730392333262973,-0.08609929459400939,0.3170053313356469,0.4031046259296563
1526961600,2018-05-22,19.81,20.06,19.81,19.88,2078235.0,19.691,20.13497747690571,19.247022523094287,20.189,19.220000000000002,19.704500000000003,19.691,0.35999999999999943,20.4335,18.9485,1,62.168236288243776,4.192872117400424,23.709244559614707,55.23747574031994,19.834113551889207,0.466011240496712,32.300338825975686,204614254.0,6071337.32,0,-0.008309166010633542,56.00000000000001,44.00000000000001,12.0,19.691,19.546924241647964,18.775474986860505,-0.07439427028451667,0.3101117880740105,0.3845060583585272
1527048000,2018-05-23,19.85,19.94,19.76,19.89,4182817.0,19.723000000000003,20.125546891677928,19.320453108322077,20.213666666666665,19.261666666666667,19.737666666666666,19.723000000000003,0.17999999999999972,20.45275,18.993250000000003,1,62.278484363787854,3.3246753246753276,23.75918475497059,56.37482279457585,19.84459484661828,0.44558186617551826,32.3261047113487,208797071.0,5985551.7,0,-0.01623500171084141,52.0,44.0,8.0,19.723000000000003,19.57959812339578,18.81918185012088,-0.06602520893244895,0.301974547192966,0.36799975612541497
1527134400,2018-05-24,20.21,20.76,20.17,20.62,6329188.0,19.7865,20.314714918380346,19.258285081619654,20.27283333333333,19.314833333333333,19.793833333333332,19.7865,0.870000000000001,20.54175,19.03125,1,69.18002391276437,6.56330749354005,27.104945557068856,54.47003079442975,19.880532763146018,0.47589744716298127,33.61249597996629,215126259.0,6005652.68,1,0.14024343902839848,100.0,96.0,4.0,19.7865,19.678684016405704,18.889802169723986,-0.014086581803639642,0.35039152887086544,0.3644781106745051
1527220800,2018-05-25,20.57,20.68,20.39,20.51,3314236.0,19.838500000000003,20.432512626128062,19.244487373871944,20.31383333333333,19.38283333333333,19.848333333333336,19.838500000000003,0.28999999999999915,20.573500000000003,19.103500000000004,1,67.22901254879324,5.341551104262983,28.895813340214225,51.2188069177434,19.871153431057767,0.4626190580799111,34.80700215796834,211812023.0,5950041.12,0,0.07745034346375212,96.0,88.0,8.0,19.838500000000003,19.757856967224207,18.953339339538733,0.008863164975178361,0.375557066893478,0.36669390191829965
1527566400,2018-05-29,20.51,20.69,20.43,20.56,3215408.0,19.888,20.545832805505743,19.23016719449426,20.365000000000002,19.429,19.897000000000002,19.888,0.26000000000000156,20.62525,19.150750000000002,1,67.6653286662126,5.0587634133878305,30.530750374880782,59.62502985194894,19.893864646569114,0.44814626821706044,35.92930680318647,215027431.0,5905261.44,0,0.14867222213527495,92.0,88.0,4.0,19.888,19.83425154177428,19.016345639948977,0.02263080477477225,0.394982407886765,0.3723516031119927
1527652800,2018-05-30,20.6,21.03,20.6,20.78,5223363.0,19.9485,20.694831695695385,19.202168304304614,20.431833333333334,19.492833333333333,19.962333333333333,19.9485,0.4700000000000024,20.691,19.206,0,69.5434412839172,6.182933060807363,32.750491773297185,68.21358964628345,19.992717902977855,0.44970724905869913,37.39298976988671,220250794.0,5912660.8,0,0.1255195746784388,100.0,96.0,4.0,19.9485,19.924322823510064,19.08550855602941,0.040718978045704346,0.42325032566912313,0.3825313476234188
1527739200,2018-05-31,20.9,21.15,20.77,21.01,12320537.0,20.014499999999998,20.881436560539203,19.147563439460793,20.487166666666667,19.557166666666667,20.022166666666667,20.014499999999998,0.379999999999999,20.748749999999998,19.28025,0,71.3732542877505,6.703910614525141,35.43579724000984,79.7554576755297,20.210269315303197,0.44472815984022057,38.88711853812547,232571331.0,6080095.36,1,0.12329586767069035,100.0,96.0,4.0,20.014499999999998,20.02772064984244,19.16097880873414,0.061112335912285265,0.45892176751377534,0.39780943160149007
1527825600,2018-06-01,21.01,21.06,20.82,20.84,4289119.0,20.0655,20.998183762054182,19.132816237945818,20.525166666666667,19.637166666666666,20.081166666666668,20.0655,0.23999999999999844,20.768250000000002,19.36275,0,68.1859869665455,5.146316851664983,36.18329246505251,73.09063519769455,20.29173287296477,0.4301047198516333,40.274523822918596,228282212.0,6068867.02,0,0.0904831689281057,96.0,92.0,4.0,20.0655,20.10508058795268,19.226822777019073,0.05621513240441306,0.46807834710700646,0.4118632147025934
1528084800,2018-06-04,20.98,21.11,20.6,20.78,4115404.0,20.1195,21.085739618313976,19.15326038168602,20.5225,19.7185,20.1205,20.1195,0.509999999999998,20.759249999999998,19.47975,0,67.07320324904762,5.482233502538081,36.28706419738752,67.33310146021671,20.345767929209504,0.43581152557651653,40.60815918085679,224166808.0,6008882.16,0,0.08665810680977883,92.0,88.0,4.0,20.1195,20.169358627195283,19.28773168772421,0.042614831848796386,0.4651317545135889,0.4225169226647925
1528171200,2018-06-05,20.79,21.1,20.72,20.88,4036561.0,20.1445,21.160973806843806,19.128026193156195,20.53183333333333,19.775833333333335,20.15383333333333,20.1445,0.38000000000000256,20.746000000000002,19.543,0,67.98969915926656,2.4533856722276743,36.759143674734695,74.65140419068759,20.425469272454794,0.431824988035337,40.917963441799394,228203369.0,5997464.7,0,0.03459101988275783,88.0,84.0,4.0,20.1445,20.237038757938592,19.350173582323265,0.034386247288166694,0.4654997317750009,0.43111348448683423
1528257600,2018-06-06,20.88,21.17,20.87,21.07,5667285.0,20.206,21.288060996432055,19.123939003567944,20.557333333333336,19.853333333333335,20.205333333333336,20.206,0.3000000000000007,20.7685,19.6435,0,69.67770193552961,6.199596774193551,37.87868446007393,75.3575040077099,20.51237257772498,0.4224089174613844,41.32444996623125,233870654.0,6025533.24,0,0.09563816501842798,100.0,52.0,48.0,20.206,20.31636840003968,19.41761775556549,0.035621122775917724,0.4756398879567314,0.4400187651808137
1528344000,2018-06-07,21.12,21.25,21.09,21.13,4503867.0,20.278,21.403888093906108,19.15211190609389,20.608666666666668,19.950666666666667,20.279666666666667,20.278,0.17999999999999972,20.807499999999997,19.7485,0,70.20006535546108,7.313357034027414,39.01691562560056,81.48344377306572,20.612017056053833,0.40509399478557123,41.83862863878479,238374521.0,6015683.7,0,0.06477792246251883,100.0,56.0,44.0,20.278,20.39385712384542,19.484770000445277,0.03434529343018894,0.4829503819685499,0.44860508853836095
1528430400,2018-06-08,21.06,21.18,20.78,21.03,2469979.0,20.3485,21.47732726756556,19.219672732434443,20.684833333333334,20.01683333333333,20.350833333333334,20.3485,0.3999999999999986,20.8855,19.811500000000002,0,68.14065868188857,7.186544342507646,39.06432525770486,77.23557745132186,20.689238563675577,0.4047301380151732,40.93543380915439,235904542.0,5967816.26,0,0.029319363428484502,96.0,56.0,40.0,20.3485,20.454442159669668,19.545367255329776,0.021273577935895294,0.4751970609582301,0.4539234830223348
1528689600,2018-06-11,21.03,21.13,20.58,20.63,4680167.0,20.398,21.484233860639375,19.311766139360625,20.75166666666667,20.06066666666667,20.40616666666667,20.398,0.5500000000000007,20.95225,19.84375,0,60.64920501436991,5.040733197556,35.583750528920596,70.44182059833834,20.759261851772887,0.41510655672837515,39.3315270157701,231224375.0,5958690.24,0,-0.04374749248264618,92.0,56.0,36.0,20.398,20.47116195398684,19.587901872767823,-0.017700115478455014,0.4317983386742661,0.4494984541527211
1528776000,2018-06-12,20.62,20.87,20.56,20.72,4291368.0,20.445,21.501134461136232,19.38886553886377,20.795,20.107,20.451,20.445,0.3100000000000023,20.99475,19.89525,0,61.647843888358196,4.752275025278046,33.191044413801364,65.19394413067513,20.782110558170668,0.40759894553349135,37.76727858742521,235515743.0,5973695.0,0,-0.026997996758818713,88.0,56.0,32.0,20.445,20.494860815511903,19.63229787775732,-0.03955460402444272,0.4000551991221677,0.4396098031466104
1528862400,2018-06-13,20.83,21.1,20.71,20.89,11476741.0,20.4985,21.5307068591128,19.4662931408872,20.8595,20.1545,20.507,20.4985,0.39000000000000057,21.061,19.936,0,63.49009354417386,5.398587285570133,32.00745171486411,73.88830426945312,20.85053994099526,0.40634187799538485,36.89739072996942,246992484.0,6095390.82,0,-0.060513427442380426,84.0,56.0,28.000000000000004,20.4985,20.532493118796484,19.681619529609975,-0.04433789216158812,0.3841874379446253,0.4285253301062134
1528948800,2018-06-14,20.89,21.25,20.54,20.56,5538596.0,20.538500000000003,21.51355435745886,19.563445642541144,20.921833333333332,20.186833333333333,20.554333333333332,20.538500000000003,0.7100000000000009,21.123500000000003,19.953500000000002,0,57.81538531009282,4.048582995951403,28.318316930219705,66.30399945039102,20.87370810066525,0.4280317438528574,35.43566034870579,241453888.0,6081676.3,0,-0.1749612355512789,80.0,56.0,24.0,20.538500000000003,20.535112821768244,19.716065822566446,-0.069978311622383,0.3410524405782347,0.4110307522006177
1529035200,2018-06-15,20.42,20.48,20.15,20.34,7438556.0,20.576,21.455236032018426,19.696763967981575,20.952666666666666,20.228666666666665,20.590666666666667,20.576,0.41000000000000014,21.15875,19.99325,0,54.40309248306436,3.828483920367534,23.67476564040393,58.847258520717176,20.836570097038297,0.4267437621490819,33.00004891874912,234015332.0,6129066.1,0,-0.14443060416112025,76.0,56.0,20.0,20.576,20.516530648266507,19.740533829524622,-0.10016802602285191,0.2858207196720528,0.3859887456949047
1529294400,2018-06-18,20.23,20.45,20.1,20.14,6114618.0,20.598000000000003,21.40773081946997,19.788269180530037,20.988666666666667,20.250666666666667,20.619666666666667,20.598000000000003,0.34999999999999787,21.191250000000004,20.00475,0,51.49472473850532,2.2335025380710727,18.523861328808536,52.99677475510933,20.80225355240827,0.4212620648527187,30.883847346990837,227900714.0,5857913.06,0,-0.19674236272899884,72.0,56.0,16.0,20.598000000000003,20.480670586526838,19.756199169543265,-0.13012189917244155,0.22333637172935283,0.3534582709017944
1529380800,2018-06-19,20.02,20.19,19.75,20.09,7967534.0,20.6175,21.355385492471225,19.879614507528775,21.009166666666665,20.264166666666668,20.636666666666667,20.6175,0.4400000000000013,21.216,20.019,0,50.78033096201791,1.9796954314720843,14.10774416007055,45.29407072301786,20.72784626822564,0.42260048879181034,29.847995664693673,219933180.0,5741091.92,0,-0.12918713011475416,68.0,56.0,12.0,20.6175,20.443463864000474,19.76928939818863,-0.148488496366239,0.16784765044399563,0.31633614681023464
1529467200,2018-06-20,20.21,20.43,20.14,20.25,6245388.0,20.636000000000003,21.31521719648394,19.956782803516067,21.029,20.279999999999998,20.654500000000002,20.636000000000003,0.33999999999999986,21.233000000000004,20.039,0,52.97771044899576,1.8611670020120776,11.45961481732261,40.86469009572939,20.65295317696753,0.41670045387810956,28.134408505201577,226178568.0,5673917.06,0,-0.19939163628749854,64.0,56.0,8.0,20.636000000000003,20.425038734095665,19.788140794338094,-0.1448894613784587,0.13522432008716123,0.28011378146561994
1529553600,2018-06-21,20.36,20.65,20.27,20.61,3741617.0,20.672,21.2593533859607,20.0846466140393,21.071333333333335,20.30233333333333,20.686833333333333,20.672,0.3999999999999986,21.2855,20.058500000000002,1,57.474239266062476,3.6199095022624377,11.350674805764703,45.94283191379938,20.632220880830534,0.4155075643153873,26.326060972583257,229920185.0,5567191.1,0,-0.1173990853575838,60.0,56.0,4.0,20.672,20.44265409275322,19.82037056710915,-0.11461769589132065,0.13684166160146916,0.2514593574927898
1529640000,2018-06-22,20.69,20.72,20.13,20.25,13395796.0,20.6535,21.268878745163903,20.0381212548361,21.063833333333335,20.294833333333337,20.679333333333336,20.6535,0.5899999999999999,21.246000000000002,20.061,0,52.21805374895391,-1.7943743937924392,8.835325999073069,41.17346508724089,20.58230256119335,0.42797130972143105,24.634910735091104,216524389.0,5635607.98,0,-0.18188304597107643,56.00000000000001,52.00000000000001,4.0,20.6535,20.42430608391958,19.837218780163695,-0.1149023566674047,0.10783141165853394,0.22273376832593864
1529899200,2018-06-25,20.26,20.35,19.88,19.98,5212053.0,20.627,21.307061761900712,19.946938238099285,21.05,20.262999999999998,20.6565,20.627,0.4700000000000024,21.233,20.020999999999997,0,48.701800631340376,-2.5841053144807464,5.173412059187496,36.087398265524904,20.537763521182256,0.4309733590270433,23.709677950467874,211312336.0,5561352.38,0,-0.20603132426107076,52.0,48.0,4.0,20.627,20.381991218784382,19.84281804368669,-0.128318795603878,0.062335273821091164,0.19065406942496915
1529985600,2018-06-26,20.0,20.5,19.97,20.42,5794900.0,20.619999999999997,21.30553628642071,19.934463713579284,21.050333333333334,20.236333333333334,20.643333333333334,20.619999999999997,0.5300000000000011,21.246249999999996,19.99375,0,54.01373712163902,-0.6809338521400633,4.824937962017747,36.031114464427375,20.490227768027083,0.43804669052511175,22.39936493635154,217107236.0,5476006.12,0,-0.18147112472438456,48.0,44.0,4.0,20.619999999999997,20.385611102709678,19.865452630208782,-0.10365966098584917,0.06107949319265771,0.16473915417850687
1530072000,2018-06-27,20.45,20.63,20.25,20.34,3661229.0,20.598000000000003,21.289797658278424,19.90620234172158,21.028,20.219,20.6235,20.598000000000003,0.379999999999999,21.2175,19.978500000000004,0,52.964083710738926,-2.1174205967276287,4.086436877419997,35.30014330436126,20.45265485797398,0.4339004983447466,20.805290055160835,213446007.0,5436041.58,0,-0.17951657226995904,44.0,40.0,4.0,20.598000000000003,20.381267188165896,19.884062330984907,-0.08937709094387114,0.05301779049866795,0.1423948814425391
1530158400,2018-06-28,20.3,20.56,20.12,20.12,4413829.0,20.553500000000003,21.248058132915823,19.858941867084184,20.9955,20.1805,20.588,20.553500000000003,0.4399999999999977,21.177500000000002,19.929500000000004,0,50.143337457303346,-4.236078058067589,2.240982970868451,34.578159773286544,20.428596168774376,0.43433617703440736,19.69070707600789,209032178.0,5429280.36,0,-0.23155887499092093,40.0,-48.0,88.0,20.553500000000003,20.356384598816764,19.893314788593344,-0.09107783093821045,0.02854759276977603,0.11962542370798648
1530244800,2018-06-29,20.18,20.57,20.12,20.26,3438246.0,20.5245,21.217218557568305,19.831781442431694,20.9765,20.1405,20.5585,20.5245,0.4499999999999993,21.16425,19.88475,0,51.86070798303145,-2.783109404990395,1.5726640708036226,38.95945644208787,20.405723870739585,0.43545502153194965,18.6239814968159,212470424.0,5409897.94,0,-0.20628281416021024,36.0,-48.0,84.0,20.5245,20.347205113215168,19.907694600805367,-0.07952550064008748,0.020218547907877138,0.09974404854796462
1530504000,2018-07-02,20.11,20.56,19.98,20.56,3789445.0,20.5135,21.19656002664445,19.830439973355553,20.956833333333332,20.113833333333336,20.535333333333334,20.5135,0.5799999999999983,21.1585,19.8685,0,55.33137538103775,-1.058710298363823,2.6709146081213824,43.503724429237316,20.3889223351305,0.445779662851096,18.04094668974425,216259869.0,5338957.88,0,-0.16607501559979596,32.0,-48.0,80.0,20.5135,20.36747129290896,19.933275204695352,-0.049879913967691564,0.03739415608835017,0.08727407005604174
1530590400,2018-07-03,20.46,20.48,19.48,19.53,3608772.0,20.446,21.23017855109632,19.661821448903684,20.934333333333335,20.029333333333334,20.481833333333334,20.446,1.0799999999999983,21.143500000000003,19.7485,0,43.89432494177564,-6.465517241379301,-2.0021118112728944,33.283682402511744,20.290832832019955,0.491081115504589,18.697085794718358,212651097.0,5285822.44,0,-0.21176584671792967,28.000000000000004,-72.0,100.0,20.446,20.287712122155725,19.917460490785732,-0.09521170182878937,-0.031740557229944955,0.06347114459884441
1530763200,2018-07-05,19.52,19.6,19.15,19.37,4491576.0,20.361,21.221067439215975,19.500932560784026,20.858666666666664,19.938666666666666,20.398666666666667,20.361,0.45000000000000284,21.06975,19.652250000000002,0,42.459251723615786,-8.068343616516369,-6.160031965037893,33.86718791010185,20.204482148464255,0.48814675011140424,19.916895762073903,208159521.0,5280316.72,0,-0.14992236613846618,24.0,-76.0,100.0,20.361,20.200310967664706,19.895991451931387,-0.12942311401827,-0.0983077479239931,0.031115366094276908
1530849600,2018-07-06,19.38,19.73,19.33,19.62,3780011.0,20.2855,21.127200065343665,19.443799934656333,20.79083333333333,19.84683333333333,20.318833333333338,20.2855,0.40000000000000213,21.010749999999998,19.56025,0,45.3954856657839,-7.146237576904865,-7.9466993210181425,40.42976868292485,20.16059568768304,0.4818505536748755,20.5892614003163,211939532.0,5283570.68,0,-0.14958592726632458,20.0,-76.0,96.0,20.2855,20.145043256458543,19.885168257738,-0.128410847793916,-0.1293981936481181,-0.000987345854202095
1531108800,2018-07-09,19.65,19.92,19.34,19.45,4054210.0,20.2065,21.050449643047227,19.36255035695277,20.7285,19.7665,20.247500000000002,20.2065,0.5800000000000018,20.945249999999998,19.46775,0,43.795806156968744,-7.5130765572991045,-10.03270888365897,46.99842041137821,20.122294242053552,0.48886122841238455,20.571443572593715,207885322.0,5243184.12,0,-0.1238724017336526,16.0,-76.0,92.0,20.2065,20.078848660605345,19.86810283586592,-0.13188487151044256,-0.1658434352422553,-0.03395856373181274
1531195200,2018-07-10,19.42,19.81,19.42,19.7,4383786.0,20.16,21.00796226331102,19.312037736688982,20.663666666666668,19.717666666666666,20.190666666666665,20.16,0.389999999999997,20.88675,19.43325,0,46.703105189685594,-4.507998061076101,-10.338340050223161,55.5642611837219,20.10508328408145,0.481799712097214,20.554898446851315,212269108.0,5256136.16,0,-0.1649942236003222,12.0,-76.0,88.0,20.16,20.04276783578579,19.86151056779275,-0.11088468968110216,-0.17256442583319043,-0.06167973615208828
1531281600,2018-07-11,19.68,19.78,19.52,19.58,2548202.0,20.103,20.94597330918574,19.260026690814264,20.606666666666666,19.665666666666667,20.136166666666668,20.103,0.26000000000000156,20.826,19.380000000000003,0,45.513564071991844,-5.501930501930505,-11.072418483499206,49.249220049758634,20.070853705904465,0.4659568755188417,20.5395351158048,209720906.0,5212740.7,0,-0.17215135485571262,8.0,-76.0,84.0,20.103,19.998694708568095,19.85047093768323,-0.0990052211675008,-0.1854362626114643,-0.08643104144396349
1531368000,2018-07-12,19.56,19.9,19.44,19.86,2539574.0,20.051499999999997,20.818266587691166,19.284733412308828,20.551833333333335,19.603833333333334,20.077833333333334,20.051499999999997,0.4599999999999973,20.779749999999996,19.323249999999998,0,48.7214757303373,-4.930588798468172,-10.215640763750423,48.21321731637948,20.03245388024311,0.4655313844103528,20.078432365449846,212260480.0,5180367.16,0,-0.18847612738471556,4.0,-76.0,80.0,20.051499999999997,19.985485688704465,19.850844626401535,-0.06771246197919717,-0.17107161891795997,-0.1033591569387628
1531454400,2018-07-13,19.79,20.08,19.7,20.07,2815356.0,20.026999999999997,20.7576736617667,19.296326338233296,20.493666666666666,19.578666666666667,20.036166666666666,20.026999999999997,0.379999999999999,20.730499999999996,19.3235,0,50.999068088002005,-2.383268482490265,-8.489041870295116,62.98089923295705,19.946096266914942,0.45942199980961324,19.018985733906337,215075836.0,5123611.96,0,-0.030407363190659703,4.0,-72.0,76.0,20.026999999999997,19.99353467073261,19.85943895477795,-0.03020515250897432,-0.1411155975749807,-0.11091044506600639
1531713600,2018-07-16,20.02,20.35,20.02,20.3,3488274.0,20.025,20.752447592613763,19.297552407386235,20.488666666666667,19.573666666666668,20.03116666666667,20.025,0.33000000000000185,20.722499999999997,19.3275,0,53.386009179352484,-0.19665683382497123,-5.998428764414403,71.7123611814078,19.952180375696013,0.4501775712517838,18.121886137452822,218564110.0,5080300.34,0,0.07133903575215514,12.0,-60.0,72.0,20.025,20.022721844948553,19.87671585851215,0.010576318470585433,-0.09769004697777461,-0.10826636544836005
1531800000,2018-07-17,20.33,20.56,20.13,20.2,2731335.0,20.028000000000002,20.75781093442039,19.298189065579614,20.496000000000002,19.573,20.0345,20.028000000000002,0.4299999999999997,20.731500000000004,19.3245,0,52.221782331369184,0.29791459781528656,-4.4571427797384,69.93824993739769,19.93096456208133,0.4487363161623707,17.85826973874652,215832775.0,4947678.9,0,-0.04262496507821822,8.0,-60.0,68.0,20.028000000000002,20.039605478762976,19.88939366798226,0.03018820372721938,-0.07053111078933583,-0.1007193145165552
1531886400,2018-07-18,20.24,20.37,20.12,20.17,3305706.0,20.032,20.7639999999997,19.3000000000003,20.497,19.592999999999996,20.045,20.032,0.25,20.72125,19.34275,0,51.864609092671394,0.39820806371329937,-3.3503192179525847,62.90186026347663,19.915046058931367,0.43454086500791567,17.577916845053746,212527069.0,4859335.68,0,-0.04407500672734611,4.0,-60.0,64.0,20.032,20.052024004595076,19.900397837865313,0.03990174678799467,-0.05084213103156188,-0.09074387781955655
1531972800,2018-07-19,20.13,20.24,19.73,19.89,3478304.0,20.014,20.7413623581129,19.286637641887097,20.492,19.566,20.029,20.014,0.509999999999998,20.715999999999998,19.312,0,48.59897513235229,-1.777777777777775,-3.718911460284081,64.21078091059098,19.88576357074563,0.43993080322163586,16.584585608988125,209048765.0,4799515.7,0,0.019425083561215993,24.0,-36.0,60.0,20.014,20.036593147014592,19.899990079517654,0.02685664063840333,-0.05717307702155239,-0.08402971765995572
1532059200,2018-07-20,19.84,20.06,19.61,19.85,3187933.0,19.976,20.652473207155737,19.29952679284426,20.462,19.529000000000003,19.9955,19.976,0.4499999999999993,20.681749999999997,19.27025,1,48.1431385779115,-3.6875303250849005,-4.20008927372484,57.35411600248297,19.8520009529661,0.4406500315629475,15.997340980202225,205860832.0,4764690.54,0,0.050881639844528696,20.0,-36.00000000000001,56.00000000000001,19.976,20.01882237110844,19.898029684242452,0.01548572769212353,-0.06467255804480132,-0.08015828573692485
1532318400,2018-07-23,19.95,20.05,19.55,19.6,2456136.0,19.9435,20.62661858414156,19.26038141585844,20.425833333333333,19.50183333333333,19.963833333333334,19.9435,0.5,20.6425,19.244500000000002,1,45.34500826838163,-3.20987654320987,-5.739841398373779,50.8133587886941,19.80417076973654,0.444889315022737,15.619322622449307,203404696.0,4705774.94,0,-0.07044571126972762,16.0,-36.0,52.0,19.9435,19.97893452624097,19.88634224564471,-0.007676755850209729,-0.08975423054968701,-0.08207747469947728
1532404800,2018-07-24,19.56,19.57,19.08,19.22,3819781.0,19.9055,20.657363684453223,19.153636315546777,20.387833333333337,19.461833333333335,19.924833333333332,19.9055,0.5200000000000031,20.608249999999998,19.20275,0,41.48698052565456,-3.803803803803812,-8.696242062138557,50.697478021354144,19.760474433716457,0.4502543639496846,16.399518831873678,199584915.0,4693223.1,0,-0.03591503740725273,12.0,-88.0,100.0,19.9055,19.906655047551354,19.860211177188056,-0.04529455115685202,-0.1386956636455423,-0.09340111248869029
1532491200,2018-07-25,19.28,19.46,19.0,19.1,3069002.0,19.8395,20.62987902300073,19.049120976999273,20.328833333333332,19.40983333333333,19.869333333333334,19.8395,0.46000000000000085,20.537,19.142000000000003,0,40.34591783683259,-6.464250734573948,-11.586633037963852,52.27836447221038,19.759989443161828,0.4509504808104215,17.289197683478122,196515913.0,4694790.84,0,-0.0728405861333559,8.0,-92.0,100.0,19.8395,19.82983075730837,19.830398974161074,-0.07330484080417403,-0.18503216349390783,-0.1117273226897338
1532577600,2018-07-26,19.12,19.51,19.1,19.31,2440323.0,19.788,20.57544142639284,19.00055857360716,20.275333333333332,19.35333333333333,19.814333333333334,19.788,0.41000000000000014,20.48775,19.088250000000002,0,43.22257315112697,-5.063913470993123,-12.762955996510557,50.81611177229966,19.752085378912845,0.44802544646681997,17.924317064327024,198956236.0,4637231.54,0,-0.1120813369967458,4.0,-92.0,96.0,19.788,19.780323066136145,19.809991171252797,-0.07259808074436541,-0.2024749236201906,-0.12987684287582518
1532664000,2018-07-27,19.34,19.43,19.12,19.14,2299471.0,19.738999999999997,20.558997560971733,18.91900243902826,20.217,19.308,19.762500000000003,19.738999999999997,0.3099999999999987,20.429,19.048999999999996,0,41.51658766831696,-4.870775347912526,-14.434638596766543,43.49766211687521,19.74122369537071,0.43816648600490415,18.514070775115293,196656765.0,4601859.16,0,-0.1046343457982704,28.000000000000004,-64.0,92.0,19.738999999999997,19.71933991698032,19.783717007674255,-0.07801432633964558,-0.22739475080038218,-0.1493804244607366
1532923200,2018-07-30,19.19,19.22,18.91,18.99,1689018.0,19.6755,20.52059111934726,18.83040888065274,20.146166666666666,19.251166666666666,19.698666666666668,19.6755,0.3099999999999987,20.355,18.996,0,40.0484422512869,-6.268509378084912,-16.41684574437402,35.53071888762035,19.722280152095333,0.4290117370045538,19.54578482294125,194967747.0,4551626.58,0,-0.18013554487715897,24.0,-76.0,100.0,19.6755,19.649878972506006,19.75259085051056,-0.08553026100642072,-0.2562932507187625,-0.1707629897123418
1533009600,2018-07-31,18.96,19.41,18.96,19.35,3748662.0,19.615,20.366172416958722,18.863827583041274,20.083333333333336,19.20133333333333,19.642333333333333,19.615,0.4499999999999993,20.28475,18.945249999999998,0,44.96513391353451,-5.885214007782088,-15.923245675295385,43.48065232729647,19.684191385244095,0.43051089864708564,19.72401443384462,198716409.0,4540566.7,0,-0.07452337299677378,20.0,-76.0,96.0,19.615,19.621319070362574,19.73680297401995,-0.06122629307790703,-0.2472958560597256,-0.18606956298181856
1533096000,2018-08-01,19.34,19.5,19.15,19.46,2880361.0,19.6115,20.364873081546992,18.858126918453006,20.027833333333334,19.210833333333333,19.619333333333334,19.6115,0.3500000000000014,20.2265,18.996499999999997,0,46.37952571923518,-0.3584229390681018,-14.89327577958742,43.87488053675395,19.659323173900816,0.4247601201722939,19.539066159348717,201596770.0,4515237.5,0,-0.0709135774949343,16.0,-76.0,92.0,19.6115,19.605955349375662,19.725947955430932,-0.03406714966353,-0.22865350006123109,-0.19458635039770109
1533182400,2018-08-02,19.34,19.48,19.1,19.32,3239794.0,19.609,20.365885724531527,18.852114275468477,20.020666666666667,19.210666666666665,19.615666666666666,19.609,0.379999999999999,20.21875,18.999250000000004,0,44.83580568285339,-0.2581311306143557,-14.665938263056418,36.688860587893174,19.611933799938324,0.42156296873141574,19.50634914455053,198356976.0,4538468.68,0,-0.12172223670748253,12.0,-76.0,88.0,19.609,19.57872150657798,19.710028427766975,-0.02241893477394552,-0.22261001886513299,-0.20019108409118747
1533268800,2018-08-03,19.32,19.58,19.23,19.37,4044504.0,19.5965,20.360470549170326,18.83252945082967,20.009833333333333,19.204833333333333,19.607333333333333,19.5965,0.34999999999999787,20.202499999999997,18.9905,0,45.51754333916979,-1.27420998980632,-14.188125791822792,37.29204844405218,19.540765220747275,0.41645132810774305,19.066395807213325,202401480.0,4535702.42,0,-0.19656044893662603,8.0,-76.0,84.0,19.5965,19.558843267856272,19.696693979619248,-0.00892683464676064,-0.21134962739963825,-0.2024227927528776
1533528000,2018-08-06,19.4,20.34,19.38,19.87,5461356.0,19.6175,20.38727594142686,18.84772405857314,20.0435,19.200499999999998,19.622,19.6175,0.9699999999999989,20.25275,18.98225,0,51.789180339166194,2.159383033419032,-10.888750571612844,41.06596210476307,19.53405071671539,0.4559905189571899,19.039916406697962,207862836.0,4518345.78,1,-0.14132028595781154,4.0,-76.0,80.0,19.6175,19.58847724234615,19.703490294143982,0.0337519936218717,-0.16023280072553803,-0.19398479434740973
1533614400,2018-08-07,19.81,20.28,19.52,20.1,4589329.0,19.6375,20.435093254735524,18.839906745264475,20.078166666666668,19.19816666666667,19.638166666666667,19.6375,0.7600000000000016,20.3005,18.9745,0,54.33452410965629,2.030456852791889,-6.98996003831306,50.05455649204924,19.527970855182932,0.4777054818888193,19.015328391933696,212452165.0,4543847.64,1,-0.04261619899294328,36.0,-40.0,76.0,19.6375,19.63719369545604,19.71903969437363,0.07517950609585441,-0.10001041172759173,-0.17518991782344615
1533700800,2018-08-08,19.96,20.06,19.84,19.98,3682490.0,19.6575,20.468274321250743,18.846725678749255,20.092833333333335,19.216833333333334,19.654833333333336,19.6575,0.26000000000000156,20.3205,18.9945,0,52.80345746385849,2.0429009193054246,-4.4735118047536595,49.82917311068056,19.53036105887896,0.4621550903253323,18.992496663938304,208769675.0,4553189.28,0,0.006921389078568236,32.0,-40.0,72.0,19.6575,19.66984191493642,19.729273431849176,0.09114348777433814,-0.061260558105523444,-0.1524040458798616
1533787200,2018-08-09,19.96,20.2,19.93,20.0,3747143.0,19.6645,20.484511585283773,18.844488414716228,20.098833333333335,19.241833333333336,19.670333333333332,19.6645,0.2699999999999996,20.31325,19.01575,0,53.03563054669185,0.7049345417925507,-2.3432863807213695,57.33322404390136,19.550185617020123,0.4484297267306657,19.32595119541997,212516818.0,4523664.88,0,-0.035917110070658835,28.000000000000004,-40.0,68.0,19.6645,19.701285542085333,19.739890160011957,0.09903730185136167,-0.028607418565659515,-0.12764472041702118
1533873600,2018-08-10,19.89,20.06,19.37,19.51,5712532.0,19.6365,20.43723154053004,18.835768459469964,20.09916666666667,19.211166666666664,19.655166666666666,19.6365,0.6899999999999977,20.308500000000002,18.9645,0,47.06473126387822,-2.790234180368703,-3.109663240547731,53.625099901547166,19.552194895425565,0.4656847462499037,18.095150617424345,206804286.0,4391504.78,0,-0.06194717571268376,24.0,-40.0,64.0,19.6365,19.68306787141054,19.73087485961933,0.06868634985197343,-0.041786783102054414,-0.11047313295402784
1534132800,2018-08-13,19.45,19.52,18.71,18.93,8636403.0,19.568,20.364356703996155,18.771643296003848,20.064666666666668,19.128666666666668,19.596666666666664,19.568,0.8099999999999987,20.276,18.860000000000003,0,41.27489485678086,-6.7487684729064075,-6.531940310799723,49.09964900669053,19.49233212958847,0.490278692946339,18.414409768154336,198167883.0,4478450.46,-1,-0.09832632756109279,20.0,-80.0,100.0,19.568,19.61134712175239,19.69946800237936,0.01005522662778785,-0.09790409966929303,-0.10795932629708088
1534219200,2018-08-14,19.03,19.22,18.99,19.19,4288396.0,19.5175,20.27425293193989,18.760747068060105,19.9965,19.0805,19.538500000000003,19.5175,0.28999999999999915,20.214999999999996,18.82,0,44.49678409327017,-4.99999999999999,-7.760669853578382,55.52515911359018,19.481679571900106,0.47597307202160044,18.710864693832182,202456279.0,4481910.3,0,-0.009338455836438705,16.0,-80.0,96.0,19.5175,19.571218824442642,19.67948886503115,-0.009643899968003342,-0.12001420125708506,-0.11037030128908172
1534305600,2018-08-15,19.26,19.3,18.81,18.89,7201850.0,19.453500000000002,20.195046357282965,18.711953642717038,19.947499999999998,19.0075,19.4775,19.453500000000002,0.490000000000002,20.169,18.738000000000003,0,41.7169213378363,-6.3460585027268275,-10.038980613161193,47.37722740541509,19.43199268907062,0.47697499544862915,19.32923589740886,195254429.0,4545216.08,-1,-0.08880882903233403,12.0,-88.0,100.0,19.453500000000002,19.50634084116239,19.64852851738287,-0.0396244558869132,-0.15990087114772322,-0.12027641526081002
1534392000,2018-08-16,18.93,19.35,18.87,19.22,5276629.0,19.42,20.13986109771236,18.700138902287645,19.90566666666667,18.968666666666667,19.437166666666666,19.42,0.4800000000000004,20.13325,18.706750000000003,0,45.64857070570317,-3.3685268979386707,-10.046358958749984,53.32320114119389,19.41577605209794,0.4771910672022985,19.737696927183173,200531058.0,4537402.96,0,-0.01582238313053922,8.0,-88.0,96.0,19.42,19.479070284861212,19.631723477485505,-0.03418214188408314,-0.16300409261591398,-0.12882195073183084
1534478400,2018-08-17,19.2,19.48,19.11,19.2,3683606.0,19.3875,20.085120957253753,18.689879042746245,19.872833333333336,18.943833333333334,19.40833333333333,19.3875,0.370000000000001,20.094749999999998,18.68025,1,45.4529625577815,-3.27455919395467,-10.137193129128345,57.23441146250896,19.41688120735123,0.46953456240213437,19.683475510844918,196847452.0,4520997.74,0,-0.03157563020067865,4.0,-88.0,92.0,19.3875,19.452492162493478,19.614793145035094,-0.02908102868285209,-0.16517323658539595,-0.13609220790254387
1534737600,2018-08-20,19.2,19.37,19.1,19.28,2448912.0,19.3715,20.06354840871116,18.679451591288842,19.83716666666667,18.931166666666666,19.384166666666665,19.3715,0.2699999999999996,20.061500000000002,18.6815,0,46.41968413610485,-1.632653061224491,-9.79065537580876,52.64610126469496,19.420801341627868,0.45528209365912475,19.65630199021402,199296364.0,4520576.4,0,-0.06199102090012525,4.0,-84.0,88.0,19.3715,19.436064337494102,19.601664002092544,-0.018013134388484398,-0.1586086258881494,-0.140595491499665
1534824000,2018-08-21,19.31,19.38,19.11,19.12,2244000.0,19.366500000000002,20.064275751943022,18.668724248056982,19.821833333333334,18.937833333333334,19.37983333333333,19.366500000000002,0.2699999999999996,20.037750000000003,18.69525,0,44.75001722084711,-0.5202913631633604,-10.20317726470523,48.709970030252286,19.41548406405176,0.44204765839775867,19.594477435230857,197052364.0,4471853.06,0,-0.1295202083643994,4.0,-80.0,84.0,19.366500000000002,19.40596297201847,19.58277521769676,-0.019060758347721835,-0.1644214394343173,-0.14536068108659547
1534910400,2018-08-22,19.17,19.35,19.12,19.27,3497666.0,19.375,20.063665375926252,18.686334624073748,19.813333333333333,18.952333333333335,19.38283333333333,19.375,0.23000000000000043,20.029,18.721,0,46.64392659286616,0.8900523560209327,-9.73826481880157,53.89893273654112,19.412131000265113,0.42690139708363306,19.53706891988935,200550030.0,4455979.02,0,-0.12043143939702092,56.00000000000001,-23.999999999999993,80.0,19.375,19.393014117540524,19.57050952288512,-0.007820317145318112,-0.1551360775182431,-0.147315760372925
1534996800,2018-08-23,19.27,19.49,19.23,19.25,3422146.0,19.372,20.062292691544425,18.681707308455575,19.80666666666667,18.96066666666667,19.383666666666663,19.372,0.259999999999998,20.01475,18.72925,0,46.420593609598306,-0.31071983428274846,-9.449367155743289,53.441322325208205,19.408564830661753,0.41497986872051623,18.930736499149468,197127884.0,4294887.12,0,-0.154265051961438,52.0,-24.0,76.0,19.372,19.379393725393808,19.557940521987664,-0.00029837602510371375,-0.14768873040430464,-0.14739035437920092
1535083200,2018-08-24,19.34,19.51,19.26,19.4,2784842.0,19.384999999999998,20.06707037760017,18.702929622399825,19.811666666666667,18.971666666666668,19.391666666666666,19.384999999999998,0.26000000000000156,20.023999999999997,18.746,0,48.37214288569928,1.358411703239279,-8.39475049891689,51.30174188923892,19.367148287108556,0.4039098780976223,18.288967682760223,199912726.0,4239812.04,0,-0.1574094906273777,48.0,-24.0,72.0,19.384999999999998,19.381356227737257,19.551746776027365,0.015348251608295754,-0.12820503986883125,-0.143553291477127
1535342400,2018-08-27,19.45,19.85,19.45,19.52,3108390.0,19.4115,20.0709323316305,18.7520676683695,19.8445,18.9955,19.419999999999998,19.4115,0.45000000000000284,20.061,18.762,0,49.9085681902076,2.790942601369148,-6.868914594959417,50.00770212183157,19.333552064098203,0.407202029662078,17.480006327938828,203021116.0,4153208.72,0,-0.23557142715738555,44.0,-24.0,68.0,19.4115,19.394560396524184,19.55050180441845,0.03331754158687472,-0.10190636449353363,-0.13522390608040835
1535428800,2018-08-28,19.53,19.74,19.52,19.61,3286615.0,19.4245,20.088803394541706,18.76019660545829,19.852166666666665,19.02616666666667,19.439166666666665,19.4245,0.21999999999999886,20.056749999999997,18.79225,0,51.058422903941114,1.3436692506459844,-5.1121305169132905,56.02918903774657,19.310725831335915,0.3938304561147867,16.728827927033244,206307731.0,4096648.66,0,-0.26413838890602903,40.0,-24.0,64.0,19.4245,19.41507845399807,19.552835066990276,0.049810184121198725,-0.07296117592890994,-0.12277136005010866
1535515200,2018-08-29,19.69,19.97,19.4,19.68,5016415.0,19.435499999999998,20.109012434925766,18.76198756507423,19.878833333333336,19.03083333333333,19.454833333333333,19.435499999999998,0.5700000000000003,20.084249999999997,18.786749999999998,0,51.96124706760138,1.13052415210688,-3.263704451667372,56.917786864087326,19.29627187475866,0.40641399496373054,16.74682225426087,211324146.0,4037626.28,0,-0.23029100016568987,36.0,-24.0,60.0,19.435499999999998,19.44030907742683,19.557821927108307,0.06312284030889516,-0.04386780966398973,-0.10699064997288489
1535601600,2018-08-30,19.64,20.35,19.64,20.04,5245585.0,19.4715,20.19181312635522,18.751186873644777,19.930833333333332,19.049833333333332,19.490333333333332,19.4715,0.7100000000000009,20.145,18.798,0,56.322979991106756,3.726708074534155,0.25678521715326796,66.3048504513799,19.32524157771041,0.4280987096091784,17.716909371969173,216569731.0,4017630.22,1,-0.16458253516981458,32.0,-24.000000000000007,56.00000000000001,19.4715,19.49742249862427,19.576730871143276,0.09210772401123882,0.008144005041163638,-0.08396371897007518
1535688000,2018-08-31,19.97,20.19,19.97,20.16,4093245.0,19.511000000000003,20.289046271117364,18.73295372888264,19.96,19.092,19.526,19.511000000000003,0.22000000000000242,20.174750000000003,18.847250000000003,0,57.67149388688898,4.078471863706758,3.7702669055663924,78.97504316326038,19.425008545675418,0.41323451606566586,18.617704552698314,220662976.0,4024662.78,0,-0.05353228868796624,100.0,48.0,52.0,19.511000000000003,19.56052511780291,19.599604170314127,0.11387004934859697,0.05837384271567103,-0.05549620663292594
1536033600,2018-09-04,20.11,20.18,19.82,19.88,4716511.0,19.5115,20.290480744306063,18.73251925569394,19.934833333333334,19.126833333333334,19.530833333333334,19.5115,0.35999999999999943,20.1295,18.893500000000003,0,53.60638548326364,0.05032712632107705,5.010978126911615,70.58747552081195,19.4923716295926,0.40943205063240395,18.815955718977843,215946465.0,3851077.08,0,-0.16582051965473138,96.0,48.0,48.0,19.5115,19.590951297059778,19.61060008520377,0.10417799956919277,0.07472629282856502,-0.029451706740627748
1536120000,2018-09-05,19.88,19.92,19.46,19.69,4154527.0,19.491,20.22736675644656,18.75463324355344,19.906,19.128,19.517000000000003,19.491,0.46000000000000085,20.0865,18.8955,0,51.03678163216033,-2.0398009950248763,4.9009967750009,74.33328042207148,19.574801114580634,0.4130440470158038,17.694888240929814,211791938.0,3829926.56,0,-0.08380859931408108,92.0,48.0,44.0,19.491,19.60038450686361,19.613713807352646,0.08078517711343029,0.07152976465116012,-0.009255412462270173
1536206400,2018-09-06,19.62,19.79,19.19,19.23,4426874.0,19.4535,20.16230956539795,18.744690434602045,19.897166666666667,19.081166666666668,19.489166666666666,19.4535,0.5999999999999979,20.074499999999997,18.8325,0,45.4808277164368,-3.7537537537537538,2.1680900899881945,65.54782501131577,19.603576475131383,0.4263980436575319,17.006462281009604,207365064.0,3802566.04,0,-0.20516629530875388,88.0,48.0,40.0,19.4535,19.56510979192422,19.59866620706431,0.03261637118957313,0.03151505152469625,-0.0011013196648768887
1536292800,2018-09-07,19.13,19.3,18.99,19.27,3032631.0,19.417,20.083396278500743,18.75060372149926,19.856333333333332,19.036333333333335,19.446333333333335,19.417,0.3100000000000023,20.041,18.793000000000003,0,46.01872217465912,-3.6500000000000017,0.23853131506258762,59.345919149472756,19.603362561343495,0.4180838976819941,16.88989290216527,210397695.0,3789994.08,0,-0.12350686456308549,84.0,48.0,36.0,19.417,19.537004097455245,19.58577733619904,0.00327803982145329,0.002996230111939724,-0.0002818097095135662
1536552000,2018-09-10,19.36,19.73,19.29,19.61,2792636.0,19.422,20.09259973158333,18.75140026841667,19.83866666666667,19.043666666666667,19.441166666666668,19.422,0.46000000000000085,20.028750000000002,18.81525,0,50.39744248812803,0.512557662737047,0.5701055575084314,64.28053324535338,19.616826204509504,0.42107790499042314,15.867622567745814,213190331.0,3757570.22,0,-0.11394475812450264,80.0,48.0,32.0,19.422,19.543956088173793,19.586727244583393,0.006418076737037858,0.007740786211783757,0.0013227094747458984
1536638400,2018-09-11,19.54,19.88,19.49,19.68,3763749.0,19.4595,20.099014659722222,18.819985340277775,19.84916666666667,19.09616666666667,19.472666666666665,19.4595,0.39000000000000057,20.03475,18.884249999999998,0,51.25435286723977,3.9619651347068143,1.2115691960370285,69.4507608470984,19.63891382501948,0.41885805463396436,15.302680903479958,216954080.0,3764080.28,0,-0.07355546618234847,76.0,48.0,28.000000000000004,19.4595,19.55691265120486,19.590384999697772,0.012504922432617417,0.01695386251551767,0.004448940082900253
1536724800,2018-09-12,19.66,19.98,19.65,19.91,3950325.0,19.4955,20.151136332122945,18.839863667877054,19.889833333333335,19.12683333333333,19.508333333333333,19.4955,0.33000000000000185,20.07375,18.91725,0,54.00268971956138,3.751954142782693,2.9616636670448573,69.77056008796076,19.679673403793952,0.41251105073153843,15.028826973682095,220904405.0,3767297.88,0,-0.050444957603635945,72.0,48.0,24.0,19.4955,19.59054001775678,19.602918921278253,0.030302013236040315,0.04232645662795065,0.012024443391910332
1536811200,2018-09-13,19.97,20.12,19.81,20.0,2693653.0,19.551,20.17958253236916,18.922417467630837,19.92966666666667,19.184666666666665,19.557166666666667,19.551,0.3100000000000023,20.11575,18.98625,0,55.0466576947606,5.876124933827419,4.83480581806894,69.41471258244275,19.717728742737798,0.405188832822143,15.118376444675013,223598058.0,3748995.5,0,0.014891746839516364,68.0,48.0,20.0,19.551,19.62953620654185,19.61849072828695,0.04550236854759486,0.06890240407640391,0.02340003552880905
1536897600,2018-09-14,19.93,20.22,19.93,20.0,3902942.0,19.59,20.228310269382863,18.951689730617137,19.965333333333337,19.239333333333335,19.602333333333334,19.59,0.28999999999999915,20.1405,19.0395,0,55.0466576947606,4.058272632674304,6.349752794325883,70.10766594934618,19.75850654091661,0.39696105904913276,15.441600847280297,227501000.0,3737222.82,0,-0.028840541655707076,64.0,48.0,16.0,19.59,19.664818472585484,19.633451876197267,0.052431013771450666,0.08893880274312238,0.036507788971671715
1537156800,2018-09-17,19.93,20.23,19.66,19.72,3556627.0,19.616,20.230569768211566,19.001430231788433,20.005666666666666,19.259666666666668,19.63266666666667,19.616,0.5700000000000003,20.1815,19.0505,0,51.05237326969255,2.7083333333333313,5.9006603555413495,63.83516998845811,19.774404052776923,0.4093209834027661,14.848408285651475,223944373.0,3732755.14,0,-0.0430168078391407,60.0,48.0,12.0,19.616,19.670073856148772,19.636845920267962,0.035823453575281855,0.08128710594077404,0.045463652365492185
1537243200,2018-09-18,19.71,20.06,19.7,19.93,5258244.0,19.6485,20.257278284763522,19.039721715236475,20.0425,19.2875,19.665,19.6485,0.35999999999999943,20.22075,19.076249999999998,0,53.70444337639123,3.371369294605801,6.659440674078354,65.13035862050074,19.794533348818703,0.4057980560168542,14.297586621281853,229202617.0,3756835.82,0,-0.005157217602796337,56.00000000000001,48.00000000000001,8.0,19.6485,19.694828726991744,19.648342158688827,0.03652345791570248,0.09111797476012029,0.05459451684441781
1537329600,2018-09-19,19.99,20.17,19.71,19.75,5219589.0,19.68,20.239321016947883,19.120678983052116,20.085666666666665,19.311666666666667,19.698666666666668,19.68,0.46000000000000085,20.2665,19.0935,1,51.20141963734657,3.2949790794979026,6.173456747460845,56.067227902145035,19.811899609869446,0.4096696234442218,14.098304807294353,223983028.0,3773551.88,0,-0.07949258190284965,52.0,48.0,4.0,19.68,19.70008313394491,19.65232874070103,0.02306267978277668,0.08342286657288867,0.060360186790111986
1537416000,2018-09-20,19.88,20.22,19.84,20.06,3559406.0,19.7195,20.26891696369844,19.17008303630156,20.132833333333334,19.343833333333333,19.738333333333337,19.7195,0.46999999999999886,20.324,19.115,1,55.00332058613945,4.099636741048257,7.439483251289382,54.71387757407255,19.807776848911498,0.4139789360553487,14.055607834871017,227542434.0,3793775.96,0,-0.08379150127461334,48.0,32.0,16.0,19.7195,19.73436093071206,19.668315848908833,0.032649924526434074,0.10117259244815457,0.0685226679217205
1537502400,2018-09-21,20.04,20.54,20.01,20.42,13980940.0,19.778,20.362999145298186,19.19300085470181,20.19633333333333,19.380333333333333,19.788333333333334,19.778,0.5299999999999976,20.402749999999997,19.15325,1,58.916076230009935,6.077922077922087,10.29813623050335,61.779444027131596,19.89983436210406,0.4222661549085379,14.846129787139088,241523374.0,4022603.28,1,0.0008364261938889542,100.0,88.0,12.0,19.778,19.799659889691863,19.697793658755547,0.05929711169158823,0.1426440575362058,0.08334694584461756
1537761600,2018-09-24,20.37,20.57,20.28,20.44,2992719.0,19.830000000000002,20.454883989232886,19.205116010767117,20.250333333333334,19.430333333333333,19.840333333333334,19.830000000000002,0.28999999999999915,20.457,19.203000000000003,1,59.123938275544695,5.360824742268056,12.637280612361696,68.24657901747415,19.92042166913998,0.41281857241507086,15.651768288888704,244516093.0,4026150.54,0,0.055436752447867055,100.0,92.0,8.0,19.830000000000002,19.86064466210216,19.726899789784742,0.07340709486681748,0.17510581442813944,0.10169871956132195
1537848000,2018-09-25,20.25,20.5,19.91,20.17,3996015.0,19.8625,20.48712388683079,19.23787611316921,20.289166666666667,19.450166666666668,19.869666666666667,19.8625,0.5899999999999999,20.5,19.225,1,55.15820441663589,3.3299180327868965,12.780289287993824,68.30671015845488,19.95286219753452,0.42547438867113724,15.040093779872288,240520078.0,4036305.36,0,0.04806556618298349,96.0,92.0,4.0,19.8625,19.89010707523529,19.744276268616716,0.06024490070842706,0.1770048454468558,0.11675994473842874
1537934400,2018-09-26,20.25,20.57,20.16,20.33,4698581.0,19.898500000000002,20.543427127666067,19.253572872333937,20.33516666666667,19.477166666666665,19.906166666666667,19.898500000000002,0.41000000000000014,20.550250000000002,19.246750000000002,1,56.9590428238771,3.6715961244263076,13.67393673985688,75.31707617675214,20.020913827427446,0.42436907519462747,14.67010809831871,245218659.0,4075650.28,0,0.09572266751094469,92.0,48.0,44.0,19.898500000000002,19.932001639498594,19.767245826710177,0.05798330324106554,0.18923907378976068,0.13125577054869514
1538020800,2018-09-27,20.4,20.77,20.29,20.71,3653367.0,19.95,20.676278183618095,19.223721816381904,20.376,19.527,19.951500000000003,19.95,0.4800000000000004,20.595,19.305,0,60.88606429763961,5.23373983739838,16.189080460086032,80.16742941676725,20.09290900616219,0.4283427126807255,14.867902793663628,248872026.0,4082603.5,0,0.09939247401556969,100.0,60.0,40.0,19.95,20.006096721451108,19.804216578603896,0.07658027563932657,0.22698111509785335,0.15040083945852678
1538107200,2018-09-28,20.71,21.6,20.71,21.31,8761135.0,20.0135,20.95139711589257,19.075602884107433,20.44483333333333,19.577833333333334,20.011333333333333,20.0135,0.8900000000000006,20.672,19.355,0,66.03643690122695,6.337325349301396,20.800251676916602,82.00326469319486,20.25426038448999,0.4613182332035309,16.662304380443125,257633161.0,4188260.12,1,0.11638166414404812,100.0,64.0,36.0,20.0135,20.130277986074812,19.863266908854722,0.12114145560965728,0.3018276589705984,0.1806862033609411
1538366400,2018-10-01,21.34,21.63,21.22,21.63,5013701.0,20.087,21.260185407341734,18.913814592658266,20.523666666666667,19.637666666666668,20.080666666666666,20.087,0.41000000000000014,20.75975,19.41425,0,68.37431666803309,7.291666666666662,25.55964979377714,82.42090977896623,20.37163111545977,0.45765264511756437,18.37362776070516,262646862.0,4224775.48,0,0.18607464511837082,100.0,68.0,32.0,20.087,20.273108654067688,19.932550559487872,0.1614954754372924,0.3825555476575566,0.22106007222026422
1538452800,2018-10-02,21.72,22.51,21.65,21.79,12751391.0,20.182499999999997,21.565017630990496,18.7999823690095,20.649833333333333,19.713833333333334,20.181833333333334,20.182499999999997,0.8800000000000026,20.89425,19.470749999999995,0,69.48002233960372,9.60764587525151,29.752932652958492,84.56805437305518,20.654311063872623,0.48782031332345277,21.020642027146046,275398253.0,4430680.58,0,0.02975125318706567,100.0,72.0,28.000000000000004,20.182499999999997,20.417574496537434,20.00539171401776,0.18651819732597857,0.4542078188777374,0.26768962155175885
1538539200,2018-10-03,21.73,22.28,21.69,21.77,7037604.0,20.286499999999997,21.810839529107465,18.76216047089253,20.7675,19.8185,20.293,20.286499999999997,0.5899999999999999,21.007999999999996,19.564999999999998,0,69.16185714150473,10.563737938039605,32.85449769138214,76.65706726479134,20.78094714705499,0.4951188623717776,23.478583845984016,268360649.0,4495037.04,0,-0.03977264155875869,96.0,72.0,24.0,20.286499999999997,20.546376925438633,20.074592038958244,0.1887075340659986,0.5035740391342571,0.31486650506825853
1538625600,2018-10-04,21.69,21.85,21.47,21.62,4517305.0,20.406,21.954836983029388,18.85716301697061,20.868666666666666,19.941666666666666,20.405166666666666,20.406,0.38000000000000256,21.111,19.700999999999997,0,66.74876654712159,12.428497139885598,34.27982256429705,71.39921659035494,20.860521642090944,0.4868960864880794,25.012190935804142,263843344.0,4524003.1,0,-0.026922879856612913,92.0,72.0,20.0,20.406,20.648626742063524,20.13519627272459,0.16774417976335276,0.5245467297724495,0.3568025500090968
1538712000,2018-10-05,21.71,21.96,21.56,21.94,4657046.0,20.539499999999997,22.13328135263265,18.945718647367343,21.004833333333334,20.068833333333334,20.536833333333334,20.539499999999997,0.40000000000000213,21.25125,19.827749999999995,0,69.16472736724863,13.855734302023881,36.460747899388764,75.8072119251955,20.95333842866899,0.4806892231675025,26.574049940968766,268500390.0,4568337.56,0,0.05471559487685261,100.0,84.0,16.0,20.539499999999997,20.771614671390807,20.205972889480485,0.1629800800076362,0.560527650018642,0.3975475700110058
1538971200,2018-10-08,21.91,22.11,21.63,21.78,3949129.0,20.648000000000003,22.26911813264783,19.026881867352177,21.121666666666666,20.181666666666665,20.651666666666664,20.648000000000003,0.4800000000000004,21.361250000000005,19.93475,0,66.6172223584375,11.06578276389598,37.072663421796754,75.5582920683022,21.06016706678652,0.48063999294125237,28.210056341553642,264551261.0,4601330.72,0,0.020867407168502043,96.0,84.0,12.0,20.648000000000003,20.867651369353588,20.267699442834193,0.13761515794942125,0.5695665174477824,0.43195135949836116
1539057600,2018-10-09,21.75,21.91,21.37,21.67,5186103.0,20.747500000000002,22.363023135086458,19.131976864913547,21.2275,20.2725,20.75,20.747500000000002,0.5399999999999991,21.472,20.023000000000003,0,64.88763919918094,10.111788617886189,36.795300437166475,75.19902173940852,21.169144481969056,0.4848799934454486,28.83541351034918,259365158.0,4671272.42,0,0.07854894820168473,92.0,84.0,8.0,20.747500000000002,20.944065524653247,20.32269162154658,0.10354494111331741,0.561382535890008,0.45783759477669056
1539144000,2018-10-10,21.55,21.83,21.31,21.32,5083738.0,20.818,22.403970995951557,19.232029004048446,21.319,20.345,20.832,20.818,0.5199999999999996,21.55675,20.079250000000002,0,59.69657834084345,7.08186840783526,34.1632498618696,69.74989099598905,21.2344361287903,0.4873885653422022,29.2167191125829,254281420.0,4697973.94,0,0.013991288117421662,88.0,84.0,4.0,20.818,20.979868808019603,20.36180175403495,0.05025219204291109,0.5206528348303294,0.47040064278741833
1539230400,2018-10-11,21.32,21.36,20.68,20.73,5461080.0,20.854499999999998,22.39647892333182,19.312521076668176,21.384833333333333,20.37383333333333,20.87933333333333,20.854499999999998,0.6799999999999997,21.621,20.087999999999997,0,52.27571415344826,3.6500000000000017,28.227673580246982,59.78412973123914,21.376402055203595,0.5011465249606163,27.775826049008938,248820340.0,4749588.32,0,-0.14275890113942405,84.0,80.0,4.0,20.854499999999998,20.9560717786844,20.37624090093554,-0.027725948088138885,0.4357432076772447,0.4634691557653836
1539316800,2018-10-12,20.95,21.07,20.38,20.74,5098869.0,20.8915,22.384420292580806,19.398579707419195,21.43883333333333,20.387833333333333,20.913333333333334,20.8915,0.6900000000000013,21.688000000000002,20.095,0,52.38132456577389,3.699999999999992,23.69412904682693,54.64106142880434,21.370597214321393,0.5146360588920009,25.82836140598024,253919209.0,4786769.82,0,-0.14009478262739417,80.0,76.0,4.0,20.8915,20.93549351404779,20.39050596364395,-0.07873487880739205,0.36505055725614355,0.4437854360635356
1539576000,2018-10-15,20.73,20.93,20.36,20.41,7013809.0,20.926000000000002,22.338775990735815,19.51322400926419,21.473666666666666,20.422666666666665,20.948166666666665,20.926000000000002,0.5700000000000003,21.722500000000004,20.1295,0,48.64219272405825,3.498985801217045,18.183844842630307,52.679346955727404,21.359325267314823,0.5185906261140009,24.064430506914242,246905400.0,4846155.92,0,-0.19905070719218096,76.0,72.0,4.0,20.926000000000002,20.885446512709905,20.391270435657912,-0.1316846120939545,0.27917967094609253,0.410864283040047
1539662400,2018-10-16,20.5,20.86,20.31,20.54,6216580.0,20.9565,22.306911418790417,19.60608858120958,21.51683333333333,20.446833333333334,20.981833333333334,20.9565,0.5500000000000007,21.767249999999997,20.14575,0,50.11870753398491,3.060712493728045,14.395876559617852,53.525792000105554,21.357190584214088,0.5208341528201437,22.54339596819713,253121980.0,4861260.4,0,-0.19801876287069042,72.0,56.0,16.0,20.9565,20.85254684483277,20.397102967592897,-0.15341882909179566,0.21909074667530248,0.37250957576709814
1539748800,2018-10-17,20.57,20.59,19.81,20.03,5632419.0,20.9705,22.27563562513616,19.66536437486384,21.546166666666668,20.444166666666668,20.995166666666666,20.9705,0.7800000000000011,21.80525,20.13575,0,44.799929316322824,1.4177215189873476,8.678749521981208,48.3276513867613,21.310488475740346,0.5393459990472763,22.181780503883537,247489561.0,4882122.2,0,-0.25362536024859716,68.0,56.0,12.0,20.9705,20.774209050086792,20.382706772785333,-0.1949420539541657,0.128832008324391,0.3237740622785567
1539835200,2018-10-18,19.9,19.95,19.52,19.58,5733851.0,20.9465,22.332851686982618,19.560148313017383,21.530833333333334,20.42383333333333,20.97733333333333,20.9465,0.5100000000000016,21.78425,20.10875,0,40.78034075721437,-2.392821535393821,2.0521751242497217,39.811865873089474,21.209468642769195,0.5372498562581852,22.35492606204016,241755710.0,4923149.42,0,-0.3490408774214918,64.0,-36.0,100.0,20.9465,20.660474854840434,20.35122807581336,-0.24241855730532003,0.020750865646906647,0.2631694229522267
1539921600,2018-10-19,19.58,19.86,19.38,19.4,3988301.0,20.8955,22.423393648131164,19.367606351868833,21.4895,20.3875,20.938499999999998,20.8955,0.4800000000000004,21.729499999999998,20.0615,0,39.295817562591665,-4.99510284035261,-3.837779202253218,34.29445803562621,21.111627770967218,0.533160580811172,22.74706296550076,237767409.0,4927972.58,0,-0.458695370197622,60.0,-40.0,100.0,20.8955,20.540429630569918,20.31392501401676,-0.2733543733631074,-0.0785235437516576,0.19483082961144982
1540180800,2018-10-22,19.41,19.87,19.17,19.7,9563382.0,20.8585,22.462660528126648,19.25433947187335,21.4675,20.324499999999997,20.895999999999997,20.8585,0.6999999999999993,21.72325,19.99375,0,42.9399443003292,-3.6203522504892462,-6.9547513882694565,30.577107652872982,20.78608752404118,0.5450776821818025,23.445656073686962,247330791.0,5004989.58,1,-0.3063592502644888,56.00000000000001,-39.99999999999999,96.0,20.8585,20.460388713372783,20.289849523271005,-0.26104559193173493,-0.13147616030321885,0.12956943162851609
1540267200,2018-10-23,19.51,19.53,18.69,19.27,9090069.0,20.813499999999998,22.538345210446305,19.08865478955369,21.4285,20.2605,20.8445,20.813499999999998,1.009999999999998,21.70975,19.917249999999996,0,39.37374825484066,-4.462072384729806,-11.110305830274871,30.21020109351231,20.506698590339568,0.5782864191688165,24.758180571770783,238240722.0,5014062.9,0,-0.1927912569191543,52.0,-48.0,100.0,20.813499999999998,20.347018359718234,20.2498554243192,-0.268269100121951,-0.20576694352392266,0.06250215659802834
1540353600,2018-10-24,19.33,19.39,18.88,18.96,3626477.0,20.744999999999997,22.641486224574162,18.848513775425833,21.369666666666667,20.19166666666667,20.780666666666665,20.744999999999997,0.5100000000000016,21.64875,19.841249999999995,0,37.03934101410749,-6.73880964092473,-15.475676973520796,30.738270942295117,20.377988109873087,0.5734088177996155,25.976953319991473,234614245.0,5000824.52,0,-0.21407983521559665,48.0,-52.0,100.0,20.744999999999997,20.2149213730784,20.199272858659622,-0.27908684160547864,-0.28635639540881996,-0.007269553803341322
1540440000,2018-10-25,19.1,19.33,19.03,19.06,4722803.0,20.6625,22.696470255436296,18.628529744563707,21.288166666666665,20.128166666666665,20.708166666666664,20.6625,0.36999999999999744,21.558000000000003,19.767,0,38.281844176864524,-7.967165620473211,-18.34432137812328,30.259990976160736,20.221675809725784,0.5588796165282142,27.10867087191068,239337048.0,4951243.58,0,-0.31307003216773643,44.0,-52.0,96.0,20.6625,20.104928861356647,20.15459549165336,-0.264788957470616,-0.3382557506416113,-0.07346679317099532
1540526400,2018-10-26,18.99,19.14,18.63,18.93,4524124.0,20.5435,22.687526818862022,18.39947318113798,21.153833333333335,20.03183333333333,20.592833333333335,20.5435,0.5100000000000016,21.410500000000003,19.6765,0,37.275218096711,-11.16846550915063,-21.054339071723245,24.964257343733394,20.06884468854635,0.5553882153476276,28.6806088195924,234812924.0,4936193.48,0,-0.28268625238383344,40.0,-60.0,100.0,20.5435,19.993030874560777,20.106572139039503,-0.24957315956384749,-0.3854332426258047,-0.1358600830619572
1540785600,2018-10-29,19.04,19.18,18.52,18.68,4293311.0,20.396,22.62495850118382,18.167041498816182,21.031333333333333,19.884333333333334,20.457833333333333,20.396,0.6600000000000001,21.281750000000002,19.51025,0,35.39137052794217,-13.638465094775773,-24.048852606089348,25.45942494213456,19.897996418302082,0.56286048567994,30.2703977442603,230519613.0,4948387.58,0,-0.3206670698879183,36.0,-64.0,100.0,20.396,19.8679803150788,20.050628133586976,-0.24166896030099225,-0.4379462834381975,-0.19627732313720528
1540872000,2018-10-30,18.67,18.9,18.46,18.75,3855210.0,20.244,22.48655568492727,18.001444315072728,20.846333333333334,19.741333333333337,20.293833333333332,20.244,0.4399999999999977,21.09675,19.39125,0,36.33963421851217,-13.951353832033039,-26.058705144423687,26.06702909121897,19.7370979848229,0.5540847367028012,31.81881655259655,234374823.0,4976513.54,0,-0.24808526092056868,32.0,-64.0,96.0,20.244,19.76150599935701,19.999623108740426,-0.21778941573858568,-0.46851409281043743,-0.25072467707185175
1540958400,2018-10-31,18.85,19.5,18.85,19.38,6321077.0,20.1245,22.28216053863893,17.966839461361072,20.715833333333336,19.604833333333332,20.160333333333334,20.1245,0.75,20.989250000000002,19.25975,0,44.110787691484965,-10.978410656867252,-24.22580180884697,33.726132744156445,19.61662588961888,0.5680786840811726,31.286136089376864,240695900.0,5058055.08,0,-0.13691003369108992,28.000000000000004,-64.0,92.0,20.1245,19.725172094656344,19.97532416329963,-0.14891436155069127,-0.4368676290102158,-0.28795326745952454
1541044800,2018-11-01,19.39,19.82,19.15,19.78,4585205.0,20.032500000000002,22.08142044745511,17.983579552544896,20.627166666666668,19.487166666666667,20.057166666666667,20.032500000000002,0.6700000000000017,20.919000000000004,19.146,0,48.32658172259323,-8.510638297872338,-20.70070309121438,39.8766623517152,19.542988767310987,0.5753587780753746,29.95268080121982,245281105.0,5079805.86,0,-0.08959587251581669,24.0,-64.0,88.0,20.032500000000002,19.73039379992717,19.967664392189842,-0.0697861945143956,-0.3751860106025191,-0.3053998160881235
1541131200,2018-11-02,20.55,21.27,20.34,20.89,14299094.0,19.98,21.879052395274982,18.08094760472502,20.604333333333336,19.411333333333335,20.00783333333333,19.98,1.4899999999999984,20.94825,19.01175,0,57.65649456177319,-4.785779398359164,-12.643100639225697,53.789440191390035,19.673360414287238,0.6406902939271334,29.44941726780748,259580199.0,5297344.82,1,0.015084998890846147,20.0,-64.0,84.0,19.98,19.840832485648395,20.003834416025537,0.05708999391446867,-0.2340373236950377,-0.2911273176095064
1541394000,2018-11-05,21.03,21.42,20.95,21.38,7030415.0,19.96,21.789972677391564,18.130027322608438,20.574333333333335,19.38233333333333,19.97833333333333,19.96,0.5300000000000011,20.932000000000002,18.988,0,60.93410733358885,-1.8365472910927554,-4.672709794061037,54.366864500756535,19.73650545841943,0.6327838443609097,29.169048326138782,266610614.0,5382256.28,0,0.09345172813804982,16.0,-64.0,80.0,19.96,19.987419867967596,20.05780169382846,0.16754558645769907,-0.08169533453738254,-0.2492409209950816
1541480400,2018-11-06,21.25,21.59,20.74,20.96,4808030.0,19.9245,21.64465667891028,18.204343321089716,20.562166666666666,19.339166666666664,19.950666666666667,19.9245,0.8500000000000014,20.919749999999997,18.92925,0,56.95631314549553,-3.2764190124596255,-0.35786230143508657,54.749028248577225,19.785651739578167,0.6482992840494163,28.472124497123506,261802584.0,5416249.08,0,0.09591617562073876,12.0,-64.0,76.0,19.9245,20.080046547208777,20.093182019560675,0.20346285858269667,0.005087652233289219,-0.19837520634940745
1541566800,2018-11-07,21.04,21.28,20.93,21.16,5276201.0,19.9165,21.611932393225885,18.221067606774113,20.5355,19.3295,19.9325,19.9165,0.3500000000000014,20.899,18.933999999999997,0,58.320158152224955,-0.7504690431519707,3.574381945134254,61.316053069186914,19.874558771347267,0.626992192331601,27.824980941609322,267078785.0,5456040.8,0,0.163787612189856,8.0,-64.0,72.0,19.9165,20.182899256998418,20.135018018793588,0.22988133131743793,0.08897645779738994,-0.140904873520048
1541653200,2018-11-08,21.08,21.31,20.54,20.77,3868101.0,19.9185,21.617856054509957,18.219143945490046,20.5375,19.322499999999998,19.93,19.9185,0.7699999999999996,20.907750000000004,18.92925,0,54.758762795706076,0.19295706705257668,5.100095804031101,61.21638915047031,19.934783352819107,0.6372070357364866,26.41443195914701,263210684.0,5433074.52,0,0.18845865941487244,4.0,-64.0,68.0,19.9185,20.23881361347476,20.159919272958547,0.21078487291478165,0.12257621762342907,-0.08820865529135258
1541739600,2018-11-09,20.7,20.91,20.49,20.62,4250048.0,19.9125,21.601024503819726,18.223975496180277,20.521166666666666,19.333166666666664,19.927166666666665,19.9125,0.4200000000000017,20.881500000000003,18.9435,0,53.43761439431845,-0.5785920925747225,5.711324548689231,53.376007467061754,20.015873212757125,0.6216922474695948,25.004772689969247,258960636.0,5413163.78,0,0.11973089399123248,4.0,-60.0,64.0,19.9125,20.275117078858116,20.177961654411153,0.17899742330428625,0.1355381238390052,-0.04345929946528103
1541998800,2018-11-12,20.62,21.21,20.53,21.07,4456110.0,19.9455,21.696276684788682,18.194723315211316,20.545166666666667,19.34616666666667,19.945666666666664,19.9455,0.6799999999999997,20.92275,18.968249999999998,0,56.73403076956895,3.2337089661930434,7.6512319579557175,62.28803905366659,20.172003291848732,0.6258570869360522,24.209994096970043,263416746.0,5420421.08,0,0.11595285747670886,4.0,-56.0,60.0,19.9455,20.350820214204962,20.2129435503166,0.1788044838603537,0.18004630536016109,0.001241821499807394
1542085200,2018-11-13,21.19,21.36,20.75,20.83,2826145.0,19.96,21.734869009251007,18.185130990748995,20.568666666666665,19.363666666666667,19.966166666666666,19.96,0.6099999999999994,20.941750000000003,18.97825,0,54.56533425093042,1.4118792599805217,8.264217645631186,66.58985985178123,20.255284342871832,0.6247244378691913,23.717309832804812,260590601.0,5382613.76,0,0.12256528725748246,76.0,19.999999999999993,56.00000000000001,19.96,20.39645638428068,20.237141842461046,0.15398276588458634,0.19372027885554033,0.03973751297095398
1542171600,2018-11-14,20.8,20.94,20.25,20.42,3661237.0,19.979499999999998,21.765551231068034,18.19344876893196,20.583833333333335,19.387833333333333,19.985833333333336,19.979499999999998,0.6900000000000013,20.9545,19.004499999999997,0,51.05580187125135,1.9470793809286095,7.231558748100943,61.26089651670828,20.340322955553102,0.629386978021392,22.21045139017449,256929364.0,5372747.96,0,0.15026393699483884,72.0,20.0,52.0,19.979499999999998,20.398698633396805,20.24431275059983,0.10382544141606427,0.16951931474103432,0.06569387332497005
1542258000,2018-11-15,20.32,20.41,19.71,19.94,4144579.0,19.9975,21.774315972463,18.220684027536997,20.614166666666666,19.391166666666667,20.002666666666666,19.9975,0.7100000000000009,20.987499999999997,19.0075,0,47.30620707630446,1.8386108273748876,4.705985030427451,61.364025039695335,20.41074864333123,0.6351450510198641,21.36866937225824,252784785.0,5367102.06,0,0.12091411184713653,68.0,20.0,48.0,19.9975,20.355013049263775,20.232378917242972,0.03571370380988205,0.11033600308732261,0.07462229927744056
1542344400,2018-11-16,20.12,20.38,19.96,20.27,6385125.0,20.041000000000004,21.79968018695829,18.282319813041717,20.644,19.427,20.0355,20.041000000000004,0.4399999999999977,21.028000000000006,19.054000000000002,0,49.965451856320065,4.484536082474232,3.797966192315725,67.7653164059713,20.48491979482369,0.6212061188041593,20.587014641336005,259169910.0,5434151.94,1,0.18689718442269942,64.0,20.0,44.0,20.041000000000004,20.346916568381513,20.233854253821683,0.01152992665560594,0.08903470759694798,0.07750478094134204
1542603600,2018-11-19,20.24,20.53,20.1,20.17,7779692.0,20.0645,21.816875245202816,18.312124754797182,20.664833333333334,19.474833333333333,20.06983333333333,20.0645,0.4299999999999997,21.03125,19.097749999999998,0,49.1738702380229,2.385786802030469,2.742549994985761,73.85252527838502,20.54980094826782,0.6075485388895766,19.55084965735861,251390218.0,5533893.06,0,0.09646167663698782,60.0,20.0,40.0,20.0645,20.330067371392797,20.231350165436517,-0.011320776829909812,0.06335380990395478,0.0746745867338646
1542690000,2018-11-20,20.03,20.05,18.86,19.16,11274787.0,20.059,21.821973624306285,18.296026375693717,20.692,19.467000000000002,20.0795,20.059,1.3100000000000023,21.048250000000003,19.06975,0,42.08536383482552,-0.5708354955889955,-1.441448927211381,62.72471337805708,20.488438001014174,0.657723643254607,20.328973111660066,240115431.0,5684113.82,-1,-0.02232894224312998,56.00000000000001,20.000000000000007,36.0,20.059,20.2186323836411,20.189336433458614,-0.09018633566378867,-0.038058332845871234,0.052128002817917435
1542776400,2018-11-21,19.3,19.92,19.3,19.52,5941635.0,20.087,21.796234916563442,18.377765083436557,20.72266666666667,19.486666666666665,20.104666666666667,20.087,0.7600000000000016,21.095,19.079,0,45.05696495215591,2.9535864978902886,-3.455666690454611,63.28663442700845,20.473932196573212,0.6650290973078494,21.051516319225698,246057066.0,5723940.02,0,-0.08898407102971469,52.0,20.0,32.0,20.087,20.15209596615147,20.163087945872004,-0.1123909053967177,-0.08836062892797969,0.02403027646873801
1542949200,2018-11-23,19.46,19.7,19.43,19.58,1739366.0,20.113,21.774097227738228,18.45190277226177,20.74266666666667,19.509666666666668,20.126166666666666,20.113,0.2699999999999996,21.113500000000002,19.112499999999997,0,45.54713644284505,2.728226652675759,-4.815690388308456,54.541323146147235,20.382548139638068,0.6368127332144315,21.7224492976795,247796432.0,5704854.28,0,-0.1371607438702884,48.0,19.999999999999996,28.000000000000004,20.113,20.097610636041807,20.14022175191624,-0.11680660216777783,-0.12197797624098428,-0.005171374073206447
1543208400,2018-11-26,19.68,20.0,19.62,19.86,4819291.0,20.1595,21.73541211683889,18.583587883161112,20.7825,19.5625,20.1725,20.1595,0.4200000000000017,21.153250000000003,19.16575,0,47.83332342474619,4.912836767036448,-4.955411447210831,52.845115492431205,20.25932115113801,0.6213261094134008,21.66817826137107,252615723.0,5723181.26,0,-0.205513542375769,44.0,20.0,24.0,20.1595,20.07498105165687,20.129232663605798,-0.09553498795898215,-0.12459010902193413,-0.029055121062951984
1543294800,2018-11-27,19.88,19.94,19.58,19.63,4260107.0,20.207,21.65363886301994,18.760361136980062,20.81366666666667,19.62366666666667,20.218666666666667,20.207,0.360000000000003,21.178250000000002,19.23575,0,46.157681530877895,5.08565310492505,-5.75918949100177,53.49151197362678,20.169656024105795,0.6026599587410153,21.676099858666095,248355616.0,5737250.86,0,-0.21782469527792345,40.0,20.0,20.0,20.207,20.032601903880025,20.109654912091845,-0.09160742302513342,-0.14356439984436875,-0.05195697681923534
1543381200,2018-11-28,19.73,20.13,19.7,20.0,5053580.0,20.2695,21.55835181460074,18.98064818539926,20.875166666666665,19.686166666666665,20.280666666666665,20.2695,0.5,21.245250000000002,19.29375,0,49.17275242635089,6.666666666666667,-5.155056237338536,53.14094267465708,20.082009838148426,0.5953271045452285,21.246894590711687,253409196.0,5733157.58,0,-0.21369184203595862,36.0,20.0,16.0,20.2695,20.029496960653358,20.10535471946079,-0.06025727147262398,-0.12727856616001532,-0.06702129468739133
1543467600,2018-11-29,20.0,20.14,19.67,19.87,4695546.0,20.294,21.531907912568467,19.056092087431534,20.898666666666664,19.727666666666668,20.313166666666667,20.294,0.46999999999999886,21.24875,19.33925,0,48.175020865382514,2.5283797729618267,-5.067299532527092,52.66933331490249,20.02664427809024,0.5863751685062836,20.899318699347813,248713650.0,5722676.72,0,-0.19917635641193818,32.0,20.0,12.0,20.294,20.014306773924467,20.096125122619192,-0.04513409403772786,-0.12343891223455117,-0.0783048181968233
1543554000,2018-11-30,19.88,20.22,19.85,20.11,7248754.0,20.310499999999998,21.529212025049237,19.09178797495076,20.9075,19.7665,20.337,20.310499999999998,0.36999999999999744,21.242749999999997,19.378249999999998,0,50.14099188024546,1.668351870576331,-4.182478110504344,60.41918818923774,19.992900724049843,0.5709197993272631,20.379353925373078,255962404.0,5796463.68,0,-0.12978206292482045,28.000000000000004,20.000000000000004,8.0,20.310499999999998,20.02342041450309,20.096669235457657,-0.017259046219490426,-0.09987862597118635,-0.08261957975169593
1543813200,2018-12-03,20.3,20.51,20.2,20.36,5811576.0,20.284,21.473863857758364,19.094136142241634,20.852666666666668,19.773666666666667,20.313166666666667,20.284,0.40000000000000213,21.1345,19.4335,0,52.132067727557256,-2.5370990904739164,-2.618498366396462,61.07462847734939,19.96525090688849,0.5587112422324588,19.208606631369523,261773980.0,5633076.4,0,-0.1596315264755811,24.0,20.0,4.0,20.284,20.055475613121843,20.106995932106376,0.017824884337931612,-0.06033847432928141,-0.07816335866721302
1543899600,2018-12-04,20.38,20.66,20.11,20.11,4771159.0,20.220499999999998,21.300064263950794,19.1409357360492,20.808833333333332,19.721833333333336,20.265333333333334,20.220499999999998,0.5500000000000007,21.072499999999998,19.368499999999997,0,50.02905052550858,-5.940130963517304,-2.157239537930439,55.762723670625675,19.94846324715306,0.5580890106444262,17.886541719236003,257002821.0,5668645.2,0,-0.19025301863734015,20.0,16.0,4.0,20.220499999999998,20.060668411872143,20.10711373869044,0.023638586897906863,-0.048615125044829455,-0.07225371194273632
1544072400,2018-12-06,19.95,20.74,19.61,20.63,9869124.0,20.204,21.247329286466943,19.160670713533058,20.784333333333333,19.669333333333334,20.22683333333333,20.204,1.129999999999999,21.077,19.331,0,54.08448221238559,-1.5744274809160395,-0.02945524734107615,63.572592276230864,19.967306819157823,0.5989397955983957,17.560953678466298,266871945.0,5786107.38,1,-0.05914723555776095,16.0,-44.0,60.0,20.204,20.11489046788432,20.127619082271206,0.05988723773120953,0.0026053352212755954,-0.05728190250993394
1544158800,2018-12-07,20.71,20.86,20.44,20.51,5167611.0,20.1715,21.130797138534057,19.212202861465947,20.761833333333335,19.639833333333335,20.200833333333332,20.1715,0.41999999999999815,21.049750000000003,19.29325,0,53.03887613464812,-3.071833648393188,1.2737899386485383,68.96755852089518,20.003482748394656,0.5861583816270816,16.977294403561647,261704334.0,5795487.98,0,-0.08229775725615858,12.0,-44.00000000000001,56.00000000000001,20.1715,20.15251994713343,20.14261441237822,0.0723319103725337,0.03313298545573318,-0.039198924916800514
1544418000,2018-12-10,20.25,20.52,20.04,20.25,4507368.0,20.145500000000002,21.06590154280598,19.225098457194022,20.717166666666667,19.624166666666667,20.170666666666666,20.145500000000002,0.4800000000000004,21.002000000000002,19.289,0,50.799024303348574,-2.5036109773712063,1.436743758520952,62.75637774684131,20.00258113278005,0.5785756400822901,17.153211849898845,257196966.0,5812568.0,0,-0.12761377138356958,8.0,-44.0,52.0,20.145500000000002,20.161803761692152,20.146825611892798,0.060105008349655056,0.03593233552026831,-0.024172672829386746
1544504400,2018-12-11,20.42,20.76,20.22,20.48,5228891.0,20.1385,21.046404730684685,19.230595269315316,20.713833333333334,19.608833333333333,20.161333333333335,20.1385,0.5400000000000027,21.004,19.273,0,52.66059137477109,-0.6789524733268698,2.3412829820338183,61.58599649397965,20.008511391792847,0.5758202372192696,16.746001141172293,262425857.0,5741923.12,0,-0.06880471649019547,4.0,-44.0,48.0,20.1385,20.19210816534052,20.159891274171514,0.06418905950175412,0.056063651547805904,-0.008125407953948218
1544590800,2018-12-12,20.71,21.24,20.56,20.91,7968911.0,20.1305,21.007733720281905,19.253266279718098,20.71216666666667,19.607166666666664,20.159666666666666,20.1305,0.759999999999998,21.002000000000002,19.259,0,55.94120161184009,-0.7593735168486005,4.507654100127769,74.32984250108134,20.19636321465719,0.5889759345607501,15.734176550578567,270394768.0,5801027.32,1,0.0038046292941871646,8.0,-36.0,44.0,20.1305,20.26047881626047,20.189307302635378,0.09089964031110513,0.10549914243493319,0.014599502123828064
1544677200,2018-12-13,20.93,21.49,20.9,21.27,6729286.0,20.1525,21.116572092739762,19.188427907260238,20.723166666666668,19.620166666666666,20.171666666666667,20.1525,0.5899999999999999,21.0225,19.2825,0,58.477089418464445,2.1123379740758583,7.416397112240329,74.75882456096323,20.331851499096512,0.5890490820921251,15.253631310034269,277124054.0,5680585.22,1,0.04788841486442614,100.0,60.0,40.0,20.1525,20.35662369090233,20.231687408414384,0.1257174636431197,0.17174633167772768,0.04602886803460799
1544763600,2018-12-14,21.08,21.49,21.03,21.16,5188091.0,20.189500000000002,21.244326526021993,19.13467347397801,20.746166666666667,19.666166666666665,20.206166666666665,20.189500000000002,0.4599999999999973,21.042250000000003,19.336750000000002,0,57.41421153292183,3.6238981390793263,9.33598569520582,77.96760255565633,20.405235326540065,0.5798312905141161,14.807410729528849,271935963.0,5643594.96,0,0.015742186818885024,96.0,60.0,36.0,20.189500000000002,20.433135720340207,20.268091823770682,0.13351070416818475,0.21291724824483893,0.07940654407665418
1545022800,2018-12-17,21.17,21.23,20.37,20.46,8299581.0,20.2155,21.27008001118911,19.16091998881089,20.7875,19.6915,20.2395,20.2155,0.8599999999999994,21.0795,19.351499999999998,0,51.182582813638845,2.607823470411231,8.220904848791582,69.04124226925266,20.465660774833584,0.5998433411916793,14.414712587162958,263636382.0,5719240.48,0,-0.07724743387792526,92.0,60.0,32.0,20.2155,20.43569422316495,20.275617634603204,0.08600020564333045,0.18690680113081726,0.1009065954874868
1545109200,2018-12-18,20.56,20.94,19.93,20.0,5606735.0,20.201999999999998,21.26034965866656,19.143650341333437,20.821333333333335,19.666333333333334,20.243833333333335,20.201999999999998,1.0100000000000016,21.108749999999997,19.29525,0,47.608207273338245,-1.332017760236801,5.651314692962648,67.87706959064043,20.491267374960906,0.6291402453922738,14.747404058868018,258029647.0,5738234.26,0,-0.09638694393449138,88.0,60.0,28.000000000000004,20.201999999999998,20.39419953524448,20.264809099912885,0.021437201185023208,0.1277030969687658,0.1062658957837426
1545195600,2018-12-19,19.98,20.3,19.7,19.83,5336169.0,20.185,21.25571004478319,19.114289955216808,20.813666666666666,19.64166666666667,20.227666666666668,20.185,0.6000000000000014,21.104499999999998,19.2655,0,46.349032147612604,-1.685671789786829,3.0295411455940746,61.96980464578208,20.48947584101266,0.6270587992928257,15.386616419989533,252693478.0,5765975.06,0,-0.15417460350016168,84.0,60.0,24.0,20.185,20.340466246173577,20.2477577626614,-0.03197122146209763,0.06630186895612056,0.09827309041821819
1545282000,2018-12-20,19.76,19.82,18.84,19.05,8032222.0,20.179499999999997,21.272120245098733,19.08687975490126,20.797166666666666,19.646166666666666,20.221666666666668,20.179499999999997,0.9899999999999984,21.074999999999996,19.284,0,41.09904634962537,-0.5741127348642977,-1.6974385318052547,59.90289347310405,20.408558020415523,0.6529831707719095,16.999605476821817,244661256.0,5822897.44,0,-0.19178453863859818,80.0,-20.0,100.0,20.179499999999997,20.21756469891895,20.200786870008013,-0.11444431660968678,-0.04478230534389027,0.0696620112657965
1545368400,2018-12-21,19.1,19.24,18.27,18.35,9586163.0,20.121000000000002,21.44861289538767,18.793387104612336,20.766666666666666,19.580666666666666,20.17366666666667,20.121000000000002,0.9699999999999989,21.03225,19.209750000000003,0,37.12639814032366,-5.993852459016384,-7.527792017189768,51.04378162888779,20.249835554159482,0.6756272300024874,19.019252747252033,235075093.0,5912945.94,0,-0.3057369425897653,76.0,-24.0,100.0,20.121000000000002,20.03970139426,20.128206992752798,-0.20544495462365128,-0.1871441820137676,0.018300772609883692
1545627600,2018-12-24,18.23,18.4,17.84,18.15,2810084.0,20.049500000000002,21.618110531648835,18.48088946835117,20.70916666666667,19.494166666666665,20.101666666666667,20.049500000000002,0.5599999999999987,20.9825,19.116500000000002,0,36.077594262868,-7.303370786516854,-12.549876176803703,46.375483315277265,20.17601209603209,0.6673681421451667,21.236013941009297,232265009.0,5859926.02,0,-0.3147610072776927,72.0,-28.0,100.0,20.049500000000002,19.859729832901905,20.05063024793896,-0.26464300496652704,-0.3125029835982751,-0.04785997863174807
1545800400,2018-12-26,18.18,19.06,18.01,19.01,7349638.0,20.006999999999998,21.638638440341374,18.37536155965862,20.686,19.404,20.044999999999998,20.006999999999998,1.0499999999999972,20.987249999999996,19.02675,0,43.3244861632736,-4.279959718026173,-13.327602529678362,52.82588740737107,20.051045623528378,0.6946989891347976,21.942395389909812,239614647.0,5904941.4,0,-0.1813354735179616,68.0,-28.0,96.0,20.006999999999998,19.778803182149343,20.009821218608025,-0.2325546512697321,-0.3385532927189132,-0.10599864144918111
1545886800,2018-12-27,18.81,19.11,18.4,19.1,3332452.0,19.9805,21.65248654300794,18.30851345699206,20.661166666666666,19.344166666666666,20.002666666666666,19.9805,0.7100000000000009,20.987,18.974,0,44.02356214723503,-2.699949057564939,-13.603079297258718,49.00539109963738,19.972872428891424,0.6957919184823121,22.502911257178,242947099.0,5831314.26,0,-0.25056533438218087,64.0,-28.0,92.0,19.9805,19.71415526003988,19.974141955133202,-0.19354143460507361,-0.3479254347055232,-0.15438400010044956
1545973200,2018-12-28,19.13,19.35,18.93,19.1,2835573.0,19.9355,21.650848069634744,18.220151930365258,20.619833333333336,19.303833333333333,19.961833333333335,19.9355,0.4200000000000017,20.936,18.935000000000002,0,44.02356214723504,-4.499999999999993,-13.818056049631803,47.38938085686605,19.904554890006537,0.6760924957335757,22.5596391930678,245782672.0,5763694.12,0,-0.22254209616419254,60.0,-28.0,88.0,19.9355,19.655664282893227,19.939861878461315,-0.15753545493761306,-0.3513033187724659,-0.19376786383485284
1546232400,2018-12-31,19.19,19.64,19.15,19.6,2959103.0,19.922,21.643436609346868,18.200563390653134,20.599333333333334,19.281333333333333,19.94033333333333,19.922,0.5399999999999991,20.92775,18.91625,0,47.97386814359313,-1.3588324106693486,-12.240607071603165,51.9477784583778,19.86821831251676,0.6663716031811774,22.07406872267012,248741775.0,5710227.8,0,-0.1893799639057865,56.00000000000001,-27.999999999999993,84.0,19.922,19.65036292261768,19.92653396165891,-0.09303395903457734,-0.31006031262807454,-0.2170263535934972
1546405200,2019-01-02,19.28,19.78,19.07,19.16,4129585.0,19.8745,21.624751124838845,18.124248875161157,20.580166666666667,19.228166666666667,19.90416666666667,19.8745,0.7100000000000009,20.90575,18.84325,0,45.03020270530634,-4.724017901541519,-12.183523337069149,46.091446776935506,19.800495715097664,0.6694879172396648,21.368543890238872,244612190.0,5678142.48,0,-0.2280156056330513,52.0,-28.0,80.0,19.8745,19.603661691892185,19.89647380629974,-0.07382986138100811,-0.30931368031975737,-0.23548381893874926
1546491600,2019-01-03,19.15,19.4,18.86,18.99,3220865.0,19.806,21.58193243114699,18.030067568853013,20.528,19.153,19.8405,19.806,0.5399999999999991,20.84775,18.76425,0,43.93383689288025,-6.728880157170929,-12.594617103515349,38.12141470389088,19.653333777229424,0.6602387802939743,21.010621820083816,241391325.0,5662793.76,0,-0.26762397004239386,48.0,-28.0,76.0,19.806,19.545217721235787,19.86092581389583,-0.06662496350693409,-0.31876502332241685,-0.25214005981548276
1546578000,2019-01-04,19.1,19.81,19.1,19.76,3481116.0,19.788500000000003,21.558994563674133,18.018005436325872,20.499166666666667,19.108166666666666,19.803666666666665,19.788500000000003,0.8200000000000003,20.850500000000004,18.7265,0,49.765252620170045,-1.7404276479363396,-10.29854393780424,34.836505844187414,19.50258623786941,0.6716502959872619,19.925180361853485,244872441.0,5541148.44,0,-0.26193311062083596,44.0,-28.0,72.0,19.788500000000003,19.565673176356185,19.85696793884109,-0.007178168486327019,-0.26111277042339154,-0.2539346019370645
1546837200,2019-01-07,19.8,20.46,19.75,20.09,5410983.0,19.761499999999998,21.495942561747043,18.027057438252953,20.466833333333334,19.11783333333333,19.792333333333335,19.761499999999998,0.7100000000000009,20.791999999999998,18.730999999999998,0,52.01670539086181,-2.617547261269991,-7.426883082986016,34.7732408459281,19.42367935543933,0.6743895605596004,19.099238605480107,250283424.0,5467566.72,0,-0.2331247986981949,40.0,-28.0,68.0,19.761499999999998,19.615609064322264,19.866106451043404,0.05383312476404553,-0.18664319598200763,-0.24047632074605316
1546923600,2019-01-08,20.13,20.43,19.96,20.1,4142077.0,19.741,21.449062059762362,18.032937940237638,20.447333333333333,19.093333333333334,19.770333333333333,19.741,0.46999999999999886,20.77525,18.70675,0,52.0852054117547,-1.9990248659190646,-5.130853842990554,43.43682967964234,19.31495502392924,0.6597903062339147,18.332292688847684,254425501.0,5477878.72,0,-0.1756921935166894,36.0,-28.0,64.0,19.741,19.66174153438681,19.87527874708092,0.09208235338459064,-0.12537337901531487,-0.2174557323999055
1547010000,2019-01-09,20.08,20.18,19.88,19.96,3628631.0,19.726499999999998,21.421908800260173,18.031091199739823,20.425166666666666,19.089166666666667,19.757166666666667,19.726499999999998,0.3000000000000007,20.747249999999998,18.70575,0,51.012013148125355,-1.4320987654320945,-3.6911329634406203,44.837282613740484,19.270326428153734,0.634090998645778,17.474887272400583,250796870.0,5455995.28,0,-0.13360209440979406,32.0,-28.0,60.0,19.726499999999998,19.69014710254045,19.878601149156175,0.10427714921912654,-0.08710929587599736,-0.1913864450951239
1547096400,2019-01-10,19.92,20.65,19.92,20.65,4802189.0,19.735000000000003,21.447057242033587,18.02294275796642,20.430666666666667,19.07566666666667,19.753166666666665,19.735000000000003,0.7299999999999969,20.770000000000003,18.700000000000003,0,55.742909776948444,0.830078124999991,-0.3714922322678117,52.86156188823666,19.298713869991698,0.6409416415996507,17.38877735346429,255599059.0,5461556.58,0,-0.015607619373434044,28.000000000000004,-28.000000000000004,56.00000000000001,19.735000000000003,19.781561664203263,19.908852084483385,0.15223325224554357,-0.0010948797881944472,-0.15332813203373802
1547182800,2019-01-11,20.63,20.63,20.12,20.37,3194404.0,19.708000000000002,21.361101327807724,18.05489867219228,20.395666666666664,19.057666666666666,19.726666666666667,19.708000000000002,0.5299999999999976,20.72575,18.690250000000002,0,53.534532763360964,-2.582496413199422,1.4058029375892254,56.87171912203139,19.363282870693293,0.6330172386282469,17.30881814302345,252404655.0,5439578.44,0,0.05751146092287486,24.0,-28.0,52.0,19.708000000000002,19.83760341046962,19.926936316464428,0.15783980736520048,0.043971627172762595,-0.1138681801924379
1547442000,2019-01-14,20.24,20.41,19.96,20.17,5850755.0,19.653,21.161430972898543,18.144569027101454,20.336666666666666,19.012666666666668,19.674666666666667,19.653,0.4499999999999993,20.660249999999998,18.64575,0,51.98600711210782,-5.171603196991057,2.2020911924496422,59.9442643230112,19.57157985577252,0.6199445787262292,16.900594875872788,246553900.0,5479489.34,0,0.19452051364452375,20.0,-28.0,48.0,19.653,19.869260228520133,19.936468225622683,0.1413542456769427,0.06282462690374047,-0.07852961877320223
1547528400,2019-01-15,20.06,20.57,20.06,20.32,3638955.0,19.611,20.99052020644848,18.23147979355152,20.293666666666667,18.964666666666666,19.62916666666667,19.611,0.5100000000000016,20.622,18.6,0,53.05798004353863,-3.9697542533081274,3.2959463761032968,65.21417956135343,19.68821880704663,0.6120913945314986,16.783653292953893,250192855.0,5425846.9,0,0.18777705800690822,16.0,-28.0,44.0,19.611,19.91218782580393,19.95150868736297,0.13389998097096847,0.08884535744050837,-0.045054623530460115
1547614800,2019-01-16,20.3,20.85,20.26,20.77,4116884.0,19.6265,21.05009088224098,18.20290911775902,20.277166666666666,18.975166666666667,19.62616666666667,19.6265,0.5899999999999999,20.61725,18.63575,0,56.149607328107585,1.5151515151515087,5.528355865733098,63.53805073540574,19.89236202702788,0.6105134377792487,17.114205726327036,254309739.0,5416480.48,0,0.1322053360985435,12.0,-28.0,40.0,19.6265,19.993884223346413,19.983606385897758,0.15133723712514677,0.14411692287597333,-0.007220314249173427
1547701200,2019-01-17,20.77,21.23,20.72,21.07,3622266.0,19.68,21.23048379546503,18.12951620453497,20.288,19.036,19.662,19.68,0.5100000000000016,20.63325,18.72675,0,58.08675095148051,5.350000000000001,8.202706553967989,63.9750025437708,20.02761229477442,0.6033339065093024,17.959332711376728,257932005.0,5202943.92,0,0.09718253334217103,8.0,-28.0,36.0,19.68,20.096371440170564,20.026210057039023,0.1735443487958398,0.2097101217456263,0.036165772949786526
1547787600,2019-01-18,21.15,21.28,20.65,20.72,3995871.0,19.7245,21.33939906805337,18.109600931946627,20.3365,19.0815,19.709,19.7245,0.6300000000000026,20.68,18.769,0,55.09762380751415,4.488149268784673,9.15280218147471,57.52958023424977,20.133924028662484,0.6052386274729239,18.572185214800875,253936134.0,5142253.04,0,0.049480531407551626,4.0,-28.0,32.0,19.7245,20.155764636344795,20.05341750578259,0.15569995585074128,0.23079071776321314,0.07509076191247185
1548133200,2019-01-22,20.9,20.94,20.55,20.79,5202992.0,19.811500000000002,21.45882844326796,18.164171556732043,20.383166666666668,19.187166666666666,19.785166666666665,19.811500000000002,0.39000000000000057,20.722,18.901000000000003,0,55.57886560322645,9.133858267716526,10.120687490747196,50.20185502056185,20.223623428200895,0.5898644397962866,18.888969087030823,259139126.0,5150152.28,0,0.025757395242086575,4.0,-24.000000000000004,28.000000000000004,19.811500000000002,20.216168004311957,20.08230309379112,0.14013603541286151,0.25026080617854873,0.11012477076568723
1548219600,2019-01-23,20.88,21.35,20.88,21.2,4577714.0,19.954,21.563613618232537,18.344386381767464,20.484333333333332,19.33833333333333,19.911333333333335,19.954,0.5600000000000023,20.833750000000002,19.07425,0,58.332187134617875,15.531335149863748,12.08592791461944,57.56666858589089,20.357321965865328,0.5877312655251234,19.7865517657937,263716840.0,5136182.54,0,0.10602941468054101,100.0,76.0,24.0,19.954,20.30986628961558,20.126134345014997,0.1481959647166231,0.2953697266614661,0.147173761944843
1548306000,2019-01-24,21.19,21.31,20.94,21.1,4001014.0,20.1015,21.556014008182675,18.646985991817328,20.624166666666667,19.497166666666665,20.06066666666667,20.1015,0.36999999999999744,20.967000000000002,19.236,0,57.41847068199928,16.253443526170816,13.311486874125647,56.48188012735858,20.477013448614013,0.5721790322733288,20.62002139607352,259715826.0,5138840.8,0,0.12357180821393765,96.0,76.0,20.0,20.1015,20.385117119176,20.16432515501441,0.13775557342835237,0.3193682287302835,0.1816126553019311
1548392400,2019-01-25,21.19,21.31,20.94,21.1,4001014.0,20.206,21.631852727317806,18.780147272682193,20.711333333333332,19.652333333333335,20.181833333333334,20.206,0.36999999999999744,21.0205,19.3915,0,57.41847068199928,10.994213571804313,14.317919000950475,53.91390517618792,20.572768598039154,0.5577376728252337,21.39395748133335,263716840.0,5133860.12,0,0.06382776024428685,92.0,76.0,16.0,20.206,20.453201203064,20.201018286190315,0.12233463573186482,0.33453094996676214,0.21219631423489732
1548651600,2019-01-28,20.96,21.17,20.88,20.9,4080949.0,20.296,21.657005510642634,18.934994489357365,20.796,19.779,20.2875,20.296,0.2900000000000027,21.079,19.512999999999998,0,55.49219743714573,9.424083769633492,14.371933922814268,45.39686981127361,20.644701061910467,0.5386135533377171,21.92800497401931,259635891.0,5126356.9,0,0.009380485124396846,88.0,76.0,12.0,20.296,20.49575346943886,20.228429333790697,0.09155802092774717,0.3266438403945813,0.2350858194668341
1548738000,2019-01-29,20.89,21.28,20.89,21.1,2334972.0,20.395999999999997,21.682676338478178,19.109323661521817,20.892666666666663,19.878666666666668,20.38566666666667,20.395999999999997,0.39000000000000057,21.17675,19.615249999999996,0,57.01032014724048,10.471204188481673,15.01384242907841,43.689812884303,20.697877164696326,0.5279982995278802,22.61375491163361,261970863.0,5116533.44,0,0.042177452691431576,84.0,76.0,8.0,20.395999999999997,20.55330075806373,20.262608575602826,0.07808851248253285,0.3326964600700002,0.25460794758746735
1548824400,2019-01-30,21.19,21.45,21.13,21.34,2425618.0,20.483,21.77789922387791,19.18810077612209,20.976333333333333,19.979333333333333,20.477833333333333,20.483,0.34999999999999787,21.2495,19.7165,0,58.78603317968731,8.877551020408154,16.27071522960137,49.34543522152152,20.769231735672914,0.5152841352758887,23.536878998292707,264396481.0,5091821.06,0,0.08698146440658937,100.0,96.0,4.0,20.483,20.62822449539099,20.304859219696834,0.07854758393579486,0.35279242750721096,0.2742448435714161
1548910800,2019-01-31,21.28,21.72,21.19,21.5,3575577.0,20.6,21.81605920908466,19.383940790915343,21.073999999999998,20.095,20.5845,20.6,0.5299999999999976,21.353,19.847,0,59.947023250133654,12.21294363256785,17.796986626334093,48.325329656615104,20.84698413027387,0.516335268470468,24.813200853251995,267972058.0,5080441.02,0,0.0121297797926934,100.0,76.0,24.0,20.6,20.711250733925183,20.351727485591077,0.08242831520608196,0.3772802375790185,0.29485192237293656
1548997200,2019-02-01,21.49,21.8,21.44,21.47,3370571.0,20.723999999999997,21.748819984192142,19.69918001580785,21.18933333333333,20.22833333333333,20.708833333333335,20.723999999999997,0.35999999999999943,21.463499999999996,19.984499999999997,0,59.61557062706616,13.059505002632967,18.934725206566323,54.82572297302754,20.919070951447186,0.5051684635797202,26.116492457384393,264601487.0,5020149.94,0,-0.03802631177238598,96.0,76.0,20.0,20.723999999999997,20.78351256878945,20.395581309685547,0.07593701528607688,0.3897731914805327,0.3138361761944558
1549256400,2019-02-04,21.49,21.86,21.35,21.75,3734092.0,20.8235,21.84101216208927,19.805987837910727,21.284166666666668,20.34316666666667,20.81366666666667,20.8235,0.509999999999998,21.539749999999998,20.10725,0,61.69626427570755,10.07085020242914,20.75269349104105,64.70873448628535,21.053204000529828,0.5055135733240258,26.988803593884853,268335579.0,4939237.94,0,0.008157030006162472,100.0,84.0,16.0,20.8235,20.875558990809502,20.44869576812925,0.0828954117889601,0.4174554409306559,0.3345600291416958
1549342800,2019-02-05,21.83,21.95,21.52,21.58,2939184.0,20.898000000000003,21.907942572624595,19.88805742737541,21.349333333333334,20.436333333333334,20.892833333333336,20.898000000000003,0.4299999999999997,21.59325,20.202750000000005,0,59.729508577473304,7.416625186660022,21.45433035922044,64.35385604943626,21.140399153489447,0.500119746658024,27.950277124122596,265396395.0,4772525.88,0,-0.03387152888269426,96.0,84.0,12.0,20.898000000000003,20.94264861073241,20.49306063996732,0.06901216267347304,0.4208252324835371,0.35181306981006405
1549429200,2019-02-06,21.55,21.8,21.49,21.63,2661500.0,20.9745,21.962618919968424,19.986381080031574,21.415166666666668,20.518166666666666,20.96666666666667,20.9745,0.3100000000000023,21.65775,20.291249999999998,0,60.123068403514736,7.61194029850745,22.197425991842582,57.532009029294564,21.208578832769295,0.4865397647538795,28.720752964390748,268057895.0,4706923.18,0,-0.09933240046089133,92.0,84.0,8.0,20.9745,21.008110647805513,20.537646497223506,0.05667615007520743,0.42265825740407337,0.36598210732886594
1549515600,2019-02-07,21.62,21.94,21.55,21.86,2340389.0,21.069499999999998,22.013565146056965,20.12543485394303,21.5085,20.6025,21.055500000000002,21.069499999999998,0.39000000000000057,21.7595,20.379499999999997,0,61.924840228403646,9.519038076152297,23.55765256479312,56.423422564533425,21.25074916670317,0.4796440672714596,29.68885819126587,270398284.0,4718943.64,0,-0.101293637235588,100.0,96.0,4.0,21.069499999999998,21.08924296706213,20.589503497332387,0.05731459259242977,0.43762534806940323,0.38031075547697346
1549602000,2019-02-08,21.83,22.21,21.82,22.2,4028614.0,21.147,22.18990172116051,20.104098278839487,21.575,20.703,21.139000000000003,21.147,0.39000000000000057,21.8115,20.482499999999998,0,64.4259827792201,7.506053268765137,25.77294672261016,65.29649924615185,21.34807087008346,0.4732409196092125,31.02932933228714,274426898.0,4703130.1,0,0.0394135631753177,100.0,96.0,4.0,21.147,21.19502935115145,20.652660222927196,0.07294101547721793,0.4714870248234959,0.398546009346278
1549861200,2019-02-11,22.26,22.41,22.17,22.36,2309329.0,21.246499999999997,22.351747031210465,20.14125296878953,21.6585,20.8135,21.236,21.246499999999997,0.23999999999999844,21.889249999999997,20.603749999999998,0,65.54707232586262,9.769268532155122,28.096085546110732,75.00209509653827,21.462102249915734,0.4565808539228401,32.563795610060524,276736227.0,4664114.54,0,0.04502944664931634,100.0,88.0,12.0,21.246499999999997,21.305978936756077,20.719614723988872,0.0854890243660108,0.5054072898037916,0.41991826543778077
1549947600,2019-02-12,22.48,22.79,22.44,22.51,4023005.0,21.363500000000002,22.48346919600476,20.243530803995245,21.773500000000002,20.9385,21.356,21.363500000000002,0.4299999999999997,22.00475,20.722250000000003,0,66.58622789502947,11.601388200297471,30.473817583857056,74.83777834020484,21.592084433113424,0.45468222149978005,34.459105319992574,280759232.0,4643503.04,0,-0.04323068591818649,100.0,92.0,8.0,21.363500000000002,21.420647609445975,20.789825911283426,0.09461673222298705,0.5381891807165147,0.4435724484935276
1550034000,2019-02-13,22.5,22.74,22.28,22.38,3970630.0,21.466500000000003,22.562296970245647,20.37070302975436,21.8785,21.0485,21.4635,21.466500000000003,0.4599999999999973,22.104000000000003,20.829000000000004,0,64.80311513347394,10.137795275590545,31.67528208323821,74.44958674962885,21.709449723717785,0.45506206282122413,35.54664030643392,276788602.0,4629004.72,0,-0.08045939111489137,96.0,92.0,4.0,21.466500000000003,21.512014503784453,20.85218567946839,0.08303757558609742,0.5473694179761495,0.46433184239005204
1550120400,2019-02-14,22.38,22.64,22.32,22.53,2429085.0,21.554499999999997,22.694227599033876,20.41477240096612,21.9585,21.1555,21.557,21.554499999999997,0.3200000000000003,22.171749999999996,20.93725,0,65.91183621329809,8.47376023110256,33.13281898067185,75.8974354220554,21.806320137073374,0.44541477261970813,36.55649422241517,279217687.0,4532611.34,0,-0.0539284792266864,100.0,88.0,12.0,21.554499999999997,21.60896550342403,20.917982319489237,0.07676644240505115,0.560289895396366,0.48352345299131483
1550206800,2019-02-15,22.63,22.74,22.47,22.7,3413575.0,21.636,22.855793425133747,20.41620657486625,22.028,21.249,21.6385,21.636,0.2699999999999996,22.23525,21.036749999999998,0,67.14645908572462,7.736117702895107,34.86265014900232,84.64404992214862,21.948504848260086,0.4328851460040147,37.64201499753024,282631262.0,4484651.32,0,0.08116646383159781,100.0,92.0,8.0,21.636,21.71287355071698,20.98786536578378,0.07525240568238778,0.5775889600942996,0.5023365544119118
1550552400,2019-02-19,22.67,22.87,22.61,22.77,4713246.0,21.738500000000002,22.97755246055182,20.499447539448184,22.10283333333333,21.360833333333332,21.731833333333334,21.738500000000002,0.26000000000000156,22.310000000000002,21.167,0,67.65423678884528,9.893822393822397,36.51059638022064,85.5221448860896,22.074384944926365,0.42053620700372807,38.83760677318878,287344508.0,4483493.06,0,0.096732632084187,100.0,96.0,4.0,21.738500000000002,21.813552260172507,21.05775299849814,0.0702461113300783,0.5901441935745098,0.5198980822444315
1550638800,2019-02-20,22.74,22.93,22.63,22.81,4741099.0,21.8395,23.08213389620576,20.59686610379424,22.199833333333334,21.466833333333334,21.833333333333336,21.8395,0.3000000000000007,22.40425,21.27475,0,67.95217645676408,9.716209716209715,38.01004418125662,86.28459762568052,22.18329695370397,0.41192647793203324,40.03364873100584,292085607.0,4380932.56,0,0.09603276743223092,100.0,96.0,4.0,21.8395,21.908452044917983,21.12646856718449,0.06123874076265823,0.5964465081977544,0.5352077674350961
1550725200,2019-02-21,22.7,23.0,22.63,22.92,2821085.0,21.9255,23.21633655045846,20.634663449541538,22.280166666666666,21.557166666666667,21.918666666666667,21.9255,0.370000000000001,22.476,21.375,0,68.78449651175234,8.113207547169823,39.61135565187561,86.12507598314143,22.276595963123782,0.4089317295083167,41.245914760651544,294906692.0,4334002.04,0,0.11848628426696863,100.0,88.0,12.0,21.9255,22.004789945401985,21.196803133177255,0.054523415376170115,0.6033620366553087,0.5488386212791386
1550811600,2019-02-22,22.92,23.13,22.88,23.03,2227961.0,22.022,23.339840658046146,20.70415934195385,22.368999999999996,21.658,22.0135,22.022,0.25,22.563499999999998,21.4805,0,69.61516008469908,9.146919431279619,41.29975235502441,85.83823082537671,22.36338801259747,0.3975794631148655,42.55653582245622,297134653.0,4288413.9,0,0.19161639547305967,100.0,92.0,8.0,22.022,22.102428998220844,21.26869320638599,0.04947245806551137,0.6106791938610279,0.5612067357955165
1551070800,2019-02-25,23.03,23.04,22.61,22.74,2713190.0,22.104000000000003,23.38575504680087,20.822244953199135,22.456,21.739,22.097500000000004,22.104000000000003,0.4299999999999997,22.650000000000002,21.558000000000003,0,64.82778236302156,7.772511848341218,40.53232546443659,79.49557518656736,22.447809302775184,0.399895215749518,42.42030882245591,294421463.0,4238099.88,0,0.12543027277729932,96.0,92.0,4.0,22.104000000000003,22.163150046009335,21.32639151201791,0.020089650682898808,0.5863187991491401,0.5662291484662413
1551157200,2019-02-26,22.79,22.79,22.4,22.5,4378721.0,22.184,23.34964831746093,21.018351682539073,22.54,21.813,22.1765,22.184,0.39000000000000057,22.7375,21.6305,0,61.1636042486592,7.655502392344504,38.09244420873175,70.79310411859808,22.506665384259836,0.39918841462455246,41.385230455526234,290042742.0,4166296.08,0,0.12126452523912044,92.0,88.0,4.0,22.184,22.195230994008444,21.37241537429172,-0.019858498809497416,0.5414060249543695,0.5612645237638669
1551243600,2019-02-27,22.5,22.64,22.31,22.39,3726973.0,22.2485,23.304705945826612,21.192294054173388,22.604833333333335,21.88383333333333,22.244333333333337,22.2485,0.33000000000000185,22.7975,21.6995,0,59.53999308430206,6.11374407582938,35.272563217098124,69.08267108834565,22.550209515100565,0.3942463850085131,40.05794876729987,286315769.0,4106249.82,0,0.08381236436863142,88.0,72.0,16.0,22.2485,22.213780423150496,21.41232065373126,-0.05599309421199583,0.4912731559988721,0.5472662502108679
1551330000,2019-02-28,22.26,22.69,21.94,22.3,5065586.0,22.2965,23.266969474017337,21.326030525982667,22.6765,21.9125,22.294500000000003,22.2965,0.75,22.875500000000002,21.7175,0,58.20921116329518,4.498594189315843,32.28218180194187,60.85707221865723,22.561640737989666,0.419657357507905,37.50385651263913,281250183.0,4103799.72,0,0.0479899185046514,84.0,72.0,12.0,22.2965,22.221991811421876,21.4471316084869,-0.08643921972688162,0.43921722555226594,0.5256564452791476
1551416400,2019-03-01,22.41,22.8,22.26,22.74,3382444.0,22.3585,23.27440993006926,21.442590069930738,22.7335,21.9685,22.351,22.3585,0.5399999999999991,22.93825,21.77875,0,62.52024487403574,5.767441860465109,31.52736527944094,60.42357965259299,22.603381349268286,0.42825326054305457,35.446771139405925,284632627.0,4005456.98,0,0.024746456746412272,80.0,72.0,8.0,22.3585,22.271325924619795,21.497832329722705,-0.07770351202087877,0.4285270552530491,0.5062305672739279
1551675600,2019-03-04,22.85,22.91,21.44,21.78,7427066.0,22.374000000000002,23.238277733138766,21.50972226686124,22.812666666666665,21.936666666666664,22.374666666666666,22.374000000000002,1.4699999999999989,23.037000000000003,21.711000000000002,0,50.54523185402356,1.4438751746623302,24.185680759586727,50.804778661507676,22.539971121737253,0.5026637419328364,34.38779600196981,277205561.0,4041863.6,-1,-0.0745595001275498,76.0,72.0,4.0,22.374000000000002,22.224532979417912,21.50889772855711,-0.13403495788632552,0.33868686991602104,0.47272182780234656
1551762000,2019-03-05,21.7,22.01,21.38,21.82,5380959.0,22.3775,23.23215490111476,21.52284509888524,22.82283333333333,21.934833333333334,22.378833333333333,22.3775,0.6300000000000026,23.049500000000002,21.7055,0,50.95723019470638,0.32183908045977144,18.886452588557574,42.584857938899546,22.460463125431282,0.511759188937634,33.52248447982653,282586520.0,4042759.4,0,0.007905812305616189,72.0,68.0,4.0,22.3775,22.18600602899716,21.5210978176333,-0.16407309097537348,0.26763046408312974,0.4317035550585032
1551848400,2019-03-06,21.78,21.86,21.52,21.61,5271839.0,22.378999999999998,23.228138386836605,21.52986161316339,22.81733333333333,21.938333333333333,22.37783333333333,22.378999999999998,0.33999999999999986,23.044249999999998,21.713749999999997,0,48.71447919577163,0.13901760889713224,13.568372601890935,41.76062007788823,22.38719627465891,0.49949067544208864,32.71898092355063,277314681.0,3987551.74,0,0.003626538785257556,68.0,64.0,4.0,22.378999999999998,22.13114831194981,21.524584177726112,-0.1916368966216186,0.19215743428148002,0.3837943309030986
1551934800,2019-03-07,21.67,21.79,21.27,21.36,3762287.0,22.3655,23.268704849410963,21.46229515058904,22.819499999999998,21.919500000000003,22.3695,22.3655,0.5199999999999996,23.0465,21.6845,0,46.16814846380164,-1.2482662968099842,8.053723939262689,36.78509893896561,22.32444213909622,0.5009556271962251,32.48028488895217,273552394.0,3871074.22,0,-0.05099141199440741,64.0,-36.0,100.0,22.3655,22.05770561557364,21.518129896246656,-0.21832082882454384,0.11089329487241883,0.3292141236969627
1552021200,2019-03-08,21.16,21.53,21.04,21.52,4227675.0,22.3485,23.300598209219764,21.39640179078024,22.8035,21.8935,22.3485,22.3485,0.490000000000002,23.037000000000003,21.66,0,47.99929193820847,-1.5553522415370533,4.53503009222944,30.61793491684466,22.238729467242198,0.5001730823964949,32.67749434585154,277780069.0,3899426.04,0,-0.022674569324578956,60.0,-36.0,96.0,22.3485,22.006495556947577,21.518203233648748,-0.21639161808409313,0.058724601091846296,0.2751162191759394
1552276800,2019-03-11,21.55,21.69,21.45,21.62,3443796.0,22.319499999999998,23.32192655591294,21.317073444087058,22.7715,21.8765,22.323999999999998,22.319499999999998,0.240000000000002,22.99675,21.642249999999997,0,49.13753976925878,-2.612612612612605,2.2588760483777923,28.859903785335263,22.159247463988564,0.48158929079674545,32.29490280155952,281223865.0,3821309.2,0,-0.017237401637817777,56.00000000000001,-35.99999999999999,92.0,22.319499999999998,21.969686456285903,21.52219526370174,-0.19996523565023747,0.025159674613142613,0.22512491026338008
1552363200,2019-03-12,21.68,22.2,21.54,22.16,4884331.0,22.309500000000003,23.31409892494442,21.304901075055586,22.775166666666667,21.838166666666666,22.306666666666665,22.309500000000003,0.6600000000000001,23.018250000000005,21.60075,0,54.76569019998412,-0.8944543828264727,3.097256595867758,28.81837693323118,22.092294192178944,0.4943329128826922,30.4174391974044,286108196.0,3852346.78,0,0.039759992255845936,52.0,-36.0,88.0,22.309500000000003,21.987811555687248,21.54720721414481,-0.14677787166570636,0.04165257068124717,0.18843044234695353
1552449600,2019-03-13,22.23,22.62,22.21,22.28,5466284.0,22.298,23.29841191516269,21.297588084837308,22.767666666666663,21.824666666666666,22.296166666666668,22.298,0.46000000000000085,23.009,21.586999999999996,0,55.90699568735222,-1.021768103065306,4.313845259613198,31.85588168530633,22.082197343403532,0.4918805619625,28.79420355049687,291574480.0,3904961.0,0,-0.04671579381984801,48.0,-36.0,84.0,22.298,22.015639026574178,21.575944186139132,-0.09980648847557733,0.06367233175248188,0.1634788202280592
1552536000,2019-03-14,22.26,22.26,21.94,21.99,2583342.0,22.2785,23.28692996782101,21.270070032178992,22.7405,21.8115,22.276000000000003,22.2785,0.33999999999999986,22.980500000000003,21.5765,0,52.53508164212194,-1.7426273458445065,3.7915783120087836,27.953656432246518,22.047792671866123,0.48103195039375,26.819846399543017,288991138.0,3897445.78,0,-0.08244545491382464,44.0,-36.0,80.0,22.2785,22.013197214519494,21.59218166903564,-0.08513124213640277,0.05706476755755574,0.1421960096939585
1552622400,2019-03-15,21.99,22.25,21.78,22.02,4632761.0,22.253,23.260493920576934,21.245506079423066,22.723999999999997,21.779999999999998,22.252000000000002,22.253,0.46999999999999886,22.966250000000002,21.539749999999998,0,52.844780612622536,-2.2636484687083955,3.521830396967406,27.152526193865285,22.013596572479376,0.4802439539370535,25.338171007029533,293623899.0,3907509.3,0,-0.06155278021460997,40.0,-36.0,76.0,22.253,22.013845098850968,21.608958858485224,-0.07085220561530205,0.05363075267483097,0.12448295829013302
1552881600,2019-03-18,22.01,22.19,21.97,22.19,3279629.0,22.2275,23.214047008509723,21.240952991490275,22.695500000000003,21.7565,22.226,22.2275,0.22000000000000242,22.937,21.517999999999997,0,54.61130164747951,-2.246696035242282,4.1078955428602875,32.948298753708016,21.980509290865275,0.46165510008440697,23.96232957112416,296903528.0,3908684.58,0,0.023922589998562695,36.0,-36.0,72.0,22.2275,22.03062175610326,21.631744785603452,-0.048474076978734376,0.06389036206671506,0.11236443904544943
1552968000,2019-03-19,22.21,22.35,21.94,22.01,3068631.0,22.1895,23.147674827471214,21.231325172528784,22.6705,21.7165,22.193499999999997,22.1895,0.41000000000000014,22.910249999999998,21.46875,0,52.42249833908197,-3.337725076855503,3.656062330856174,33.3324474657157,21.958357420941205,0.4579654500783779,22.27099606418542,293834897.0,3900434.88,0,0.022547260623575552,32.0,-36.0,68.0,22.1895,22.028657779331517,21.646578323422926,-0.0444183929003623,0.05684144791999657,0.10125984082035887
1553054400,2019-03-20,22.04,22.3,22.0,22.03,4478570.0,22.1505,23.067069146327487,21.233930853672515,22.6365,21.682499999999997,22.1595,22.1505,0.3000000000000007,22.871250000000003,21.42975,0,52.64448590514687,-3.4195528277071356,3.3872812194194717,41.04299648184016,21.9403750296638,0.44668220364420813,20.700472093456593,298313467.0,3881786.62,0,-0.03238858800581461,28.000000000000004,-36.0,64.0,22.1505,22.02878560987137,21.66161446760242,-0.03919469650155136,0.05226647019341968,0.09146116669497104
1553140800,2019-03-21,22.06,22.59,22.06,22.49,3147107.0,22.129,22.9909025466951,21.267097453304903,22.621000000000002,21.651,22.136,22.129,0.5599999999999987,22.864,21.394000000000002,0,57.450904384013604,-1.8760907504363142,5.385084995329137,40.778271204256534,21.926492338011524,0.454776331955336,19.939204328230655,301460574.0,3861887.22,0,-0.04350808022555048,24.0,-36.0,60.0,22.129,22.072710789883622,21.694100174755267,-0.005343642684048869,0.08478161333990997,0.09012525602395884
1553227200,2019-03-22,22.59,22.68,22.32,22.36,4028577.0,22.095499999999998,22.861462792829716,21.32953720717028,22.5985,21.6175,22.107999999999997,22.095499999999998,0.35999999999999943,22.838749999999997,21.352249999999998,0,55.767102388695946,-2.909248805905348,6.286745576550571,50.28719469742754,21.948253097445594,0.44800659395852627,19.446089720569063,297431997.0,3869886.14,0,-0.03118985429055204,20.0,-36.00000000000001,56.00000000000001,22.095499999999998,22.100071667037565,21.720213893392316,0.007035713572251093,0.0989198979892727,0.0918841844170216
1553486400,2019-03-25,22.44,22.67,22.19,22.45,4483800.0,22.081,22.807578282086315,21.354421717913684,22.583000000000002,21.597,22.089999999999996,22.081,0.4800000000000004,22.828,21.334,1,56.692092109218585,-1.2752858399296356,7.43643391855731,50.945941724588806,22.00689592813573,0.450291837247203,18.590904193904464,301915797.0,3863518.36,0,-0.06272045114414554,16.0,-36.0,52.0,22.081,22.13339817493875,21.748832956396537,0.019331929687698507,0.11604909652664475,0.09671716683894624
1553572800,2019-03-26,22.56,22.64,22.24,22.34,3856334.0,22.073,22.784311464830633,21.361688535169367,22.57566666666667,21.58866666666667,22.082166666666666,22.073,0.40000000000000213,22.82075,21.32525,1,55.206804038383694,-0.7111111111111118,7.762457177128741,52.105538469932455,22.06747899492145,0.4466995631581172,17.796803347715905,298059463.0,3876756.96,0,-0.05433788677051291,12.0,-36.0,48.0,22.073,22.153074539230296,21.772015977714318,0.018123853064503162,0.1193719831695752,0.10124813010507204
1553659200,2019-03-27,22.39,22.46,22.08,22.29,5782752.0,22.068,22.77169311492973,21.364306885070274,22.569666666666667,21.577666666666666,22.073666666666664,22.068,0.38000000000000256,22.8195,21.3165,1,54.523326467734336,-0.4466279589102341,7.747732700292271,50.13383521502148,22.127534981408964,0.4419353086468233,16.55561812366803,292276711.0,3875396.9,0,0.0010710490241295373,8.0,-36.0,44.0,22.068,22.1661150593036,21.79232907662748,0.012302628649048242,0.11662641591638234,0.1043237872673341
1553745600,2019-03-28,22.33,22.44,22.1,22.2,5686479.0,22.063,22.761429667181673,21.364570332818325,22.546,21.595000000000002,22.0705,22.063,0.33999999999999986,22.783749999999998,21.34225,1,53.27366287122874,-0.44843049327354895,7.21817263796246,48.744146996214575,22.19397627748104,0.43465421517205016,15.403088987052143,286590232.0,3916347.38,0,-0.10769995320756326,4.0,-36.0,40.0,22.063,22.16934219651278,21.808316171661698,0.0013143840399371248,0.10596676731725552,0.10465238327731839
1553832000,2019-03-29,22.13,22.55,22.13,22.4,4507029.0,22.046,22.692294050722662,21.399705949277337,22.528,21.589000000000002,22.058500000000002,22.046,0.4200000000000017,22.75775,21.334249999999997,1,55.65135183306894,-1.4951627088830248,7.790221139370638,49.76150199911684,22.241395405078784,0.43360748551690387,14.686574446905988,291097261.0,3924150.28,0,-0.1082456982620231,4.0,-32.0,36.0,22.046,22.191309606368705,21.831519459047513,0.006167699974904392,0.11236200824594889,0.1061943082710445
1554091200,2019-04-01,22.43,22.71,22.24,22.4,2844645.0,22.077,22.72873921164796,21.425260788352045,22.498333333333335,21.659333333333333,22.078833333333332,22.077,0.4700000000000024,22.713750000000005,21.44025,0,55.65135183306894,2.846648301193744,8.263072847842098,48.06817554928019,22.274851030685987,0.4362069508371252,14.509677944210972,293941906.0,3908597.86,0,-0.2019591644037279,16.0,-16.0,32.0,22.077,22.211184881952637,21.853812813594672,0.007918190116463178,0.11609204591662348,0.1081738558001603
1554177600,2019-04-02,22.43,22.67,22.3,22.65,3105742.0,22.1185,22.804306824112665,21.432693175887337,22.5255,21.7125,22.119,22.1185,0.370000000000001,22.735750000000003,21.50125,0,58.57118864093141,3.8038496791933927,9.955264510861147,45.87210125578399,22.28031864942196,0.43147788292018774,14.345416905994172,297047648.0,3890795.28,0,-0.09575102261031147,12.0,-16.000000000000004,28.000000000000004,22.1185,22.25297679795715,21.885035840512526,0.023568494374123408,0.13763447376781457,0.11406597939369116
1554264000,2019-04-03,22.67,22.9,22.5,22.54,4146494.0,22.165,22.83245786383823,21.49754213616177,22.577666666666666,21.758666666666667,22.168166666666668,22.165,0.3999999999999986,22.78675,21.543249999999997,0,56.83799915717329,4.303563165201295,10.64495900812273,51.91811520935827,22.316771935892024,0.4292294627116028,14.867121541541833,292901154.0,3869665.32,0,-0.1201420750122501,8.0,-16.0,24.0,22.165,22.28031234100885,21.910720709512034,0.02408244168506886,0.14416903150002724,0.12008658981495839
1554350400,2019-04-04,22.49,22.55,22.24,22.42,3737166.0,22.217999999999996,22.781616891158773,21.65438310884122,22.613666666666667,21.815666666666665,22.214666666666666,22.217999999999996,0.3100000000000023,22.823999999999998,21.611999999999995,1,54.970099733483494,4.962546816479412,10.429019833934092,52.674130794924515,22.34729232967348,0.42071307251791706,14.345829354571848,289163988.0,3852854.36,0,-0.1130792110004066,4.0,-16.0,20.0,22.217999999999996,22.293615927579435,21.930692446393916,0.014389206340324229,0.1380730977403637,0.12368389140003946
1554436800,2019-04-05,22.48,22.5,22.17,22.32,4258093.0,22.258,22.722654710510373,21.793345289489626,22.654,21.871999999999996,22.262999999999998,22.258,0.3299999999999983,22.852,21.663999999999998,1,53.429840802397784,3.7174721189591113,9.585980833555729,46.066113405236706,22.359242571354066,0.4142335673380657,13.61229324753196,284905895.0,3857995.94,0,-0.17532314767777285,88.0,72.0,16.0,22.258,22.29612869638139,21.94595940928043,4.999943153502495e-05,0.12374639068945825,0.12369639125792323
1554696000,2019-04-08,22.29,22.3,22.03,22.17,4653659.0,22.2855,22.65021769904883,21.920782300951167,22.6845,21.8995,22.292,22.2855,0.28999999999999915,22.88325,21.687749999999998,1,51.16614751438974,2.5439407955596702,7.882965106833639,44.826013337579994,22.357528182861607,0.4053597410996324,12.834731256355237,280252236.0,3871048.84,0,-0.1332385913805232,84.0,72.0,12.0,22.2855,22.284116439583165,21.954745314798846,-0.019640524675304888,0.09914573541379212,0.11878626008909701
1554782400,2019-04-09,22.18,22.21,21.78,21.93,4637765.0,22.273999999999997,22.667212410790242,21.880787589209753,22.673333333333336,21.91133333333333,22.292333333333332,22.273999999999997,0.4299999999999997,22.854499999999998,21.693499999999997,1,47.758308893179105,-1.0379061371841174,4.886757120736784,37.20122202350923,22.346093349889358,0.4071197595925158,12.888552735343717,275614471.0,3882185.16,0,-0.09583854200943082,80.0,72.0,8.0,22.273999999999997,22.250391064384768,21.95377491029693,-0.047351765933889595,0.059596552671735026,0.10694831860562462
1554868800,2019-04-10,21.97,22.43,21.91,22.29,4326844.0,22.2745,22.667767084815747,21.881232915184253,22.670833333333334,21.89783333333333,22.284333333333333,22.2745,0.5199999999999996,22.8595,21.6895,1,52.729434673687976,0.04488330341112213,4.615311959825366,38.40292489882916,22.334511330728034,0.41518263390733606,12.16211331766738,279941315.0,3922022.6,0,-0.09333169338424242,76.0,72.0,4.0,22.2745,22.25416334396717,21.966960207932345,-0.04023904571520806,0.056649511461614566,0.09688855717682263
1554955200,2019-04-11,22.35,22.51,22.29,22.41,3697379.0,22.295499999999997,22.670171856428357,21.920828143571637,22.68283333333333,21.919833333333333,22.301333333333332,22.295499999999997,0.22000000000000242,22.871499999999997,21.719499999999996,1,54.256719278453495,1.9099590723056015,5.11085490516896,38.050927563441554,22.330757029608044,0.40124101719966937,11.364242726412732,283638694.0,3947457.82,0,-0.03575783129783622,72.0,68.0,4.0,22.295499999999997,22.26900493025601,21.984334317425194,-0.02689672803343289,0.06326764713503152,0.09016437516846441
1555041600,2019-04-12,22.47,22.5,22.3,22.46,3579895.0,22.317500000000003,22.676212977182974,21.95878702281703,22.689500000000002,21.9535,22.3215,22.317500000000003,0.1999999999999993,22.873250000000002,21.761750000000003,1,54.89588067686362,1.9981834695731213,5.8044192161549555,44.751440467822384,22.328115131648364,0.3868666588282644,10.62336289167627,287218589.0,3947544.18,0,-0.006142782951228732,68.0,64.0,4.0,22.317500000000003,22.287194936898295,22.002987873604596,-0.014755179072555427,0.07172040132777013,0.08647558040032556
1555300800,2019-04-15,22.49,22.69,22.28,22.37,3265097.0,22.326500000000003,22.680972848042657,21.97202715195735,22.7155,21.9605,22.338,22.326500000000003,0.41000000000000014,22.896500000000003,21.756500000000003,1,53.480009932383645,0.8111762054979708,5.76140077160373,50.83964650665858,22.329560481039934,0.38851904034053125,10.575353744874631,283953492.0,3945434.7,0,-0.004547438419637897,64.0,-20.0,84.0,22.326500000000003,22.295081133384173,22.017380506012262,-0.012903571639373293,0.07034611585110895,0.08324968749048224
1555387200,2019-04-16,22.36,22.6,22.33,22.36,3665707.0,22.344,22.667443967325823,22.02055603267418,22.725,21.984,22.3545,22.344,0.2700000000000031,22.9035,21.7845,1,53.31916732849736,1.5901862789640973,5.657700508004884,52.72940465074407,22.34157312950478,0.3800533946019221,10.530773822844539,280287785.0,3944067.0,0,-0.06637812854010686,60.0,-20.0,80.0,22.344,22.30126388258568,22.030816564600016,-0.012463741572437584,0.06767001052493526,0.08013375209737285
1555473600,2019-04-17,22.42,22.55,21.93,22.09,3695377.0,22.347,22.65967235247055,22.03432764752945,22.745,21.972,22.3585,22.347,0.620000000000001,22.930500000000002,21.7635,1,49.120490309047824,0.27235587834770186,3.70649622955965,54.67023797871578,22.341195525811607,0.39719243784464203,10.488977399206012,276592408.0,3959190.86,0,-0.05859481108688582,56.00000000000001,-19.999999999999993,76.0,22.347,22.281143512815614,22.03313748363531,-0.02949602803127932,0.0432637170582737,0.07275974508955302
1555560000,2019-04-18,22.19,22.51,22.14,22.38,3455251.0,22.3415,22.64772050878324,22.03527949121676,22.735166666666668,21.978166666666667,22.356666666666666,22.3415,0.4200000000000017,22.9145,21.7685,1,53.280003796238766,-0.48910626945308777,3.9740833087357887,53.76882965621657,22.339737697649646,0.3988215494271677,10.45016643439881,280047659.0,3975065.88,0,-0.06466452841550259,52.0,-20.0,72.0,22.3415,22.290558416356983,22.046739935257456,-0.02078151888443132,0.046782846484013874,0.06756436536844519
1555905600,2019-04-22,22.37,22.66,22.37,22.55,3720100.0,22.351000000000003,22.67043074366671,22.031569256333295,22.735333333333337,21.985333333333333,22.360333333333333,22.351000000000003,0.28999999999999915,22.918750000000003,21.783250000000002,1,55.52365836951165,0.8497316636851578,5.253983217524376,54.53350778968731,22.346814171846166,0.39104858161094136,9.841155520527138,283767759.0,4002660.1,0,-0.0301396166923277,48.0,-20.0,68.0,22.351000000000003,22.3152671386087,22.06647562407089,-0.003997000392690686,0.06256811487758185,0.06656511527027253
1555992000,2019-04-23,22.6,22.86,22.55,22.74,2882101.0,22.365499999999997,22.725359694880467,22.005640305119528,22.740833333333335,22.00783333333333,22.374333333333333,22.365499999999997,0.3099999999999987,22.920499999999997,21.810499999999998,1,57.90211142885346,1.291759465478838,7.441277179128221,54.36194438795521,22.35548801502461,0.3852593972101598,9.691163549990842,286649860.0,3979729.84,0,-0.0697131989306087,100.0,36.0,64.0,22.365499999999997,22.355717887312636,22.09288834469556,0.01825123466868747,0.08937915860613188,0.07112792393744441
1556078400,2019-04-24,22.76,22.98,22.66,22.88,3065925.0,22.392500000000002,22.81605046924713,21.968949530752873,22.7585,22.033499999999997,22.396,22.392500000000002,0.3200000000000003,22.9415,21.843500000000002,1,59.57870048990684,2.4171888988361645,10.01769220324045,53.43611856221227,22.360771164320262,0.3805980116951484,9.932360165328761,289715785.0,3994861.76,0,0.013713039734381026,100.0,40.0,60.0,22.392500000000002,22.405649517092385,22.12375546843299,0.03952525073421077,0.12053448735520789,0.08100923662099711
1556164800,2019-04-25,22.9,23.23,22.74,23.06,3664240.0,22.431,22.941368494324895,21.920631505675107,22.800666666666668,22.064666666666664,22.43266666666667,22.431,0.490000000000002,22.98825,21.87375,1,61.645974888992605,3.45446388515029,13.11572390677246,60.56880018301957,22.403000131025358,0.3884124394312094,10.868430140740625,293380025.0,3987686.46,0,0.023603906003372463,100.0,43.99999999999999,56.00000000000001,22.431,22.467968610702634,22.160470940259145,0.06153604664224535,0.1579292949238038,0.09639324828155846
1556251200,2019-04-26,23.17,23.32,23.12,23.25,3898009.0,22.4835,23.094180767667897,21.872819232332102,22.842833333333335,22.12083333333333,22.481833333333334,22.4835,0.26000000000000156,23.03475,21.93225,0,63.70827990477367,4.7297297297297325,16.63960065546688,68.52150395668068,22.470701218073085,0.37924012232898024,11.971649389257324,297278034.0,3986234.04,0,0.053580556465468866,100.0,48.0,52.0,22.4835,22.542447790635716,22.203197570052904,0.08335272312956149,0.20058415219351033,0.11723142906394884
1556510400,2019-04-29,23.29,23.36,23.15,23.28,2728218.0,22.5275,23.227981976926923,21.827018023073077,22.8775,22.176499999999997,22.527,22.5275,0.21000000000000085,23.063000000000002,21.991999999999997,0,64.02974183865975,3.9285714285714404,19.60939158406251,76.52035237031447,22.5418470133101,0.3671515421626245,13.101163572401244,300006252.0,3992216.7,0,0.06512316089023389,100.0,52.0,48.0,22.5275,22.61269085819422,22.24542511632534,0.09350325916552171,0.234110503020851,0.1406072438553293
1556596800,2019-04-30,23.25,23.47,23.18,23.45,6780125.0,22.58,23.38411441971864,21.775885580281358,22.914333333333335,22.231333333333332,22.572833333333335,22.58,0.28999999999999915,23.102,22.057999999999996,0,65.83487433379976,4.6875000000000036,22.89593176528965,86.19945179985825,22.698816552669843,0.361640717722437,14.437999109525023,306786377.0,4059547.7,1,0.2007003155366818,100.0,56.0,44.0,22.58,22.692434585985247,22.29266334705768,0.10453093659836454,0.271270914603285,0.16673997800492046
1556683200,2019-05-01,23.43,23.63,23.33,23.45,4126997.0,22.619999999999997,23.509156904038562,21.730843095961433,22.957333333333334,22.281333333333333,22.619333333333334,22.619999999999997,0.3000000000000007,23.13675,22.103249999999996,0,65.83487433379976,3.5320088300220784,25.5537947076465,86.20827658228004,22.800257691511792,0.3572378093136916,16.071035565734267,310913374.0,4047822.72,0,0.14742456994023312,96.0,56.0,40.0,22.619999999999997,22.76458367303427,22.338049098153455,0.10444305019437569,0.2972937907478901,0.1928507405535144
1556769600,2019-05-02,23.33,23.65,23.29,23.45,4818911.0,22.6655,23.62405046815462,21.706949531845382,22.996166666666667,22.324166666666663,22.66016666666667,22.6655,0.35999999999999943,23.179250000000003,22.15175,0,65.83487433379976,4.037267080745342,27.74213438822062,77.28926835286936,22.88766605200585,0.35743510864842787,17.379572737414193,315732285.0,4049378.96,0,0.12798726994549672,92.0,56.0,36.0,22.6655,22.82986141845958,22.381655015872926,0.09715470403418969,0.3142941205962515,0.21713941656206182
1556856000,2019-05-03,23.72,23.97,22.89,22.94,5601378.0,22.6915,23.650213200075726,21.732786799924277,23.077833333333334,22.328833333333332,22.703333333333333,22.6915,1.0799999999999983,23.263,22.12,0,56.00124853593225,2.319357716324708,25.0433611428159,67.93027603335321,22.956246454865635,0.40904688660211147,16.81080749205841,310130907.0,4104984.82,0,-0.007279838672286086,88.0,56.0,32.0,22.6915,22.840350807177717,22.4035508976034,0.05296687257416638,0.28334800727976983,0.23038113470560345
1557115200,2019-05-06,23.09,23.11,22.43,22.64,5722481.0,22.7075,23.65144650272112,21.763553497278878,23.115166666666667,22.331166666666668,22.723166666666668,22.7075,0.6799999999999997,23.30525,22.10975,0,51.26028957890696,1.4336917562724028,20.410929199929072,59.50655637195756,22.962300281955045,0.42840068041624635,16.3995712520043,304408426.0,4174875.22,0,-0.013133351084651404,84.0,56.0,28.000000000000004,22.7075,22.821269777922694,22.412823411422874,0.0012485449171059648,0.23194181585198592,0.23069327093487996
1557201600,2019-05-07,22.46,22.86,22.43,22.5,5511462.0,22.724,23.640938383971047,21.807061616028953,23.14466666666667,22.344666666666665,22.744666666666667,22.724,0.4299999999999997,23.332250000000002,22.11575,0,49.21366868807057,1.488497970230033,15.697205511354431,57.66856511568366,22.961229085524984,0.42851491752937154,16.017709029096913,298896964.0,4230840.66,0,-0.027238898395905303,80.0,56.0,24.0,22.724,22.790672656215772,22.416242101170997,-0.042270611145631826,0.17785500700284018,0.220125618148472
1557288000,2019-05-08,22.29,22.39,21.17,21.68,11178484.0,22.7115,23.67692788441159,21.74607211558841,23.172833333333333,22.293833333333332,22.733333333333334,22.7115,1.3299999999999983,23.38725,22.03575,0,39.49223583445098,-1.1399908800729595,6.132422489783574,51.60139219780246,22.801491242083593,0.4929067091344163,18.031481678696835,287718480.0,4366835.92,-1,-0.02486555309275106,76.0,-24.0,100.0,22.7115,22.684894308004747,22.38736986190939,-0.12166900734732997,0.06803935896430957,0.18970836631163954
1557374400,2019-05-09,21.47,21.55,21.1,21.38,6171569.0,22.666,23.78081657684098,21.55118342315902,23.126,22.254,22.689999999999998,22.666,0.5799999999999983,23.34625,21.98575,0,36.700344698063645,-4.0825482279048915,-2.687431925926873,44.95869075497132,22.695350243452125,0.4991276584819579,19.9883502098445,281546911.0,4415727.84,0,-0.017009367015499672,72.0,-28.0,100.0,22.666,22.560618659623344,22.347865161442357,-0.18593112757918487,-0.04270554316234154,0.14322558441684333
1557460800,2019-05-10,21.44,21.52,21.14,21.37,5149760.0,22.614,23.860922611872702,21.3670773881273,23.081,22.193,22.637,22.614,0.379999999999999,23.306250000000002,21.92175,0,36.609534190892944,-4.640785363676926,-9.252021300826147,41.88759943509608,22.60649928919717,0.4906185400189608,21.805442417338764,276397151.0,4417411.32,0,-0.01405672405431855,68.0,-32.0,100.0,22.614,22.447226406325886,22.309517508052462,-0.21840649958398636,-0.1297825400631396,0.08862395952084676
1557720000,2019-05-13,21.03,21.07,20.68,21.06,6502910.0,22.544,23.962963001631632,21.12503699836837,23.016333333333336,22.109333333333332,22.562833333333334,22.544,0.6900000000000013,23.273,21.815,0,33.87441736852634,-6.233303650935005,-15.817912809032459,35.84176217044781,22.457323971459207,0.5048600728747494,24.04846083034518,269894241.0,4479820.64,0,0.06028246820118916,64.0,-36.0,100.0,22.544,22.31510960572342,22.26051682146217,-0.24790364750186727,-0.22125559985648735,0.02664804764537993
1557806400,2019-05-14,21.13,21.52,21.08,21.14,5543546.0,22.482499999999998,24.027334942639325,20.93766505736067,22.957833333333333,22.047833333333337,22.502833333333335,22.482499999999998,0.46000000000000085,23.215249999999997,21.74975,0,35.189733577913245,-5.49843540455968,-20.278881110646335,37.73267353895602,22.355453363771637,0.5016557819551245,24.70226639470018,275437787.0,4442150.24,0,-0.008591954957429327,60.0,-36.0,96.0,22.482499999999998,22.203194405178333,22.216574985326396,-0.2485339015769789,-0.28401932932584373,-0.0354854277488648
1557892800,2019-05-15,21.12,21.35,20.89,21.08,3772343.0,22.4185,24.079984577117543,20.75701542288246,22.90116666666667,21.972166666666666,22.436666666666667,22.4185,0.46000000000000085,23.1655,21.6715,0,34.645672923278894,-5.72450805008945,-24.019408320726658,32.623718975373805,22.26372820676837,0.49868036895832996,25.57679037205121,271665444.0,4409977.92,0,-0.03151705151734109,56.00000000000001,-35.99999999999999,92.0,22.4185,22.096223509447064,22.172003417274382,-0.23940592077559192,-0.3347428287183547,-0.09533690794276278
1557979200,2019-05-16,21.07,21.41,21.02,21.22,3867014.0,22.375,24.112429135245364,20.637570864754636,22.841,21.935,22.387999999999998,22.375,0.39000000000000057,23.10475,21.64525,0,37.036633745486974,-3.938433680398375,-25.98143727058821,32.2671418542394,22.162850274440945,0.4909174854613064,26.205887911403018,275532458.0,4381881.42,0,-0.04534373919981173,52.0,-36.0,88.0,22.375,22.012773651404487,22.134669949930288,-0.21133098395509617,-0.359500637886633,-0.14816965393153683
1558065600,2019-05-17,21.04,21.5,21.01,21.35,5817222.0,22.3235,24.11742614117735,20.529573858822648,22.794166666666666,21.876166666666666,22.33516666666667,22.3235,0.48999999999999844,23.0585,21.5885,0,39.21043028620395,-4.602323503127782,-26.60454758539438,34.718973722659285,22.062317878561828,0.49085195078549876,26.50853232883779,281349680.0,4422980.12,0,-0.02366973580458773,48.0,-36.0,84.0,22.3235,21.94965235127073,22.103898579344786,-0.17300870732300583,-0.36443053808529413,-0.1914218307622883
1558324800,2019-05-20,21.3,21.78,21.25,21.56,5508408.0,22.273999999999997,24.094630659963588,20.453369340036406,22.756333333333334,21.814333333333334,22.285333333333334,22.273999999999997,0.5300000000000011,23.026999999999997,21.520999999999997,0,42.581260997035514,-4.390243902439033,-25.57840697402396,33.12141091103476,21.913806050640655,0.49364824001510604,25.955931514965812,286858088.0,4448594.78,0,-0.08596626381099336,44.0,-36.0,80.0,22.273999999999997,21.91254260353066,22.082569223292047,-0.12477277874112008,-0.3473878041886884,-0.22261502544756834
1558411200,2019-05-21,21.63,22.36,21.63,22.16,8925317.0,22.245,24.053452377033874,20.436547622966128,22.744,21.759999999999998,22.252000000000002,22.245,0.8000000000000007,23.034750000000003,21.45525,0,50.78826912210451,-2.5505716798592712,-20.560548383072728,36.99030792084749,21.85188687185636,0.5155305085854557,24.172596195513417,295783405.0,4558225.2,0,-0.023264695126577504,40.0,-36.0,76.0,22.245,21.93610997462298,22.085605724339416,-0.047678500968230536,-0.28221315165785654,-0.234534650689626
1558497600,2019-05-22,22.16,22.16,21.75,21.9,4525602.0,22.195999999999998,23.98598770945486,20.406012290545135,22.703333333333333,21.71033333333333,22.206833333333332,22.195999999999998,0.41000000000000014,22.9925,21.399499999999996,0,47.679681920569976,-4.283216783216785,-17.88674231100763,37.28796532801829,21.763796680352677,0.507992615115066,22.516641970307624,291257803.0,4551050.62,0,-0.03144602659913599,36.0,-36.0,72.0,22.195999999999998,21.93267092942079,22.07832706848297,-0.01131230036977987,-0.2486750261518509,-0.23736272578207102
1558584000,2019-05-23,21.78,21.8,21.16,21.34,4578242.0,22.110000000000003,23.890932340095908,20.329067659904098,22.631999999999998,21.624000000000002,22.128,22.110000000000003,0.7399999999999984,22.925250000000002,21.294750000000004,0,41.8695145658825,-7.458803122289674,-18.322871417259396,38.00191894860045,21.643818899153473,0.5245645711782755,22.021255239938366,286679561.0,4533289.78,0,0.0053718654633135516,32.0,-36.0,68.0,22.110000000000003,21.87622607899976,22.049373065797365,-0.021499561962467995,-0.264237178235156,-0.24273761627268803
1558670400,2019-05-24,21.37,21.44,21.07,21.07,3439199.0,22.001,23.756162670523587,20.245837329476416,22.538666666666664,21.513666666666666,22.026166666666665,22.001,0.370000000000001,22.8245,21.177500000000002,0,39.43089497322554,-9.376344086021504,-19.780836106295375,39.33919568188225,21.547586056018115,0.5135242446655416,21.719521774466028,283240362.0,4550406.92,0,-0.010020226503758122,28.000000000000004,-36.0,64.0,22.001,21.799442642904545,22.010966278903354,-0.04177547432203704,-0.29495695917523435,-0.2531814848531973
1559016000,2019-05-28,21.08,21.42,20.92,21.16,7176517.0,21.895,23.5831765310534,20.2068234689466,22.448333333333334,21.394333333333332,21.921333333333333,21.895,0.5,22.74025,21.04975,0,40.64391103124084,-9.106529209621996,-20.33609596942054,38.6875518440066,21.44393411814226,0.5125582271894314,21.703511092275047,290416879.0,4601282.04,0,0.03193228433154456,24.0,-36.0,60.0,21.895,21.738543343580304,21.977595052279693,-0.04424228697174892,-0.30848434356788346,-0.26424205659613453
1559102400,2019-05-29,21.15,21.21,20.44,20.67,5451728.0,21.756,23.36509166923439,20.146908330765612,22.342666666666666,21.240666666666666,21.791666666666664,21.756,0.7699999999999996,22.63725,20.87475,0,36.45931219171195,-11.855010660980799,-22.67925248838769,41.9880616389694,21.35182262513187,0.5309469252473292,22.4413532595134,284965151.0,4644724.02,0,0.029584433570934793,20.0,-80.0,100.0,21.756,21.63677731085837,21.926316814935394,-0.07233079444055246,-0.3546555496468251,-0.28232475520627265
1559188800,2019-05-30,20.65,20.76,19.76,20.15,7061112.0,21.591,23.14734057969312,20.03465942030688,22.215333333333334,21.043333333333333,21.629333333333335,21.591,1.0,22.52475,20.65725,0,32.69859178994132,-14.072494669509597,-26.33487094549965,41.68467240563789,21.249441512849202,0.5644507163010914,23.951710134052835,277904039.0,4724573.64,0,-0.01035879146826044,16.0,-84.0,100.0,21.591,21.495179471729,21.85665733199675,-0.11675571127465428,-0.42826939429959054,-0.31151368302493626
1559275200,2019-05-31,19.99,20.54,19.96,20.27,8385118.0,21.432,22.838735227396942,20.025264772603055,22.066,20.872,21.469,21.432,0.5799999999999983,22.38225,20.481749999999998,0,34.343695591142605,-13.560767590618337,-28.36274590392592,47.50120633442581,21.14009841161591,0.5655613794224419,25.354184374696594,286289157.0,4802704.6,0,-0.0162226836522717,12.0,-84.0,96.0,21.432,21.378495712516717,21.794435475840018,-0.12798173073439723,-0.4714908464429328,-0.3435091157085356
1559534400,2019-06-03,20.33,20.56,20.25,20.45,4159455.0,21.307499999999997,22.593950543161117,20.021049456838877,21.885166666666667,20.768166666666666,21.326666666666664,21.307499999999997,0.3099999999999987,22.199999999999996,20.415,0,36.7835662282971,-10.854402789886668,-28.850446209596686,54.11633908743397,21.118716222476436,0.5473069951779816,26.597357703506223,290448612.0,4822951.56,0,-0.08015067550243159,8.0,-84.0,92.0,21.307499999999997,21.290067549419884,21.741712516003155,-0.11369008191776941,-0.4856217181057474,-0.371931636187978
1559620800,2019-06-04,20.76,20.92,20.24,20.89,6156800.0,21.22,22.36196322182439,20.07803677817561,21.783,20.666,21.2245,21.22,0.6800000000000033,22.112499999999997,20.3275,0,42.300745948099774,-7.729681978798586,-26.673349304082734,54.38041734171018,21.075710777008737,0.5567850669509832,26.726776562125718,296605412.0,4865516.02,0,0.04283681576515138,4.0,-84.0,88.0,21.22,21.251965878046562,21.708312025179502,-0.06730192954527103,-0.45605904811956677,-0.38875711857429573
1559707200,2019-06-05,21.04,21.25,20.74,21.18,4444022.0,21.154,22.133436572729213,20.174563427270787,21.71,20.585,21.1475,21.154,0.5100000000000016,22.0525,20.2555,0,45.59493263221462,-5.866666666666668,-23.391466625328622,59.51331005735032,21.07317719925409,0.5534432764544845,26.018993316628162,301049434.0,4864720.46,0,0.0912844518220309,4.0,-80.0,84.0,21.154,21.24511198489927,21.687593906545015,-0.012647309018144481,-0.4045662548469764,-0.3919189458288319
1559793600,2019-06-06,21.26,21.63,21.01,21.19,2979930.0,21.1295,22.07914151130811,20.17985848869189,21.6565,20.5915,21.124000000000002,21.1295,0.6199999999999974,21.97475,20.28425,0,45.707444074768134,-2.2601476014760076,-20.79441251455075,59.05769848416464,21.073832452522964,0.558197328136307,24.521739155006063,304029364.0,4847192.38,0,0.07515613848550468,4.0,-76.0,80.0,21.1295,21.239863224432675,21.66808042001384,0.026483367986279815,-0.3588147358459821,-0.38529810383226193
1559880000,2019-06-07,21.27,21.35,20.9,20.92,4458816.0,21.1065,22.05303631731675,20.15996368268325,21.642166666666665,20.577166666666663,21.109666666666666,21.1065,0.45000000000000284,21.942,20.271,0,43.17009342959221,-2.1515434985968067,-19.69215351491728,52.53220842277398,21.056814479361574,0.5504689475551424,23.33778839560304,299570548.0,4820713.66,0,-0.0053101444493463745,4.0,-72.0,76.0,21.1065,21.20940006020099,21.638743932954476,0.035903336368871996,-0.340418933371172,-0.376322269740044
1560139200,2019-06-10,20.91,21.07,20.68,20.75,2987871.0,21.075499999999998,22.026088764923905,20.12491123507609,21.61716666666667,20.551166666666667,21.08416666666667,21.075499999999998,0.39000000000000057,21.911749999999998,20.23925,0,41.63813706978775,-2.9012634534394057,-19.422069224300373,46.86481753391838,21.013000166283664,0.5390068798726323,22.642835681432434,296582677.0,4766741.5,0,-0.043635940818454726,4.0,-68.0,72.0,21.075499999999998,21.16564767351518,21.603891229701357,0.03250733328667965,-0.3356881031316945,-0.36819543641837416
1560225600,2019-06-11,20.76,21.16,20.69,21.14,3025215.0,21.0795,22.030467402175045,20.128532597824954,21.624166666666664,20.550166666666666,21.08716666666667,21.0795,0.46999999999999886,21.89925,20.25975,0,46.24469772561791,0.379867046533722,-17.175054107205238,41.93649438102352,20.87781180338713,0.5340778170245871,21.78342761827463,299607892.0,4737105.22,0,-0.06578394621943696,4.0,-64.0,68.0,21.0795,21.163205037942305,21.58569941677189,0.05692035261996209,-0.29704499564342157,-0.35396534826338366
1560312000,2019-06-12,21.19,21.26,20.69,20.84,3830641.0,21.064500000000002,22.020627083603202,20.108372916396803,21.61483333333333,20.52783333333333,21.071333333333335,21.064500000000002,0.5700000000000003,21.892500000000002,20.236500000000003,0,43.466667088179385,-1.4191106906338729,-16.49670950309181,42.501439573353004,20.810415253130223,0.5366436872371166,20.7436159861199,295777251.0,4756825.14,0,-0.07526583804384698,40.0,-24.0,64.0,21.064500000000002,21.13242360575732,21.55645630238868,0.05331983660730699,-0.2873155525042499,-0.3406353891115569
1560398400,2019-06-13,20.88,21.06,20.54,20.64,3609735.0,21.0425,22.016273587647333,20.068726412352667,21.599833333333333,20.506833333333333,21.053333333333335,21.0425,0.5199999999999996,21.875,20.21,0,41.708404255168915,-2.087286527514221,-16.687696273056766,43.20956702801406,20.764529270263417,0.5354548524344654,20.090242360352537,292167516.0,4766905.0,0,-0.07960269465376105,36.0,-24.0,60.0,21.0425,21.085526119494716,21.520516839549906,0.03860996403977801,-0.2923729340618344,-0.3309828981016124
1560484800,2019-06-14,20.64,20.67,20.38,20.56,3114910.0,21.0095,22.001537801698888,20.01746219830111,21.560833333333335,20.477833333333333,21.019333333333332,21.0095,0.2900000000000027,21.8345,20.1845,0,41.009926100682996,-3.1102733270499536,-17.129186111201193,43.48764822171361,20.73184744961005,0.5179223629748609,19.807695407412805,289052606.0,4746273.32,0,-0.017287568680481254,32.0,-24.000000000000007,56.00000000000001,21.0095,21.035476012876174,21.482849512508732,0.025278197574638117,-0.29938515113331476,-0.3246633487079529
1560744000,2019-06-17,20.54,20.54,20.04,20.12,7147982.0,20.948,21.998744497963024,19.897255502036977,21.508666666666667,20.424666666666667,20.966666666666665,20.948,0.5199999999999996,21.77525,20.12075,0,37.38525439343141,-5.761124121779861,-19.059312441695592,43.71717045142027,20.631809673722568,0.5180707656195137,20.17508740244392,281904624.0,4814489.64,0,-0.08574786003956698,28.000000000000004,-72.0,100.0,20.948,20.948287821173682,21.42940443358682,-0.009522898555949733,-0.3365669719028901,-0.32704407334694036
1560830400,2019-06-18,20.28,20.52,20.21,20.41,4682228.0,20.8905,21.926752382385473,19.854247617614526,21.440166666666666,20.378166666666665,20.909166666666668,20.8905,0.3999999999999986,21.708,20.073,0,41.00294749807561,-5.333951762523185,-19.083967696409772,51.30302376972195,20.60227506534107,0.509637139503834,20.51623711211567,286586852.0,4822972.34,0,-0.03293104420359814,24.0,-72.0,96.0,20.8905,20.897022314395237,21.389427789132437,-0.009347624426575551,-0.3387286038801598,-0.32938097945358424
1560916800,2019-06-19,20.41,20.69,20.41,20.61,4211238.0,20.813,21.67509280242882,19.950907197571176,21.343666666666667,20.326666666666664,20.835166666666666,20.813,0.28000000000000114,21.5915,20.034499999999998,0,43.37787133468223,-6.99458483754513,-18.07727865343678,60.152850969656285,20.642466121406756,0.4932344866821317,20.32019287292345,290798090.0,4814123.92,0,0.018725974084044843,20.0,-72.0,92.0,20.813,20.869686855881405,21.358861993480186,0.007018688200664314,-0.3206076192027538,-0.32762630740341814
1561003200,2019-06-20,20.86,20.98,20.67,20.93,3397271.0,20.7645,21.471761620618274,20.05723837938173,21.28483333333333,20.277833333333334,20.781333333333333,20.7645,0.370000000000001,21.540000000000003,19.989,1,46.97298735386888,-4.429223744292232,-15.663226969931562,56.88085145718393,20.710740658504243,0.4844320233476938,19.334953849335445,294195361.0,4789314.04,0,0.049933957195396846,16.0,-72.0,88.0,20.7645,20.87543096484508,21.342043876088805,0.040317403581839106,-0.2772295529261193,-0.3175469565079584
1561089600,2019-06-21,20.94,21.04,20.54,20.85,12979486.0,20.74,21.398057748225476,20.08194225177452,21.246666666666666,20.253666666666668,20.750166666666665,20.74,0.5,21.4975,19.982499999999998,1,46.201027429505686,-2.2961574507966187,-14.042719874535853,43.19951850081331,20.74800459363034,0.4855440216800014,18.714279350105265,281215875.0,4962366.88,0,0.07182204101562285,12.0,-72.0,84.0,20.74,20.87300896819317,21.32274803781081,0.05686449024502532,-0.24646634370167675,-0.30333083394670207
1561348800,2019-06-24,20.8,20.96,20.56,20.67,5069200.0,20.72,21.360811984906324,20.079188015093674,21.225,20.229000000000003,20.727,20.72,0.40000000000000213,21.47975,19.96025,1,44.47012020698091,-1.898433792121493,-13.417509486317226,34.59622166565316,20.752658914246084,0.47943373441714426,18.13793874367724,276146675.0,4989803.3,0,-0.04672135859029506,8.0,-72.0,80.0,20.72,20.8536747807462,21.297150075543723,0.05553318287756165,-0.23391435534975002,-0.2894475382273117
1561435200,2019-06-25,20.67,20.68,20.15,20.22,5963183.0,20.673000000000002,21.315716111513936,20.030283888486068,21.185666666666666,20.186666666666667,20.686166666666665,20.673000000000002,0.5300000000000011,21.435000000000002,19.911,1,40.47922144725639,-4.4423440453686265,-14.607077817046305,27.205655278433326,20.697036715469295,0.4830456105302055,18.48864059350608,270183492.0,5037469.06,0,-0.1585116959496047,4.0,-72.0,76.0,20.673000000000002,20.793324801627513,21.254908896110635,0.02570849323807428,-0.25731192167971884,-0.2830204149177931
1561521600,2019-06-26,20.2,20.3,19.2,19.26,10318503.0,20.6025,21.492733115537494,19.712266884462505,21.142833333333336,20.110833333333332,20.626833333333334,20.6025,1.1000000000000014,21.38925,19.815749999999998,0,33.689758543088416,-6.821480406386067,-18.949646046617083,20.616344774435717,20.52076306206801,0.5271137812066196,20.228279833765296,259864989.0,5178537.18,-1,-0.2491572534736171,4.0,-96.0,100.0,20.6025,20.647293868139176,21.176677174694532,-0.053017440290506035,-0.3492922152809257,-0.29627477499041965
1561608000,2019-06-27,19.26,19.35,18.94,19.24,9710172.0,20.557000000000002,21.612729131927125,19.50127086807288,21.061,20.088,20.5745,20.557000000000002,0.41000000000000014,21.299500000000002,19.814500000000002,0,33.5662941227059,-4.516129032258066,-22.293087463622363,19.44665274992809,20.327866635451915,0.5187485111204324,22.131388289649756,250154817.0,5299426.48,0,-0.12584660172419257,4.0,-96.0,100.0,20.557000000000002,20.51326588069735,21.10072905019671,-0.09815734113088515,-0.41897145140402614,-0.320814110273141
1561694400,2019-06-28,19.29,19.61,19.28,19.58,10341345.0,20.5225,21.655740927605247,19.389259072394754,21.01016666666667,20.062166666666666,20.536166666666666,20.5225,0.370000000000001,21.249250000000004,19.795749999999998,0,37.65486746008963,-3.404045387271837,-23.170086806363134,29.322805921298354,20.211450066535576,0.508123617468973,23.158493769098445,260496162.0,5432345.84,0,0.0034631086524743913,36.0,-60.0,96.0,20.5225,20.424383415869034,21.041092616855664,-0.09668177974968672,-0.44166633496024943,-0.3449845552105627
1561953600,2019-07-01,19.64,19.77,19.4,19.69,4509683.0,20.4845,21.6744659658997,19.2945340341003,20.973166666666664,20.019166666666667,20.496166666666664,20.4845,0.370000000000001,21.21575,19.75325,0,38.93474278522285,-3.7163814180928996,-23.302203692756862,30.307554650621356,20.154717562595483,0.49825764479261786,23.676735192989984,265005845.0,5453434.48,0,0.00106293346115747,32.0,-60.0,92.0,20.4845,20.354442138167222,20.98810859266525,-0.08052360645074214,-0.4456390632739904,-0.36511545682324825
1562040000,2019-07-02,19.71,19.76,19.4,19.57,4594613.0,20.4185,21.656632060807574,19.18036793919243,20.901833333333332,19.979833333333335,20.440833333333337,20.4185,0.360000000000003,21.125750000000004,19.71125,0,38.03804064253506,-6.318812829104836,-23.77963584088956,30.143133004149334,20.09196488937905,0.4883820987360025,24.15795937231784,260411232.0,5470924.74,0,0.018446688829684747,28.000000000000004,-60.0,88.0,20.4185,20.27973336310368,20.9324964909921,-0.07050422768636411,-0.45324574143120344,-0.38274151374483933
1562126400,2019-07-03,19.63,19.8,19.48,19.5,9443352.0,20.3345,21.582497996793105,19.086502003206892,20.819166666666668,19.916166666666665,20.36766666666667,20.3345,0.3200000000000003,21.0275,19.641499999999997,0,37.5076161746905,-7.932011331444758,-24.380472855413895,38.086539101467416,20.01789892028367,0.47635480596914526,24.485723044532,250967880.0,5602149.76,0,-0.04595386249823436,24.0,-60.0,84.0,20.3345,20.205473042808094,20.87632015801202,-0.06150618221178694,-0.45962424150957304,-0.3981180592977861
1562299200,2019-07-05,19.41,19.76,19.37,19.5,3246138.0,20.25,21.483628793438125,19.016371206561875,20.721,19.841,20.281,20.25,0.39000000000000057,20.92575,19.57425,0,37.5076161746905,-7.975460122699392,-24.869830237716855,38.09709321693993,19.984886942754667,0.47018660554277775,24.97573807773654,254214018.0,5605754.02,0,-0.06507117650974466,20.0,-60.0,80.0,20.25,20.13828513396923,20.82234681848214,-0.04901255957117051,-0.4593837587617493,-0.4103711991905788
1562558400,2019-07-08,19.39,19.52,19.18,19.4,5850137.0,20.174,21.420377149982947,18.927622850017052,20.631,19.762,20.1965,20.174,0.33999999999999986,20.8415,19.5065,0,36.697592459485236,-7.265774378585101,-25.594012413020025,38.73213866944134,19.927711784245485,0.4608875622897222,25.74236751487095,248363881.0,5649471.96,0,0.003811793204662372,16.0,-60.0,76.0,20.174,20.0679722640674,20.766568511874997,-0.04125297007129758,-0.4619374117797008,-0.42068444170840325
1562644800,2019-07-09,19.37,19.52,19.26,19.39,3860695.0,20.106,21.367560937885926,18.844439062114077,20.552333333333333,19.696333333333335,20.124333333333333,20.106,0.259999999999998,20.76375,19.44825,0,36.614357440578175,-6.554216867469877,-26.229702908120693,38.0543524886251,19.882857438803654,0.44653845069759907,26.454237706495757,244503186.0,5648725.68,0,-0.010694060264812727,12.0,-60.0,72.0,20.106,20.003403477013364,20.71258543297794,-0.031029737727280016,-0.45947161386750324,-0.4284418761402232
1562731200,2019-07-10,19.41,19.68,19.37,19.4,3746846.0,20.019,21.221961346012254,18.816038653987743,20.468666666666667,19.628666666666668,20.04866666666667,20.019,0.3099999999999987,20.664749999999998,19.37325,0,36.765330743082316,-8.230842005676452,-26.708014952412796,37.597004775022896,19.835661408369496,0.43678570421919904,26.548829850336595,248250032.0,5669098.24,0,-0.06262784630228779,8.0,-60.0,68.0,20.019,19.94593647920257,20.661111494429786,-0.01845118418450481,-0.4515058563708543,-0.43305467218634947
1562817600,2019-07-11,19.41,19.43,19.17,19.37,5783864.0,19.9455,21.11807792917981,18.772922070820186,20.372833333333336,19.563833333333335,19.968333333333334,19.9455,0.259999999999998,20.567999999999998,19.323,0,36.49086316893626,-7.053742802303257,-27.218583984847182,33.02474397759673,19.76813489791889,0.4241581539178276,27.01286217260975,242466168.0,5649173.02,0,-0.05254079504978457,4.0,-60.0,64.0,19.9455,19.891085385945182,20.610479671118814,-0.007566402077945622,-0.44251267478378153,-0.4349462727058359
1562904000,2019-07-12,19.44,19.65,19.22,19.53,2604523.0,19.89,21.030473585840383,18.749526414159618,20.304333333333332,19.50433333333333,19.904333333333334,19.89,0.4299999999999997,20.505750000000003,19.27425,0,39.04552423782741,-5.377906976744183,-26.658059001825514,40.41356428727407,19.599888481867694,0.42457542863798275,26.688064773661885,245070691.0,5618723.54,0,-0.0820478880819864,12.0,-48.0,60.0,19.89,19.85669630156945,20.568107919310233,0.013828760128139939,-0.417660322545661,-0.4314890826738009
1563163200,2019-07-15,19.55,19.58,19.33,19.51,3121893.0,19.8375,20.94599221918768,18.729007780812317,20.249166666666667,19.453166666666668,19.851166666666668,19.8375,0.25,20.45025,19.224749999999997,0,38.83995307909408,-5.10700389105057,-26.25540847307692,45.26359972836829,19.526191426136496,0.4121057551638411,26.386467188924577,241948798.0,5584783.18,0,-0.03998756288311778,8.0,-48.00000000000001,56.00000000000001,19.8375,19.823677606181885,20.52661349110199,0.02917135717525371,-0.39502488620473386,-0.42419624337998757
1563249600,2019-07-16,19.42,19.58,18.91,19.0,4971055.0,19.7815,20.939313024628603,18.6236869753714,20.204166666666666,19.391166666666667,19.797666666666665,19.7815,0.6699999999999982,20.4055,19.157500000000002,0,34.03069270771687,-5.566600397614319,-27.860846317348603,46.00329132498234,19.44438779379792,0.43052677265213807,26.935500588424055,236977743.0,5572176.72,0,-0.03130598378227848,4.0,-96.0,100.0,19.7815,19.74523211987885,20.466746295372502,0.008578896654332646,-0.41347262256207173,-0.4220515192164044
1563336000,2019-07-17,18.99,19.35,18.99,19.22,3636523.0,19.722,20.866737524500547,18.577262475499456,20.147,19.329,19.738,19.722,0.360000000000003,20.343000000000004,19.101,0,37.5423653635407,-5.830475257226856,-27.697462280385075,54.92681969650391,19.4124958947575,0.42548914603412846,27.445317316530716,240614266.0,5530457.56,0,0.1012012593092088,28.000000000000004,-68.0,96.0,19.722,19.695210013223722,20.417854283789268,0.013109870581537342,-0.40566418098948276,-0.4187740515710201
1563422400,2019-07-18,19.19,19.27,18.89,19.13,3030484.0,19.648,20.743857654989753,18.552142345010246,20.078333333333333,19.250333333333334,19.664333333333335,19.648,0.379999999999999,20.2765,19.0195,0,36.70107273455614,-7.180980106744301,-27.910348629988512,60.20401558332426,19.4318849641219,0.4222399213174049,28.105657079849205,237583782.0,5480838.0,0,0.05717599738114434,24.0,-68.0,92.0,19.648,19.641380488154795,20.367350194228905,0.013336849528297834,-0.40210298966064784,-0.41543983918894567
1563508800,2019-07-19,19.15,19.26,18.88,18.88,3337640.0,19.545499999999997,20.519224293627126,18.57177570637287,19.989166666666666,19.15416666666667,19.571666666666665,19.545499999999997,0.38000000000000256,20.174749999999996,18.916249999999998,0,34.44415913796283,-9.794553272814147,-29.052357495844873,50.31787797343299,19.3991623076968,0.4192227840804476,28.738080076299067,234246142.0,5324021.12,0,-0.12744933739229392,20.0,-80.0,100.0,19.545499999999997,19.568868060711484,20.309022735631697,0.0006130456034303955,-0.41467353218465774,-0.41528657778808814
1563768000,2019-07-22,18.88,18.91,18.67,18.69,3633090.0,19.4375,20.278639108590045,18.596360891409955,19.8735,19.064500000000002,19.469,19.4375,0.23999999999999844,20.047250000000002,18.827749999999998,0,32.829111664748496,-10.359712230215827,-30.70629497107807,43.671620644995926,19.344444828216034,0.4064211566461298,29.720762058141023,230613052.0,5273251.54,0,-0.22108663833225264,16.0,-84.0,100.0,19.4375,19.485166340643726,20.24553164795987,-0.01573339272606189,-0.43495331869566556,-0.41921992596960367
1563854400,2019-07-23,18.75,18.75,18.48,18.54,2722706.0,19.331,20.051719085358272,18.610280914641727,19.759999999999998,18.964000000000002,19.362,19.331,0.2699999999999996,19.931,18.730999999999998,0,31.597874739950825,-10.30478955007258,-32.61149614348545,45.181037005958835,19.291534899323903,0.3966767883142634,30.957007485403558,227890346.0,5224710.46,0,-0.24941756990318306,12.0,-88.0,100.0,19.331,19.395150498677655,20.178648053922227,-0.03090495467257559,-0.4578511193103232,-0.4269461646377476
1563940800,2019-07-24,18.52,18.72,18.45,18.65,2243140.0,19.252499999999998,19.907843421420914,18.59715657857908,19.65983333333333,18.889833333333332,19.274833333333333,19.252499999999998,0.2699999999999996,19.833,18.671999999999997,0,33.52245184234833,-7.764589515331356,-33.34448860888414,37.28419183437576,19.206839950557583,0.387628446291816,32.154991202121955,230133486.0,5139515.06,0,-0.10368888708690391,8.0,-88.0,96.0,19.252499999999998,19.324183784517878,20.118701071415472,-0.02788177728060104,-0.4617983862384989,-0.43391660895789785
1564027200,2019-07-25,18.56,19.1,18.55,18.96,3123773.0,19.2375,19.905088945384566,18.569911054615435,19.5965,18.8815,19.238999999999997,19.2375,0.5500000000000007,19.77675,18.69825,0,38.64363974716526,-1.5576323987538978,-31.626857721199276,43.406312403833304,19.1653329598215,0.39922641441382917,31.654661988155063,233257259.0,5091119.6,0,-0.05331091930348971,4.0,-88.0,92.0,19.2375,19.289499614563795,20.073261813712904,-0.0007858887425296057,-0.4348989698860599,-0.4341130811435303
1564113600,2019-07-26,18.99,19.08,18.73,18.81,2211831.0,19.216,19.90909162453436,18.522908375465644,19.578333333333333,18.869333333333334,19.22383333333333,19.216,0.34999999999999787,19.75075,18.681250000000002,0,37.18460753639981,-2.2349272349272336,-30.829559325941958,51.33132677713576,19.12736175132998,0.39571024195569837,31.190070575185807,231045428.0,5059909.36,0,-0.11817504309965454,4.0,-84.0,88.0,19.216,19.243832984605337,20.02372213474377,0.0106235633682909,-0.4208336269331667,-0.4314571903014576
1564372800,2019-07-29,18.83,18.97,18.62,18.83,3555469.0,19.1785,19.869912322713212,18.487087677286787,19.545166666666667,18.83416666666667,19.189666666666668,19.1785,0.34999999999999787,19.71175,18.64525,0,37.51571789745979,-3.8304392236976508,-30.03614138996075,43.56152615501493,19.08222219675107,0.39244522467314835,31.019602062643457,234600897.0,5053678.46,0,-0.10403037470337215,4.0,-80.0,84.0,19.1785,19.20442031940483,19.97690950200872,0.022427748289566896,-0.40342250493949905,-0.42585025322906594
1564459200,2019-07-30,18.75,18.94,18.68,18.92,3242478.0,19.14,19.798148919318177,18.481851080681825,19.501,18.801000000000002,19.151,19.14,0.26000000000000156,19.665,18.615000000000002,0,39.037862075712134,-3.9106145251396622,-28.708167104370926,42.814815947046824,19.03421798717503,0.3829848514822093,30.86130987242556,237843375.0,5002183.58,0,0.016956513684324402,4.0,-76.0,80.0,19.14,19.1773326699377,19.9354620705574,0.038276668302342776,-0.3780044178511375,-0.41628108615348025
1564545600,2019-07-31,18.9,19.0,18.54,18.56,6136436.0,19.0895,19.762745126235373,18.41625487376463,19.46216666666667,18.752166666666664,19.107166666666664,19.0895,0.46000000000000085,19.622,18.557000000000002,0,35.40623579817064,-5.160960654062348,-29.13014562525491,42.672955806325014,18.955953752199786,0.3884859335191944,31.05606699111386,231706939.0,5014744.14,-1,-0.1664155417895149,16.0,-60.0,76.0,19.0895,19.118539082324585,19.881522381515932,0.027024734347183554,-0.38250016821950084,-0.4095249025666844
1564632000,2019-08-01,18.55,18.86,18.47,18.64,3571751.0,19.0465,19.719233974167864,18.37376602583214,19.418833333333332,18.701833333333333,19.060333333333332,19.0465,0.39000000000000057,19.58425,18.508750000000003,0,36.781924827832924,-4.410256410256407,-28.860571851399314,36.40705289129585,18.906525898083974,0.3885940811249663,31.402568219042514,235278690.0,4907672.82,0,-0.19624336213069468,12.0,-60.0,72.0,19.0465,19.072963931627005,19.832835229299622,0.02739453237023548,-0.3752817371038901,-0.4026762694741256
1564718400,2019-08-02,18.86,19.34,18.47,19.07,4873461.0,19.025,19.665078120231964,18.384921879768033,19.413666666666664,18.648666666666667,19.031166666666667,19.025,0.870000000000001,19.59875,18.451249999999998,0,43.58044233793097,-2.2051282051282035,-25.40533858451242,38.52440065459396,18.87652166056268,0.4229802181874688,29.734151331816133,240152151.0,4914630.0,0,-0.17996462880065314,8.0,-60.0,68.0,19.025,19.072681652424436,19.802920122268265,0.057302966078999484,-0.3310475618753763,-0.3883505279543758
1564977600,2019-08-05,18.89,18.99,18.61,18.79,5722028.0,18.9945,19.618117671333717,18.37088232866628,19.387166666666666,18.618166666666667,19.002666666666663,18.9945,0.46000000000000085,19.57725,18.411749999999998,0,40.58857247238414,-3.1443298969072138,-23.926523639615834,38.03190074940546,18.839635703795974,0.42562448831693533,28.184907079391632,234430123.0,4937505.72,0,-0.11198888751969721,4.0,-60.0,64.0,18.9945,19.045759590288775,19.763197764532258,0.05871664849931024,-0.31495471733023805,-0.3736713658295483
1565064000,2019-08-06,18.81,19.31,18.71,19.27,5409067.0,18.9885,19.59895147227252,18.378048527727476,19.389499999999998,18.5865,18.988,18.9885,0.5999999999999979,19.596749999999997,18.38025,0,47.13734140987868,-0.6188757091284218,-19.437586202411662,40.119422265328446,18.84206523366546,0.43807988200858267,26.65299316275062,239839190.0,4976903.08,0,-0.03859423018495104,4.0,-56.0,60.0,18.9885,19.06711581978508,19.74385667572707,0.09056386266094629,-0.26046653750336546,-0.35103040016431175
1565150400,2019-08-07,19.23,19.56,19.08,19.08,6987427.0,18.9725,19.55511050453943,18.38988949546057,19.385833333333334,18.565833333333334,18.975833333333334,18.9725,0.4800000000000004,19.5935,18.3515,1,45.06747797254691,-1.6494845360824757,-16.885681717223804,49.7977228542766,18.877453009801936,0.4410741761508268,25.918180904518007,232851763.0,4973121.28,0,-0.17303438681303662,28.000000000000004,-28.000000000000004,56.00000000000001,18.9725,19.068342884567453,19.71782308060052,0.09685249321115608,-0.22996478365036666,-0.32681727686152273
1565236800,2019-08-08,19.11,19.75,19.07,19.68,5273264.0,18.988,19.625952976323248,18.35004702367675,19.415666666666663,18.553666666666665,18.984666666666662,18.988,0.6799999999999997,19.6405,18.3355,1,52.06442511576924,1.6004130098089764,-11.227522487692971,57.287144771272175,18.926027087398328,0.4581403064257677,25.70126882100157,238125027.0,4969552.0,0,-0.039143948198836355,100.0,48.0,52.0,18.988,19.126595943180078,19.71633982253776,0.1369870462935442,-0.15558346899459252,-0.2925705152881367
1565323200,2019-08-09,19.64,19.7,19.14,19.14,3668559.0,18.9685,19.561231811192627,18.37576818880737,19.415166666666668,18.540166666666668,18.977666666666668,18.9685,0.5599999999999987,19.63075,18.30625,1,46.458317429337846,-1.9969278033794189,-9.549753875413343,57.14537765670038,18.961522869592745,0.4654159988239271,25.499850457736304,234456468.0,4901700.94,0,-0.050032277591472905,96.0,48.0,48.0,18.9685,19.12787252002007,19.693738260869612,0.12316729038256513,-0.1386114023099303,-0.26177869269249543
1565582400,2019-08-12,19.06,19.13,18.81,18.92,1689551.0,18.939,19.47721557019441,18.40078442980559,19.392666666666667,18.51066666666667,18.951666666666664,18.939,0.33000000000000185,19.60725,18.27075,1,44.40770311342775,-3.0240902101486404,-9.30586027866345,58.11546681212874,18.97881175231461,0.455743427479361,24.12222913638562,232766917.0,4767789.6,0,-0.033865803964451026,92.0,48.0,44.0,18.939,19.108075137161016,19.663395583972765,0.09639540255681178,-0.14128443949648073,-0.2376798420532925
1565668800,2019-08-13,19.07,19.67,19.03,19.54,4890458.0,18.966,19.564544902241842,18.36745509775816,19.403666666666666,18.52466666666667,18.964166666666667,18.966,0.75,19.64025,18.29175,1,50.84408358439491,2.8421052631578902,-5.932048435133079,60.05581938023849,19.027850870048912,0.47676175408797805,24.13541108638318,237657375.0,4782409.66,0,-0.0021647835206625083,88.0,48.0,40.0,18.966,19.149210838383777,19.65855654146403,0.11629592895527285,-0.09230993085920147,-0.20860585981447433
1565755200,2019-08-14,19.49,19.78,19.22,19.28,9185689.0,18.969,19.57318209175686,18.364817908243143,19.425666666666665,18.526666666666667,18.976166666666664,18.969,0.5600000000000023,19.658250000000002,18.27975,1,48.37191315083576,0.31217481789803475,-4.583583533872472,63.82051266109916,19.09043211899568,0.48270734308169405,24.36718166130541,228471686.0,4842987.44,-1,-0.13372193302909113,84.0,48.0,36.0,18.969,19.161666949013895,19.643711186896816,0.10798199581080761,-0.07362836505096482,-0.18161036086177243
1565841600,2019-08-15,19.38,19.67,19.25,19.56,6149799.0,18.9905,19.644609318080466,18.336390681919536,19.447499999999998,18.5445,18.996,18.9905,0.4200000000000017,19.682750000000002,18.29825,1,51.06893067873119,2.247778358599058,-2.289562972241731,65.92062125082833,19.132475029044308,0.47822824714728746,24.582397195161764,234621485.0,4877102.98,0,-0.06754685313305955,80.0,48.0,32.0,18.9905,19.19960343006019,19.640428395253803,0.11663504179387085,-0.03581655861943389,-0.15245160041330474
1565928000,2019-08-16,19.64,20.54,19.64,20.49,6076005.0,19.071,19.99251831235179,18.149481687648212,19.534333333333333,18.57933333333333,19.056833333333334,19.071,0.9800000000000004,19.80825,18.333750000000002,0,58.62560499857629,8.527542372881355,3.378113463890673,72.05110681442713,19.239320422978547,0.514069086636767,26.189886500645134,240697490.0,4939024.48,0,-0.0008574683019034515,100.0,72.0,28.000000000000004,19.071,19.32249834148303,19.673744928773264,0.1766847012485419,0.06840427614737266,-0.10828042510116927
1566187200,2019-08-19,20.75,20.75,20.29,20.49,5766895.0,19.161,20.25208936389266,18.06991063610734,19.633000000000003,18.656,19.1445,19.161,0.46000000000000085,19.91475,18.40725,0,58.6256049985763,9.630818619582648,7.518633660623511,73.14605959685849,19.353392072552055,0.5102070090198552,27.931601176587886,246464385.0,4965186.06,0,-0.047192431806245536,96.0,72.0,24.0,19.161,19.433688975627504,19.70575493156647,0.2060477324091623,0.14927924041028362,-0.05676849199887869
1566273600,2019-08-20,20.42,20.61,20.15,20.58,7848286.0,19.262999999999998,20.4772668569963,18.048733143003695,19.735333333333333,18.739333333333335,19.237333333333332,19.262999999999998,0.46000000000000085,20.031,18.494999999999997,0,59.299600535191594,11.003236245954689,10.991619779713984,70.92393832724423,19.516658375375943,0.5066207940898656,29.06307391333055,254312671.0,5062394.36,0,0.11501548428712491,100.0,80.0,20.0,19.262999999999998,19.54286145413917,19.7400390518972,0.2199116861225674,0.21812111565433057,-0.0017905704682368434
1566360000,2019-08-21,20.69,20.93,20.55,20.86,7180995.0,19.3735,20.737512829851568,18.009487170148432,19.8495,18.8425,19.346,19.3735,0.379999999999999,20.14975,18.59725,0,61.3609143846517,11.849865951742633,14.658485542947558,76.63391623205575,19.667098202960027,0.49757645165487513,30.51561656920963,261493666.0,5145509.96,0,0.17173103118489064,100.0,84.0,16.0,19.3735,19.668303220411634,19.7839590890777,0.2349584799054462,0.2919075294135709,0.056949049508124704
1566446400,2019-08-22,20.86,21.12,20.8,20.88,4516715.0,19.4695,20.967291373990278,17.971708626009722,19.941166666666668,18.957166666666666,19.449166666666667,19.4695,0.3200000000000003,20.2285,18.7105,0,61.50749279526258,10.126582278481003,17.59669562790563,76.66550419367763,19.78114372777938,0.4848924193938126,32.081761715457354,266010381.0,5159231.44,0,0.12138995604864411,100.0,88.0,12.0,19.4695,19.783702913705763,19.82694108558446,0.23282976663920352,0.3479862578071291,0.11515649116792559
1566532800,2019-08-23,20.95,21.11,20.67,20.74,6279383.0,19.566,21.12868230936415,18.003317690635846,20.044,19.051,19.5475,19.566,0.4399999999999977,20.33175,18.80025,0,59.83496762264765,10.260499734183943,19.279192935146593,75.55772375818943,19.932921430615984,0.4816858180085401,33.07402334941492,259730998.0,5212624.4,0,0.07136782636234784,96.0,88.0,8.0,19.566,19.874778826686164,19.862747317522324,0.20930587662076128,0.3767888369438772,0.16748296032311594
1566792000,2019-08-26,20.85,20.99,20.72,20.99,3252468.0,19.674,21.314894877802864,18.033105122197135,20.144666666666666,19.159666666666666,19.652166666666666,19.674,0.2699999999999996,20.43375,18.91425,0,61.788099825822364,11.471056824216678,21.439308073443367,75.0105545535607,20.030283229015655,0.4665654024365015,33.99540915237553,262983466.0,5215375.56,0,0.05509828727075697,100.0,96.0,4.0,19.674,19.98099036700177,19.90695330507047,0.1980169039514954,0.4150040902624852,0.2169871863109898
1566878400,2019-08-27,21.06,21.27,20.72,20.75,4646883.0,19.7655,21.43190301247918,18.09909698752082,20.2625,19.2485,19.7555,19.7655,0.5500000000000007,20.547,18.983999999999998,0,58.894071825227414,9.67230443974629,21.988242101983943,74.40617235280806,20.156230015895765,0.4725250165481801,35.22080442312121,258336583.0,5165353.58,0,0.09404416367095034,96.0,72.0,24.0,19.7655,20.054229379668268,19.940013959773587,0.1632663511989545,0.4210701253096829,0.2578037741107284
1566964800,2019-08-28,20.76,20.81,20.7,20.8,3223639.0,19.877499999999998,21.505417381195887,18.24958261880411,20.3485,19.369500000000002,19.858999999999998,19.877499999999998,0.10999999999999943,20.632749999999998,19.122249999999998,0,59.31199784645527,12.068965517241391,22.591530360995137,69.34581165811727,20.229359739716543,0.4466303725090243,36.27966476238104,261560222.0,5136181.8,0,0.07579464458845903,92.0,72.0,20.0,19.877499999999998,20.125255153033194,19.973738902527565,0.13376722144176223,0.42501280091293125,0.291245579471169
1567051200,2019-08-29,20.93,21.14,20.92,21.11,4364468.0,20.000999999999998,21.609302210406888,18.392697789593107,20.46,19.497999999999998,19.979,20.000999999999998,0.33999999999999986,20.752499999999998,19.249499999999998,0,61.843791193332585,13.251072961373383,24.075065959412907,74.41530522829069,20.321569991731675,0.43901391732980827,37.673484964842906,265924690.0,5139246.4,0,0.1662416907917169,100.0,84.0,16.0,20.000999999999998,20.219040376553842,20.018298161251973,0.12539368504456028,0.4479876857768694,0.32259400073230915
1567137600,2019-08-30,21.19,21.64,21.19,21.58,3490791.0,20.1265,21.814377661443416,18.438622338556584,20.564500000000002,19.6445,20.1045,20.1265,0.5300000000000011,20.8525,19.4005,0,65.29063147569639,13.162034609334022,26.736655079672705,77.15709934355189,20.403792332480414,0.445512923234822,39.466898981085436,269415481.0,5141116.8,0,0.2025154928340222,100.0,88.0,12.0,20.1265,20.34865557878681,20.079541370614642,0.14062524454727432,0.4983755564164021,0.35775031186912776
1567483200,2019-09-03,21.54,21.72,21.44,21.69,6348268.0,20.271499999999996,21.973408046869654,18.569591953130338,20.700499999999998,19.7905,20.2455,20.271499999999996,0.2799999999999976,20.983999999999995,19.558999999999997,0,66.04627096093799,15.433741351782876,29.187760305303467,77.75680166265902,20.563927708215637,0.43369057157519164,41.202703788050634,275763749.0,5008492.44,0,0.22535450499737175,100.0,92.0,8.0,20.271499999999996,20.476402666521402,20.142696610982696,0.14655868498301838,0.5409486680979008,0.3943899831148824
1567569600,2019-09-04,21.89,22.02,21.64,21.82,4090225.0,20.399,22.16264282098153,18.63535717901847,20.826,19.938,20.381999999999998,20.399,0.379999999999999,21.095000000000002,19.703,0,66.94158826285226,13.23300467047224,31.545037717461717,76.45327462049627,20.77709697245108,0.42985553074839217,43.064846922463154,279853974.0,4988912.94,0,0.33664497910354746,100.0,96.0,4.0,20.399,20.604364317328887,20.20847321447357,0.14729552015740088,0.5785093833116335,0.4312138631542326
1567656000,2019-09-05,21.82,22.25,21.72,22.21,4015593.0,20.555500000000002,22.377712665964022,18.733287334035982,20.9695,20.076500000000003,20.523,20.555500000000002,0.5300000000000011,21.255250000000004,19.85575,0,69.48275127586764,16.404612159329155,34.56007413042436,75.95880014559842,20.960590532171775,0.4370087071235071,44.96686053586086,283869567.0,4949961.14,0,0.35351487244517205,100.0,96.0,4.0,20.555500000000002,20.757282001392802,20.286964460964803,0.16099347401886738,0.6324557056778168,0.47146223165894946
1567742400,2019-09-06,22.27,22.39,21.97,22.08,5649016.0,20.6755,22.566102813919336,18.784897186080663,21.088833333333334,20.221833333333333,20.655333333333335,20.6755,0.4200000000000017,21.35575,19.99525,0,67.65791342288136,12.195121951219505,36.22647612857129,75.99471679866667,21.118778844818934,0.4357937994718281,46.83310914789633,278220551.0,4856571.4,0,0.24116809540479137,96.0,88.0,8.0,20.6755,20.8832551441173,20.357279580142656,0.14854501472048098,0.6571435000595507,0.5085984853390697
1568001600,2019-09-09,22.08,22.21,21.95,22.1,5932028.0,20.823500000000003,22.67310833691885,18.973891663081154,21.21183333333333,20.374833333333335,20.79333333333333,20.823500000000003,0.26000000000000156,21.481250000000003,20.165750000000003,0,67.79488647931544,15.464994775339608,37.63191736160524,67.49394013842138,21.249389566937353,0.4232370995095548,48.4797354251213,284152579.0,4781008.52,0,0.2641074950038282,92.0,88.0,4.0,20.823500000000003,20.999135606582318,20.425621557391963,0.12959514443676146,0.6705924158850216,0.5409972714482602
1568088000,2019-09-10,22.17,22.59,22.13,22.16,6495587.0,20.9855,22.702665979164426,19.26833402083557,21.385833333333334,20.534833333333335,20.96033333333333,20.9855,0.48999999999999844,21.65525,20.315749999999998,0,68.21991668215824,17.124735729386884,38.95209782898246,77.92479754369867,21.437643536813617,0.4280058781160151,50.280360768581,290648166.0,4704093.36,0,0.08974625947751912,88.0,68.0,20.0,20.9855,21.109694120241144,20.49363639827855,0.10982103221827377,0.6782735617211024,0.5684525295028287
1568174400,2019-09-11,22.17,22.58,22.14,22.47,9700463.0,21.131999999999998,22.830724227177477,19.43327577282252,21.525,20.694,21.109499999999997,21.131999999999998,0.4399999999999977,21.778499999999998,20.4855,0,70.34821562556574,14.994882292732855,40.88314838196801,78.88902282041832,21.63242724191621,0.4288626011077281,51.952370016079286,300348629.0,4807908.96,1,0.09097885108078335,100.0,84.0,16.0,21.131999999999998,21.23924706117056,20.57114085324802,0.10627100436843429,0.7012912849633715,0.5950202805949372
1568260800,2019-09-12,22.5,22.91,22.47,22.72,3975403.0,21.304,22.912009950217886,19.69599004978211,21.682666666666666,20.863666666666667,21.27316666666667,21.304,0.4400000000000013,21.941499999999998,20.6665,0,71.94324868976278,17.84232365145227,43.12155215962604,78.83047088321607,21.735998517253236,0.4296581296000333,53.716999364834614,304324032.0,4795524.76,0,0.13085483450727428,100.0,88.0,12.0,21.304,21.380271150582885,20.65540983939516,0.10900474366972057,0.731276210182088,0.6222714665123674
1568347200,2019-09-13,22.6,22.84,22.46,22.82,4166211.0,21.467000000000002,22.99368398825682,19.940316011743185,21.84133333333333,21.026333333333334,21.433833333333332,21.467000000000002,0.379999999999999,22.1015,20.832500000000003,0,72.56464102214429,16.66666666666668,45.20364624763751,86.95038358728566,21.87543875867399,0.42611112034288795,55.30929271100216,308490243.0,4689981.94,0,0.2503278573719731,100.0,92.0,8.0,21.467000000000002,21.517388183860703,20.74029572804633,0.1057126259202068,0.7544122489126259,0.6486996229924191
1568606400,2019-09-16,22.82,23.19,22.7,23.08,5162343.0,21.5965,23.206820154503365,19.986179845496633,21.95916666666667,21.185166666666667,21.572166666666668,21.5965,0.490000000000002,22.19425,20.998749999999998,0,74.13258751650596,12.64031234748658,47.560623522014865,87.37243606605678,22.00070139942158,0.43067461174696753,56.99602043504904,313652586.0,4728306.04,0,0.2378945826608674,100.0,96.0,4.0,21.5965,21.66620835682635,20.8320488367504,0.10878608171678794,0.784682225138404,0.6758961434216161
1568692800,2019-09-17,23.11,23.42,23.08,23.17,8820758.0,21.7305,23.39531800807168,20.06568199192832,22.088833333333334,21.326833333333333,21.707833333333333,21.7305,0.3400000000000034,22.31925,21.14175,0,74.66026458757989,13.07955100048806,49.70172143488486,88.18388937244225,22.210649779516636,0.42419785376504154,58.68144578124659,322473344.0,4787718.46,0,0.22458591111338827,100.0,92.0,8.0,21.7305,21.809426608557175,20.923733196093522,0.1045912917245101,0.8066352580772538,0.7020439663527437
1568779200,2019-09-18,23.22,23.32,23.02,23.25,6521957.0,21.863999999999997,23.566168029308432,20.161831970691562,22.218333333333334,21.47233333333333,21.845333333333333,21.863999999999997,0.3000000000000007,22.440749999999998,21.287249999999997,0,75.13486694889833,12.973760932944616,51.65331929853082,83.9579360921019,22.351313528391714,0.41532657849611004,59.96584233600771,328995301.0,4840943.7,0,0.2258572757786692,100.0,96.0,4.0,21.863999999999997,21.946624074408874,21.014959345266323,0.09518424255539026,0.8210242695469816,0.7258400269915913
1568865600,2019-09-19,23.34,23.4,23.1,23.19,4501402.0,21.9805,23.710569073765488,20.25043092623451,22.336833333333335,21.598833333333335,21.96783333333333,21.9805,0.29999999999999716,22.55125,21.40975,0,74.04007318166742,11.169702780441044,52.81786172644023,84.07257682701578,22.47310584941765,0.4070889657463877,61.208992866258306,324493899.0,4856034.82,0,0.16239025372161384,96.0,92.0,4.0,21.9805,22.065040829227076,21.100255057216664,0.07385196629727453,0.8181549848631846,0.7443030185659101
1568952000,2019-09-20,23.29,23.63,23.17,23.59,12516639.0,22.116,23.90361740873146,20.32838259126854,22.470333333333333,21.718333333333334,22.09433333333333,22.116,0.4599999999999973,22.69725,21.53475,0,76.44830403700813,12.978927203065139,54.717745399992054,85.82222510907783,22.653955628317387,0.41086832533593126,62.50195550875409,337010538.0,4990690.32,1,0.23422761557216873,100.0,96.0,4.0,22.116,22.210275035967353,21.197892113796403,0.07535126368739631,0.8384920981751556,0.7631408344877593
1569211200,2019-09-23,23.54,23.67,23.4,23.43,4634750.0,22.2505,24.00829947661836,20.492700523381636,22.594833333333334,21.859833333333334,22.227333333333334,22.2505,0.2700000000000031,22.819,21.682,0,73.57449230991685,12.97010607521698,55.00129280998463,85.61773053559831,22.775862137318292,0.40080630209765067,63.725922590485645,332375788.0,5031294.86,0,0.13918060419288739,96.0,92.0,4.0,22.2505,22.326439318256178,21.285425756392623,0.05517272096266013,0.8321067356910845,0.7769340147284244
1569297600,2019-09-24,23.48,23.65,23.22,23.45,4783995.0,22.3735,24.10535767313593,20.64164232686407,22.729833333333335,21.978833333333334,22.354333333333336,22.3735,0.4299999999999997,22.954,21.793,0,73.70455638801836,11.719866603144359,55.279280073295524,80.13619721698396,22.857123285108933,0.4028915662335328,63.949524087300674,337159783.0,5064536.9,0,0.14438897025531297,92.0,88.0,4.0,22.3735,22.433445097469875,21.370311020847815,0.033826150272387445,0.8192167025689088,0.7853905522965213
1569384000,2019-09-25,23.39,23.65,23.24,23.6,4278424.0,22.516,24.156675470652193,20.875324529347804,22.851999999999997,22.115000000000002,22.4835,22.516,0.41000000000000014,23.086,21.945999999999998,0,74.68810612433418,13.734939759036152,55.86113934115674,80.25496857641627,22.925257668929532,0.4033993115025662,64.15715404862891,341438207.0,5050684.28,0,0.14195022572681865,100.0,88.0,12.0,22.516,22.544545564377504,21.45774980434398,0.021085704448399745,0.8117476828570211,0.7906619784086214
1569470400,2019-09-26,23.6,23.61,23.26,23.36,3691275.0,22.644,24.120419994445957,21.16758000555404,22.996,22.235,22.6155,22.644,0.34999999999999787,23.232,22.055999999999997,0,70.26189562145912,12.307692307692301,54.33983441882769,75.45387483144518,22.997897966729408,0.39958507496666845,64.3499532984337,337746932.0,5051779.32,0,0.15822064486211604,96.0,88.0,8.0,22.644,22.62220789157965,21.53234785123245,-0.010529661289595316,0.7774999017966273,0.7880295630862226
1569556800,2019-09-27,23.42,23.44,23.07,23.24,3697764.0,22.7505,24.067640463276337,21.43335953672366,23.113166666666665,22.33716666666667,22.725166666666667,22.7505,0.370000000000001,23.34075,22.160249999999998,0,68.136656342489,10.090004737091421,52.09620165247454,77.22972311272076,23.07430417340576,0.39747185532619217,63.50690223246859,334049168.0,5065124.92,0,0.1478654541446842,92.0,88.0,4.0,22.7505,22.681045235238727,21.59931460216451,-0.04463601256169336,0.7322345473841061,0.7768705599457995
1569816000,2019-09-30,23.14,23.36,23.11,23.23,4843343.0,22.833000000000002,24.04938974017369,21.616610259826313,23.191333333333333,22.435333333333336,22.813333333333333,22.833000000000002,0.25,23.402250000000002,22.26375,0,67.95634910531064,7.6459684893419935,50.16655065201855,70.85889150534938,23.146179644550212,0.3869381513743213,62.724069099786696,329205825.0,5095238.98,0,0.2179673269408985,88.0,80.0,8.0,22.833000000000002,22.73332664140647,21.663263049138454,-0.07139407649488927,0.6876279643271879,0.7590220408220771
1569902400,2019-10-01,23.22,23.35,23.01,23.03,3064569.0,22.9,23.999145122356378,21.80085487764362,23.27,22.508,22.889,22.9,0.33999999999999986,23.47375,22.326249999999998,0,64.37023717442008,6.177962194559703,46.876880141889814,64.31596249047443,23.24290013940257,0.3835854262761555,61.45514776245701,326141256.0,5083868.56,0,0.13615711576943407,84.0,80.0,4.0,22.9,22.761581246986808,21.71686057662322,-0.10410630894055184,0.6288891546463873,0.7329954635869391
1569988800,2019-10-02,22.94,23.0,22.7,22.7,5697551.0,22.944,23.93146949319957,21.956530506800426,23.314666666666668,22.560666666666666,22.937666666666665,22.944,0.33000000000000185,23.514,22.374,0,58.96575595922926,4.032997250229143,41.446181921063726,57.79459818961002,23.238118853741003,0.3797578958278588,58.80228198396312,320443705.0,5143365.46,0,0.05139604005480041,80.0,76.0,4.0,22.944,22.755716366321398,21.755415063814468,-0.1468946865388978,0.549377105413317,0.6962717919522148
1570075200,2019-10-03,22.74,22.85,22.62,22.8,3741131.0,22.973499999999998,23.90517107929774,22.041828920702255,23.3345,22.6105,22.9725,22.973499999999998,0.23000000000000043,23.520999999999997,22.426,0,60.03604197577294,2.6564610535794677,37.407283908679055,52.746102132396686,23.243555774905055,0.3690609032687261,56.000840014114985,324184836.0,5173325.28,0,0.030446216279687556,76.0,72.0,4.0,22.973499999999998,22.75993385524317,21.796379178959,-0.1659791611074649,0.48879784056788367,0.6547770016753486
1570161600,2019-10-04,22.89,23.41,22.75,23.41,3039188.0,23.04,23.893674411002124,22.186325588997875,23.398666666666664,22.650666666666666,23.02466666666667,23.04,0.6600000000000001,23.6055,22.4745,0,65.7690052986323,6.02355072463769,36.390008424981495,51.41970178936323,23.25907972428205,0.38984226732095995,54.68045613256913,327224024.0,5171633.58,0,0.03395785174542763,72.0,68.0,4.0,23.04,22.82184491664858,21.859658426842962,-0.1362807401560926,0.48442607648023284,0.6207068166363254
1570420800,2019-10-07,23.41,23.66,23.3,23.47,5264402.0,23.1085,23.86364965404205,22.35335034595795,23.473166666666668,22.71516666666667,23.094166666666666,23.1085,0.35999999999999943,23.6815,22.5355,0,66.2699905515934,6.199095022624422,35.81620412996332,49.00685396337764,23.279865871643853,0.3877106767980342,53.886560073471685,332488426.0,5232685.0,0,0.09058062894272645,68.0,64.0,4.0,23.1085,22.88357397220586,21.92280907677069,-0.11235208940128172,0.48026670488472334,0.5926187942860051
1570507200,2019-10-08,23.42,23.88,23.31,23.59,4723210.0,23.18,23.825166645138935,22.534833354861064,23.543666666666667,22.77466666666667,23.159166666666668,23.18,0.5700000000000003,23.759,22.601,0,67.27819602727769,6.45306859205776,35.79902240863581,57.21186297590428,23.309411197656633,0.40073134274103184,53.488188555753815,337211636.0,5256039.82,0,0.04095408491241955,64.0,60.0,4.0,23.18,22.950852641519585,21.988189112975764,-0.08920906527214734,0.48110746269582094,0.5703165279679683
1570593600,2019-10-09,23.62,23.75,23.42,23.53,3296334.0,23.232999999999997,23.806309689434798,22.659690310565196,23.596666666666668,22.838666666666665,23.217666666666666,23.232999999999997,0.3299999999999983,23.803749999999997,22.662249999999997,0,66.23618031464643,4.717400979083233,35.32109224499502,51.52860646714359,23.327330263087642,0.39567910397381517,53.11827214644437,333915302.0,5257116.94,0,0.05211963427926359,60.0,52.0,8.0,23.232999999999997,23.006009532803432,22.04865228501593,-0.0790555062410393,0.4714971451666692,0.5505526514077085
1570680000,2019-10-10,23.51,23.51,23.25,23.4,4377001.0,23.267000000000003,23.793311694720757,22.74068830527925,23.622,22.881999999999998,23.252,23.267000000000003,0.28000000000000114,23.825750000000003,22.708250000000003,1,63.97628941075459,2.992957746478872,33.92339107172219,37.37023415417685,23.302934623220217,0.38741631083282846,52.03270242336272,329538301.0,5221928.24,0,-0.10417587481129707,56.00000000000001,52.00000000000001,4.0,23.267000000000003,23.0435324344412,22.101646313054523,-0.0818628116052158,0.4482241369011888,0.5300869485064046
1570766400,2019-10-11,23.49,23.83,23.41,23.55,4012417.0,23.3035,23.801225828142194,22.805774171857806,23.6685,22.924500000000002,23.2965,23.3035,0.4299999999999997,23.866,22.741,1,65.40970068452143,3.1989482909728326,33.3708823752931,36.716398894188515,23.307467591116758,0.3904580029161978,51.576050088009644,333550718.0,5230741.56,0,-0.0665331060317562,52.0,48.0,4.0,23.3035,23.091767440684897,22.158444496856305,-0.07459104431690367,0.4368481431102751,0.5114391874271788
1571025600,2019-10-14,23.67,23.67,23.39,23.44,2459871.0,23.3215,23.81157244362424,22.83142755637576,23.683500000000002,22.960500000000003,23.322,23.3215,0.28000000000000114,23.86825,22.77475,1,63.46046896943606,1.559792027729649,32.05878887648762,38.239837905618195,23.304612286917894,0.38256814556504093,51.06567355472827,331090847.0,5182469.76,0,-0.10337015160576889,48.0,44.0,4.0,23.3215,23.124932446333958,22.20870157541096,-0.07780569212575578,0.41418207226998405,0.4919877643957398
1571112000,2019-10-15,23.47,23.6,23.3,23.38,3888973.0,23.332,23.817617133140743,22.84638286685926,23.691666666666666,22.97266666666667,23.33216666666667,23.332,0.3000000000000007,23.87575,22.78825,1,62.39291088233414,0.9063444108761212,30.512523045170415,30.783933238423145,23.298392889819755,0.3766704208818238,50.192842841003554,327201874.0,5145808.66,0,-0.19459396258680348,44.0,40.0,4.0,23.332,23.14922459430215,22.254634846963473,-0.08405628651008668,0.38691740625813154,0.4709736927682182
1571198400,2019-10-16,23.33,23.42,23.07,23.17,3383981.0,23.327999999999996,23.817554899883383,22.83844510011661,23.69533333333333,22.971333333333334,23.333333333333336,23.327999999999996,0.3500000000000014,23.875499999999995,22.780499999999996,1,58.75164250690844,-0.344086021505369,27.585118483771044,30.970634295581718,23.286187883158323,0.3747653908188365,48.42846499375899,323817893.0,5105306.94,0,-0.19329822975563515,40.0,-20.0,60.0,23.327999999999996,23.151203204368613,22.290531519631575,-0.1012631551984779,0.3443947487701209,0.4456579039685988
1571284800,2019-10-17,23.26,23.41,23.15,23.33,3440459.0,23.335,23.820448246469006,22.849551753530996,23.696666666666665,22.976666666666667,23.336666666666666,23.335,0.26000000000000156,23.8795,22.7905,1,60.595958336607566,0.603708495040953,25.924060218843366,37.341840879363694,23.28926336031205,0.36656786290320537,46.790114135603325,327258352.0,5034367.58,0,-0.1648125092607393,36.0,-20.000000000000007,56.00000000000001,23.335,23.16823147061922,22.331294989449944,-0.1005918570460384,0.3199180826610508,0.4205099397070892
1571371200,2019-10-18,23.33,23.42,23.09,23.28,5026146.0,23.319499999999998,23.790985948889073,22.848014051110923,23.68016666666667,22.973166666666664,23.326666666666664,23.319499999999998,0.33000000000000185,23.85425,22.784749999999995,1,59.717628564924624,-1.3141161509113977,24.177560836884375,37.21460500077373,23.291799850653575,0.3639558726958337,45.015324703733924,322232206.0,5029425.22,0,-0.14703040927646904,32.0,-20.0,52.0,23.319499999999998,23.178876092465007,22.368499107510733,-0.10192250104569583,0.29310681339996947,0.3950293144456653
1571630400,2019-10-21,23.42,23.66,23.42,23.51,4228754.0,23.3235,23.799998688350588,22.84700131164941,23.680166666666665,22.976166666666668,23.328166666666668,23.3235,0.379999999999999,23.8665,22.7805,1,62.35945382477069,0.34144259496372964,23.85918527471249,43.94919367349496,23.318366695877522,0.36510188178898834,43.97270122154718,326460960.0,5040629.12,0,-0.11489834373256783,28.000000000000004,-19.999999999999996,48.0,23.3235,23.210411702706434,22.413263848392667,-0.08633692117934422,0.2871081629714851,0.37344508415082933
1571716800,2019-10-22,23.57,23.65,23.42,23.55,2877294.0,23.3285,23.812246834614793,22.844753165385203,23.675166666666666,22.991166666666665,23.333166666666664,23.3285,0.22999999999999687,23.856499999999997,22.8005,1,62.80600418758331,0.42643923240938775,23.796089067384173,51.510312273139554,23.385166935982003,0.35545174737548896,43.00455084523092,329338254.0,5064383.98,0,-0.007962014142321006,24.0,-20.0,44.0,23.3285,23.242753445305823,22.457841736690995,-0.07289417858385622,0.2823273609210091,0.3552215395048653
1571803200,2019-10-23,23.52,23.61,23.36,23.5,2878037.0,23.3235,23.79789540469932,22.849104595300677,23.666833333333333,22.998833333333334,23.332833333333333,23.3235,0.25,23.8395,22.807499999999997,1,61.840675609754186,-0.423728813559328,23.337665777655147,52.23875633380325,23.435322182460176,0.34791947970581116,41.82122930818856,326460217.0,5024135.56,0,-0.04153842032355837,20.0,-20.0,40.0,23.3235,23.267253117181458,22.49871068819331,-0.06707666482164809,0.27137570847780523,0.3384523732994533
1571889600,2019-10-24,23.61,23.61,23.34,23.46,3139547.0,23.328500000000002,23.806423634067027,22.850576365932977,23.66583333333333,23.005833333333335,23.335833333333333,23.328500000000002,0.2699999999999996,23.838500000000003,22.8185,1,61.05048924764933,0.42808219178082807,22.6248340265135,46.433214872516345,23.45144502197186,0.34235380258396747,40.62455299139009,323320670.0,4903212.72,0,-0.10538909963597608,16.0,-20.0,36.0,23.328500000000002,23.285609963164177,22.53640830826416,-0.06555240252579292,0.2565118701422122,0.32206427266800514
1571976000,2019-10-25,23.42,23.6,23.4,23.55,3647852.0,23.344,23.829485324185846,22.858514675814156,23.67066666666667,23.02766666666667,23.34916666666667,23.344,0.20000000000000284,23.841250000000002,22.84675,1,62.194599967922464,1.3339070567986329,22.512539004471414,44.75267965514947,23.45349138795119,0.33218567382797,39.513353554362936,326968522.0,4853173.78,0,-0.0675138422343956,12.0,-20.0,32.0,23.344,23.310789966672353,22.576157002057723,-0.05835326794167517,0.24912268774091118,0.30747595568258634
1572235200,2019-10-28,23.59,23.67,23.45,23.46,2924020.0,23.3555,23.8405350502797,22.870464949720297,23.683833333333332,23.043833333333332,23.363833333333332,23.3555,0.22000000000000242,23.8505,22.8605,1,60.32920814858537,0.9900990099009919,21.63614735859255,42.72586455823792,23.444485120946755,0.32417241141168657,38.70706116320072,324044502.0,4790134.08,0,-0.12190612911151437,8.0,-20.000000000000004,28.000000000000004,23.3555,23.325000446036892,22.61081751178095,-0.059328804464612084,0.23331495010182124,0.2926437545664333
1572321600,2019-10-29,23.35,23.63,23.28,23.49,4376395.0,23.378500000000003,23.842796241638716,22.91420375836129,23.70116666666667,23.060166666666667,23.380666666666666,23.378500000000003,0.34999999999999787,23.874250000000004,22.88275,1,60.74234777493852,1.9973947025618641,21.074776423076806,41.825735628777075,23.438451337482253,0.3260172391679945,37.049177462814775,328420897.0,4762324.08,0,-0.08034094935381605,4.0,-20.0,24.0,23.378500000000003,23.340714689271472,22.645295256416993,-0.05758358522674811,0.22066427303299818,0.2782478582597463
1572408000,2019-10-30,23.54,23.72,23.32,23.68,5064078.0,23.4275,23.790921243187345,23.064078756812652,23.744833333333332,23.093833333333333,23.419333333333334,23.4275,0.3999999999999986,23.9285,22.926499999999997,1,63.2909818904958,4.31718061674009,21.7281016074445,51.14646938915474,23.456168047419755,0.3313017220845662,35.83302550590927,333484975.0,4706639.92,0,-0.013481678954577728,100.0,80.0,20.0,23.4275,23.373027576007523,22.685871913028095,-0.043882465414583294,0.22339477649151718,0.26727724190610047
1572494400,2019-10-31,23.65,23.83,23.45,23.49,3964297.0,23.462,23.68413509403027,23.23986490596973,23.794,23.128,23.461,23.462,0.379999999999999,23.97425,22.949749999999998,1,59.242493544748655,3.0263157894736743,20.510280045503176,51.09929515541509,23.455521076041034,0.33478017050709713,35.07997640434713,329520678.0,4642305.96,0,-0.04843089743257784,96.0,80.0,16.0,23.462,23.38416780686395,22.71740634781131,-0.04755654932282882,0.20783155525256447,0.2553881045753933
1572580800,2019-11-01,23.55,23.71,23.42,23.61,3705677.0,23.472,23.70174768769204,23.24225231230796,23.795,23.166,23.4805,23.472,0.28999999999999915,23.956500000000002,22.9875,1,60.90504765142405,0.8543357539512998,20.252871320300933,49.87353899244259,23.462217485883507,0.3315815868994473,34.210890414518715,333226355.0,4626085.2,0,0.0046986437046031065,92.0,80.0,12.0,23.472,23.405675634781666,22.75241002044616,-0.04203660598070774,0.20284234709950866,0.2448789530802164
1572843600,2019-11-04,23.58,23.92,23.53,23.79,5338228.0,23.488000000000003,23.756298341403447,23.21970165859656,23.81,23.178,23.494,23.488000000000003,0.39000000000000057,23.974750000000004,23.001250000000002,1,63.270687540500866,1.3634426927993195,21.156154170326683,58.464870491497905,23.49290028925335,0.33575433069234395,34.092987276101844,338564583.0,4607262.1,1,0.07113941564088007,100.0,92.0,8.0,23.488000000000003,23.442277955278648,22.79309982356592,-0.027118519270009467,0.21098080399270458,0.23809932326271405
1572930000,2019-11-05,23.95,24.3,22.88,22.91,6272722.0,23.454,23.817450134130997,23.090549865869004,23.841,23.124,23.482499999999998,23.454,1.4200000000000017,24.0045,22.9035,1,48.246781589126655,-2.882577363289528,13.988333700302205,55.49122345373078,23.494847284202205,0.4132004499286052,32.11928077134256,332291861.0,4667667.18,0,-0.01259141458783323,96.0,92.0,4.0,23.454,23.39158481668068,22.797684144210397,-0.07467680418032327,0.14475331803730995,0.21943012221763322
1573016400,2019-11-06,22.98,23.1,22.29,22.38,4644953.0,23.3965,23.98676350048079,22.80623649951921,23.816166666666668,23.051166666666667,23.433666666666667,23.3965,0.8100000000000023,23.983,22.81,0,41.934057841102884,-4.88737781555462,4.756086371988932,48.59306688914766,23.43422993090942,0.441543274933705,31.779504516227924,327646908.0,4667628.58,0,-0.09730475297851796,92.0,-8.0,100.0,23.3965,23.295243405568236,22.781304373849206,-0.13639459869441656,0.04893687384961254,0.1853314725440291
1573102800,2019-11-07,22.8,23.23,22.45,22.78,5711027.0,23.3655,24.01402062419004,22.716979375809963,23.81383333333333,22.996833333333335,23.405333333333335,23.3655,0.8500000000000014,23.99475,22.736250000000002,0,47.401478501655724,-2.649572649572639,0.7988667540264461,57.60001175680715,23.389159272057235,0.47071875529558327,31.0059266395275,333357935.0,4717376.34,0,-0.12407755376505958,88.0,-8.0,96.0,23.3655,23.246172605037927,22.781253221933554,-0.14409065250998246,0.00521815690655103,0.1493088094165335
1573189200,2019-11-08,22.78,22.85,22.5,22.6,4122120.0,23.317999999999998,24.04045691913071,22.595543080869287,23.762999999999998,22.953,23.358,23.317999999999998,0.3500000000000014,23.94125,22.694749999999996,0,45.37756874369199,-4.03397027600849,-3.1195942643433545,50.587436015995415,23.327071032286533,0.46209598706018457,30.287604325448537,329235815.0,4712529.38,0,-0.13639579943383456,84.0,-8.0,92.0,23.317999999999998,23.184632356939076,22.774145252445965,-0.1542093192432405,-0.043452839637517116,0.11075647960572338
1573448400,2019-11-11,22.63,22.79,22.61,22.68,3552247.0,23.279999999999998,24.051103105946172,22.508896894053823,23.717666666666666,22.917666666666666,23.317666666666668,23.279999999999998,0.18999999999999773,23.8965,22.663499999999996,0,46.44729956326226,-3.2423208191126345,-5.48978160502139,51.048184534686115,23.278810260999105,0.44266055941302834,29.620590748089494,332788062.0,4713758.5,0,-0.15447138074324968,80.0,-8.0,88.0,23.279999999999998,23.13657213246869,22.77045328176181,-0.14837192876455058,-0.07470843134996485,0.07366349741458574
1573534800,2019-11-12,22.61,23.02,22.61,22.86,3546813.0,23.253999999999998,24.044680719380352,22.463319280619643,23.693333333333335,22.88233333333333,23.28783333333333,23.253999999999998,0.41000000000000014,23.878749999999997,22.62925,0,48.821147724056054,-2.2241231822070127,-6.155692389590362,56.364455700355144,23.24215538963055,0.4403276623120978,28.136220143600802,336334875.0,4657729.4,0,-0.14553101690366063,76.0,-8.0,84.0,23.253999999999998,23.110231929376436,22.773964917771153,-0.12611966038035402,-0.08398607806085678,0.04213358231949724
1573621200,2019-11-13,22.85,22.85,22.58,22.6,4374696.0,23.2255,24.065773169867892,22.38522683013211,23.662166666666664,22.859166666666663,23.26066666666667,23.2255,0.28000000000000114,23.845,22.606,0,45.73845465478806,-2.4600776866637903,-8.053748522731219,55.35174789172138,23.190083161557755,0.42887568643266233,26.84818532176238,331960179.0,4663418.82,0,-0.19774744789854765,72.0,-8.0,80.0,23.2255,23.061638412292965,22.76714276413307,-0.12253768507522692,-0.1110385240245364,0.011499161050690508
1573707600,2019-11-14,22.65,23.06,22.46,22.89,11217057.0,23.2035,24.05464687334198,22.352353126658016,23.654500000000002,22.817500000000003,23.236,23.2035,0.5999999999999979,23.848499999999998,22.5585,0,49.483496133184275,-1.8859837119588416,-7.738210597481145,60.124645578776935,23.10972892196533,0.441098851687472,24.95319216374413,343177236.0,4807448.1,1,-0.13186597130245242,68.0,-8.0,76.0,23.2035,23.045291896836492,22.77196069495138,-0.09546665756197738,-0.10783416090178122,-0.012367503339803838
1573794000,2019-11-15,22.91,23.04,22.71,22.77,7922820.0,23.178,24.048783555196028,22.307216444803974,23.633333333333333,22.796333333333333,23.214833333333335,23.178,0.3299999999999983,23.823,22.533,0,48.0393174021974,-2.1907216494845425,-8.107797024556024,62.75181357955899,23.06426075116988,0.43316321942408104,23.193555659870043,335254416.0,4852924.18,0,-0.15522797922852105,64.0,-8.0,72.0,23.178,23.019073620947303,22.77188380495329,-0.08103990951997489,-0.11366739023977246,-0.03262748071979756
1574053200,2019-11-18,22.84,23.28,22.81,23.19,7115333.0,23.162,24.019452039474995,22.304547960525003,23.623,22.762999999999998,23.192999999999998,23.162,0.5100000000000016,23.81675,22.50725,0,53.08391755273547,-1.3611229264142928,-5.942524875188052,69.87461904888526,23.043957888374745,0.43865156089378965,22.35332817231983,342369749.0,4876590.28,0,-0.10375722520478795,60.0,-8.0,68.0,23.162,23.035352323714225,22.788280518484534,-0.04064838005356422,-0.08343795578675284,-0.04278957573318862
1574139600,2019-11-19,23.22,23.22,22.77,22.98,4441574.0,23.1335,23.975219074275874,22.29178092572413,23.606500000000004,22.7245,23.1655,23.1335,0.4499999999999993,23.804750000000002,22.46225,0,50.50333160250741,-2.420382165605097,-5.342874190255619,63.731200890132,23.005495182350842,0.43946216368709035,21.41698727146404,337928175.0,4835510.02,0,-0.16186313795640347,56.00000000000001,-7.999999999999993,64.0,23.1335,23.03008067383668,22.79579892952436,-0.02621250165486766,-0.07555520280177319,-0.04934270114690553
1574226000,2019-11-20,22.91,23.2,22.91,23.2,5979406.0,23.1185,23.9440973594918,22.292902640508203,23.589166666666667,22.703166666666668,23.146166666666666,23.1185,0.28999999999999915,23.79275,22.44425,0,53.02177253668953,-1.276595744680854,-3.674017719776041,64.63469879308455,22.983272539014095,0.42878629485229813,20.547527863526522,343907581.0,4761088.88,0,-0.040812068514378345,52.0,-8.0,60.0,23.1185,23.046263466804614,22.811649951895955,-0.001300536065599281,-0.05096837122890463,-0.04966783516330535
1574312400,2019-11-21,23.22,23.29,22.83,22.98,3670814.0,23.0945,23.906792435025604,22.282207564974396,23.576833333333333,22.671833333333332,23.124333333333333,23.0945,0.46000000000000085,23.783,22.406,0,50.32634543416332,-2.0460358056266004,-3.48085889061812,64.73692284744766,22.95724866136883,0.4310158452199912,20.055837628728792,340236767.0,4754997.1,0,-0.07197971467299345,48.0,-8.000000000000007,56.00000000000001,23.0945,23.03995266044227,22.818251914566705,0.0007949037229141032,-0.04867420550966273,-0.04946910923257683
1574398800,2019-11-22,22.97,23.2,22.86,23.06,3426161.0,23.07,23.854958597634184,22.285041402365817,23.56,22.641,23.1005,23.07,0.33999999999999986,23.769000000000002,22.371,0,51.27448760729939,-2.0806794055201783,-2.9042606537806197,63.768094989292,22.90552904792624,0.4245147134185632,19.599268124988043,343662928.0,4740196.1,0,-0.08924894756810857,44.0,-8.0,52.0,23.07,23.04186193087634,22.82773223164252,0.007623028151733886,-0.03994032404290948,-0.04756335219464337
1574658000,2019-11-25,23.03,23.21,22.75,22.83,3038917.0,23.0385,23.808753854258338,22.26824614574166,23.542166666666667,22.599166666666665,23.070666666666668,23.0385,0.46000000000000085,23.755499999999998,22.3215,0,48.47438526177249,-2.6854219948849214,-3.5962343623183823,66.71407313227579,22.86708536418136,0.42704937674580873,18.651097374075942,340624011.0,4697727.58,0,-0.03788887241308006,40.0,-8.0,48.0,23.0385,23.02168460412621,22.82782116373497,-0.002741284146350234,-0.05098995737758116,-0.04824867323123093
1574744400,2019-11-26,22.87,22.87,22.6,22.75,3456625.0,23.0015,23.752293580153573,22.250706419846427,23.50183333333333,22.566833333333335,23.034333333333333,23.0015,0.2699999999999996,23.7125,22.2905,0,47.52416214649427,-3.1502767134950984,-4.542383229075947,67.78657699124162,22.878929650896442,0.41583156412110805,17.524849905311445,337167386.0,4590444.92,0,0.017322480430294253,36.0,-8.0,44.0,23.0015,22.995809879923716,22.824769353392423,-0.01375927082141351,-0.06544776175799782,-0.051688490936584314
1574830800,2019-11-27,22.84,23.04,22.72,23.02,1948675.0,22.9685,23.652116120348122,22.284883879651876,23.4655,22.5385,23.002000000000002,22.9685,0.3200000000000003,23.673499999999997,22.2635,1,50.94068943117303,-2.7871621621621627,-3.8388449587309657,66.00875325291346,22.8852642935496,0.4089864523981718,16.769648643287123,339116061.0,4498979.28,0,0.056383919306353,32.0,-8.0,40.0,22.9685,22.998113700883362,22.832425457180957,-0.002241844366721965,-0.054490796394986774,-0.05224895202826481
1575003600,2019-11-29,22.97,23.19,22.83,23.06,1818475.0,22.947,23.589467119781098,22.3045328802189,23.436333333333334,22.511333333333333,22.973833333333335,22.947,0.360000000000003,23.6505,22.243499999999997,1,51.43378645234927,-1.8305661983822892,-3.060000779279311,71.064834083938,22.903993213993388,0.40548742008401684,16.62186997115263,340934536.0,4445320.74,0,0.09304484928891518,28.000000000000004,-7.9999999999999964,36.0,22.947,23.004007634132567,22.841349949056216,0.008123626866529385,-0.04209441844510309,-0.05021804531163247
1575262800,2019-12-02,23.05,23.2,22.98,23.0,3692991.0,22.9165,23.48367810253907,22.34932189746093,23.40683333333333,22.488833333333336,22.94783333333333,22.9165,0.21999999999999886,23.61475,22.218249999999998,1,50.63028081498744,-2.583650995340955,-2.735776941894857,71.15227612294203,22.924167477261395,0.3922383186494441,16.520858256195872,337241545.0,4268847.78,0,0.058844801100979005,24.0,-8.0,32.0,22.9165,23.00362595469137,22.847571519681463,0.010823417983250518,-0.03668877283256933,-0.047512190815819845
1575349200,2019-12-03,22.97,23.04,22.68,22.95,3218685.0,22.8745,23.277313852790368,22.471686147209635,23.3625,22.447499999999998,22.904999999999998,22.8745,0.35999999999999943,23.570500000000003,22.1785,1,49.94584155279376,-3.5308953341740223,-2.7324608430411597,66.09238813069098,22.927596939014432,0.38993558160305514,15.580110538860819,334022860.0,4240526.48,0,0.07185847856716882,20.0,-8.000000000000004,28.000000000000004,22.8745,22.99851872091124,22.85158832283121,0.00919048967953738,-0.03602407871639812,-0.0452145683959355
1575435600,2019-12-04,22.36,22.36,21.68,21.82,15543092.0,22.82,23.43034416520502,22.20965583479498,23.255000000000003,22.413999999999998,22.834500000000002,22.82,1.2699999999999996,23.50475,22.13525,1,37.79209067538386,-4.757747708424268,-8.477934752518635,56.89792022296096,22.74397541419836,0.4527973257742654,17.235925279826226,318479768.0,4455708.42,-1,-0.009444901419914265,16.0,-84.0,100.0,22.82,22.886278842729215,22.811133878798614,-0.06401652632631195,-0.12523522630382544,-0.06121869997751349
1575522000,2019-12-05,21.91,21.99,21.15,21.25,7603058.0,22.7635,23.665725581548102,21.8612744184519,23.200166666666668,22.356166666666667,22.778166666666667,22.7635,0.8399999999999999,23.4505,22.0765,0,33.46783449698427,-5.049151027703303,-15.303379955619162,44.56721730710242,22.60123256575206,0.48045465964753215,19.529997927792714,310876710.0,4522201.1,-1,-0.15609912028461287,12.0,-88.0,100.0,22.7635,22.730442762469288,22.74991294237514,-0.14236336278487088,-0.2391729034586021,-0.09680954067373121
1575608400,2019-12-06,21.28,21.37,20.87,20.94,8760486.0,22.6715,23.87363601559882,21.469363984401184,23.098166666666668,22.282166666666665,22.690166666666666,22.6715,0.5,23.332250000000002,22.01075,0,31.410305831472513,-8.077260755048286,-21.551567102670592,33.508824558110106,22.392403893580543,0.4818507553869941,21.984295786925916,302116224.0,4623585.32,-1,-0.17149635761890167,8.0,-92.0,100.0,22.6715,22.55992440413888,22.678935964242783,-0.20290760100563204,-0.3504440419307713,-0.14753644092513923
1575867600,2019-12-09,21.01,21.09,20.49,20.57,8340464.0,22.57,24.082005290995966,21.057994709004035,23.014000000000003,22.173,22.5935,22.57,0.6000000000000014,23.2495,21.8905,0,29.15816812155164,-8.982300884955757,-27.500514976546096,23.43385060681544,22.139349204490134,0.49028998714506605,24.64459415402552,293775760.0,4716439.32,-1,-0.3088946214622791,4.0,-96.0,100.0,22.57,22.370407794220892,22.596232593096005,-0.2524862788948109,-0.46314428954365283,-0.21065801064884196
1575954000,2019-12-10,20.77,20.91,20.37,20.72,7946096.0,22.472,24.183672865941325,20.760327134058677,22.930666666666667,22.053666666666665,22.492166666666666,22.472,0.5399999999999991,23.177750000000003,21.76625,0,31.26141049830987,-8.641975308641978,-31.070069459704957,22.588275581017655,21.942006945894082,0.4938407023489898,27.225190109679254,301721856.0,4778494.38,0,-0.26130609509807967,48.0,-48.0,96.0,22.472,22.213226099533188,22.52265484434714,-0.2588323072990252,-0.5341983947726234,-0.27536608747359825
1576040400,2019-12-11,20.67,20.96,20.67,20.77,3765695.0,22.3675,24.220981858556964,20.514018141443035,22.82316666666667,21.958166666666664,22.390666666666668,22.3675,0.28999999999999915,23.06425,21.670749999999998,0,31.97009759977547,-9.142607174103237,-33.508625244103904,19.801110568159274,21.79449996309863,0.47928065218120475,29.429520521637624,305487551.0,4792516.9,0,-0.3626638600841212,44.0,-48.0,92.0,22.3675,22.075775994815743,22.453923281823727,-0.24354011446344104,-0.5797912305528996,-0.33625111608945857
1576126800,2019-12-12,20.86,21.06,20.79,20.9,3837743.0,22.2825,24.23861732776942,20.32638267223058,22.735166666666668,21.87016666666667,22.302666666666664,22.2825,0.28999999999999915,22.979999999999997,21.585,0,33.836988418408666,-7.522123893805322,-34.63514347776049,24.696342347929175,21.69087798085731,0.4657606055968329,31.084029802584126,309325294.0,4755320.74,0,-0.35446131940971154,40.0,-48.0,88.0,22.2825,21.963797328642816,22.392985113909074,-0.2098266554849731,-0.598534435445675,-0.3887077799607019
1576213200,2019-12-13,20.97,21.06,20.67,20.72,3678428.0,22.174,24.221871089692847,20.126128910307152,22.625333333333334,21.781333333333333,22.203333333333337,22.174,0.389999999999997,22.85575,21.49225,0,32.535667702929004,-9.480122324159028,-36.05531595484488,19.96123772824555,21.588619782430214,0.46034913376848746,32.76588447506292,305646866.0,4754066.68,0,-0.396867885077958,36.0,-48.0,84.0,22.174,21.84534044020064,22.327377854540092,-0.1856396573879341,-0.6207573516956195,-0.43511769430768543
1576472400,2019-12-16,20.69,21.24,20.67,21.18,7393282.0,22.0945,24.166952411998828,20.022047588001172,22.546833333333332,21.678833333333333,22.112833333333334,22.0945,0.5699999999999967,22.794249999999998,21.394750000000002,0,38.86085939299378,-6.982872200263504,-34.376702648638016,27.910104964691612,21.487311235973575,0.46818133849930954,33.61061924740881,313040148.0,4841148.56,0,-0.2790115352778128,32.0,-48.0,80.0,22.0945,21.781974683991056,22.28238264455813,-0.1274251676469899,-0.5943991538664228,-0.4669739862194329
1576558800,2019-12-17,21.31,21.33,20.82,20.92,6749751.0,21.981,24.04967010419732,19.91232989580268,22.44533333333333,21.57333333333333,22.009333333333334,21.981,0.509999999999998,22.68075,21.281250000000004,0,36.8076669064256,-9.78870202673566,-33.825962637435055,26.93071720742823,21.39879304903675,0.4711683857493587,34.046200066876914,306290397.0,4870855.54,0,-0.32133857503826263,28.000000000000004,-48.0,76.0,21.981,21.699881856944288,22.228955874183303,-0.09659289532899862,-0.5877151053806813,-0.49112221005168266
1576645200,2019-12-18,20.88,21.14,20.74,20.86,6735017.0,21.875,23.945309155657615,19.804690844342385,22.339,21.472,21.9055,21.875,0.40000000000000213,22.570999999999998,21.179000000000002,0,36.34125303257633,-9.225413402959099,-33.56876056768131,23.216178753611516,21.328668669332416,0.4660849296244046,34.58553911010981,299555380.0,4911091.68,0,-0.35345528260738485,24.0,-48.0,72.0,21.875,21.61989310866388,22.175271330097683,-0.07155585756211369,-0.5805670320043248,-0.5090111744422111
1576731600,2019-12-19,20.87,21.42,20.86,21.17,8336499.0,21.773500000000002,23.77181203769575,19.775187962304255,22.254833333333334,21.360833333333336,21.80783333333333,21.773500000000002,0.5600000000000023,22.48975,21.057250000000003,0,40.44550977188018,-8.74999999999999,-31.527642323766663,28.290268662613485,21.28079025435435,0.47279314893694735,34.01849890803657,307891879.0,5011894.98,0,-0.32529777054433184,20.0,-48.0,68.0,21.773500000000002,21.577046145933988,22.135848924995816,-0.027688017544809762,-0.5436211963732234,-0.5159331788284136
1576818000,2019-12-20,21.21,21.49,20.92,20.98,17046885.0,21.673499999999997,23.619791601995885,19.72720839800411,22.165166666666668,21.260166666666667,21.712666666666667,21.673499999999997,0.5699999999999967,22.397999999999996,20.948999999999998,0,38.830348029970516,-8.703220191470844,-30.489423238026575,21.233796657504854,21.19689236515823,0.47973649544145086,33.24192415946557,290844994.0,5265292.66,-1,-0.3812155985186508,16.0,-48.0,64.0,21.673499999999997,21.52018460822599,22.09052151617245,-0.00616274546822404,-0.5236366106636936,-0.5174738651954696
1577077200,2019-12-23,21.03,21.04,20.58,20.66,5638756.0,21.5535,23.438018771463877,19.668981228536122,22.057166666666667,21.140166666666666,21.598666666666666,21.5535,0.46000000000000085,22.287,20.82,0,36.263014012703806,-10.407632263660012,-30.65499083466376,20.842268274957277,21.125843281533793,0.4783267457670616,33.21423537121711,285206238.0,5297819.44,0,-0.42040045486801936,12.0,-48.0,60.0,21.5535,21.438262264585422,22.034422633185297,-0.00805200261327188,-0.5275388684620594,-0.5194868658487876
1577163600,2019-12-24,20.69,20.72,20.48,20.52,1312039.0,21.438,23.27804999932059,19.597950000679408,21.928333333333335,21.033333333333335,21.480833333333333,21.438,0.23999999999999844,22.154999999999998,20.721,0,35.19148690778303,-10.118265440210244,-31.21850639335483,24.054789352485557,20.985982448421854,0.46130340678369997,33.37303307739744,283894199.0,5274862.8,0,-0.39687294116645433,8.0,-92.0,100.0,21.438,21.350808715577287,21.975033510315285,-0.013012463448338951,-0.5357524451592113,-0.5227399817108723
1577336400,2019-12-26,20.58,20.6,20.07,20.12,3622689.0,21.3065,23.128523874706282,19.484476125293718,21.817500000000003,20.8965,21.357,21.3065,0.5300000000000011,22.043,20.57,0,32.319319062477916,-11.560439560439557,-32.88411263160311,25.162919172001963,20.91892574342782,0.46621030629915,34.19008529121151,280271510.0,5269537.12,0,-0.3831987226452171,4.0,-96.0,100.0,21.3065,21.23358883790326,21.902287098146058,-0.03620079425970868,-0.5679909745355083,-0.5317901802757996
1577422800,2019-12-27,20.1,20.17,19.79,19.94,4716451.0,21.1525,22.88776799083014,19.417232009169858,21.672500000000003,20.7455,21.209,21.1525,0.38000000000000256,21.8935,20.4115,0,31.116362542828938,-13.379669852302339,-34.73181411443391,26.38580804493344,20.854662104530195,0.4600524272777823,35.32911825089896,275555059.0,5296186.52,0,-0.340952846506971,8.0,-92.0,100.0,21.1525,21.11038990096009,21.825334662924643,-0.055476035248997135,-0.601135224337046,-0.5456591890880489
1577682000,2019-12-30,19.85,20.11,19.82,19.94,4376560.0,20.9965,22.57134316679461,19.421656833205393,21.5155,20.5955,21.055500000000002,20.9965,0.28999999999999915,21.73225,20.26075,0,31.116362542828938,-13.52992194275801,-36.20931739988614,27.6573178117562,20.82202566682478,0.44790582532936923,36.386791713465875,279931619.0,5314908.54,0,-0.2938597263816532,4.0,-92.0,96.0,20.9965,20.998924196106746,21.75139997026093,-0.05967456677030891,-0.6202523975509351,-0.5605778307806262
1577768400,2019-12-31,19.87,20.14,19.85,20.09,4000126.0,20.851000000000003,22.176517257526157,19.525482742473848,21.367333333333335,20.440333333333335,20.90383333333333,20.851000000000003,0.28999999999999915,21.592000000000002,20.110000000000003,0,33.40512173202448,-12.65217391304348,-36.478855251272364,33.77758449943066,20.798050287189255,0.4366268378058428,37.24186829151103,283931745.0,5294388.14,0,-0.30485823815743057,16.0,-76.0,92.0,20.851000000000003,20.912359986953724,21.6862470302507,-0.04449455494015864,-0.6161960244558244,-0.5717014695156658
1577941200,2020-01-02,20.17,20.17,19.77,19.96,4514631.0,20.701500000000003,21.673719625393176,19.72928037460683,21.223166666666664,20.292166666666667,20.75766666666667,20.701500000000003,0.40000000000000213,21.445500000000003,19.957500000000003,0,32.4223404455405,-13.02832244008714,-37.07909960957831,28.937723308179798,20.752164675462307,0.43401063510542565,38.15723807537228,279417114.0,5300105.68,0,-0.29056751025025684,12.0,-76.0,88.0,20.701500000000003,20.821659035815273,21.618551068280084,-0.03573174264391288,-0.6163661478205569,-0.580634405176644
1578027600,2020-01-03,19.85,20.21,19.85,20.17,4179311.0,20.619,21.47004406466389,19.767955935336108,21.113333333333333,20.214333333333336,20.663833333333336,20.619,0.35999999999999943,21.29475,19.94325,0,35.64192053112066,-7.561869844179644,-36.22220390293195,29.089225550758655,20.71019122728305,0.4287241611693238,38.82063292421829,283596425.0,5326146.02,0,-0.2412297706977386,8.0,-76.0,84.0,20.619,20.759596270499536,21.561745144033807,-0.009671022226855563,-0.5927231829602135,-0.583052160733358
1578286800,2020-01-06,20.13,20.21,19.76,19.83,6055501.0,20.548,21.413438617118295,19.6825613828817,21.017333333333333,20.157333333333334,20.587333333333333,20.548,0.4499999999999993,21.194499999999998,19.9015,0,32.96528671632568,-6.682352941176478,-36.55068537674622,28.355025687844034,20.65001082385153,0.4302438639429435,39.58858331464052,277540924.0,5389695.3,-1,-0.25142026129891903,4.0,-96.0,100.0,20.548,20.671063292356724,21.49383356975797,-0.009212127027212746,-0.594567319517374,-0.5853551924901612
1578373200,2020-01-07,19.76,19.99,19.69,19.95,5335442.0,20.4985,21.38165966846297,19.61534033153703,20.948166666666665,20.10816666666667,20.528166666666667,20.4985,0.29999999999999716,21.13,19.867,0,34.78480075950209,-4.727793696275081,-36.03609011447199,20.029456375012458,20.566065910488273,0.4209407308041616,40.41979148631636,282876366.0,5433613.2,0,-0.28097166397831624,4.0,-92.0,96.0,20.4985,20.602390597846558,21.433291076826286,0.004553105728313356,-0.5796638103297695,-0.5842169160580829
1578459600,2020-01-08,19.91,20.28,19.83,20.21,6958796.0,20.4805,21.371734537032548,19.58926546296745,20.910166666666665,20.08516666666667,20.497666666666667,20.4805,0.45000000000000284,21.100749999999998,19.86025,0,38.58658445583549,-1.7501215362177902,-33.929491669230835,28.297042453338676,20.4902068587665,0.4230163928895788,39.813046302480004,289835162.0,5499832.08,0,-0.1728525885236376,4.0,-88.0,92.0,20.4805,20.565020064718315,21.38531887773506,0.03486099231578277,-0.5406406756633544,-0.5755016679791372
1578546000,2020-01-09,20.23,20.29,19.95,19.97,4668735.0,20.443,21.353672279143062,19.53232772085694,20.870333333333335,20.065333333333335,20.467833333333335,20.443,0.33999999999999986,21.04825,19.837750000000003,0,36.518060428633454,-3.61969111969112,-33.005601105665384,29.105641061874692,20.43062966421805,0.4170866505403232,39.20519035187192,285166427.0,5534726.38,0,-0.194925075072095,4.0,-84.0,88.0,20.443,20.508351487126095,21.32981617664741,0.041960417182353105,-0.5230511465011958,-0.5650115636835489
1578632400,2020-01-10,19.97,20.15,19.8,19.89,4762143.0,20.398999999999997,21.327092667786793,19.4709073322132,20.830666666666666,20.01966666666667,20.425166666666666,20.398999999999997,0.34999999999999787,21.008749999999996,19.78925,0,35.843852198648065,-4.236880115551271,-32.523408906854634,19.37490925948525,20.323077660084714,0.41229474693029994,38.98817818605544,280404284.0,5542441.34,0,-0.24548948316779312,4.0,-80.0,84.0,20.398999999999997,20.449460869304563,21.273352797171043,0.04425625421448065,-0.5096912459154481,-0.5539475001299288
1578891600,2020-01-13,19.85,19.97,19.66,19.69,6707486.0,20.3385,21.28562776329258,19.39137223670742,20.7755,19.9605,20.368000000000002,20.3385,0.3099999999999987,20.949749999999998,19.72725,0,34.18306586708526,-5.789473684210514,-32.79657871252202,22.662570599635046,20.06214627952835,0.40498797929242125,39.08959113647074,273696798.0,5575309.5,0,-0.16305566937617808,28.000000000000004,-72.0,100.0,20.3385,20.37713126270413,21.211260530615316,0.03566195526843163,-0.5093700560443892,-0.5450320113128209
1578978000,2020-01-14,19.67,19.87,19.64,19.81,4399328.0,20.293,21.24983018347019,19.336169816529807,20.715333333333334,19.916333333333334,20.315833333333334,20.293,0.23000000000000043,20.892249999999997,19.69375,0,36.05434162871092,-4.391891891891893,-32.22464674613972,29.817432610576247,19.982803645882917,0.3924888379143912,39.22682757265395,278096126.0,5584010.12,0,-0.07801611690010303,24.0,-72.0,96.0,20.293,20.32311876149421,21.156309137257853,0.0410328290323414,-0.4937409750223942,-0.5347738040547356
1579064400,2020-01-15,19.75,20.1,19.75,19.86,5955894.0,20.227,21.109181387243915,19.344818612756086,20.648000000000003,19.871000000000002,20.2595,20.227,0.3500000000000014,20.80975,19.64425,0,36.84192077941135,-6.232294617563741,-31.4217231770481,36.32279241603091,19.96503767025128,0.38945392092050624,38.23269783985035,284052020.0,5629014.46,0,-0.0918973704811551,20.0,-72.0,92.0,20.227,20.279012212780476,21.10547348481637,0.05031449383815134,-0.4718806867570464,-0.5221951805951978
1579150800,2020-01-16,19.93,20.47,19.93,20.27,7232387.0,20.194499999999998,21.018113380172757,19.37088661982724,20.6095,19.829500000000003,20.219500000000004,20.194499999999998,0.6099999999999994,20.78475,19.604249999999997,0,42.91103819803103,-3.1070745697896847,-28.021130383656374,44.442284169269556,19.975698813267606,0.4052072122833272,35.862126263586596,291284407.0,5666897.64,0,-0.022228356426266638,16.0,-72.0,88.0,20.194499999999998,20.278153906801386,21.07270981874514,0.08442048856339879,-0.4166695698909493,-0.5010900584543481
1579237200,2020-01-17,20.32,20.41,20.03,20.04,3756926.0,20.1535,20.920188333026918,19.386811666973085,20.570833333333333,19.792833333333334,20.181833333333334,20.1535,0.379999999999999,20.742250000000002,19.56475,0,40.60685826638599,-3.9309683604985635,-26.15338346300912,45.00450236392939,19.985780742891087,0.4034066971202323,33.660881228484534,287527481.0,5616581.72,0,-0.0577217548111892,12.0,-72.0,84.0,20.1535,20.255472582344108,21.032211394480623,0.09126228354072308,-0.3870122040284443,-0.47827448756916735
1579582800,2020-01-21,20.03,20.09,19.83,19.84,4319770.0,20.087,20.705970112363744,19.468029887636256,20.494333333333337,19.746333333333332,20.120333333333335,20.087,0.26000000000000156,20.65325,19.52075,0,38.704520568123215,-6.282475200755795,-25.423863126918032,45.044436567344476,19.98362911954725,0.3931633616116444,32.2411800693594,283207711.0,5610078.06,0,-0.10214639805832294,8.0,-72.0,80.0,20.087,20.215903764978002,20.985458006461776,0.08236327282301181,-0.3753203965404026,-0.4576836693634144
1579669200,2020-01-22,19.95,20.11,19.83,19.87,3121231.0,20.0315,20.501320178365706,19.561679821634296,20.420166666666667,19.701166666666666,20.06066666666667,20.0315,0.28000000000000114,20.576,19.487000000000002,1,39.154594303258314,-5.290753098188748,-24.641463633476786,44.36096764230375,19.97920023267143,0.3850802643536699,30.84311080876201,286328942.0,5558282.14,0,-0.1707884006247793,4.0,-72.0,76.0,20.0315,20.18296054926581,20.941714555227982,0.07855507101139858,-0.3594898305991663,-0.43804490161056486
1579755600,2020-01-23,19.9,20.1,19.77,20.06,3917854.0,20.0015,20.373374978991034,19.629625021008966,20.3745,19.6685,20.0215,20.0015,0.33000000000000185,20.53625,19.46675,1,41.994058796606716,-2.904162633107461,-22.761499560277077,50.21899390521241,19.979853977358395,0.3811459597569793,29.736639496604205,290246796.0,5554196.82,0,-0.12746704231751557,12.0,-60.0,72.0,20.0015,20.171250020764305,20.907137513846493,0.08816910514241938,-0.32783352018254064,-0.41600262532496
1579842000,2020-01-24,19.99,20.04,19.27,19.37,4491284.0,19.944,20.3326592337763,19.555340766223697,20.35033333333333,19.59133333333333,19.970833333333335,19.944,0.7899999999999991,20.52,19.368,1,35.63668392720385,-5.604288499025334,-24.04088690015458,44.212599027349356,19.94790357191844,0.4103498197743379,30.01642927689563,285755512.0,5572977.56,0,-0.21863992857305256,8.0,-92.0,100.0,19.944,20.09494049497723,20.846857611342706,0.04933145378984105,-0.35433830808765876,-0.4036697618774998
1580101200,2020-01-27,19.23,19.3,18.92,18.92,3510337.0,19.884,20.467246088713487,19.300753911286513,20.282,19.538,19.91,19.884,0.4499999999999993,20.454,19.314,0,32.28172981145933,-5.9642147117296185,-26.738312201185437,45.942647203142336,19.90342105326469,0.4131819755047422,30.94037828547444,282245175.0,5572248.04,0,-0.21712474926842523,4.0,-96.0,100.0,19.884,19.983041400217495,20.77129456776064,-0.002635038544328505,-0.40696356005791046,-0.40432852151358195
1580187600,2020-01-28,18.97,19.04,18.82,18.82,2979865.0,19.828,20.57192472737474,19.08407527262526,20.220333333333333,19.492333333333335,19.856333333333332,19.828,0.21999999999999886,20.386,19.27,0,31.58614544658002,-5.616850551654969,-29.157477068524145,47.665984081378994,19.86048767271286,0.39938326296868915,31.966780596349345,279265310.0,5544351.42,0,-0.32799253611119467,4.0,-96.0,100.0,19.828,19.872275552577733,20.694773212162186,-0.037764076537085745,-0.4515336171849391,-0.4137695406478534
1580274000,2020-01-29,18.79,19.41,18.66,19.34,5579261.0,19.798000000000002,20.569326130764143,19.02667386923586,20.202333333333335,19.428333333333335,19.815333333333335,19.798000000000002,0.75,20.390500000000003,19.2055,0,38.80381656933796,-3.009027081243738,-27.735912043384083,46.32443329891675,19.772547676222146,0.4244273156137828,31.451995153441015,284844571.0,5431595.5,0,-0.3388256918812155,4.0,-92.0,96.0,19.798000000000002,19.821582642808423,20.641644850900924,-0.020845178588512092,-0.4398260138834935,-0.4189808352949814
1580360400,2020-01-30,19.35,19.62,19.06,19.58,5124366.0,19.7725,20.537218902603815,19.007781097396187,20.1855,19.3845,19.785000000000004,19.7725,0.5600000000000023,20.38525,19.159750000000003,0,41.78750542750798,-2.5385764061722327,-25.200980626006498,53.778085996890525,19.724029607105567,0.434111078784227,30.264951948942603,289968937.0,5375626.42,0,-0.20723730638120252,4.0,-88.0,92.0,19.7725,19.798574772064764,20.600011719493047,0.009988005193992233,-0.40649582880249113,-0.41648383399648337
1580446800,2020-01-31,19.48,19.75,19.41,19.68,5645617.0,19.7585,20.519217424540532,18.99778257545947,20.164833333333334,19.369833333333332,19.767333333333333,19.7585,0.33999999999999986,20.366750000000003,19.15025,0,43.00627441522562,-1.4028056112224505,-22.66316896350671,61.55645658870871,19.698780315385278,0.42738885887106787,28.74953608054371,295614554.0,5346232.1,0,-0.12007906757282447,60.0,-28.0,88.0,19.7585,19.787281936630027,20.563932828532536,0.03896882971071669,-0.3677727968580875,-0.4067416265688042
1580706000,2020-02-03,19.69,19.88,19.55,19.72,3680473.0,19.735999999999997,20.472950473233837,18.999049526766157,20.145333333333333,19.35333333333333,19.749333333333333,19.735999999999997,0.3299999999999983,20.342,19.129999999999995,0,43.504306036483385,-2.2310361923649125,-20.439061299091588,70.28700064064476,19.691965030679864,0.4204325118088486,26.941574347127048,299295027.0,5331010.08,0,-0.039135107222902796,56.00000000000001,-27.999999999999993,84.0,19.735999999999997,19.780874133141452,20.530837423492045,0.06135153094154905,-0.3300522128918679,-0.391403743833417
1580792400,2020-02-04,19.82,19.95,19.26,19.26,4247841.0,19.7075,20.471302985068515,18.943697014931484,20.135166666666667,19.319166666666668,19.72716666666667,19.7075,0.6899999999999977,20.3315,19.0835,0,39.342636717007245,-2.874432677760952,-20.406006084564115,63.5664645777749,19.672836305440033,0.4396873323939307,26.021545655067417,295047186.0,5296378.78,0,-0.1391584744694688,52.0,-28.0,80.0,19.7075,19.731267072842265,20.481000661786474,0.04637665368150751,-0.3334329267315326,-0.3798095804130401
1580878800,2020-02-05,19.28,19.66,19.09,19.16,4845803.0,19.668,20.45878694981618,18.87721305018382,20.12,19.277,19.6985,19.668,0.5700000000000003,20.31225,19.02375,0,38.49985903591863,-3.959899749373429,-20.752281035752585,55.190109871732595,19.62218455586171,0.44899538008007855,25.565873705165444,290201383.0,5319878.56,0,-0.16474403093959392,48.0,-28.0,76.0,19.668,19.676860684952523,20.429196714265437,0.031640434970317655,-0.340259036700143,-0.37189947167046067
1580965200,2020-02-06,19.19,19.23,18.98,18.98,4572933.0,19.6065,20.41032274165364,18.80267725834636,20.057833333333335,19.234833333333334,19.64633333333333,19.6065,0.25,20.23575,18.97725,0,36.998174330940856,-6.086095992083129,-21.694531310005413,45.44605192238817,19.506731826748588,0.43478142436007294,25.391250240192885,285628450.0,5342814.0,0,-0.2799090312036647,44.0,-28.0,72.0,19.6065,19.610493000671333,20.372365470568756,0.012648771692344074,-0.3560885070550306,-0.36873727874737466
1581051600,2020-02-07,19.0,19.54,19.0,19.48,5781075.0,19.582,20.369720762706923,18.79427923729308,20.031333333333333,19.188333333333333,19.609833333333334,19.582,0.5599999999999987,20.22775,18.93625,0,43.447913406788985,-2.4536805207811643,-19.614477563440673,53.3811662866066,19.45143748827534,0.44372560833435337,24.207758909181173,291409525.0,5397657.16,0,-0.14043181173208974,40.0,-28.0,68.0,19.582,19.59806509584549,20.33737074623273,0.03535263485957485,-0.3245464851729061,-0.3598991200324809
1581310800,2020-02-10,19.48,19.55,19.28,19.46,3192251.0,19.5605,20.33681114895999,18.784188851040014,20.0015,19.1665,19.584,19.5605,0.2699999999999996,20.20025,18.92075,0,43.261435954253514,-2.1618903971845134,-18.05905501485931,59.7328914154562,19.416958833814398,0.43131663631047096,23.07756845433719,288217274.0,5392369.68,0,-0.05980553506187358,36.0,-28.0,64.0,19.5605,19.5849160390983,20.302964050302034,0.04973451121136396,-0.297730981018276,-0.34746549222963996
1581397200,2020-02-11,19.55,20.48,19.51,20.08,9460501.0,19.580000000000002,20.387316542627225,18.77268345737278,20.047,19.146,19.5965,19.580000000000002,1.0199999999999996,20.273000000000003,18.887,0,50.23168687920567,1.9807008633824124,-13.507070387828627,63.65602319344621,19.478341967422356,0.4733654480025801,23.051822661574246,297677775.0,5542606.2,1,0.003847074303296437,32.0,-28.0,60.0,19.580000000000002,19.63206689251751,20.294220362054897,0.09887635555962371,-0.22387004778011033,-0.32274640333973403
1581483600,2020-02-12,19.95,20.27,19.95,20.03,5557020.0,19.591,20.41634598805566,18.765654011944342,20.067,19.157,19.612,19.591,0.3200000000000003,20.290750000000003,18.89125,0,49.71324875916677,1.1105502271580132,-10.176065757317804,64.5609258683154,19.498869328541158,0.462410773145253,23.027915854008654,292120755.0,5617377.1,0,-0.07993044473051983,28.000000000000004,-28.000000000000004,56.00000000000001,19.591,19.66996528370632,20.283858779229217,0.12424578377901874,-0.1674391736159606,-0.29168495739497935
1581570000,2020-02-13,20.03,20.17,19.97,20.16,2130906.0,19.606,20.460737386569452,18.75126261343055,20.069333333333333,19.17433333333333,19.621833333333335,19.606,0.20000000000000284,20.294500000000003,18.9175,0,51.0946668174864,1.5105740181268918,-6.89532813990237,70.11723590204197,19.514046893371187,0.4436671464920208,23.00571667555489,294251661.0,5586135.4,0,-0.003712686906745217,24.0,-28.0,52.0,19.606,19.716635256686672,20.27900157220062,0.14458921298242872,-0.11094844116694347,-0.2555376541493722
1581656400,2020-02-14,20.21,20.36,20.15,20.35,3981362.0,19.610000000000003,20.4777787736512,18.742221226348807,20.056,19.194,19.625,19.610000000000003,0.21000000000000085,20.268500000000003,18.951500000000003,0,53.07773287354294,0.39467192895906195,-3.357611975556075,75.547245666533,19.584678705102423,0.4269766360283051,23.361730502148394,298233023.0,5601388.94,0,0.10282142179016864,100.0,52.0,48.0,19.610000000000003,19.776955708430798,20.281785824271182,0.1642155189629199,-0.05026825544572233,-0.21448377440864222
1582002000,2020-02-18,20.43,20.62,20.24,20.41,4707087.0,19.6285,20.5464820259676,18.7105179740324,20.069166666666668,19.207166666666666,19.638166666666667,19.6285,0.38000000000000256,20.287,18.97,0,53.701782707299444,1.846307385229546,-0.2298180823732337,80.44752075899427,19.672374566445004,0.42362116202628347,24.162228918289028,302940110.0,5384668.84,0,0.13649394732858608,100.0,56.0,44.0,19.6285,19.837245640961196,20.286813831162508,0.17369292592844138,0.0026323830019094885,-0.1710605429265319
1582088400,2020-02-19,20.45,20.49,19.82,19.83,3532598.0,19.628000000000004,20.54553147084968,18.710468529150326,20.095999999999997,19.192999999999998,19.6445,19.628000000000004,0.6699999999999982,20.317250000000005,18.938750000000002,0,47.30060196661421,-0.05040322580645949,-0.3992975177159473,74.51291330824594,19.73724198369061,0.4412196504529774,23.587378389406265,299407512.0,5303259.64,0,0.020851328299161895,96.0,56.0,40.0,19.628000000000004,19.836555579917274,20.268899563273784,0.13507319211845964,-0.0022190527784573533,-0.137292244896917
1582174800,2020-02-20,19.84,20.06,19.73,20.02,3715926.0,19.6355,20.563217090496654,18.707782909503347,20.0985,19.1905,19.6445,19.6355,0.3299999999999983,20.328500000000002,18.9425,0,49.38118642843054,0.7549068948162988,0.3405110467401361,68.2496042928866,19.773624162309122,0.43327538970633606,22.799163459651986,303123438.0,5202368.44,0,-0.0029429417929563084,92.0,56.0,36.0,19.6355,19.85402647706801,20.259138796086578,0.11716335454152156,0.009161948279984955,-0.1080014062615366
1582261200,2020-02-21,19.98,20.5,19.91,20.47,4596677.0,19.656,20.636926093036358,18.67507390696364,20.127333333333333,19.19333333333333,19.660333333333334,19.656,0.5899999999999999,20.368499999999997,18.9435,0,53.917005244811214,2.0438683948155543,2.9440659361681676,67.81301827258787,19.82508899947944,0.4444700047273121,22.935798978947794,307720115.0,5127492.7,0,0.00963751627478368,100.0,68.0,32.0,19.656,19.912690622109153,20.267407862906715,0.1294984955943594,0.0538717132314126,-0.07562678236294677
1582520400,2020-02-24,20.25,20.26,19.76,20.08,4230542.0,19.6915,20.679817256754927,18.703182743245076,20.1375,19.2305,19.683999999999997,19.6915,0.7099999999999973,20.398,18.985000000000003,0,49.8425246232143,3.6654620547237857,3.1613947315236626,61.50331363409037,19.844918307916767,0.4634364329610753,22.6300068785014,303489573.0,5053181.62,0,0.026177861146386486,96.0,68.0,28.000000000000004,19.6915,19.928624848574948,20.260058534949593,0.10624198395974331,0.057175697586732355,-0.049066286373010956
1582606800,2020-02-25,20.13,20.34,19.34,19.34,7754402.0,19.7125,20.65094285920858,18.774057140791417,20.199833333333334,19.230833333333333,19.715333333333334,19.7125,1.0,20.46025,18.96475,0,43.30611544030525,2.2198731501056983,0.042192623467404364,58.32687302978003,19.847520424520948,0.5017624020352842,21.26333919618738,295735171.0,5132955.76,0,-0.02669319012768569,92.0,68.0,24.0,19.7125,19.872565339186856,20.223977808088826,0.039318129406804694,8.137538549490841e-05,-0.039236754021309786
1582693200,2020-02-26,19.5,19.77,18.93,18.94,7120734.0,19.7185,20.63532659210975,18.80167340789025,20.246833333333335,19.215833333333332,19.731333333333332,19.7185,0.8399999999999999,20.512749999999997,18.92425,0,40.29907709637776,0.6376195536663177,-3.934976292207887,56.51637603114268,19.82080711702306,0.5259222304613353,20.370049447484853,288614437.0,5198615.58,-1,-0.07268604042406576,88.0,68.0,20.0,19.7185,19.78374959259763,20.173625737183382,-0.02985891894038585,-0.0765604026967921,-0.046701483756406245
1582779600,2020-02-27,18.86,18.87,17.88,17.99,8166122.0,19.651,20.830506676538786,18.471493323461214,20.214333333333336,19.159333333333333,19.686833333333333,19.651,1.0600000000000023,20.4685,18.8335,0,34.33823387213435,-6.980351602895561,-10.435453803496635,54.11624865218056,19.69378018079939,0.5640706425712401,21.14487742246144,280448315.0,5288369.46,-1,-0.09321056292381363,84.0,-16.0,100.0,19.651,19.612916298064523,20.087993355333055,-0.1318535109057975,-0.21151837238865312,-0.07966486148285562
1582866000,2020-02-28,17.85,17.85,16.38,16.8,13748115.0,19.512,21.226229856232695,17.797770143767305,20.139333333333333,18.993333333333332,19.566333333333333,19.512,1.6099999999999994,20.40825,18.615750000000002,0,28.734084366980355,-14.198161389172615,-18.88640901219074,42.845045598465965,19.268210720420644,0.63877988238758,23.213887843112015,266700200.0,5415466.12,-1,-0.21099452814276584,80.0,-20.0,100.0,19.512,19.345019507772665,19.95905243943764,-0.26408649687439145,-0.40977298257584494,-0.14568648570145348
1583125200,2020-03-02,16.86,17.68,16.55,17.6,8504127.0,19.407999999999998,21.310846289115215,17.50515371088478,20.062,18.837,19.4495,19.407999999999998,1.129999999999999,20.3635,18.452499999999997,0,36.112560266587984,-10.569105691056901,-21.4173123958499,45.76311130090128,19.068077796849707,0.67386703364561,25.135111805144692,275204327.0,5450553.64,0,-0.12663466887056166,76.0,-20.0,96.0,19.407999999999998,19.17882717369908,19.86654057906754,-0.2807413932172922,-0.4966132272230688,-0.21587183400577656
1583211600,2020-03-03,17.69,18.37,17.56,17.69,6342803.0,19.3065,21.34376556933541,17.26923443066459,19.993833333333335,18.720833333333335,19.357333333333333,19.3065,0.8100000000000023,20.298,18.315,0,36.88637472102146,-10.294117647058812,-22.840694974730567,43.1632323303179,18.870485494271165,0.683590816956638,25.548682244566894,281547130.0,5442709.36,0,-0.20226548783351747,72.0,-20.0,92.0,19.3065,19.037034109537263,19.78118604655509,-0.26875177980253806,-0.5518115587589492,-0.2830597789564111
1583298000,2020-03-04,17.93,18.42,17.84,18.39,6167182.0,19.263,21.339160880086016,17.186839119913987,19.924666666666667,18.662666666666667,19.293666666666667,19.263,0.7300000000000004,20.2575,18.268500000000003,0,42.580329036633586,-4.5171339563862976,-21.18681787152143,43.18979789342531,18.7433046251002,0.6869057586025925,25.84035694595486,287714312.0,5399323.02,0,-0.10272282642016413,68.0,-20.0,88.0,19.263,18.97541181339086,19.72662973100391,-0.19989554335731652,-0.5329292081530568,-0.33303366479574026
1583384400,2020-03-05,18.23,18.35,17.81,18.03,4701239.0,19.2065,21.351170370942704,17.061829629057293,19.861166666666666,18.602166666666665,19.23166666666667,19.2065,0.5800000000000018,20.201749999999997,18.21125,0,40.59756212896214,-5.897703549060537,-20.834675817733693,39.446024048370845,18.673546707283492,0.6792696329881218,26.14306797840743,283013073.0,5152410.1,0,-0.1316493154831627,64.0,-20.0,84.0,19.2065,18.88537259306792,19.660095231748855,-0.16619708824885487,-0.5407800251068089,-0.374582936857954
1583470800,2020-03-06,17.4,18.2,17.33,17.94,4176505.0,19.1545,21.36794505240124,16.941054947598758,19.830166666666663,18.509166666666665,19.169666666666668,19.1545,0.870000000000001,20.19625,18.11275,0,40.10610064066467,-5.479452054794516,-20.781190435110293,34.62422041325247,18.559518899414442,0.6928932306318274,26.916078344368394,278836568.0,5123165.08,0,-0.15333011883320904,60.0,-20.0,80.0,19.1545,18.795337108013833,19.59264051677831,-0.1386918120506046,-0.5479477019212098,-0.4092558898706052
1583726400,2020-03-09,16.64,16.88,15.76,16.1,8020621.0,18.985500000000002,21.560359025267115,16.41064097473289,19.7045,18.3255,19.015,18.985500000000002,2.1800000000000015,20.148750000000003,17.82225,0,31.81710508159493,-17.351129363449687,-24.80920393418091,28.110243770568744,18.258523389650424,0.7991151427295541,28.79360903978176,270815947.0,5257336.72,0,-0.17698585561747082,56.00000000000001,-43.99999999999999,100.0,18.985500000000002,18.53863833582204,19.455674222002692,-0.22787497742686635,-0.6940996116541882,-0.46622463422732185
1583812800,2020-03-10,16.59,16.93,15.63,16.9,5683798.0,18.857499999999998,21.575807377762768,16.13919262223723,19.608833333333333,18.126833333333334,18.867833333333333,18.857499999999998,1.299999999999999,20.098,17.616999999999997,0,37.70912811704315,-13.15519013360741,-25.02298053500056,33.303934124999984,18.082176893226194,0.8348926325345858,30.61208486508325,276499745.0,5298558.9,0,-0.07766950973987388,52.0,-44.0,96.0,18.857499999999998,18.38257754193423,19.355451703492783,-0.21652306280748368,-0.7368784627366765,-0.5203553999291928
1583899200,2020-03-11,16.39,16.55,15.09,15.54,10939385.0,18.6305,21.644689609165205,15.616310390834798,19.4185,17.8875,18.653,18.6305,1.8099999999999987,19.93025,17.330750000000002,0,32.658850922391,-22.609561752988043,-27.703241809606162,31.469413501939755,17.756083576766038,0.9045431587821152,32.59892120174711,265560360.0,5423017.58,0,-0.1420712710556363,48.0,-52.0,100.0,18.6305,18.111855871273825,19.205826146493067,-0.2801054478453846,-0.8704872097359235,-0.5903817618905389
1583985600,2020-03-12,14.29,14.64,12.47,12.71,10597587.0,18.2645,22.15914491321089,14.369855086789112,19.1705,17.4545,18.3125,18.2645,3.0699999999999985,19.770500000000002,16.7585,0,25.25127701875762,-36.54518222666001,-34.077992915220136,25.543277485407557,17.19868846776949,1.0592186474405354,35.4027012886112,254962773.0,5547438.12,0,-0.2506886827646345,44.0,-56.0,100.0,18.2645,17.597393407342985,18.95108786623844,-0.48049565533807337,-1.1910013310631307,-0.7105056757250573
1584072000,2020-03-13,13.46,13.9,12.68,13.53,9650962.0,17.933,22.233372542001383,13.632627457998616,18.884999999999998,17.067,17.976,17.933,1.2200000000000006,19.5155,16.3505,0,30.087785597825317,-32.886904761904766,-36.00451126224182,31.83867232159254,16.760030765885066,1.0707030297662115,38.00621136927071,264613735.0,5660454.84,0,-0.21509436086583755,40.0,-56.0,96.0,17.933,17.210022606643655,18.73849618520948,-0.5220999500043166,-1.363130613230453,-0.8410306632261364
1584331200,2020-03-16,12.58,13.65,11.91,12.08,7126169.0,17.5195,22.366397873898254,12.672602126101747,18.5745,16.6035,17.589,17.5195,1.7400000000000002,19.21675,15.82225,0,26.853624550344747,-40.63882063882065,-39.07684103207166,32.951372437005546,16.285778673666318,1.1185099562114822,40.62310530937451,257487566.0,5712685.6,0,-0.19809884509177955,36.0,-64.0,100.0,17.5195,16.721449025058543,18.477378687750285,-0.6056754703010971,-1.5981250011025079,-0.9924495308014107
1584417600,2020-03-17,12.41,12.69,11.18,11.37,5997090.0,17.067500000000003,22.412355002710495,11.72264499728951,18.197166666666668,16.113166666666665,17.155166666666666,17.067500000000003,1.5099999999999998,18.849500000000003,15.285500000000003,0,25.443938215069323,-44.29201371876532,-41.973556468233255,34.20787111524483,15.848089227595462,1.146473530767805,43.219574783829,251490476.0,5749041.18,0,-0.17769566893871383,32.0,-68.0,100.0,17.067500000000003,16.211787213148206,18.19865795489733,-0.6625710466919426,-1.8206633391663392,-1.1580922924743966
1584504000,2020-03-18,10.65,11.51,9.971,11.12,9160351.0,16.631999999999998,22.40756092513959,10.856439074860404,17.781633333333335,15.610733333333334,16.696183333333334,16.631999999999998,1.5389999999999997,18.479174999999998,14.784824999999998,0,24.95832218013284,-43.92334846192637,-44.30142557251233,35.208392062089175,15.259585396720416,1.1745111357129616,45.86225757781322,242330125.0,5811138.18,0,-0.07801888068899336,28.000000000000004,-72.0,100.0,16.631999999999998,15.726855097610283,17.921063525293516,-0.6688953321931876,-1.9942114577158812,-1.3253161255226935
1584590400,2020-03-19,10.97,12.74,10.89,12.55,7938415.0,16.2585,22.07536608063133,10.441633919368673,17.4638,15.140899999999998,16.30235,16.2585,1.8499999999999996,18.219675000000002,14.297325,0,32.69298586528481,-37.31268731268731,-42.57802358546387,44.505041451739956,14.788522526580026,1.222760340304893,46.59515919698754,250268540.0,5863197.64,0,0.03384690285319211,24.0,-72.0,96.0,16.2585,15.424297469266445,17.71043358312514,-0.5344527598178201,-1.993382075294969,-1.4589293154771488
1584676800,2020-03-20,12.88,13.0,12.2,12.42,14350182.0,15.856,21.564535363821378,10.147464636178624,17.08663333333333,14.742733333333334,15.914683333333333,15.856,0.8000000000000007,17.832925,13.879075,0,32.37367433424873,-39.32584269662921,-41.42354233268642,45.66078090287908,14.306564041725231,1.192563173140258,46.94633745047533,235918358.0,6011025.36,-1,-0.0920454508777108,20.0,-72.0,92.0,15.856,15.13817390076488,17.502965599473175,-0.41716537943959864,-1.980386039776647,-1.5632206603370484
1584936000,2020-03-23,12.38,12.46,11.21,11.4,10092933.0,15.422,21.099737577591906,9.744262422408095,16.706966666666666,14.288066666666666,15.497516666666666,15.422,1.25,17.439425,13.404575000000001,0,29.95713686616216,-43.22709163346613,-41.49701149802228,38.40056434100163,13.878718617917364,1.1966658036302396,47.646590092258904,225825425.0,6119509.32,0,-0.11274883077835789,16.0,-72.0,88.0,15.422,14.782157338787272,17.263633615180108,-0.37262585585562236,-2.0290029801565765,-1.6563771243009542
1585022400,2020-03-24,12.11,13.25,12.07,12.89,7098538.0,15.0995,20.579713408253294,9.619286591746707,16.369133333333334,13.932233333333333,15.150683333333333,15.0995,1.8499999999999996,17.180675,13.018325,0,37.16885888636479,-33.35056876938986,-38.32224105233679,37.53921788104942,13.576990276598048,1.2433325319423651,47.345680090258654,232923963.0,6166237.22,0,-0.1357461030233605,12.0,-72.0,84.0,15.0995,14.601951877950388,17.092118571447553,-0.21498648909214224,-1.925110235666132,-1.7101237465739898
1585108800,2020-03-25,12.86,13.7,12.23,12.96,7669947.0,14.8005,20.057946052980395,9.543053947019605,16.088133333333335,13.588233333333331,14.838183333333337,14.8005,1.4699999999999989,16.928925,12.672075,0,37.48715586234486,-31.57338965153115,-35.77436742413403,43.47575663712764,13.359289461192134,1.259523065375053,46.55880678039518,240593910.0,6185486.44,0,-0.1254390291485878,8.0,-72.0,80.0,14.8005,14.44557550862178,16.93007470590059,-0.08485313274941397,-1.8161901625107575,-1.7313370297613435
1585195200,2020-03-26,13.09,14.3,12.58,13.93,7965206.0,14.5975,19.656440106385837,9.538559893614163,15.892466666666667,13.319566666666665,14.606016666666667,14.5975,1.7200000000000006,16.775425,12.419575,0,41.78861301759128,-22.568093385214002,-31.85468095093606,49.26472382277658,13.222728171233777,1.292414274991121,45.181559109189756,248559116.0,6256804.0,0,-0.0981814399116863,4.0,-72.0,76.0,14.5975,14.396473079229228,16.812424717433903,0.07884747845635776,-1.6327776816908965,-1.7116251601472543
1585281600,2020-03-27,13.29,14.74,12.99,14.46,7181421.0,14.480500000000001,19.437484869857798,9.523515130142204,15.759133333333335,13.158233333333333,14.458683333333331,14.480500000000001,1.75,16.668925,12.292075,0,44.00465899617228,-13.928571428571427,-27.791877723292213,56.53532366286255,13.072733708933619,1.3250989696346125,43.449712597100806,255740537.0,6281314.54,0,-0.0327075760542948,4.0,-68.0,72.0,14.480500000000001,14.402523262159777,16.720172767730613,0.22674645673027172,-1.4281920892344147,-1.6549385459646864
1585540800,2020-03-30,14.55,14.67,13.64,14.17,4406151.0,14.309000000000001,19.055269693137877,9.562730306862125,15.5983,13.0074,14.302850000000001,14.309000000000001,1.0299999999999994,16.489925,12.128075,0,43.06049303175097,-19.48863636363637,-24.912715311765172,55.66078241528729,12.951131657892981,1.3040204718035686,41.841569407303936,251334386.0,6224789.82,0,-0.07710077377017538,4.0,-64.0,68.0,14.309000000000001,14.38037818957313,16.62016599252549,0.3041408834069417,-1.2747624417060095,-1.5789033251129512
1585627200,2020-03-31,13.97,14.35,13.76,14.08,6145500.0,14.128500000000003,18.614144992640313,9.642855007359692,15.396799999999999,12.8279,14.112350000000001,14.128500000000003,0.5899999999999999,16.292925000000004,11.964075000000001,0,42.76077275004294,-20.407009609949128,-22.712623885461614,58.900787229639256,12.747218341228779,1.2530190095318852,40.34829358820683,245188886.0,6272561.3,0,-0.03942436273452412,4.0,-60.0,64.0,14.128500000000003,14.351770742947117,16.520551639877432,0.345357613476859,-1.1472063082668775,-1.4925639217437365
1585713600,2020-04-01,13.47,13.64,13.27,13.53,4786527.0,13.885499999999999,17.925843921004628,9.84515607899537,15.149466666666665,12.601566666666667,13.875516666666664,13.885499999999999,0.8100000000000005,16.055925,11.715074999999999,0,40.92821967124766,-26.427406199021213,-21.57653136376185,62.11659056909117,12.728343816434306,1.2213747945653222,39.32769562125292,240402359.0,6281896.44,0,0.05152080625874173,20.0,-40.0,60.0,13.885499999999999,14.273506862666439,16.403275104980278,0.331594949878532,-1.0780702343955717,-1.4096651842741037
1585800000,2020-04-02,13.38,14.14,13.31,14.1,6725031.0,13.689000000000002,17.258839772314584,10.11916022768542,14.953300000000002,12.3764,13.664849999999998,13.689000000000002,0.8300000000000001,15.878175000000002,11.499825000000001,0,43.56659068297384,-21.797004991680538,-19.602093711159625,61.115888379916846,12.741008194995347,1.1934194520963703,37.78134393290406,247127390.0,6353972.44,0,0.07431153096958557,16.0,-40.00000000000001,56.00000000000001,13.689000000000002,14.25698239955535,16.312950591059483,0.3548137405346039,-0.9661480086058489,-1.3209617491404528
1585886400,2020-04-03,13.99,14.25,13.76,13.97,8576444.0,13.4905,16.48845580354331,10.492544196456691,14.742800000000003,12.2039,13.47335,13.4905,0.4900000000000002,15.651175,11.329825000000001,0,43.10439882525022,-22.129319955406913,-18.156380281206605,68.40776011467216,12.853183122442914,1.1431752055180584,36.21509433246225,238550946.0,6447144.24,0,0.11502361029036254,12.0,-40.0,52.0,13.4905,14.22965074245484,16.221070175723817,0.3545135659355947,-0.8778197917209596,-1.2323333576565543
1586145600,2020-04-06,14.55,14.84,13.88,14.14,7793635.0,13.392499999999998,16.162300534334374,10.62269946566562,14.636800000000003,12.1139,13.375350000000001,13.392499999999998,0.9599999999999991,15.461674999999998,11.323324999999999,0,43.923303034839606,-12.173913043478265,-16.646159852870603,74.2365964858221,13.015234999386948,1.1300912622667685,34.0803964508361,246344581.0,6513191.26,0,0.1214769630009988,8.0,-40.0,48.0,13.392499999999998,14.221112576506759,16.139459580597393,0.3578251862190829,-0.7850518748827007,-1.1428770611017836
1586232000,2020-04-07,14.65,14.97,14.35,14.38,5504057.0,13.266500000000002,15.57795214097091,10.955047859029095,14.506800000000002,12.0519,13.279349999999999,13.266500000000002,0.8300000000000001,15.300425000000002,11.232575000000002,0,45.09761725808878,-14.911242603550285,-14.935707056848301,80.93846709896519,13.280853901115469,1.1086561721048565,31.952850976517915,251848638.0,6553065.66,0,0.03633538952151195,4.0,-40.0,44.0,13.266500000000002,14.236244712077543,16.070461165672004,0.3668786894426206,-0.6842786992985079,-1.0511573887411285
1586318400,2020-04-08,14.47,15.47,14.39,15.41,3218918.0,13.26,15.546438278195804,10.973561721804195,14.455966666666665,12.039066666666667,13.247516666666666,13.26,1.0899999999999999,15.239925,11.280075,0,49.84264644092568,-0.8365508365508302,-11.568785277842256,80.27922740812217,13.43369058348222,1.107323588383081,29.910802064894625,255067556.0,6557846.72,0,0.004073232243633639,4.0,-36.0,40.0,13.26,14.34803092997492,16.044560727802516,0.4286362577258277,-0.5153620665838439,-0.9439983243096716
1586404800,2020-04-09,15.69,16.49,15.37,15.7,3694476.0,13.4095,15.91322103078578,10.90577896921422,14.532466666666668,12.220566666666667,13.376516666666666,13.4095,1.1199999999999992,15.243174999999999,11.575825,0,51.09531261340425,23.52478363493311,-8.269685065523417,78.35241878608201,13.673226417381944,1.108229046355718,28.973515395261103,258762032.0,6520151.02,0,0.058923305890110085,4.0,-32.0,36.0,13.4095,14.476789889024927,16.031048542398498,0.4719882592014446,-0.35401300030786587,-0.8260012595093105
1586750400,2020-04-13,15.61,15.65,14.53,15.12,2956777.0,13.489,16.101584161323615,10.876415838676387,14.61396666666667,12.312066666666666,13.463016666666666,13.489,1.17,15.318925,11.659075000000001,0,48.54300071409604,11.751662971175165,-6.4785604059863156,83.26800765334275,13.962696817997637,1.1126412573303095,27.18813405769014,255805255.0,6476799.24,0,0.14974183632043403,8.0,-24.0,32.0,13.489,14.538047994832077,15.99532114857895,0.44493430018651225,-0.2698333842761702,-0.7147676844626825
1586836800,2020-04-14,15.41,15.63,14.97,15.37,4676870.0,13.653500000000003,16.30452451893585,11.002475481064158,14.6988,12.504900000000001,13.601849999999999,13.653500000000003,0.6600000000000001,15.402425000000003,11.904575000000003,0,49.68338830424702,27.235099337748338,-4.545476473025388,82.99531334356382,14.148014946071974,1.080309738949573,25.530279958517102,260482125.0,6457424.3,0,0.132367646257311,4.0,-24.000000000000004,28.000000000000004,13.653500000000003,14.617281519133783,15.970798750595463,0.42712402805991323,-0.18086264938779095,-0.6079866774477042
1586923200,2020-04-15,14.89,14.97,14.1,14.29,5681303.0,13.7995,16.24507130339703,11.35392869660297,14.802133333333334,12.672233333333335,13.73718333333333,13.7995,1.2699999999999996,15.530425,12.068575000000001,0,45.134770890400326,25.6816182937555,-4.786422503901452,75.487541962973,14.284450899487874,1.0938590433103177,24.287179426706977,254800822.0,6497440.9,0,0.09599995655820366,88.0,64.0,24.0,13.7995,14.586111850644851,15.904885074101525,0.3301901687541535,-0.19524896650501233,-0.5254391352591659
1587009600,2020-04-16,14.36,14.4,13.91,14.21,6187052.0,13.954000000000002,16.071332283794654,11.836667716205353,14.915000000000001,12.89,13.9025,13.954000000000002,0.4900000000000002,15.606250000000003,12.301750000000002,0,44.814857184689835,27.787769784172678,-5.11778550016215,67.14820825095981,14.345556242507225,1.0507262545024378,23.307764813307962,248613770.0,6536225.12,0,0.0575822807607728,84.0,64.0,20.0,13.954000000000002,14.55029167439296,15.83841899276421,0.25180970459599317,-0.21067700451417437,-0.46248670911016754
1587096000,2020-04-17,14.56,15.56,14.48,15.48,4970652.0,14.1005,16.21443921388461,11.98656078611539,15.032166666666665,13.084166666666667,14.058166666666668,14.1005,1.3499999999999996,15.71525,12.485750000000001,0,50.65898627964134,23.34661354581673,-2.9962632907378453,66.37510372474202,14.427089390897017,1.0721029506094066,22.06517284479933,253584422.0,6538722.1,0,0.05065473771138202,80.0,64.0,16.0,14.1005,14.638835324450774,15.824363345989143,0.2747469034273077,-0.11905307982603297,-0.39379998325334065
1587355200,2020-04-20,15.19,15.52,14.72,14.9,5952933.0,14.2245,16.217050877643807,12.231949122356195,15.157500000000002,13.2095,14.183499999999999,14.2245,0.7999999999999989,15.83925,12.609750000000002,0,48.20490184872589,19.967793880837363,-2.3214847557030236,59.1541769744851,14.490379713805341,1.0526670255658774,20.91133744546989,247631489.0,6566322.1,0,0.005373203206584599,76.0,64.0,12.0,14.2245,14.663708150693559,15.788113803009177,0.24129676287527613,-0.09217902965924551,-0.33347579253452164
1587441600,2020-04-21,14.59,15.07,14.44,15.02,4859400.0,14.4055,15.945051558084081,12.865948441915918,15.284166666666668,13.398166666666668,14.341166666666666,14.4055,0.6300000000000008,15.973749999999999,12.837250000000001,1,48.745647953818626,31.754385964912274,-1.559262227670982,59.92328679556308,14.547793346901004,1.0224765237397435,19.53680588407201,252490889.0,6547888.6,0,0.05266057238540797,72.0,64.0,8.0,14.4055,14.697640707770363,15.757991693087249,0.2183800425839878,-0.06050073930453692,-0.2788807818885247
1587528000,2020-04-22,15.34,15.64,15.06,15.56,3122323.0,14.539000000000001,15.99026014208313,13.087739857916873,15.388333333333332,13.562333333333333,14.475333333333333,14.539000000000001,0.620000000000001,16.015,13.063000000000002,1,51.16089386125394,20.713731574864234,0.057113511254707566,65.2740133673252,14.653777468262446,0.9937282006154762,18.827599256016892,255613212.0,6546490.04,0,0.05818204486644855,68.0,64.0,4.0,14.539000000000001,14.779770164173186,15.75022731296618,0.22957248490425863,0.008084824241798572,-0.22148766066246006
1587614400,2020-04-23,15.66,15.68,15.33,15.44,2698426.0,14.663,15.970043993138393,13.355956006861607,15.458333333333334,13.744333333333334,14.601333333333333,14.663,0.34999999999999964,16.055,13.271,1,50.60310269205243,19.13580246913579,1.1461506887547575,63.54549370881014,14.763143133131022,0.9477476148572278,18.208211460055704,252914786.0,6411248.54,0,-0.03975058919417893,64.0,52.0,12.0,14.663,14.842649196156692,15.738061535987114,0.2189142629736072,0.052155168054548895,-0.1667590949190583
1587700800,2020-04-24,15.46,16.08,15.41,15.92,1936372.0,14.7625,16.132651451482342,13.392348548517656,15.515833333333333,13.906833333333333,14.711333333333332,14.7625,0.6699999999999982,16.07575,13.44925,0,52.77119063319684,14.285714285714288,2.9295657815318243,60.08692521485618,14.899364330387279,0.9279084995102828,18.026542408490148,254851158.0,6338835.58,0,-0.008561695818094331,100.0,92.0,8.0,14.7625,14.945254034617959,15.74519637771311,0.23291083801714907,0.12437945260237804,-0.10853138541477104
1587960000,2020-04-27,16.23,16.83,16.0,16.72,3192411.0,14.875499999999999,16.479962215198345,13.271037784801651,15.592500000000001,14.0755,14.834,14.875499999999999,0.9099999999999984,16.125749999999996,13.62525,0,56.14789336111481,15.629322268326403,5.84907393947151,57.439779635654496,15.06880852339657,0.9266293209738338,18.521491531919317,258043569.0,6360065.68,0,0.09167224686343464,100.0,96.0,4.0,14.875499999999999,15.114277459892438,15.78342397074397,0.2815176400780911,0.24336566468284282,-0.03815197539524827
1588046400,2020-04-28,17.06,17.59,16.83,16.95,4295843.0,15.014499999999998,16.819542658775465,13.20945734122453,15.727166666666667,14.237166666666667,14.982166666666668,15.014499999999998,0.870000000000001,16.25275,13.776249999999997,0,57.07663273849537,19.618913196894844,8.625152316272807,57.11875263601899,15.270566455531444,0.9225843694757029,19.556360556927682,262339412.0,6366355.3,0,0.12897664970666955,100.0,96.0,4.0,15.014499999999998,15.28910817799792,15.829172050322637,0.31225170901608273,0.35216266087485515,0.039910951858772414
1588132800,2020-04-29,17.46,17.82,17.18,17.43,5458776.0,15.181999999999999,17.21626251993179,13.147737480068209,15.900333333333336,14.405333333333335,15.152833333333334,15.181999999999999,0.870000000000001,16.441249999999997,13.922749999999999,0,58.98489063380733,23.792613636363633,11.732614906755689,59.291884988582424,15.482079040879347,0.9188283430845814,20.679020675343867,267798188.0,6381389.08,0,0.05618854617287339,100.0,96.0,4.0,15.181999999999999,15.493002637236213,15.891949616976651,0.3454150955531614,0.47167982130022423,0.1262647257470628
1588219200,2020-04-30,17.25,17.37,16.84,17.24,4130867.0,15.367499999999998,17.44158654592793,13.293413454072066,16.091833333333334,14.58083333333333,15.336333333333334,15.367499999999998,0.5899999999999999,16.610249999999997,14.124749999999999,0,57.91213302596899,27.420546932742052,13.843871578551154,52.25914614199903,15.57386828100452,0.8953406042928256,21.22818548870578,263667321.0,6393354.46,0,0.1160231692566844,96.0,76.0,20.0,15.367499999999998,15.659383338451812,15.944814337879528,0.3348175461445809,0.544786658427789,0.20996911228320803
1588305600,2020-05-01,16.91,17.22,16.63,17.07,3745692.0,15.516,17.630714165082196,13.401285834917806,16.236,14.749,15.492499999999998,15.516,0.6099999999999994,16.74225,14.289750000000002,0,56.93686035381607,21.06382978723405,15.18829830869338,51.223540775452555,15.682934209034297,0.8749591325576238,21.436976968939653,259921629.0,6393949.78,0,0.14214695639699768,92.0,76.0,16.0,15.516,15.793727782408784,15.988939265805822,0.29786026728915516,0.582294446394652,0.28443417910549684
1588564800,2020-05-04,16.9,16.99,16.46,16.74,4053315.0,15.654499999999999,17.70800894811766,13.600991051882337,16.374833333333335,14.883833333333333,15.629333333333335,15.654499999999999,0.6099999999999994,16.88975,14.419249999999998,0,55.042780556304564,19.828203292770205,15.512231950929506,43.89821863338687,15.781231598857643,0.8560334802320791,21.384006865443336,255868314.0,6383082.54,0,0.13096689696783276,88.0,76.0,12.0,15.654499999999999,15.8838489459889,16.018392627931085,0.23542887230496268,0.5787202694867002,0.3432913971817375
1588651200,2020-05-05,18.25,18.25,16.48,16.52,5704501.0,15.773499999999999,17.735980827931655,13.811019172068342,16.555166666666665,14.983166666666667,15.769166666666667,15.773499999999999,1.7699999999999996,17.069499999999998,14.4775,0,53.78713149632853,16.831683168316825,15.241633493153293,53.28244121455907,16.02948876668365,0.9213168030726449,22.364605047600964,250163813.0,6412561.72,0,0.09366051506862871,84.0,76.0,8.0,15.773499999999999,15.944434760656623,16.03806350526712,0.16678690473255775,0.5517750280974347,0.384988123364877
1588737600,2020-05-06,16.55,16.65,15.92,16.09,3735385.0,15.859,17.717428368272326,14.000571631727675,16.643333333333334,15.060333333333336,15.851833333333335,15.859,0.7299999999999986,17.1475,14.570500000000001,0,51.37584370308789,11.89151599443671,13.943845610365985,54.81937838856976,16.240280631312583,0.9076513171388845,22.502638098658508,246428428.0,6332181.38,0,0.039130761335293376,80.0,76.0,4.0,15.859,15.958298116784563,16.040100230550767,0.08406874545114273,0.4900740551788054,0.4060053097276627
1588824000,2020-05-07,16.25,16.36,15.78,15.84,5102150.0,15.880499999999998,17.72756767607452,14.033432323925474,16.663500000000003,15.130500000000001,15.897,15.880499999999998,0.5800000000000001,17.13075,14.630249999999998,0,50.003942432740835,2.7903958468526913,12.238822757845044,46.48681419683001,16.31000943884277,0.8842476516289642,22.443510070463038,241326278.0,6291809.7,0,-0.10375882251118909,76.0,68.0,8.0,15.880499999999998,15.947031629471748,16.032253162686033,0.008159694313420007,0.4162049276194377,0.4080452333060177
1588910400,2020-05-08,16.09,16.86,15.96,16.68,3349196.0,15.929499999999999,17.806566594449794,14.052433405550206,16.684833333333334,15.173833333333334,15.929333333333336,15.929499999999999,1.0199999999999996,17.17225,14.68675,0,54.31835160090613,6.242038216560513,12.495630864018663,54.299525069785766,16.45728687898768,0.893944247941181,22.808486745917442,244675474.0,6195471.18,0,-0.013237903247372325,72.0,68.0,4.0,15.929499999999999,16.01683814095063,16.057654999443443,0.010040394107595163,0.42059572594051176,0.4105553318329166
1589169600,2020-05-11,16.52,16.52,16.0,16.16,3403484.0,15.9815,17.82327387319925,14.139726126800754,16.711166666666667,15.260166666666667,15.985666666666665,15.9815,0.6799999999999997,17.1875,14.775500000000001,0,51.42651898723366,6.878306878306885,11.381122410782401,55.325479948018355,16.58816205845908,0.8786625159453824,23.147393658839388,241271990.0,5988578.56,0,-0.11367362915284565,68.0,64.0,4.0,15.9815,16.030472603717236,16.061668528877036,-0.026235293524106473,0.3777612149277836,0.40399650845189006
1589256000,2020-05-12,16.12,16.32,15.91,15.97,3164060.0,16.011499999999998,17.831876609385912,14.191123390614084,16.735833333333336,15.309833333333334,16.02283333333333,16.011499999999998,0.41000000000000014,17.198749999999997,14.82425,0,50.3946195111269,3.9037085230969515,9.996122100998525,49.79376850716031,16.6251700047941,0.8451866219492837,23.32155067453197,238107930.0,5881777.22,0,-0.19694585400729303,64.0,36.0,28.000000000000004,16.011499999999998,16.02471330812512,16.058073684607347,-0.06340540949327111,0.32473974658530125,0.38814515607857236
1589342400,2020-05-13,15.89,16.1,15.44,15.72,5181721.0,16.083000000000002,17.73151569601244,14.434484303987565,16.790333333333333,15.385333333333332,16.087833333333332,16.083000000000002,0.6600000000000019,17.224500000000003,14.941500000000001,0,49.03194483285826,10.006997900629822,8.228618913194088,43.21798180467023,16.59972524617619,0.8319590060957636,22.76718270430615,232926209.0,5858555.58,0,-0.1844358322876017,60.0,36.0,24.0,16.083000000000002,15.995692993065584,16.044815893054118,-0.10287216299182123,0.2595549523387959,0.3624271153306171
1589428800,2020-05-14,15.63,16.54,15.54,16.51,3273342.0,16.198,17.61205233283616,14.78394766716384,16.917,15.460999999999999,16.189,16.198,1.0,17.37775,15.01825,0,53.23790763951556,16.185784658691066,8.495209365538859,44.5444926630445,16.603579884699986,0.8439619342317805,22.701668037235475,236199551.0,5800678.78,0,-0.14442961463517826,56.00000000000001,36.00000000000001,20.0,16.198,16.044674612773623,16.063058407051997,-0.07510465512769054,0.2685462964210039,0.34365095154869446
1589515200,2020-05-15,16.31,16.63,16.21,16.39,3602784.0,16.2435,17.620282844169477,14.866717155830523,16.945833333333333,15.555833333333334,16.250833333333333,16.2435,0.41999999999999815,17.3535,15.133500000000002,0,52.54459996878179,5.8785529715762275,8.40173114471524,44.911565689323055,16.59636415024527,0.8136789389295103,22.730945058310045,232596767.0,5778709.68,0,-0.19256689065251575,52.0,36.0,16.0,16.2435,16.077562744890418,16.075879645991137,-0.06455452880432105,0.26295779054329316,0.3275123193476142
1589774400,2020-05-18,16.96,17.67,16.96,17.58,4914619.0,16.377499999999998,17.726557078110268,15.028442921889729,17.059166666666666,15.678166666666666,16.368666666666666,16.377499999999998,1.2800000000000011,17.5235,15.231499999999997,0,58.223672276020935,17.986577181208038,10.888836845637266,45.58596773195252,16.625302816151603,0.8469875861488311,23.676859849058562,237511386.0,5793471.96,0,-0.07819952622669407,100.0,88.0,12.0,16.377499999999998,16.220652007281807,16.134864757913054,0.018399293700603503,0.3505114364733686,0.3321121427727651
1589860800,2020-05-19,17.51,17.67,17.23,17.23,2882417.0,16.488,17.732147901175512,15.243852098824487,17.176333333333336,15.814333333333332,16.495333333333335,16.488,0.4400000000000013,17.61975,15.35625,0,56.143548880965916,14.713715046604534,11.927341159030181,37.57122717757697,16.581179332327263,0.8179170442810575,24.555209297610755,234628969.0,5690707.88,0,-0.11179947456546353,96.0,88.0,8.0,16.488,16.316780387540682,16.177811237994895,0.04406463583769632,0.3871929375698855,0.34312830173218917
1589947200,2020-05-20,17.47,18.17,17.46,17.64,4538072.0,16.592,17.856050631897098,15.3279493681029,17.299666666666667,15.924666666666667,16.612166666666667,16.592,0.9400000000000013,17.74775,15.43625,0,57.994062940970835,13.367609254498714,13.591068569391343,45.734354914840324,16.633865735694386,0.8266372554038391,25.76099623984397,239167041.0,5667793.36,0,-0.18763178560851898,100.0,96.0,4.0,16.592,16.442801303013,16.235151973759802,0.08087824098072954,0.44422610295810117,0.3633478619773716
1590033600,2020-05-21,17.51,17.66,17.27,17.29,4067616.0,16.6845,17.86586319563438,15.50313680436562,17.39783333333333,16.018833333333333,16.708333333333336,16.6845,0.39000000000000057,17.84325,15.52575,0,55.87550217446265,11.981865284974091,13.976348369856776,45.38628274530128,16.666722132099075,0.7954488800178507,26.53983324408909,235099425.0,5530357.98,0,-0.2829603887882692,96.0,88.0,8.0,16.6845,16.52348689320224,16.276518563024123,0.07406376901233408,0.4559275732427892,0.38186380423045513
1590120000,2020-05-22,17.24,17.5,17.04,17.48,2202262.0,16.7625,17.937640417141495,15.587359582858504,17.464166666666667,16.106166666666667,16.78516666666667,16.7625,0.46000000000000085,17.9055,15.619499999999999,0,56.77775176646991,9.798994974874375,14.670847412217203,46.84788006491402,16.688968382798837,0.7714882457308614,26.85180360992879,237301687.0,5362451.48,0,-0.26014622609853766,92.0,88.0,4.0,16.7625,16.614583379563932,16.323713913493766,0.07455402155817165,0.4750563311781697,0.40050230961999805
1590465600,2020-05-26,18.04,18.07,17.29,17.4,6388594.0,16.7965,18.00366651709675,15.589333482903253,17.515166666666666,16.162166666666668,16.838666666666665,16.7965,0.7800000000000011,17.929750000000002,15.663250000000001,0,56.26781101519477,4.066985645933013,15.013257344661104,47.695185752985964,16.75142391136542,0.7720962281786571,27.64028685091204,230913093.0,5297204.12,0,-0.24154684020095984,88.0,84.0,4.0,16.7965,16.689384962462604,16.365921211003815,0.06219634113831235,0.4782477360428885,0.41605139490457616
1590552000,2020-05-27,17.69,17.75,17.27,17.75,3708641.0,16.8365,18.112419668317525,15.560580331682477,17.5245,16.1995,16.862,16.8365,0.4800000000000004,17.9405,15.7325,0,58.00479450524989,4.719764011799414,16.01825368022253,54.40305723757886,16.842767506760044,0.7512322118801816,28.33497751382577,234621734.0,5228853.56,0,-0.1393972497560957,100.0,92.0,8.0,16.8365,16.790395918418547,16.420198810572295,0.0697334726682029,0.5032182357398298,0.4334847630716269
1590638400,2020-05-28,17.91,18.47,17.75,18.36,4417218.0,16.883000000000003,18.30183191393467,15.464168086065335,17.56433333333333,16.231333333333332,16.897833333333335,16.883000000000003,0.7199999999999989,17.97575,15.790250000000002,0,60.85703645497983,5.335628227194491,18.092343730637,63.040184069976156,17.02971489461791,0.7490013396030257,29.555118232540988,239038952.0,5197256.12,0,-0.012004715009211438,100.0,96.0,4.0,16.883000000000003,16.939882021426303,16.496269445451812,0.10577883391507492,0.5657083054654706,0.45992947155039565
1590724800,2020-05-29,18.32,18.48,17.77,18.04,9959376.0,16.923,18.42264129044232,15.423358709557673,17.620666666666665,16.26966666666667,16.945166666666665,16.923,0.7100000000000009,18.024749999999997,15.821249999999997,0,58.65713104420839,4.64037122969838,18.82470423816566,50.4327501414941,17.23067838935755,0.746215529631381,30.69558750876656,229079576.0,5213236.62,-1,-0.0819319351550163,96.0,39.99999999999999,56.00000000000001,16.923,17.044655162242847,16.55680789857135,0.09821152514388715,0.5826938779802546,0.4844823528363675
1590984000,2020-06-01,17.95,18.55,17.95,18.48,3382792.0,16.9935,18.639577458687633,15.347422541312369,17.68883333333333,16.33683333333333,17.012833333333333,16.9935,0.6000000000000014,18.0945,15.8925,0,60.71266597008112,8.260105448154658,20.30852078154089,55.90783580978083,17.346181507590504,0.7357715632291396,31.8100825418418,232462368.0,5122124.16,0,-0.018692820101409893,100.0,48.0,52.0,16.9935,17.181354670600673,16.63222719666659,0.11198291112284442,0.6244609917399231,0.5124780806170787
1591070400,2020-06-02,18.56,18.76,18.1,18.2,4624166.0,17.066499999999998,18.788862040919255,15.344137959080742,17.7765,16.411499999999997,17.094,17.066499999999998,0.6600000000000001,18.171249999999997,15.961749999999997,0,58.755818916378374,8.721624850657115,20.65204284095143,61.87172945669605,17.484052902309582,0.7303593087127725,33.013900538092294,227838202.0,4927603.84,0,-0.03385850775812071,96.0,48.0,48.0,17.066499999999998,17.278368511495845,16.693708483071823,0.09220310910784835,0.627731967001889,0.5355288578940407
1591156800,2020-06-03,18.39,18.47,18.08,18.36,3453451.0,17.1585,18.949469290635538,15.367530709364463,17.7685,16.5415,17.155,17.1585,0.39000000000000057,18.15975,16.15725,0,59.54022222722678,11.138014527845035,21.25686110860591,62.921539244274626,17.67614577094054,0.7060479295190031,34.0839827359768,231291653.0,4794814.2,0,0.0024832705614453105,92.0,48.0,44.0,17.1585,17.381381034210527,16.759053248441557,0.08030058490230851,0.6359045890219264,0.5556040041196179
1591243200,2020-06-04,18.3,18.39,17.59,17.89,4308694.0,17.2485,18.99602710994696,15.500972890053038,17.85883333333333,16.62483333333333,17.241833333333332,17.2485,0.8000000000000007,18.255000000000003,16.241999999999997,0,56.233295740258264,11.187072715972658,20.268380991122076,56.76442466694336,17.773046519797326,0.7127587916962171,33.95647716030483,226982959.0,4739017.32,0,-0.06407620605008013,88.0,48.0,40.0,17.2485,17.429820935714286,16.80340410144385,0.03357118632508882,0.5975679870259789,0.5639968007008901
1591329600,2020-06-05,18.37,18.87,18.22,18.41,4379746.0,17.377000000000002,19.06840296795282,15.685597032047184,17.987666666666666,16.746666666666666,17.367166666666666,17.377000000000002,0.9800000000000004,18.413500000000003,16.340500000000002,0,58.89230066213656,16.224747474747478,20.555902821958185,57.60112688473457,17.901070129682473,0.7318474494322017,34.32469144239186,231362705.0,4673213.3,0,-0.08392212194404382,84.0,48.0,36.0,17.377000000000002,17.523171322789114,16.866407862171542,0.030565581545563547,0.6022037776328446,0.5716381960872811
1591588800,2020-06-08,18.71,19.43,18.53,19.41,8081972.0,17.5135,19.388538932929027,15.638461067070972,18.118833333333335,16.87783333333333,17.49833333333333,17.5135,1.0199999999999996,18.55,16.477,0,63.39422280447711,16.366906474820148,22.83774271775349,60.038132718440025,18.086693754191423,0.7524297744727587,35.15475152757169,239444677.0,4675548.62,0,-0.018858128126116144,100.0,68.0,32.0,17.5135,17.702869292047293,16.96615657345893,0.08568557590620896,0.6787451659700423,0.5930595900638334
1591675200,2020-06-09,19.4,19.4,18.54,18.68,4812702.0,17.639499999999998,19.47198983626094,15.807010163739056,18.268166666666666,16.993166666666667,17.630666666666666,17.639499999999998,0.870000000000001,18.69025,16.588749999999997,0,58.4734555604875,15.594059405940591,22.313617314705944,58.067910993906025,18.172056802032134,0.7608276477247047,35.925521606667246,234631975.0,4628174.24,0,-0.02364343014486072,96.0,68.0,28.000000000000004,17.639499999999998,17.795929359471362,17.0333661195978,0.06374823537761731,0.672744884285855,0.6089966489082377
1591761600,2020-06-10,18.67,18.91,18.12,18.72,4578998.0,17.777,19.497012790650025,16.056987209349977,18.413,17.099999999999998,17.7565,17.777,0.7899999999999991,18.856250000000003,16.69775,0,58.65854533273579,17.219787100814017,21.98528437290928,51.39111862462818,18.227176191632704,0.7629113871729399,35.714019756641655,239210973.0,4631631.18,0,0.04385316155683402,92.0,68.0,24.0,17.777,17.883936087140757,17.099508624711614,0.043657147845579614,0.6635680837152123,0.6199109358696326
1591848000,2020-06-11,18.17,18.19,17.21,17.43,3651399.0,17.8625,19.314062950753325,16.410937049246677,18.521833333333333,17.17683333333333,17.849333333333334,17.8625,1.509999999999998,19.0055,16.7195,0,50.94946811582727,10.87786259541984,17.826248809681466,51.66069358250367,18.243128523751576,0.8162748595177298,33.885315327957194,235559574.0,4581749.16,0,0.06823405061042634,88.0,68.0,20.0,17.8625,17.840704078841636,17.112469070801357,-0.05920053241706802,0.5459102703482976,0.6051108027653657
1591934400,2020-06-12,17.92,18.14,17.41,17.82,4464835.0,17.928,19.24115802552462,16.614841974475382,18.588,17.27,17.929,17.928,0.7300000000000004,19.05075,16.80525,0,52.918586780738586,7.934585099939421,15.447363597441946,56.198525774635634,18.242641168616345,0.8101123695521777,32.18723264417877,240024409.0,4575315.32,0,0.04523694274833017,84.0,68.0,16.0,17.928,17.8387322618091,17.140215381750323,-0.1011941347821893,0.478618134287629,0.5798122690698183
1592193600,2020-06-15,17.4,17.91,17.15,17.65,3271653.0,17.991,19.109425679247277,16.872574320752722,18.663,17.311,17.987000000000002,17.991,0.7600000000000016,19.13925,16.84275,1,51.96145836841885,7.687614399023783,13.132257702532854,49.54943529774494,18.272301906349817,0.8065329145841652,30.186653315225666,236752756.0,4506247.76,0,0.13109702359306052,80.0,68.0,12.0,17.991,17.820757760684423,17.160206935407174,-0.13834518806241292,0.4068807839918023,0.5452259720542152
1592280000,2020-06-16,18.18,18.66,17.96,18.2,5361394.0,18.022,19.127433851480827,16.91656614851917,18.706,17.355,18.0305,18.022,1.0100000000000016,19.15,16.894,1,54.7487518331782,3.526734926052338,12.475651997566674,50.86149597041289,18.30918920639254,0.8210662778281536,29.310342135832208,242114150.0,4441946.76,0,0.04949044266437,76.0,68.0,8.0,18.022,17.85687606919067,17.20098313401866,-0.12424947117316665,0.3899141330877569,0.5141636042609236
1592366400,2020-06-17,18.24,18.4,17.78,18.02,6677509.0,18.061500000000002,19.10567000531511,17.017329994684896,18.749499999999998,17.3805,18.064999999999998,18.061500000000002,0.6199999999999974,19.203000000000003,16.92,1,53.67585475786839,4.585026117237372,11.471606622229514,43.09792329747423,18.293589906635884,0.8067044008404282,28.195638798277788,235436641.0,4419624.24,0,-0.016518381228452218,72.0,68.0,4.0,18.061500000000002,17.8724116816487,17.23310144248852,-0.1250758972370261,0.35781873271464093,0.48289462995166704
1592452800,2020-06-18,17.84,18.15,17.78,18.02,6540350.0,18.0805,19.106978933052087,17.054021066947914,18.743833333333335,17.40883333333333,18.07633333333333,18.0805,0.36999999999999744,19.17925,16.98175,1,53.67585475786839,2.1541950113378627,10.667088588389946,45.28052221393966,18.29258451634094,0.775511229351826,27.16055712769154,241976991.0,4440350.1,0,0.04669529471266656,68.0,60.0,8.0,18.0805,17.88646771196787,17.263960209449753,-0.12343965803683354,0.3285950574056251,0.45203471544245866
1592539200,2020-06-19,18.27,18.33,17.59,17.62,11301099.0,18.097,19.081887810869723,17.11211218913028,18.78333333333333,17.413333333333334,18.098333333333336,18.097,0.7399999999999984,19.222,16.972,1,51.20505824894787,1.908617698091393,8.925234101112627,36.17870430942632,18.224318150193987,0.7729747129695526,25.859003323058744,230675892.0,4601993.72,-1,-0.13008095254818772,64.0,60.0,4.0,18.097,17.8610898346376,17.277922554177213,-0.14559136389864324,0.2700455105691546,0.41563687446779785
1592798400,2020-06-22,17.59,17.62,17.14,17.46,6979679.0,18.095999999999997,19.083428984788146,17.108571015211847,18.787666666666667,17.415666666666667,18.101666666666667,18.095999999999997,0.4800000000000004,19.222499999999997,16.969499999999996,1,50.23148108277168,-0.1144164759725376,7.074092492275971,29.233237446641255,18.143361937714207,0.7520479477574417,24.12495901729374,223696213.0,4667697.78,0,-0.05487405783969259,60.0,52.0,8.0,18.095999999999997,17.82289080276735,17.285062846170263,-0.16584359236633833,0.20833238400987497,0.3741759763762133
1592884800,2020-06-23,17.52,17.55,16.66,16.78,7643701.0,18.065,19.169834829284337,16.960165170715666,18.763666666666666,17.380666666666666,18.072166666666668,18.065,0.8900000000000006,19.19975,16.93025,1,46.29375711898854,-3.563218390804583,3.7423306734618627,27.915090280344444,18.02980891516885,0.7619016657747674,23.216794249114635,216052512.0,4761436.26,-1,-0.13845213027934347,56.00000000000001,-43.99999999999999,100.0,18.065,17.72356786917046,17.265256460045936,-0.21665080401236486,0.10336247136075727,0.32001327537312213
1592971200,2020-06-24,16.59,16.77,16.36,16.53,4811445.0,18.003999999999998,19.291313481635196,16.7166865183648,18.708333333333332,17.33233333333333,18.020333333333333,18.003999999999998,0.4200000000000017,19.134249999999998,16.873749999999998,0,44.93068201201382,-6.873239436619712,0.402915772724998,27.87221652553717,17.947576323322497,0.7374801182194269,22.772036889259063,211241067.0,4764127.76,0,-0.13451162531163047,52.0,-48.0,100.0,18.003999999999998,17.609894738773274,17.236422873377467,-0.25601050272886794,1.4696203720632184e-07,0.25601064969090515
1593057600,2020-06-25,16.51,16.79,16.32,16.76,3716487.0,17.924,19.308101152372803,16.539898847627196,18.617333333333335,17.266333333333332,17.941833333333335,17.924,0.46999999999999886,19.0355,16.8125,0,46.457407566718366,-8.714596949891055,-1.710035557118294,26.923057431861977,17.857935117659245,0.7183743954894678,22.41218915237595,214957554.0,4724831.44,0,-0.07379713966165674,48.0,-48.0,96.0,17.924,17.52895238269963,17.217739623441094,-0.25491584331698913,-0.06263415445533127,0.19228168886165786
1593144000,2020-06-26,16.64,16.7,15.83,16.11,11775827.0,17.8275,19.41932756603839,16.23567243396161,18.531166666666667,17.164166666666667,17.84766666666667,17.8275,0.9300000000000015,18.9555,16.6995,0,42.91783366230956,-10.698447893569844,-5.066337387364004,15.957963611132456,17.512164941417907,0.7334905100973631,22.699355653434175,203181727.0,4836606.94,-1,-0.20987097132644245,44.0,-56.0,100.0,17.8275,17.39381406053776,17.174298853894385,-0.28410109920505633,-0.16284468514466255,0.12125641406039378
1593403200,2020-06-29,16.26,16.67,15.98,16.65,3646188.0,17.736,19.376907066228824,16.095092933771177,18.441,17.065,17.753,17.736,0.6900000000000013,18.87075,16.60125,0,46.48349855790032,-9.902597402597413,-6.265693508778053,20.375972923689915,17.3879710222026,0.7303840450904087,22.96601026155967,206827915.0,4810117.66,0,-0.13363630978349633,40.0,-56.0,96.0,17.736,17.322974626200832,17.15373811452598,-0.25414473622783473,-0.19642450622439966,0.0577202300034351
1593489600,2020-06-30,16.52,16.63,16.27,16.54,4815417.0,17.653,19.358298800796994,15.947701199203005,18.33233333333333,16.986333333333334,17.659333333333333,17.653,0.379999999999999,18.76675,16.53925,0,45.86912033961967,-9.120879120879122,-7.493174263783854,25.883319883896107,17.27166849902191,0.7053566132982365,23.213618111961917,202012498.0,4787367.34,0,-0.13289377608461977,36.0,-56.0,92.0,17.653,17.248405614181703,17.12966995317202,-0.22959214857663882,-0.22926995571736342,0.0003221928592753928
1593576000,2020-07-01,16.54,17.1,16.47,17.0,4397344.0,17.585,19.280541211530895,15.889458788469106,18.272,16.901999999999997,17.587,17.585,0.6300000000000026,18.71675,16.45325,0,48.84533200209173,-7.407407407407404,-7.178293969183451,30.74625344981139,17.23583496036576,0.6999739980626484,22.42820931664163,206409842.0,4778126.22,0,-0.07303062252943775,32.0,-56.0,88.0,17.585,17.22474793664059,17.124584856969197,-0.17281427450277784,-0.2156956502691969,-0.042881375766419066
1593662400,2020-07-02,17.23,17.3,16.83,16.91,3830637.0,17.536,19.24999416568425,15.822005834315753,18.208333333333332,16.871333333333332,17.539833333333334,17.536,0.4700000000000024,18.643,16.429000000000002,0,48.29842588787891,-5.477920626048074,-7.146962293135077,30.068910040089435,17.196591970293763,0.6835472839153166,21.306157544594353,202579205.0,4792292.5,0,-0.10987634790526996,28.000000000000004,-56.0,84.0,17.536,17.19477194267482,17.116169764539034,-0.13352044159806925,-0.20978192776400562,-0.07626148616593638
1594008000,2020-07-06,17.18,17.35,16.92,17.13,2431548.0,17.472,19.145793296676636,15.798206703323368,18.128999999999998,16.814,17.4715,17.472,0.4400000000000013,18.538500000000003,16.4055,0,49.74624659341596,-6.952743074416085,-6.483057604616055,33.28812100409618,17.18020330775108,0.666151049349937,20.165003861173556,205010753.0,4786954.94,0,-0.12395984892904251,24.0,-56.0,80.0,17.472,17.1886031862296,17.116712126713974,-0.0871573187485809,-0.18520813460166252,-0.09805081585308162
1594094400,2020-07-07,16.98,16.98,16.79,16.86,3133749.0,17.344500000000004,18.77987416724686,15.909125832753146,17.981166666666667,16.737166666666663,17.359166666666667,17.344500000000004,0.33999999999999986,18.360000000000003,16.329000000000004,0,48.009425810410015,-13.137557959814533,-6.635635252762557,27.34872239161453,17.09682721598525,0.6428545458249415,19.343209261530454,201877004.0,4810902.48,0,-0.11680938126371052,20.0,-56.0,76.0,17.344500000000004,17.157307644683925,17.106644984489897,-0.06986573953892056,-0.18538299027673233,-0.11551725073781177
1594180800,2020-07-08,16.93,17.47,16.83,17.38,3327096.0,17.279500000000002,18.578322158726746,15.980677841273259,17.887833333333333,16.66583333333333,17.276833333333336,17.279500000000002,0.6400000000000006,18.27775,16.281250000000004,0,51.44607355388329,-6.959314775160603,-5.217704893031151,32.94552727783446,17.0196851661584,0.6426506496945886,18.312679201605135,205204100.0,4813596.18,0,-0.0720386115334117,16.0,-56.0,72.0,17.279500000000002,17.178516440428314,17.117364789019703,-0.02112690125970977,-0.141925877312449,-0.12079897605273922
1594267200,2020-07-09,17.27,17.27,16.62,16.88,3051977.0,17.1875,18.31444054856482,16.06055945143518,17.797833333333333,16.589833333333335,17.193833333333334,17.1875,0.759999999999998,18.1835,16.1915,0,48.21995542710371,-9.82905982905983,-5.403367116284641,34.66014727012687,16.931567793217493,0.651032746144975,17.06207178197749,202152123.0,4788718.86,0,-0.10952243582273237,12.0,-56.0,68.0,17.1875,17.150086303244667,17.10805636592089,-0.020278365282576205,-0.14614693265595946,-0.12586856737338326
1594353600,2020-07-10,16.88,17.07,16.73,16.76,4267601.0,17.154,18.2899119684199,16.0180880315801,17.728,16.584,17.156,17.154,0.33999999999999986,18.06225,16.24575,0,47.46795823487235,-3.843947217441183,-5.873659578196086,38.61316448080058,16.774178707882967,0.6288161214203338,15.900793463751821,197884522.0,4764895.36,0,-0.019590397306395873,8.0,-56.0,64.0,17.154,17.112935226745176,17.09440709666909,-0.02519409391002883,-0.15736118476091931,-0.13216709085089048
1594612800,2020-07-13,16.84,17.31,16.75,16.98,4316397.0,17.112000000000002,18.207711640898083,16.01628835910192,17.680666666666664,16.55366666666667,17.117166666666666,17.112000000000002,0.5599999999999987,18.007500000000004,16.2165,0,49.00276557983525,-4.713804713804713,-5.587580119408743,47.05505751866271,16.722275767224207,0.6239006841760242,15.192828629500168,202200919.0,4768605.96,0,-0.06792155035879655,4.0,-56.0,60.0,17.112000000000002,17.10027472895992,17.089920543858536,-0.0117096331674999,-0.14680413231026535,-0.13509449914276545
1594699200,2020-07-14,16.9,17.21,16.83,17.05,2335586.0,17.082,18.149644135468165,16.014355864531836,17.634666666666668,16.54566666666667,17.09016666666667,17.082,0.38000000000000256,17.949,16.215,0,49.496961155456965,-3.399433427762028,-5.136948602355563,55.27773916324793,16.699243562203943,0.6064792067348799,14.535432711980777,204536505.0,4740403.84,0,0.025479249349628058,8.0,-48.00000000000001,56.00000000000001,17.082,17.095486659535165,17.088355032334672,0.00305487113704328,-0.13127591022146134,-0.13433078135850463
1594785600,2020-07-15,17.23,17.38,17.03,17.15,2592259.0,17.029500000000002,17.96746535117218,16.091534648827825,17.562833333333334,16.508833333333335,17.035833333333336,17.029500000000002,0.34999999999999787,17.847,16.212000000000003,0,50.2223402870328,-5.769230769230773,-4.448526896340147,61.90836916097021,16.73334540676814,0.5881592633966741,14.277256679542235,207128764.0,4711182.72,0,0.026577471311383837,4.0,-48.0,52.0,17.029500000000002,17.100678406246104,17.090772482047036,0.019755269480135423,-0.10963669450833535,-0.12939196398847078
1594872000,2020-07-16,17.07,17.43,17.04,17.23,3773579.0,16.99,17.817864723248636,16.16213527675136,17.509666666666668,16.478666666666665,16.99416666666667,16.99,0.39000000000000057,17.79025,16.189749999999997,0,50.81721707993002,-4.38401775804661,-3.6159054250031923,62.03633231213889,16.77313384985806,0.5740050302969119,14.141517180602452,210902343.0,4672564.28,0,-0.03131846038611844,16.0,-32.0,48.0,16.99,17.112994748508378,17.096232384711858,0.0354722066932648,-0.0850517056218898,-0.1205239123151546
1594958400,2020-07-17,17.24,17.5,17.24,17.43,1932509.0,16.9605,17.673535062251172,16.247464937748827,17.4745,16.454500000000003,16.9645,16.9605,0.2699999999999996,17.75325,16.167749999999998,1,52.31681293334439,-3.274139844617091,-2.260168734738259,78.22582469314561,16.935806921121696,0.5522903852757038,14.165994560372257,212834852.0,4636506.76,0,0.06856545849155529,12.0,-32.0,44.0,16.9605,17.14318572484091,17.10932131080159,0.0573260930270018,-0.048866296031402356,-0.10619238905840415
1595217600,2020-07-20,17.35,17.43,16.83,16.97,4761205.0,16.928,17.573928788644327,16.282071211355674,17.429000000000002,16.423,16.926,16.928,0.6000000000000014,17.710250000000002,16.14575,1,48.72034866101233,-3.6889897843359933,-2.591078826927707,69.01098055039834,16.98691849008873,0.555698214898868,13.196654014162679,208073647.0,4629687.86,0,-0.054999138685608934,8.0,-32.0,40.0,16.928,17.126691846284633,17.10385772998584,0.03963056746207835,-0.05665417973080622,-0.09628474719288457
1595304000,2020-07-21,17.04,17.43,17.01,17.09,3100427.0,16.9095,17.513237525750657,16.305762474249345,17.4145,16.4145,16.9145,16.9095,0.46000000000000085,17.690250000000002,16.12875,1,49.67042293999269,-2.1191294387170734,-2.4563128524555946,68.00699039803301,17.051028576394454,0.5488626281203774,12.296552078396644,211174074.0,4624712.48,0,-0.1485687541986526,4.0,-32.0,36.0,16.9095,17.123197384733714,17.10331428959424,0.03499778434365222,-0.0525375167633193,-0.08753530110697152
1595390400,2020-07-22,16.99,17.43,16.8,17.34,5610180.0,16.9375,17.56604991846275,16.30895008153725,17.411166666666666,16.437166666666666,16.924166666666668,16.9375,0.629999999999999,17.69875,16.17625,1,51.63547726376496,3.337306317044092,-1.4782116949597246,68.86918701674776,17.08475062961568,0.5546581546832076,11.975979798369883,216784254.0,4668846.4,0,-0.12409531351524987,4.0,-28.0,32.0,16.9375,17.143845252854312,17.112596082159172,0.04701186253614671,-0.02877047293678814,-0.07578233547293485
1595476800,2020-07-23,17.22,17.43,16.94,17.02,6014545.0,16.962,17.562686274189392,16.361313725810607,17.444,16.462,16.953,16.962,0.48999999999999844,17.7285,16.1955,1,49.054882090790656,2.9643073200241887,-1.7593379960702684,58.331303929746156,17.095525408919357,0.5500397150629783,11.678305538345032,210769709.0,4725856.1,0,-0.14883454410108257,4.0,-24.000000000000004,28.000000000000004,16.962,17.132050466868186,17.10896486325097,0.03234685514354242,-0.03534876654350683,-0.06769562168704925
1595563200,2020-07-24,17.05,17.31,16.6,16.77,5276279.0,16.9625,17.5625291659574,16.362470834042597,17.4695,16.4635,16.9665,16.9625,0.7099999999999973,17.747,16.177999999999997,1,47.118335070444644,0.059665871121706494,-2.848667963139705,50.73802277040178,17.073863786669662,0.5614654497013368,12.19155874658864,205493430.0,4727747.26,0,-0.19126349384880534,4.0,-20.0,24.0,16.9625,17.097569470023597,17.095672123515637,0.0061221891275453355,-0.060042885277617586,-0.06616507440516292
1595822400,2020-07-27,16.77,16.78,15.99,16.17,5539271.0,16.9655,17.548817237872782,16.382182762127215,17.470499999999998,16.4725,16.9715,16.9655,0.7900000000000009,17.7395,16.191499999999998,1,42.845298412696984,0.37243947858474413,-5.7728777465289784,48.738165400998035,17.009554519407363,0.5777893461512414,13.758333442875871,199954159.0,4773065.84,0,-0.22221735104975254,4.0,-16.0,20.0,16.9655,17.00922952049754,17.059371255926788,-0.0483232426826275,-0.1265691277584473,-0.07824588507581981
1595908800,2020-07-28,16.22,16.66,16.16,16.38,3943005.0,16.951999999999998,17.575044139687975,16.32895586031202,17.459333333333333,16.480333333333334,16.969833333333334,16.951999999999998,0.5,17.71175,16.192249999999998,1,44.6931621790366,-1.6216216216216193,-7.323198171834535,49.131417202028345,16.95424461176732,0.5722329642832956,15.21319566085687,203897164.0,4779870.26,0,-0.27048159719850284,72.0,56.0,16.0,16.951999999999998,16.949302899497777,17.032729245890444,-0.06580033812602992,-0.1604963077333572,-0.09469596960732729
1595995200,2020-07-29,16.42,16.8,16.38,16.76,2807565.0,16.963,17.56393593668505,16.362064063314953,17.470666666666666,16.485666666666667,16.978166666666667,16.963,0.4200000000000017,17.72575,16.20025,1,47.901526536244944,1.3301088270858672,-7.116934805398818,54.28749169244529,16.94057482350818,0.5613591811202032,16.1073158445156,206704729.0,4737729.18,0,-0.22041838873285138,68.0,56.0,12.0,16.963,16.93127405192656,17.02203398134572,-0.048191243178128396,-0.15493502357998779,-0.10674378040185939
1596081600,2020-07-30,16.56,16.75,16.19,16.7,2125980.0,16.948,17.559378769666996,16.336621230333005,17.451666666666668,16.473666666666666,16.962666666666667,16.948,0.5700000000000003,17.70625,16.18975,1,47.44408981773267,-1.7647058823529453,-7.15092669282835,56.46403293470899,16.93198181748774,0.5619763824687601,17.273879650835514,204578749.0,4722600.44,0,-0.13194821840803495,64.0,56.0,8.0,16.948,16.90924795174308,17.009405197763538,-0.03748383616872175,-0.15359857561276158,-0.11611473944403983
1596168000,2020-07-31,16.69,16.75,16.37,16.58,2999186.0,16.9315,17.563553004106087,16.299446995893913,17.424833333333332,16.455833333333334,16.940333333333335,16.9315,0.379999999999999,17.683,16.18,1,46.509059661147234,-1.9515079834417612,-7.583249543930486,55.30585783745928,16.904586431202127,0.5489780694352772,18.35711747098972,201579563.0,4691822.72,0,-0.11466630045641771,60.0,56.0,4.0,16.9315,16.877891003958023,16.9925657782434,-0.035407200004064526,-0.16037373944912048,-0.12496653944505595
1596427200,2020-08-03,16.55,16.7,16.25,16.67,2636599.0,16.908499999999997,17.543457478890925,16.273542521109068,17.396166666666666,16.42516666666667,16.910666666666668,16.908499999999997,0.4499999999999993,17.660749999999997,16.156249999999996,1,47.328573398573106,-2.6853473438411988,-7.578816276541344,50.63309429712183,16.88097277539982,0.5419082073327574,19.582783432572892,204216162.0,4663202.38,0,-0.07793693339574088,56.00000000000001,-23.999999999999993,80.0,16.908499999999997,16.858091860723924,16.979916139880913,-0.025366614925649178,-0.15667480810211742,-0.13130819317646825
1596513600,2020-08-04,16.64,17.08,16.6,16.67,4947257.0,16.898999999999997,17.542207587019554,16.25579241298044,17.406,16.406,16.906,16.898999999999997,0.4799999999999969,17.661749999999998,16.136249999999997,1,47.328573398573106,-1.1269276393831418,-7.575137321004724,52.66459453786192,16.85797763133269,0.5374861925232745,19.419501829035656,209163419.0,4718102.28,0,-0.12311747726841647,52.0,-24.0,76.0,16.898999999999997,16.84017835017879,16.967762565767934,-0.016546499113545887,-0.15199131706840063,-0.13544481795485475
1596600000,2020-08-05,16.88,17.23,16.07,16.22,5295830.0,16.841,17.50897904158702,16.173020958412984,17.395999999999997,16.344,16.869999999999997,16.841,1.1600000000000001,17.64275,16.039250000000003,1,43.625681578666516,-6.674338319907941,-9.182239302542145,44.641212112185734,16.80047759877237,0.5819514644858977,20.260393071327165,203867589.0,4696247.0,-1,-0.18702439088899425,48.0,-24.0,72.0,16.841,16.781113745399857,16.938438543580958,-0.037633950738024335,-0.18248725637738517,-0.14485330563936083
1596686400,2020-08-06,16.13,16.85,16.11,16.73,2987013.0,16.833499999999997,17.502925873416547,16.164074126583447,17.3825,16.3215,16.852,16.833499999999997,0.740000000000002,17.633749999999996,16.03325,1,48.43827431695499,-0.8886255924170533,-8.315161977898622,45.543751574452834,16.76864658327364,0.5932406455940481,21.041220653454992,206854602.0,4681814.44,0,-0.16422212078060372,44.0,-24.0,68.0,16.833499999999997,16.77624576964749,16.930264483048372,-0.015010714515120677,-0.16361669878326168,-0.148605984268141
1596772800,2020-08-07,16.64,17.01,16.42,16.79,4640146.0,16.835,17.503894610532566,16.166105389467436,17.389333333333333,16.303333333333335,16.846333333333334,16.835,0.5899999999999999,17.654,16.016000000000002,1,48.97767995167436,0.1789976133651407,-7.362432513019473,53.7245703907404,16.741032970800358,0.5930091709087589,21.245668150933763,211494748.0,4686273.0,0,-0.10035959932775494,40.0,-24.0,64.0,16.835,16.777555696347726,16.92476391508569,0.005139850344639568,-0.14218117133734154,-0.1473210216819811
1597032000,2020-08-10,16.82,17.12,16.71,17.06,2865900.0,16.839,17.512257751533177,16.16574224846682,17.379333333333335,16.30833333333333,16.843833333333333,16.839,0.41000000000000014,17.646749999999997,16.03125,1,51.38665577574687,0.4711425206124752,-5.440328986594886,53.50208791743961,16.728663838351213,0.579937087272419,21.085859259686455,214360648.0,4544403.48,0,-0.03235891446935028,36.0,-24.0,60.0,16.839,16.80445515383842,16.930067290964683,0.036074261433494376,-0.10222819489011314,-0.13830245632360752
1597118400,2020-08-11,17.22,17.46,16.75,16.78,2642980.0,16.825499999999998,17.492087578641776,16.15891242135822,17.394166666666667,16.290166666666668,16.842166666666664,16.825499999999998,0.7100000000000009,17.657999999999998,15.992999999999999,1,48.86800744874245,-1.5835777126099682,-4.952497872464006,50.87993328112246,16.694310780258757,0.5892272953243891,19.949493899713946,211717668.0,4529607.24,0,-0.1515608680294732,32.0,-24.000000000000007,56.00000000000001,16.825499999999998,16.80212609156809,16.924182299162144,0.036964209836364004,-0.09209719402815253,-0.12906140386451653
1597204800,2020-08-12,16.95,17.27,16.9,17.18,2745650.0,16.826999999999998,17.496629748442754,16.157370251557243,17.39166666666667,16.285666666666668,16.838666666666665,16.826999999999998,0.48999999999999844,17.669999999999998,15.983999999999998,1,52.377977176524574,0.17492711370263056,-2.8802517755970607,59.68521596038609,16.66591903238331,0.5821396313726469,18.89429749402519,214463318.0,4492036.92,0,-0.05506238462826046,28.000000000000004,-23.999999999999996,52.0,16.826999999999998,16.83811408284732,16.934214365861667,0.06228798100448035,-0.051201427608916106,-0.11348940861339646
1597291200,2020-08-13,17.12,17.17,16.87,16.98,1180881.0,16.814500000000002,17.462557867786135,16.16644213221387,17.375833333333336,16.27883333333333,16.827333333333332,16.814500000000002,0.3099999999999987,17.651500000000002,15.977500000000003,1,50.55159396251449,-1.4509576320371445,-2.0140276309556002,64.91231240698417,16.649078555489996,0.5627010862746006,17.994080634140833,213282437.0,4446585.52,0,-0.008412598232944626,24.0,-24.0,48.0,16.814500000000002,16.85162702733805,16.936009880925916,0.06316631979099127,-0.03453150887465739,-0.09769782866564866
1597377600,2020-08-14,16.82,17.05,16.7,16.92,1470458.0,16.789,17.375375306437356,16.202624693562647,17.355333333333334,16.249333333333333,16.802333333333333,16.789,0.3500000000000014,17.632,15.946000000000002,1,50.00101494776068,-2.9259896729776136,-1.557250387508753,70.79613039561681,16.700224961469704,0.5475081515407006,17.60613819854885,211811979.0,4389820.8,0,0.06918164972190045,20.0,-24.0,44.0,16.789,16.85813873902014,16.935382042458233,0.05746719529130109,-0.025863834551522302,-0.0833310298428234
1597636800,2020-08-17,16.99,17.23,16.87,17.19,2627633.0,16.8,17.407420776726894,16.192579223273107,17.34433333333333,16.262333333333338,16.803333333333335,16.8,0.35999999999999943,17.625,15.975000000000001,1,52.45396129075869,1.2964054213317762,-0.06117156287124491,69.97624886106077,16.75324684924624,0.5341147121449363,16.675825453575133,214439612.0,4354778.54,0,0.131313732589723,16.0,-24.0,40.0,16.8,16.889744573399177,16.94536706040105,0.06887305145142959,0.002760284471463592,-0.066112766979966
1597723200,2020-08-18,17.23,18.12,17.19,17.89,6700079.0,16.84,17.60378007305736,16.07621992694264,17.39766666666667,16.264666666666667,16.831166666666668,16.84,0.9299999999999997,17.70025,15.979750000000001,1,58.06808783766306,4.6811000585137545,3.9707597409171993,72.7676302198742,16.902942674834183,0.5623922327060124,17.20477897504441,221139691.0,4327140.68,0,0.144441878266422,100.0,64.0,36.0,16.84,16.985006994980207,16.98241148940493,0.11768668410914518,0.08099558815646546,-0.03669109595267971
1597809600,2020-08-19,17.95,17.95,17.49,17.53,2583073.0,16.8495,17.642102674736535,16.056897325263463,17.4125,16.2965,16.8545,16.8495,0.46000000000000085,17.697,16.002,1,54.57928402799031,1.0957324106113107,5.586662953268279,71.80159472870365,16.961323568787083,0.5550785017984401,17.695950102123025,218556618.0,4282548.1,0,0.059252364774456015,96.0,64.0,32.0,16.8495,17.03691109069638,17.003885548643954,0.11947293967648695,0.11265007864292897,-0.006822861033557975
1597896000,2020-08-20,17.41,17.54,17.18,17.23,2216858.0,16.86,17.66679613286103,16.05320386713897,17.415333333333333,16.312333333333335,16.863833333333336,16.86,0.35999999999999943,17.69775,16.02225,1,51.84680898812574,1.2338425381903693,5.576841283554972,66.43296955164567,17.004612527741052,0.5411443230985514,17.268589450309907,216339760.0,4235305.3,0,0.01818081330296709,92.0,64.0,28.000000000000004,16.86,17.055300510630055,17.012752782030464,0.0952464647194369,0.11223521986573815,0.01698875514630125
1597982400,2020-08-21,17.15,17.35,16.92,16.97,3984679.0,16.87,17.677043988887544,16.06295601111246,17.410666666666664,16.335666666666665,16.87316666666667,16.87,0.4299999999999997,17.68675,16.053250000000002,1,49.582252741892795,1.1926058437686302,4.484746611658847,64.39976226226773,17.037144893953275,0.5332054428772263,16.21267876784672,212355081.0,4241970.9,0,-0.09629455559407013,88.0,64.0,24.0,16.87,17.04717665247481,17.011076202342995,0.058321326662865595,0.08989041347488325,0.03156908681201765
1598241600,2020-08-24,17.02,17.24,16.79,17.15,1931533.0,16.919,17.666927804002178,16.171072195997823,17.431,16.39,16.910500000000003,16.919,0.4499999999999993,17.710250000000002,16.12775,1,51.137544670567905,6.060606060606041,4.3065850886376715,57.617883025761216,17.06677188354714,0.5272621969574244,15.188781619043313,214286614.0,4191304.86,0,0.003376258911800058,84.0,64.0,20.0,16.919,17.056969352239115,17.016524194407975,0.04331943532143798,0.08571838096381512,0.042398945642377145
1598328000,2020-08-25,17.24,17.33,16.88,17.0,1971665.0,16.95,17.656229424478706,16.243770575521292,17.462,16.426,16.944,16.95,0.4499999999999993,17.737499999999997,16.1625,1,49.79023385501234,3.785103785103791,3.546260522471259,66.9173500602601,17.14008121079946,0.5217434686033225,14.193630836356904,212314949.0,4165305.1,0,0.07778907639359207,80.0,64.0,16.0,16.95,17.051543699644913,17.015876186784133,0.021686471415218088,0.06950703491139976,0.04782056349618167
1598414400,2020-08-26,16.88,16.9,16.42,16.67,2393533.0,16.945500000000003,17.65763692503586,16.233363074964146,17.465833333333332,16.423833333333334,16.94483333333333,16.945500000000003,0.5799999999999983,17.745,16.146000000000004,1,46.92704368036133,-0.5369928400954644,1.5889109965508064,60.635448406634765,17.154638603877064,0.5259046494173708,14.137582225136677,209921416.0,4105947.88,0,0.030927556240447296,76.0,64.0,12.0,16.945500000000003,17.015206204440634,17.002312414753384,-0.01450529193690836,0.029688948575046226,0.044194240511954586
1598500800,2020-08-27,16.73,17.0,16.63,16.97,2636500.0,16.959,17.662189874784563,16.255810125215437,17.47233333333333,16.449333333333335,16.960833333333333,16.959,0.370000000000001,17.743499999999997,16.174500000000002,1,49.6952516782153,1.616766467065866,1.2083411529157027,58.63120687205098,17.18532903879069,0.5147686030304158,13.819868004747741,212557916.0,4025127.7,0,0.05968087141839268,72.0,64.0,8.0,16.959,17.010900851636766,17.001045261233642,-0.017686807992369456,0.022085730521492764,0.03977253851386222
1598587200,2020-08-28,17.1,17.17,16.84,17.15,1131081.0,16.9875,17.672915932116794,16.302084067883207,17.494166666666665,16.476166666666668,16.985166666666665,16.9875,0.33000000000000185,17.768250000000002,16.20675,1,51.29955332363125,3.4378769601930057,1.6127831534022097,56.68347969643545,17.198773691723652,0.5015708456711006,13.081065750712584,213688997.0,3916942.32,0,0.0340135216230645,68.0,64.0,4.0,16.9875,17.024148389576123,17.006886623538204,-0.0076291680732425565,0.03023607842230902,0.03786524649555158
1598846400,2020-08-31,17.18,17.3,17.05,17.08,2901729.0,17.008000000000003,17.678569906869924,16.33743009313008,17.514333333333333,16.516333333333332,17.01533333333333,17.008000000000003,0.25,17.773750000000003,16.242250000000002,1,50.6384649640671,2.4595080983803035,1.6517592100754188,57.01633592528025,17.209007778823715,0.4836014995517362,12.227774516193573,210787268.0,3748954.92,0,0.03964786266405783,64.0,36.0,28.000000000000004,17.008000000000003,17.029467590568874,17.009753814771997,-0.005737747315494715,0.030693062351183187,0.0364308096666779
1598932800,2020-09-01,16.98,16.98,16.59,16.67,2196741.0,17.008000000000003,17.678569906869924,16.33743009313008,17.508000000000003,16.519,17.0135,17.008000000000003,0.48999999999999844,17.774500000000003,16.241500000000002,1,46.91124441676832,0.0,0.002811394529894547,50.34812060219644,17.18779478808965,0.48405853529804066,12.322017346844968,208590527.0,3653296.16,0,-0.0350514119846521,60.0,36.0,24.0,17.008000000000003,16.995232581943267,16.99643013576133,-0.030748834134935534,-0.0020052330019915132,0.02874360113294402
1599019200,2020-09-02,16.69,17.27,16.44,17.14,2001207.0,17.054,17.620123661402296,16.4878763385977,17.51366666666667,16.55766666666667,17.035666666666668,17.054,0.8299999999999983,17.795749999999998,16.31225,1,51.241790865988456,5.672009864364992,0.5854194664819142,54.61741152222944,17.180665294954228,0.5087686399196091,11.681854612161063,210591734.0,3540446.28,0,0.011700400783044676,56.00000000000001,36.00000000000001,20.0,17.054,17.009019955091524,17.00206032651579,-0.015081142043254104,0.009892173578876395,0.0249733156221305
1599105600,2020-09-03,17.11,17.34,16.58,16.66,2271759.0,17.050500000000003,17.625390424341496,16.47560957565851,17.529500000000002,16.5715,17.0505,17.050500000000003,0.7600000000000016,17.793750000000003,16.307250000000003,1,47.110571096482424,-0.4184100418410059,-0.8741890389520202,53.47679649839851,17.172647222080915,0.5267137370682086,10.919156526959052,208319975.0,3489652.56,0,-0.04638480204215645,52.0,36.0,16.0,17.050500000000003,16.975779959368523,16.988646196064188,-0.03533051337153109,-0.01918982609228337,0.016140687279247726
1599192000,2020-09-04,16.67,16.79,16.01,16.19,2636378.0,17.020500000000002,17.699778293484737,16.341221706515267,17.5185,16.5415,17.03,17.020500000000002,0.7799999999999976,17.778000000000002,16.263,1,43.49615704054398,-3.5735556879094577,-3.8095470725346887,46.64510923904335,17.118811784137353,0.5448056129919078,11.388763992599946,205683597.0,3468050.38,0,-0.13858902847370716,48.0,-52.0,100.0,17.020500000000002,16.900943772761998,16.957326737395007,-0.07631179669198285,-0.07924905858573084,-0.0029372618937479854
1599537600,2020-09-08,16.19,16.35,15.77,15.86,3161929.0,16.9605,17.806702694393916,16.114297305606083,17.4785,16.484500000000004,16.981500000000004,16.9605,0.5800000000000018,17.73075,16.19025,0,41.162109824703144,-7.033997655334111,-7.2753238447906305,31.50949740732993,16.893170187699404,0.5473194977782002,12.23868529707469,202521668.0,3295772.42,0,-0.3166398394287209,44.0,-56.0,100.0,16.9605,16.801806270594188,16.914294316320692,-0.11903073125980708,-0.15172567596850683,-0.032694944708699755
1599624000,2020-09-09,16.06,16.54,16.04,16.36,2797161.0,16.9395,17.82261890479115,16.05638109520885,17.433833333333332,16.460833333333333,16.947333333333336,16.9395,0.6799999999999997,17.7075,16.171499999999998,0,45.80068900151876,-2.502979737783085,-7.906357129631959,39.448154408001535,16.78818113888376,0.5567966765083288,12.530439525299624,205318829.0,3278791.88,0,-0.22944741342117583,40.0,-56.0,96.0,16.9395,16.75972948291855,16.892557284308115,-0.10735943874320399,-0.16689424313770473,-0.05953480439450075
1599710400,2020-09-10,16.33,16.36,16.06,16.07,2083425.0,16.884,17.836478871156476,15.931521128843526,17.382666666666665,16.416666666666664,16.89966666666667,16.884,0.3000000000000007,17.63775,16.13025,0,43.6974512077486,-6.46100116414435,-9.376939556300472,39.77436733011391,16.71564594142444,0.538454056757734,12.801354165794205,203235404.0,3224152.04,0,-0.2404177713521816,36.0,-56.0,92.0,16.884,16.694040960735833,16.860300135903874,-0.1123804945819826,-0.200010422621979,-0.08762992803999639
1599796800,2020-09-11,16.35,16.44,15.93,16.44,3400379.0,16.857,17.82750708395122,15.886492916048775,17.356333333333332,16.369333333333334,16.862833333333334,16.857,0.5100000000000016,17.62575,16.08825,0,46.9680983145687,-3.1802120141342707,-9.029728965996632,50.61119575585374,16.62711252964591,0.5364216241321816,13.309341000792445,206635783.0,3204212.74,0,-0.05190789245862133,32.0,-56.0,88.0,16.857,16.669846583522897,16.843817777633134,-0.0852249829423657,-0.19416115671795353,-0.10893617377558783
1600056000,2020-09-14,16.49,16.77,16.21,16.76,3119500.0,16.849,17.819935631233868,15.878064368766134,17.351333333333333,16.343333333333334,16.84733333333333,16.849,0.5599999999999987,17.6335,16.0645,0,49.63180656062661,-0.9456264775413719,-7.504975737942798,57.94104091063781,16.598783441705844,0.5381057938370257,12.881935952147689,209755283.0,3189990.0,0,0.003154640025821533,28.000000000000004,-56.0,84.0,16.849,16.678432623187383,16.840530805961247,-0.04232199717901164,-0.1618386702493524,-0.11951667307034075
1600142400,2020-09-15,16.79,16.79,16.43,16.48,4389325.0,16.813499999999998,17.783887036186847,15.843112963813148,17.324833333333334,16.31683333333333,16.820833333333333,16.813499999999998,0.35999999999999943,17.598,16.028999999999996,0,47.4372179883459,-4.130308318789999,-7.248681901164819,48.78979271695604,16.56995710796743,0.5253839514200953,12.432894313294808,205365958.0,3229145.54,0,-0.05766284974549201,24.0,-56.0,80.0,16.813499999999998,16.659534278121917,16.826392342982373,-0.029991983019873908,-0.15700665184518314,-0.12701466882530923
1600228800,2020-09-16,16.39,16.85,16.38,16.65,4766800.0,16.7515,17.588070977263428,15.914929022736573,17.2465,16.2845,16.7655,16.7515,0.4700000000000024,17.5015,16.0015,0,48.881779506966325,-6.931246506428184,-6.397841858391636,57.96478613217609,16.57114270956617,0.5214279548900886,11.852139896043472,210132758.0,3261806.56,0,-0.038746828078699815,20.0,-56.0,76.0,16.7515,16.658626251634118,16.81947499619875,-0.00868456836797235,-0.13787037928527468,-0.12918581091730233
1600315200,2020-09-17,16.53,16.55,16.21,16.36,5421283.0,16.692999999999998,17.464753846766875,15.921246153233119,17.176333333333336,16.226333333333333,16.70133333333333,16.692999999999998,0.4399999999999977,17.441499999999998,15.944499999999998,0,46.582932876181054,-6.674272675413587,-6.693660994340229,47.92624852832439,16.5273492709579,0.5156116723979393,11.733900658189539,204711475.0,3303690.3,0,-0.10352782053270099,16.0,-56.0,72.0,16.692999999999998,16.630185656240393,16.801456368896837,-0.012203594361350045,-0.14444030386898987,-0.13223670950763983
1600401600,2020-09-18,16.33,16.55,16.12,16.21,4889466.0,16.642000000000003,17.399749298910578,15.88425070108943,17.128666666666668,16.171666666666667,16.650166666666667,16.642000000000003,0.4299999999999997,17.395750000000003,15.888250000000003,0,45.419934392002915,-5.919907138711547,-7.429878388358806,41.573579323217096,16.48957225568727,0.5094965529409435,11.841725207723732,199822009.0,3340440.08,0,-0.1784151831950898,12.0,-56.0,68.0,16.642000000000003,16.59016797469369,16.778262001489118,-0.022136591831066144,-0.1599074492964725,-0.13777085746540635
1600660800,2020-09-21,15.94,16.19,15.81,16.01,4177665.0,16.594,17.383516307620976,15.804483692379026,17.072333333333336,16.120333333333335,16.596333333333334,16.594,0.40000000000000036,17.3455,15.842500000000001,0,43.88228717397366,-5.657041838538582,-8.688075507287275,34.24867379665325,16.40654265893585,0.501675370588019,12.634525170977142,195644344.0,3338641.36,0,-0.12234525545451663,8.0,-56.0,64.0,16.594,16.53491388186572,16.748134079862094,-0.03870946764233918,-0.18615769201833032,-0.14744822437599114
1600747200,2020-09-22,16.18,16.28,15.82,15.95,4843724.0,16.534,17.327760669219284,15.740239330780716,17.020666666666667,16.067666666666668,16.544166666666666,16.534,0.46000000000000085,17.28625,15.781749999999999,0,43.418115299964114,-6.997084548104953,-9.907452035078153,42.03408030234203,16.35378813529914,0.49869855840316063,13.074164254066002,190800620.0,3349187.9,0,-0.13208519165119723,4.0,-56.0,60.0,16.534,16.47920779787851,16.716834704181228,-0.0495526133855245,-0.20938899110789677,-0.15983637772237227
1600833600,2020-09-23,16.01,16.23,15.95,16.07,4333336.0,16.4875,17.275557739001044,15.699442260998959,16.962833333333332,16.026833333333336,16.494833333333332,16.4875,0.28000000000000114,17.227,15.748000000000001,0,44.650675892625394,-5.470588235294116,-10.413141458210168,44.46566081306943,16.308559247379414,0.48307723280293496,13.482400545505655,195133956.0,3389142.9,0,-0.16431434685290247,4.0,-52.00000000000001,56.00000000000001,16.4875,16.440235626651983,16.69146863735059,-0.04463593979149508,-0.21563130246174111,-0.17099536267024604
1600920000,2020-09-24,16.06,16.21,15.79,16.1,3137500.0,16.459,17.259722174040053,15.658277825959948,16.928333333333335,15.998333333333335,16.463333333333335,16.459,0.4200000000000017,17.1865,15.731499999999999,0,44.96615971315609,-3.419316136772647,-10.70443891956753,43.84852188235541,16.268748364094566,0.478571716174154,14.239052889569631,198271456.0,3400047.72,0,-0.09979341761224823,4.0,-48.0,52.0,16.459,16.40783223363751,16.668273788827037,-0.035740912317434426,-0.21567150306703908,-0.17993059074960466
1601006400,2020-09-25,16.02,16.2,15.89,16.12,2452600.0,16.416500000000003,17.194118801212667,15.63888119878734,16.8855,15.961500000000001,16.4235,16.416500000000003,0.3099999999999987,17.1395,15.693500000000002,0,45.1854129692822,-5.0088391278727045,-10.860782743613097,48.610493865608355,16.25649836288844,0.4665308793045715,14.941658637629038,200724056.0,3373628.14,0,-0.05093953247582691,8.0,-40.0,48.0,16.416500000000003,16.380419639957747,16.64677285593186,-0.025375337612781684,-0.21164976276558178,-0.1862744251528001
1601265600,2020-09-28,16.25,16.3,16.05,16.08,3939069.0,16.363,17.07594039021464,15.650059609785357,16.836000000000002,15.919999999999998,16.378,16.363,0.25,17.08,15.645999999999999,1,44.809581183301276,-6.239067055393588,-11.138711434889114,55.160608687180456,16.263685998545682,0.4510643879256735,15.194772577092598,196784987.0,3413759.34,0,-0.06532924149099749,4.0,-40.0,44.0,16.363,16.351808245676057,16.62454646942473,-0.01840265724928472,-0.20927774671440602,-0.1908750894651213
1601352000,2020-09-29,16.24,16.88,16.24,16.58,8830334.0,16.338,16.980171316705597,15.695828683294403,16.826666666666668,15.871666666666666,16.349166666666665,16.338,0.8000000000000007,17.09625,15.57975,1,50.25386778395473,-2.927400468384075,-9.055067751142056,59.79049559490362,16.30611426832609,0.4759883602166969,14.647732464015466,205615321.0,3495141.92,1,-0.06260556450282183,16.0,-24.0,40.0,16.338,16.37354079370691,16.62279954905513,0.020581385085885723,-0.16514835810776418,-0.1857297431936499
1601438400,2020-09-30,16.71,16.98,16.4,16.88,8548097.0,16.348499999999998,17.018314153328667,15.678685846671328,16.836499999999997,15.8625,16.3495,16.348499999999998,0.5800000000000018,17.1135,15.583499999999997,1,53.17140283738929,1.2597480503899057,-5.970267148487189,66.95752153952343,16.368309025473028,0.48341776305836154,14.39853415296385,214163418.0,3604095.32,1,0.057392056969179914,12.0,-24.0,36.0,16.348499999999998,16.42177500383006,16.632885841249045,0.06477547912114612,-0.10476039429221728,-0.1695358734133634
1601524800,2020-10-01,16.95,16.97,15.98,16.01,5696557.0,16.292,16.86949805194424,15.714501948055762,16.813,15.822999999999999,16.318,16.292,0.9899999999999984,17.069000000000003,15.515,1,45.09749836029722,-6.592765460910146,-6.937305982511491,59.780397285526455,16.369171124937758,0.5196022085541927,13.768254676073491,208466861.0,3605822.86,0,-0.07220804985366841,8.0,-24.0,32.0,16.292,16.382558336798628,16.60845894551379,0.035104102103628604,-0.12565574578382765,-0.16075984788745626
1601611200,2020-10-02,15.61,16.14,15.4,16.1,4348401.0,16.264,16.821365230346657,15.70663476965334,16.762999999999998,15.775,16.269000000000002,16.264,0.7400000000000002,17.0395,15.488499999999998,1,45.990546606394325,-3.361344537815118,-7.289061162003911,54.33154783323511,16.329259601755798,0.5353449079431789,14.416755981089755,212815262.0,3572499.98,0,-0.05846441044927518,4.0,-24.000000000000004,28.000000000000004,16.264,16.35564801900828,16.588519379023055,0.02187564937052386,-0.13341528617430143,-0.1552909355448253
1601870400,2020-10-05,16.14,16.31,15.92,15.94,7016103.0,16.2515,16.825896204722298,15.6771037952777,16.729833333333332,15.780833333333334,16.255333333333333,16.2515,0.3899999999999988,16.99775,15.50525,1,44.63197430908404,-1.5441630636195292,-8.181605281647798,62.04425553579358,16.288450779675703,0.5249631288043803,14.539936891285857,205799159.0,3607296.46,0,-0.09952550461333595,12.0,-12.0,24.0,16.2515,16.316062493388443,16.563087246512346,0.003642485393432593,-0.15073782880303455,-0.15438031419646714
1601956800,2020-10-06,15.97,16.3,15.87,16.06,6371749.0,16.2615,16.814863352598802,15.7081366474012,16.7265,15.792499999999999,16.2595,16.2615,0.4300000000000015,16.9965,15.526500000000002,1,45.893798607461854,1.2610340479192894,-8.351160210740497,62.77593762872015,16.248431763074407,0.5181800481754961,14.756126252739033,212170908.0,3623946.02,0,-0.11697163935011133,8.0,-12.0,20.0,16.2615,16.29167558925621,16.543358334884413,0.0010889218584746452,-0.15301916187337383,-0.15410808373184848
1602043200,2020-10-07,16.11,16.14,15.89,15.96,7039115.0,16.241500000000002,16.807937110365646,15.67506288963436,16.69816666666667,15.789166666666665,16.243666666666666,16.241500000000002,0.25,16.944250000000004,15.538750000000002,1,44.994316241644086,-2.444987775061116,-8.875264395193412,61.55566087421705,16.216043375467027,0.499024330448675,14.956873516945553,205131793.0,3685868.22,0,-0.14699095417413918,4.0,-12.0,16.0,16.241500000000002,16.260087437898477,16.520481537437966,-0.005545477776695756,-0.16103993095271818,-0.15549445317602242
1602129600,2020-10-08,16.05,16.38,16.02,16.36,5637890.0,16.256,16.818970691954192,15.693029308045807,16.705666666666666,15.790666666666667,16.24816666666667,16.256,0.41999999999999815,16.96775,15.54425,1,49.18751518037845,1.8046048537647736,-7.4488177484864675,68.36079391593273,16.213847942150977,0.49337973541662666,14.417406053051874,210769683.0,3742474.72,0,-0.042709705457496014,76.0,64.0,12.0,16.256,16.269602920003383,16.514188143812948,0.01753159094557505,-0.13357996449405363,-0.15111155543962868
1602216000,2020-10-09,16.05,16.38,16.02,16.36,5637890.0,16.252000000000002,16.810805869689453,15.693194130310554,16.697333333333333,15.797333333333333,16.247333333333337,16.252000000000002,0.35999999999999943,16.9525,15.551500000000003,1,49.187515180378455,-0.4866180048661912,-6.299752004496797,72.26232373178723,16.228007524804536,0.48385261145829617,13.916471979436313,216407573.0,3812712.92,0,0.019654408136717528,72.0,64.0,8.0,16.252000000000002,16.278212165717346,16.508141549937932,0.03245447078291899,-0.11054346696097994,-0.14299793774389893
1602475200,2020-10-12,16.05,16.27,15.91,16.11,4670229.0,16.2195,16.729851839419997,15.709148160580002,16.663166666666665,15.783166666666665,16.223166666666664,16.2195,0.4499999999999993,16.91175,15.52725,1,46.7210051608218,-3.878281622911707,-6.3867361087989165,65.77466981254494,16.23329069338763,0.48143456778270355,13.741861713688465,211737344.0,3846133.78,0,0.0534984652469326,68.0,64.0,4.0,16.2195,16.26219195945855,16.49252815582272,0.025455794721923414,-0.11117819434149467,-0.1366339890634181
1602561600,2020-10-13,16.02,16.24,15.83,16.13,5854744.0,16.202,16.6992564730593,15.704743526940703,16.640666666666668,15.755666666666666,16.198166666666665,16.202,0.40999999999999837,16.898000000000003,15.506000000000002,1,46.94504247272616,-2.123786407766999,-6.363276947773566,58.591396446213786,16.229176974641756,0.47633209865536746,13.79004892797808,217592088.0,3910496.68,0,0.09455451023538378,64.0,-12.0,76.0,16.202,16.249602249033927,16.478311365398298,0.022256744604262135,-0.1088130583080904,-0.13106980291235254
1602648000,2020-10-14,16.2,17.02,16.17,16.79,4563140.0,16.208999999999996,16.734429348247097,15.683570651752895,16.661333333333335,15.738333333333333,16.199833333333334,16.208999999999996,0.8900000000000006,16.936499999999995,15.481499999999997,1,53.7069667470069,0.8408408408408443,-3.2366395960406456,63.59123991961573,16.261189080806695,0.5058798058942698,13.89072454459271,222155228.0,3902814.34,0,0.10032117973700004,60.0,-12.0,72.0,16.208999999999996,16.301068701506885,16.49053444910817,0.06239950313051766,-0.053070423999205474,-0.11546992712972313
1602734400,2020-10-15,16.57,17.06,16.5,16.78,2699818.0,16.23,16.808757289370405,15.651242710629596,16.692666666666668,15.74766666666667,16.220166666666664,16.23,0.5599999999999987,16.9665,15.493500000000001,1,53.598017178542804,2.5672371638141915,-0.7918664124066219,63.76628873528353,16.28431255492675,0.509745534044679,14.069576777312278,219455410.0,3850894.1,0,0.08533668814107609,56.00000000000001,-11.999999999999993,68.0,16.23,16.346681206125275,16.501886039339222,0.08470366206211385,-0.009590349552080824,-0.09429401161419468
1602820800,2020-10-16,16.81,17.24,16.69,17.02,2748355.0,16.2705,16.94365599974997,15.597344000250027,16.73316666666667,15.776166666666665,16.254666666666665,16.2705,0.5499999999999972,17.016,15.524999999999999,1,55.860126602112366,4.996915484268961,2.260072277234641,63.259010233106316,16.315399786154295,0.5126208530414875,14.617451615483409,222203765.0,3846120.94,0,0.13109195063213228,100.0,36.0,64.0,16.2705,16.410806805541917,16.522204233874938,0.11041907066659398,0.04372982671904779,-0.06668924394754619
1603080000,2020-10-19,17.08,17.12,16.83,16.83,2604287.0,16.311500000000002,17.01538280274446,15.607617197255546,16.774833333333333,15.826833333333335,16.300833333333333,16.311500000000002,0.2900000000000027,17.048750000000002,15.574250000000003,1,53.67938911723687,5.121798875702665,3.8307972959590293,55.877224590791755,16.30686374270698,0.4967193635385243,15.126192536642318,219599478.0,3805403.76,0,0.09922765682619956,96.0,36.0,60.0,16.311500000000002,16.45072996691888,16.53427465607592,0.1092312774282812,0.06984985283780532,-0.03938142459047589
1603166400,2020-10-20,16.95,17.18,16.82,16.96,2425538.0,16.362000000000002,17.09903731248791,15.624962687512093,16.818333333333335,15.880333333333335,16.349333333333334,16.362000000000002,0.35999999999999943,17.09175,15.632250000000003,0,54.94616385614124,6.332288401253929,5.671323572706098,51.39375292463593,16.27466266315967,0.48695369471434397,15.733424288168242,222025016.0,3796596.52,0,0.017046034469181074,92.0,35.99999999999999,56.00000000000001,16.362000000000002,16.499231874831366,16.550969767602353,0.1114160368060074,0.09988862141703336,-0.01152741538897404
1603252800,2020-10-21,16.8,17.14,16.75,16.95,2846892.0,16.406,17.17253506116772,15.639464938832276,16.867,15.918000000000001,16.392500000000002,16.406,0.39000000000000057,17.144,15.668,0,54.82475932603533,5.476042314872427,7.124684942670914,53.79009315593694,16.300333614724874,0.4800284308061766,16.037550707398164,219178124.0,3800674.76,0,0.10194413294560316,88.0,36.0,52.0,16.406,16.542162172466476,16.566618012010107,0.10641170551003405,0.12148721649856853,0.015075510988534475
1603339200,2020-10-22,16.99,17.18,16.69,17.06,2187401.0,16.454,17.25722848555029,15.65077151444971,16.91766666666667,15.961666666666664,16.439666666666668,16.454,0.48999999999999844,17.19725,15.71075,0,55.95168657340712,5.962732919254641,8.812259273477965,59.646582407570655,16.35341585296919,0.4807406857485924,16.093404251109,221365525.0,3789509.78,0,0.06114392679019022,100.0,52.0,48.0,16.454,16.591480060803,16.585966325264614,0.10457931262780568,0.14579965177329157,0.041220339145485896
1603425600,2020-10-23,17.2,17.33,17.02,17.25,1925039.0,16.5105,17.368881616764607,15.652118383235393,16.97416666666667,16.018166666666666,16.496166666666667,16.5105,0.3099999999999987,17.25375,15.76725,0,57.86285019988235,7.009925558312649,11.04914984557047,55.85994618737174,16.418292534641033,0.46854492248083573,16.54000148059937,223290564.0,3804392.94,0,0.19292133985115517,100.0,56.0,44.0,16.5105,16.65419624548843,16.612006861528748,0.10969814205313928,0.17834301671191,0.06864487465877071
1603684800,2020-10-26,17.13,17.18,16.78,17.08,2110418.0,16.560499999999998,17.429188091318988,15.691811908681007,17.025166666666667,16.054166666666667,16.53966666666667,16.560499999999998,0.46999999999999886,17.320249999999998,15.800749999999997,0,55.59117540767963,6.218905472636817,11.95029419449506,47.50413552567776,16.483117654322694,0.4686488565893474,16.057053108239653,221180146.0,3817192.14,0,0.24236750323701708,96.0,56.0,40.0,16.560499999999998,16.69474898401334,16.630359533625658,0.09568114222661168,0.18824630244203533,0.09256516021542364
1603771200,2020-10-27,17.0,17.24,16.43,16.5,4075101.0,16.5565,17.42552876822314,15.68747123177686,17.0415,16.0535,16.547500000000003,16.5565,0.8099999999999987,17.317,15.796000000000001,0,48.7216907989779,-0.48250904704462183,9.458480958629952,50.37055234288659,16.571202762924617,0.4930310811186796,15.300881955233878,217105045.0,3846141.5,0,0.25126643722203246,92.0,56.0,36.0,16.5565,16.676201461726357,16.625247395052103,0.044021650797849046,0.14759222371273495,0.1035705729148859
1603857600,2020-10-28,16.22,16.3,15.49,15.53,4401537.0,16.489,17.451702446241526,15.526297553758475,17.004,15.993,16.4985,16.489,1.0099999999999998,17.28175,15.696250000000001,0,40.01651251227983,-7.997630331753553,2.5076951653742356,39.111125553364374,16.535926348266333,0.5299574324673453,16.533986424170486,212703508.0,3800170.66,-1,0.07347050085288218,88.0,-12.0,100.0,16.489,16.56703941775242,16.582296516814765,-0.05351257234270808,0.03667985748650082,0.0901924298292089
1603944000,2020-10-29,15.34,15.69,15.13,15.52,3281588.0,16.464499999999997,17.49711754778786,15.431882452212136,16.938833333333335,15.970833333333335,16.454833333333333,16.464499999999997,0.5599999999999987,17.224999999999998,15.703999999999999,0,39.93907382741127,-3.060587133041861,-2.73025690302679,36.52022328182863,16.493221053363975,0.5321033301482491,18.18822360198883,209421920.0,3814140.96,0,-0.00302941612927247,84.0,-16.0,100.0,16.464499999999997,16.467321377966474,16.540637829880854,-0.11330036019248284,-0.05143302041139464,0.0618673397810882
1604030400,2020-10-30,15.49,15.8,15.42,15.54,4287892.0,16.436500000000002,17.53537715418941,15.337622845810595,16.906166666666667,15.974166666666667,16.440166666666666,16.436500000000002,0.3800000000000008,17.17,15.703000000000003,0,40.18277151569016,-3.4782608695652315,-6.679395292473073,45.75328914152496,16.448988710419982,0.5212388065662313,19.388865972466267,213709812.0,3855561.64,0,-0.048666069275881546,80.0,-16.0,96.0,16.436500000000002,16.37900505625538,16.50139713066984,-0.14412247468452802,-0.11828575357457183,0.025836721109956197
1604293200,2020-11-02,15.74,16.03,15.59,15.87,6420016.0,16.433,17.53860571633807,15.327394283661933,16.897333333333332,15.960333333333333,16.428833333333333,16.433,0.490000000000002,17.174,15.692,0,44.12072418950234,-0.43914680050188387,-8.138824250477947,58.5957138034342,16.41172742452276,0.5190074632400721,19.82518960259268,220129828.0,3904268.38,1,-0.06873500000149478,76.0,-16.0,92.0,16.433,16.33052838423106,16.476636458878865,-0.13506176004523138,-0.142990478946583,-0.007928718901351644
1604379600,2020-11-03,16.15,16.72,16.13,16.46,4571652.0,16.453,17.54528384589328,15.36071615410672,16.923333333333332,15.970333333333334,16.446833333333334,16.453,0.8499999999999996,17.2255,15.6805,0,50.28075894735934,2.4906600249066138,-6.381269979429251,58.54803745449516,16.3898560645457,0.5426497872943526,18.569864125077125,224701480.0,3957070.76,0,-0.1020219756933359,72.0,-16.0,88.0,16.453,16.34285901430429,16.475984048726755,-0.08457781273479756,-0.11365098481984859,-0.029073172085051033
1604466000,2020-11-04,16.64,16.89,16.16,16.41,3636639.0,16.4755,17.544527127812675,15.406472872187326,16.971833333333333,15.970833333333335,16.471333333333334,16.4755,0.7300000000000004,17.284,15.667000000000002,0,49.79111696234452,2.8195488721804463,-5.2428349157141545,59.3285735034681,16.37509980071484,0.5560319453447561,17.42483313885685,221064841.0,3990370.24,0,-0.12412134430779169,68.0,-16.0,84.0,16.4755,16.349253393894358,16.473396438972763,-0.05142757252599883,-0.09335763774254957,-0.04193006521655074
1604552400,2020-11-05,16.58,16.98,16.41,16.55,2474805.0,16.485,17.553129205667283,15.416870794332718,17.002000000000002,15.98,16.491,16.485,0.5700000000000003,17.30475,15.66525,0,51.19200121290895,1.161369193154042,-3.694878886137159,59.04018669419336,16.353944416301463,0.5570296635344164,16.542685372755773,223539646.0,3991995.68,0,-0.16312202823037691,64.0,-16.0,80.0,16.485,16.36837211828537,16.47640050018952,-0.01863698452284579,-0.06522629587010798,-0.046589311347262186
1604638800,2020-11-06,16.44,16.76,16.32,16.34,2481068.0,16.484,17.55263277134824,15.415367228651762,17.017000000000003,15.987,16.502,16.484,0.4400000000000013,17.30975,15.658250000000002,0,49.03192873433515,-0.12224938875305363,-3.374883394640036,59.28651073503779,16.328579827951632,0.5486704018533868,15.519015879340023,221058578.0,3988887.04,0,-0.15614766608309005,60.0,-16.0,76.0,16.484,16.365670011782,16.471051460966404,-0.010084461240154136,-0.05919488789745486,-0.049110426657300726
1604898000,2020-11-09,17.01,17.58,16.68,16.92,4854305.0,16.5245,17.594761183076088,15.454238816923914,17.092166666666667,16.008166666666668,16.550166666666666,16.5245,1.2399999999999984,17.409499999999998,15.6395,0,54.60116928988348,5.027932960893869,-0.49123499219291694,61.375256933479676,16.368017775283363,0.5980510874352876,16.042125694421518,225912883.0,4063351.52,0,-0.18333170762186762,56.00000000000001,-15.999999999999993,72.0,16.5245,16.41846334399324,16.488657286026545,0.03326671418524285,-0.007527033925747162,-0.040793748110990014
1604984400,2020-11-10,16.99,18.07,16.87,18.06,4807333.0,16.621,17.86544204364825,15.376557956351746,17.211666666666666,16.04866666666667,16.630166666666668,16.621,1.1999999999999993,17.56525,15.676749999999998,0,62.97220006751662,11.965282083075014,6.438000332401763,68.73727585109688,16.457228784673646,0.641047438332767,17.18668492095421,230720216.0,4101463.6,0,-0.08600773212880775,100.0,32.0,68.0,16.621,16.574800168374836,16.550278568927464,0.1318185405286422,0.12397942754981273,-0.007839112978829464
1605070800,2020-11-11,18.09,18.18,17.37,17.58,3832724.0,16.660500000000003,17.97222367516922,15.348776324830784,17.262166666666666,16.103166666666667,16.682666666666666,16.660500000000003,0.8099999999999987,17.598750000000003,15.722250000000003,0,58.214690756899145,4.705181655747464,9.380139767356214,69.83126093697378,16.526177228880062,0.6531154784518549,18.38578523067411,226887492.0,4134183.26,0,-0.139053063991934,96.0,32.0,64.0,16.660500000000003,16.67053348567247,16.590659801518544,0.15611775936440958,0.1873080862266825,0.031190326862272924
1605157200,2020-11-12,17.58,17.77,16.85,17.03,4875184.0,16.673,17.99377401549222,15.352225984507777,17.302,16.107000000000003,16.704500000000003,16.673,0.9199999999999982,17.63825,15.707749999999999,0,53.352998554042784,1.4898688915375446,9.209078942743357,62.449650330539455,16.563053334462538,0.6721786585624365,18.302038086795722,222012308.0,4191662.8,0,-0.20122969554550482,92.0,32.0,60.0,16.673,16.7047683917989,16.607888828909974,0.12778001670231443,0.19091534774016594,0.06313533103785153
1605243600,2020-11-13,17.15,17.76,17.15,17.66,2851245.0,16.705000000000002,18.08742540485896,15.322574595141045,17.332,16.131,16.7315,16.705000000000002,0.7300000000000004,17.68375,15.726250000000002,0,57.620422077317514,3.76028202115159,11.166735043486462,66.81507651047883,16.594498897989443,0.6763087543794054,18.22427288176579,224863553.0,4203252.52,0,-0.18345909548835568,88.0,31.999999999999993,56.00000000000001,16.705000000000002,16.795742830675195,16.649148090521347,0.1429495644165433,0.24182228655853066,0.09887272214198736
1605502800,2020-11-16,17.9,18.04,17.51,17.72,3359089.0,16.749499999999998,18.20074050384471,15.298259496155284,17.3855,16.1605,16.773,16.749499999999998,0.5299999999999976,17.746249999999996,15.752749999999999,0,58.005564061089714,5.288175876411175,12.79310277690809,73.80263493976429,16.65468963455179,0.6658581290665906,18.580571218742076,228222642.0,4217706.74,0,-0.13817129394882308,84.0,32.0,52.0,16.749499999999998,16.883767322991844,16.69114228304992,0.14789154675561048,0.2837371555865005,0.13584560883089
1605589200,2020-11-17,17.54,17.72,17.1,17.3,2963959.0,16.7665,18.23506766953364,15.297932330466363,17.417833333333334,16.166833333333333,16.792333333333332,16.7665,0.6199999999999974,17.78275,15.750250000000001,0,54.365083392544015,2.004716981132075,12.3785728037826,75.24596892053334,16.764554855789655,0.6625825484189768,18.008865105632758,225258683.0,4213747.34,0,-0.08850800135865965,80.0,32.0,48.0,16.7665,16.923408530325954,16.71501905626365,0.11519446899502087,0.2798386950746661,0.1646442260796452
1605675600,2020-11-18,17.32,17.44,16.65,16.66,3796450.0,16.752000000000002,18.21875969401926,15.285240305980748,17.43633333333333,16.145333333333333,16.79083333333333,16.752000000000002,0.7900000000000027,17.798250000000003,15.705750000000004,0,49.392759156904305,-1.7109144542772812,9.658155197166137,74.15156700653637,16.853343867206352,0.6716837949604786,16.820938977087614,221462233.0,4233733.12,0,-0.17805250065820774,76.0,32.0,44.0,16.752000000000002,16.898322003628245,16.712861446214095,0.04631755486313091,0.22254116965855886,0.17622361479542795
1605762000,2020-11-19,16.62,16.76,16.27,16.58,2951499.0,16.728,18.189514283200634,15.266485716799371,17.41433333333333,16.123333333333335,16.768833333333333,16.728,0.490000000000002,17.774250000000002,15.681750000000003,0,48.80541346728231,-2.8135990621336484,7.31115896736913,68.29204293214079,16.93680784494984,0.6587063810347303,16.34845224616339,218510734.0,4251094.6,0,-0.13861279492892165,72.0,32.0,40.0,16.728,16.868005622330315,16.707651193421384,-0.0059932134726031205,0.16873209795467403,0.17472531142727715
1605848400,2020-11-20,16.51,16.72,16.27,16.29,2343259.0,16.68,18.132817951430752,15.227182048569249,17.382666666666665,16.077666666666666,16.730166666666666,16.68,0.4499999999999993,17.73675,15.62325,0,46.68699932946497,-5.565217391304353,4.484069498767791,61.403085294581345,17.05549107401186,0.6437987823893925,15.90971456744804,216167475.0,4229952.2,0,-0.22799118784507796,68.0,32.0,36.0,16.68,16.812957467822667,16.691272715247997,-0.05856647530318057,0.10151721729830143,0.160083692601482
1606107600,2020-11-23,16.41,16.71,16.39,16.62,2143936.0,16.657,18.098278599022215,15.215721400977785,17.356666666666666,16.05966666666667,16.708166666666664,16.657,0.4200000000000017,17.71,15.604000000000001,0,49.321849725448594,-2.6932084309133337,3.309294015504198,59.515014771560814,17.093390120718514,0.6278131550758645,15.502315294355215,218311411.0,4210440.92,0,-0.2313249488847292,64.0,32.0,32.0,16.657,16.79458056612527,16.6884777068069,-0.06884784930168156,0.07402388097438006,0.14287173027606162
1606194000,2020-11-24,16.86,17.34,16.64,17.33,3631323.0,16.698500000000003,18.166849753975345,15.23015024602466,17.37016666666667,16.08416666666667,16.727166666666665,16.698500000000003,0.7199999999999989,17.744750000000003,15.652250000000002,0,54.42322453992855,5.03030303030302,4.588832955063427,59.62230802410067,17.14073489792509,0.6343979297133027,14.896942760429562,221942734.0,4195280.88,0,-0.1326863915985179,60.0,31.999999999999996,28.000000000000004,16.698500000000003,16.845572893160956,16.713635443794864,-0.027674890297130827,0.1082781174046481,0.13595300770177893
1606280400,2020-11-25,17.33,17.52,17.21,17.42,2581489.0,16.793,18.189912309344958,15.39608769065504,17.425666666666668,16.189666666666664,16.807666666666666,16.793,0.3099999999999987,17.786749999999998,15.799249999999999,0,55.02727914203045,12.169993560849983,5.8487753460588,59.80438244410671,17.179683206593204,0.6112266490194952,14.639668703859398,224524223.0,4151574.66,0,-0.08656995963617246,56.00000000000001,32.00000000000001,24.0,16.793,16.900280236669435,16.741336014626437,0.004086418357636429,0.14106103064882447,0.13697461229118804
1606453200,2020-11-27,17.46,17.58,17.41,17.53,1518812.0,16.8935,18.195610210389077,15.591389789610922,17.509166666666665,16.312166666666666,16.910666666666664,16.8935,0.16999999999999815,17.858,15.929,0,55.7812689025012,12.951030927835061,7.170961074097685,64.18866528978035,17.22804053012395,0.5797104598038167,14.503490937728758,226043035.0,4073525.24,0,-0.02642008722046019,52.0,32.0,20.0,16.8935,16.96025354746282,16.77226401405285,0.02955074612668429,0.1739130449495434,0.14436229882285911
1606712400,2020-11-30,17.54,17.61,16.63,16.72,5977984.0,16.952499999999997,18.10193246865551,15.803067531344487,17.609166666666667,16.35216666666667,16.980666666666664,16.952499999999997,0.9800000000000004,17.961999999999996,15.942999999999998,0,49.36602500757291,7.593307593307593,5.486952888761712,52.62331304752644,17.21487335242798,0.6083025698178298,14.047556333207007,220065051.0,4095295.6,-1,-0.08068681661479614,48.0,32.0,16.0,16.952499999999997,16.937372257228265,16.77021444487431,-0.009046236710278877,0.13305450293501053,0.1421007396452894
1606798800,2020-12-01,16.78,17.11,16.72,16.81,3061273.0,16.999499999999998,18.03972064966982,15.959279350330174,17.659166666666668,16.40716666666667,17.033166666666666,16.999499999999998,0.39000000000000057,18.001499999999997,15.997499999999999,0,50.03806927499762,5.923125393824824,4.43926857463379,44.052811569455066,17.145202765011366,0.5927095291165563,13.624188486151096,223126324.0,4072967.76,0,-0.2226943236293956,44.0,32.0,12.0,16.999499999999998,16.92524156606367,16.771774662722375,-0.028315774703232904,0.10670602126624829,0.1350217959694812
1606885200,2020-12-02,16.68,16.9,16.55,16.89,2037164.0,17.021,18.033124498270602,16.0088755017294,17.66433333333333,16.436333333333334,17.050333333333334,17.021,0.34999999999999787,17.985500000000002,16.0565,0,50.65092569638252,2.612393681652489,3.8465574469318855,37.01037351296469,17.079235108547678,0.5753731341796592,13.524216377978986,225163488.0,4016836.56,0,-0.1463487645183837,40.0,32.0,8.0,17.021,16.921885226438558,16.776410950458754,-0.035034742939736435,0.09122836729481065,0.1262631102345471
1606971600,2020-12-03,16.86,16.96,16.65,16.8,2839502.0,17.040499999999998,18.0192640165022,16.061735983497798,17.659166666666668,16.473166666666664,17.066166666666668,17.040499999999998,0.3100000000000023,17.973499999999998,16.107499999999998,0,49.92570094771796,2.3765996343692906,3.0688913237918456,45.53641677373339,17.04467657301975,0.5564179103096837,13.297558725022368,222323986.0,3986959.88,0,-0.08505128964510571,36.0,32.0,4.0,17.040499999999998,16.910277109634887,16.777336011225078,-0.04430418936335666,0.07088287353035128,0.11518706289370793
1607058000,2020-12-04,16.9,17.22,16.89,17.14,2572033.0,17.07,18.023079220211798,16.116920779788202,17.669,16.506999999999998,17.088,17.07,0.41999999999999815,17.99175,16.14825,0,52.623214423406495,3.5649546827794554,3.5029132942862016,45.074823175643914,17.014389145739987,0.5466737738589919,12.51737970107551,224896019.0,3975650.54,0,-0.09977613465323958,32.0,28.0,4.0,17.07,16.932155480145852,16.791558128431937,-0.027143732754155714,0.0812573969510133,0.10840112970516902
1607317200,2020-12-07,17.18,17.18,16.7,16.98,5090511.0,17.101999999999997,17.996038030510743,16.20796196948925,17.695,16.529,17.112000000000002,17.101999999999997,0.4800000000000004,18.026749999999996,16.177249999999997,1,51.255465484447235,3.916768665850677,3.3121933053472037,35.357806759045076,16.94993882427087,0.5419113614404925,12.168227162423406,219805508.0,4028408.76,0,-0.06028235525323593,28.000000000000004,24.000000000000004,4.0,17.101999999999997,16.936712101084343,16.79894800574833,-0.026164070299328296,0.07569604183100864,0.10186011213033694
1607403600,2020-12-08,16.83,16.98,16.58,16.96,3800789.0,17.104000000000003,17.99657828788266,16.211421712117346,17.659,16.543,17.101000000000003,17.104000000000003,0.40000000000000213,17.965750000000003,16.242250000000002,0,51.08077353684699,0.23640661938533772,3.0862091037572688,34.767962532458725,16.912217782139834,0.5317748356233146,12.077010911882184,216004719.0,4025643.16,0,0.04170837948418605,24.0,-32.00000000000001,56.00000000000001,17.104000000000003,16.938929996219166,16.805263770228787,-0.026383465527952135,0.06888078022039679,0.09526424574834892
1607490000,2020-12-09,17.0,17.13,16.85,17.01,3095171.0,17.0515,17.829093081244633,16.27390691875537,17.5795,16.5555,17.067500000000003,17.0515,0.2799999999999976,17.84425,16.258750000000003,1,51.51563489813907,-5.813953488372078,3.0653509350722614,42.439702593778314,16.917819688410745,0.5137909187930777,11.632860832951481,219099890.0,3910939.9,0,0.1372927124466709,20.0,-32.0,52.0,17.0515,16.945698568007817,16.81329264198452,-0.022815536100539838,0.06674482562267414,0.08956036172321398
1607576400,2020-12-10,17.01,17.07,16.71,16.84,4130137.0,17.014499999999998,17.757641305539877,16.27135869446012,17.515166666666666,16.536166666666666,17.02566666666667,17.014499999999998,0.35999999999999943,17.7735,16.255499999999998,1,49.92722005437661,-4.209328782707614,2.4265421267384824,41.27251538095717,16.938818505510834,0.5028058531650007,11.513775010543009,214969753.0,3822580.7,-1,0.09061775618795824,16.0,-32.0,48.0,17.014499999999998,16.93563203772136,16.814339989357677,-0.031048706525708056,0.05074947856607892,0.08179818509178698
1607662800,2020-12-11,16.68,16.75,16.3,16.36,4691071.0,16.981,17.776861797047395,16.185138202952608,17.45433333333333,16.522333333333332,16.988333333333333,16.981,0.5399999999999991,17.7115,16.250500000000002,0,45.7359000417448,-3.934233705226081,0.12603954929232802,39.267396101930665,16.917637009266635,0.5054625779389291,12.18097607412216,210278682.0,3802470.98,-1,0.058439159109520765,12.0,-32.0,44.0,16.981,16.880809938890753,16.79652273487306,-0.06595969081561369,-0.0006514284277301385,0.06530826238788355
1607922000,2020-12-14,16.56,16.66,16.09,16.23,5304755.0,16.9095,17.70545163169598,16.113548368304023,17.392500000000002,16.464499999999997,16.9285,16.9095,0.5700000000000003,17.628,16.191000000000003,0,44.66689991436027,-8.097395243488107,-2.2390899795155375,32.720632750397755,16.870017459729173,0.5100723938004342,13.154067690673989,204973927.0,3821598.06,-1,-0.017488620038237583,8.0,-92.0,100.0,16.9095,16.818828039948777,16.774306157034903,-0.09327520270283268,-0.0512857409906573,0.04198946171217538
1608008400,2020-12-15,16.41,16.69,16.19,16.64,5344800.0,16.8555,17.566146888404838,16.14485311159516,17.3285,16.4035,16.866,16.8555,0.5,17.571749999999998,16.13925,1,48.65133352988918,-6.094808126410825,-2.6107194694802294,34.728292698436505,16.816424294149385,0.5093529371004032,13.972018843866833,210318727.0,3788172.0,0,-0.0025356352751282076,4.0,-92.0,96.0,16.8555,16.801796798048894,16.769039248915888,-0.07972396385079761,-0.05766549310132163,0.022058470749475978
1608094800,2020-12-16,16.7,16.72,16.14,16.3,4535189.0,16.805500000000002,17.524679393475278,16.086320606524726,17.277166666666666,16.356166666666667,16.81666666666667,16.805500000000002,0.5799999999999983,17.51875,16.092250000000003,0,45.774114029751644,-5.780346820809249,-4.151208841615353,28.637667419856953,16.753228874916534,0.5143991558789457,14.822109550252984,205783538.0,3751440.8,0,-0.05705634307221617,16.0,-76.0,92.0,16.805500000000002,16.75400662680614,16.750645552879973,-0.08895015651203675,-0.08912922489056996,-0.00017906837853320923
1608181200,2020-12-17,16.21,16.32,16.03,16.16,5357646.0,16.780499999999996,17.551096522182302,16.00990347781769,17.21483333333333,16.343833333333333,16.779333333333334,16.780499999999996,0.28999999999999915,17.456249999999997,16.104749999999996,0,44.630099308956694,-3.0012004801920766,-5.902797487870426,24.09902636905686,16.6794181905416,0.49837064474473525,15.814356377390293,200425892.0,3717811.42,0,-0.07366483874869674,12.0,-88.0,100.0,16.780499999999996,16.69743456711032,16.7274829821788,-0.09900288154577126,-0.12393267031074728,-0.024929788764976025
1608267600,2020-12-18,16.14,16.3,15.85,15.91,7874880.0,16.747,17.603063081787468,15.890936918212534,17.187,16.32,16.7535,16.747,0.45000000000000107,17.41975,16.07425,0,42.627518345866044,-4.041013268998784,-8.222544608733461,23.49955416615694,16.561738858637366,0.49491559869153995,17.057799771318233,192551012.0,3762551.22,-1,-0.08630720121639678,8.0,-92.0,100.0,16.747,16.6224407988141,16.695424826014925,-0.11584097602705526,-0.1697310087987951,-0.05389003277173984
1608526800,2020-12-21,15.99,16.02,15.68,15.83,8046481.0,16.723999999999997,17.649816396484447,15.798183603515549,17.152333333333335,16.29633333333333,16.724333333333334,16.723999999999997,0.33999999999999986,17.388499999999997,16.059499999999996,0,41.99282535980623,-2.8238182934315477,-10.395959813005769,21.827002827915607,16.457367610417872,0.48385019878500135,18.50073495666456,184504531.0,3810723.04,-1,-0.06881662582426533,4.0,-96.0,100.0,16.723999999999997,16.546970246546092,16.661486597543753,-0.12493630002168468,-0.21006040779884572,-0.08512410777716103
1608613200,2020-12-22,16.02,16.36,15.94,16.34,5657486.0,16.71,17.65004255222806,15.76995744777194,17.139333333333333,16.273333333333333,16.706333333333333,16.71,0.5299999999999994,17.38275,16.03725,0,47.262124600512536,-1.684717208182919,-9.94767163267321,28.87867893027766,16.427548146753278,0.48714661315750124,18.711241405464538,190162017.0,3830468.18,0,-0.01837707684631483,32.0,-64.0,96.0,16.71,16.52725879449408,16.648879279993018,-0.09076463681237563,-0.19857990379263057,-0.10781526698025494
1608699600,2020-12-23,16.3,16.74,16.3,16.65,4804183.0,16.676,17.57204464174473,15.77995535825527,17.09933333333333,16.259333333333334,16.679333333333336,16.676,0.4399999999999977,17.327749999999998,16.02425,0,50.158974746203434,-3.9238315060588564,-8.252375511595242,30.841335504147366,16.421649489115527,0.48377899793196527,17.850422800876704,194966200.0,3809456.96,0,0.023818098059495106,28.000000000000004,-64.0,92.0,16.676,16.538948433113692,16.648923229797216,-0.04382206109234113,-0.16259284334568136,-0.11877078225334023
1608786000,2020-12-24,16.94,16.95,16.65,16.87,1612545.0,16.648500000000002,17.483180178271557,15.813819821728448,17.070833333333333,16.231833333333334,16.651333333333334,16.648500000000002,0.3000000000000007,17.299500000000002,15.997500000000002,0,52.12352415718736,-3.1572904707233103,-5.96294941304965,29.819469717466433,16.40644825443782,0.47065192665111066,16.61448386702321,196578745.0,3750445.06,0,0.015892401707193755,24.0,-64.0,88.0,16.648500000000002,16.57047715376953,16.65759290706007,0.003020557385486705,-0.11499508552148185,-0.11801564290696856
1609131600,2020-12-28,16.95,17.27,16.92,17.23,2649083.0,16.6335,17.41325060115362,15.853749398846382,17.061500000000002,16.2045,16.633000000000003,16.6335,0.3999999999999986,17.301750000000002,15.965250000000001,0,55.16739472018435,-1.711351968054767,-2.6389822207136757,35.07103461177648,16.39388275257073,0.4656053604617455,16.175901459869287,199227828.0,3749430.36,0,0.034336081979912225,20.0,-64.0,84.0,16.6335,16.633288853410527,16.680040244038107,0.05627254560922117,-0.0476749608954421,-0.10394750650466326
1609218000,2020-12-29,17.35,17.42,17.0,17.04,2599470.0,16.6495,17.44858635328069,15.850413646719309,17.041833333333333,16.240833333333335,16.641333333333336,16.6495,0.4200000000000017,17.27575,16.02325,0,53.28531071734805,1.913875598086126,-0.7310511638756237,39.841655340079456,16.39812261849986,0.4623478347144781,16.075406754855944,196628358.0,3746452.66,0,-0.049127427543493626,16.0,-64.0,80.0,16.6495,16.67202324832381,16.69415631289936,0.07552227378821744,-0.00954466426939149,-0.08506693805760893
1609304400,2020-12-30,16.96,17.61,16.95,17.57,3620378.0,16.6875,17.580290568946292,15.79470943105371,17.080166666666667,16.252166666666664,16.66616666666667,16.6875,0.6600000000000001,17.334,16.041,0,57.53881880678121,4.521118381915536,2.8716896794336595,40.41146159385935,16.423642043967718,0.4764658465205868,16.35600142218302,200248736.0,3766774.48,0,-0.0073750759111136785,100.0,24.0,76.0,16.6875,16.757544843721544,16.728503124158205,0.1182275289547712,0.06271747313585507,-0.05551005581891613
1609390800,2020-12-31,17.63,17.8,17.49,17.72,2995373.0,16.729,17.726595108247555,15.731404891752444,17.122666666666667,16.29866666666667,16.710666666666665,16.729,0.3100000000000023,17.3725,16.0855,0,58.660201723755506,4.914150384843092,6.273157812991882,45.98612132570199,16.452462509118956,0.4645754289119736,16.97104828981713,203244109.0,3778171.18,0,0.03238729208835657,100.0,28.0,72.0,16.729,16.849207239557586,16.767385354583375,0.14887539728096508,0.13058419078229022,-0.018291206498674863
1609736400,2021-01-04,17.7,17.78,17.27,17.29,4545090.0,16.753500000000003,17.78050097370911,15.726499026290893,17.164833333333334,16.320833333333333,16.74283333333333,16.753500000000003,0.5100000000000016,17.412000000000003,16.095000000000002,0,54.33048911279229,2.916666666666657,7.162372712034191,45.89891621646556,16.520771333801783,0.467820041132547,16.901209508487423,198699019.0,3812135.14,0,0.020935468615111467,96.0,28.0,68.0,16.753500000000003,16.891187502456866,16.7878800465605,0.13300575506612036,0.1479659873339756,0.014960232267855228
1609822800,2021-01-05,17.27,18.07,17.24,17.87,4222522.0,16.79,17.916427982606727,15.66357201739327,17.222,16.328,16.775,16.79,0.8300000000000018,17.47925,16.100749999999998,0,58.662555252504376,4.259043173862312,9.917931024928974,53.46075088649938,16.616623290254942,0.493690038194508,17.391432976201916,202921541.0,3852837.56,0,0.09780275816146651,100.0,36.0,64.0,16.79,16.984407740318115,16.830316123165968,0.15296444474207205,0.2061657881954453,0.05320134345337324
1609909200,2021-01-06,18.04,18.84,18.04,18.29,6074591.0,16.8555,18.157213870249326,15.553786129750673,17.309833333333334,16.38383333333333,16.846833333333333,16.8555,0.9699999999999989,17.5815,16.1295,0,61.44990737242576,7.714958775029439,13.451712281356047,54.46845146345793,16.792492149446783,0.5277121783234716,18.985709631325285,208996132.0,3935828.6,0,-0.004762389459690778,100.0,40.0,60.0,16.8555,17.10874986028782,16.887558628139853,0.18377390812214614,0.28291872860605594,0.0991448204839098
1609995600,2021-01-07,18.3,18.58,18.14,18.19,4363197.0,16.916999999999998,18.342946703071153,15.491053296928843,17.385,16.455,16.919999999999998,16.916999999999998,0.4399999999999977,17.645999999999997,16.188,0,60.42868931130021,7.252358490566039,15.754450891311048,54.19145556684386,16.92338643880782,0.5214470227289377,20.46610938251127,204632935.0,3980884.18,0,-0.025552576376057432,96.0,39.99999999999999,56.00000000000001,16.916999999999998,17.211726064069932,16.938634760369666,0.18616530016949842,0.33185144569578284,0.14568614552628442
1610082000,2021-01-08,18.3,18.98,18.28,18.92,4647668.0,17.0125,18.685077352471186,15.339922647528812,17.4925,16.520500000000002,17.0065,17.0125,0.7899999999999991,17.77975,16.24525,0,64.90976963425784,11.228689006466784,19.780775235927376,62.151559856305546,17.11828286465334,0.5406293782482993,22.322734266166215,209280603.0,3992335.52,0,0.04330348185328084,100.0,48.0,52.0,17.0125,17.374418819872794,17.01633535800223,0.22316378752452365,0.424640879931939,0.20147709240741535
1610341200,2021-01-11,18.7,19.17,18.53,19.08,5141122.0,17.1245,19.02089104617153,15.228108953828471,17.609166666666663,16.609166666666663,17.109166666666667,17.1245,0.6400000000000006,17.912750000000003,16.33625,0,65.80320114262061,13.30166270783847,23.327911338024066,73.00438338109359,17.412579456793583,0.5477272798019922,24.253838186916116,214421725.0,4007127.22,0,0.2005452365352625,100.0,52.0,48.0,17.1245,17.536855122742054,17.097263383178614,0.24302910613406842,0.5052634750750009,0.2622343689409325
1610427600,2021-01-12,19.17,19.58,19.11,19.43,4389416.0,17.278,19.387081316592507,15.16891868340749,17.755333333333333,16.753333333333334,17.254333333333335,17.278,0.5,18.06325,16.492749999999997,0,67.69703504931385,18.765281173594133,27.03447591870331,84.38649785833023,17.783003161862364,0.5443181883875642,26.451329591976112,218811141.0,4029283.78,0,0.25755137425901853,100.0,56.0,44.0,17.278,17.71715463486186,17.188743250504942,0.2626857573039315,0.5905915655708469,0.3279058082669154
1610514000,2021-01-13,19.43,19.81,19.34,19.65,3359490.0,17.449,19.737422163849942,15.160577836150063,17.913999999999998,16.922,17.418,17.449,0.46999999999999886,18.226750000000003,16.67125,0,68.8388632306164,21.07208872458409,30.492653096189866,83.9797570225376,18.055330381428302,0.539009746359881,28.695093692758345,222170631.0,4010715.74,0,0.1947671330965301,100.0,60.0,40.0,17.449,17.901235145827396,17.28526312303416,0.2722861753567035,0.6682635274627948,0.3959773521060913
1610600400,2021-01-14,19.71,19.74,19.2,19.23,5288365.0,17.5785,19.960367124757312,15.196632875242685,18.060166666666667,17.064166666666665,17.562166666666666,17.5785,0.5399999999999991,18.35925,16.797749999999997,0,64.2733234358349,15.564903846153843,31.253183791951134,74.25353840522617,18.311617177980494,0.5390804787627466,30.329644134032684,216882266.0,3988082.72,0,0.05723985046052997,96.0,60.0,36.0,17.5785,18.02778417955812,17.361527314287724,0.23361637142025898,0.6879978163814151,0.4543814449611561
1610686800,2021-01-15,19.19,19.55,19.14,19.39,4326624.0,17.732999999999997,20.16347402783895,15.302525972161042,18.200333333333333,17.221333333333334,17.710833333333333,17.732999999999997,0.41000000000000014,18.500999999999998,16.964999999999996,0,65.19887125057241,18.957055214723926,32.23799504746597,67.80650842772036,18.43074459735183,0.5298604445654076,31.65207538578614,221208890.0,3983182.16,0,0.05795902836319608,92.0,60.0,32.0,17.732999999999997,18.157519019600205,17.44107526274703,0.20320064855978437,0.7083822556608865,0.5051816071011022
1611032400,2021-01-19,19.52,19.72,19.39,19.57,4272398.0,17.9035,20.347057038417514,15.459942961582488,18.37183333333333,17.38883333333333,17.880333333333333,17.9035,0.3299999999999983,18.674500000000002,17.1325,0,66.23474121629383,21.10148514851485,33.451819330519875,68.9121104450592,18.56849747755773,0.5155846985250212,33.0707315572746,225481288.0,3995897.34,0,0.028729457327799954,88.0,60.0,28.000000000000004,17.9035,18.29204101773352,17.524562507345184,0.18036608415657007,0.7306392122968148,0.5502731281402448
1611118800,2021-01-20,19.57,19.67,19.21,19.31,5437894.0,18.073500000000003,20.409353377247772,15.737646622752234,18.541166666666665,17.557166666666667,18.049166666666665,18.073500000000003,0.46000000000000085,18.845250000000004,17.301750000000002,0,63.3669220618213,21.370207416719037,33.183939459444225,61.528268142190896,18.699027697303745,0.5116143629160912,33.78023983781967,220043394.0,4055159.12,0,0.011965950863883704,84.0,60.0,24.0,18.073500000000003,18.38898949223509,17.594579663919884,0.13498940573139684,0.7190098853044908,0.584020479573094
1611205200,2021-01-21,19.33,19.34,18.89,19.1,5114629.0,18.237000000000002,20.370861288837645,16.10313871116236,18.71,17.715,18.2125,18.237000000000002,0.4499999999999993,19.017000000000003,17.457,0,61.117085877800314,20.656980416929887,31.96545122593495,54.54042342160316,18.806375650746798,0.5072133369935132,33.44737615966829,214928765.0,4107830.34,0,-0.04319904019550814,80.0,60.0,20.0,18.237000000000002,18.45670477868889,17.653615755530872,0.08074570244469959,0.6849526076289685,0.6042069051842689
1611291600,2021-01-22,18.97,19.31,18.74,19.24,4339937.0,18.381999999999998,20.369647856135455,16.39435214386454,18.861666666666668,17.851666666666667,18.356666666666666,18.381999999999998,0.5700000000000003,19.165,17.598999999999997,0,62.06233018983482,17.747858017135854,31.328732676927984,48.94074438088333,18.87755245461629,0.5116980986368337,32.707395053174636,219268702.0,4097542.98,0,-0.014465632976194166,76.0,60.0,16.0,18.381999999999998,18.531304323575664,17.715826902372797,0.045940010864513825,0.6616319187649111,0.6156919079003973
1611550800,2021-01-25,19.11,19.4,18.79,18.79,5557834.0,18.489,20.316094961954608,16.661905038045393,18.991666666666667,17.964666666666666,18.478166666666663,18.489,0.6099999999999994,19.284750000000003,17.69325,0,57.345547752848624,12.852852852852859,28.661501357027745,47.923124707836514,18.984968428095833,0.5187196630199169,32.18125690479748,213710868.0,4112553.0,0,-0.0348242063242979,72.0,60.0,12.0,18.489,18.55594200704465,17.757951337573864,-0.012614867918477102,0.5999233230023009,0.612538190920778
1611637200,2021-01-26,18.79,18.88,18.64,18.75,4263565.0,18.583000000000002,20.25402483524331,16.911975164756694,19.08533333333333,18.064333333333334,18.574833333333334,18.583000000000002,0.23999999999999844,19.374250000000004,17.79175,0,56.9406326945611,11.144042679312383,26.32507236397064,41.82798758203437,19.050153778454824,0.49881111566135133,31.245335679780204,209447303.0,4121169.82,0,-0.07299729520966955,68.0,60.0,8.0,18.583000000000002,18.574423720659443,17.796855206688615,-0.05679173963786288,0.5415485163734495,0.5983402560113124
1611723600,2021-01-27,18.5,18.84,18.19,18.19,5731775.0,18.631,20.195568950222373,17.066431049777627,19.163666666666664,18.112666666666666,18.638166666666667,18.631,0.6499999999999986,19.441,17.821,0,51.57402689838516,5.5716773070226395,21.83685661795309,33.18241919866142,19.055012933555457,0.5096103216855404,29.194013829453496,203715528.0,4138301.64,-1,-0.12552065983756386,64.0,60.0,4.0,18.631,18.537811937739498,17.812272649563575,-0.12269667578647758,0.44496941127821543,0.567666087064693
1611810000,2021-01-28,18.17,18.46,17.83,18.19,3481105.0,18.6885,20.091101511477852,17.28589848852215,19.2245,18.152499999999996,18.6885,18.6885,0.6300000000000026,19.51425,17.862750000000002,0,51.57402689838516,6.748826291079825,18.2429071947899,33.625870912121584,19.057523837973484,0.5182095844222877,27.711430700202943,207196633.0,4150898.84,0,-0.06801436318695028,60.0,56.0,4.0,18.6885,18.504686991288118,17.827085486835593,-0.16274795384012664,0.3642311447645348,0.5269790986046614
1611896400,2021-01-29,18.08,18.46,18.0,18.0,4314733.0,18.71,20.05537727050815,17.364622729491852,19.253333333333334,18.20133333333333,18.72733333333333,18.71,0.46000000000000085,19.52075,17.899250000000002,0,49.80918735361268,2.447353443369378,14.477588466151753,26.825143082824084,19.021170919151537,0.5140517569635529,26.334746365898855,202881900.0,4170011.72,0,-0.19395165085989027,56.00000000000001,52.00000000000001,4.0,18.71,18.456621563546392,17.83386644813616,-0.1962495263093006,0.2816671907180357,0.4779167170273363
1612155600,2021-02-01,18.05,18.52,17.96,18.36,3556226.0,18.741999999999997,20.020445931590366,17.46355406840963,19.296333333333333,18.21933333333333,18.757833333333334,18.741999999999997,0.5599999999999987,19.571499999999997,17.912499999999998,0,53.015833273705226,3.6117381489842018,12.610919230634849,24.862991933777366,18.987278783914658,0.517333774323299,24.899525389168225,206438126.0,4181857.06,0,-0.2330234124963027,52.0,48.0,4.0,18.741999999999997,18.447419509875306,17.854499136444545,-0.18834265495207675,0.24248839833724034,0.4308310532893171
1612242000,2021-02-02,18.54,19.03,18.45,18.77,4802045.0,18.816,19.907336794944612,17.724663205055386,19.365,18.281,18.823,18.816,0.6700000000000017,19.6575,17.9745,0,56.358436527728884,8.559861191440142,12.490127257297882,25.173664309725737,18.942891509944715,0.5282385047287778,23.862012478990376,211240171.0,4201968.96,0,-0.2486036517140719,48.0,40.0,8.0,18.816,18.47814146131575,17.89040113109378,-0.15127611028204324,0.2417359154367631,0.39301202571880633
1612328400,2021-02-03,18.6,19.59,18.52,19.2,8302372.0,18.8825,19.894347320498504,17.870652679501497,19.445833333333333,18.337833333333332,18.89183333333333,18.8825,1.0700000000000003,19.742,18.023,0,59.53646726379059,7.442641298265238,13.827579056434312,30.503631196150465,18.930164252533764,0.566935754391008,23.897782652419018,219542543.0,4308986.42,1,-0.2136155158150457,44.0,40.0,4.0,18.8825,18.546889893571393,17.94175794948226,-0.0962547946857562,0.2726935323616111,0.3689483270473673
1612414800,2021-02-04,19.24,19.32,18.8,19.01,4691997.0,18.9185,19.894046513498978,17.942953486501025,19.464499999999997,18.3845,18.924500000000002,18.9185,0.5199999999999996,19.74425,18.092750000000002,0,57.58601051418591,3.9365773646801667,14.057943888616098,30.815768502826884,18.902290621076308,0.5635832005059359,23.9309978134599,214850546.0,4355961.18,0,-0.15978211499834938,40.0,28.0,12.0,18.9185,18.590995617993165,17.983649794600602,-0.07221165221609793,0.27868376177724485,0.3508954139933428
1612501200,2021-02-05,19.16,19.17,18.86,18.97,3135546.0,18.957500000000003,19.874012411263497,18.04098758873651,19.49283333333333,18.425833333333337,18.959333333333333,18.957500000000003,0.3100000000000023,19.773500000000002,18.141500000000004,0,57.17094996441012,4.288070368334236,14.066584440541172,31.405081466206354,18.877306848464467,0.5454701147555121,23.961840462997863,211715000.0,4375793.38,0,-0.1903838550423707,36.0,28.0,8.0,18.957500000000003,18.627091273422387,18.02233019481234,-0.05910817523797268,0.277010194945877,0.33611837018384966
1612760400,2021-02-08,19.02,19.26,18.79,18.97,3931361.0,18.96,19.87636237373652,18.043637626263482,19.495333333333335,18.45133333333333,18.973333333333333,18.96,0.4700000000000024,19.752000000000002,18.168,0,57.17094996441012,0.26427061310780736,14.073620985734712,30.921955239793064,18.841181137410054,0.5400793922729756,24.154597992428098,215646361.0,4381794.14,0,-0.21098710329021683,32.0,28.0,4.0,18.96,18.65974924738216,18.059493716584406,-0.05086094852863349,0.2725421845230578,0.32340313305169127
1612846800,2021-02-09,19.04,19.35,18.91,19.23,3029295.0,18.9675,19.890102297851044,18.04489770214896,19.497166666666665,18.473166666666668,18.985166666666665,18.9675,0.4400000000000013,19.744500000000002,18.1905,0,59.284536316428685,0.7861635220125899,14.969513123246045,36.93879519775979,18.809357007046064,0.5329308642534775,24.499531849074238,218675656.0,4390750.26,0,-0.14962970682796417,28.000000000000004,24.000000000000004,4.0,18.9675,18.714058842869573,18.105395923777174,-0.029381343676166682,0.28667645345648296,0.31605779713264964
1612933200,2021-02-10,19.41,19.46,19.0,19.34,2432285.0,18.963,19.877376290156317,18.048623709843685,19.491333333333333,18.468333333333334,18.979833333333335,18.963,0.46000000000000085,19.737000000000002,18.189,0,60.16011535978864,-0.4632012352032932,16.084197220981647,42.61019086766549,18.802448294687824,0.5277215168068006,25.022865657542656,221107941.0,4409019.72,0,-0.13171704972055184,24.0,-44.0,68.0,18.963,18.7736722864058,18.15381176990356,-0.010239620484258638,0.30325827152732643,0.31349789201158507
1613019600,2021-02-11,19.37,19.5,19.24,19.4,4157278.0,18.9505,19.833256478310993,18.06774352168901,19.469833333333334,18.467833333333335,18.968833333333333,18.9505,0.26000000000000156,19.708750000000002,18.19225,0,60.64602944655038,-1.272264631043257,17.215651860625282,49.66882303020996,18.820760741353013,0.5085985513206006,25.58396936785983,225265219.0,4372605.6,0,-0.16981402682311655,20.0,-44.0,64.0,18.9505,18.833322544843345,18.20268189657401,0.0032657779906495876,0.3175801144998971,0.3143143365092475
1613106000,2021-02-12,19.45,19.48,19.12,19.23,2521965.0,18.950499999999998,19.83325647831099,18.067743521689007,19.455166666666667,18.47116666666667,18.963166666666666,18.950499999999998,0.35999999999999943,19.695249999999998,18.20575,0,58.51739792394493,0.0,17.30542658070663,52.243884524255826,18.824027989168908,0.4979843690834148,25.654234214519906,222743254.0,4361819.44,0,-0.1002094176440103,16.0,-44.0,60.0,18.950499999999998,18.87110135009636,18.242968881022087,-0.002155044024672037,0.3116205314784075,0.31377557550307955
1613451600,2021-02-16,19.83,19.94,19.57,19.75,6876159.0,18.9685,19.8997201673074,18.037279832692597,19.472833333333334,18.49283333333333,18.982833333333335,18.9685,0.7100000000000009,19.73575,18.201249999999998,0,62.72945874400969,1.856627127385247,19.227276307555364,61.48309979726186,18.93355549934036,0.5131283427203138,26.579261896523935,229619413.0,4458599.34,0,-0.09313539909260675,100.0,43.99999999999999,56.00000000000001,18.9685,18.954805983420517,18.302068140589846,0.024884813881524748,0.34488159285498554,0.3199967789734608
1613538000,2021-02-17,19.8,20.1,19.57,19.84,4713994.0,18.982,19.954617088067053,18.009382911932946,19.49666666666667,18.496666666666666,18.996666666666666,18.982,0.5300000000000011,19.76425,18.199749999999998,0,63.406397485910894,1.379662749105772,21.097598422300955,70.31490996212736,19.05495184002912,0.5143334610974344,27.691906528148646,234333407.0,4496089.18,0,0.002382106021589891,100.0,48.0,52.0,18.982,19.039110175475706,18.362379193900047,0.043354610095847124,0.37419004159326974,0.3308354314974226
1613624400,2021-02-18,19.96,21.0,19.85,20.87,9461551.0,19.060000000000002,20.33005511691425,17.789944883085756,19.59,18.521,19.055500000000002,19.060000000000002,1.1600000000000001,19.894750000000002,18.225250000000003,0,69.97580437055049,8.078715691351643,26.024769624879685,78.34140586132837,19.320119623165326,0.5604524995904748,29.797235042351623,243794958.0,4633879.54,1,0.10569168932539941,100.0,52.0,48.0,19.060000000000002,19.213480634954212,18.4607172647275,0.11537443049640539,0.4750534696179294,0.359679039121524
1613710800,2021-02-19,20.95,21.04,20.55,20.65,5896516.0,19.1375,20.584674833943737,17.69032516605626,19.673833333333334,18.600833333333334,19.137333333333334,19.1375,0.48999999999999844,19.97525,18.29975,0,67.26095417890865,8.115183246073283,28.612236467116198,85.00882539154185,19.51929470259513,0.5554201781911551,31.78971718971628,237898442.0,4649999.64,0,0.11543529242944221,96.0,52.0,44.0,19.1375,19.35029200305381,18.546571489640147,0.13714792919099328,0.5311139506102656,0.3939660214192723
1613970000,2021-02-22,20.73,20.94,20.48,20.78,6348198.0,19.2145,20.829448605993427,17.599551394006575,19.750166666666665,18.688166666666667,19.219166666666666,19.2145,0.46000000000000085,20.044,18.385,0,68.03239937238467,8.004158004158018,30.99862620955892,76.22238552354314,19.691614372679787,0.5486044511775012,33.38534286701158,244246640.0,4700947.82,0,0.1166539355955083,92.0,52.0,40.0,19.2145,19.486454669429637,18.634156921418967,0.14831019855610217,0.5793537696144,0.4310435710582978
1614056400,2021-02-23,20.78,21.16,20.24,21.07,6787429.0,19.3285,21.119759612674876,17.53724038732512,19.857166666666668,18.764166666666668,19.310666666666666,19.3285,0.9200000000000017,20.18125,18.475749999999998,0,69.7084663227602,12.134113890367223,33.68811112149385,77.07201747478578,19.8604319279435,0.5751327046648227,34.0191498680101,251034069.0,4774792.98,0,0.18210355463679692,100.0,64.0,36.0,19.3285,19.63726851043634,18.72968017940254,0.1621092076145192,0.6336800805764469,0.4715708729619277
1614142800,2021-02-24,21.24,21.81,21.1,21.48,6147639.0,19.464999999999996,21.46323422050574,17.466765779494253,20.016000000000002,18.875999999999998,19.445999999999998,19.464999999999996,0.7399999999999984,20.355249999999998,18.574749999999995,0,71.9009445838183,14.560000000000004,36.88989127471651,76.6382797725794,20.090568734019566,0.5869089400459065,35.36418018948863,257181708.0,4815143.02,0,0.1617865136888789,100.0,68.0,32.0,19.464999999999996,19.81276674753764,18.837535858641658,0.18412614715658915,0.7017285569076641,0.517602409751075
1614229200,2021-02-25,21.4,21.64,20.49,20.52,7549025.0,19.5815,21.54010435004118,17.622895649958817,20.164833333333334,18.974833333333333,19.569833333333335,19.5815,1.1500000000000021,20.509249999999998,18.65375,0,61.016099634646736,12.809235843870248,34.12563577687223,73.09512667226475,20.239883541286236,0.6271297300426276,34.90576054493185,249632683.0,4872302.1,0,0.06978423745463104,96.0,68.0,28.000000000000004,19.5815,19.8801222953912,18.90351484457728,0.12228990180152188,0.6704647870029774,0.5481748852014555
1614315600,2021-02-26,16.82,17.31,15.43,15.55,30805162.0,19.4495,22.02433572291519,16.87466427708481,20.124166666666667,18.809166666666666,19.466666666666665,19.4495,5.09,20.711750000000002,18.18725,0,33.43364444986351,-14.51346893897746,10.728037346562225,56.429678389357115,19.010523421435447,0.9459061778967256,35.712868767595964,218827521.0,5382310.24,-1,-0.20732449708191247,92.0,-8.0,100.0,19.4495,19.467729695830133,18.772004458515426,-0.24504989251160858,0.24186251956194482,0.4869124120735534
1614574800,2021-03-01,16.24,16.5,15.66,15.69,21719131.0,19.334,22.33116132365279,16.33683867634721,20.032999999999998,18.68,19.3565,19.334,0.9499999999999993,20.633,18.035,0,34.31410247996209,-12.833333333333336,-2.386762508074266,45.9942716772108,18.449449547231204,0.9461985937612452,36.46232640292693,240546652.0,5709796.86,0,-0.33869125716148757,88.0,-8.0,96.0,19.334,19.107945915274883,18.651141538573647,-0.4579500533244578,-0.08552515458201881,0.372424898742439
1614661200,2021-03-02,15.78,15.78,15.04,15.05,13650618.0,19.1685,22.683355758064632,15.653644241935371,19.892500000000002,18.5215,19.207,19.1685,0.7400000000000002,20.481,17.856,0,32.26078038647198,-18.028322440087138,-12.345111552323822,40.54249237002712,18.098538617335162,0.931470122778299,37.45214810638007,226896034.0,5892105.44,0,-0.42439317706830615,84.0,-16.0,100.0,19.1685,18.721474875724894,18.509920301766837,-0.611623882594064,-0.39210495450014093,0.21951892809392304
1614747600,2021-03-03,14.96,15.13,14.6,14.81,12449671.0,18.970499999999998,22.966114971440568,14.974885028559429,19.694833333333335,18.328833333333332,19.011833333333332,18.970499999999998,0.5300000000000011,20.272499999999997,17.668499999999998,0,31.516343433355658,-21.097496004262116,-19.571147266315695,36.387099139033715,17.787030093094018,0.9027936854369919,38.56724794420326,214446363.0,6033945.94,0,-0.4207684011611394,80.0,-20.0,100.0,18.970499999999998,18.348953458989193,18.36482538797206,-0.6931988785185188,-0.6469796700542254,0.04621920846429334
1614834000,2021-03-04,15.01,15.84,14.85,15.77,11922448.0,18.799,23.02811290934635,14.569887090653648,19.51,18.152,18.831,18.799,1.0299999999999994,20.098,17.5,0,37.581000439285134,-17.864583333333332,-21.973596273841434,38.95511133423212,17.55517107627632,0.911879850762921,38.645304260226546,226368811.0,6114897.3,0,-0.3353448140227811,76.0,-20.0,96.0,18.799,18.103338843847364,18.263067529620216,-0.6471462893610406,-0.7627136532370073,-0.1155673638759668
1614920400,2021-03-05,16.1,16.31,15.61,16.06,8015200.0,18.651500000000002,23.043525842364765,14.259474157635239,19.366500000000002,17.990499999999997,18.6785,18.651500000000002,0.6999999999999993,19.964000000000002,17.339000000000002,0,39.29053876458326,-15.518148342977394,-22.90983036567176,42.61230001096583,17.44449961668997,0.8967455757084266,38.13162529415663,234384011.0,6114271.68,0,-0.3017826689187867,72.0,-20.0,92.0,18.651500000000002,17.90873514443333,18.17667272453707,-0.5647962127134841,-0.821562629767822,-0.2567664170543379
1615179600,2021-03-08,16.32,17.28,16.26,17.02,8239870.0,18.554,22.99966485466458,14.108335145335415,19.294666666666668,17.847666666666665,18.571166666666667,18.554,1.2200000000000024,19.93475,17.173249999999996,0,44.57963033455703,-10.279388508170793,-21.09239637642297,42.677919306104016,17.309521281080208,0.9198351774435392,36.57004146294021,242623881.0,6165919.36,0,-0.2716177774597518,68.0,-20.0,88.0,18.554,17.824093702106346,18.131313009849343,-0.41996738162811664,-0.7817256440894838,-0.3617582624613671
1615266000,2021-03-09,17.13,17.45,16.71,16.81,8597999.0,18.446,22.950550588016505,13.941449411983498,19.20733333333333,17.733333333333334,18.470333333333336,18.446,0.7399999999999984,19.847,17.045,0,43.70291308753611,-11.386399578281498,-20.08915544485349,43.78859153277102,17.216494126269755,0.9069898076261433,34.94280250852071,234025882.0,6241795.68,0,-0.3053012508426789,64.0,-20.0,84.0,18.446,17.72751334952479,18.079496813384665,-0.31727972037280755,-0.7583579129273765,-0.441078192554569
1615352400,2021-03-10,16.79,17.64,16.79,17.6,7406801.0,18.3645,22.86834491296046,13.860655087039541,19.136833333333335,17.621833333333335,18.37933333333333,18.3645,0.8500000000000014,19.79625,16.93275,0,47.77038100721697,-8.476339053562137,-17.421902520272383,42.382816399986694,17.01833106014685,0.902919107081419,33.22829388739355,241432683.0,6357680.8,0,-0.3132739870193095,60.0,-20.0,80.0,18.3645,17.71536922099862,18.060693016781347,-0.18184757636368387,-0.6683876630091738,-0.48654008664549
1615438800,2021-03-11,17.58,17.69,16.5,16.96,8953647.0,18.2455,22.765696787751587,13.725303212248413,19.0625,17.4745,18.2685,18.2455,1.1900000000000013,19.732,16.759,0,44.997953173728355,-12.306101344364007,-16.448746357794256,37.33343456076992,16.88149866391402,0.923424885147032,31.887708091955798,232479036.0,6483772.08,0,-0.29804004150390867,56.00000000000001,-19.999999999999993,76.0,18.2455,17.64342929518923,18.017528584750703,-0.1238361935592256,-0.641335328594522,-0.5174991350352964
1615525200,2021-03-12,17.0,17.14,16.36,16.59,13173069.0,18.104999999999997,22.647552146095812,13.562447853904182,18.954333333333334,17.314333333333334,18.134333333333334,18.104999999999997,0.7800000000000011,19.630499999999998,16.579499999999996,0,43.46291718385814,-14.484536082474223,-16.306683647954596,36.14109381812645,16.718958546774054,0.9131802504936727,30.765913814941623,219305967.0,6695244.06,0,-0.3300941151386169,52.0,-20.0,72.0,18.104999999999997,17.5431026956474,17.961547071623226,-0.09987867956896057,-0.6423474844964971,-0.5424688049275366
1615780800,2021-03-15,16.59,16.8,16.42,16.76,8554472.0,17.9815,22.52929627951821,13.433703720481791,18.8245,17.182499999999997,18.0035,17.9815,0.379999999999999,19.5085,16.4545,0,44.3805648592443,-12.844513780551218,-15.81149880581984,31.017341871543323,16.549310828597573,0.8750959468869818,29.72424770057132,227860439.0,6793925.94,0,-0.31886481797793365,48.0,-20.0,68.0,17.9815,17.468521486538123,17.914427578618394,-0.0638321811139867,-0.62225903132002,-0.5584268502060333
1615867200,2021-03-16,16.64,16.64,16.29,16.47,6824504.0,17.817500000000003,22.334830517019938,13.300169482980067,18.659166666666668,17.019166666666667,17.839166666666664,17.817500000000003,0.4700000000000024,19.326500000000003,16.308500000000002,0,43.12371272165362,-16.607594936708868,-15.895607523566948,26.43532465622451,16.36598338090198,0.8461605221093403,28.884062116351338,221035935.0,6870508.56,0,-0.31899658163389577,44.0,-20.0,64.0,17.817500000000003,17.37342420210592,17.857783359849044,-0.05130879731555005,-0.6225628468504709,-0.5712540495349209
1615953600,2021-03-17,15.56,16.1,15.46,15.71,10857487.0,17.610999999999997,22.11720860591246,13.104791394087535,18.46066666666667,16.809666666666665,17.635166666666667,17.610999999999997,1.009999999999998,19.156,16.065999999999995,0,39.998850575279825,-20.81653225806451,-17.208340645413532,26.30673175344127,16.128107484213597,0.857863341958673,28.850171628330067,210178448.0,6996756.5,0,-0.2849049013157336,40.0,-20.0,60.0,17.610999999999997,17.215002849524403,17.773556561423593,-0.08406310140451356,-0.6763329262905629,-0.5922698248860493
1616040000,2021-03-18,15.6,15.72,15.24,15.26,8307938.0,17.330499999999997,21.68623403687592,12.974765963124074,18.168833333333332,16.584833333333332,17.376833333333334,17.330499999999997,0.4800000000000004,18.824499999999997,15.836499999999997,0,38.270414960823345,-26.880689985625306,-18.97468797755941,30.351082242183836,16.09430745995965,0.8308731032473392,28.99807701963109,201870510.0,7078464.82,0,-0.19849094961803979,36.0,-20.000000000000007,56.00000000000001,17.330499999999997,17.02881210195065,17.67498571587757,-0.12350447574666235,-0.7466504195693773,-0.6231459438227149
1616126400,2021-03-19,15.27,15.77,15.12,15.72,10142625.0,17.084,21.21247381001737,12.955526189982628,17.916333333333334,16.316333333333333,17.116333333333333,17.084,0.6500000000000004,18.59,15.578,0,41.01314250175476,-23.87409200968522,-19.30689493799097,40.10161718792166,16.075913762079836,0.8179535958725292,29.235036205972392,212013135.0,7159825.5,0,-0.005545228031775742,32.0,-20.0,52.0,17.084,16.904163330336303,17.598319609372567,-0.10671402839994237,-0.7565384793226428,-0.6498244509227005
1616385600,2021-03-22,15.6,15.76,15.11,15.18,7981190.0,16.804,20.641141644505613,12.966858355494383,17.656666666666666,16.037666666666663,16.847166666666666,16.804,0.6500000000000004,18.32425,15.283749999999998,0,38.87856531716599,-26.948989412897024,-20.427103818231103,41.73402884856977,16.113459744674376,0.805956910453063,29.46381351779852,204031945.0,7232185.36,0,0.04762561088462962,28.000000000000004,-19.999999999999996,48.0,16.804,16.7399572988757,17.503483546259915,-0.11913318856578325,-0.7987409366299296,-0.6796077480641464
1616472000,2021-03-23,15.26,15.54,15.11,15.18,7174583.0,16.5095,19.865756694592825,13.153243305407173,17.354833333333335,15.784833333333333,16.56983333333333,16.5095,0.4299999999999997,17.993,15.026,0,38.87856531716599,-27.954437588989084,-21.327971171343187,43.27123124073457,16.190886409210293,0.7791028454207013,29.67624959306564,211206528.0,7282723.66,0,0.03174356669576947,24.0,-20.0,44.0,16.5095,16.591389937078016,17.4123665444458,-0.11447626484233242,-0.822703079117062,-0.7082268142747296
1616558400,2021-03-24,15.14,15.62,15.09,15.29,6653363.0,16.2,18.69751076073739,13.702489239262608,17.03933333333333,15.487333333333334,16.263333333333332,16.2,0.5299999999999994,17.667749999999998,14.732249999999999,0,39.58824437207394,-28.817504655493487,-21.79376853633609,40.879783279613434,16.213142780776845,0.7613097850335083,29.717393033942397,217859891.0,7312968.48,0,-0.06505389081790512,20.0,-20.0,40.0,16.2,16.46744803830868,17.329136483879296,-0.09207964860889284,-0.8233263750358457,-0.7312467264269529
1616644800,2021-03-25,15.34,15.7,15.1,15.5,6860418.0,15.948999999999998,17.48232188401489,14.415678115985104,16.739333333333335,15.242333333333331,15.990833333333333,15.948999999999998,0.5999999999999996,17.3755,14.522499999999997,0,40.96569458412027,-24.463937621832358,-21.647159699719197,40.19903137949294,16.183174827536394,0.7497876575311148,29.593132027794756,224720309.0,7362388.52,0,-0.06570849314367758,16.0,-20.0,36.0,15.948999999999998,16.37531012989833,17.257405641374227,-0.053146569890012096,-0.797679938789468,-0.7445333688994559
1616731200,2021-03-26,15.52,15.62,15.09,15.33,4943681.0,15.937999999999999,17.485702813849926,14.390297186150072,16.634333333333334,15.272333333333332,15.953333333333333,15.937999999999999,0.5299999999999994,17.0225,14.853499999999999,0,40.184923676923184,-1.41479099678457,-21.809233399441467,34.14200075810281,16.100229701066343,0.7340885391360351,29.489811548272797,219776628.0,7394072.34,0,-0.10626550167487128,12.0,-20.0,32.0,15.937999999999999,16.275756784193728,17.181821106418376,-0.030019273637568955,-0.782057460946417,-0.7520381873088481
1616990400,2021-03-29,15.3,16.12,15.24,16.01,6874097.0,15.953999999999999,17.49772795530786,14.410272044692139,16.628333333333337,15.262333333333334,15.945333333333334,15.953999999999999,0.8800000000000008,17.03325,14.874749999999999,0,44.62843682673301,2.0395156150414406,-20.146963066556083,32.79626094641915,16.014945293192234,0.7445107863406041,28.367588755415262,226650725.0,7425786.98,0,-0.008219949653109676,8.0,-20.000000000000004,28.000000000000004,15.953999999999999,16.250446614270516,17.135867337539224,0.03630232753011453,-0.706660277896205,-0.7429626054263195
1617076800,2021-03-30,16.01,16.2,15.86,16.19,4780603.0,16.011000000000003,17.50022664493992,14.521773355060084,16.648,15.322,15.985,16.011000000000003,0.33999999999999986,17.060250000000003,14.961750000000002,0,45.75134633692094,7.5747508305647875,-18.300858675663836,30.855182825808058,15.930077096633735,0.7156171587448467,27.17149131387894,231431328.0,7434866.56,0,-0.02813298569880148,4.0,-20.0,24.0,16.011000000000003,16.2446897938638,17.098774500772983,0.09422902202498762,-0.625176327895085,-0.7194053499200727
1617163200,2021-03-31,16.24,16.31,16.06,16.07,5543284.0,16.074,17.45752303920066,14.690476960799344,16.699,15.401,16.05,16.074,0.25,17.10225,15.045750000000002,0,45.1093833313685,8.507765023632679,-16.99291777101465,37.183400301884596,15.848852562569238,0.6823587902630719,25.84317303497096,225888044.0,7460284.28,0,-0.057250745644272086,4.0,-16.0,20.0,16.074,16.228052670638675,17.058430402703454,0.12449727246190267,-0.5637837593426944,-0.6882810318045971
1617249600,2021-04-01,16.04,16.12,15.77,16.11,3408721.0,16.091,17.467501362149356,14.714498637850646,16.692666666666664,15.458666666666664,16.075666666666667,16.091,0.3500000000000014,17.068250000000003,15.113750000000001,0,45.37830539343617,2.155992390615091,-15.787938448833689,41.13378414898257,15.741144332510075,0.6586188766728526,25.079472488178258,229296765.0,7419700.82,0,0.02423246089880349,36.0,20.0,16.0,16.091,16.21680955914928,17.02123705357783,0.14577010603625318,-0.5060683992592807,-0.6518385052955339
1617595200,2021-04-05,16.27,16.35,15.91,16.07,3926144.0,16.0915,17.46796322144801,14.71503677855199,16.685499999999998,15.477500000000001,16.0815,16.0915,0.4400000000000013,17.04925,15.13375,0,45.1454860550616,0.06226650062267474,-14.850543924469854,47.62086707326362,15.673131633665163,0.6430032426247917,23.894241957043455,225370621.0,7395931.12,0,-0.05756911640531005,32.0,20.0,12.0,16.0915,16.20282769637316,16.983933639712035,0.1548519768403429,-0.4582735342451052,-0.6131255110854481
1617681600,2021-04-06,15.91,16.36,15.88,16.25,5611702.0,16.053,17.36499237802627,14.741007621973734,16.624,15.469999999999999,16.047,16.053,0.47999999999999865,16.95525,15.15075,0,46.44698439031669,-4.524089306698,-13.53309806857014,54.559526292943914,15.64450010502959,0.631360153865878,22.846388709070247,230982323.0,7421366.42,0,-0.027752953269133098,28.000000000000004,20.000000000000004,8.0,16.053,16.20732029671857,16.95515192835078,0.16950364874493162,-0.40124595015428355,-0.5707495988992152
1617768000,2021-04-07,16.22,16.3,16.0,16.08,3415182.0,16.0165,17.282016100252783,14.750983899747219,16.558833333333332,15.448833333333331,16.003833333333333,16.0165,0.3000000000000007,16.88575,15.14725,0,45.37665720569339,-4.34265318262939,-12.796431586043303,59.282802694690375,15.649508536385868,0.6076915714468868,21.87338212166655,227567141.0,7378513.38,0,-0.02104010539124858,24.0,20.0,4.0,16.0165,16.195194554173945,16.920832244886043,0.16415578378362128,-0.3655548691696886,-0.5297106529533099
1617854400,2021-04-08,16.11,16.18,15.95,16.0,3079922.0,15.9365,16.973076577006726,14.899923422993274,16.462833333333332,15.41483333333333,15.938833333333331,15.9365,0.23000000000000043,16.75925,15.11375,0,44.864527937518595,-9.090909090909099,-12.357433340094168,62.976186847557926,15.689690689005888,0.5807136020578234,21.06940324609084,224487219.0,7354840.52,0,0.05066521731792695,20.0,-32.0,52.0,15.9365,16.176604596633567,16.88472117645914,0.15192238599542607,-0.3398076704590274,-0.49173005645445345
1617940800,2021-04-09,15.94,16.04,15.68,15.91,4878937.0,15.884,16.80817314395029,14.959826856049709,16.362666666666666,15.39766666666667,15.880166666666664,15.884,0.35999999999999943,16.6445,15.1235,0,44.272812195406466,-6.1910377358490605,-12.204380258785713,53.90745700650924,15.722490494208266,0.5649483447679788,20.84605303619665,219608282.0,7337783.76,0,-0.04197561490427661,16.0,-32.0,48.0,15.884,16.151213682668466,16.846496816598002,0.13503012606646753,-0.3229423988713691,-0.45797252493783663
1618200000,2021-04-12,15.89,16.01,15.56,15.6,4964537.0,15.8345,16.706703531292412,14.96229646870759,16.2975,15.3655,15.8315,15.8345,0.45000000000000107,16.57025,15.09875,0,42.252324514812855,-5.967450271247741,-12.871541799875638,56.015382416702096,15.763773091869217,0.5567377487131233,20.859878695859123,214643745.0,7367452.4,0,-0.013499139863584633,12.0,-32.0,44.0,15.8345,16.098717141461943,16.79761458849612,0.10175565477247062,-0.3307779564722484,-0.432533611244719
1618286400,2021-04-13,15.59,16.04,15.46,15.95,4713157.0,15.794000000000002,16.559203240975194,15.02879675902481,16.26533333333333,15.313333333333333,15.789333333333332,15.794000000000002,0.5799999999999983,16.54475,15.043250000000002,0,45.223291171461874,-4.832935560859202,-12.241879992050636,64.56395568462084,15.81752585187519,0.5583993380907573,21.0574974565942,219356902.0,7375420.88,0,0.10215720967591685,8.0,-32.0,40.0,15.794000000000002,16.084553604179852,16.76437480071196,0.10184516993910997,-0.3052271488208316,-0.40707231875994154
1618372800,2021-04-14,16.13,16.2,15.92,16.02,3580324.0,15.7715,16.480253130503797,15.062746869496204,16.240833333333335,15.295833333333334,15.768333333333334,15.7715,0.27999999999999936,16.508,15.035,1,45.810222148700404,-2.732240437158466,-11.465559400997197,63.070136644522,15.878232729393131,0.5385136710842745,20.769139901405232,222937226.0,7375902.84,0,0.11601918788710887,4.0,-32.0,36.0,15.7715,16.07840564187701,16.73518363205659,0.10474082130609985,-0.2761462921273168,-0.38088711343341664
1618459200,2021-04-15,16.02,16.29,16.02,16.29,3589293.0,15.8005,16.54345289218021,15.057547107819788,16.2445,15.336500000000001,15.7905,15.8005,0.2699999999999996,16.4815,15.119499999999999,0,48.06943058013386,3.6919159770846486,-9.842266500506197,61.323883883547055,15.944685746000163,0.5193341231496834,20.23929803470761,226526519.0,7351647.8,0,0.1425870494920312,4.0,-28.0,32.0,15.8005,16.09855748550777,16.717725450407315,0.12176831689496609,-0.22867671731470907,-0.35044503420967515
1618545600,2021-04-16,16.32,16.37,16.11,16.18,4379843.0,15.8465,16.563361911388068,15.129638088611934,16.274166666666666,15.388166666666667,15.831166666666666,15.8465,0.26000000000000156,16.511,15.182,0,47.22509119002949,6.028833551769331,-8.805369204520536,68.69000227491607,16.01102090071041,0.5008102572104204,19.511368562737946,222146676.0,7273197.22,0,0.11908449996160525,8.0,-20.000000000000004,28.000000000000004,15.8465,16.10631391545941,16.69663817784232,0.1222325223313031,-0.19765438129554624,-0.31988690362684935
1618804800,2021-04-19,16.36,16.36,16.23,16.23,47007.0,15.872,16.605146642902334,15.138853357097666,16.285,15.450999999999999,15.868,15.872,0.17999999999999972,16.50125,15.24275,0,47.66493105318319,3.244274809160304,-7.740062621643419,64.9273752260764,16.038411573888087,0.47789523883824747,18.83543405305183,222193683.0,7180297.42,0,0.04058513203764916,4.0,-20.0,24.0,15.872,16.118093542558512,16.67833864145635,0.12222307753558903,-0.16710805670736306,-0.2893311342429521
1618891200,2021-04-20,16.21,16.41,16.1,16.19,4265153.0,15.9225,16.59462722009972,15.25037277990028,16.312166666666666,15.512166666666667,15.912166666666668,15.9225,0.3099999999999987,16.52625,15.31875,0,47.33273453741544,6.6534914361001425,-6.963869427878754,56.839075597976155,16.04954121914894,0.46590272177837255,18.542265348654855,217928530.0,7202889.56,0,-0.07253258178024559,4.0,-16.0,20.0,15.9225,16.124941776600558,16.65918810649728,0.11589509220187216,-0.14446226899061188,-0.26035736119248404
1618977600,2021-04-21,16.13,16.28,16.04,16.14,4720052.0,15.970499999999998,16.555084467805116,15.385915532194879,16.3465,15.5655,15.956,15.970499999999998,0.240000000000002,16.56,15.380999999999997,1,46.90262442265728,6.324110671936764,-6.47179829254787,47.48128850414424,16.048652802399648,0.4497668130799175,18.42366005916389,213208478.0,7218663.38,0,0.005397737576493291,84.0,68.0,16.0,15.970499999999998,16.12637589311479,16.638827788595425,0.10503616652062903,-0.12906215304169777,-0.2340983195623268
1619064000,2021-04-22,16.21,16.35,15.82,15.83,5492237.0,15.997500000000002,16.497654975981447,15.497345024018555,16.379833333333334,15.598833333333332,15.989333333333331,15.997500000000002,0.5300000000000011,16.587000000000003,15.408000000000001,1,44.27681891012757,3.5317200784826746,-7.171792567933028,45.74050071764249,16.046863839308166,0.4554977550027806,18.851280203747535,207716241.0,7267922.22,0,-0.14479008158265924,80.0,68.0,12.0,15.997500000000002,16.09814961758005,16.60710905178776,0.07507458677346973,-0.14025508609548965,-0.21532967286895938
1619150400,2021-04-23,15.83,15.93,15.66,15.9,3435786.0,16.017500000000002,16.465780046398464,15.56921995360154,16.383166666666664,15.635166666666667,16.009166666666665,16.017500000000002,0.2699999999999996,16.582250000000002,15.452750000000002,1,45.00858627511355,2.580645161290325,-7.465195778138201,39.16607078841783,16.029186715634797,0.44224791535972485,19.60601245225968,211152027.0,7287992.24,0,-0.07941994038010255,76.0,68.0,8.0,16.017500000000002,16.07927822542957,16.579379285050987,0.05879007113863541,-0.1418420839456651,-0.20063215508430052
1619409600,2021-04-26,15.3,15.83,15.11,15.5,9146614.0,16.026,16.425619819327082,15.626380180672918,16.39933333333333,15.632333333333335,16.015833333333333,16.026,0.7900000000000009,16.61025,15.441749999999999,1,41.713603204164315,1.108936725375081,-9.229934648971826,27.536269045000793,15.932449503063046,0.4670873499768874,21.2996795467247,202005413.0,7387778.96,0,-0.11286118965372513,72.0,68.0,4.0,16.026,16.02410887062675,16.537050685637222,0.021803439080674197,-0.1733778562334578,-0.195181295314132
1619496000,2021-04-27,15.45,15.51,15.21,15.31,5865456.0,15.991,16.498223816474543,15.483776183525457,16.348,15.639,15.993500000000001,15.991,0.29999999999999893,16.53175,15.450249999999999,1,40.240637378104,-4.372267332916933,-11.41731125351946,26.56125854919388,15.866187704703764,0.4551525392642525,22.872370420156503,196139957.0,7454648.78,0,-0.11422640615431262,68.0,64.0,4.0,15.991,15.956098501995632,16.488931050906352,-0.012867963161009827,-0.21126624926539428,-0.19839828610438445
1619582400,2021-04-28,15.23,15.34,15.2,15.26,5188362.0,15.9445,16.53405830924429,15.354941690755709,16.297166666666666,15.608166666666666,15.952666666666667,15.9445,0.14000000000000057,16.47025,15.41875,0,39.850834373559806,-5.744286596664617,-13.428578726180795,25.78229169267601,15.809297844307002,0.43264164360252017,24.349469544299897,190951595.0,7420892.84,0,-0.09492450779771125,64.0,-36.0,100.0,15.9445,15.889803406567475,16.440737676361007,-0.03530689038458182,-0.24253189908511175,-0.20722500870052993
1619668800,2021-04-29,15.35,15.74,15.31,15.51,6565981.0,15.9165,16.532171178470275,15.300828821529722,16.27483333333333,15.567833333333335,15.921333333333333,15.9165,0.4800000000000004,16.4595,15.373499999999998,0,42.76866837811278,-3.4847542003733696,-13.850524581533556,34.97078241742322,15.775513402446961,0.4360243833451973,24.170649402280212,197517576.0,7457932.58,0,-0.11999069206589268,60.0,-36.0,96.0,15.9165,15.853631653561049,16.40423815964097,-0.029676682915259822,-0.2443208623446047,-0.21464417942934488
1619755200,2021-04-30,15.44,15.52,15.23,15.33,4490262.0,15.877500000000001,16.53649544763145,15.218504552368556,16.239833333333333,15.538833333333335,15.889333333333335,15.877500000000001,0.28999999999999915,16.416,15.339,0,41.25201939460013,-4.841713221601486,-14.898331618308298,35.278953248952945,15.750975745696309,0.42559407024911167,24.180672490971666,193027314.0,7358506.8,0,-0.07980233712010916,56.00000000000001,-35.99999999999999,92.0,15.877500000000001,15.80376197226952,16.36211117298838,-0.034122386667208876,-0.257297162763356,-0.22317477609614714
1620014400,2021-05-03,15.37,15.51,15.27,15.27,4048140.0,15.8375,16.54054694011066,15.134453059889342,16.19183333333333,15.510833333333334,15.851333333333335,15.8375,0.2400000000000002,16.361,15.314,0,40.74504123385723,-4.97822028624767,-16.003412970038454,28.392591227116156,15.721154991374615,0.4123373509456037,24.18997964475659,188979174.0,7321539.28,0,-0.1932285284817792,52.0,-36.0,88.0,15.8375,15.752927498720041,16.319283283851583,-0.0369145337533755,-0.2693179432878665,-0.232403409534491
1620100800,2021-05-04,15.32,15.32,14.81,14.81,8261555.0,15.7655,16.572134365743825,14.958865634256176,16.134166666666665,15.450166666666666,15.792166666666665,15.7655,0.5099999999999998,16.291249999999998,15.239749999999999,0,37.06855710358678,-8.861538461538458,-18.715334482189306,21.364056850912306,15.616277629349018,0.41931325444948914,25.138132184207507,180717619.0,7359806.42,0,-0.2843716376415333,48.0,-52.0,100.0,15.7655,15.663124879794323,16.2600957040927,-0.0639668244296831,-0.3123619400715949,-0.2483951156419118
1620187200,2021-05-05,14.83,14.91,14.27,14.78,17079630.0,15.7005,16.59951001106713,14.801489988932868,16.0775,15.3595,15.7185,15.7005,0.6400000000000006,16.25175,15.14925,0,36.84035400006229,-8.084577114427855,-21.038682630660073,13.598807029260442,15.392843972133896,0.4350765934173828,26.82313682648478,163637989.0,7565650.44,0,-0.15919393569583903,44.0,-56.0,100.0,15.7005,15.579017748385338,16.20205273530475,-0.07721938855853572,-0.34491935134008145,-0.26769996278154573
1620273600,2021-05-06,14.76,14.83,14.11,14.6,9773344.0,15.630500000000001,16.636928835039473,14.62407116496053,16.0255,15.258500000000002,15.642000000000001,15.630500000000001,0.7200000000000006,16.218500000000002,15.0425,0,35.461554003780094,-8.750000000000002,-23.62994636191039,7.615294824393544,15.254592877237698,0.4554282653161413,28.586832049661922,153864645.0,7638164.54,0,-0.0866733168492551,40.0,-60.0,100.0,15.630500000000001,15.48577796282483,16.13922713784182,-0.0905244810883657,-0.38085556414200283,-0.29033108305363714
1620360000,2021-05-07,14.6,14.6,14.06,14.59,11600173.0,15.564499999999999,16.658291113512487,14.470708886487511,15.961500000000001,15.176499999999999,15.569000000000003,15.564499999999999,0.5399999999999991,16.166,14.963,0,35.38410967127601,-8.296668761785043,-25.804309028763413,6.727824349830115,15.156847369131441,0.4614691035078454,30.28675767184112,142264472.0,7719187.5,0,0.035597868439340874,36.0,-64.0,100.0,15.564499999999999,15.400465775889131,16.078473132436258,-0.09210969601362096,-0.40546820307066334,-0.3133585070570424
1620619200,2021-05-10,14.76,14.95,14.54,14.55,4886254.0,15.512,16.691382889480288,14.332617110519712,15.907333333333332,15.126333333333331,15.516833333333334,15.512,0.41000000000000014,16.110500000000002,14.9135,0,35.061705022581435,-6.730769230769224,-27.7700939930165,11.44470403375746,15.088014848250225,0.45779273897157075,30.56713567634822,137378218.0,7200809.34,0,0.006942599802078808,32.0,-68.0,100.0,15.512,15.319469035328263,16.01853300959562,-0.08797061240770337,-0.4233217725666716,-0.3353511601589682
1620705600,2021-05-11,14.65,14.93,14.56,14.84,7649770.0,15.4565,16.65256479757531,14.260435202424693,15.844833333333336,15.084833333333332,15.464833333333335,15.4565,0.379999999999999,16.04,14.873,0,39.28365464263533,-6.959247648902818,-27.474443419587857,18.4479595735409,15.016408301869719,0.4522361147593156,30.827486680533383,145027988.0,6919422.12,0,0.05230821693521729,28.000000000000004,-68.0,96.0,15.4565,15.273805317677953,15.972316028827166,-0.05920029510254193,-0.40935152903714567,-0.35015123393460373
1620792000,2021-05-12,14.85,15.02,14.52,14.54,7849465.0,15.382499999999999,16.612603654168556,14.15239634583144,15.788166666666665,15.006166666666667,15.397166666666667,15.382499999999999,0.5,15.982499999999998,14.782499999999999,0,36.686386694913104,-9.238451935081152,-28.37808267583954,18.127636174245822,14.94140806589958,0.45564782084793587,30.73998868045516,137178523.0,6803399.06,0,0.03284665224846709,24.0,-76.0,100.0,15.382499999999999,15.20391909694672,15.916146772794729,-0.05401727747971263,-0.41767283078424455,-0.3636555533045319
1620878400,2021-05-13,14.61,14.86,14.49,14.6,7138112.0,15.298000000000002,16.498976269540254,14.09702373045975,15.715666666666667,14.923666666666668,15.319666666666667,15.298000000000002,0.3699999999999992,15.905500000000002,14.690500000000002,0,37.555557350890496,-10.374462860650704,-28.701085458753887,17.57006367628125,14.89454875394363,0.44953011935879755,30.719980717627212,144316635.0,6697167.88,0,-0.019075516005148566,20.0,-76.0,96.0,15.298000000000002,15.146402992475604,15.864533173861602,-0.040792549407848766,-0.4146462400643429,-0.37385369065649415
1620964800,2021-05-14,14.7,15.16,14.69,14.89,4340752.0,15.233500000000001,16.3751702676337,14.091829732366302,15.660833333333333,14.847833333333336,15.254333333333332,15.233500000000001,0.5600000000000005,15.863500000000002,14.6035,0,41.63221560935942,-7.972805933250922,-26.948350700833124,22.60231511146877,14.844200314769878,0.4574208251188835,29.620918716471294,148657387.0,6545533.96,0,-0.033400763456315936,16.0,-76.0,92.0,15.233500000000001,15.12198365985888,15.826316186651344,-0.008449657969059388,-0.38441576311781844,-0.37596610514875906
1621224000,2021-05-17,14.74,14.83,14.32,14.47,11607316.0,15.145500000000002,16.236563242896022,14.054436757103982,15.593166666666667,14.742166666666668,15.167666666666667,15.145500000000002,0.5700000000000003,15.804750000000002,14.486250000000002,0,37.86377156158309,-10.844115834873689,-27.204383409563942,21.512340031935494,14.785740470292442,0.465462194753249,29.407432955229755,137050071.0,6617376.28,-1,-0.0572292357185689,12.0,-88.0,100.0,15.145500000000002,15.059889977967558,15.773127316586587,-0.011110622756407895,-0.38985438359426894,-0.37874376083786104
1621310400,2021-05-18,14.46,14.85,14.36,14.68,9153425.0,15.070000000000002,16.06637342397254,14.073626576027465,15.522,14.653,15.0875,15.070000000000002,0.4900000000000002,15.742750000000003,14.397250000000001,0,40.689376469285435,-9.326744904261899,-25.97535022340359,28.747538444826617,14.751481166318937,0.46721489512801695,29.13947019913933,146203496.0,6635647.38,0,-0.024285830409631743,8.0,-88.0,96.0,15.070000000000002,15.023709980065885,15.730259578681231,0.00465861724411154,-0.3729204892827216,-0.37757910652683313
1621396800,2021-05-19,14.51,15.05,14.41,15.02,10174984.0,15.014000000000001,15.88102710453523,14.146972895464772,15.475666666666665,14.566666666666666,15.021166666666668,15.014000000000001,0.6400000000000006,15.716750000000001,14.311250000000001,0,44.95534564806424,-6.939281288723674,-22.747315306304365,30.755571802575304,14.715217266231756,0.4795566883331586,28.202655464706798,156378480.0,6667187.08,0,0.05844653153958072,4.0,-88.0,92.0,15.014000000000001,15.023356648631038,15.702406261870204,0.039438581300260456,-0.32828087990150756,-0.367719461201768
1621483200,2021-05-20,15.17,15.36,14.97,14.98,14483169.0,14.9715,15.753530050572694,14.189469949427307,15.42383333333333,14.528833333333335,14.976333333333335,14.9715,0.3899999999999988,15.66375,14.279250000000001,0,44.55845323299264,-5.369551484523055,-20.381154074629375,39.90685792402717,14.736505750753542,0.47315978202364717,26.392655066463213,141895311.0,6808714.44,-1,-0.04254025886958279,8.0,-80.0,88.0,14.9715,15.01922744399951,15.67407660454196,0.05997027495346041,-0.29275661750994253,-0.35272689246340294
1621569600,2021-05-21,15.06,15.27,15.01,15.16,7577868.0,14.9345,15.598411891743716,14.270588108256284,15.389166666666668,14.495166666666668,14.942166666666665,14.9345,0.28999999999999915,15.62825,14.24075,1,46.78393049479512,-4.654088050314466,-17.35228173027044,44.741496043556324,14.741253087183946,0.46007694045052944,24.711940410951314,149473179.0,6781198.86,0,-0.0017719664027908966,4.0,-80.0,84.0,14.9345,15.032634354094794,15.653916737697179,0.08439832509717438,-0.247228986091935,-0.3316273111891094
1621828800,2021-05-24,15.29,15.32,14.93,15.14,5291810.0,14.9165,15.536153935675966,14.296846064324033,15.355166666666667,14.494166666666667,14.924666666666667,14.9165,0.39000000000000057,15.58025,14.252749999999999,1,46.56531333985865,-2.3225806451612865,-15.01156567289231,45.77261117611472,14.741912107773572,0.4550714447040631,23.379106540246596,144181369.0,6623573.68,0,0.06559153272754151,4.0,-76.0,80.0,14.9165,15.042859653704815,15.633763140140427,0.09703208363174565,-0.21033720664942734,-0.307369290281173
1621915200,2021-05-25,15.04,15.16,14.7,14.71,9534077.0,14.886500000000002,15.484773348895558,14.288226651104445,15.338833333333332,14.461833333333335,14.900333333333332,14.886500000000002,0.46000000000000085,15.562250000000002,14.21075,1,42.111768148524455,-3.9190071848465036,-15.102165753017413,48.55463479554081,14.763446556125645,0.45542348436805863,22.76074951655446,134647292.0,6643165.78,0,-0.0894190189701303,4.0,-72.0,76.0,14.886500000000002,15.011158734304356,15.597537134644725,0.07522472826901361,-0.213338379944906,-0.2885631082139196
1622001600,2021-05-26,14.68,14.88,14.6,14.75,7019175.0,14.861,15.436461553884097,14.285538446115904,15.319666666666667,14.428666666666668,14.874166666666667,14.861,0.28000000000000114,15.54725,14.174750000000001,1,42.64886582706429,-3.342070773263432,-14.925688657140546,49.61955193378852,14.78291520117052,0.44289323548462595,22.43886158037889,141666467.0,6647059.2,0,-0.11709435979766761,8.0,-64.0,72.0,14.861,14.986286473894419,15.5643003842665,0.06279637717594694,-0.21006763674398599,-0.2728640139199329
1622088000,2021-05-27,14.76,14.83,14.46,14.6,13515923.0,14.8155,15.317753919844023,14.313246080155977,15.272166666666669,14.387166666666667,14.829666666666668,14.8155,0.3699999999999992,15.493500000000001,14.1375,1,41.142062023969736,-5.867182462927144,-15.478203934352372,48.76899040493707,14.801062915082445,0.4376865758071526,22.48316909646712,128150544.0,6700227.92,-1,-0.23549081426923815,4.0,-64.0,68.0,14.8155,14.949497285904474,15.526484682922716,0.044629637187433235,-0.21707696743564142,-0.26170660462307466
1622174400,2021-05-28,14.55,14.75,14.5,14.7,10973271.0,14.783999999999997,15.22898988752406,14.339010112475934,15.234666666666666,14.353666666666665,14.794166666666666,14.783999999999997,0.25,15.458999999999998,14.108999999999996,1,42.56603950735236,-4.109589041095896,-15.288443479286443,51.21006297994961,14.79262243051967,0.42428039182092736,22.524311789977617,139123815.0,6753534.58,0,-0.1352185644351897,16.0,-48.0,64.0,14.783999999999997,14.925735639627858,15.49407351888653,0.0396712127232513,-0.21211758871901054,-0.25178880144226184
1622520000,2021-06-01,14.81,15.02,14.71,14.95,10052502.0,14.768,15.162035531391108,14.373964468608893,15.215333333333334,14.327333333333332,14.771333333333335,14.768,0.3200000000000003,15.449000000000002,14.087,1,46.00381535621235,-2.0956123117223333,-13.537370135273072,52.14936139026729,14.80143633914129,0.4168317924051469,21.541191491520937,149176317.0,6751732.12,0,-0.12038468469977417,12.0,-48.0,60.0,14.768,14.928046531091871,15.472737302459608,0.052733664200137725,-0.18587172119208972,-0.23860538539222745
1622606400,2021-06-02,15.0,15.31,14.84,15.22,11969912.0,14.788499999999999,15.229057601226762,14.347942398773236,15.220500000000001,14.336500000000001,14.778500000000003,14.788499999999999,0.47000000000000064,15.4665,14.110499999999998,1,49.443999210766776,2.7683997299122223,-10.438024967343638,59.5964485502347,14.836831567527822,0.420629521519065,20.297171120977232,161146229.0,6831506.56,0,-0.006683142599682199,8.0,-48.00000000000001,56.00000000000001,14.788499999999999,14.955851623368835,15.462826035696487,0.07756265889212649,-0.14165206177706935,-0.21921472066919584
1622692800,2021-06-03,14.82,15.87,14.6,15.79,14951591.0,14.839000000000002,15.45906128729239,14.218938712707615,15.290333333333333,14.343333333333334,14.816833333333332,14.839000000000002,1.2699999999999996,15.564250000000001,14.113750000000003,1,55.714062297362766,6.833558863328822,-4.600387042157072,67.01129546146586,14.908308442966025,0.4812988414105604,20.495741441600938,176097820.0,6987046.72,0,0.10717718328406232,100.0,48.0,52.0,14.839000000000002,15.035294325905136,15.475656387237802,0.12743363614216707,-0.059922675491487,-0.18735631163365407
1622779200,2021-06-04,15.72,15.87,15.58,15.81,12441968.0,14.8995,15.639080286377826,14.159919713622173,15.33083333333333,14.426833333333335,14.878833333333333,14.8995,0.28999999999999915,15.5925,14.2065,0,55.91599736905395,8.287671232876718,0.019971132239431033,68.95484500247113,14.978844060336879,0.4676346384526632,20.680128167894377,188539788.0,7102818.82,0,0.1547196368651473,100.0,52.0,48.0,14.8995,15.109075818676075,15.48876790146377,0.15499596174678257,0.006388640549824132,-0.14860732119695844
1623038400,2021-06-07,15.86,16.11,15.72,16.01,8444221.0,14.970500000000001,15.839003886000937,14.101996113999066,15.399833333333333,14.510833333333334,14.955333333333332,14.970500000000001,0.3899999999999988,15.65225,14.288750000000002,0,57.93502799683314,9.732693625771088,4.721523696326586,76.16468368074165,15.069968903291336,0.4620893071346157,21.342899605744314,196984009.0,7134494.88,0,0.21916857306482018,100.0,56.0,44.0,14.970500000000001,15.194878121659306,15.509208375916174,0.1782647063755728,0.07422356177250755,-0.10404114460306525
1623124800,2021-06-08,16.05,16.61,15.92,16.5,11133674.0,15.068000000000001,16.13981341659766,13.99618658340234,15.497,14.580000000000002,15.038499999999999,15.068000000000001,0.6899999999999995,15.770750000000001,14.365250000000001,0,62.37866494884421,13.402061855670096,10.832956573767264,76.67548364510645,15.193335231920104,0.47836864233928594,22.79464892513354,208117683.0,7258294.74,0,0.24863189359124063,100.0,60.0,40.0,15.068000000000001,15.319175443406039,15.548062949409656,0.21572335276803128,0.16561304635697383,-0.050110306411057445
1623211200,2021-06-09,16.58,16.7,16.43,16.61,7356634.0,15.1565,16.41451868030597,13.89848131969403,15.582166666666666,14.675166666666666,15.128666666666666,15.1565,0.2699999999999996,15.850999999999999,14.462,0,63.29492156095109,11.927223719676547,16.051544896738783,76.37102382750291,15.289586953527735,0.46348516788647975,24.273480790360292,215474317.0,7267945.48,0,0.2067091819894027,100.0,64.0,36.0,15.1565,15.442111115462605,15.589707539628886,0.23536992113249008,0.24410209500455515,0.008732173872065076
1623297600,2021-06-10,16.67,16.67,16.31,16.51,5740831.0,15.255,16.6093190170705,13.900680982929503,15.665333333333333,14.772333333333332,15.218833333333333,15.255,0.360000000000003,15.939,14.571000000000002,0,61.853370603186555,13.54883081155435,19.528046689881194,70.4346877457797,15.36037326666385,0.4560933701803029,25.204651998746694,209733486.0,7287150.04,0,0.3257167012790147,96.0,64.0,32.0,15.255,15.54381481875188,15.625797440035598,0.22888415342579999,0.29483736565431506,0.06595321222851508
1623384000,2021-06-11,16.59,16.95,16.51,16.93,6211871.0,15.371500000000001,16.873235995439558,13.869764004560446,15.776166666666665,14.876166666666666,15.32616666666667,15.371500000000001,0.4399999999999977,16.060750000000002,14.682250000000002,0,65.34298888687003,15.958904109589042,23.9915888923135,70.28618416941706,15.438668785046895,0.45494384373885255,26.50711735450881,215945357.0,7300521.78,0,0.36230575788472175,100.0,72.0,28.000000000000004,15.371500000000001,15.675832455061226,15.676942638465574,0.23902265029862593,0.3647315251017975,0.12570887480317158
1623643200,2021-06-14,16.93,16.97,16.58,16.71,3977050.0,15.4625,17.054365258116672,13.870634741883329,15.864166666666668,14.972166666666666,15.418166666666668,15.4625,0.39000000000000057,16.139,14.786000000000001,0,62.20537532470234,12.222968435191405,26.047377605427524,70.74347067580527,15.490137163688804,0.450304997757506,27.746707389034523,211968307.0,7311888.36,0,0.3528820024193052,96.0,72.0,24.0,15.4625,15.774324602198252,15.717454691859082,0.2176613515725791,0.39778556426889544,0.18012421269631634
1623729600,2021-06-15,16.75,16.94,16.57,16.87,3727270.0,15.5825,17.21823683702449,13.946763162975508,15.969833333333332,15.091833333333335,15.530833333333334,15.5825,0.370000000000001,16.244,14.921,0,63.545440761341894,16.586040082930204,28.25351674433672,76.71068322526719,15.575592554595005,0.4445689264891128,28.856617357599294,215695577.0,7307910.88,0,0.45863839794944883,92.0,72.0,20.0,15.5825,15.878674640084133,15.762652547080295,0.2014310037968133,0.431912967442333,0.23048196364551968
1623816000,2021-06-16,16.91,17.02,16.46,16.62,4793446.0,15.679499999999999,17.31973748280513,14.039262517194867,16.076833333333333,15.191833333333335,15.634333333333334,15.679499999999999,0.5599999999999987,16.346249999999998,15.012749999999999,0,60.043884028911286,13.21525885558584,28.353890861609372,77.62664197707028,15.665236937939783,0.4528140031684618,29.423849344864124,210902131.0,7291545.76,0,0.44638764488931637,88.0,72.0,16.0,15.679499999999999,15.949277055314218,15.796274015822245,0.16264311415522764,0.43378585633955424,0.2711427421843266
1623902400,2021-06-17,16.6,16.68,16.47,16.63,4839463.0,15.76,17.4207709053325,14.0992290946675,16.143666666666668,15.301666666666668,15.722666666666669,15.76,0.21000000000000085,16.3945,15.1255,0,60.13637300410376,10.719041278295602,28.469895353852802,82.5669052885246,15.823740357965704,0.43547014579928606,29.950564761610035,215741594.0,7320031.38,0,0.5295312032214157,84.0,72.0,12.0,15.76,16.014107811950957,15.828969152456668,0.12797181558943227,0.43110751167111694,0.30313569608168467
1623988800,2021-06-18,16.55,16.58,15.96,16.01,6130750.0,15.811499999999999,17.43580631347629,14.187193686523706,16.20916666666667,15.344166666666666,15.776666666666666,15.811499999999999,0.6699999999999982,16.467,15.155999999999999,0,52.24394308535786,6.875834445927912,24.559425399133072,76.40312573357757,15.958697734817747,0.4522222782421941,28.526516184906228,209610844.0,7381047.94,0,0.4475635999700153,80.0,72.0,8.0,15.811499999999999,16.013716591765153,15.836068401379936,0.05720144146184736,0.3746374979089939,0.31743605644714656
1624248000,2021-06-21,16.16,16.46,16.1,16.42,3643302.0,15.874500000000001,17.490562808185054,14.258437191814947,16.273166666666665,15.398166666666665,15.835666666666668,15.874500000000001,0.4499999999999993,16.542,15.207,0,56.24158295850726,8.311345646438005,23.09974404920984,75.14584071736712,16.073067257665414,0.45206354408203736,27.204185363681262,213254146.0,7356335.24,0,0.4493625559669278,76.0,72.0,4.0,15.874500000000001,16.052410249692283,15.858967679757194,0.03311658615814944,0.3588317891448334,0.32571520298668394
1624334400,2021-06-22,16.37,16.53,16.25,16.38,7091124.0,15.9365,17.5300780495473,14.3429219504527,16.3305,15.4665,15.898500000000002,15.9365,0.28000000000000114,16.59575,15.27725,0,55.76221636683259,8.190224570673701,21.738520020964668,74.15658092096535,16.208333694936087,0.43977329093332046,26.170579343888456,206163022.0,7398866.98,0,0.39263809975889324,72.0,40.0,32.0,15.9365,16.083609273531113,15.879400319766717,0.010762449401225727,0.33916826473821615,0.3284058153369904
1624420800,2021-06-23,16.38,16.44,16.22,16.26,2874126.0,16.014,17.509170893242306,14.518829106757693,16.391,15.550999999999998,15.971,16.014,0.22000000000000242,16.65525,15.37275,0,54.30066846658837,10.537049626104695,19.95968502153922,67.62789187719775,16.344857247526072,0.42407519872379773,25.10001726405977,203288896.0,7362086.36,0,0.2777717629575496,68.0,40.0,28.000000000000004,16.014,16.100408390337673,15.894325797422923,-0.014465008617534303,0.3103245545650726,0.3247895631826069
1624507200,2021-06-24,16.27,16.75,16.15,16.72,3899625.0,16.1125,17.51851386906354,14.706486130936462,16.496833333333335,15.624833333333331,16.06083333333333,16.1125,0.6000000000000014,16.77775,15.44725,0,58.671605414989244,13.355932203389823,20.342566491046565,64.38686004666593,16.446539701436233,0.4366412559578123,24.948254133995793,207188521.0,7368472.38,0,0.26010304984151444,64.0,40.0,24.0,16.1125,16.15941711506742,15.926705177916142,-0.0031237300071308427,0.32088490067369335,0.3240086306808242
1624593600,2021-06-25,16.72,16.94,16.66,16.85,6072795.0,16.225,17.48098566870767,14.969014331292334,16.601666666666667,15.738666666666665,16.170166666666667,16.225,0.28000000000000114,16.8835,15.566500000000001,0,59.814985795481505,15.4109589041096,21.136210390433284,63.48236839094897,16.53001601921004,0.4254525948179686,25.250640845458296,213261316.0,7418142.42,0,0.2429634556558157,60.0,40.0,20.0,16.225,16.225186913632427,15.962912817997863,0.009490886255666298,0.33587223850040715,0.32638135224474085
1624852800,2021-06-28,16.86,17.26,16.69,17.24,4372459.0,16.351999999999997,17.471778549535163,15.23222145046483,16.738333333333333,15.843333333333334,16.290833333333335,16.351999999999997,0.5700000000000003,17.034499999999998,15.669499999999996,0,63.04369131344329,17.278911564625847,23.20988749732078,60.14196759619148,16.59237040546224,0.43577740947382804,26.176435171326386,217633775.0,7417994.74,0,0.2164479853570218,100.0,84.0,16.0,16.351999999999997,16.321835779000768,16.01299466827246,0.038813287804177754,0.37489796199996306,0.3360846741957853
1624939200,2021-06-29,17.29,17.35,16.78,16.85,5099506.0,16.447,17.38203155026935,15.511968449730649,16.856333333333332,15.935333333333336,16.395833333333332,16.447,0.5700000000000003,17.14825,15.74575,0,58.12756706714152,12.709030100334463,22.56786500192448,51.29229660614542,16.62356077431165,0.44536473736855464,27.200214877450197,212534269.0,7519044.72,0,0.13158820360244344,96.0,84.0,12.0,16.447,16.37213713338165,16.045818406771577,0.0272044356322394,0.3700902187360846,0.3428857831038452
1625025600,2021-06-30,16.87,17.06,16.67,17.0,5307870.0,16.536,17.312309216742356,15.759690783257646,16.941666666666666,16.028666666666666,16.485166666666665,16.536,0.389999999999997,17.231250000000003,15.840750000000002,0,59.40905186636816,11.695137976346908,22.608657541694473,51.51625636230328,16.656612480437,0.44141011327080054,27.68256514764829,217842139.0,7539899.06,0,0.17705780687035458,92.0,84.0,8.0,16.536,16.43193359686911,16.083237292780534,0.02494875586189127,0.37407172793120935,0.3491229720693181
1625112000,2021-07-01,17.09,17.38,17.02,17.3,4152751.0,16.6115,17.37654313603819,15.846456863961809,16.986833333333333,16.164833333333334,16.575833333333335,16.6115,0.379999999999999,17.24,15.983,0,61.86604266517892,9.563014566181138,23.701673486764285,50.07247699757894,16.679724696824405,0.4370236766086005,28.732137070831364,221994890.0,7528553.04,0,0.13196203569464443,100.0,96.0,4.0,16.6115,16.51460658764348,16.13095347737738,0.03818949612412065,0.3968598422244689,0.35867034610034826
1625198400,2021-07-02,17.33,17.63,17.16,17.45,4532407.0,16.6935,17.448835025004914,15.938164974995088,17.078833333333336,16.238833333333332,16.658833333333334,16.6935,0.46999999999999886,17.3355,16.0515,0,63.04341168866621,10.373181530676778,25.076399981650493,56.61133764954233,16.725297423611828,0.43937912827941467,30.105596448793424,226527297.0,7509356.44,0,0.1667273104226621,100.0,96.0,4.0,16.6935,16.603691674534577,16.18268079199003,0.05078929960413503,0.42215697060551705,0.371367671001382
1625544000,2021-07-06,17.39,17.43,16.54,16.8,5997532.0,16.733,17.42084009769654,16.04515990230346,17.15266666666667,16.262666666666668,16.707666666666668,16.733,0.9100000000000001,17.414,16.052,0,55.26094094334143,4.93441599000624,22.51183348808006,49.2644670005743,16.738873606014657,0.4729949048308851,29.20805083449294,220529765.0,7560591.36,0,0.09131622529023235,96.0,92.0,4.0,16.733,16.622387705531285,16.206889388382578,0.01115698366591128,0.38531390058377113,0.37415691691785985
1625630400,2021-07-07,17.05,17.89,17.0,17.77,11125833.0,16.7965,17.609648817867434,15.98335118213257,17.223166666666668,16.313166666666667,16.768166666666666,16.7965,1.0899999999999999,17.5075,16.085500000000003,0,62.52744986165392,7.696969696969694,23.813710978926494,60.19743891162625,16.861949699818286,0.5170666973429647,29.205675896978782,231655598.0,7600175.74,1,0.21910104150703508,100.0,96.0,4.0,16.7965,16.731684114528306,16.268187843740122,0.04422336503343316,0.4294361232096513,0.38521275817621814
1625716800,2021-07-08,17.45,17.46,17.09,17.18,8412590.0,16.825,17.64987574821861,16.00012425178139,17.261333333333333,16.34133333333333,16.801333333333336,16.825,0.6799999999999997,17.56675,16.08325,0,56.63764600733729,3.431667670078268,21.79270290279717,57.27026774492719,16.91922615999008,0.5287047903898958,29.203470597858484,223243008.0,7651118.42,0,0.12206696420652731,96.0,92.0,4.0,16.825,16.77438086552561,16.303945183201293,0.021466137563565524,0.41204543013067507,0.39057929256710955
1625803200,2021-07-09,17.59,17.93,17.49,17.7,4853970.0,16.8845,17.778669447028484,15.990330552971514,17.325833333333332,16.39783333333333,16.861833333333333,16.8845,0.75,17.6555,16.1135,0,60.12250869862572,7.207752877044202,21.910814158191908,64.36524047931611,17.02684792998871,0.5445115910763318,29.926096184215186,228096978.0,7644430.58,0,0.18763264716566042,92.0,88.0,4.0,16.8845,16.862535068808885,16.35869243091889,0.03570140619388934,0.43520605030947124,0.3995046441155819
1626062400,2021-07-12,17.6,17.69,17.39,17.69,3806327.0,16.9225,17.88328873848481,15.961711261515187,17.3585,16.444499999999998,16.9015,16.9225,0.3099999999999987,17.68375,16.16125,0,60.02485762778502,4.489072652096879,21.951840641235936,59.516580600093945,17.087345073875493,0.527760763142308,30.280856128754586,224290651.0,7589237.5,0,0.19977275059832403,88.0,84.0,4.0,16.9225,16.94134125273185,16.410900570882855,0.03847188586207906,0.4475945014431808,0.40912261558110175
1626148800,2021-07-13,17.77,17.77,17.22,17.24,3530820.0,16.949,17.9141093202323,15.983890679767706,17.399333333333335,16.46933333333333,16.934333333333335,16.949,0.5500000000000007,17.722250000000003,16.17575,0,55.73670609256677,3.1717534410532466,19.970624851707182,52.938117785956216,17.169840326736185,0.5293492800607147,30.08051734346344,220759831.0,7570048.66,0,0.17199977535004515,84.0,48.0,36.0,16.949,16.96978494294786,16.44341427398549,0.00574376750674821,0.416302324964537,0.4105585574577888
1626235200,2021-07-14,17.24,17.43,17.17,17.23,2469764.0,16.967000000000002,17.93894855830916,15.995051441690844,17.418,16.499000000000002,16.958499999999997,16.967000000000002,0.259999999999998,17.732000000000003,16.202,0,55.643719780973605,2.1339656194427943,18.413314840498703,53.113520359695514,17.207115178382093,0.5101100457706635,29.73863158040104,218290067.0,7538481.14,0,0.17972262892067595,80.0,48.0,32.0,16.967000000000002,16.99456732933378,16.474260773044882,-0.01945184145097484,0.3862437556440703,0.40569559709504516
1626321600,2021-07-15,17.07,17.32,16.92,17.24,3608899.0,16.997999999999998,17.96322743433828,16.032772565661716,17.433,16.529999999999998,16.9815,16.997999999999998,0.3999999999999986,17.750999999999998,16.244999999999997,0,55.7214781657797,3.730445246690718,17.218328041565297,48.12055061565561,17.240266914321346,0.5022450425013304,28.66591205340336,221898966.0,7445428.02,0,0.16210589868828132,76.0,48.0,28.000000000000004,16.997999999999998,17.017941869397227,16.50428976233724,-0.03728473603418225,0.3590896770523173,0.39637441308649957
1626408000,2021-07-16,17.35,17.52,17.19,17.24,3820214.0,17.0285,17.983785821102394,16.073214178897608,17.475166666666667,16.560166666666667,17.017666666666663,17.0285,0.3299999999999983,17.7905,16.2665,0,55.7214781657797,3.6680697534576034,16.256670731565126,46.601495973544445,17.280557572862094,0.48994182517980667,28.08267373624049,225719180.0,7180239.7,0,0.09928112863938839,72.0,48.0,24.0,17.0285,17.039090262787965,16.53314114420637,-0.050121191268236276,0.3337229240012043,0.38384411526944057
1626667200,2021-07-19,16.95,17.07,16.24,16.3,4239246.0,17.043,17.943224416464737,16.14277558353526,17.503333333333334,16.56733333333333,17.035333333333334,17.043,1.0,17.829749999999997,16.25625,0,47.118242183853276,1.8113678950655785,11.508921707645344,40.677488244018726,17.249500597132503,0.5263745519526777,26.82834560791557,221479934.0,7069557.74,0,-0.008934527456309634,68.0,48.0,20.0,17.043,16.968700713951016,16.52399835423749,-0.11902743457598075,0.23505982204946463,0.3540872566254454
1626753600,2021-07-20,16.35,16.77,16.35,16.67,5293632.0,17.055500000000002,17.927267744298494,16.18373225570151,17.519833333333334,16.577833333333334,17.04883333333333,17.055500000000002,0.46999999999999886,17.84375,16.267250000000004,0,50.2977887018776,1.522533495736906,9.025512112279026,47.80857023716121,17.219290055379908,0.522347798241772,25.663612345899566,226773566.0,6943426.92,0,0.08412819080459648,64.0,48.0,16.0,17.055500000000002,16.940253026908064,16.529723908973278,-0.13559252845833875,0.184596596052522,0.32018912451086073
1626840000,2021-07-21,16.67,17.02,16.63,16.79,3037040.0,17.076,17.90130963886246,16.25069036113754,17.546666666666667,16.593666666666667,17.070166666666665,17.076,0.39000000000000057,17.8725,16.279500000000002,0,51.29748166610479,2.5030525030525044,7.483053834126904,53.671360624624285,17.225224412528704,0.5128943840816454,24.006969609433504,229810606.0,6906442.64,0,0.02563968609906696,60.0,48.0,12.0,17.076,16.92594321482158,16.539930814503737,-0.13412820745811266,0.15252886518821995,0.2866570726463326
1626926400,2021-07-22,17.11,17.33,16.89,17.25,4219900.0,17.1255,17.86321200342634,16.387787996573657,17.600166666666667,16.62516666666667,17.112666666666666,17.1255,0.5399999999999991,17.945999999999998,16.305,1,54.95347346966389,6.088560885608846,7.7923259102940525,53.70389009665298,17.220540007677844,0.514830499504385,22.764624945569626,234030506.0,6837845.24,0,0.031101547074821625,56.00000000000001,48.00000000000001,8.0,17.1255,16.956805765790953,16.567776664915357,-0.09943644960964748,0.1623615106342733,0.26179796024392077
1627012800,2021-07-23,17.2,17.54,17.13,17.5,2869239.0,17.164499999999997,17.89477323653501,16.434226763464984,17.633166666666664,16.67716666666667,17.155166666666666,17.164499999999997,0.41000000000000014,17.970749999999995,16.358249999999998,1,56.808338352067985,4.665071770334936,8.851910259423931,52.54365616922839,17.21477948801847,0.5073426066826432,22.016239424727043,236899745.0,6738240.72,0,0.050427375466176025,52.0,48.0,4.0,17.164499999999997,17.00853855000134,16.604334442761814,-0.058912050958081885,0.18815789654631843,0.2470699475044003
1627272000,2021-07-26,17.47,17.72,17.3,17.5,2595831.0,17.197,17.92624892869262,16.46775107130738,17.674666666666667,16.704666666666668,17.189666666666664,17.197,0.41999999999999815,18.013749999999998,16.38025,1,56.808338352067985,3.857566765578626,9.693221692525974,59.33863079024645,17.254001745317755,0.5011038490624543,21.653981546542475,239495576.0,6647395.1,0,0.09020746908454236,48.0,36.0,12.0,17.197,17.055344402382165,16.63945858226135,-0.03267636546247299,0.2062244906763091,0.2389008561387821
1627358400,2021-07-27,17.48,17.67,17.17,17.66,2716101.0,17.218,17.974666372980415,16.461333627019584,17.693,16.73,17.2115,17.218,0.5,18.0295,16.4065,1,58.03375518941753,2.4361948955916573,10.894309766875573,48.063944838786064,17.20601209889016,0.5010250027008504,20.98630544614901,242211677.0,6614902.08,0,0.004409304048603098,44.0,36.0,8.0,17.218,17.112930649774338,16.679479814329532,-0.006486584283270175,0.2307926257846944,0.23727921006796457
1627444800,2021-07-28,17.68,17.85,17.49,17.84,4296100.0,17.2675,18.050465516481637,16.48453448351836,17.719166666666663,16.777166666666666,17.24816666666667,17.2675,0.360000000000003,18.063249999999996,16.47175,1,59.39790264203855,5.875370919881296,12.456872290440813,60.40332433538132,17.243452228520585,0.4909517882222184,20.716073261387184,246507777.0,6468677.76,0,0.1678834889521624,100.0,96.0,4.0,17.2675,17.18217534979583,16.724990409846022,0.019592650867780947,0.26177002365269075,0.2421773727849098
1627531200,2021-07-29,17.91,17.96,17.72,17.76,2479727.0,17.305500000000002,18.10641135589363,16.504588644106374,17.756833333333333,16.829833333333333,17.293333333333333,17.305500000000002,0.240000000000002,18.090000000000003,16.521,0,58.50814563483763,4.470588235294127,13.398234503100431,58.44294045634208,17.22639973781294,0.4730266604920601,20.674766915726043,244028050.0,6335203.8,0,0.1467756859976371,96.0,28.0,68.0,17.305500000000002,17.237206268862895,16.76557902122461,0.027598233102400088,0.27667516416290994,0.24907693106050985
1627617600,2021-07-30,17.67,17.92,17.51,17.55,3691935.0,17.317999999999998,18.125950493532475,16.51004950646752,17.78066666666667,16.848666666666666,17.314666666666664,17.317999999999998,0.41000000000000014,18.104749999999996,16.53125,0,56.18268753224077,1.4450867052023122,13.265021519903936,58.56465916899198,17.23083700761958,0.46852475617119865,20.053545401670615,240336115.0,6205542.82,0,0.008422725110649966,92.0,28.0,64.0,17.317999999999998,17.26699614801881,16.79634062823541,0.015496735732424771,0.2684478507260408,0.25295111499361606
1627876800,2021-08-02,17.64,17.73,17.37,17.39,3377776.0,17.315,18.121411805468753,16.50858819453125,17.779333333333334,16.858333333333334,17.318833333333334,17.315,0.35999999999999943,18.093500000000002,16.5365,0,54.44710968399328,-0.3438395415472706,12.451577420756712,58.73008205544297,17.236283349923568,0.4607729878732559,19.104788976886645,236958339.0,5983434.96,0,0.014023717004207254,88.0,28.0,60.0,17.315,17.278710800588446,16.819621387912456,-0.005417546110452198,0.2461791823555508,0.251596728466003
1627963200,2021-08-03,17.33,17.59,17.27,17.36,3096853.0,17.342999999999996,18.11405382432057,16.57194617567942,17.775,16.910999999999998,17.343,17.342999999999996,0.3200000000000003,18.077249999999996,16.608749999999997,0,54.11715506466195,3.3333333333333255,11.643133895711916,57.954527594275994,17.24495568886909,0.4507177744537376,17.960439869393234,233861486.0,5893814.66,0,0.013338822888794056,84.0,27.999999999999993,56.00000000000001,17.342999999999996,17.28645262910383,16.840812706033535,-0.022450505335787185,0.22353359679626905,0.24598410213205624
1628049600,2021-08-04,17.24,17.45,17.0,17.33,3513979.0,17.321,18.066758674102676,16.575241325897327,17.738333333333333,16.918333333333333,17.328333333333333,17.321,0.4499999999999993,18.007250000000003,16.63475,0,53.774127398121735,-2.4760832864378237,10.827990436458236,58.041662777323324,17.252254767221388,0.4506665048498992,17.129139605558873,230347507.0,5858258.04,0,0.002694310269568965,80.0,28.0,52.0,17.321,17.29059999776061,16.8599965214832,-0.03610666162700557,0.2008507750982993,0.23695743672530487
1628136000,2021-08-05,16.86,17.1,16.36,16.74,6949883.0,17.299,18.08497455429509,16.51302544570491,17.731333333333332,16.874333333333333,17.302833333333332,17.299,0.9699999999999989,18.006999999999998,16.591,0,47.53638424818946,-2.5611175785797515,7.43294125961461,47.45496629776374,17.178701629548698,0.48776175450347775,17.6213492784061,223397624.0,5806574.16,0,0.05695405480304479,76.0,28.0,48.0,17.299,17.238161902735786,16.855290775542684,-0.0825860223325689,0.13372490880959376,0.21631093114216265
1628222400,2021-08-06,16.82,17.25,16.79,17.01,3572670.0,17.2645,18.03750646827783,16.491493531722174,17.69783333333333,16.838833333333334,17.268333333333334,17.2645,0.5100000000000016,17.954500000000003,16.5745,0,50.31281385050266,-3.8983050847457497,5.739406085950658,54.77833966370397,17.220140792165907,0.4893502006103723,17.675208090122002,226970294.0,5737644.06,0,0.12481188691120126,72.0,28.0,44.0,17.2645,17.21643219771333,16.861357803952778,-0.09213038564869164,0.1011479490812981,0.19327833472998973
1628481600,2021-08-09,17.05,17.33,16.97,17.31,4013323.0,17.2455,17.994031228473034,16.496968771526966,17.6815,16.8165,17.249,17.2455,0.35999999999999943,17.93925,16.55175,0,53.2089886178559,-2.148106274731501,5.574049597308255,53.802254555367334,17.284248782137315,0.48011090056677425,17.509813498910336,230983617.0,5547592.06,0,0.14373582883766284,68.0,28.0,40.0,17.2455,17.225343416978728,16.878951615562475,-0.07589976315509331,0.09840363078612313,0.17430339394121644
1628568000,2021-08-10,17.31,17.31,16.82,16.94,3516775.0,17.2305,17.99080191371543,16.47019808628457,17.659166666666668,16.800166666666666,17.229666666666667,17.2305,0.48999999999999844,17.91975,16.541249999999998,0,49.46579557399232,-1.7401392111368745,3.792139853137032,47.464650875603986,17.29431767235201,0.48081726481200454,17.652017280438105,227466842.0,5398462.14,0,0.11784472804292562,64.0,28.0,36.0,17.2305,17.198167853456944,16.88134566985414,-0.08694955879602503,0.06561644544618517,0.1525660042422102
1628654400,2021-08-11,16.87,16.97,16.68,16.81,2895330.0,17.2095,17.991586312371812,16.427413687628185,17.637833333333333,16.775833333333335,17.206833333333332,17.2095,0.28999999999999915,17.900999999999996,16.518,0,48.211426816195484,-2.437608821822413,1.8015256624700233,40.32722103762227,17.278336541662302,0.46718746018257556,18.053566743390363,224571512.0,5255318.7,0,0.060795531016849085,60.0,28.0,32.0,17.2095,17.161199486461044,16.878547800448096,-0.0990045285189125,0.0288103435935696,0.1278148721124821
1628740800,2021-08-12,16.88,16.91,16.54,16.85,3225324.0,17.19,17.987370679169565,16.392629320830437,17.616666666666667,16.75766666666667,17.187166666666666,17.19,0.370000000000001,17.879250000000003,16.50075,0,48.633312534470896,-2.2621809744779413,0.36524403810364264,34.33578560444698,17.23887665248737,0.4602454987409631,18.68977254021183,227796836.0,5080426.94,0,0.057756724286140024,56.00000000000001,28.000000000000004,28.000000000000004,17.19,17.13156144013142,16.877428278861895,-0.09998292625408674,0.0028362142948736846,0.10281914054896042
1628827200,2021-08-13,16.83,16.94,16.78,16.86,2134856.0,17.171,17.980713529588908,16.36128647041109,17.585333333333335,16.743333333333332,17.164333333333335,17.171,0.16000000000000014,17.8475,16.4945,0,48.743195105389596,-2.204176334106723,-0.7682680776746867,33.60697641313887,17.208481229989136,0.43879939168803717,19.181079933869597,229931692.0,4824092.24,0,0.0607929709932911,52.0,28.0,24.0,17.171,17.10569844583319,16.87674481694574,-0.09565410263135249,-0.01674848774023019,0.0789056148911223
1629086400,2021-08-16,16.74,16.89,16.45,16.47,2789227.0,17.1795,17.95532150008835,16.403678499911653,17.569166666666668,16.76616666666667,17.167666666666666,17.1795,0.4400000000000013,17.814,16.545,0,44.808187043380215,1.0429447852760623,-3.417666138487293,33.65524871941312,17.158440842031258,0.43888514942460605,20.24858639362025,227142465.0,4631037.42,0,-0.04308539512149991,48.0,28.0,20.0,17.1795,17.04515573670622,16.860794039810614,-0.11353479004512122,-0.06301287266527922,0.050521917379842005
1629172800,2021-08-17,16.45,16.67,16.32,16.63,3290464.0,17.177500000000002,17.95875219999648,16.396247800003525,17.562833333333334,16.766833333333334,17.164833333333334,17.177500000000002,0.3500000000000014,17.803,16.552000000000003,0,46.667511788311884,-0.23995200959809654,-4.819104451342865,25.346377093156207,17.066241347845885,0.43253621017999144,21.458685492133107,230432929.0,4527962.28,0,-0.07526785646014968,44.0,28.0,16.0,17.177500000000002,17.005617095115152,16.851743293151376,-0.10904014967422232,-0.0857782697129359,0.023261879961286428
1629259200,2021-08-18,16.54,16.69,16.42,16.5,2231797.0,17.163000000000004,17.98231922960427,16.34368077039574,17.543,16.759,17.151,17.163000000000004,0.2699999999999996,17.779500000000006,16.5465,0,45.360562358871455,-1.727218582489572,-6.52651544508272,20.19207983710399,17.00341577248112,0.4209264808814206,22.507414775154622,228201132.0,4349924.74,0,-0.060252604677062276,40.0,28.0,12.0,17.163000000000004,16.957463086056567,16.83794943851799,-0.1090153017547697,-0.1130072472321757,-0.003991945477405997
1629345600,2021-08-19,16.41,16.6,16.29,16.31,3421712.0,17.116000000000003,18.01402895276228,16.217971047237725,17.49866666666667,16.727666666666664,17.113166666666665,17.116000000000003,0.3100000000000023,17.715250000000005,16.516750000000002,0,43.486908691295866,-5.449275362318848,-8.744360096548743,20.41790858116019,16.909957846665833,0.41300316081846217,23.712991446917986,224779420.0,4271226.3,0,-0.060771550978335226,36.0,28.0,8.0,17.116000000000003,16.89579993500356,16.81724553896827,-0.11537392762344592,-0.1482093550067134,-0.032835427383267474
1629432000,2021-08-20,16.36,16.65,16.22,16.61,2576951.0,17.0715,17.977177094774568,16.165822905225433,17.454833333333333,16.681833333333334,17.068333333333335,17.0715,0.4299999999999997,17.672250000000002,16.47075,0,47.117418256244314,-5.085714285714289,-9.011492380765501,26.186141304805503,16.845264911993038,0.4142172207600006,24.956367844634237,227356371.0,4207948.7,0,0.04618186816593936,32.0,28.0,4.0,17.0715,16.86858089357465,16.809118262930298,-0.09386664572945833,-0.1501687345450904,-0.05630208881563206
1629691200,2021-08-23,16.56,16.61,16.46,16.52,2354941.0,17.0225,17.936149276253907,16.108850723746095,17.392500000000002,16.646499999999996,17.0195,17.0225,0.14999999999999858,17.603,16.442,0,46.180556876971025,-5.600000000000002,-9.617054579998685,31.6753858041334,16.79189522598377,0.3953445621342862,26.110931642513613,225001430.0,4130810.1,0,0.06593240675844386,28.000000000000004,-64.0,92.0,17.0225,16.835382713234207,16.797780291834993,-0.08069594777416193,-0.15717202353333448,-0.07647607575917255
1629777600,2021-08-24,16.68,16.99,16.59,16.91,3232972.0,16.985,17.85124476910356,16.11875523089644,17.354,16.618,16.986,16.985,0.46999999999999886,17.56325,16.40675,0,50.65591168456527,-4.246885617214043,-8.064875601719114,38.957136795144784,16.758962029683225,0.4006770934104086,25.6440506951621,228234402.0,4115928.54,0,0.07282441754615364,24.0,-64.0,88.0,16.985,16.842489121497614,16.80218106470421,-0.042624487854964005,-0.12975668557787756,-0.08713219772291356
1629864000,2021-08-25,16.99,17.48,16.85,17.41,3817299.0,16.963500000000003,17.762531288498316,16.16446871150169,17.3435,16.5805,16.962,16.963500000000003,0.629999999999999,17.562000000000005,16.365000000000002,0,55.63459512596749,-2.41031390134529,-4.292382899242991,50.76705133698497,16.80631885433909,0.4170573010239508,23.908215194901057,232051701.0,4117729.12,0,0.14268858953180238,20.0,-64.0,84.0,16.963500000000003,16.896537776593078,16.82601710138248,0.01617561126603098,-0.06691268364037484,-0.08308829490640582
1629950400,2021-08-26,17.36,17.45,16.92,16.94,3868495.0,16.9225,17.63310185758219,16.21189814241781,17.322499999999998,16.5305,16.926499999999997,16.9225,0.5299999999999976,17.542749999999998,16.30225,0,50.58448376768671,-4.617117117117118,-3.4776951639077938,42.05697341476623,16.81548418988296,0.425124636665097,22.29636794465866,228183206.0,4099230.1,0,0.06283032042272553,16.0,-64.0,80.0,16.9225,16.900677035965167,16.830487018975322,0.022945620106553682,-0.05440626977321372,-0.0773518898797674
1630036800,2021-08-27,17.01,17.15,16.88,17.12,4191896.0,16.901000000000003,17.558385731514807,16.2436142684852,17.285000000000004,16.506999999999998,16.896,16.901000000000003,0.2699999999999996,17.51075,16.291250000000005,0,52.328946959217994,-2.4501424501424482,-1.9998397580299618,32.48153707460422,16.802314871246747,0.41404430547473287,20.725817245562983,232375102.0,4086278.76,0,0.055522196502944675,12.0,-64.0,76.0,16.901000000000003,16.921564937301817,16.841840469211586,0.0381784650711403,-0.029628808540842044,-0.06780727361198234
1630296000,2021-08-30,17.18,17.46,17.13,17.27,3479984.0,16.895,17.536420299023387,16.253579700976612,17.273,16.497999999999998,16.8855,16.895,0.33999999999999986,17.503249999999998,16.28675,0,53.76081754914206,-0.6900517538815468,-0.15394305305545594,40.68690121764811,16.823189112694106,0.40875542651225194,20.080962697958885,235855086.0,4033263.44,0,0.08468811179190365,8.0,-64.0,72.0,16.895,16.954749228987357,16.858631039046426,0.055915574502645345,0.002087194516324331,-0.053828379986321014
1630382400,2021-08-31,17.31,17.49,17.22,17.49,4225087.0,16.901500000000002,17.563928109306403,16.2390718906936,17.270166666666665,16.500166666666665,16.885166666666667,16.901500000000002,0.2699999999999996,17.506,16.297000000000004,0,55.81000096300186,0.7488479262672755,2.294261507038528,49.06665299319473,16.877744306429644,0.39884432461851965,19.559880066392417,240080173.0,4044899.14,0,0.18307995843048078,4.0,-64.0,68.0,16.901500000000002,17.005725492893323,16.883390606142648,0.078632293363154,0.04446198671762147,-0.03417030664553252
1630468800,2021-09-01,17.63,17.75,17.49,17.55,3186220.0,16.9125,17.60943256488649,16.215567435113513,17.2775,16.526500000000002,16.901999999999997,16.9125,0.26000000000000156,17.502750000000002,16.32225,0,56.36514942707918,1.2694748990190563,4.503651028716694,56.3268888401822,16.936869167672146,0.38892687286005406,19.71850107912056,243266393.0,3966801.06,0,0.09630304382242859,4.0,-60.0,64.0,16.9125,17.057561160236816,16.909532150999798,0.09288924188935323,0.08194124571615902,-0.010947996173194214
1630555200,2021-09-02,17.55,17.78,17.52,17.67,3792976.0,16.958999999999996,17.72442537193332,16.19357462806667,17.299666666666667,16.596666666666668,16.948166666666665,16.958999999999996,0.26000000000000156,17.495999999999995,16.421999999999997,0,57.48946471094266,5.555555555555576,6.808047277532824,58.039881379062265,16.99916529195427,0.3797178105129074,19.93648750042731,247059369.0,3985178.06,0,0.10542600065897428,100.0,40.0,60.0,16.958999999999996,17.11588866878569,16.93935441958804,0.10471374391999061,0.11994418372679405,0.01523043980680344
1630641600,2021-09-03,17.58,17.66,17.4,17.51,1791049.0,16.984,17.78623188667572,16.181768113324285,17.315,16.631999999999998,16.973499999999998,16.984,0.2700000000000031,17.503,16.465000000000003,0,55.48300819337873,2.939447383891828,7.873995431273677,59.157848249021285,17.044101345971974,0.37188082404769995,19.685624331867647,245268320.0,3943006.54,0,0.15745532167828977,96.0,39.99999999999999,56.00000000000001,16.984,17.15342308128229,16.96173267764341,0.09628616600326709,0.1355881473108873,0.03930198130762022
1630987200,2021-09-07,17.42,17.51,17.23,17.26,3919233.0,16.9815,17.779955383850144,16.183044616149857,17.317500000000003,16.6425,16.98,16.9815,0.28000000000000114,17.494500000000002,16.4685,0,52.47099278199676,-0.28885037550547177,7.465345929603889,58.14414422291786,17.104684071165437,0.36531790804429287,18.84481942410289,241349087.0,3899935.3,0,0.033422290284472314,92.0,40.0,52.0,16.9815,17.163573264017312,16.973429435382887,0.06964371889123686,0.1263566299216663,0.05671291103042944
1631073600,2021-09-08,17.24,17.67,17.14,17.59,2307244.0,17.014,17.8548424347042,16.1731575652958,17.341666666666665,16.662666666666667,17.002166666666668,17.014,0.5300000000000011,17.53,16.497999999999998,0,55.80467249649898,3.8370720188901917,8.579135025774447,62.9848626221482,17.150234455071562,0.3770809146125577,18.517771224731714,243656331.0,3858631.0,0,0.08795253570846466,88.0,40.0,48.0,17.014,17.204185334110903,16.997608673211012,0.06983669864182607,0.14400878433271203,0.07417208569088596
1631160000,2021-09-09,17.55,17.62,17.17,17.32,2489575.0,17.039499999999997,17.884969691946015,16.19403030805398,17.377166666666668,16.682166666666667,17.029666666666667,17.039499999999997,0.4499999999999993,17.567499999999995,16.511499999999998,0,52.625682994240385,3.033908387864376,8.079256154243481,64.02577306238766,17.21908121667333,0.38228942071166067,18.21408361102991,241166756.0,3806432.38,0,0.1373032476285563,84.0,40.0,44.0,17.039499999999997,17.215215302290815,17.01025147033999,0.048389717490570916,0.13465923255409962,0.0862695150635287
1631246400,2021-09-10,17.41,17.41,16.89,16.9,2252675.0,17.042,17.885506964997504,16.1984930350025,17.399666666666665,16.689666666666664,17.044666666666664,17.042,0.5199999999999996,17.58125,16.502750000000002,0,48.13567118885057,0.2967359050444935,5.563830127953935,58.8755993044245,17.253080065991465,0.39212589066082776,16.929786748029514,238914081.0,3745328.48,0,0.04335844651094925,80.0,40.0,40.0,17.042,17.18519479731074,17.005927883267837,0.004820574746110168,0.09229523349616642,0.08747465875005625
1631505600,2021-09-13,17.02,17.16,16.86,17.04,2184153.0,17.051,17.890378341392783,16.211621658607214,17.41466666666667,16.690666666666665,17.052666666666664,17.051,0.3000000000000007,17.600749999999998,16.50125,0,49.643191173349564,1.0676156583629877,4.212543647890759,53.97373851973777,17.27976220366048,0.3855454698993401,15.803837731779074,241098234.0,3705956.52,0,0.06381547074618395,76.0,40.0,36.0,17.051,17.171366721376383,17.007264044708315,-0.014603439177280575,0.06922035977845553,0.0838237989557361
1631592000,2021-09-14,17.12,17.12,16.48,16.49,3764468.0,17.052,17.888650464650144,16.215349535349855,17.429333333333332,16.685333333333332,17.057333333333336,17.052,0.6400000000000006,17.61675,16.48725,0,44.31635437535353,0.12143290831815165,0.5324277142814778,46.42844172407524,17.263394408549722,0.4037207934779587,15.888390839568908,237333766.0,3690597.74,0,-0.060339273933739695,72.0,40.0,32.0,17.052,17.10647465267387,16.98697918020995,-0.06187641906031027,0.0064782751303482655,0.06835469419065854
1631678400,2021-09-15,16.49,17.03,16.43,17.03,3459121.0,17.072,17.886164602521692,16.257835397478306,17.456333333333333,16.687333333333335,17.071833333333334,17.072,0.6000000000000014,17.6555,16.4885,0,49.87502952999086,2.405291641611558,0.14405290739284274,45.901056127467754,17.231436284153023,0.41774073680096174,16.09841995864941,240792887.0,3639829.52,0,-0.04990783845380143,68.0,40.0,28.000000000000004,17.072,17.099191352419215,16.988666271182108,-0.05442418112574111,0.000324467783482163,0.05474864890922327
1631764800,2021-09-16,16.9,16.91,16.48,16.53,3477272.0,17.0735,17.88354382597444,16.26345617402556,17.4695,16.6845,17.076999999999998,17.0735,0.5500000000000007,17.678,16.468999999999998,0,45.45265491109451,0.1818181818181887,-2.3152873431432313,46.398819077227856,17.196373710224332,0.4271878270294645,16.293446997795588,237315615.0,3486858.3,0,-0.029953101054067486,64.0,40.0,24.0,17.0735,17.044982652188814,16.970679358586732,-0.07930822214622851,-0.044386628773562364,0.03492159337266615
1631851200,2021-09-17,16.63,16.7,16.41,16.43,8629149.0,17.0795,17.868333949573234,16.290666050426765,17.47416666666667,16.691166666666668,17.082666666666665,17.0795,0.28999999999999915,17.6825,16.476499999999998,0,44.619730300822965,0.7357449417535316,-4.583653735424752,42.45984312177914,17.0885169432747,0.4173886965273598,16.67608671300479,228686466.0,3491189.48,-1,-0.24577750482752939,60.0,40.0,20.0,17.0795,16.986412875789878,16.949476246485293,-0.09744772880095298,-0.08688806762852508,0.010559661172427903
1632110400,2021-09-20,16.3,16.46,15.63,16.03,6662633.0,17.0505,17.94218323972098,16.15881676027902,17.4715,16.648500000000002,17.06,17.0505,0.8300000000000001,17.6835,16.4175,0,41.42355772440447,-3.491872366044541,-7.905394201906979,33.404284042721855,16.941311043902136,0.4468609324896913,18.67869721645433,222023833.0,3527362.74,-1,-0.2252815660334459,56.00000000000001,-43.99999999999999,100.0,17.0505,16.89532593523846,16.913418354466263,-0.12933218512532269,-0.15110557023422544,-0.021773385108902768
1632196800,2021-09-21,16.16,16.34,16.06,16.06,6124941.0,17.027499999999996,17.993375250743743,16.06162474925625,17.45916666666667,16.62316666666667,17.04116666666667,17.027499999999996,0.3099999999999987,17.672499999999996,16.382499999999997,0,41.7529511028973,-2.784503631961264,-10.333356658892761,35.26724399561131,16.816140263259683,0.4370851515975704,20.53826411251462,228148774.0,3573735.02,0,-0.408884373976715,52.0,-44.0,96.0,17.027499999999996,16.81577108426337,16.879950968016605,-0.14042390407890493,-0.19730326520753394,-0.056879361128629
1632283200,2021-09-22,16.21,16.38,16.09,16.1,2751769.0,16.987000000000002,18.03373014669459,15.940269853305411,17.421666666666667,16.596666666666668,17.009166666666665,16.987000000000002,0.3200000000000003,17.62075,16.353250000000003,0,42.20905814523438,-4.790065050266107,-12.06875339217718,34.436425750572596,16.737606107729686,0.42872192648345825,22.087160267673347,230900543.0,3558154.0,0,-0.42798615738543305,48.0,-44.0,92.0,16.987000000000002,16.747602409571623,16.84936465554537,-0.13694346071458527,-0.2280586870218606,-0.09111522630727534
1632369600,2021-09-23,16.29,16.49,16.17,16.27,4861591.0,16.93,18.002231318326068,15.85776868167393,17.359333333333332,16.565333333333335,16.962333333333333,16.93,0.389999999999997,17.545749999999998,16.31425,0,44.165038101641386,-6.547960941987367,-12.65862419577546,35.324572557962895,16.635825886905426,0.4259560745917824,23.032886159937796,235762134.0,3605990.54,0,-0.4636383474994623,44.0,-44.0,88.0,16.93,16.7021164658029,16.826644472974962,-0.1159035007673467,-0.23599460226645874,-0.12009110149911204
1632456000,2021-09-24,16.35,16.49,16.22,16.22,4865410.0,16.894,18.009928313109423,15.778071686890572,17.30666666666667,16.538666666666664,16.922666666666665,16.894,0.2699999999999996,17.49025,16.297749999999997,0,43.707050621170914,-4.2502951593860825,-13.322511236634648,36.58703737743906,16.580849471931234,0.4148163549780836,23.911060202754786,230896724.0,3631120.76,0,-0.5184351322731484,40.0,-44.0,84.0,16.894,16.65620061191691,16.802854493642613,-0.09873624399438485,-0.24351140649209313,-0.14477516249770828
1632715200,2021-09-27,16.21,16.29,15.79,15.8,5413076.0,16.828,18.03507249160903,15.62092750839097,17.26366666666667,16.472666666666665,16.868166666666667,16.828,0.5,17.4415,16.214499999999997,0,40.03606980144408,-7.710280373831776,-15.419983598717973,35.83380865754329,16.47434141601614,0.42090090105107764,25.558927823352427,225483648.0,3662978.0,0,-0.5410992979031142,36.0,-64.0,100.0,16.828,16.574657696496253,16.763526866440944,-0.10828375425210515,-0.28012985531283974,-0.17184610106073459
1632801600,2021-09-28,15.74,15.8,15.44,15.49,5252442.0,16.739,18.059725558168388,15.418274441831612,17.17966666666667,16.38566666666667,16.782666666666664,16.739,0.3600000000000012,17.354000000000003,16.124,0,37.58352513980805,-10.306890561667629,-18.21777440521548,29.952401556864984,16.361707305543796,0.4165508366902865,27.605678413793985,220231206.0,3683241.92,0,-0.6023729587786026,32.0,-68.0,100.0,16.739,16.47135696349661,16.71358463638444,-0.12680832306995368,-0.3303565048981767,-0.203548181828223
1632888000,2021-09-29,15.46,15.76,15.25,15.66,5400504.0,16.6475,18.000598296502947,15.294401703497055,17.0995,16.2815,16.6905,16.6475,0.5099999999999998,17.2805,16.0145,0,39.715275712233684,-10.463121783876492,-19.57886223737047,28.704949973238044,16.25636276899279,0.42322577692669455,29.74777902035729,225631710.0,3685379.36,0,-0.5122645982835121,28.000000000000004,-68.0,96.0,16.6475,16.39408487173503,16.672267591820344,-0.1190669493194933,-0.3523818684775897,-0.23331491915809638
1632974400,2021-09-30,16.03,16.22,15.78,15.8,6137013.0,16.56,17.89454111963594,15.22545888036406,17.025333333333332,16.18933333333333,16.607333333333337,16.56,0.5599999999999987,17.2155,15.904499999999999,0,41.44879430018288,-9.971509971509972,-19.941551841550385,36.48242244032539,16.20116428152288,0.4329953642890734,29.919215851593695,231768723.0,3747378.82,0,-0.532896479265488,24.0,-68.0,92.0,16.56,16.337505360141215,16.638061019592097,-0.09691155947936414,-0.3544543685073016,-0.25754280902793747
1633060800,2021-10-01,15.9,15.91,15.42,15.56,4751642.0,16.454500000000003,17.7545226921093,15.154477307890703,16.935499999999998,16.0765,16.506,16.454500000000003,0.4900000000000002,17.127250000000004,15.781750000000002,0,39.40412752276359,-11.94114318053198,-21.077271644816385,35.22397526814463,16.13823813472839,0.4370671239827111,30.658969806778536,227017081.0,3758013.66,0,-0.5483405998589022,20.0,-68.0,88.0,16.454500000000003,16.263457230603958,16.595784116862998,-0.09091299694905608,-0.37118405521425757,-0.2802710582652015
1633320000,2021-10-04,15.44,15.88,15.42,15.72,3681824.0,16.365,17.607215762256732,15.122784237743263,16.853,15.974,16.413500000000003,16.365,0.46000000000000085,17.052,15.677999999999999,0,41.43161880115625,-10.222729868646493,-21.1325713594998,40.78549306246475,16.0848735052138,0.43870518655537466,31.345884193735888,230698905.0,3774265.36,0,-0.48226849940839006,16.0,-68.0,84.0,16.365,16.211699399117865,16.5614396416919,-0.06962140068985717,-0.36729780912752297,-0.2976764084376658
1633406400,2021-10-05,15.77,16.05,15.7,16.04,6597659.0,16.304,17.48261613767972,15.125383862320277,16.786333333333335,15.900333333333332,16.343333333333334,16.304,0.3500000000000014,16.99625,15.611749999999999,0,45.28571931006611,-7.068366164542307,-19.44867589174915,43.27069852908609,16.036630191589676,0.4323691018014194,31.366870733465856,237296564.0,3854301.92,0,-0.4249662191457755,12.0,-68.0,80.0,16.304,16.195347075392355,16.540991028292222,-0.02949106035732796,-0.33454023388432574,-0.3050491735269978
1633492800,2021-10-06,15.88,16.28,15.73,16.24,4040528.0,16.2365,17.256779863566386,15.216220136433613,16.71816666666667,15.830166666666667,16.274166666666666,16.2365,0.5500000000000007,16.93025,15.54275,0,47.556162756202866,-7.674815235929514,-17.03025458573321,48.77702867436628,16.011229486640897,0.44077130881560384,30.612344191194747,241337092.0,3880790.46,0,-0.3403477758016253,8.0,-68.0,76.0,16.2365,16.1995997348788,16.529187458555274,0.012752437474630285,-0.28910862668370996,-0.30186106415834024
1633579200,2021-10-07,16.27,16.71,16.17,16.58,8460879.0,16.1995,17.10740913642227,15.29159086357773,16.6785,15.7815,16.23,16.1995,0.5399999999999991,16.9,15.499,0,51.18127721684413,-4.272517321016178,-13.318788603985993,61.34892688402861,16.00709475926998,0.4478590724716321,28.68493208709416,249797971.0,3964086.04,1,-0.18343479159867107,4.0,-68.0,72.0,16.1995,16.23582833155701,16.53118010723938,0.06301135507806255,-0.22309687031076209,-0.28610822538882463
1633665600,2021-10-08,16.6,16.93,16.52,16.53,3455882.0,16.181,17.045081014719702,15.3169189852803,16.65266666666667,15.76666666666667,16.209666666666667,16.181,0.41000000000000014,16.873250000000002,15.488750000000001,0,50.639421721299186,-2.1893491124260205,-10.550083236022969,69.54138399823938,16.035468927199734,0.44515485300937263,26.914539435573555,246342089.0,3983609.14,0,-0.23406096237949736,12.0,-56.0,68.0,16.181,16.263844680932532,16.53113382852411,0.09062702248707388,-0.17282444727998225,-0.26345146976705613
1633924800,2021-10-11,16.53,16.66,16.21,16.23,2659977.0,16.1405,16.910551296991972,15.370448703008028,16.627499999999998,15.726499999999998,16.177,16.1405,0.4499999999999993,16.844,15.437,0,47.46562428281526,-4.753521126760556,-9.54992908732476,63.59850445370362,16.0377968267987,0.44550093493727455,25.450416729945992,243682112.0,3962969.98,0,-0.1917605774728057,8.0,-56.0,64.0,16.1405,16.260621377986578,16.519324658778064,0.08644170715794311,-0.15539933581962728,-0.2418410429775704
1634011200,2021-10-12,16.19,16.56,16.13,16.48,3099279.0,16.14,16.909155380920538,15.370844619079463,16.601666666666667,15.721666666666668,16.161666666666665,16.14,0.4299999999999997,16.82775,15.452250000000001,0,50.20332495127977,-0.0606428138265495,-7.501848352880253,63.82081072406053,16.04759255184402,0.44439372529889776,24.27037647901795,246781391.0,3957400.04,0,-0.12514959525915229,4.0,-56.0,60.0,16.14,16.281514580083094,16.51778251529657,0.09744625004515906,-0.12003323042112157,-0.21747948046628063
1634097600,2021-10-13,18.01,18.38,17.78,18.3,15869021.0,16.2035,17.36546858821529,15.041531411784707,16.667833333333334,15.787833333333333,16.227833333333333,16.2035,1.8999999999999986,16.988749999999996,15.418249999999999,0,64.41434200948072,7.457428068115088,2.3708161541377684,69.95427126985768,16.45093411097397,0.5483656020632621,24.986554574442582,262650412.0,4212843.4,1,0.061057705698585,100.0,43.99999999999999,56.00000000000001,16.2035,16.473751286741848,16.587673397049645,0.21736625794216569,0.05422834196142645,-0.16313791598073923
1634184000,2021-10-14,18.44,18.57,18.0,18.08,6959960.0,16.281,17.69841878074162,14.86358121925838,16.753666666666668,15.859666666666666,16.306666666666665,16.281,0.5700000000000003,17.067749999999997,15.49425,0,62.157274918288664,9.376890502117345,8.412647553170897,72.75876161862902,16.609593685567994,0.5499109162016006,25.85201249106353,255690452.0,4281763.02,0,0.05777124853347833,96.0,44.0,52.0,16.281,16.626727354671196,16.64619600893005,0.268582508433174,0.1725902195607283,-0.09599228887244574
1634270400,2021-10-15,18.19,18.35,17.95,18.18,3526117.0,16.3685,18.010221961843442,14.726778038156558,16.8415,15.936499999999999,16.389000000000003,16.3685,0.40000000000000213,17.1635,15.573500000000001,0,62.781264334676486,10.651247717589776,13.192474730630407,73.97643220730424,16.722034634683748,0.5392029936157722,26.538537315909032,259216569.0,4213287.7,0,0.1308002050661729,92.0,44.0,48.0,16.3685,16.77465808279775,16.70634518505044,0.29386123286976507,0.2713342522147606,-0.02252698065500447
1634529600,2021-10-18,17.98,18.04,17.78,17.86,10925992.0,16.46,18.216063780162642,14.70393621983736,16.90566666666667,16.057666666666666,16.481666666666666,16.46,0.3999999999999986,17.22275,15.69725,0,59.4777533914967,11.416094822208347,15.37789004476351,68.17495194154958,16.941906057063424,0.5292599226432169,26.770107362565447,248290577.0,4360354.14,0,0.1173489269942688,88.0,44.0,44.0,16.46,16.878023979674154,16.75158655034258,0.2740844779676075,0.3200786168045049,0.04599413883689741
1634616000,2021-10-19,18.05,18.13,17.73,17.74,3036507.0,16.544,18.374632677518658,14.713367322481343,16.997333333333334,16.137333333333334,16.567333333333334,16.544,0.3999999999999986,17.3135,15.774500000000002,0,58.26749063293697,10.46077210460772,16.516874283040334,69.60392768493796,17.0655689294412,0.5200270710258441,27.102298614083264,245254070.0,4340817.82,0,0.04655845787791749,84.0,44.0,40.0,16.544,16.960116933990903,16.790347862093853,0.2392433904537672,0.3450483769041064,0.10580498645033921
1634702400,2021-10-20,17.75,18.04,17.71,17.84,2197850.0,16.631,18.532955835449172,14.72904416455083,17.083000000000002,16.219,16.651,16.631,0.3299999999999983,17.40125,15.860750000000001,0,58.99932246518004,10.807453416149057,17.720070839111884,65.41334957112664,17.175354052671597,0.5064537088097122,27.35857711562067,247451920.0,4314439.32,0,0.11337759994902516,80.0,44.0,36.0,16.631,17.043915321229864,16.831510691031347,0.21028130044227422,0.368656612003182,0.15837531156090778
1634788800,2021-10-21,17.71,17.86,17.58,17.64,2677495.0,16.6995,18.642749597967068,14.756250402032933,17.150166666666667,16.290166666666668,16.720166666666668,16.6995,0.28000000000000114,17.4615,15.9375,0,56.898711545324154,8.420405654578985,17.777372202590445,66.73165533999287,17.28845124979212,0.49027844389473285,27.246893640286853,244774425.0,4310082.62,0,0.12298496568980857,76.0,44.0,32.0,16.6995,17.100685290636545,16.863216154128157,0.1668977200215852,0.36699746158788926,0.20009974156630406
1634875200,2021-10-22,17.66,17.86,17.53,17.65,2826536.0,16.770999999999997,18.743428959430272,14.798571040569724,17.221666666666668,16.355666666666668,16.788666666666668,16.770999999999997,0.3299999999999983,17.537499999999998,16.004499999999997,0,56.979327719950405,8.81627620221948,17.85482536907587,62.77114154508823,17.38085222353089,0.47882998361653756,27.005913949365922,247600961.0,4302106.86,0,0.09958453520035088,72.0,44.0,28.000000000000004,16.770999999999997,17.153000977242588,16.894070422593717,0.12977058351457424,0.36231297095952186,0.23254238744494762
1635134400,2021-10-25,17.62,18.01,17.62,18.01,719004.0,16.8815,18.871497738691986,14.891502261308013,17.312166666666666,16.457166666666666,16.884666666666668,16.8815,0.39000000000000057,17.63975,16.12325,0,59.82672500366462,13.987341772151904,19.058900529481516,59.989307409026296,17.521809056577325,0.47248498478678497,27.03791355411446,248319965.0,4273789.82,0,0.029806366092454014,68.0,44.0,24.0,16.8815,17.234619931790913,16.93783236680573,0.12055153961703985,0.38323181196624745,0.2626802723492076
1635220800,2021-10-26,18.01,18.24,17.88,18.01,3323211.0,17.0075,18.947612110162517,15.067387889837482,17.435499999999998,16.580499999999997,17.008,17.0075,0.35999999999999943,17.76575,16.24925,0,59.82672500366461,16.26856036152357,20.033283447213144,59.82583298716998,17.63000499031777,0.46445034301630034,27.441097062464742,251643176.0,4284469.5,0,-0.03263543748732904,64.0,44.0,20.0,17.0075,17.308465652572732,16.97987815634276,0.10605890469416579,0.3952539032169149,0.2891949985227491
1635307200,2021-10-27,18.01,18.24,17.92,18.16,3234977.0,17.1325,19.030929614180966,15.234070385819034,17.5535,16.7175,17.1355,17.1325,0.31999999999999673,17.8765,16.3885,0,61.0179055462177,15.964240102171138,21.310415477685975,56.995526173554595,17.803859004334008,0.45413246137227864,27.815481748790006,254878153.0,4283359.76,0,-0.07821133488707711,60.0,44.0,16.0,17.1325,17.38956416185152,17.026157444329318,0.09835153282898829,0.4121344145589845,0.3137828817299962
1635393600,2021-10-28,18.15,18.37,18.15,18.34,2784915.0,17.2595,19.123908485284094,15.395091514715906,17.660166666666665,16.84616666666667,17.253166666666665,17.2595,0.22000000000000242,17.977999999999998,16.541,0,62.42523028341569,16.0759493670886,22.935078602853864,56.74515502106738,17.886840681291567,0.43740871413140175,28.38004786066954,257663068.0,4294422.12,0,0.004184476483600247,100.0,88.0,12.0,17.2595,17.480081860722805,17.077680681806598,0.09699143244172831,0.43502217228215656,0.33803073984042825
1635480000,2021-10-29,18.17,18.35,18.04,18.1,3539391.0,17.3865,19.11135680565065,15.661643194349352,17.777833333333334,16.981833333333334,17.37983333333333,17.3865,0.3100000000000023,18.0915,16.681500000000003,0,59.414731722905735,16.323907455012858,23.04541969677269,55.73232015116197,17.96443993548336,0.42830809169344464,28.521500504867756,254123677.0,4296775.7,0,0.008055761470153149,96.0,88.0,8.0,17.3865,17.53912168351111,17.117771635461242,0.07265649566219745,0.4288513594181751,0.35619486375597764
1635739200,2021-11-01,18.11,18.58,18.05,18.48,2913745.0,17.5245,19.13156533781281,15.917434662187192,17.916166666666665,17.113166666666665,17.514666666666663,17.5245,0.5299999999999976,18.23475,16.81425,0,62.43413044235878,17.557251908396946,24.354254706051783,55.835955783379816,18.058363441234473,0.435571799429627,29.059010881588126,257037422.0,4303511.58,0,0.006035985101669492,100.0,96.0,4.0,17.5245,17.628729142224337,17.171192355639235,0.07459840684253977,0.44944287230915236,0.3748444654666126
1635825600,2021-11-02,18.48,18.49,18.13,18.35,5150936.0,17.64,19.131589755931376,16.148410244068625,18.03633333333333,17.232333333333337,17.63433333333333,17.64,0.35999999999999943,18.351,16.929000000000002,0,60.80510364336804,14.401496259351637,24.728688187635512,37.319390812856874,18.055720461915655,0.43017381375608216,29.558127659971323,251886486.0,4359431.48,0,-0.18773189405086227,96.0,84.0,12.0,17.64,17.69742160486964,17.21742010639848,0.06019130565815067,0.45008359753930094,0.38989229188115027
1635912000,2021-11-03,18.17,18.39,18.07,18.18,2638316.0,17.737000000000002,19.09844188271092,16.375558117289085,18.131333333333334,17.35033333333333,17.740833333333335,17.737000000000002,0.3200000000000003,18.43075,17.043250000000004,0,58.69694343468798,11.945812807881783,24.12548407381195,26.411447018028767,18.04148979820019,0.4223042556306477,29.787318927952434,249248170.0,4347538.36,0,-0.1196340377261184,92.0,84.0,8.0,17.737000000000002,17.743381452024913,17.25516833752011,0.03360230959349314,0.43189517887301676,0.3982928692795236
1635998400,2021-11-04,18.04,18.09,17.49,17.74,6364447.0,17.794999999999998,19.048929822597522,16.541070177402474,18.198666666666668,17.41166666666667,17.805166666666665,17.794999999999998,0.6900000000000013,18.499999999999996,17.09,0,53.63100759724507,6.996381182147167,21.296765185035806,25.0353397466111,18.00089332229537,0.4414253802284587,28.097572345696413,242883723.0,4398481.32,-1,-0.14352126274056506,88.0,84.0,4.0,17.794999999999998,17.743059408974922,17.274181343891872,-0.016535578761034564,0.37762339582823046,0.394158974589265
1636084800,2021-11-05,18.47,19.2,18.43,18.94,9642059.0,17.9155,19.122321859264858,16.708678140735145,18.326500000000003,17.5035,17.915,17.9155,1.4600000000000009,18.699250000000003,17.13175,0,62.838517487121145,14.579552329098608,23.038123157799692,44.98913095927329,18.18555011918621,0.5141807102121403,28.489904022559113,252525782.0,4513952.6,1,-0.0034888018953606647,100.0,96.0,4.0,17.9155,17.85705375097731,17.339507565700035,0.025893510961246757,0.42652586329082354,0.4006323523295768
1636347600,2021-11-08,18.99,19.03,18.18,18.23,6070415.0,18.0155,18.94717537264839,17.08382462735161,18.452166666666667,17.589166666666667,18.020666666666667,18.0155,0.8500000000000014,18.82925,17.20175,0,55.92252086017502,12.322858903265557,20.857999103183236,42.34672838243755,18.236503462674126,0.5381678023398446,28.222025163130006,246455367.0,4551522.98,0,-0.048992354968890484,96.0,92.0,4.0,18.0155,17.892572441360425,17.374428837633367,0.0021668317867750697,0.4033408920630457,0.4011740602762706
1636434000,2021-11-09,18.41,18.41,17.83,17.86,3530105.0,18.0845,18.70277097619048,17.466229023809518,18.541833333333333,17.663833333333333,18.102833333333333,18.0845,0.5800000000000018,18.909499999999998,17.2595,1,52.73849667165356,8.373786407766984,17.576064325092187,41.32445306181465,18.238361426289377,0.5411558164584273,27.16411089506477,242925262.0,4552525.4,0,-0.09651404722250602,92.0,76.0,16.0,18.0845,17.889470304088004,17.393470844000685,-0.040088142903094814,0.3510638816474021,0.3911520245504969
1636520400,2021-11-10,17.74,18.23,17.74,17.96,2455278.0,18.0675,18.67980302955279,17.455196970447208,18.527499999999996,17.6605,18.094,18.0675,0.490000000000002,18.786749999999998,17.34825,1,53.49184085382792,-1.8579234972677587,15.439593221448641,41.45719372950784,18.25315989077304,0.5375018295685398,25.983031957756037,245380540.0,4517129.22,0,-0.07372123157915153,88.0,76.0,12.0,18.0675,17.896187417984383,17.415687673647717,-0.06165554769202991,0.31408258993545957,0.3757381376274895
1636606800,2021-11-11,18.11,18.22,17.87,18.11,3503087.0,18.069,18.68156509858098,17.45643490141902,18.509,17.664,18.0865,18.069,0.34999999999999787,18.771749999999997,17.36625,1,54.633634310450375,0.16592920353982932,14.272000556524597,47.11652532180493,18.27046357877539,0.5241088417422153,24.886315801683644,248883627.0,4523466.56,0,-0.0357419840916662,84.0,76.0,8.0,18.069,17.91655052103349,17.442915608014474,-0.06579437679869748,0.2934951666291177,0.35928954342781516
1636693200,2021-11-12,18.15,18.28,18.09,18.15,2648395.0,18.067500000000003,18.679116710039487,17.455883289960518,18.499166666666667,17.675166666666666,18.08716666666667,18.067500000000003,0.19000000000000128,18.754500000000004,17.3805,1,54.944129525324364,-0.16501650165017126,13.485131939074066,48.8829602900343,18.270870255464725,0.5002439244749143,23.98676529289054,251532022.0,4500574.94,0,-0.06386981363624084,80.0,76.0,4.0,18.067500000000003,17.938783804744585,17.47064440770018,-0.06566233238086316,0.27721162795173626,0.3428739603325994
1636952400,2021-11-15,18.24,18.92,18.15,18.9,2951176.0,18.1195,18.821823999304833,17.417176000695164,18.562833333333334,17.687833333333334,18.125333333333334,18.1195,0.7700000000000031,18.834249999999997,17.40475,1,60.30607761602037,5.823068309070544,15.213061321028926,48.64454175553733,18.30386341770223,0.5195122155838492,24.255082281420563,254483198.0,4523777.48,0,0.0005111384630187575,76.0,72.0,4.0,18.1195,18.03032820429272,17.526697568182527,-0.01740011011685516,0.3211238226865305,0.33852393280338566
1637038800,2021-11-16,18.98,19.01,18.86,18.88,6178413.0,18.1765,18.929581004938747,17.423418995061255,18.602833333333333,17.752833333333335,18.177833333333332,18.1765,0.15000000000000213,18.872500000000002,17.4805,0,60.105293630456636,6.426155580608797,16.471566239956946,51.34323493602828,18.377145326411604,0.4931184858992887,24.638347288931097,248304785.0,4568961.08,0,-0.10135667894584173,72.0,44.0,28.000000000000004,18.1765,18.111249327693415,17.579768251783214,0.009399246975057007,0.3502729915222069,0.3408737445471499
1637125200,2021-11-17,18.83,18.89,18.53,18.66,2055411.0,18.2175,18.982035806878635,17.452964193121367,18.645833333333332,17.792833333333334,18.21933333333333,18.2175,0.35999999999999943,18.915750000000003,17.51925,0,57.87417886456149,4.596412556053813,16.54298259435574,47.28587250694019,18.39226695504015,0.483610022620768,24.13263998155125,246249374.0,4563924.42,0,-0.14612910964934234,68.0,44.0,24.0,18.2175,18.16351129648452,17.62213028112505,0.008556273850640728,0.35156908686045085,0.3430128130098101
1637211600,2021-11-18,18.59,18.7,18.45,18.61,3265186.0,18.266,19.000313284640537,17.53168671535946,18.689,17.839,18.264,18.266,0.25,18.962,17.569999999999997,0,57.36475643881409,5.498866213151921,16.388155857765703,47.4414919912658,18.41660770952727,0.4669235924335703,23.46388706070035,242984188.0,4579436.64,0,-0.09486344862529907,64.0,44.0,20.0,18.266,18.20603403015266,17.66087027010054,0.0012613150818228114,0.34458945686208864,0.3433281417802658
1637298000,2021-11-19,18.55,18.64,18.29,18.52,4337512.0,18.3095,18.99408673665182,17.62491326334818,18.730166666666666,17.878166666666665,18.304166666666667,18.3095,0.3500000000000014,19.007,17.612,1,56.42372555763169,4.929178470254963,15.875345913509154,41.5336556601203,18.423602626887092,0.45857190725974395,22.4444560040434,238646676.0,4621133.38,0,-0.10006057405743624,60.0,44.0,16.0,18.3095,18.235935551090503,17.69456163205738,-0.012250790845078907,0.3280146532239172,0.3402654440689961
1637557200,2021-11-22,18.52,19.12,18.41,18.73,4681501.0,18.345499999999998,19.038968816890563,17.652031183109433,18.789833333333334,17.905833333333334,18.347833333333334,18.345499999999998,0.7100000000000009,19.067,17.623999999999995,1,58.11147125125375,3.9977790116601826,16.11986016466186,49.66465656234616,18.457754996144175,0.4765310567411909,22.378136214277703,243328177.0,4671080.34,0,-0.12746682672839402,56.00000000000001,44.00000000000001,12.0,18.345499999999998,18.2829893081295,17.735167058251207,-0.009778136068412935,0.3280427739834799,0.33782091005189285
1637643600,2021-11-23,18.72,19.37,18.67,19.05,7017040.0,18.3975,19.136982927456486,17.658017072543515,18.856166666666667,17.938166666666667,18.397166666666667,18.3975,0.6999999999999993,19.1445,17.6505,1,60.56157009932457,5.7745696835091564,17.338618930415915,57.2617675723336,18.52978476221609,0.49249312411682006,22.71311105015664,250345217.0,4736131.78,0,-0.0968010522587855,100.0,92.0,8.0,18.3975,18.3560379454505,17.786729134398218,0.009626065761670577,0.3498534922539811,0.3402274264923105
1637730000,2021-11-24,18.95,19.23,18.95,19.05,2740607.0,18.442,19.224805212041684,17.659194787958317,18.90266666666667,17.988666666666667,18.445666666666668,18.442,0.28000000000000114,19.186,17.698,0,60.56157009932457,4.900881057268726,18.33462913574129,64.91678517173297,18.633150475099253,0.4773150438227615,23.024159112044227,253085824.0,4721761.5,0,-0.0979976058742307,96.0,92.0,4.0,18.442,18.422129569693308,17.836269168343385,0.018181840769729174,0.362954727454472,0.3447728866847428
1637902800,2021-11-26,18.56,18.8,18.4,18.62,4299544.0,18.456,19.241019744974373,17.670980255025626,18.927666666666667,17.995666666666665,18.461666666666666,18.456,0.6500000000000021,19.23225,17.67975,0,55.70989093132291,1.5267175572519145,17.1528116836406,53.74924473433255,18.592438557039813,0.4896496835497072,21.925302979557863,248786280.0,4738206.94,0,-0.15584662094377166,92.0,88.0,4.0,18.456,18.44097437257966,17.867003710761292,-0.007993511383496743,0.33478099745537193,0.3427745088388687
1638162000,2021-11-29,18.84,18.84,18.15,18.56,4341505.0,18.479,19.247736625899687,17.71026337410031,18.964333333333336,17.994333333333334,18.479333333333336,18.479,0.6900000000000013,19.28375,17.674249999999997,1,55.06199377971567,2.541436464088383,15.91056054920195,55.45044790580265,18.598985844025595,0.5039604204390139,20.36957446982814,244444775.0,4652454.06,0,-0.046508694839836016,88.0,52.0,36.0,18.479,18.45231014661969,17.894180035829475,-0.03093475153317543,0.30410606942239937,0.3350408209555748
1638248400,2021-11-30,18.42,18.87,18.28,18.36,11065405.0,18.473000000000003,19.24348296541821,17.702517034581795,18.974,17.997999999999998,18.486,18.473000000000003,0.5899999999999999,19.282250000000005,17.66375,1,52.90320149603364,-0.6493506493506547,13.952506906272552,48.62093159809958,18.614234106477415,0.51010610469337,18.988578346965163,233379370.0,4740509.5,-1,-0.12043190048873137,84.0,52.0,32.0,18.473000000000003,18.443518704084482,17.91244748540479,-0.05951026159521716,0.2606529939615534,0.32016325555677055
1638334800,2021-12-01,18.65,19.4,18.62,18.98,6406301.0,18.5045,19.30328595380718,17.70571404619282,19.028833333333335,18.01083333333333,18.51983333333333,18.5045,1.0399999999999991,19.36475,17.64425,1,58.245196274105105,3.4332425068119834,14.541265338794823,55.48859682500179,18.675872081496447,0.5479556686438436,18.731645078016154,239785671.0,4746136.7,0,-0.1168653783779599,80.0,52.0,28.000000000000004,18.5045,18.494612160838344,17.954312289898724,-0.037653127173785494,0.2730968465895387,0.3107499737633242
1638421200,2021-12-02,19.15,19.64,19.08,19.36,7379176.0,18.563499999999998,19.42920838046057,17.697791619539426,19.098166666666664,18.056166666666666,18.577166666666667,18.563499999999998,0.6600000000000001,19.44925,17.677749999999996,1,61.09237723764774,6.490649064906489,16.31524219801634,58.20750243046039,18.779413853188842,0.5559588351692833,18.89233961775878,247164847.0,4838684.84,0,-0.12909257415276168,100.0,76.0,24.0,18.563499999999998,18.57703005028231,18.00943729813799,-0.000561995559344941,0.310047479314143,0.31060947487348795
1638507600,2021-12-03,19.44,19.49,19.0,19.13,4364539.0,18.633,19.444593494305916,17.821406505694082,19.16433333333333,18.133333333333333,18.648833333333336,18.633,0.48999999999999844,19.50375,17.762249999999998,1,58.5487869369388,7.835400225479147,16.631600706824564,53.058778507925204,18.82822843276848,0.5512474898000487,18.841357444681048,242800308.0,4828743.8,0,-0.14107000135950934,96.0,76.0,20.0,18.633,18.62969385501733,18.053380933505128,0.005205637927474194,0.3171165222828307,0.3119108843553565
1638766800,2021-12-06,19.33,19.47,19.14,19.32,5023919.0,18.651999999999997,19.508028036923843,17.795971963076152,19.165,18.178,18.6715,18.651999999999997,0.33999999999999986,19.43875,17.865249999999996,0,59.99707207730163,2.006335797254483,17.520787567064183,54.485481096328904,18.86823455580077,0.5361583833857595,18.79401685539458,247824227.0,4831913.98,0,-0.1690751511301564,92.0,76.0,16.0,18.651999999999997,18.69543729739663,18.103052269446103,0.01782951484854861,0.3341977779160423,0.3163682630674937
1638853200,2021-12-07,19.35,19.68,19.26,19.33,4258355.0,18.707,19.58847830376006,17.825521696239942,19.190666666666665,18.246666666666666,18.718666666666667,18.707,0.41999999999999815,19.4615,17.9525,0,60.07435642563899,6.034009873834327,18.2676405280124,53.33039241618136,18.89721672833188,0.5278613560010622,19.135100978191634,252082582.0,4808819.56,0,-0.14988122178342062,88.0,76.0,12.0,18.707,18.75587184050171,18.151167866722727,0.022561171280476355,0.3445697271680892,0.32200855588761285
1638939600,2021-12-08,19.24,19.65,19.24,19.59,4410082.0,18.7935,19.665010757248435,17.921989242751568,19.255166666666664,18.328166666666668,18.791666666666668,18.7935,0.41000000000000014,19.53525,18.051750000000002,0,62.07940393482577,9.686450167973126,19.74790525764117,57.679328094037075,18.938634848313384,0.5194426877152721,19.392580809984555,256492664.0,4791972.36,0,-0.09493954712306484,100.0,92.0,8.0,18.7935,18.835312617596788,18.207592656263014,0.03800109004008961,0.36950991843772485,0.33150882839763524
1639026000,2021-12-09,19.57,19.62,19.25,19.3,2855203.0,18.860500000000002,19.669164949159885,18.05183505084012,19.319833333333335,18.404833333333332,18.862333333333332,18.860500000000002,0.370000000000001,19.59325,18.127750000000002,0,58.62286971251496,7.461024498886413,19.497116613062456,57.90061552132342,18.971949384534124,0.5087682100213242,19.631669225220836,253637461.0,4741066.34,0,-0.13643549687917692,96.0,92.0,4.0,18.860500000000002,18.879568558778047,18.250432159938974,0.02415702684779364,0.3617051119573773,0.3375480851095837
1639112400,2021-12-10,19.36,19.46,19.24,19.42,3062880.0,18.926,19.691986945058318,18.16001305494168,19.378666666666668,18.476666666666667,18.927666666666667,18.926,0.22000000000000242,19.649,18.202999999999996,0,59.6025996610485,7.2335726118166885,19.700779455279225,58.78268519779068,19.01852082780731,0.48814190930551554,19.81968990849241,256700341.0,4679583.68,0,-0.13070604425261242,92.0,80.0,12.0,18.926,18.931038219846805,18.296297565431566,0.018794243176413927,0.3610408890801011,0.3422466459036872
1639371600,2021-12-13,19.19,19.41,19.1,19.15,4440734.0,18.976000000000003,19.658887984957854,18.29311201504215,19.437,18.523,18.979999999999997,18.976000000000003,0.3200000000000003,19.708750000000002,18.243250000000003,1,56.43760138622138,5.5096418732782375,18.49544255064365,52.4565898257534,19.048328715709747,0.4761317729265501,19.511993985248896,252259607.0,4673365.52,0,-0.16668095521477064,88.0,80.0,8.0,18.976000000000003,18.951891722718536,18.329776092277385,-0.005903237590085542,0.3348675989160803,0.34077083650616585
1639458000,2021-12-14,19.1,19.51,19.09,19.19,5745816.0,18.9905,19.678612636128562,18.30238736387144,19.449833333333334,18.570833333333333,19.010333333333335,18.9905,0.4200000000000017,19.697000000000003,18.284,1,56.79537731157675,1.5343915343915489,17.657677811296193,51.64720435887287,19.067705211212925,0.4721223605746538,19.472194525308197,258005423.0,4714645.36,0,-0.2209903986399823,84.0,80.0,4.0,18.9905,18.97456870150725,18.36351036316847,-0.021627718712002253,0.3137361881161631,0.33536390682816536
1639544400,2021-12-15,19.28,19.36,19.01,19.26,5119663.0,19.0095,19.705300977291497,18.3136990227085,19.4745,18.575499999999998,19.025,19.0095,0.34999999999999787,19.730999999999998,18.288,1,57.4392836518501,2.012711864406793,17.222964624188418,46.167633050241584,19.077378309169326,0.4633993348193212,19.14705605438643,263125086.0,4685085.44,0,-0.17285558877199667,80.0,76.0,4.0,19.0095,19.001752634697034,18.3986668195148,-0.02893997034838508,0.299188943892684,0.3281289142410691
1639630800,2021-12-16,19.26,19.75,19.21,19.47,3298055.0,19.05,19.753960226149047,18.346039773850954,19.52266666666667,18.605666666666668,19.06416666666667,19.05,0.5399999999999991,19.785,18.315,1,59.352331254571325,4.34083601286173,17.64475725744438,51.377876605903566,19.12392483796488,0.46887081090365534,19.76368972832433,266423141.0,4670235.98,0,-0.18296010396296225,76.0,72.0,4.0,19.05,19.046347621868748,18.44067988541618,-0.021595846220653747,0.30113410646525196,0.3227299526859057
1639717200,2021-12-17,19.37,19.87,19.24,19.75,4742335.0,19.107,19.843100536611562,18.370899463388437,19.593333333333334,18.638333333333332,19.115833333333335,19.107,0.6300000000000026,19.8705,18.3435,1,61.76445332807868,6.125738850080605,19.03847085048295,57.62552582147376,19.1930504959119,0.4803800386962516,20.582320894347866,271165476.0,4595865.1,0,-0.15260084659907353,100.0,96.0,4.0,19.107,19.11336213407172,18.492025772262604,-0.0009339230583533253,0.3215625488629641,0.3224964719213174
1639976400,2021-12-20,19.54,19.69,19.29,19.62,2864279.0,19.162,19.878564023657237,18.44543597634276,19.648333333333333,18.688333333333336,19.168333333333333,19.162,0.46000000000000085,19.93375,18.390249999999998,1,60.023657600987384,5.939524838012967,19.4592533687792,64.56056232214382,19.327589886962446,0.47892432164651944,21.342478405655434,268301197.0,4584033.04,0,-0.016994805056996295,96.0,52.0,44.0,19.162,19.161613359398224,18.536260055703288,0.0008290928101116757,0.32353283793395704,0.32270374512384536
1640062800,2021-12-21,19.82,20.33,19.78,20.29,3481351.0,19.240000000000002,20.080404664432482,18.399595335567522,19.709333333333333,18.765333333333334,19.237333333333332,19.240000000000002,0.7099999999999973,20.011750000000003,18.46825,0,65.32550475133873,8.328884143085952,22.27201917129958,63.01624129877115,19.407917575695343,0.49542972724319645,23.16746364662212,271782548.0,4600460.52,0,0.03899632349728155,100.0,60.0,40.0,19.240000000000002,19.26907875374125,18.605034171165904,0.04170646089831437,0.37483682124673834,0.33313036034842397
1640149200,2021-12-22,20.29,20.79,20.21,20.78,4431130.0,19.326500000000003,20.39582268282306,18.257177317176946,19.7815,18.8495,19.3155,19.326500000000003,0.5799999999999983,20.089250000000003,18.563750000000002,0,68.53776947050919,9.081364829396326,26.16340939815755,61.3318586278755,19.50441471234666,0.5014704610115395,25.4307291140202,276213678.0,4627097.54,0,0.11461458201681485,100.0,64.0,36.0,19.326500000000003,19.412976015289704,18.690326948767243,0.09337485105717724,0.4498489241698955,0.3564740731127183
1640235600,2021-12-23,20.8,20.92,20.5,20.5,3658880.0,19.399,20.574821415011616,18.223178584988386,19.866666666666667,18.92066666666667,19.393666666666668,19.399,0.4200000000000017,20.172250000000002,18.62575,0,64.92018031271371,7.611548556430442,27.575304012952177,68.49852412542464,19.599453018011364,0.4956511423678582,27.6730345089364,272554798.0,4382894.72,0,0.08796763031305442,96.0,64.0,32.0,19.399,19.516502109071638,18.761294519403823,0.09974588109004667,0.4811564244752766,0.38141054338522995
1640581200,2021-12-27,20.52,20.66,20.33,20.65,2418837.0,19.5005,20.73863529147664,18.262364708523357,19.96016666666667,19.021166666666666,19.490666666666666,19.5005,0.33000000000000185,20.24975,18.75125,0,65.93413448581079,10.902255639097731,29.14747330651023,62.50315130246536,19.667814178877457,0.4838189179130113,29.10672803615214,274973635.0,4292072.26,0,0.12528782319250267,92.0,64.0,28.000000000000004,19.5005,19.624454289160052,18.83536140099583,0.10460567783176417,0.5121676406749351,0.407561962843171
1640667600,2021-12-28,20.66,20.77,20.41,20.52,2035873.0,19.598499999999998,20.833623880426565,18.36337611957343,20.046166666666664,19.140166666666666,19.59316666666667,19.598499999999998,0.35999999999999943,20.322999999999997,18.874,0,64.24020099850901,10.560344827586214,29.641017093492106,61.02599703149291,19.722432828109824,0.4749747094906533,30.58274154370227,272937762.0,4262267.38,0,0.1695305637169132,88.0,64.0,24.0,19.598499999999998,19.709744356859094,18.90142565978031,0.09015614088012625,0.5202571389433288,0.43010099806320257
1640754000,2021-12-29,20.47,20.53,20.3,20.35,3085382.0,19.698,20.834707526147344,18.561292473852657,20.122666666666667,19.252666666666666,19.687666666666665,19.698,0.23000000000000043,20.395500000000002,19.0005,0,62.0459737076977,10.838779956427027,29.057209620027223,53.93261912355444,19.782548104701252,0.4574765159556066,31.524516184150205,269852380.0,4105455.18,0,0.07900318511230199,84.0,64.0,20.0,19.698,19.770721084777275,18.958232496651668,0.06160316562269985,0.5071049550915774,0.44550178946887753
1640840400,2021-12-30,20.36,20.91,20.36,20.83,7867790.0,19.7905,20.978380044448954,18.60261995555105,20.196166666666663,19.349166666666665,19.772666666666666,19.7905,0.5599999999999987,20.452,19.129,0,65.54389193656974,9.747102212855626,30.092751451705723,63.28762415102588,19.930791267417625,0.4647996219587775,32.920255634093216,277720170.0,4202080.84,1,0.20817840941360466,100.0,84.0,16.0,19.7905,19.87160479098896,19.0316351438418,0.0670482980147401,0.5293121619873027,0.4622638639725626
1640926800,2021-12-31,20.75,21.28,20.69,21.19,3487766.0,19.881999999999998,21.198139810202573,18.565860189797423,20.282333333333334,19.432333333333332,19.857333333333333,19.881999999999998,0.5899999999999999,20.538249999999998,19.225749999999998,0,67.88086294776241,9.452479338842986,31.990079455959368,68.97014849653239,20.02999380846169,0.47374250610457913,34.63496095360987,281207936.0,4227879.16,0,0.21499137022759418,100.0,88.0,12.0,19.881999999999998,19.997166239466203,19.11627690290683,0.0857064064992587,0.569396872096636,0.48369046559737733
1641186000,2022-01-03,21.23,21.35,20.79,21.16,4160941.0,19.9835,21.363561955131036,18.603438044868962,20.3805,19.5235,19.952,19.9835,0.5600000000000023,20.645,19.322,0,67.47939265180491,10.611604809200216,33.304489770018755,76.53887159546738,20.17271492784502,0.4799037556685379,36.30048094093878,277046995.0,4257548.08,0,0.29311169200101733,96.0,88.0,8.0,19.9835,20.107912311897994,19.196422906714403,0.08658383241691425,0.5919202561185202,0.5053364237016059
1641272400,2022-01-04,21.19,21.36,20.93,20.95,4896698.0,20.065,21.470980085207515,18.659019914792488,20.474,19.607,20.0405,20.065,0.4299999999999997,20.73325,19.39675,0,64.66148863040902,8.436853002070388,33.12783018358877,67.25122268005038,20.346756653077456,0.4763392016922137,37.85800234564958,272150297.0,4298951.32,0,0.2718225224652905,92.0,88.0,4.0,20.065,20.18811113933628,19.265190635862858,0.06458615329887407,0.5860691153251985,0.5214829620263244
1641358800,2022-01-05,20.92,21.18,20.55,20.57,4295855.0,20.127000000000002,21.50698695646015,18.747013043539855,20.55166666666667,19.663666666666664,20.107666666666667,20.127000000000002,0.629999999999999,20.811000000000003,19.443,0,59.89715746923523,6.414899120538034,30.78973196638061,67.79938879075416,20.486065187515532,0.48731497299991267,37.836081291710606,267854442.0,4370488.34,0,0.16230593622752493,88.0,84.0,4.0,20.127000000000002,20.224481507018538,19.316359630534905,0.01840774844088866,0.5444926475774352,0.5260848991365465
1641445200,2022-01-06,20.64,20.8,20.43,20.77,5870613.0,20.186,21.570000000000057,18.801999999999943,20.608333333333334,19.724333333333334,20.166333333333334,20.186,0.370000000000001,20.867,19.505,0,61.46997495014774,6.023481368044919,29.548091288014422,59.062087466513674,20.56267019839471,0.4789353320713476,37.39972699415217,273725055.0,4421436.38,0,0.2429937829048412,84.0,76.0,8.0,20.186,20.27643564920725,19.373365135219814,-0.003533628531494859,0.5216678634721781,0.5252014920036729
1641531600,2022-01-07,20.77,21.18,20.57,21.13,7140897.0,20.277499999999996,21.65706333671208,18.89793666328791,20.698833333333333,19.79083333333333,20.244833333333332,20.277499999999996,0.6099999999999994,20.976499999999998,19.578499999999995,0,64.13512343874511,9.481865284974084,29.667237314281486,60.93948719261027,20.685085658698306,0.4882970940662513,37.609843312202486,280865952.0,4499554.78,1,0.28406318974761435,80.0,76.0,4.0,20.277499999999996,20.357727492139894,19.4422527769759,0.0010853773278863832,0.526558213663531,0.5254728363356446
1641790800,2022-01-10,21.09,21.19,20.83,20.9,4730821.0,20.3515,21.697505572053924,19.00549442794608,20.785833333333336,19.863833333333332,20.324833333333334,20.3515,0.360000000000003,21.061,19.642000000000003,0,61.284282697927054,7.6210092687950395,28.47529948659519,66.63947373345768,20.760822720301228,0.47913301591866214,37.82013457139144,276135131.0,4538472.9,0,0.19824754159055125,76.0,52.0,24.0,20.3515,20.409372492888476,19.49941933474155,-0.015545114780499358,0.5060414428600204,0.5215865576405198
1641877200,2022-01-11,20.98,21.09,20.76,20.94,7516233.0,20.441,21.69009407171767,19.191905928282328,20.872333333333334,19.948333333333334,20.410333333333334,20.441,0.3299999999999983,21.151249999999997,19.73075,0,61.59678495318079,9.347258485639703,27.652456882104005,57.24851432697175,20.813508802501598,0.46848065763875757,37.75279826561433,283651364.0,4618009.74,1,0.15111809274290683,72.0,52.0,20.0,20.441,20.459908445946716,19.55591269416345,-0.027356382975178062,0.4873910789215472,0.5147474618967253
1641963600,2022-01-12,20.9,21.39,20.86,21.33,7611348.0,20.548,21.71397770133063,19.382022298669366,20.97433333333333,20.03933333333333,20.506833333333333,20.548,0.5300000000000011,21.266499999999997,19.8295,0,64.5347703491751,11.151641479937451,28.221377727710234,59.33513570021266,20.86972745556251,0.4728748963788464,38.17595849020315,291262712.0,4711961.8,1,0.1675347392805659,100.0,84.0,16.0,20.548,20.542774308237504,19.625484745372727,-0.01312935572206031,0.49833576724414996,0.5114651229662103
1642050000,2022-01-13,21.31,21.32,20.96,21.04,3850078.0,20.637,21.658980430341153,19.61501956965885,21.069666666666667,20.133666666666663,20.601666666666667,20.637,0.36999999999999744,21.357,19.917,0,60.88867234017342,9.241952232606424,27.060032267512625,53.858358578223886,20.89514142824551,0.4655266894946429,38.5688929844642,287412634.0,4685944.64,0,0.1891083828447154,96.0,84.0,12.0,20.637,20.59012913602441,19.6809559318287,-0.02669392054405606,0.4780977222861402,0.5047916428301963
1642136400,2022-01-14,21.04,21.06,20.8,21.02,3183999.0,20.714499999999997,21.596190988952653,19.832809011047342,21.12983333333333,20.221833333333333,20.675833333333333,20.714499999999997,0.259999999999998,21.4135,20.015499999999996,0,60.63995741384807,7.960965588084236,26.023864775573426,53.229060119173084,20.910190168460485,0.4508462116735968,38.29267899351793,284228635.0,4696858.3,0,0.18605920353251054,92.0,84.0,8.0,20.714499999999997,20.631069218307797,19.733467463913847,-0.039675029888457725,0.4551978554696241,0.4948728853580818
1642482000,2022-01-18,20.97,21.17,20.82,20.88,4418831.0,20.770999999999997,21.535222480695463,20.00677751930453,21.182666666666666,20.302666666666667,20.742666666666665,20.770999999999997,0.3500000000000014,21.448999999999998,20.092999999999996,0,58.868135531434085,5.721518987341767,24.40704754399962,48.66439801407488,20.922735599520625,0.44364291083976853,38.24237551514236,279809804.0,4657945.98,0,0.15062460173689587,88.0,84.0,4.0,20.770999999999997,20.654776911802294,19.77842952415252,-0.05917764168038453,0.4209008332576012,0.4800784749379857
1642568400,2022-01-19,20.94,21.09,20.82,20.92,7542842.0,20.836000000000002,21.389729175680994,20.28227082431901,21.246666666666666,20.379666666666665,20.813166666666667,20.836000000000002,0.2699999999999996,21.499750000000002,20.172250000000002,1,59.22643667246013,6.625891946992867,23.22419050873378,45.780501077376115,20.946095448063843,0.431239845779785,38.19566514236505,287352646.0,4615961.64,0,0.139092815607941,84.0,80.0,4.0,20.836000000000002,20.68003625353541,19.823196993793598,-0.07012338842427768,0.3924242394076387,0.4625476278319164
1642654800,2022-01-20,20.96,21.21,20.19,20.22,5469642.0,20.8325,21.400685709077894,20.264314290922105,21.2905,20.3765,20.8335,20.8325,1.0199999999999996,21.5195,20.1455,1,51.03675060319095,-0.344997535731889,18.41127481621256,36.78512260084728,20.942253676511626,0.4732941425098004,35.92160411017957,281883004.0,4603946.18,0,-0.001023024201152366,80.0,76.0,4.0,20.8325,20.636223277008227,19.83875789599777,-0.12219730963713249,0.30980099078550083,0.4319983004226333
1642741200,2022-01-21,20.13,20.49,19.93,20.21,4407646.0,20.804,21.43371104484544,20.174288955154555,21.270333333333333,20.358333333333334,20.81433333333333,20.804,0.5599999999999987,21.4895,20.118499999999997,1,50.93084695933491,-2.743022136669876,14.547110057083252,31.73846652696392,20.89411644595759,0.47948741804481454,33.59773272935217,277475358.0,4621497.0,0,-0.03328501435754362,76.0,72.0,4.0,20.804,20.595630583959824,19.85331640988021,-0.15300707240310402,0.24073945991875334,0.39374653232185736
1643000400,2022-01-24,20.0,20.43,19.87,20.43,1536759.0,20.8005,21.43766481384359,20.16333518615641,21.2575,20.3315,20.7945,20.8005,0.5599999999999987,21.496499999999997,20.1045,1,53.18068876897241,-0.34146341463414775,12.304705782690469,29.1799131602626,20.868496076517292,0.4852383167558991,31.59350885067966,279012117.0,4603126.62,0,-0.03174004059882986,72.0,64.0,8.0,20.8005,20.579856242630317,19.875931452630006,-0.1538469771886536,0.2014378108360404,0.355284788024694
1643086800,2022-01-25,20.24,20.44,19.96,20.16,5462860.0,20.776,21.469610841899353,20.082389158100646,21.247,20.306,20.7765,20.776,0.4800000000000004,21.483249999999998,20.06875,1,50.2068082719003,-2.3728813559321957,9.133342678533605,29.044435193961505,20.803319294375793,0.4848641512733349,29.702436288193585,273549257.0,4642322.08,0,0.016846502663674857,68.0,64.0,4.0,20.776,20.539869933808383,19.887071395664123,-0.1667783332975662,0.14681187140273622,0.3135902047003024
1643173200,2022-01-26,20.43,20.69,20.03,20.03,3646039.0,20.7515,21.511033409403645,19.991966590596356,21.246166666666667,20.275166666666667,20.760666666666665,20.7515,0.6600000000000001,21.48125,20.02175,0,48.8230803196887,-2.3879142300194856,5.944413494642563,34.25025511778372,20.7776250670087,0.49737385475381096,27.94201651022666,269903218.0,4662274.96,0,0.02220660612860411,64.0,-36.0,100.0,20.7515,20.4913108924933,19.892676438971414,-0.17729589929849815,0.09197033057717974,0.2692662298756779
1643259600,2022-01-27,20.26,20.42,19.68,19.83,5145231.0,20.7255,21.569169959166686,19.881830040833314,21.250833333333336,20.228833333333334,20.739833333333333,20.7255,0.740000000000002,21.4935,19.9575,0,46.73708761675564,-2.55528255528257,2.4005481498106795,34.677747269087305,20.72920801467501,0.5147042936999674,26.540636734047272,264757987.0,4706156.06,0,-0.08889416919619715,60.0,-40.0,100.0,20.7255,20.428328902732034,19.890218539403907,-0.18981234348286927,0.03200080052209131,0.22181314400496058
1643346000,2022-01-28,19.81,20.17,19.66,20.16,5058434.0,20.692,21.56896294106439,19.81503705893561,21.21366666666667,20.195666666666668,20.704666666666668,20.692,0.5100000000000016,21.45625,19.92775,0,50.416552538252326,-3.2165146423427657,1.060427230630822,32.472093245271395,20.652267584217203,0.5143682727213984,25.290276752216013,269816421.0,4683756.48,0,-0.10751013244155751,56.00000000000001,-39.99999999999999,96.0,20.692,20.402773769138506,19.900798204525323,-0.16866953055207906,0.010976230814861765,0.17964576136694083
1643605200,2022-01-31,20.12,20.39,20.12,20.29,6837574.0,20.647,21.509371149795893,19.784628850204104,21.15833333333333,20.172333333333334,20.665333333333333,20.647,0.2699999999999996,21.387249999999998,19.90675,0,51.79737008787989,-4.247286455875423,0.5908267058742924,34.27211930094366,20.5943010144658,0.4969133960984413,23.49535004205893,276653995.0,4779399.74,0,-0.039293806711988025,52.0,-40.0,92.0,20.647,20.392033410172935,19.916061020034135,-0.13991718932542124,0.004749274710164286,0.14466646403558553
1643691600,2022-02-01,20.44,20.46,19.95,20.14,4976938.0,20.595999999999997,21.451602711543313,19.74039728845668,21.110000000000003,20.129,20.6195,20.595999999999997,0.5100000000000016,21.332499999999996,19.859499999999997,0,50.102700578763205,-4.820415879017012,-0.49746096064031636,35.645030451883684,20.528232034005132,0.49784815351998135,22.274828592773343,271677057.0,4813634.78,0,-0.06896490600039348,48.0,-40.0,88.0,20.595999999999997,20.3680302282517,19.92484294081711,-0.1254526347141973,-0.012149329357161065,0.11330330535703623
1643778000,2022-02-02,20.29,20.71,20.03,20.69,7945371.0,20.583,21.424477272420514,19.741522727579483,21.092333333333336,20.086333333333332,20.589333333333336,20.583,0.6799999999999997,21.33825,19.827749999999998,0,55.697143645155464,-1.241050119331733,1.2240376864781675,35.707755011366686,20.449477763796267,0.5108589996971256,20.941249281667243,279622428.0,4885791.96,1,-0.04575022433923619,44.0,-40.0,84.0,20.583,20.398694016037254,19.954849100000757,-0.07574334720403363,0.018624121351994205,0.09436746855602783
1643864400,2022-02-03,20.26,20.6,20.04,20.33,4354435.0,20.571,21.419690756400865,19.72230924359914,21.066666666666666,20.067666666666668,20.56716666666667,20.571,0.6500000000000021,21.32775,19.81425,0,51.70310170530917,-1.1667476908118715,0.8763551817993549,35.52687162321625,20.405476251851884,0.5207976425759024,19.702925635640153,275267993.0,4879250.64,0,-0.012636425830381983,40.0,-40.0,80.0,20.571,20.39215172879561,19.96956090000073,-0.06445062657323176,0.013804185339488129,0.0782548119127199
1643950800,2022-02-04,20.2,20.48,19.78,20.31,5861720.0,20.548000000000002,21.398801974609995,19.69719802539001,21.059333333333335,20.02733333333333,20.543333333333333,20.548000000000002,0.6999999999999993,21.329500000000003,19.7665,0,51.48718673762125,-2.2147327876745346,0.5108850981013021,34.28772257103304,20.363796037529024,0.5335978109633379,18.79239552724596,269406273.0,4856144.24,0,-0.0010196012771470618,36.0,-40.0,76.0,20.548000000000002,20.3843277546246,19.982911452941877,-0.05598374717265414,0.008275127946902217,0.06425887511955636
1644210000,2022-02-07,20.35,20.58,20.07,20.45,4919441.0,20.514000000000003,21.322341511986274,19.705658488013732,21.02466666666667,20.002666666666666,20.51366666666667,20.514000000000003,0.509999999999998,21.288000000000004,19.740000000000002,0,52.93540788873937,-3.2181732134406045,0.8675713119224465,40.84927569114877,20.328182347293556,0.5319122530373851,17.637431465857926,274325714.0,4899720.92,0,0.07163548350365118,32.0,-40.0,72.0,20.514000000000003,20.39058225418416,20.001228650865723,-0.0393934736235908,0.015017033090067855,0.05441050671365866
1644296400,2022-02-08,20.49,20.81,20.39,20.72,4600049.0,20.505,21.299845897014162,19.710154102985836,21.011,19.983,20.497,20.505,0.41999999999999815,21.2835,19.726499999999998,0,55.62466422951129,-0.8612440191387547,2.3997747125944437,49.32309707805334,20.282532780675716,0.5239185206775717,16.858684792468676,278925763.0,4905731.02,0,0.13991821493123024,28.000000000000004,-40.0,68.0,20.505,20.42195537283329,20.02941576259648,-0.010195221560957361,0.04166647976246196,0.05186170132341932
1644382800,2022-02-09,20.89,21.1,20.79,20.93,5240708.0,20.5045,21.29826255895592,19.71073744104408,21.0105,19.9845,20.4975,20.5045,0.38000000000000256,21.28675,19.72225,0,57.607814546914234,-0.047755491881573846,4.577804245331542,57.1325932091243,20.311640466194778,0.5136386263434597,16.869539477550145,284166471.0,4923715.08,0,0.2066784825777207,24.0,-40.0,64.0,20.5045,20.470340575420593,20.064732791514263,0.021569023699059775,0.07882298094724405,0.05725395724818427
1644469200,2022-02-10,20.67,20.96,20.48,20.54,5667773.0,20.465,21.163412485570124,19.766587514429876,20.981333333333335,19.960333333333335,20.47083333333333,20.465,0.4800000000000004,21.2435,19.6865,1,52.97929734018556,-3.7037037037037,4.3999938034767325,56.028414465075834,20.345637724796738,0.5112358673189269,15.938863299477358,278498698.0,4815762.44,0,0.14336536079675924,20.0,-40.0,60.0,20.465,20.476974806332915,20.083370721258802,0.014936691100619542,0.07592482112395871,0.060988130023339165
1644555600,2022-02-11,20.62,20.79,20.12,20.29,4813469.0,20.4275,21.077234561186508,19.77776543881349,20.9615,19.9095,20.4355,20.4275,0.6699999999999982,21.228499999999997,19.6265,1,50.254779530357105,-3.5646387832699618,3.050754980201862,51.49933699836575,20.351258120405546,0.5225761625104319,15.441341985084478,273685229.0,4783905.8,0,0.08463281907984184,16.0,-40.00000000000001,56.00000000000001,20.4275,20.459167681920256,20.09147383022905,-0.006513765605887595,0.05284592301597968,0.059359688621867274
1644814800,2022-02-14,20.25,20.39,19.76,20.1,4480455.0,20.3815,20.985595191174543,19.777404808825455,20.93616666666667,19.847166666666666,20.391666666666666,20.3815,0.629999999999999,21.21025,19.55275,1,48.26895293708362,-4.3767840152235875,1.0826571791878852,52.197740863860325,20.347161661359696,0.5302492937596867,15.742040649281325,269204774.0,4725931.38,0,0.10297755581096878,12.0,-40.0,52.0,20.3815,20.42496123602309,20.091808189827912,-0.032283561024331345,0.019005237341453096,0.05128879836578444
1644901200,2022-02-15,20.35,20.42,20.14,20.27,2935015.0,20.351,20.911353459880633,19.790646540119365,20.898666666666667,19.81666666666667,20.357666666666667,20.351,0.3200000000000003,21.1775,19.5245,1,50.125121924869866,-2.921455938697316,0.30422432023224094,51.73589852736061,20.349184700785948,0.5152314870625662,15.932228321451337,272139789.0,4697340.9,0,0.151162314004921,8.0,-40.0,48.0,20.351,20.41020302306851,20.09879610395231,-0.036361799269285795,0.0058365492791772056,0.042198348548463
1644987600,2022-02-16,20.21,20.38,20.11,20.21,2637562.0,20.3155,20.8136756718269,19.8173243281731,20.863166666666665,19.781166666666667,20.322166666666668,20.3155,0.2699999999999996,21.142,19.489,1,49.4657213612288,-3.3938814531548798,-0.6012033082668723,53.52035712287404,20.37209313764188,0.4977149522723828,16.173491315929148,269502227.0,4649613.76,0,0.19032939177262692,4.0,-40.0,44.0,20.3155,20.391136068490557,20.10315704105222,-0.04122558850771943,-0.009333637086186286,0.03189195142153314
1645074000,2022-02-17,20.07,20.21,19.99,19.99,2700851.0,20.304000000000002,20.820735909338783,19.78726409066122,20.799333333333333,19.797333333333334,20.298333333333332,20.304000000000002,0.22000000000000242,21.070500000000003,19.5375,1,47.07550777651482,-1.1374876360039585,-2.364654538560349,48.03489533377841,20.387763793391358,0.4778781699672128,16.660403774491236,266801376.0,4618463.68,0,0.08569418076409391,4.0,-36.0,40.0,20.304000000000002,20.352932633396218,20.098719510030566,-0.05644364277684251,-0.03866260204951999,0.017781040727322516
1645160400,2022-02-18,19.96,20.24,19.86,19.96,3051275.0,20.2915,20.8284273693901,19.7545726306099,20.780833333333334,19.796833333333332,20.288833333333336,20.2915,0.379999999999999,21.0445,19.5385,1,46.75124246710918,-1.2370113805047007,-3.9362926341281774,40.28791564652757,20.383181139821392,0.47088687211241176,17.390455496872885,263750101.0,4591287.54,0,0.04061233027198035,4.0,-32.0,36.0,20.2915,20.31551047783467,20.093279529245052,-0.06509979161570621,-0.06359369879231025,0.001506092823395963
1645506000,2022-02-22,19.78,20.09,19.64,19.73,3915140.0,20.2565,20.841829821553763,19.671170178446236,20.754166666666666,19.781166666666667,20.267666666666667,20.2565,0.4499999999999993,21.00125,19.51175,1,44.2892496865488,-3.42633382280959,-6.293371322328698,41.004170662458314,20.364007497827316,0.4693949526758109,18.50872416982653,259834961.0,4612486.28,0,0.024178917480779872,68.0,-32.0,100.0,20.2565,20.25974757518375,20.079033273196227,-0.08180445280048179,-0.10074947317720628,-0.018945020376724485
1645592400,2022-02-23,19.72,19.92,19.36,19.36,4837154.0,20.2165,20.920127031885606,19.512872968114394,20.726166666666664,19.745166666666666,20.235666666666667,20.2165,0.5600000000000023,20.96725,19.46575,1,40.66311029185849,-3.9682539682539715,-9.884222085699077,29.934357027367398,20.283215719662213,0.475866741770396,20.042545865786092,254997807.0,4647971.76,0,-0.17976988410790787,64.0,-36.0,100.0,20.2165,20.174057329928154,20.05083588993363,-0.11142610369482944,-0.1582276499952613,-0.046801546300431845
1645678800,2022-02-24,19.07,20.29,18.85,20.17,6453130.0,20.223499999999998,20.92233545989034,19.524664540109654,20.74116666666667,19.682166666666667,20.211666666666666,20.223499999999998,1.4399999999999977,21.032749999999997,19.41425,1,50.081330913058125,0.6989515726410412,-8.42337994026085,39.1576430357995,20.227084223058615,0.5447334030725104,22.19081822426048,261450937.0,4688219.68,0,-0.08962276409464341,60.0,-36.0,96.0,20.223499999999998,20.173670917554045,20.055508992289177,-0.07203225167377597,-0.13684186089265182,-0.06480960921887585
1645765200,2022-02-25,20.17,20.87,19.87,20.38,4340785.0,20.250999999999998,20.928699048250888,19.573300951749108,20.774,19.689,20.2315,20.250999999999998,1.0,21.079749999999997,19.42225,1,52.15386468608874,2.773575390821991,-6.252960002323291,47.32328942226234,20.24114881782365,0.5772524457101882,22.34787378974368,265791722.0,4660119.06,0,-0.14019136633568383,56.00000000000001,-35.99999999999999,92.0,20.250999999999998,20.193321306358424,20.068234129846466,-0.02957233251443142,-0.10177502486191514,-0.07220269234748372
1646024400,2022-02-28,20.35,21.28,20.19,21.23,7059530.0,20.3045,21.10316075401273,19.50583924598727,20.848166666666664,19.705166666666667,20.276666666666664,20.3045,1.0899999999999999,21.176750000000002,19.43225,1,59.34543825995339,5.307539682539684,-0.5908104733816109,49.28143526413708,20.305448448344123,0.6138772710166034,21.46824598179544,272851252.0,4698916.4,1,-0.07164044192175043,100.0,12.0,88.0,20.3045,20.292052610514762,20.11379357573484,0.053494225174550936,-0.005334910879295052,-0.05882913605384599
1646110800,2022-03-01,21.2,21.22,20.19,20.4,7409207.0,20.31,21.10969994372901,19.51030005627099,20.903,19.684,20.2935,20.31,1.0399999999999991,21.24,19.38,1,51.40383565201591,0.542138984721535,-0.027867040298062085,40.015019485390226,20.315642471931074,0.6443146088011317,20.651448731557792,265442045.0,4781139.44,0,-0.17562447435974027,96.0,12.0,84.0,20.31,20.302333314275263,20.125017357078573,0.05032215162394583,0.004073553476086289,-0.04624859814785954
1646197200,2022-03-02,20.47,20.76,20.25,20.67,4498942.0,20.3365,21.14696344766448,19.526036552335523,20.921833333333336,19.702833333333334,20.312333333333335,20.3365,0.5100000000000016,21.2665,19.4065,1,53.53308590803996,2.6315789473684266,1.4685127774560565,32.190169694254365,20.282112911905575,0.6347207081724795,19.89299414205141,269940987.0,4776271.58,0,-0.12488437357312442,92.0,12.0,80.0,20.3365,20.33734918910619,20.146389225428436,0.06334839590616426,0.03293689673484579,-0.030411499171318475
1646283600,2022-03-03,20.73,20.91,20.32,20.45,4334163.0,20.3245,21.120652623559195,19.528347376440806,20.9215,19.7115,20.316499999999998,20.3245,0.5899999999999999,21.24775,19.40125,1,51.594162754840454,-1.1599806669888932,1.6907607080622982,35.338662786291906,20.26734342452901,0.6315263718744453,18.794982492050224,265606824.0,4805669.26,0,-0.09872750057352637,88.0,12.0,76.0,20.3245,20.348077837762744,20.158295530313595,0.05442953566332563,0.03762542040783856,-0.01680411525548707
1646370000,2022-03-04,20.39,20.99,20.26,20.94,5569023.0,20.354999999999997,21.195178552451914,19.51482144754808,20.950333333333333,19.723333333333333,20.336833333333335,20.354999999999997,0.7299999999999969,21.284249999999997,19.425749999999997,1,55.38285949854855,3.000491883915411,3.6871644645740873,44.34276326017427,20.297519996346434,0.6385602024548419,17.566593538167623,271175847.0,4847422.7,0,0.01418589341295061,84.0,12.0,72.0,20.354999999999997,20.404451377023435,20.188950607556198,0.07740993583195008,0.07995830453445052,0.002548368702500449
1646629200,2022-03-07,21.09,21.85,20.73,20.8,6041432.0,20.3795,21.241299860756666,19.517700139243335,21.018166666666666,19.749166666666667,20.383666666666667,20.3795,1.120000000000001,21.34025,19.41875,1,54.10914775653403,2.41260462826195,4.646549707286799,53.20303753052896,20.388255717858538,0.6729487594223533,17.972729621019628,265134415.0,4879628.74,0,-0.07191493088719468,80.0,12.0,68.0,20.3795,20.442122674449774,20.212913328828506,0.07879794277765348,0.1010457971745673,0.02224785439691382
1646715600,2022-03-08,20.93,21.07,20.93,21.07,367271.0,20.4105,21.32330830408154,19.49769169591846,21.032500000000002,19.8005,20.4165,20.4105,0.2699999999999996,21.35325,19.46775,1,56.15614218720044,3.0317848410757997,6.327876524151643,50.54055213770114,20.397126349910312,0.6441667051778995,18.349855983667915,265501686.0,4813796.56,0,-0.06570987020662464,76.0,12.0,64.0,20.4105,20.50192051497837,20.246524570835234,0.09256514006219622,0.1379542794746591,0.04538913941246288
1646802000,2022-03-09,21.28,21.46,20.96,21.16,4764889.0,20.4325,21.39399622984192,19.47100377015808,21.06416666666667,19.824166666666667,20.444166666666668,20.4325,0.5,21.38125,19.48375,0,56.831773676902635,2.1235521235521295,7.944488896982853,56.70423573776087,20.46179839718715,0.6338690833794781,19.324871699125172,270266575.0,4860717.6,0,-0.06768987511018962,72.0,12.0,60.0,20.4325,20.564594751647096,20.28234713668483,0.10167152063010375,0.17247854020009257,0.07080701956998882
1646888400,2022-03-10,21.06,21.12,20.85,21.07,3743558.0,20.439500000000002,21.417282695694823,19.461717304305182,21.065833333333337,19.829833333333333,20.44783333333333,20.439500000000002,0.3099999999999987,21.383000000000003,19.496000000000002,0,55.92462062989197,0.6688963210702369,8.86792988626003,55.61344072271068,20.509111407347156,0.610735577423801,19.914742048103715,266523017.0,4894871.3,0,0.009563242225623974,68.0,11.999999999999993,56.00000000000001,20.439500000000002,20.612728584823564,20.31323548426582,0.09566031060936789,0.19038240783169869,0.0947220972223308
1646974800,2022-03-11,21.14,21.24,20.82,20.87,3455566.0,20.456,21.450995477376775,19.461004522623224,21.078666666666667,19.848666666666666,20.463666666666665,20.456,0.41999999999999815,21.395,19.517,0,53.911657060550155,1.6066212268744007,8.799466385089127,55.11961009686417,20.555646685668574,0.5971116076078152,20.658135382403618,263067451.0,4902274.98,0,-0.008273881289289868,64.0,12.0,52.0,20.456,20.63723062436418,20.335069386843635,0.07325083302849844,0.18628563850795388,0.11303480547945544
1647230400,2022-03-14,20.81,21.13,20.39,20.86,4114200.0,20.484500000000004,21.491425518596216,19.477574481403792,21.10183333333333,19.864833333333333,20.483333333333334,20.484500000000004,0.7399999999999984,21.428750000000004,19.540250000000004,0,53.809718150738675,2.809265648102515,8.702861158212034,54.780384923542854,20.613239108448646,0.607317921350114,20.16273503646084,258953251.0,4827203.18,0,0.04341646635446563,60.0,12.0,48.0,20.484500000000004,20.658446755377117,20.35565490108506,0.053696383532626846,0.18015528489523902,0.12645890136261217
1647316800,2022-03-15,20.93,21.06,20.51,20.78,3486905.0,20.5185,21.517084498177425,19.519915501822574,21.132833333333334,19.90383333333333,20.518333333333334,20.5185,0.5499999999999972,21.45675,19.58025,0,52.96633750733732,3.3830845771144267,8.287814390106753,55.733069106100075,20.700874698918906,0.6032237841108199,19.702720429513978,255466346.0,4827185.96,0,0.11703745604544626,56.00000000000001,12.000000000000007,44.0,20.5185,20.67002325486501,20.372295885356237,0.032366865497151565,0.16691748323405164,0.13455061773690008
1647403200,2022-03-16,20.75,21.07,20.7,21.02,4217349.0,20.556,21.5706408231489,19.541359176851103,21.169999999999998,19.932,20.551,20.556,0.370000000000001,21.498,19.614,0,55.18447785729023,3.70004933399112,8.811669924956,54.31876348055161,20.81085966181525,0.5865649423886186,19.296663062895583,259683695.0,4828314.12,0,0.08488725725503475,52.0,12.0,40.0,20.556,20.703354373449294,20.397696046714817,0.03139077925866238,0.17378909181022806,0.14239831255156568
1647489600,2022-03-17,20.95,21.14,20.73,20.76,3702090.0,20.5835,21.58891086129019,19.57808913870981,21.20916666666667,19.95716666666667,20.583166666666667,20.5835,0.41000000000000014,21.536,19.631,0,52.3681331035599,2.721425037110345,8.109849926369476,47.56189401474241,20.845000680723263,0.5739531607894316,19.07413155041116,255981605.0,4804421.96,0,0.03401553132983824,48.0,12.0,36.0,20.5835,20.708749195025554,20.411904044882863,0.011242619968084955,0.15645158751167187,0.14520896754358692
1647576000,2022-03-18,20.68,20.98,20.58,20.85,5955900.0,20.6265,21.599747656046652,19.653252343953348,21.255166666666664,19.985166666666668,20.62016666666667,20.6265,0.40000000000000213,21.5925,19.6605,0,53.23771435064458,4.302151075537784,7.871300371505899,36.16145641521758,20.834679065583238,0.5615279350187581,18.41210393874388,261937505.0,4837622.86,0,-0.035555125480589526,44.0,12.0,32.0,20.6265,20.72220165264217,20.42908427841687,0.0024445346476325847,0.14826463585312766,0.14582010120549507
1647835200,2022-03-21,20.93,21.13,20.56,20.67,3665735.0,20.662,21.585961038139764,19.738038961860234,21.303,20.014,20.6585,20.662,0.5700000000000003,21.642249999999997,19.68175,1,51.26729197775799,3.557114228456918,6.865873603768301,38.63195333257771,20.861235811907434,0.5621330825174182,18.15684568025034,258271770.0,4793525.3,0,-0.0009541165131337315,40.0,11.999999999999996,28.000000000000004,20.662,20.71723006667625,20.438531953773072,-0.01601467484488872,0.12580175764938417,0.1418164324942729
1647921600,2022-03-22,20.69,21.25,20.69,20.99,3215687.0,20.725,21.553021738845267,19.896978261154736,21.366333333333337,20.066333333333333,20.71633333333333,20.725,0.5799999999999983,21.715,19.735000000000003,1,54.423970013445754,6.3862138874809835,7.301555837522613,45.68173768640895,20.891719956016342,0.563409290909031,18.198833129441965,261487457.0,4715021.1,0,-0.04832183825578245,36.0,12.0,24.0,20.725,20.74320815556423,20.460158151664327,-0.00761629494514518,0.13229606381284142,0.1399123587579866
1648008000,2022-03-23,20.92,21.02,20.42,20.44,2838438.0,20.779000000000003,21.342521073253128,20.21547892674688,21.422333333333334,20.118333333333336,20.770333333333333,20.779000000000003,0.5999999999999979,21.772000000000002,19.786000000000005,1,48.71495535759494,5.578512396694225,5.160581224015606,43.361314432925155,20.90415041226617,0.5660229129869572,17.389436451012717,258649019.0,4677173.44,0,-0.053713616798200796,32.0,12.0,20.0,20.779000000000003,20.714331188367634,20.459367635912784,-0.03832836372887763,0.09200190409688958,0.1303302678257672
1648094400,2022-03-24,20.49,20.79,20.47,20.67,3583824.0,20.804000000000002,21.29720989446722,20.310790105532785,21.410000000000004,20.218,20.814,20.804000000000002,0.34999999999999787,21.71525,19.892750000000003,1,50.978549881297546,2.4789291026276645,4.388578151331611,41.24778047273495,20.904811245095367,0.5505927049164601,16.6378538210427,262232843.0,4598525.26,0,-0.12928472556785484,28.000000000000004,12.000000000000004,16.0,20.804000000000002,20.71010917042786,20.467627728622087,-0.04207899078543956,0.07773152934396776,0.11981052012940732
1648180800,2022-03-25,20.75,21.37,20.75,21.32,3601182.0,20.851000000000003,21.352713065407293,20.349286934592712,21.42966666666667,20.275666666666666,20.852666666666668,20.851000000000003,0.6999999999999993,21.73975,19.962250000000004,1,56.66809556260207,4.612365063788034,6.368940857747452,38.39339468306225,20.895555969128033,0.5612646545652843,17.26699648372949,265834025.0,4518321.94,0,0.02829175616331866,100.0,88.0,12.0,20.851000000000003,20.768194011339492,20.501054092205536,-0.0018347690942860928,0.11751705876154972,0.11935182785583581
1648440000,2022-03-28,21.34,21.76,21.26,21.67,4496297.0,20.872999999999998,21.468989932801204,20.27701006719879,21.433333333333334,20.33833333333333,20.885833333333334,20.872999999999998,0.5,21.717499999999998,20.028499999999998,1,59.34270861291516,2.072538860103633,9.226301471904637,43.850365395050446,20.94944927933687,0.5568886078106211,18.52336638945723,270330322.0,4531246.32,0,0.07193637649393617,100.0,92.0,8.0,20.872999999999998,20.854080295973827,20.54689510819748,0.044733785533206255,0.17526905977234364,0.13053527423913738
1648526400,2022-03-29,21.62,21.76,21.48,21.71,5016960.0,20.9385,21.596839578029766,20.280160421970237,21.44816666666667,20.428166666666666,20.938166666666667,20.9385,0.28000000000000114,21.726,20.151000000000003,1,59.642381228116996,6.421568627450992,11.592137127133896,44.220961327446396,20.9921502575192,0.5371108501098625,19.68999558763299,275347282.0,4567905.54,1,0.1474447191292002,100.0,96.0,4.0,20.9385,20.935596458262033,20.592507064738754,0.07293967580862304,0.22170986899991618,0.14877019319129314
1648612800,2022-03-30,21.69,21.92,21.55,21.66,4915013.0,20.988,21.704452371062043,20.271547628937956,21.498666666666665,20.49266666666667,20.99566666666667,20.988,0.370000000000001,21.765,20.211,1,59.06950819613144,4.789550072568933,13.241284462128537,52.18206255798222,21.053448254389433,0.525174360816301,21.036911395388017,270432269.0,4577829.18,0,0.06706897944263879,96.0,92.0,4.0,20.988,21.00458727176089,20.634369532788213,0.08224777041689027,0.251579906212406,0.16933213579551573
1648699200,2022-03-31,21.63,22.13,21.63,21.8,5362288.0,21.055500000000002,21.80985999363729,20.301140006362715,21.558833333333332,20.561833333333333,21.060333333333332,21.055500000000002,0.5,21.825750000000003,20.28525,1,60.19634439484027,6.601466992665044,15.071753257542635,59.81744831306992,21.13174276616548,0.5233761921865652,22.613061156265754,275794557.0,4534218.1,0,0.08063220439968133,100.0,96.0,4.0,21.055500000000002,21.08034086492652,20.6800805315024,0.09116104393142613,0.2832834407097984,0.19212239677837226
1648785600,2022-04-01,21.86,22.03,21.64,21.98,5100344.0,21.1075,21.959858492654625,20.255141507345378,21.5995,20.6365,21.118,21.1075,0.39000000000000057,21.85225,20.362750000000002,0,61.626128002508416,4.9665711556828995,17.193914555243932,67.46649473574931,21.220076608896186,0.5138493213160963,24.07662879136651,280894901.0,4526832.14,0,0.12460093304218553,100.0,92.0,8.0,21.1075,21.16602268731447,20.731057765561133,0.10170453480085159,0.31925306527943675,0.21754853047858516
1649044800,2022-04-04,21.94,22.06,21.7,21.87,3985066.0,21.161,22.062352317354584,20.25964768264542,21.599,20.712000000000003,21.155499999999996,21.161,0.35999999999999943,21.848750000000003,20.47325,0,60.234293026615305,5.14423076923077,18.371013055370955,66.68505765033944,21.289464851860338,0.5028600840792322,25.48497188871672,276909835.0,4518380.54,0,0.1209120338525999,96.0,92.0,4.0,21.161,21.233068145665474,20.775722166911677,0.09397817939745268,0.335021254725401,0.24104307532794833
1649131200,2022-04-05,21.93,22.3,21.92,22.11,7393881.0,21.213,22.20299191915919,20.223008080840813,21.665333333333333,20.75433333333333,21.209833333333332,21.213,0.4299999999999997,21.91275,20.513250000000003,0,62.195233350050934,4.935927859515895,20.17663707385647,68.54760301958622,21.41014926255363,0.49765579235928703,27.172713377138646,284303716.0,4635522.98,0,0.06581961198943374,100.0,36.0,64.0,21.213,21.316585465125904,20.8280467878171,0.09732765366893215,0.36270264241411354,0.2653749887451814
1649217600,2022-04-06,22.03,22.5,21.93,22.5,5840106.0,21.28,22.417031222086937,20.142968777913065,21.724666666666668,20.806666666666665,21.265666666666668,21.28,0.5700000000000003,21.985,20.575000000000003,0,65.13601297357553,6.332703213610586,22.98364957872452,75.26728197402251,21.521433609764003,0.5028232357621951,29.024473055827663,290143822.0,4643067.9,0,0.20218416531123073,100.0,40.0,60.0,21.28,21.42929161130439,20.893613580451724,0.11679447859267061,0.4113680869860197,0.29457360839334906
1649304000,2022-04-07,22.48,22.7,22.25,22.61,7009578.0,21.357,22.627466056217376,20.086533943782623,21.808999999999997,20.872999999999998,21.341,21.357,0.4499999999999993,22.072499999999998,20.6415,0,65.92302510339476,7.3089700996677704,25.610168528953007,84.50472147239664,21.6922259624052,0.4990501474934668,31.004467973332797,297153400.0,4710338.68,1,0.23108476602799216,100.0,43.99999999999999,56.00000000000001,21.357,21.5417400292754,20.960922851806558,0.12720771941961906,0.4535832576678729,0.3263755382482538
1649390400,2022-04-08,22.7,23.06,22.5,22.98,6997717.0,21.4625,22.89391712998013,20.031082870019866,21.9095,20.959500000000002,21.4345,21.4625,0.5599999999999987,22.188499999999998,20.7365,0,68.44509267090334,10.110206037374219,28.92646553451506,90.38668663403388,21.856565415853133,0.5034037083867905,33.24774328849462,304151117.0,4747388.4,1,0.3245049938959299,100.0,48.0,52.0,21.4625,21.67871716934441,21.040102347814145,0.14770313030911647,0.5110044511346494,0.36330132082553296
1649649600,2022-04-11,22.99,23.11,22.47,22.5,5178623.0,21.5445,23.015805202872805,20.073194797127194,21.9995,21.059500000000003,21.5295,21.5445,0.6400000000000006,22.262999999999998,20.826,0,62.16248476007421,7.861936720997127,28.83636696753896,83.18935272782568,21.956998017474934,0.5131605863591626,35.382378089173024,298972494.0,4749792.18,0,0.24654853285719777,96.0,48.0,48.0,21.5445,21.7569345817878,21.09735323613516,0.11886178720757679,0.511878554835004,0.3930167676274272
1649736000,2022-04-12,22.61,22.93,22.41,22.55,5622386.0,21.633000000000003,23.12253818346514,20.143461816534867,22.090333333333334,21.153333333333332,21.621833333333335,21.633000000000003,0.5199999999999996,22.34925,20.916750000000004,0,62.53951501211105,8.517805582290663,28.921164301746767,79.69377225277701,22.05901700386166,0.5136491159049367,37.08219420387912,304594880.0,4725488.42,0,0.23801831654937253,92.0,48.0,44.0,21.633000000000003,21.832464621617536,21.154319775894564,0.09416148514670686,0.5107186240608108,0.41655713891410395
1649822400,2022-04-13,22.57,22.7,22.18,22.31,5896104.0,21.6975,23.18699488082391,20.208005119176093,22.171166666666664,21.219166666666666,21.695166666666665,21.6975,0.5199999999999996,22.425,20.970000000000002,0,59.541781347069424,6.137012369172213,27.631010851161005,72.58915265051421,22.151463882861357,0.5141027504831555,37.62668234381152,298698776.0,4743871.74,0,0.18051204615647187,88.0,48.0,40.0,21.6975,21.877944181463484,21.199640568996738,0.054629802455491705,0.4848443919834686,0.4302145895279769
1649908800,2022-04-14,22.34,22.72,22.34,22.53,5066044.0,21.785999999999998,23.25232056522462,20.319679434775377,22.252333333333333,21.303333333333335,21.777833333333334,21.785999999999998,0.41000000000000014,22.513499999999997,21.0585,0,61.33031455953843,8.52601156069364,27.3050465108668,73.1907587515592,22.222549005382913,0.5066668397343587,38.16562769824725,303764820.0,4686285.2,0,0.1383349241172253,84.0,48.0,36.0,21.785999999999998,21.940044735609817,21.251811527075297,0.03710602683230846,0.47659712306836255,0.4394910962360541
1650254400,2022-04-18,22.5,23.32,22.42,23.29,5757395.0,21.908,23.446747542646516,20.369252457353486,22.387666666666668,21.38866666666667,21.888166666666667,21.908,0.8999999999999986,22.673000000000002,21.143,0,66.68567362213383,11.702637889688237,29.43647100366626,73.72994951356355,22.31728685333947,0.5347620654676187,39.505442495247834,309522215.0,4714344.4,0,0.16766826432262402,100.0,68.0,32.0,21.908,22.06861190364698,21.331740486797838,0.06867197259079771,0.5253310619745513,0.45665908938375355
1650340800,2022-04-19,23.36,23.64,22.95,23.27,5870408.0,22.038,23.57573339691922,20.50026660308078,22.518666666666668,21.50766666666667,22.013166666666667,22.038,0.6900000000000013,22.812,21.264,0,66.430826105241,12.578616352201246,30.97039513811376,74.14113610656719,22.430274062206564,0.5458504893627889,41.086810925144455,303651807.0,4714518.16,0,0.12024431496001683,96.0,68.0,28.000000000000004,22.038,22.18302981758536,21.40775066378616,0.07941737055424652,0.5559308025765617,0.47651343202231516
1650427200,2022-04-20,23.61,24.97,23.61,24.62,9403592.0,22.2195,24.048854804295978,20.390145195704022,22.729833333333332,21.638833333333334,22.184333333333335,22.2195,1.6999999999999993,23.0775,21.3615,0,73.59951763968164,17.293949499761805,35.92680345685773,75.79679700608949,22.69142147079425,0.6282897401225896,43.45692998045646,313055399.0,4804201.18,1,0.19145765643338128,100.0,76.0,24.0,22.2195,22.415122215910564,21.533721225990625,0.1637987521818447,0.6812618722496211,0.5174631200677764
1650513600,2022-04-21,24.56,24.71,24.09,24.13,7484305.0,22.404,24.22253127550802,20.585468724491978,22.915,21.822,22.3685,22.404,0.620000000000001,23.2635,21.5445,0,68.04750847793196,18.052837573385506,36.89048356759059,67.40701823750925,22.88318753582406,0.627697615828119,45.657754817531895,305571094.0,4861886.3,0,0.1313121746751823,96.0,76.0,20.0,22.404,22.578443909633364,21.635536079873347,0.1721124984317277,0.7326037431074361,0.5604912446757084
1650600000,2022-04-22,24.14,24.18,23.72,23.77,3858080.0,22.558999999999997,24.286077299949504,20.83192270005049,23.084333333333333,21.977333333333334,22.530833333333334,22.558999999999997,0.46000000000000085,23.42675,21.691249999999997,0,64.2965219659356,14.997581035316873,35.74083300838477,62.38723691127571,22.988431416894667,0.6157192146975391,46.506436573378195,301713014.0,4834233.74,0,0.053423817211660285,92.0,76.0,16.0,22.558999999999997,22.691925442049236,21.719240547329296,0.14021672128320795,0.7357621462797184,0.5955454249965104
1650859200,2022-04-25,23.72,23.72,23.05,23.45,5540623.0,22.6655,24.335583530845362,20.99541646915464,23.199833333333334,22.087833333333332,22.643833333333333,22.6655,0.7199999999999989,23.534750000000003,21.79625,0,61.142944553853916,9.990619136960596,33.30901993254118,61.06449701483814,23.066064063570167,0.6231678422191435,45.520107277365696,296172391.0,4831690.74,0,0.06738321874690545,88.0,76.0,12.0,22.6655,22.76412301899693,21.78711346704187,0.08702354748185281,0.7043248593488265,0.6173013118669737
1650945600,2022-04-26,23.26,23.83,23.26,23.35,4392338.0,22.7495,24.37936471831282,21.11963528168718,23.299166666666668,22.18016666666667,22.73966666666667,22.7495,0.5699999999999967,23.624000000000002,21.875,0,60.17212661569769,7.752653437932625,30.99408965893827,59.85617059760977,23.171967978060557,0.6193701392034902,44.734621695553656,291780053.0,4823268.12,0,0.033980925065008896,84.0,76.0,8.0,22.7495,22.81992082671151,21.84840313500101,0.0371115938979818,0.6636908042394509,0.6265792103414691
1651032000,2022-04-27,23.33,23.73,23.21,23.33,3630087.0,22.8305,24.405777435882634,21.255222564117368,23.399833333333333,22.256833333333336,22.828333333333333,22.8305,0.5199999999999996,23.723,21.938000000000002,0,59.971659151479784,7.461999078765534,29.10220969254157,54.42251837006959,23.244745611447758,0.6122722721175266,43.879334664343055,288149966.0,4806260.76,0,-0.060498657913864204,80.0,76.0,4.0,22.8305,22.86849979559613,21.906504972844107,-0.0031064590628894218,0.6226961365128574,0.6258025955757468
1651118400,2022-04-28,23.55,23.6,23.2,23.56,5444333.0,22.9255,24.4347445129935,21.4162554870065,23.4885,22.342499999999998,22.9155,22.9255,0.40000000000000213,23.820249999999998,22.03075,0,61.52340091672351,8.771929824561397,28.191183678383965,53.68688039654709,23.32230518316636,0.5971099669662748,43.05845167603878,293594299.0,4856447.12,0,-0.05981207217650994,76.0,72.0,4.0,22.9255,22.934356957920308,21.971347915085516,-0.019178769918952954,0.6018291331770556,0.6210079030960085
1651204800,2022-04-29,23.65,23.89,23.45,23.46,5906996.0,23.0085,24.441696078699987,21.575303921300016,23.57283333333333,22.432833333333335,23.002833333333335,23.0085,0.4400000000000013,23.89875,22.118250000000003,0,60.45088661105052,7.614678899082569,27.001151303691977,53.17406652809612,23.385159621044796,0.5858878264686839,42.68638924973457,287687303.0,4921835.8,0,-0.19519380347459944,72.0,68.0,4.0,23.0085,22.984418200023136,22.02972642821942,-0.040290577074882594,0.5706446817524053,0.6109352588272879
1651464000,2022-05-02,23.44,23.67,22.67,23.15,5150436.0,23.067,24.420810917374,21.713189082626002,23.667333333333335,22.466333333333335,23.066833333333335,23.067,1.0,24.003,22.131,0,57.19720073301496,5.3230209281164615,24.615982181344407,53.122885638080305,23.416039257427343,0.6154672674352064,40.47363608963823,282536867.0,4970827.5,0,-0.13848119418983382,68.0,56.0,12.0,23.067,23.000187895259028,22.07365872515199,-0.07676420609019341,0.5149800012145462,0.5917442073047396
1651550400,2022-05-03,23.22,23.98,23.19,23.67,4414511.0,23.157,24.416588821799024,21.897411178200976,23.775666666666666,22.531666666666666,23.15366666666667,23.157,0.8300000000000018,24.12825,22.18575,0,60.911992895092204,8.230452674897123,24.14191731487063,59.49560270929667,23.484025582071407,0.6307910340469775,38.89239522163718,286951378.0,4998092.22,0,-0.09507534008459397,64.0,56.0,8.0,23.157,23.06397952428198,22.136260343773483,-0.06781069741408086,0.5069808355371386,0.5747915329512194
1651636800,2022-05-04,23.78,24.45,23.72,24.3,5686186.0,23.2665,24.523739436225693,22.00926056377431,23.8955,22.616500000000002,23.256,23.2665,0.7799999999999976,24.264,22.269000000000002,0,64.80719367204146,9.905020352781554,25.47973031496364,66.81817316796239,23.615923005111995,0.641448817329336,38.06103317628646,292637564.0,5033513.14,0,-0.014185394972871645,60.0,56.0,4.0,23.2665,23.181695760064645,22.22111287931178,-0.02367919930661566,0.54519253381795,0.5688717331245656
1651723200,2022-05-05,24.38,24.69,23.69,23.82,5510155.0,23.3325,24.560097246657516,22.104902753342483,24.004833333333334,22.682833333333335,23.343833333333333,23.3325,1.0,24.36225,22.30275,0,60.01102501132494,5.866666666666668,24.391331517341612,59.98575542244039,23.71822996149001,0.6670596160915263,37.583395065756534,287127409.0,5046973.16,0,-0.06634739061618802,56.00000000000001,52.00000000000001,4.0,23.3325,23.242486640058488,22.283814335025042,-0.030595902141699938,0.5306268554474407,0.5612227575891406
1651809600,2022-05-06,24.38,25.41,24.14,24.96,10600391.0,23.45,24.820080289618513,22.079919710381485,24.16166666666667,22.75766666666667,23.45966666666667,23.45,1.5899999999999999,24.56525,22.33475,0,66.25450886841224,10.3936311366652,26.482185994455314,62.6264739353431,23.91044804350737,0.7329839292278458,37.898178429217516,297727800.0,5129918.38,1,-0.09004008932122709,100.0,92.0,8.0,23.45,23.4060593410053,22.388762792475042,0.03430830626685544,0.60410814042271,0.5697998341558546
1652068800,2022-05-09,24.78,24.78,22.43,22.62,9751306.0,23.432,24.8353616782573,22.028638321742697,24.272666666666666,22.689666666666668,23.481166666666667,23.432,2.530000000000001,24.695,22.168999999999997,0,49.54182717933891,-1.5665796344647493,18.862728251325965,53.30150178096609,23.881425938482476,0.8613422199972856,35.31519604288864,287976494.0,5238128.8,0,-0.17531594560371805,96.0,92.0,4.0,23.432,23.33119654662384,22.397830918260336,-0.0813375810685466,0.4681278578201713,0.5494654388887179
1652155200,2022-05-10,22.92,23.43,22.38,22.91,5329636.0,23.4525,24.812101044424853,22.092898955575148,24.303833333333337,22.67983333333333,23.491833333333336,23.4525,1.0500000000000007,24.74625,22.15875,0,51.14935873548587,1.822222222222223,14.413245058216406,44.53664626474657,23.759640616303024,0.8748177757117652,32.85241450500991,293306130.0,5203530.92,0,-0.23852051501079163,92.0,88.0,4.0,23.4525,23.29108258980252,22.417915980289344,-0.13606058142914967,0.3793897121022809,0.5154502935314306
1652241600,2022-05-11,23.06,23.33,22.69,22.77,8050754.0,23.4635,24.797025777779027,22.129974222220973,24.324833333333334,22.688833333333335,23.506833333333333,23.4635,0.639999999999997,24.76625,22.16075,0,50.33446703612436,0.975609756097556,10.824311570705724,53.858762180045574,23.629956089792028,0.8580450774466389,30.56554593412252,285255376.0,5216361.86,0,-0.23112693689805766,88.0,64.0,24.0,23.4635,23.241455676487995,22.43172319674859,-0.17686111225632212,0.29437390321102797,0.4712350154673501
1652328000,2022-05-12,22.54,22.68,21.46,21.95,10221930.0,23.4455,24.84871737446525,22.04228262553475,24.341500000000003,22.6355,23.488500000000002,23.4455,1.3099999999999987,24.807499999999997,22.0835,0,45.832564670580574,-1.613626176602418,5.8419790379554835,50.44815912411177,23.436293577835073,0.8903275719147361,29.774289374923836,275033446.0,5330821.62,0,-0.20346475420180998,84.0,-16.0,100.0,23.4455,23.118459897774855,22.412832090993742,-0.2497893868032065,0.15899828196334198,0.4087876687665485
1652414400,2022-05-13,22.37,23.18,22.33,23.05,5996594.0,23.4715,24.8242642070964,22.118735792903596,24.381166666666665,22.628166666666665,23.50466666666667,23.4715,1.2300000000000004,24.895,22.048,1,51.90652539962189,2.308033732800708,4.837782843523578,56.77337425354479,23.399310725982083,0.9145898882065406,28.347529847196007,281030040.0,5364070.24,0,-0.16816424423765516,80.0,-16.0,96.0,23.4715,23.111939907510585,22.437819067817514,-0.21593245296613361,0.1388721025588815,0.3548045555250151
1652673600,2022-05-16,23.0,23.45,22.87,23.44,7512404.0,23.479,24.829316999819362,22.128683000180636,24.377333333333333,22.656333333333333,23.516833333333334,23.479,0.5799999999999983,24.8785,22.0795,1,53.83833144648703,0.6440532417346593,5.000986304467654,58.192571840605275,23.38374241398928,0.8906906104775019,26.66952704475675,288542444.0,5402937.86,0,-0.05247045272465387,76.0,-16.0,92.0,23.479,23.143183725842913,22.47712028084428,-0.16173784327652435,0.15263225142935966,0.314370094705884
1652760000,2022-05-17,23.49,23.7,23.21,23.67,5472810.0,23.499000000000002,24.848190868632447,22.149809131367558,24.379333333333335,22.678333333333335,23.52883333333333,23.499000000000002,0.48999999999999844,24.8835,22.114500000000003,1,54.9613889126389,1.7189514396218397,5.634961137938886,62.83943879727268,23.390459818127965,0.8620698525862516,24.789540810242357,294015254.0,5391565.42,0,0.019640363577053108,72.0,-16.0,88.0,23.499000000000002,23.193356704334064,22.523899877673916,-0.10747913631087563,0.18002117431728948,0.2875003106281651
1652846400,2022-05-18,23.73,23.99,23.53,23.66,5667482.0,23.451,24.70198201425966,22.20001798574034,24.300666666666665,22.689666666666668,23.49516666666667,23.451,0.4599999999999973,24.7425,22.1595,1,54.90026045408684,-3.8992688870836756,6.096900930134502,62.95246474123302,23.406867037660085,0.8333505774015191,23.359053112054244,288347772.0,5497569.64,0,-0.05198614821477207,68.0,-16.0,84.0,23.451,23.237798922968917,22.56845282364749,-0.07109585811556696,0.19863048798370642,0.2697263460992734
1652932800,2022-05-19,23.69,24.5,23.57,24.45,8450183.0,23.467000000000002,24.759796967818676,22.174203032181328,24.309333333333335,22.667333333333335,23.488333333333333,23.467000000000002,0.9299999999999997,24.781750000000002,22.152250000000002,1,58.71835136097617,1.3261500207210952,8.159517130463762,63.99960342581815,23.461418557735723,0.8402541075871248,22.629352938502283,296797955.0,5571275.52,0,0.08411054517220284,64.0,-16.0,80.0,23.467000000000002,23.353246644590925,22.64223898742602,0.0033923489635659387,0.27396678230373084,0.2705744333401649
1653019200,2022-05-20,24.34,24.81,23.28,23.66,6517838.0,23.4615,24.7500227976257,22.1729772023743,24.364166666666666,22.615166666666667,23.48966666666667,23.4615,1.5299999999999976,24.8565,22.0665,1,53.91384339059168,-0.4627681952040363,7.8129802873694825,62.99536371668983,23.506814840562416,0.8895216713309014,22.289678840835986,290280117.0,5626761.12,0,0.05195542807483175,60.0,-16.0,76.0,23.4615,23.38246124986798,22.68215118399755,-0.002980448330475449,0.2668488729270706,0.26982932125754605
1653278400,2022-05-23,23.82,24.23,23.57,24.12,4907582.0,23.494999999999997,24.815037878244848,22.174962121755147,24.392,22.644000000000002,23.518,23.494999999999997,0.6600000000000001,24.885499999999997,22.104499999999998,1,56.114745956208324,2.8571428571428643,8.492331163182465,63.20698511194841,23.525066620031215,0.873127266235837,21.974267178717277,295187699.0,5655801.44,0,0.07499169366864404,56.00000000000001,-15.999999999999993,72.0,23.494999999999997,23.452703035594837,22.738537412076077,0.020077588753761977,0.29492630719974855,0.2748487184459866
1653364800,2022-05-24,23.92,24.16,23.65,23.89,4373188.0,23.522,24.8511290381303,22.192870961869698,24.41,22.668,23.538999999999998,23.522,0.5100000000000016,24.907999999999998,22.136,1,54.73889079533157,2.3126338329764415,8.466769110294209,58.163701970492156,23.505224240203876,0.8471896043618488,21.68138492103562,290814511.0,5660981.2,0,0.03932577981432894,52.0,-16.0,68.0,23.522,23.494350365538185,22.78369280768094,0.016293613330501777,0.2952157351091138,0.27892212177861203
1653451200,2022-05-25,23.88,24.53,23.86,24.47,6027823.0,23.579,24.96678816827396,22.19121183172604,24.460666666666665,22.703666666666667,23.58216666666667,23.579,0.6700000000000017,24.97625,22.18175,1,57.5046458890511,4.886412344620663,9.619077520346952,64.11336978363488,23.52157500001104,0.8345332040502882,21.849940148605633,296842334.0,5711799.56,0,0.13039957742246833,48.0,-16.0,64.0,23.579,23.58726937834407,22.849822501497375,0.04753911797982202,0.3383460192533896,0.29080690127356756
1653537600,2022-05-26,24.58,24.8,24.3,24.31,5206496.0,23.6165,25.040273507269045,22.19272649273095,24.5165,22.7495,23.633,23.6165,0.5,25.02125,22.21175,0,56.50206089378781,3.183361629881155,10.140453692585611,61.88677007917443,23.42527702603738,0.8106379751895533,22.308802354980138,291635838.0,5731582.5,0,0.05142330966344874,44.0,-16.0,60.0,23.6165,23.656100866120827,22.907084364183753,0.05176905862924325,0.3555182245601216,0.30374916593087836
1653624000,2022-05-27,24.36,24.68,24.13,24.67,6402609.0,23.677,25.17017246157342,22.18382753842658,24.566666666666666,22.788666666666664,23.677666666666667,23.677,0.5500000000000007,25.09,22.264,0,58.22699648251905,5.157715260017054,11.27750240164299,71.33298555052275,23.51721997693837,0.7920209769617281,22.401287382083847,298038447.0,5785592.88,0,0.21247186935269777,40.0,-16.000000000000007,56.00000000000001,23.677,23.752662688395034,22.976218310686352,0.0719116196922494,0.39363869054619016,0.32172707085394076
1653969600,2022-05-31,24.85,25.02,24.26,24.72,10641284.0,23.7555,25.293985944037594,22.21701405596241,24.62983333333333,22.875833333333333,23.752833333333335,23.7555,0.759999999999998,25.1505,22.360500000000002,0,58.467783578181574,6.781857451403889,12.295732158270965,78.5152852405522,23.67945969974443,0.7897337643216045,22.88398161861421,308679731.0,5879300.56,1,0.22358708641563882,36.0,-16.0,52.0,23.7555,23.844790051405027,23.04460190634571,0.08102461970589858,0.423007845486314,0.3419832257804154
1654056000,2022-06-01,24.71,24.81,23.69,24.28,5099099.0,23.786,25.34059834040863,22.231401659591373,24.678666666666665,22.891666666666666,23.785166666666665,23.786,1.1199999999999974,25.20275,22.36925,0,55.504166051977236,2.57710181664554,11.992292570337954,72.29560322366228,23.776694386604333,0.813324209727204,22.26154725610268,303580632.0,5907967.84,0,0.29895341387981494,32.0,-16.0,48.0,23.786,23.88623861793788,23.093048890410586,0.05129145924411932,0.40609754983556456,0.35480609059144524
1654142400,2022-06-02,24.34,24.6,24.0,24.36,4102147.0,23.788999999999998,25.34778029240854,22.230219707591456,24.68033333333333,22.906333333333333,23.793333333333333,23.788999999999998,0.6000000000000014,25.192249999999998,22.385749999999998,0,55.93167554924986,0.24691358024690832,11.908735839378949,81.47854248927464,24.00920051581156,0.7980867661752609,21.683572490913402,307682779.0,5925697.04,0,0.35291224333272964,28.000000000000004,-15.999999999999996,44.0,23.788999999999998,23.931358749562847,23.14273324764939,0.03183722094903213,0.39460261677773545,0.3627653958287033
1654228800,2022-06-03,24.29,24.61,24.22,24.24,3407143.0,23.81,25.381152443272537,22.23884755672746,24.66433333333333,22.95133333333333,23.807833333333335,23.81,0.39000000000000057,25.167499999999997,22.4525,0,55.0958550895313,1.7632241813601937,11.518596609487016,80.982856352316,24.106053580114317,0.7689377114484566,21.161323820815134,304275636.0,5937071.14,0,0.2776487381894408,24.0,-16.0,40.0,23.81,23.960753154366387,23.18576331636902,0.007009339020165817,0.3715270696039106,0.36451773058374476
1654488000,2022-06-06,24.37,24.87,24.21,24.84,5682989.0,23.804000000000002,25.358366752089502,22.249633247910502,24.624000000000002,22.972,23.798,23.804000000000002,0.6600000000000001,25.09175,22.516250000000003,0,58.37007046070522,-0.4807692307692347,12.48715560651174,80.65082630388132,24.22123834675394,0.7611564463449954,21.05484367829401,309958625.0,5979054.44,0,0.2583821111728163,20.0,-16.0,36.0,23.804000000000002,24.044490949188635,23.250635343178075,0.02604762221051049,0.3970772583468829,0.3710296361363724
1654574400,2022-06-07,24.74,25.68,24.74,25.68,7577792.0,23.957,25.61408297921417,22.29991702078583,24.658,23.147,23.9025,23.957,0.9400000000000013,25.1255,22.788500000000003,0,62.40935981273203,13.527851458885937,15.060386960869817,81.25026847810776,24.369710078035506,0.7739309858917814,21.94237801845724,317536417.0,6058586.64,1,0.28492428694258465,100.0,68.0,32.0,23.957,24.200253715932575,23.345904545406388,0.08683922112095505,0.4795786625375662,0.39273944141661116
1654660800,2022-06-08,25.54,25.61,24.96,25.16,4238081.0,24.069499999999998,25.73247895356536,22.406521046434637,24.75483333333333,23.283833333333334,24.019333333333332,24.069499999999998,0.7199999999999989,25.21325,22.925749999999997,0,58.69808050096739,9.821038847664774,15.64520756816066,75.70200436389823,24.458619007722067,0.770078772613797,22.76651704860881,313298336.0,6053422.32,0,0.2999466590877911,96.0,68.0,28.000000000000004,24.069499999999998,24.291658123938998,23.417045543625747,0.08362424641764599,0.49726974943866864,0.41364550302102265
1654747200,2022-06-09,25.07,25.22,24.54,24.56,3697705.0,24.159,25.72227732664469,22.595722673355308,24.848999999999997,23.374000000000002,24.1115,24.159,0.6799999999999997,25.30575,23.012249999999998,0,54.74409141105534,7.861220904699162,14.41886731137744,69.4676570362561,24.50451468543809,0.7636445745699544,22.63846812942063,309600631.0,6027037.22,0,0.17673087347536182,92.0,68.0,24.0,24.159,24.317214493087665,23.461867287012975,0.03516371599462803,0.4576001480143077,0.4224364320196797
1654833600,2022-06-10,24.16,24.26,23.84,23.85,4167768.0,24.254,25.458531444172966,23.049468555827037,24.906666666666666,23.511666666666667,24.20916666666667,24.254,0.7199999999999989,25.3565,23.151500000000002,0,50.50629065721543,8.656036446469258,11.499919039920973,71.56489293153014,24.526483409320406,0.7605271049578147,21.275599319344085,305432863.0,6012092.32,0,0.1731065172463158,88.0,68.0,20.0,24.254,24.272717874698365,23.477088177718347,-0.04621555936101046,0.3646669828184166,0.41088254217942705
1655092800,2022-06-13,23.44,23.48,21.94,22.03,8058909.0,24.203,25.66580689087842,22.740193109121577,24.922666666666665,23.458666666666666,24.190666666666665,24.203,1.9100000000000001,25.356499999999997,23.049500000000002,0,41.779476797012286,-4.42516268980477,4.588734399235729,63.051440907790415,24.351719795676914,0.8426323117465423,21.69256808583433,297373954.0,6066024.74,0,0.034141422034363024,84.0,68.0,16.0,24.203,24.05912569615566,23.420339621729394,-0.21469390244070147,0.14251516412855025,0.3572090665692517
1655179200,2022-06-14,21.99,22.22,21.22,21.53,8866581.0,24.1075,25.955708592124104,22.2592914078759,24.863833333333332,23.357833333333332,24.110833333333332,24.1075,1.0,25.2925,22.922500000000003,0,39.79121987309998,-8.148464163822526,-1.6910885569420626,60.29780961911986,24.088178160961135,0.8538728609075036,22.641162660094853,288507373.0,6141349.48,0,-0.005118082261217764,80.0,-20.0,100.0,24.1075,23.818256582236074,23.346208656171378,-0.34420369356789504,-0.07304555039061711,0.27115814317727793
1655265600,2022-06-15,21.77,22.42,21.66,22.03,10625341.0,24.0255,26.078278361148943,21.97272163885106,24.802833333333332,23.269833333333334,24.036333333333335,24.0255,0.8900000000000006,25.2405,22.8105,0,42.663438823692644,-6.9286016054076915,-5.2810617853380375,61.96370565479059,23.82620448489816,0.8564533708426819,23.220720090270557,299132714.0,6274154.98,0,-0.06441012765419217,76.0,-20.0,96.0,24.0255,23.647946431546924,23.294592630439166,-0.37789746036134214,-0.20121368227439973,0.1766837780869424
1655352000,2022-06-16,21.86,21.86,20.89,21.11,9271525.0,23.898000000000003,26.310920222469303,21.485079777530704,24.706333333333333,23.122333333333334,23.91433333333333,23.898000000000003,1.1400000000000006,25.164,22.632000000000005,0,39.054929809926186,-10.777683854606934,-9.844609380586803,54.06324401876037,23.53332983412899,0.8767067014967761,24.3262239125961,289861189.0,6311707.86,0,-0.06229577035412103,72.0,-28.0,100.0,23.898000000000003,23.406237247590074,23.208922331206256,-0.43952909430376175,-0.3727275897927598,0.06680150451100199
1655438400,2022-06-17,21.12,21.32,20.48,21.02,14937817.0,23.726499999999998,26.428382862005904,21.024617137994092,24.540166666666668,22.965166666666665,23.752666666666666,23.726499999999998,0.8399999999999999,24.985749999999996,22.46725,0,38.717710310676686,-14.028629856850717,-13.48692991187726,43.65664522765128,23.086150957253306,0.8740847942470064,25.623000748670343,274923372.0,6493662.08,0,-0.07594601157269852,68.0,-32.0,100.0,23.726499999999998,23.1789765573434,23.123082239786402,-0.46147037335383934,-0.5100364621812972,-0.04856608882745785
1655784000,2022-06-21,21.71,21.74,21.26,21.51,6525427.0,23.619,26.488779782492237,20.749220217507762,24.367,22.897,23.631999999999998,23.619,0.7199999999999989,24.8175,22.4205,0,41.60723128218995,-9.087066779374465,-15.143830071335202,40.52088120848603,22.804125712459594,0.8630787375150772,26.178409758527003,281448799.0,6483979.06,0,-0.09964225261130515,64.0,-32.0,96.0,23.619,23.020026409024982,23.059824112735956,-0.4193182794423269,-0.5727139381303665,-0.1533956586880396
1655870400,2022-06-22,21.18,21.62,21.08,21.46,5645434.0,23.486,26.49381249415604,20.478187505843962,24.231666666666666,22.773666666666664,23.502666666666663,23.486,0.5400000000000027,24.6755,22.2965,0,41.397571057614456,-11.028192371475953,-16.53609435805485,40.57572793014132,22.64477575168498,0.8400016848354291,26.830106849690964,275803365.0,6456933.4,0,-0.07814262972793867,60.0,-32.0,92.0,23.486,22.87145246530832,22.997085912236507,-0.37270921075266106,-0.6192821721288659,-0.24657296137620488
1655956800,2022-06-23,21.7,22.17,21.58,22.12,6065064.0,23.3975,26.456283254825543,20.33871674517446,24.1385,22.6725,23.4055,23.3975,0.7100000000000009,24.602,22.193,0,45.23219592012541,-7.4089577228966075,-16.025423946219565,41.46766638161089,22.53294308137453,0.8307158502043271,26.604497408703974,281868429.0,6474662.22,0,-0.03389688305531462,56.00000000000001,-31.999999999999993,88.0,23.3975,22.799885563850385,22.96269038626645,-0.27958990002337386,-0.5960603364054222,-0.31647043638204836
1656043200,2022-06-24,22.22,22.3,21.82,22.1,14929091.0,23.279,26.34602396469299,20.21197603530701,24.018333333333334,22.571333333333335,23.294833333333333,23.279,0.4800000000000004,24.46925,22.08875,0,45.1379826957665,-9.685328974254178,-15.653092274867417,47.30529449660815,22.41438927566079,0.8056647180468752,26.205853894083294,266939338.0,6660796.32,0,0.019929012440945287,52.0,-32.0,84.0,23.279,22.733229795864634,22.92885939072659,-0.2049591082362036,-0.5726693216773029,-0.3677102134410993
1656302400,2022-06-27,22.1,22.73,22.05,22.44,4715424.0,23.185499999999998,26.235067018447218,20.135932981552777,23.924166666666665,22.45916666666667,23.19166666666667,23.185499999999998,0.6799999999999997,24.389249999999997,21.981749999999998,0,47.10935379036873,-7.692307692307682,-14.507846146015755,46.56229181156106,22.298360101316273,0.7966886667578127,25.223064936403592,271654762.0,6637182.72,0,-0.020809612774861815,48.0,-32.0,80.0,23.185499999999998,22.70530314863943,22.90968843422751,-0.12238732912585198,-0.5206943748484143,-0.3983070457225623
1656388800,2022-06-28,22.1,22.73,22.05,22.44,4715424.0,23.073999999999998,26.060726636302864,20.087273363697133,23.826333333333334,22.348333333333336,23.087333333333333,23.073999999999998,0.6799999999999997,24.287499999999998,21.8605,0,47.10935379036873,-9.039319010944467,-13.57163988926549,41.9877744632638,22.08475532082403,0.7883537619893976,24.310475189986725,276370186.0,6630170.32,0,-0.08603541346215539,44.0,-32.0,76.0,23.073999999999998,22.68003618210234,22.891269279944076,-0.06058590232669181,-0.4740394236309271,-0.4134535213042353
1656475200,2022-06-29,21.94,21.97,21.16,21.63,4668443.0,22.9195,25.86911336449389,19.969886635506107,23.674833333333332,22.191833333333335,22.93333333333333,22.9195,1.2800000000000011,24.172,21.666999999999998,0,43.0279792298462,-12.5,-14.357272502452014,42.104162929168616,21.937766688948457,0.8234713504187264,24.372263581859876,271701743.0,6608391.28,0,-0.06342979204883911,40.0,-32.0,72.0,22.9195,22.58003273618783,22.841807739554113,-0.06659688304805977,-0.4966996251143101,-0.4301027420662503
1656561600,2022-06-30,21.37,22.07,21.27,21.59,5587584.0,22.785,25.71948121479776,19.85051878520224,23.528,22.077,22.802500000000002,22.785,0.8000000000000007,24.0135,21.5565,0,42.835071261535404,-11.079077429983531,-15.073681189770161,46.8905971680532,21.826254657327777,0.8217948253888174,24.27506870050453,266114159.0,6602734.8,0,-0.04060799937366801,36.0,-32.0,68.0,22.785,22.485743904169944,22.792717239963757,-0.0655048726093238,-0.5119838328279052,-0.44647896021858136
1656648000,2022-07-01,21.8,22.2,21.63,22.06,3784256.0,22.67,25.527845342211666,19.812154657788337,23.40866666666667,21.960666666666665,22.684666666666665,22.67,0.6099999999999994,23.899250000000002,21.44075,0,45.838413705350185,-9.44170771756979,-14.422373179423847,50.93242860973914,21.748101979476793,0.8066666235753305,23.977184769041436,269898415.0,6490348.08,0,0.013628642886486226,32.0,-32.0,64.0,22.67,22.44519686567757,22.763983230553414,-0.027321782508945736,-0.4806311883547636,-0.45330940584581786
1656993600,2022-07-05,21.7,21.86,19.84,20.47,6346916.0,22.4815,25.397005273533367,19.565994726466634,23.308500000000002,21.6975,22.503,22.4815,2.219999999999999,23.848,21.115000000000002,0,38.614097632410605,-15.552805280528052,-16.977447953897297,52.08106196319713,21.631596739759786,0.9076190076056639,25.181387742615005,263551499.0,6467600.3,0,0.05817447523320338,28.000000000000004,-72.0,100.0,22.4815,22.257082878470182,22.674023103865046,-0.09929445852332353,-0.5774274789999723,-0.47813302047664874
1657080000,2022-07-06,20.35,20.74,20.19,20.5,5613193.0,22.264499999999998,25.090199736348644,19.438800263651352,23.094833333333334,21.494833333333332,22.294833333333333,22.264499999999998,0.5499999999999972,23.622749999999996,20.90625,0,38.8056462563967,-17.47181964573269,-18.892605949156774,53.970209683995265,21.5667696193238,0.8820747927766878,26.299576218076176,269164692.0,6502702.56,0,0.09948678799726085,24.0,-72.0,96.0,22.264499999999998,22.089741651949215,22.58876729587034,-0.13292678051992568,-0.6442914961265558,-0.5113647156066301
1657166400,2022-07-07,20.79,21.15,20.76,21.0,4388885.0,22.0305,24.428878410510055,19.632121589489945,22.8475,21.302500000000002,22.075,22.0305,0.6499999999999986,23.367,20.694,0,41.981788010014945,-18.22429906542056,-19.06601609798732,50.671310684756975,21.488452729736384,0.8654980218640672,26.689195806781548,273553577.0,6479667.8,0,0.11916772840776714,20.0,-72.0,92.0,22.0305,21.985956732715955,22.52646269603229,-0.11046778048501138,-0.6494494412128944,-0.538981660727883
1657252800,2022-07-08,20.99,21.1,20.66,20.86,3420913.0,21.8155,23.78592609605148,19.84507390394852,22.6185,21.094500000000004,21.8565,21.8155,0.4400000000000013,23.131,20.5,0,41.34924432044927,-17.090620031796504,-19.461697399855762,54.108269670556005,21.48589749084898,0.8351053060166339,27.132177008823213,270132664.0,6460239.3,0,0.17885533289674882,16.0,-72.0,88.0,21.8155,21.87872275817158,22.461111217756514,-0.09462069079004443,-0.6572575242154386,-0.5626368334253942
1657512000,2022-07-11,20.81,21.1,20.59,20.87,3874178.0,21.631,23.186235030469874,20.075764969530127,22.413999999999998,20.907,21.6605,21.631,0.5100000000000016,22.93375,20.32825,0,41.415612491392025,-15.024429967426704,-19.754874437873305,61.83383059711224,21.556946745868892,0.8118834984440173,27.60295690780839,274006842.0,6465121.12,0,0.15507194989229744,12.0,-72.0,84.0,21.631,21.782653924060003,22.398714699413123,-0.07396023976328625,-0.6550871331295021,-0.5811268933662158
1657598400,2022-07-12,20.77,21.4,20.76,21.28,4376537.0,21.5025,22.68256567613866,20.322434323861344,22.283166666666666,20.754166666666666,21.518666666666668,21.5025,0.639999999999997,22.79925,20.205750000000002,1,44.143462572311044,-10.775681341719077,-18.842298034527758,60.67785552041804,21.538442577115852,0.7996061056980158,27.523046780203458,278383379.0,6443765.2,0,0.19086648924293828,8.0,-72.0,80.0,21.5025,21.734782121768575,22.354843534730257,-0.02567028621256362,-0.6132147511319204,-0.5875444649193567
1657684800,2022-07-13,20.98,21.6,20.94,21.48,3767314.0,21.475,22.62998051931649,20.320019480683513,22.182,20.741,21.461499999999997,21.475,0.6600000000000001,22.678,20.272000000000002,1,45.44775146042884,-2.496595551520657,-17.527501135650894,67.5018767225097,21.53987524295476,0.7896342410053004,27.110851602959343,282150693.0,6400971.56,0,0.19684473075922368,4.0,-72.0,76.0,21.475,21.710517157790616,22.320535945132995,0.024062663460403533,-0.5574661355938524,-0.5815287990542559
1657771200,2022-07-14,20.98,21.75,20.94,21.67,6210932.0,21.482,22.63992227718469,20.324077722815307,22.162333333333333,20.740333333333336,21.45133333333333,21.482,0.8099999999999987,22.670749999999998,20.29325,1,46.692518133305434,0.6502554575011638,-15.899545976599502,67.50349656902577,21.499752087361248,0.7910889380763503,26.473025106587603,288361625.0,6422181.48,0,0.19577509546034894,4.0,-68.0,72.0,21.482,21.706658380858176,22.29502473159837,0.07139995143007649,-0.4922788597666603,-0.5636788111967368
1657857600,2022-07-15,21.76,21.8,21.03,21.34,4450599.0,21.447499999999998,22.578868640187878,20.31613135981212,22.1305,20.7075,21.419,21.447499999999998,0.7699999999999996,22.627249999999997,20.26775,1,44.82265587487338,-3.1320926009986443,-15.2482296876792,54.34875389797358,21.36244281799951,0.7895825853566109,25.79280435493772,283911026.0,6422903.24,0,0.17599745529167657,4.0,-64.0,68.0,21.447499999999998,21.671738535062158,22.25757278133961,0.0814062660820547,-0.4619209785941685,-0.5433272446762232
1658116800,2022-07-18,21.49,22.04,21.42,21.56,4499574.0,21.47,22.59148116346222,20.348518836537778,22.13233333333333,20.744333333333334,21.438333333333333,21.47,0.6999999999999993,22.61675,20.323249999999998,1,46.330900423982875,2.1316911416390303,-14.064803536288546,54.0618124664736,21.308792459006664,0.78318382925971,24.73425046259609,288410600.0,6399171.0,0,0.12846719191195347,4.0,-60.0,64.0,21.47,21.661096769818144,22.23021698599296,0.10240387608344526,-0.41532239957191663,-0.5177262756553619
1658203200,2022-07-19,21.88,22.43,21.86,22.33,4113753.0,21.535500000000003,22.696524978198404,20.3744750218016,22.182166666666667,20.82116666666667,21.50166666666667,21.535500000000003,0.870000000000001,22.684500000000003,20.3865,0,51.24120442193283,6.232159847764028,-10.84154788167865,57.09011804530117,21.286008441096158,0.7893849843125879,23.10057781370083,292524353.0,6371242.96,0,0.16001994283153467,40.0,-20.0,60.0,21.535500000000003,21.724801839359273,22.234130045365784,0.16405620361184575,-0.3126560211405547,-0.47671222475240044
1658289600,2022-07-20,22.32,22.42,21.85,22.34,5211662.0,21.577,22.789602160644872,20.36439783935513,22.221666666666664,20.851666666666667,21.53666666666667,21.577,0.5700000000000003,22.714750000000002,20.43925,0,51.302113195743686,3.85867038586703,-8.19245337482207,56.48119423165047,21.337453559857614,0.7737146282902602,21.599450597328083,297736015.0,6263468.38,0,0.20438736877218006,36.0,-20.000000000000007,56.00000000000001,21.577,21.783392140372676,22.238281808292616,0.19908286181411639,-0.22785864748475504,-0.4269415092988714
1658376000,2022-07-21,22.25,22.38,21.81,22.07,4557804.0,21.607499999999998,22.837359748101633,20.377640251898363,22.258166666666668,20.88516666666667,21.571666666666665,21.607499999999998,0.5700000000000003,22.7475,20.467499999999998,0,49.54317382094441,2.8424976700838744,-6.679337518488346,48.55000061636267,21.363849869539028,0.7591635834123844,20.27303121481783,293178211.0,6159598.34,0,0.21875186122165202,32.0,-20.0,52.0,21.607499999999998,21.81068812700385,22.231682521692907,0.19726221502459157,-0.18036374051813198,-0.37762595554272355
1658462400,2022-07-22,22.12,22.36,21.49,21.73,3849303.0,21.588,22.796926796791524,20.379073203208478,22.267333333333333,20.866333333333337,21.56683333333333,21.588,0.870000000000001,22.740000000000002,20.436,0,47.38945559394239,-1.7631103074141075,-6.299331861988532,42.4974438371783,21.358303208442877,0.7670804703115,19.572958715143688,289328908.0,6129991.68,0,0.16208807897698527,28.000000000000004,-19.999999999999996,48.0,21.588,21.803003543479672,22.212008697312793,0.1675249956729924,-0.16821971095148314,-0.33574470662447553
1658721600,2022-07-25,21.77,22.2,21.52,22.07,3589297.0,21.5865,22.792953894685006,20.380046105314996,22.270166666666665,20.84916666666667,21.559666666666665,21.5865,0.6799999999999997,22.753500000000003,20.4195,0,49.69154625335761,-0.13574660633484675,-4.993865773008267,50.11096217583051,21.456521920718313,0.7608604367178213,18.9228913940177,292918205.0,6040762.54,0,0.24366951855089183,24.0,-20.0,44.0,21.5865,21.82843177743399,22.206439728790723,0.16486327169425663,-0.1296656170066548,-0.29452888870091143
1658808000,2022-07-26,22.03,22.45,21.88,22.44,8372348.0,21.5865,22.792953894685006,20.380046105314996,22.257166666666667,20.84716666666667,21.552166666666665,21.5865,0.5700000000000003,22.74525,20.427750000000003,0,52.09286087583315,0.0,-2.8476209252237883,60.864739602193886,21.645121525639947,0.747227548380834,17.806204186269348,301290553.0,6003770.9,1,0.34712549321335134,20.0,-20.0,40.0,21.5865,21.886676370059327,22.215598955112654,0.18085024881490155,-0.06846607768228452,-0.24931632649718607
1658894400,2022-07-27,22.49,22.64,22.15,22.52,2881910.0,21.5905,22.80871960253503,20.372280397464966,22.249166666666664,20.85816666666667,21.553666666666665,21.5905,0.490000000000002,22.735,20.445999999999998,0,52.60771055104204,0.35650623885917243,-0.8594502420338676,60.08430140316303,21.728130616138042,0.7288541520679175,16.672159331301465,304172463.0,5941477.22,0,0.3626480040538157,100.0,64.0,36.0,21.5905,21.94699290624415,22.22753625099059,0.18876848993495446,-0.013355714078493008,-0.20212420401344747
1658980800,2022-07-28,23.05,23.5,22.71,23.45,3850995.0,21.6815,23.145115728256787,20.217884271743213,22.329833333333333,20.940833333333334,21.635333333333335,21.6815,0.9800000000000004,22.8035,20.5595,0,58.11578658165346,8.41423948220065,3.412007185355967,65.73581624399466,21.86442814463733,0.7467931412059234,17.0034468100401,308023458.0,5868249.04,0,0.41796573500778333,100.0,68.0,32.0,21.6815,22.090136438982803,22.2754760058537,0.2450290890359554,0.1041621572814968,-0.1408669317544586
1659067200,2022-07-29,23.62,24.43,23.56,24.43,5658967.0,21.8235,23.713127211912624,19.933872788087374,22.458166666666667,21.062166666666666,21.760166666666667,21.8235,0.9800000000000004,22.959,20.688,0,62.89878162376813,13.154238073182029,9.382956389294906,72.64303553268707,22.121260867697963,0.7634507739769288,18.36262900367077,313682425.0,5871972.18,0,0.4872897295613479,100.0,72.0,28.000000000000004,21.8235,22.312980587651108,22.359967142879047,0.3312728803338837,0.273224168662896,-0.05804871167098769
1659326400,2022-08-01,24.28,24.47,23.87,23.96,3472103.0,21.9185,24.02475995546626,19.812240044533745,22.566499999999998,21.1675,21.866999999999997,21.9185,0.5999999999999979,23.053250000000002,20.78375,0,59.4703295047163,8.612873980054408,12.5427824425571,66.65381238916194,22.29394388080332,0.7517757186928623,19.66398148550687,310210322.0,5828064.6,0,0.41401731043305956,96.0,72.0,24.0,21.9185,22.469839579303382,22.422713529432812,0.3384978631394371,0.36507361725330867,0.02657575411387158
1659412800,2022-08-02,24.08,24.34,23.86,23.87,3205715.0,22.088500000000003,24.247845039589734,19.929154960410273,22.6545,21.4095,22.032,22.088500000000003,0.4800000000000004,23.092750000000002,21.084250000000004,0,58.824033160211265,16.609672691744027,14.718836318525963,61.20577912632866,22.436888601618044,0.7323631673576578,20.84986673987446,307004607.0,5723175.24,0,0.33209292117009254,92.0,72.0,20.0,22.088500000000003,22.6031881907983,22.479469861611918,0.3192958492428314,0.42569556566741085,0.10639971642457943
1659499200,2022-08-03,23.83,24.17,23.73,24.06,2928705.0,22.2665,24.459381893764647,20.073618106235354,22.8245,21.590500000000002,22.207500000000003,22.2665,0.4400000000000013,23.2625,21.270500000000002,0,59.79498801353566,17.36585365853658,16.886271370264936,54.3006771332307,22.612468374818516,0.7114800839749681,21.646426138202482,309933312.0,5651392.58,0,0.29202671402764396,88.0,72.0,16.0,22.2665,22.741932172627035,22.541451435666353,0.3016777131292119,0.4834968578360943,0.18181914470688243
1659585600,2022-08-04,24.19,24.47,24.12,24.21,3841763.0,22.427,24.694228263761914,20.159771736238085,22.987333333333332,21.75733333333333,22.372333333333334,22.427,0.41000000000000014,23.405,21.448999999999998,0,60.56770653402215,15.285714285714288,18.969218149615223,61.18716077838294,22.808953269440874,0.6899457922624704,22.736598492672524,313775075.0,5630076.2,0,0.27834772593173485,84.0,72.0,12.0,22.427,22.881748156186365,22.606884712699046,0.2827356016487695,0.5352386467678443,0.2525030451190748
1659672000,2022-08-05,24.12,24.31,22.97,23.24,5368008.0,22.546,24.719654986422846,20.372345013577153,23.163999999999998,21.844,22.503999999999998,22.546,1.3399999999999999,23.5915,21.5005,0,53.560532819070005,11.409395973154359,17.437969870596323,52.95675001174919,22.95435224843247,0.736378235672294,21.504249129299033,308407067.0,5649972.6,0,0.2622728211827902,80.0,72.0,8.0,22.546,22.915867379406713,22.631712763181437,0.19183642973874754,0.4922985822925092,0.3004621525537617
1659931200,2022-08-08,23.39,24.04,23.21,23.37,4075799.0,22.671,24.72922156241765,20.61277843758235,23.31433333333333,21.962333333333333,22.638333333333335,22.671,0.8299999999999983,23.740499999999997,21.6015,0,54.306304776048556,11.978917105893627,16.531873252589783,53.11075513829586,23.044105506659864,0.7430655045528444,20.35992472045222,312482866.0,5610932.12,0,0.17741558134239885,76.0,72.0,4.0,22.671,22.959118105177502,22.66066520384099,0.1303632473582108,0.46341621175152525,0.33305296439331444
1660017600,2022-08-09,23.25,23.44,22.98,23.42,4307158.0,22.778,24.756813786085235,20.799186213914762,23.412,22.078000000000003,22.744999999999997,22.778,0.46000000000000085,23.834,21.721999999999998,0,54.60146896672718,10.05639097744361,15.923374150002747,53.70214547501079,23.134129964524885,0.722846539941927,18.9164696375665,316790024.0,5592945.36,0,0.1831586935719084,72.0,68.0,4.0,22.778,23.00301161897012,22.69044303898448,0.08515369362268893,0.4394950814216756,0.35434138779898666
1660104000,2022-08-10,23.56,23.83,23.48,23.78,3239369.0,22.893,24.823451760599323,20.96254823940068,23.514333333333333,22.211333333333336,22.862833333333334,22.893,0.4099999999999966,23.93025,21.85575,0,56.72031951051856,10.707635009310989,16.283671065647084,60.274802327313004,23.246616908281922,0.7005003585175035,18.178826484924663,320029393.0,5529680.56,0,0.23355181489670113,68.0,60.0,8.0,22.893,23.077010512401536,22.733170762945875,0.07209722004596608,0.44446291285644435,0.37236569281047827
1660190400,2022-08-11,23.88,24.36,23.83,23.94,3621203.0,23.0065,24.902604163805634,21.110395836194364,23.629833333333334,22.354833333333332,22.99233333333333,23.0065,0.5799999999999983,24.0265,21.9865,0,57.6451362650769,10.475311490539914,16.957285318107395,66.51911513718923,23.387382365854556,0.6918931900519674,18.212520207638494,323650596.0,5389278.94,0,0.22774424863858522,64.0,60.0,4.0,23.0065,23.159199987410915,22.780497399693093,0.06695025921201347,0.4560535168254951,0.38910325761348163
1660276800,2022-08-12,24.21,24.48,24.12,24.45,2998691.0,23.162,24.994971358205333,21.329028641794665,23.75733333333333,22.523333333333333,23.140333333333334,23.162,0.5399999999999991,24.164749999999998,22.15925,0,60.47867849337574,14.573570759137766,18.71842240178962,66.37895539961615,23.527769553177244,0.6810436764768267,18.395674141665133,326649287.0,5347270.78,0,0.23494725552310844,100.0,96.0,4.0,23.162,23.28213332194321,22.845968089901206,0.08921422907715698,0.5006210439599279,0.4114068148827709
1660536000,2022-08-15,24.24,24.56,23.95,24.54,3362055.0,23.311,25.08229218368996,21.539707816310038,23.890666666666668,22.657666666666668,23.274166666666666,23.311,0.6099999999999994,24.307,22.315,0,60.96379132194719,13.821892393320967,20.35601664487256,61.04298110002827,23.781620718560113,0.6759691281570533,18.234947398097773,330011342.0,5332468.94,0,0.16375504464342194,100.0,96.0,4.0,23.311,23.40193014842481,22.91240071382665,0.1004849690990593,0.5370130262565951,0.4365280571575358
1660622400,2022-08-16,24.37,24.57,24.27,24.41,4183399.0,23.415,25.187935419015925,21.642064580984073,23.987666666666666,22.781666666666666,23.384666666666668,23.415,0.3000000000000007,24.36825,22.46175,0,59.846851319554354,9.314823107926564,21.23093093203056,62.24824078660301,23.90234170696282,0.6491141904315496,18.10021518615547,325827943.0,5347994.06,0,0.12749116765532412,96.0,84.0,12.0,23.415,23.49793680095578,22.971130097598152,0.09000562320302291,0.5490350861613145,0.45902946295829156
1660708800,2022-08-17,24.08,24.39,24.04,24.12,3593384.0,23.503999999999998,25.230237527109523,21.777762472890473,24.075666666666667,22.891666666666666,23.483666666666668,23.503999999999998,0.370000000000001,24.442249999999998,22.565749999999998,0,57.37833033149533,7.96777081468219,20.886102936619608,54.98217204515854,23.969880769856054,0.6291774625435819,17.50453930595358,322234559.0,5306201.96,0,0.029426940081235926,92.0,84.0,8.0,23.503999999999998,23.557180915150468,23.01618381926097,0.05602712221860867,0.5290633657315524,0.47303624351294377
1660795200,2022-08-18,24.12,24.68,24.12,24.42,4017432.0,23.6215,25.258940380594435,21.984059619405567,24.191166666666668,23.008166666666668,23.599666666666668,23.6215,0.5599999999999987,24.559,22.684,0,59.21041062299734,10.647938377888542,21.333074231948,53.49933091726229,23.985050008697407,0.6242362152190403,17.411605945835085,326251991.0,5234994.76,0,-0.07253081616156112,88.0,84.0,4.0,23.6215,23.639354161326615,23.071235434191912,0.046625739755262297,0.5313184182070216,0.48469267845175934
1660881600,2022-08-19,24.32,24.36,23.75,23.86,4342716.0,23.728,25.117843156619223,22.33815684338078,24.284666666666666,23.127666666666666,23.706166666666668,23.728,0.6700000000000017,24.6505,22.805500000000002,0,54.598920653059345,9.802116889093414,19.59343664216063,52.578304053339,23.977936530706046,0.627505056989109,16.583809321460187,321909275.0,5237087.46,0,-0.07785944139396153,84.0,80.0,4.0,23.728,23.66036805072408,23.102167377949094,-0.0018678053287244922,0.4823579217908538,0.4842257271195783
1661140800,2022-08-22,23.53,23.56,23.23,23.37,4012890.0,23.793,24.97223873749182,22.613761262508177,24.34,23.218,23.779,23.793,0.629999999999999,24.71175,22.87425,0,50.944449666655395,5.890348889895789,16.391812412912262,51.84541673101213,23.93120968055981,0.6276832672041726,15.883648961134044,317896385.0,5243391.16,0,-0.03097030609883753,80.0,64.0,16.0,23.793,23.63271395065512,23.112670618029522,-0.06784995526379811,0.3994132830398307,0.4672632383036288
1661227200,2022-08-23,23.55,23.57,23.11,23.12,4013157.0,23.827,24.880776067293862,22.77322393270614,24.385,23.274,23.829500000000003,23.827,0.46000000000000085,24.7375,22.916500000000003,0,49.1767023484102,3.030303030303029,12.940560145096844,50.87153766603459,23.879745770827217,0.6157058909753031,15.424925180336304,313883228.0,5240298.94,0,-0.12681832076499916,76.0,64.0,12.0,23.827,23.583884050592726,23.112958044773464,-0.12586384749010798,0.30993342894099385,0.43579727643110183
1661313600,2022-08-24,23.03,23.91,23.03,23.8,3923855.0,23.891000000000002,24.75849985590854,23.023500144091464,24.461666666666666,23.311666666666667,23.886666666666667,23.891000000000002,0.879999999999999,24.830750000000002,22.95125,1,53.7696913329728,5.683836589698052,12.045315441472018,50.84349339594924,23.831386525045794,0.6345840416199243,14.368412185112723,317807083.0,5157597.86,0,-0.03928874271988839,72.0,64.0,8.0,23.891000000000002,23.604466521964845,23.139900866547055,-0.11620490954295437,0.2905411395024089,0.40674604904536327
1661400000,2022-08-25,23.9,24.54,23.74,24.24,4952259.0,23.9305,24.785940822033496,23.0750591779665,24.509833333333333,23.358833333333333,23.934333333333335,23.9305,0.8000000000000007,24.856749999999998,23.00425,1,56.450326001514576,3.3688699360341112,12.532959942705716,60.89440947784896,23.894276279924938,0.6463994672185012,14.293257144357801,322759342.0,5079311.42,0,0.041718553005964935,68.0,64.0,4.0,23.9305,23.664993519872958,23.183042009035404,-0.07968767499304474,0.3071364553040574,0.38682413029710216
1661486400,2022-08-26,24.26,24.29,23.55,23.56,4087453.0,23.887,24.72471355486308,23.04928644513692,24.48633333333333,23.348333333333336,23.917333333333332,23.887,0.7399999999999984,24.79525,22.97875,1,51.584437358367666,-3.5611952517396683,10.602597601984561,52.99662421053016,23.913645205686283,0.6530852195600367,13.874758712660489,318671889.0,4948553.66,0,0.0147665759706579,64.0,60.0,4.0,23.887,23.654994137027916,23.19782467534774,-0.09954463338648512,0.2623933385639958,0.36193797195048094
1661745600,2022-08-29,23.23,23.47,23.06,23.38,3842773.0,23.857999999999997,24.723299947995677,22.992700052004317,24.436999999999998,23.318,23.8775,23.857999999999997,0.5,24.758749999999996,22.95725,1,50.37454472442073,-2.420701168614365,8.513875568530391,53.46449479622994,23.920729825106065,0.6421505610200341,13.10897692590252,314829116.0,4839978.62,0,-0.017897060206775665,60.0,56.0,4.0,23.857999999999997,23.628804219215734,23.20496880572626,-0.12155919493203182,0.20998897828544116,0.331548173217473
1661832000,2022-08-30,23.39,23.6,22.85,22.85,4864763.0,23.807,24.77732159617382,22.836678403826177,24.404333333333334,23.258333333333333,23.831333333333333,23.807,0.75,24.727999999999998,22.886,0,46.960709584350234,-4.273146208630077,5.18533508868684,45.80042428174972,23.862201247622473,0.6498540923757459,12.723054788149254,309964353.0,4638517.54,0,-0.14598765041396733,56.00000000000001,52.00000000000001,4.0,23.807,23.554632388814237,23.19104846040366,-0.16583118498208121,0.12425919198987145,0.29009037697195267
1661918400,2022-08-31,22.73,23.43,22.68,23.39,10346371.0,23.7735,24.7527910701121,22.794208929887898,24.378833333333333,23.201833333333333,23.790333333333333,23.7735,0.75,24.71775,22.82925,0,50.55449785600305,-2.784704904405645,4.1100879259249234,51.697977702990066,23.736649209587146,0.657007371491764,12.624212928234403,320310724.0,4714936.42,1,0.05136404886700891,52.0,-44.0,96.0,23.7735,23.53895311368907,23.198850481564303,-0.15307002604661418,0.09875284441368493,0.2518228704602991
1662004800,2022-09-01,23.31,23.63,23.23,23.58,3860378.0,23.742,24.70346970831186,22.78053029168814,24.342,23.160000000000004,23.750999999999998,23.742,0.3999999999999986,24.6855,22.7985,0,51.764966658143884,-2.602230483271386,3.8047210561805636,52.29733521673614,23.692013820243876,0.638649702099495,12.154628645479283,324171102.0,4679235.3,0,0.05691765419833207,48.0,-44.0,92.0,23.742,23.54286234095678,23.21379752150296,-0.12721786006488356,0.09280054537919469,0.22001840544407825
1662091200,2022-09-02,23.79,24.11,23.52,23.58,2897570.0,23.759,24.696078438553197,22.821921561446803,24.316,23.209,23.7625,23.759,0.5899999999999999,24.64625,22.871750000000002,0,51.764966658143884,1.462994836488812,3.562530289414376,54.50069629407434,23.658921129972583,0.6351747233781025,11.68267105833121,327068672.0,4615885.42,0,-0.02925213577491867,44.0,-44.0,88.0,23.759,23.54639926086566,23.22815840301265,-0.10635111862968813,0.0870795071569681,0.19343062578665624
1662436800,2022-09-06,23.51,23.62,22.98,23.0,5758217.0,23.7405,24.721162531149883,22.75983746885012,24.289499999999997,23.201500000000003,23.7455,23.7405,0.6400000000000006,24.613500000000002,22.8675,0,47.806382578923014,-1.5832263585793795,1.6090052740763847,46.655718582937446,23.56882301437823,0.6355193859939524,11.33395951653294,321310455.0,4432467.94,0,-0.10789289402815852,40.0,-44.0,84.0,23.7405,23.49436123602131,23.219211014659212,-0.126474863085493,0.035337046929790006,0.161811910015283
1662523200,2022-09-07,23.03,23.35,22.96,23.28,4497976.0,23.7335,24.725150644128917,22.741849355871082,24.28183333333333,23.200833333333332,23.741333333333333,23.7335,0.39000000000000057,24.60125,22.86575,0,49.75879003516962,-0.5977796754910357,0.8693960287772584,46.126708794115295,23.5094795134536,0.6179822869943844,11.04107534443537,325808431.0,4428118.98,0,-0.0325065249500557,36.0,-44.0,80.0,23.7335,23.473945880209754,23.221594896437285,-0.1160642773634224,0.016731563311005004,0.1327958406744274
1662609600,2022-09-08,23.29,23.71,23.18,23.53,3131991.0,23.721,24.716286893313324,22.725713106686676,24.279666666666667,23.180666666666667,23.73016666666667,23.721,0.5300000000000011,24.59775,22.84425,0,51.46512901230878,-1.0513036164844407,1.0117703243691603,45.253367105451204,23.451871247280565,0.611697837923357,10.368397345426732,328940422.0,4396450.32,0,-0.02183189981328582,32.0,-44.0,76.0,23.721,23.479284367808823,23.233689214224057,-0.0887111010893916,0.021906964312687904,0.11061806540207951
1662696000,2022-09-09,23.8,24.05,23.6,23.86,4354670.0,23.717000000000002,24.70937291377853,22.724627086221474,24.265333333333334,23.174333333333333,23.719833333333334,23.717000000000002,0.5199999999999996,24.589250000000003,22.84475,0,53.65230479924792,-0.3341687552213945,2.0966839601500515,52.12524846373191,23.441625833821714,0.6051479923574029,10.28833956211669,333295092.0,4390174.86,0,0.031683955438902726,28.000000000000004,-44.0,72.0,23.717000000000002,23.51554299944608,23.25825042150939,-0.04686493233997781,0.052036899977107254,0.09890183231708506
1662955200,2022-09-12,23.93,24.42,23.84,24.37,3825094.0,23.713,24.694103460396146,22.731896539603856,24.269333333333332,23.156333333333333,23.712833333333332,23.713,0.5800000000000018,24.588250000000002,22.83775,0,56.81797348670195,-0.327198364008173,4.445131231635056,58.29368255412161,23.49072184089942,0.6033517071890172,10.753728502620058,337120186.0,4354925.06,0,0.09041240097702136,24.0,-44.0,68.0,23.713,23.59691985664169,23.3018484441953,0.013465512151513148,0.11573372250647651,0.10226821035496336
1663041600,2022-09-13,24.0,24.31,23.51,23.6,4218547.0,23.666,24.57126018359435,22.76073981640565,24.25166666666667,23.119666666666667,23.68566666666667,23.666,0.8599999999999994,24.560000000000002,22.772,0,51.25426609514085,-3.830480847595753,3.918640984383115,58.02284110256514,23.525293253761344,0.6216837281040873,10.56806094757584,332901639.0,4363610.88,0,0.09894263382321737,20.0,-44.0,64.0,23.666,23.597213203628197,23.313540662069997,0.0005016206740328238,0.1028952361975044,0.10239361552347158
1663128000,2022-09-14,23.6,23.97,23.58,23.96,4022358.0,23.6435,24.494411863826844,22.792588136173155,24.22716666666667,23.086166666666667,23.656666666666666,23.6435,0.39000000000000057,24.544249999999998,22.74275,1,53.495374494596454,-1.8435067595247818,4.51842387847424,58.11536406343776,23.541343164953147,0.6051348903823668,10.395655360749064,336923997.0,4317119.72,0,0.11229617892097239,16.0,-44.0,60.0,23.6435,23.631764327092178,23.33889200865549,0.014390664790488394,0.12038194651158207,0.10599128172109368
1663214400,2022-09-15,23.83,24.0,23.71,23.97,4912440.0,23.636000000000003,24.472502241480125,22.79949775851988,24.20966666666667,23.074666666666666,23.642166666666665,23.636000000000003,0.28999999999999915,24.53075,22.741250000000004,1,53.55780730138657,-0.6218905472636904,5.0186856247458085,58.05093160333196,23.5196682130827,0.5826252553550548,10.286387273166653,341836437.0,4303104.66,0,0.1534978984004414,12.0,-44.00000000000001,56.00000000000001,23.636000000000003,23.663977248321494,23.36364134164939,0.022013540494102063,0.13350820733872126,0.1114946668446192
1663300800,2022-09-16,23.92,23.93,23.5,23.91,12771849.0,23.610500000000002,24.378106018737,22.842893981263003,24.171833333333332,23.049833333333332,23.610833333333336,23.610500000000002,0.46999999999999886,24.4985,22.722500000000004,1,53.10750902439972,-2.0884520884520947,5.234355627052753,51.10907896821755,23.549394362160605,0.5745805942582651,9.755857020534217,329064588.0,4470763.94,0,0.3475871879160791,8.0,-44.0,52.0,23.610500000000002,23.687407986576588,23.38506717138863,0.020791889712906075,0.1374845289857518,0.11669263927284573
1663560000,2022-09-19,23.66,24.39,23.66,24.21,4049080.0,23.628,24.432626621484317,22.823373378515683,24.18266666666667,23.04866666666667,23.615666666666666,23.628,0.7300000000000004,24.5205,22.735500000000002,1,55.09462065545815,1.4668901927912885,6.2616098270396,56.497556880973136,23.59185062467853,0.5856819803826748,10.06235371440813,333113668.0,4483327.28,0,0.34520472205546626,4.0,-44.0,48.0,23.628,23.737178654521674,23.417417478393,0.03701767208255194,0.16296472937603568,0.12594705729348374
1663646400,2022-09-20,24.12,24.22,23.54,23.71,3581272.0,23.645,24.441429532351275,22.848570467648724,24.222,23.053,23.6375,23.645,0.6799999999999997,24.541249999999998,22.74875,1,51.28211877606103,1.4548566538296954,5.486924552900621,57.39300734644387,23.636455869246195,0.5924189817839124,10.091642041469829,329532396.0,4477469.16,0,0.39390056383480565,12.0,-32.0,44.0,23.645,23.734590211233893,23.428891302769745,0.012190083397837281,0.14118466154078035,0.12899457814294307
1663732800,2022-09-21,23.83,24.1,23.24,23.26,3103247.0,23.651999999999997,24.432143576530162,22.871856423469833,24.255333333333333,23.046333333333333,23.65083333333333,23.651999999999997,0.860000000000003,24.578249999999997,22.725749999999998,1,48.12704874081221,0.6055363321799332,3.4354533564617604,48.04315050324288,23.70632769215325,0.6115319116564903,9.504806631404831,326429149.0,4452003.36,0,0.25004210209714184,8.0,-32.0,40.0,23.651999999999997,23.689391143497332,23.422268114425837,-0.033904360178274265,0.08661412792010026,0.12051848809837452
1663819200,2022-09-22,23.24,23.28,22.83,22.9,3131599.0,23.607,24.44916625437099,22.76483374562901,24.205000000000002,23.038999999999998,23.622,23.607,0.45000000000000284,24.501,22.712999999999997,1,45.756430805524936,-3.7815126050420256,0.6800253034372887,42.6747851976293,23.68566366315565,0.5999939179667412,9.439660369929259,323297550.0,4439289.06,0,0.17424546607671526,4.0,-32.0,36.0,23.607,23.614211034592824,23.401787011899334,-0.08509124485456551,0.01415443203016764,0.09924567688473315
1663905600,2022-09-23,22.49,22.55,21.99,22.24,4783252.0,23.507,24.488246146489885,22.525753853510118,24.097333333333335,22.955333333333336,23.526333333333334,23.507,0.9100000000000001,24.40925,22.604750000000003,0,41.78446909566254,-8.25082508250825,-3.48196018854108,37.233430342021094,23.580327623754,0.6221372095405453,10.58588712123006,318514298.0,4410735.46,0,0.19642773988918708,64.0,-36.0,100.0,23.507,23.48333379320303,23.35622673692289,-0.15573803086451662,-0.09542686169591263,0.06031116916860399
1664164800,2022-09-26,22.0,22.22,21.25,21.39,4143172.0,23.398500000000002,24.744431276106333,22.05256872389367,23.999833333333335,22.834833333333332,23.417333333333335,23.398500000000002,0.9899999999999984,24.3195,22.477500000000003,0,37.38498720732871,-9.210526315789465,-9.09736377639355,38.31472604096942,23.488397002812917,0.6484131231447919,12.444259600706019,314371126.0,4404586.92,0,0.2393304424300046,60.0,-40.0,100.0,23.398500000000002,23.28396867004084,23.279119806063168,-0.2466488824189902,-0.24799993385513375,-0.0013510514361435577
1664251200,2022-09-27,21.65,21.72,20.63,20.96,6274547.0,23.2775,24.992771115596945,21.562228884403055,23.923833333333334,22.690833333333334,23.307333333333336,23.2775,1.0899999999999999,24.24275,22.31225,0,35.40018124531218,-10.350727117194175,-14.505326514772035,37.61788327286662,23.28247911458201,0.679955042920164,14.707126775422214,308096579.0,4440086.38,0,0.15209796142766996,56.00000000000001,-43.99999999999999,100.0,23.2775,23.06263832051314,23.188173931315593,-0.31812957911665646,-0.39901302533196414,-0.08088344621530769
1664337600,2022-09-28,21.24,21.47,21.06,21.23,4177056.0,23.1965,25.124662596878483,21.268337403121517,23.814500000000002,22.6155,23.215,23.1965,0.509999999999998,24.14375,22.24925,0,37.59018772095161,-7.089715536105038,-17.781827950605678,38.228439558254905,23.14775225408333,0.6678153969972949,16.808360580515828,312273635.0,4441352.44,0,0.12423219041955144,52.0,-44.0,96.0,23.1965,22.888101337607125,23.111382796754196,-0.32828724860341274,-0.4912425069695736,-0.16295525836616087
1664424000,2022-09-29,20.95,21.0,20.15,20.35,7497786.0,23.044500000000003,25.3332592708717,20.755740729128306,23.68616666666667,22.47716666666667,23.081666666666667,23.044500000000003,1.0800000000000018,24.016500000000004,22.0725,0,33.67367195664772,-12.997007268063271,-22.31547321558939,30.59085506257061,22.8235665030564,0.6972571543546311,19.43008785003757,304775849.0,4487074.92,-1,0.05277251403905469,48.0,-52.0,100.0,23.044500000000003,22.64637740069216,23.003093275312853,-0.37211843118463983,-0.6281032973469607,-0.25598486616232086
1664510400,2022-09-30,20.46,20.59,19.91,19.99,5485511.0,22.865,25.495243334750814,20.234756665249183,23.534333333333333,22.297333333333334,22.91583333333333,22.865,0.6799999999999997,23.857999999999997,21.872,0,32.22772851985194,-15.224766751484308,-26.5370212550253,24.5601044082987,22.547814547751017,0.6960245004721575,22.015791437949417,299290338.0,4505629.06,-1,-0.05045471819112162,44.0,-56.0,100.0,22.865,22.393389076816717,22.884932754712352,-0.40072449802895094,-0.7568904886985095,-0.35616599066955856
1664769600,2022-10-03,20.34,20.79,20.02,20.44,5840388.0,22.708,25.517530921702242,19.898469078297754,23.377333333333333,22.122333333333334,22.749833333333335,22.708,0.8000000000000007,23.716749999999998,21.69925,0,35.85207610109073,-13.316369804919411,-28.23156333940669,31.52509221425882,22.30711506052681,0.7034513218670034,23.980250158303438,305130726.0,4545450.76,0,0.002167765759898908,40.0,-56.0,96.0,22.708,22.207352021881793,22.789053038841278,-0.3656825401140602,-0.8132691658121338,-0.4475866256980736
1664856000,2022-10-04,20.65,21.84,20.61,21.84,5275723.0,22.65,25.480837331956934,19.819162668043063,23.318333333333335,22.00433333333333,22.661333333333335,22.65,1.3999999999999986,23.71575,21.584249999999997,0,45.41223346170548,-5.043478260869566,-24.810905860297343,32.23251425387734,22.163435699165873,0.753204798876503,23.86395908571893,310406449.0,4579179.28,0,0.021586432135404388,36.0,-56.0,92.0,22.65,22.172366115035906,22.751835272612208,-0.23112394557956462,-0.7364915576725295,-0.5053676120929649
1664942400,2022-10-05,21.45,22.03,21.17,21.79,5050936.0,22.5755,25.414510214846196,19.736489785153807,23.265166666666666,21.904166666666665,22.58466666666667,22.5755,0.8599999999999994,23.6765,21.474500000000003,0,45.15921791301235,-6.400343642611691,-22.349655514965107,31.906782471228382,22.01677246398958,0.7608330275281814,23.45712398907917,305355513.0,4512751.04,0,-0.0005946965283213521,32.0,-56.0,88.0,22.5755,22.135950294556295,22.714116242313693,-0.13325286935463188,-0.6719336987862548,-0.5386808294316229
1665028800,2022-10-06,21.73,21.82,21.33,21.56,4958765.0,22.476999999999997,25.31340688195488,19.640593118045114,23.168,21.811,22.4895,22.476999999999997,0.490000000000002,23.574999999999996,21.378999999999998,0,43.97291969478249,-8.37229069273269,-20.911646938124022,36.212104285405054,21.649522896959542,0.7414878112761686,23.079348542199398,300396748.0,4554288.14,0,-0.1771589458731026,28.000000000000004,-56.0,84.0,22.476999999999997,22.081097885550935,22.6688567818308,-0.07469085163442934,-0.6320443939746596,-0.5573535423402303
1665115200,2022-10-07,21.43,21.52,20.87,20.91,3708729.0,22.3295,25.169700521090192,19.489299478909807,23.041166666666665,21.664166666666667,22.352666666666668,22.3295,0.6899999999999977,23.44025,21.21875,0,40.78566391300379,-12.363788767812235,-21.088426401597292,29.919040775553,21.471849873924786,0.7378101104707279,23.24061693728285,296688019.0,4551442.82,0,-0.25721686171180047,24.0,-56.0,80.0,22.3295,21.969564753593705,22.599882006072733,-0.07047009122415215,-0.6454411563704205,-0.5749710651462684
1665374400,2022-10-10,20.94,21.3,20.6,20.64,5361773.0,22.143,24.911711613729565,19.374288386270436,22.879,21.490000000000002,22.1845,22.143,0.6999999999999993,23.26275,21.02325,0,39.532766186896936,-15.305703734099305,-21.756403738522597,29.37883714301276,21.300706289221942,0.7351093882942472,23.670191754894763,291326246.0,4545498.94,0,-0.29356368214878964,20.0,-56.0,76.0,22.143,21.84293953896573,22.523023888187527,-0.0761193095225765,-0.670120202049489,-0.5940008925269125
1665460800,2022-10-11,20.52,21.06,20.35,20.75,5367752.0,22.0005,24.74787310898992,19.253126891010076,22.720166666666664,21.340166666666665,22.030166666666666,22.0005,0.7099999999999973,23.108999999999998,20.892,0,40.31899602372962,-12.076271186440684,-21.948673109215168,28.632600930308428,21.159334122127426,0.7333158605589436,24.32032529111897,296693998.0,4583411.92,0,-0.2329910954904594,16.0,-56.0,72.0,22.0005,21.73885005906423,22.453493539631154,-0.06323449434978967,-0.6730440104641495,-0.6098095161143599
1665547200,2022-10-12,20.74,20.75,20.3,20.41,4967279.0,21.823,24.498825853825494,19.147174146174507,22.555666666666664,21.169666666666664,21.862666666666666,21.823,0.4499999999999993,22.936,20.71,0,38.68253027404872,-14.816360601001671,-22.768948322075374,28.077486403987336,21.034273630635386,0.7130790133761619,24.974899180451455,291726719.0,4618643.2,0,-0.23235743285373273,12.0,-56.0,68.0,21.823,21.61229291058192,22.37335653807699,-0.06798217387794847,-0.6947872334617955,-0.626805059583847
1665633600,2022-10-13,20.09,20.9,19.76,20.64,4102848.0,21.6565,24.187731123386584,19.12526887661342,22.425166666666666,20.95416666666667,21.689666666666668,21.6565,1.139999999999997,22.83325,20.479750000000003,0,40.40492580283397,-13.892365456821022,-22.711269198283055,28.498300538461237,20.91893969387795,0.7435733695635787,26.103969203803324,295829567.0,4642126.06,0,-0.1965495568280311,8.0,-56.0,64.0,21.6565,21.519693585764593,22.305381771877894,-0.04700166477872847,-0.6855571405572576,-0.6385554757785291
1665720000,2022-10-14,20.87,21.15,20.3,20.39,2723747.0,21.4805,23.84447525367777,19.116524746322227,22.28783333333333,20.774833333333333,21.531333333333333,21.4805,0.8499999999999979,22.68575,20.27525,0,39.14677353459697,-14.721873693015471,-23.16074974403764,32.944116967902616,20.866151758850187,0.7511752717376086,26.63086956802963,293105820.0,4619765.74,0,-0.18918632698169954,4.0,-56.0,60.0,21.4805,21.41210372045368,22.230268761216017,-0.041520410772323046,-0.690455989243933,-0.64893557847161
1665979200,2022-10-17,20.89,21.41,20.8,20.97,3768202.0,21.3185,23.329840597711108,19.307159402288892,22.1305,20.6295,21.380000000000003,21.3185,1.0199999999999996,22.5455,20.0915,0,43.447253900840344,-13.382899628252796,-21.678049551770478,39.74390219777013,20.85505516344532,0.7703770380420651,26.596725641350965,296874022.0,4587769.62,0,-0.1843065756348083,20.0,-36.00000000000001,56.00000000000001,21.3185,21.369998604219997,22.180846456854603,0.00702216840354164,-0.6401578679671829,-0.6471800363707245
1666065600,2022-10-18,21.36,21.54,21.26,21.47,3143547.0,21.2065,22.896485502896653,19.516514497103344,21.9905,20.5295,21.26,21.2065,0.5700000000000003,22.42525,19.98775,0,46.85534619533884,-9.4474905103332,-18.919487423336353,38.823273086710195,20.856880791186477,0.7560643924676319,26.30630484212599,300017569.0,4569124.58,0,-0.15316376663356607,16.0,-36.0,52.0,21.2065,21.379522546675236,22.152970125213248,0.07488865169827708,-0.5535692217478783,-0.6284578734461553
1666152000,2022-10-19,21.26,21.33,20.74,21.13,3660008.0,21.1,22.503025302694446,19.696974697305556,21.853666666666665,20.419666666666664,21.136666666666667,21.1,0.7300000000000004,22.309,19.891000000000002,0,44.91775993501503,-9.157351676698203,-17.438472092238218,41.06587091247245,20.911183755585352,0.7542026501485154,26.645683728775715,296357561.0,4556181.58,0,-0.08125271608980086,12.0,-36.0,48.0,21.1,21.355758494610928,22.11285364971469,0.09753178653765238,-0.5065431402740899,-0.6040749268117422
1666238400,2022-10-20,21.16,21.22,20.35,20.48,4389536.0,20.979,22.136063524617736,19.821936475382262,21.758666666666663,20.282666666666668,21.020666666666664,20.979,0.8699999999999974,22.219499999999996,19.738500000000002,1,41.46699560518633,-10.567685589519643,-17.656732825102768,41.68883444276246,20.96096267514503,0.7624738894236213,27.362863946761955,291968025.0,4579184.92,0,-0.06475650952998803,8.0,-36.0,44.0,20.979,21.272352923695603,22.048820173255294,0.07063704168912577,-0.5157786247003351,-0.5864156663894609
1666324800,2022-10-21,20.45,20.72,20.1,20.7,4491908.0,20.901999999999997,21.908292204084283,19.895707795915712,21.674,20.192,20.933,20.901999999999997,0.6199999999999974,22.120749999999997,19.683249999999997,1,43.026392442550126,-6.924460431654674,-17.15581844766755,33.25098458388531,20.979631363745824,0.7522971830362195,28.27010301145413,296459933.0,4596599.02,0,-0.005976847381751442,4.0,-36.0,40.0,20.901999999999997,21.21784312143888,21.995925264500187,0.06946315194180763,-0.49958672646220137,-0.569049878404009
1666584000,2022-10-24,20.75,21.06,20.42,20.46,4419871.0,20.8555,21.853206870779587,19.85779312922041,21.608833333333333,20.159833333333335,20.884333333333334,20.8555,0.639999999999997,22.048,19.663,1,41.74916402677409,-4.347826086956521,-17.276587743026845,32.093511452809864,20.915625915555722,0.7442759556764893,28.3874215299598,292040062.0,4625022.62,0,-0.15815584575996344,4.0,-32.0,36.0,20.8555,21.145667586063748,21.935692901186453,0.05495768718612082,-0.5003527694213581,-0.5553104566074789
1666670400,2022-10-25,20.48,21.15,20.45,20.93,6214411.0,20.854000000000003,21.851163978491403,19.856836021508602,21.57633333333333,20.166333333333334,20.871333333333332,20.854000000000003,0.6999999999999993,22.01725,19.690750000000005,1,45.1081232272083,-0.14312977099237184,-15.921305260791485,33.16245905571871,20.846663935686976,0.7411133874138829,28.308515371875416,298254473.0,4682069.74,0,-0.15390620242063838,4.0,-28.0,32.0,20.854000000000003,21.125127815962436,21.896253963885023,0.07804193154699668,-0.45775804217373306,-0.5357999737207297
1666756800,2022-10-26,21.02,21.14,20.77,20.85,3616347.0,20.835,21.81715070126778,19.85284929873222,21.557666666666666,20.151666666666667,20.854666666666667,20.835,0.370000000000001,21.98775,19.682250000000003,1,44.64684614725088,-1.789919924634946,-15.009897002417489,40.06664282076025,20.79124403395148,0.7146052883128914,28.235245367939914,294638126.0,4670728.7,0,-0.18653319187442305,4.0,-24.000000000000004,28.000000000000004,20.835,21.098925166823157,21.855224396673844,0.08819897466618298,-0.425551255388001,-0.513750230054184
1666843200,2022-10-27,21.06,21.24,20.84,20.92,4198869.0,20.8635,21.820459246781596,19.9065407532184,21.560166666666664,20.199166666666667,20.879666666666665,20.8635,0.3999999999999986,21.965249999999997,19.76175,1,45.16333694059569,2.800982800982802,-14.04647018486177,46.77018098609844,20.786799708408548,0.6921334820048276,27.936076604174968,298836995.0,4682838.4,0,-0.17289047701934124,4.0,-20.0,24.0,20.8635,21.08188467474476,21.818548930137617,0.09909267577312908,-0.3898843853377727,-0.4889770611109018
1666929600,2022-10-28,21.04,21.89,20.97,21.87,4457402.0,20.957500000000003,21.922090586726213,19.992909413273793,21.642833333333332,20.257833333333334,20.950333333333333,20.957500000000003,0.9699999999999989,22.081000000000003,19.834000000000003,1,51.613181408654974,9.404702351175603,-10.320634940102895,55.11153504826355,20.840557582723807,0.711981090433054,26.3196939748186,303294397.0,4691637.8,0,-0.0241003768546034,100.0,80.0,20.0,20.957500000000003,21.15694327715002,21.82056661915183,0.16581072592941293,-0.2817136536991356,-0.4475243796285485
1667188800,2022-10-31,21.83,22.11,21.67,21.86,5118812.0,21.0285,22.038257891774474,20.018742108225528,21.699499999999997,20.347500000000004,21.0235,21.0285,0.4399999999999977,22.125,19.932000000000002,1,51.54600357231132,6.947162426614471,-7.362321577580189,64.1000736792401,20.941241789198582,0.6925538696878357,24.453246110415172,298175585.0,4707159.72,0,-0.04745744683009938,96.0,80.0,16.0,21.0285,21.223901060278592,21.822113026243915,0.20237805268751424,-0.19455181376915576,-0.39692986645667
1667275200,2022-11-01,22.09,22.1,21.61,21.77,3260429.0,21.025,22.023909405302017,20.02609059469798,21.682333333333332,20.404333333333334,21.043333333333333,21.025,0.490000000000002,22.05325,19.99675,1,50.918152094821174,-0.3205128205128218,-5.186669687190677,65.72018119538728,21.030615239471675,0.6780857361387047,22.80109980067533,294915156.0,4692110.5,0,-0.024411535132892462,92.0,80.0,12.0,21.025,21.275910483109204,21.82006937815592,0.21256389681854843,-0.13122499543348454,-0.34378889225203296
1667361600,2022-11-02,21.73,22.54,21.64,21.77,5007557.0,21.023999999999997,22.019879510784726,20.02812048921527,21.700333333333333,20.418333333333333,21.05933333333333,21.023999999999997,0.8999999999999986,22.055249999999994,19.99275,1,50.918152094821174,-0.0917852225791628,-3.389677357565822,73.22547505998594,21.154119040575218,0.69393675498594,21.848936956639825,299922713.0,4711998.5,0,-0.12309725104524799,88.0,80.0,8.0,21.023999999999997,21.322966627574996,21.8181058731302,0.21093949357801367,-0.0801145252795159,-0.2910540188575296
1667448000,2022-11-03,21.69,22.53,21.47,22.11,5036915.0,21.051499999999997,22.131856885478513,19.97114311452148,21.752166666666664,20.413166666666665,21.082666666666665,21.051499999999997,1.0600000000000023,22.125499999999995,19.9775,0,53.29923810811769,2.551020408163269,-0.8671339673217248,74.36239939433861,21.251485106215934,0.7200841296298016,20.632899267455365,304959628.0,4734259.7,0,-0.06589295003703759,100.0,96.0,4.0,21.051499999999997,21.397922186853567,21.8295527016349,0.2232150419130334,-0.012035216466237841,-0.23525025837927124
1667534400,2022-11-04,22.05,22.72,21.35,21.75,7438502.0,21.0935,22.21318343740579,19.97381656259421,21.830166666666663,20.419166666666666,21.124666666666666,21.0935,1.3699999999999974,22.2185,19.9685,1,50.565192099866216,4.017216642754661,0.1428817999238585,64.06095155095103,21.342139893195952,0.7665066917991014,19.834142346168782,297521126.0,4783984.56,0,-0.08427985415358086,96.0,56.0,40.0,21.0935,21.431453407153228,21.826432987845294,0.1983781891760463,0.012722478090786637,-0.18565571108525966
1667797200,2022-11-07,21.85,22.82,21.65,22.68,5051006.0,21.195500000000003,22.489462518777447,19.901537481222558,21.9305,20.472500000000004,21.2015,21.195500000000003,1.1700000000000017,22.35575,20.035250000000005,0,56.61670782010972,9.883720930232553,3.72398906304841,65.21685323694604,21.41754255006382,0.79532764238488,19.265842905394283,302572132.0,4803255.62,0,-0.047644117601040266,100.0,64.0,36.0,21.195500000000003,21.550362606471968,21.859906204008226,0.23345463359911134,0.10616258091362951,-0.12729205268548183
1667883600,2022-11-08,22.64,23.18,22.57,22.96,3912864.0,21.306,22.79210093869861,19.819899061301392,22.034666666666666,20.586666666666666,21.31066666666667,21.306,0.6099999999999994,22.45875,20.153250000000003,0,58.23693228215635,10.650602409638559,7.357005794323351,70.8979716616817,21.52409462765692,0.7820899536431029,19.3307840452322,306484996.0,4804657.44,0,-0.04878695180570929,100.0,68.0,32.0,21.306,21.684613786807972,21.903047137184373,0.26223123497644735,0.20049699103507734,-0.061734243941370004
1667970000,2022-11-09,22.84,23.02,22.35,22.42,3345189.0,21.4065,22.908409118422586,19.904590881577416,22.151166666666665,20.681166666666666,21.416166666666665,21.4065,0.6699999999999982,22.57575,20.237250000000003,0,54.13276536047762,9.84811366976973,8.498262801937535,71.65762614003759,21.635098120918418,0.7740835283828812,18.890221162714646,303139807.0,4774265.96,0,-0.04298284356410842,96.0,68.0,28.000000000000004,21.4065,21.754650569016736,21.923319798471262,0.23262253742675817,0.22904392784207772,-0.0035786095846804603
1668056400,2022-11-10,23.22,23.79,22.93,23.41,3465929.0,21.545,23.237424296682406,19.852575703317598,22.28433333333333,20.842333333333332,21.563333333333333,21.545,1.3699999999999974,22.7315,20.358500000000003,0,59.62397379660959,13.420542635658913,12.010903812541262,77.9786788998272,21.80715044930854,0.8166489906412467,19.599352468944783,306605736.0,4636657.12,0,-0.10252650131279582,100.0,76.0,24.0,21.545,21.912302895777046,21.981620982844937,0.2650820342959533,0.32777393328526117,0.06269189898930787
1668142800,2022-11-11,23.61,23.7,22.69,22.93,3527594.0,21.672,23.379812636093597,19.964187363906404,22.416999999999998,20.959,21.688,21.672,1.009999999999998,22.8705,20.4735,0,56.19067159279282,12.457086807258456,13.14477239455012,71.99369239990907,21.959751793818658,0.8304597770240146,19.732794999785163,303078142.0,4630001.44,0,-0.07228712683169596,96.0,76.0,20.0,21.672,22.009226429512566,22.01881231685102,0.24032695111478908,0.3631005878827942,0.12277363676800514
1668402000,2022-11-14,22.74,22.92,21.85,21.85,3675493.0,21.716,23.394289605521337,20.037710394478665,22.49733333333333,20.993333333333332,21.74533333333333,21.716,1.0799999999999983,22.919,20.513,0,49.4470879596724,4.196471149260861,10.630785130032194,64.95317026856782,22.08812757080168,0.8482840786651563,18.32566873951264,299402649.0,4645559.9,0,-0.1732025322560507,92.0,76.0,16.0,21.716,21.99406200765423,22.012192225994117,0.14217022792953232,0.30048642167992057,0.15831619375038825
1668488400,2022-11-15,22.26,22.37,21.55,21.61,3885180.0,21.723000000000003,23.39829221331712,20.047707786682885,22.545333333333332,20.987333333333332,21.766333333333336,21.723000000000003,0.8200000000000003,22.944750000000003,20.501250000000002,0,48.09685989832196,0.6520726595249212,8.037295334460657,58.94638983135877,22.141454258957342,0.8462637873319309,17.474187704452405,295517469.0,4608099.16,0,-0.19303796257638836,88.0,76.0,12.0,21.723000000000003,21.95748467359192,21.996419981837484,0.056435119340755374,0.22886009292633247,0.1724249735855771
1668574800,2022-11-16,21.42,21.9,21.38,21.73,3395198.0,21.753000000000004,23.40608318000063,20.09991681999938,22.572,21.021,21.796499999999998,21.753000000000004,0.5199999999999996,22.959000000000003,20.547000000000004,0,48.83223555825082,2.839564600094659,6.344165359000751,53.02820642966959,22.1941488453935,0.8229592310939358,16.933836233215963,298912667.0,4586043.6,0,-0.13461016463346787,84.0,76.0,8.0,21.753000000000004,21.935819466583165,21.985972139412485,0.005825746118885061,0.17970715623418343,0.17388141011529837
1668661200,2022-11-17,21.57,21.8,21.31,21.38,2599105.0,21.798000000000002,23.35630163960672,20.239698360393284,22.593666666666667,21.080666666666666,21.83716666666667,21.798000000000002,0.490000000000002,22.9755,20.620500000000003,0,46.79663106908016,4.394531249999993,4.038972342839919,47.29251080815109,22.210149194718447,0.7991764288729405,16.537177468794205,296313562.0,4575385.88,0,-0.24309578751862332,80.0,76.0,4.0,21.798000000000002,21.88288427928953,21.962208526102195,-0.05012204974939788,0.11122884792855103,0.1613508976779489
1668747600,2022-11-18,21.63,21.81,21.54,21.81,3763031.0,21.853500000000004,23.32825116545165,20.378748834548357,22.636833333333335,21.158833333333334,21.897833333333335,21.853500000000004,0.4299999999999997,23.016750000000002,20.690250000000006,0,49.51807568471394,5.362318840579708,3.3230178408916724,46.040242474076116,22.207456304121926,0.7728066839534448,16.148912022252226,300076593.0,4563553.1,0,-0.17107384441040902,76.0,52.0,24.0,21.853500000000004,21.875942919357193,21.95623956429427,-0.05659097353345177,0.0906121807611342,0.14720315429458597
1669006800,2022-11-21,21.76,21.87,21.43,21.78,2292246.0,21.9195,23.249980740184164,20.589019259815835,22.679166666666667,21.221166666666665,21.950166666666668,21.9195,0.4400000000000013,23.06775,20.77125,0,49.332754560404496,6.451612903225808,2.6736777332222617,46.82828767476477,22.20857413990934,0.7490347779567702,15.971471717721442,297784347.0,4532896.14,0,-0.1299351942494517,72.0,52.0,20.0,21.9195,21.866805498466032,21.94932820883175,-0.06093553026626833,0.07103374146175057,0.1319692717280189
1669093200,2022-11-22,21.88,22.35,21.78,22.3,2276632.0,21.988,23.246786717439065,20.729213282560934,22.737666666666666,21.292666666666666,22.015166666666666,21.988,0.5700000000000003,23.1265,20.8495,0,52.571375924442506,6.545628284758724,3.501132292251931,44.16833902651326,22.226824004563827,0.7362465795312866,14.837877436482634,300060979.0,4494057.84,0,-0.03521200377242536,68.0,52.0,16.0,21.988,21.908062117659743,21.963080043779527,-0.028482226545041137,0.09636648854671748,0.12484871509175861
1669179600,2022-11-23,22.29,22.91,22.28,22.84,1865792.0,22.0875,23.283792188389207,20.89120781161079,22.8385,21.3675,22.103,22.0875,0.629999999999999,23.2455,20.929499999999997,0,55.668856736056846,9.544364508393278,5.539158279770622,40.75684743885791,22.26241492019842,0.7286575381361946,14.70302990765492,301926771.0,4450926.52,0,-0.029387274105594885,64.0,52.0,12.0,22.0875,21.99681810645405,21.997469061670525,0.026675277440156464,0.15819281189195422,0.13151753445179776
1669352400,2022-11-25,22.8,23.23,22.8,22.92,1271597.0,22.1875,23.30871139844414,21.06628860155586,22.93916666666667,21.46516666666667,22.202166666666667,22.1875,0.4299999999999997,23.347749999999998,21.027250000000002,1,56.115796444792366,9.560229445506693,7.363255936562803,49.22330521526001,22.337200321628945,0.7073248568407521,15.039641813704106,303198368.0,4378109.66,0,0.02366756532632144,60.0,52.0,8.0,22.1875,22.084740191553664,22.033646745526582,0.06375496308573736,0.21121123830896948,0.14745627522323212
1669611600,2022-11-28,22.62,22.75,22.44,22.64,1896902.0,22.226,23.35381913443649,21.09818086556351,22.960333333333335,21.547333333333334,22.253833333333336,22.226,0.4800000000000004,23.3495,21.1025,0,54.10609903726274,3.5208047553726542,8.01976002579086,40.688376291561376,22.344109166016718,0.6910873670664126,14.648022574866499,301301466.0,4160610.72,0,-0.054463106944000826,56.00000000000001,52.00000000000001,4.0,22.226,22.13762207807236,22.057425304525538,0.0644403745972359,0.228006743469777,0.1635663688725411
1669698000,2022-11-29,22.66,23.12,22.41,23.06,2631256.0,22.285999999999998,23.456425563631058,21.115574436368938,23.023000000000003,21.583,22.303,22.285999999999998,0.7100000000000009,23.42975,21.142249999999997,0,56.56238628614864,5.489478499542541,9.598646852998074,38.72632974950243,22.32350418144605,0.6924382694188118,14.825268977805878,303932722.0,4132254.24,0,-0.028736443717444684,52.0,44.0,8.0,22.285999999999998,22.225467594446425,22.096741959250025,0.08680412177543792,0.2720715210918385,0.1852673993164006
1669784400,2022-11-30,23.2,23.27,22.8,23.16,7650702.0,22.3555,23.559700564690576,21.151299435309422,23.0845,21.6465,22.3655,22.3555,0.46999999999999886,23.49775,21.21325,0,57.13733675972574,6.384933394579699,11.124271989996434,52.58990851278165,22.43320572722653,0.6765498216031823,15.198601041683554,311583424.0,4213642.84,1,0.12601376184690044,48.0,44.0,4.0,22.3555,22.314470680689624,22.13843835300493,0.10096358861510546,0.31147188508528245,0.210508296470177
1669870800,2022-12-01,23.29,23.63,23.13,23.35,4111885.0,22.4345,23.68124736815488,21.187752631845118,23.13383333333333,21.735833333333336,22.434833333333337,22.4345,0.5,23.54675,21.32225,0,58.242754216434726,7.25769407441434,12.843597615866317,53.29986829287114,22.44618493715639,0.6639391200600979,16.022289206494914,315695309.0,4233815.6,0,0.10420770550608145,44.0,40.0,4.0,22.4345,22.413092520623948,22.185950574455717,0.11475198213505866,0.3539482741390003,0.23919629200394166
1669957200,2022-12-02,23.04,23.22,22.81,22.84,1941562.0,22.471,23.720350231120612,21.221649768879388,23.147333333333332,21.814333333333334,22.480833333333333,22.471,0.5400000000000027,23.544249999999998,21.397750000000002,0,54.28694329489563,3.3016734509271846,12.610139062541318,55.330436156760285,22.41523520817946,0.6550863257700911,16.116896324549785,313753747.0,4210014.86,0,0.11250608357571668,40.0,-20.0,60.0,22.471,22.45375037580262,22.211599571535885,0.08265107606295669,0.34251013708263756,0.25985906101968087
1670216400,2022-12-05,22.64,22.69,22.14,22.31,2570592.0,22.499000000000002,23.70687250982922,21.291127490170783,23.128333333333334,21.877333333333333,22.502833333333335,22.499000000000002,0.6999999999999993,23.522000000000002,21.476000000000003,0,50.532492397682624,2.574712643678155,10.723112465800638,56.74018868720841,22.43127292886072,0.6582944453579416,15.005572833200246,311183155.0,4165761.66,0,0.1793670561540934,36.0,-20.000000000000007,56.00000000000001,22.499000000000002,22.440059863821418,22.21545841186781,0.022005696773258532,0.2873661819862541,0.26536048521299554
1670302800,2022-12-06,22.18,22.61,22.05,22.58,3779277.0,22.494,23.699659985236774,21.288340014763225,23.099333333333334,21.909333333333333,22.50433333333333,22.494,0.5599999999999987,23.471249999999998,21.516750000000002,0,52.30146210561335,-0.44091710758378055,9.904653151416333,65.7099729568792,22.483988150581684,0.6512734135466599,14.039504169374979,314962432.0,4158483.76,0,0.33895423768731436,32.0,-20.0,52.0,22.494,22.453387495838427,22.229754160422015,-0.0023476987168927765,0.26242586181687955,0.2647735605337723
1670389200,2022-12-07,22.49,22.89,22.38,22.5,3313647.0,22.471,23.657623781997113,21.284376218002887,23.078666666666667,21.898666666666667,22.488666666666667,22.471,0.5100000000000016,23.44075,21.50125,0,51.724563067088496,-2.003484320557495,8.987812740416697,73.52851675643997,22.558216537104723,0.6411824554361844,13.392034843524295,311648785.0,4099265.76,0,0.2698024202559962,28.000000000000004,-19.999999999999996,48.0,22.471,22.457826781949052,22.2403520364839,-0.025008168076297577,0.23351335043840038,0.25852151851469796
1670475600,2022-12-08,22.54,22.76,22.36,22.45,2201684.0,22.4725,23.65893794612324,21.286062053876762,23.061500000000002,21.9085,22.485,22.4725,0.40000000000000213,23.422,21.523,0,51.3519148566923,0.13380909901872248,8.074664316833095,74.0197856154208,22.622745860067905,0.6239551371907428,12.754300614426393,309447101.0,4059758.32,0,0.2879130861849538,24.0,-20.0,44.0,22.4725,22.457081374144384,22.248573525249235,-0.043448116297693795,0.20421137314258075,0.24765948944027455
1670562000,2022-12-09,22.28,22.85,22.21,22.71,3274280.0,22.4375,23.550260081958875,21.324739918041125,23.011166666666668,21.880166666666668,22.445666666666668,22.4375,0.6400000000000006,23.332250000000002,21.542749999999998,0,53.1975691522003,-2.990175138829557,8.045937768989768,73.80340975790668,22.702833430473607,0.6251011988199755,11.879750307276678,312721381.0,3975288.2,0,0.24456802677162273,20.0,-20.0,40.0,22.4375,22.48116886232111,22.266668681121814,-0.03839356824937351,0.19966752912855767,0.23806109737793119
1670821200,2022-12-12,22.83,23.06,22.68,23.05,2359982.0,22.4435,23.568049243030792,21.31895075696921,22.970833333333335,21.902833333333334,22.436833333333333,22.4435,0.379999999999999,23.291,21.596,0,55.520450115246014,0.523331879633672,8.985948526440996,79.23321123976399,22.77210252397633,0.6075939703328344,11.451236201902953,315081363.0,3912777.62,0,0.26558347844216423,16.0,-20.0,36.0,22.4435,22.535343256385765,22.297387556371937,-0.013685173050485555,0.22095463106482427,0.23463980411530982
1670907600,2022-12-13,23.4,23.83,22.94,23.12,5246131.0,22.506999999999998,23.633749306634414,21.380250693365582,23.016333333333336,21.96633333333333,22.491333333333333,22.506999999999998,0.889999999999997,23.340249999999997,21.67375,0,55.99378453129014,5.812356979405032,9.960682050809307,80.71139314858857,22.866931513320317,0.6277658295947744,12.234447689717882,320327494.0,3900892.48,0,0.13433707010537266,12.0,-20.0,32.0,22.506999999999998,22.591024851015693,22.329646867886765,0.0048470399259124275,0.24069860402270038,0.23585156409678795
1670994000,2022-12-14,22.94,23.35,22.83,23.18,3566361.0,22.5855,23.66927995921735,21.50172004078265,23.065166666666666,22.045166666666667,22.555166666666665,22.5855,0.5200000000000031,23.396250000000002,21.774749999999997,0,56.4122902098089,7.265155020823694,10.946777756906902,73.58877314776822,22.894378957608957,0.620068270338005,12.731594327695229,323893855.0,3866705.24,0,0.1246218436524596,8.0,-20.000000000000004,28.000000000000004,22.5855,22.64711772234753,22.362994049538266,0.017887428287905932,0.2582108494566704,0.24032342116876446
1671080400,2022-12-15,23.07,23.35,22.87,23.16,3407482.0,22.657000000000004,23.693225844109854,21.620774155890153,23.136000000000003,22.119999999999997,22.628,22.657000000000004,0.4800000000000004,23.464750000000002,21.849250000000005,0,56.2246744038409,6.580763920846754,11.701444908462278,74.78077642297784,22.908526557418355,0.6100633938852905,13.193230491531336,320486373.0,3833836.16,0,0.14559256412583513,4.0,-20.0,24.0,22.657000000000004,22.69596365355253,22.394249184850494,0.021655866497030274,0.26739325429005234,0.24573738779302207
1671166800,2022-12-16,22.92,23.07,22.54,22.91,5457377.0,22.7335,23.591993447849887,21.87500655215011,23.205166666666667,22.185166666666667,22.69516666666667,22.7335,0.620000000000001,23.551,21.916,0,53.867410539647636,7.1562207670720355,11.373537740631201,69.60065912178696,22.91225965944623,0.6107731514649127,12.907701669970825,315028996.0,3843808.4,0,0.16681597088928307,56.00000000000001,36.00000000000001,20.0,22.7335,22.716348067499904,22.41447470701322,0.004687857441537824,0.25159720959494436,0.24690935215340654
1671426000,2022-12-19,23.08,23.3,22.79,22.9,3304118.0,22.788000000000004,23.536400962052568,22.03959903794744,23.281,22.237000000000002,22.759,22.788000000000004,0.5100000000000016,23.611500000000003,21.964500000000005,1,53.77248616338696,4.997707473635947,11.056960110364393,70.0028475617394,22.920070865274138,0.6035750692174192,13.026756313807125,311724878.0,3835716.18,0,0.08676257248615195,52.0,36.0,16.0,22.788000000000004,22.733838727738007,22.43351491458133,-0.009082309213793216,0.23555646563616506,0.24463877484995827
1671512400,2022-12-20,22.88,23.13,22.81,22.86,4042375.0,22.842,23.43044201073786,22.253557989262138,23.337,22.305,22.821,22.842,0.3200000000000003,23.656499999999998,22.0275,1,53.376447392596276,4.958677685950405,10.622374129854412,59.40646457892337,22.89651111969821,0.5833197071304607,13.137307054512263,307682503.0,3809328.22,0,-0.047778890588464955,48.0,36.0,12.0,22.842,22.745854087001057,22.45023981989187,-0.022020104809688024,0.21711364383784826,0.23913374864753628
1671598800,2022-12-21,23.03,23.19,22.85,23.19,4215297.0,22.8865,23.437690529673027,22.335309470326976,23.37216666666667,22.363166666666665,22.86766666666667,22.8865,0.33999999999999986,23.683750000000003,22.08925,1,56.17922103114017,3.9910313901345313,11.383145924477198,59.44949473995926,22.87211673467691,0.5659397280497135,13.347386240139327,311897800.0,3786279.12,0,0.049050364419883814,44.0,36.0,8.0,22.8865,22.788153697762862,22.479250023033366,-0.010095241841799385,0.2265146963452871,0.23660993818708648
1671685200,2022-12-22,23.06,23.06,22.37,22.6,2380376.0,22.8745,23.439494690241624,22.30950530975838,23.375166666666665,22.360166666666665,22.86766666666667,22.8745,0.8200000000000003,23.686,22.063000000000002,1,50.46936723986399,-1.0507880910682945,9.463479003516992,58.95141795585232,22.85930287740712,0.5840868903318768,12.45048458391909,309517424.0,3734541.06,0,0.06620154181570347,40.0,36.0,4.0,22.8745,22.77023429797592,22.483985316247743,-0.04190130879158266,0.18423330219760814,0.2261346109891908
1671771600,2022-12-23,22.46,22.93,22.42,22.9,2249486.0,22.8735,23.43823976307785,22.30876023692215,23.3675,22.3445,22.856,22.8735,0.509999999999998,23.691,22.056,1,53.02479493368476,-0.08726003490402759,8.973544488343018,63.87063003714647,22.87951311996734,0.5787949695938854,11.617647331714583,311766910.0,3697473.82,0,0.1274254616401995,36.0,28.0,8.0,22.8735,22.782592936263928,22.50029961757136,-0.04255652646210348,0.17293895291156147,0.21549547937366495
1672117200,2022-12-27,22.86,22.98,22.48,22.73,2208224.0,22.878,23.436626888004174,22.319373111995827,23.383,22.341,22.862,22.878,0.5,23.697,22.059,1,51.44169244797694,0.39752650176678384,7.843445905395097,58.07906158777711,22.909827760793547,0.5731667574800365,10.955281345949569,309558686.0,3687163.36,0,0.060214450809923874,32.0,28.0,4.0,22.878,22.777584085191172,22.509307475705818,-0.05354995476582758,0.1485580359163805,0.20210799068220808
1672203600,2022-12-28,22.75,22.88,22.6,22.7,5352712.0,22.86,23.4172073222789,22.302792677721097,23.354666666666667,22.355666666666668,22.85516666666667,22.86,0.2799999999999976,23.64675,22.073249999999998,1,51.15797106170507,-1.5611448395490002,6.789893770287982,49.03962854187617,22.91143917432249,0.5522262748028909,10.340227216310625,304205974.0,3718853.56,0,0.062288020401280515,28.000000000000004,24.000000000000004,4.0,22.86,22.770195124696773,22.516785613913434,-0.06139035541913815,0.12537004640828542,0.18676040182742357
1672290000,2022-12-29,22.79,23.2,22.66,23.1,1954753.0,22.857,23.408329302686898,22.3056706973131,23.353666666666665,22.347666666666665,22.850666666666665,22.857,0.5399999999999991,23.649,22.064999999999998,1,54.66714598825088,-0.25906735751294785,7.453181292362888,53.24002874791797,22.93187081361766,0.5513529694598273,10.495528567025186,306160727.0,3695077.68,0,0.11241306898092047,24.0,-8.0,32.0,22.857,22.80160511282089,22.539656766308987,-0.039261976187980885,0.1376829315924475,0.17694490778042837
1672376400,2022-12-30,23.03,23.05,21.92,22.26,3424712.0,22.802500000000002,23.363530302213,22.241469697787004,23.33716666666667,22.268166666666666,22.802666666666664,22.802500000000002,1.1799999999999997,23.645500000000002,21.959500000000002,1,47.17481111069392,-4.668094218415416,4.344627498723104,46.5448041327917,22.918287636674304,0.5962563287841254,10.507046690464621,302736015.0,3690371.76,0,0.04687398769923048,20.0,-80.0,100.0,22.802500000000002,22.750023673504618,22.52868983429687,-0.07855416966998308,0.07875219569294956,0.15730636536293263
1672722000,2023-01-03,22.3,22.41,21.23,21.37,3868860.0,22.729,23.567615525733448,21.89038447426655,23.311333333333334,22.16533333333333,22.738333333333333,22.729,1.1799999999999997,23.619999999999997,21.838,1,40.92000848854742,-6.436077057793341,-1.597885145349109,40.66989820795928,22.82244593474367,0.6379523052995449,11.611301544908484,298867155.0,3679958.24,0,-0.056865259832869386,16.0,-84.0,100.0,22.729,22.61859284745656,22.483251017265623,-0.15729566885310475,-0.03931322070344834,0.11798244814965643
1672808400,2023-01-04,21.38,21.92,21.12,21.83,3934057.0,22.705,23.61467026993366,21.795329730066335,23.286,22.115000000000002,22.700499999999998,22.705,0.8000000000000007,23.603499999999997,21.8065,0,44.895021005693195,-2.151501568803229,-4.228969805294518,31.101955803825703,22.676491762344497,0.6495271406352918,12.787808815455337,302801212.0,3668801.22,0,0.06666834138723851,12.0,-84.0,96.0,22.705,22.54348876674641,22.457633330314028,-0.17012311428748808,-0.09467144470970368,0.0754516695777844
1672894800,2023-01-05,21.7,21.86,21.35,21.42,2319167.0,22.647,23.71525277907486,21.578747220925138,23.240000000000002,22.073999999999998,22.657000000000004,22.647,0.509999999999998,23.541749999999997,21.75225,0,42.22930182203325,-5.137289636846752,-7.6092826992135265,32.031662924286096,22.58900668438718,0.6395609163041994,13.8802798523917,300482045.0,3626787.14,0,0.0077748818661052274,8.0,-84.0,92.0,22.647,22.436489836580083,22.416941827164457,-0.19609809444509943,-0.16967094847858988,0.026427145966509545
1672981200,2023-01-06,21.57,21.85,21.35,21.6,3411925.0,22.602,23.763027131466423,21.440972868533578,23.19,22.025,22.6075,22.602,0.5,23.496,21.708000000000002,0,43.77218301060565,-3.999999999999994,-9.463018635925529,31.710866914084775,22.480816508216154,0.629592279425328,14.894717243832611,303893970.0,3570737.42,0,-0.006977318763892322,4.0,-84.0,88.0,22.602,22.35682413785817,22.384904892765853,-0.1908526743994582,-0.21213869703281318,-0.021286022633355
1673240400,2023-01-09,21.71,21.96,21.55,21.62,2912072.0,22.5605,23.79716446540731,21.323835534592693,23.149833333333333,21.983833333333333,22.566833333333335,22.5605,0.41000000000000014,23.45525,21.665750000000003,0,43.94727066206405,-3.6971046770601266,-10.817423156736043,39.81526506721652,22.388560144724956,0.6139071166092332,15.521391474188166,306806042.0,3556651.92,0,-0.09688495473872497,56.00000000000001,-27.999999999999993,84.0,22.5605,22.286650410443105,22.35490862246131,-0.17608972029285014,-0.24139817299941768,-0.06530845270656754
1673326800,2023-01-10,21.5,21.62,21.29,21.49,2873570.0,22.4995,23.818279359863176,21.180720640136826,23.078166666666668,21.943166666666666,22.51066666666667,22.4995,0.33000000000000185,23.371000000000002,21.628,0,43.030479885211754,-5.372082782915026,-12.299906103937595,32.82899624422552,22.28537896585065,0.5936280368514311,16.543037582359595,303932472.0,3530145.94,0,-0.0426928275206559,52.0,-28.0,80.0,22.4995,22.210778942781857,22.32099063726675,-0.1653065641518166,-0.2719416578963383,-0.1066350937445217
1673413200,2023-01-11,21.49,21.86,21.49,21.82,2395479.0,22.438000000000002,23.763059998641992,21.112940001358012,23.017333333333333,21.883333333333333,22.450333333333333,22.438000000000002,0.370000000000001,23.308750000000003,21.56725,0,46.03842512432309,-5.336225596529285,-12.155559691300551,39.60174891607592,22.19421620392688,0.5776546056477575,16.80342160712356,306327951.0,3488907.48,0,0.06273905781776361,48.0,-28.0,76.0,22.438000000000002,22.173561900612157,22.30134394560923,-0.12785024668342865,-0.26644790209880753,-0.13859765541537888
1673499600,2023-01-12,21.94,22.16,21.69,21.77,3315731.0,22.3705,23.687230420397846,21.053769579602154,22.925166666666666,21.833166666666667,22.37916666666667,22.3705,0.46999999999999886,23.20975,21.53125,0,45.6539763918428,-5.839100346020768,-12.198322600763424,38.012753891660246,22.081924517218525,0.5699649909586318,16.265356850266212,303012220.0,3452845.86,0,-0.08622017122402,44.0,-28.0,72.0,22.3705,22.13512743388719,22.28050692813436,-0.0995985461724635,-0.26309583813095827,-0.16349729195849477
1673586000,2023-01-13,21.52,21.63,21.24,21.47,2806895.0,22.285,23.60244449598496,20.96755550401504,22.835,21.756,22.2955,22.285,0.5300000000000011,23.125,21.445,0,43.366783306078936,-7.377049180327873,-13.190239805798162,37.76308277174314,22.007581332230227,0.567110348747301,16.595017064860794,300205325.0,3443775.18,0,-0.05521603570714718,40.0,-28.0,68.0,22.285,22.071781963993175,22.24872234271733,-0.09432453279282343,-0.2814029579495241,-0.18707842515670065
1673931600,2023-01-17,21.51,21.85,21.24,21.25,3593653.0,22.1895,23.51626260122188,20.86273739877812,22.7575,21.6655,22.2115,22.1895,0.610000000000003,23.03925,21.33975,0,41.752125023506366,-8.246977547495684,-14.690414666768985,34.207409821499695,21.924515235311187,0.5701738952653511,16.35613274159024,296611672.0,3415497.1,0,-0.17660953591915804,36.0,-64.0,100.0,22.1895,21.99351701504144,22.20955676064998,-0.09840856325604216,-0.31008912922675336,-0.2116805659707112
1674018000,2023-01-18,21.22,21.33,20.61,20.63,3684776.0,22.075499999999998,23.521494121703476,20.62950587829652,22.667833333333334,21.556833333333334,22.112333333333332,22.075499999999998,0.7199999999999989,22.93275,21.218249999999998,0,37.599257418197226,-9.95198603230031,-17.817728472194496,33.21876598439373,21.7998984918298,0.5808757598892544,17.143944939745797,292926896.0,3388454.32,0,-0.24682563347007433,32.0,-68.0,100.0,22.075499999999998,21.86365825170416,22.147613358271553,-0.13344671518450918,-0.3784889599513477,-0.2450422447668385
1674104400,2023-01-19,20.52,20.66,20.39,20.52,3749805.0,21.9565,23.499941284921775,20.413058715078222,22.532166666666665,21.445166666666665,21.988666666666667,21.9565,0.2699999999999996,22.795749999999998,21.11725,0,36.91355952112663,-10.393013100436677,-20.62327215086733,34.910149996899776,21.57959126378065,0.5586703484685934,18.17495881442965,289177091.0,3314680.38,0,-0.22434137868324866,28.000000000000004,-72.0,100.0,21.9565,21.735690799160906,22.083785383437373,-0.15319839234010224,-0.4365402351919663,-0.28334184285186403
1674190800,2023-01-20,20.46,20.99,20.44,20.97,3420338.0,21.862000000000002,23.404032425080928,20.319967574919076,22.437,21.326999999999998,21.881999999999998,21.862000000000002,0.5499999999999972,22.718500000000002,21.0055,0,41.507152751384695,-8.267716535433074,-20.859022917200225,36.797439505342105,21.461087058035286,0.5580510378636937,18.330524872067404,292597429.0,3282067.02,0,-0.17469019819108272,24.0,-72.0,96.0,21.862000000000002,21.662767865907487,22.04010752526336,-0.12624632583881013,-0.4411497501503767,-0.3149034243115666
1674450000,2023-01-23,20.9,21.81,20.88,21.59,2798208.0,21.782,23.201275871703924,20.362724128296076,22.383999999999997,21.215,21.799500000000002,21.782,0.9299999999999997,22.68275,20.88125,0,47.09411882092534,-6.899525657611045,-18.33676998800872,44.252264404615055,21.386869393827926,0.5846188208734299,17.165225472172484,295395637.0,3259773.9,0,-0.11416603309674418,20.0,-72.0,92.0,21.782,21.655837592963916,22.022456249762836,-0.060297385714835505,-0.390275156455111,-0.3299777707402755
1674536400,2023-01-24,21.59,21.96,21.38,21.91,2632456.0,21.7475,23.118278975619674,20.376721024380323,22.332166666666666,21.174166666666668,21.753166666666665,21.7475,0.5800000000000018,22.630249999999997,20.86475,0,49.704118074802466,-3.0530973451327488,-15.037805130689232,52.272500447309454,21.383688703394096,0.5842889050967565,16.33037094271955,298028093.0,3245519.24,0,-0.0004039608696781182,16.0,-72.0,88.0,21.7475,21.680043536491162,22.01804620075253,0.00762901767774693,-0.3204414986430919,-0.32807051632083883
1674622800,2023-01-25,21.71,21.87,21.44,21.66,2231765.0,21.685499999999998,22.950228824689667,20.42077117531033,22.2735,21.1235,21.698500000000003,21.685499999999998,0.46999999999999886,22.56525,20.805749999999996,0,47.76625087770452,-5.4148471615720455,-13.227335263277734,54.603352851667,21.37577444733177,0.5761254118755595,15.555148879656112,295796328.0,3220835.96,0,-0.07153032405828313,12.0,-72.0,84.0,21.685499999999998,21.67813462825391,22.004005173272038,0.03684058597781925,-0.28201978384856474,-0.318860369826384
1674709200,2023-01-26,21.69,21.89,21.33,21.88,2012115.0,21.643,22.81845055191654,20.46754944808346,22.225,21.069,21.647000000000002,21.643,0.5600000000000023,22.527250000000002,20.75875,0,49.58693177686343,-3.739551253849544,-10.925791651448154,60.36495559353388,21.382079172481443,0.5749735967415912,14.615571415873644,297808443.0,3190526.38,0,0.014533907594552217,8.0,-72.0,80.0,21.643,21.69735990175354,21.999142225300588,0.07016546183954975,-0.23115354252694686,-0.3013190043664966
1674795600,2023-01-27,21.78,21.98,21.73,21.75,1899821.0,21.5955,22.6685792142246,20.522420785775402,22.17816666666667,21.025166666666667,21.601666666666667,21.5955,0.25,22.477500000000003,20.7135,0,48.53465105280189,-4.1850220264317155,-9.511805027240827,58.73755645673917,21.384272302594148,0.5517611969743347,13.917764302072257,295908622.0,3155012.94,0,-0.024494167716342514,4.0,-72.0,76.0,21.5955,21.702373244443677,21.989371941955465,0.08182543051677471,-0.19903721622052828,-0.280862646737303
1675054800,2023-01-30,21.69,21.98,21.42,21.47,2132917.0,21.514,22.335812630713875,20.692187369286124,22.111,20.956,21.5335,21.514,0.5599999999999987,22.3975,20.630499999999998,1,46.30673113385443,-7.056277056277067,-9.287695451334352,51.81516049446353,21.373180707699838,0.5523496829047393,13.214279630577845,293775705.0,3119967.68,0,-0.02078768497536655,20.0,-52.0,72.0,21.514,21.680242459258565,21.96900441481996,0.06953587398412697,-0.19394280425714427,-0.26347867824127125
1675141200,2023-01-31,21.53,22.13,21.42,22.13,2573036.0,21.5075,22.307371864738883,20.707628135261118,22.064166666666665,20.951166666666666,21.507666666666665,21.5075,0.7099999999999973,22.35575,20.65925,1,51.796891263857944,-0.5840071877807842,-6.556113107656094,59.563446990256864,21.40043713801103,0.5636104198401148,12.295159162453631,296348741.0,3103524.44,0,0.029082208053857566,16.0,-52.0,68.0,21.5075,21.72307651075775,21.97531796717996,0.10270957555643817,-0.13509170879572352,-0.2378012843521617
1675227600,2023-02-01,21.94,22.53,21.91,22.26,2495816.0,21.552,22.413013356459047,20.690986643540953,22.064333333333334,21.007333333333335,21.535833333333336,21.552,0.620000000000001,22.358249999999998,20.74575,0,52.79759406111588,4.164716892840433,-3.92436770608982,59.74563546215492,21.433610024944002,0.5676382469943925,12.214814081978764,298844557.0,3101458.66,0,-0.010524412336835041,12.0,-52.0,64.0,21.552,21.774212081161775,21.986481968467025,0.12858228856383902,-0.07707342364736292,-0.20565571221120194
1675314000,2023-02-02,22.48,22.9,22.1,22.34,3012023.0,21.5775,22.498084053740275,20.656915946259726,22.1055,21.0485,21.577,21.5775,0.7999999999999972,22.38375,20.771250000000002,0,53.423942244182705,2.3362345396243773,-1.5302658562450877,59.485709613998395,21.474419394999465,0.5842355150662214,12.759684439296878,301856580.0,3086438.5,0,0.014549232528106755,8.0,-52.0,60.0,21.5775,21.82809664486065,22.000345420684003,0.1450386447778824,-0.024357406238848966,-0.16939605101673136
1675400400,2023-02-03,22.05,22.11,21.64,21.95,5011270.0,21.604,22.535373179773224,20.672626820226775,22.121333333333332,21.068333333333335,21.594833333333334,21.604,0.6999999999999993,22.4245,20.7835,0,50.01806061746631,2.474323062558345,-0.9897074795841634,55.851035085735866,21.528012256869314,0.5925044068472055,12.276021305639166,296845310.0,3140818.98,0,0.040331522191197504,4.0,-52.00000000000001,56.00000000000001,21.604,21.839706488207256,21.9983710904611,0.12440546718936377,-0.013889217030026657,-0.13829468421939042
1675659600,2023-02-06,21.92,22.17,21.84,22.04,4087203.0,21.625999999999998,22.576545106768158,20.675454893231837,22.133666666666667,21.097666666666665,21.615666666666666,21.625999999999998,0.33000000000000185,22.433749999999996,20.81825,0,50.780292210875714,2.0370370370370265,-0.2273646671629465,60.2608532792335,21.582863062572656,0.5737540920724052,11.934209789058182,300932513.0,3177030.4,0,0.14389512361009396,92.0,40.0,52.0,21.625999999999998,21.858782060758948,22.000003596717526,0.11195584702908959,0.0016501245669715559,-0.11030572246211803
1675746000,2023-02-07,22.01,22.37,21.74,22.3,1930565.0,21.66,22.654866825258992,20.66513317474101,22.166000000000004,21.107999999999997,21.637,21.66,0.6300000000000026,22.48425,20.83575,0,52.961680000057605,3.1452358926919506,1.340163755324217,67.56309044273169,21.676518331794593,0.5777716569243765,11.975289848425458,302863078.0,3178325.86,0,0.2747875372651607,88.0,40.0,48.0,21.66,21.900802816877142,22.011768161552133,0.11588198461108948,0.03454675830174381,-0.08133522630934567
1675832400,2023-02-08,22.15,22.26,21.91,21.94,1398802.0,21.6825,22.68131680001936,20.683683199980642,22.195500000000003,21.1355,21.6655,21.6825,0.39000000000000057,22.51125,20.85375,0,49.7481919059746,2.093997208003736,1.2595389609165124,71.36119674422244,21.804798492024617,0.5643593957154925,12.013435617837928,301464276.0,3180869.96,0,0.26484769109552514,84.0,40.0,44.0,21.6825,21.90453588193646,22.008953723844208,0.0900352452247262,0.031208830221562067,-0.05882641500316413
1675918800,2023-02-09,21.96,22.07,21.77,21.77,2709215.0,21.68,22.677677302538708,20.68232269746129,22.199333333333335,21.146333333333335,21.672833333333337,21.68,0.3000000000000007,22.5035,20.8565,0,48.291692915641434,-0.22914757103575026,0.5563742914550235,63.613980563677345,21.902655624653782,0.5454765817358146,11.709846384143647,298755061.0,3197116.22,0,0.11068576344512664,80.0,40.0,40.0,21.68,21.891722940799657,21.99958298957581,0.05880251972864417,0.014676734657641077,-0.04412578507100309
1676005200,2023-02-10,21.74,22.2,21.71,22.11,1872110.0,21.697,22.711674331990768,20.68232566800923,22.207,21.152,21.6795,21.697,0.48999999999999844,22.522,20.872,0,51.293782717242465,1.561782269177767,1.2527583290838966,62.75005200905717,21.94506323007468,0.5415139687546848,11.694618175308818,300627171.0,3181933.3,0,0.10547945035205124,76.0,40.0,36.0,21.697,21.91251123215207,22.003913068415976,0.05824421927303549,0.02867948902029127,-0.02956473025274422
1676264400,2023-02-13,22.1,22.43,22.08,22.12,1590497.0,21.7295,22.7545946297786,20.7044053702214,22.243166666666667,21.19216666666667,21.717666666666666,21.7295,0.3500000000000014,22.541,20.918000000000003,0,51.38117343579575,3.0274802049371314,1.852935736655663,61.68644338042476,21.971806725308927,0.5278343995579217,12.13310821896017,302217668.0,3060729.2,0,0.011203075692154105,72.0,40.0,32.0,21.7295,21.932272067185206,22.008465497105547,0.05574874178571749,0.04012119697940264,-0.01562754480631485
1676350800,2023-02-14,22.04,22.52,21.94,22.08,2431485.0,21.771,22.78219533226817,20.75980466773183,22.278333333333336,21.230333333333334,21.754333333333335,21.771,0.5799999999999983,22.58025,20.961750000000002,0,50.995914536880676,3.905882352941169,2.188098222538024,61.24012226382374,22.00621073241957,0.5315605138752129,12.162950453670215,299786183.0,3027121.2,0,-0.026109786872495606,68.0,40.0,28.000000000000004,21.771,21.946341394119948,22.01127077172886,0.048851950467523025,0.04543739327808893,-0.003414557189434092
1676437200,2023-02-15,21.89,22.54,21.89,22.49,3413036.0,21.863999999999997,22.775556909907966,20.95244309009203,22.34733333333333,21.306333333333335,21.826833333333333,21.863999999999997,0.6499999999999986,22.667999999999996,21.06,0,54.66363022287864,9.015996122152202,4.035371738681732,62.801333366618174,22.051114919965816,0.5400204771698405,12.054391070408215,303199219.0,3056550.68,0,0.0008140883303952905,100.0,76.0,24.0,21.863999999999997,21.998118404203762,22.030044466955182,0.06816464734616023,0.0817912519932662,0.013626604647105967
1676523600,2023-02-16,22.23,22.43,21.64,21.9,4613959.0,21.933,22.604478964674982,21.261521035325018,22.446666666666665,21.35366666666667,21.900166666666667,21.933,0.8499999999999979,22.7805,21.0855,1,49.09733953057688,6.725146198830405,3.1103666416127043,53.6644082536783,22.055115111129147,0.5621618716577089,11.292591565431168,298585260.0,3097418.02,0,0.001239771356970262,96.0,76.0,20.0,21.933,21.988773794279595,22.024944683937335,0.03891951534404692,0.062275998827164614,0.023356483483117696
1676610000,2023-02-17,21.96,22.3,21.82,22.03,3582059.0,21.986,22.492019762460917,21.479980237539085,22.505666666666666,21.419666666666668,21.962666666666667,21.986,0.4800000000000004,22.82825,21.14375,1,50.27179863766166,5.054840247973306,2.871902579252237,60.48839088917139,22.07728132462249,0.5562931665393012,10.585206310809626,302167319.0,3093473.66,0,0.03322529611427192,92.0,76.0,16.0,21.986,21.992700099586298,22.025142931626068,0.026632367566439896,0.056646942941167566,0.03001457537472767
1676955600,2023-02-21,21.85,21.99,21.53,21.66,3216031.0,21.9895,22.485382042426423,21.493617957573576,22.497166666666665,21.45816666666667,21.977666666666668,21.9895,0.5,22.7995,21.1795,1,47.02146221274335,0.32422417786012175,1.186387384271128,53.41775249333123,22.061463664766777,0.5522722260722083,10.462352981170994,298951288.0,3091521.34,0,-0.06329987538301823,88.0,76.0,12.0,21.9895,21.961014375816177,22.010823600974064,-0.006351264101635085,0.02207549524768382,0.028426759349318903
1677042000,2023-02-22,21.57,21.7,21.35,21.51,3114164.0,21.9695,22.50710487349074,21.43189512650926,22.47416666666667,21.458166666666667,21.966166666666666,21.9695,0.34999999999999787,22.762249999999998,21.176750000000002,1,45.75892090854288,-1.825650387950701,-0.7533182457492545,46.74651084193154,22.011081581713206,0.5378242099241932,10.760491453042865,295837124.0,3109770.94,0,-0.07639649484430605,84.0,76.0,8.0,21.9695,21.918060625738445,21.991183459759394,-0.036523632584328315,-0.01722778138109149,0.019295851203236826
1677128400,2023-02-23,21.66,21.9,21.49,21.59,1819950.0,21.966,22.512457683632498,21.419542316367504,22.473333333333336,21.459333333333333,21.96633333333333,21.966,0.41000000000000014,22.75425,21.177750000000003,1,46.56440183852315,-0.3231763619575267,-1.991967643780065,45.07085285447278,21.963253028874362,0.5286939092153223,10.460587328781367,297657074.0,3080684.34,0,-0.07194520901784214,80.0,76.0,4.0,21.966,21.886816756620497,21.97545077506295,-0.04859096292760617,-0.041442852456270884,0.007148110471335284
1677214800,2023-02-24,21.42,21.58,21.27,21.46,2340163.0,21.945,22.53371045514836,21.35628954485164,22.44766666666667,21.458666666666666,21.953166666666668,21.945,0.3200000000000003,22.71525,21.17475,1,45.41090383327711,-1.919561243144416,-3.516256793042815,48.28186187031541,21.9392410092447,0.513787201414228,10.696101776547376,295316911.0,3080287.96,0,-0.10508047012732744,76.0,72.0,4.0,21.945,21.84616754170426,21.955237019178128,-0.061968777489321655,-0.07031286139031678,-0.00834408390099513
1677474000,2023-02-27,21.69,21.88,21.32,21.35,2603315.0,21.925,22.56388966183605,21.28611033816395,22.448,21.428000000000004,21.938,21.925,0.5599999999999987,22.7185,21.131500000000003,1,44.43057786128371,-1.8390804597701083,-5.203453030737023,46.0920481789354,21.90057484486318,0.5170881155989259,10.089197137594278,292713596.0,3027431.64,0,-0.19644846319115367,72.0,-28.0,100.0,21.925,21.798913490113378,21.93150223411232,-0.07404909837049056,-0.10090545686410834,-0.026856358493617775
1677560400,2023-02-28,21.18,21.49,21.0,21.1,4883744.0,21.9065,22.614688534220214,21.19831146577979,22.423166666666667,21.41016666666667,21.916666666666664,21.9065,0.48999999999999844,22.69475,21.118250000000003,1,42.248618807281495,-1.7233348858872728,-7.581881647989297,37.894754758992974,21.802225703084535,0.5151532501990025,10.255770852944295,287829852.0,3053779.3,-1,-0.29273347760108376,68.0,-32.0,100.0,21.9065,21.73235030057877,21.898894303362816,-0.09344860502764592,-0.14366711477817518,-0.05021850975052926
1677646800,2023-03-01,21.19,21.63,20.69,20.83,4455285.0,21.8415,22.681982599463524,21.001017400536476,22.392500000000002,21.356500000000004,21.8745,21.8415,0.9399999999999977,22.647,21.036,0,40.01461734453972,-5.8743786714866735,-10.579698849448475,35.31850117544212,21.715947938781646,0.5454994466133593,11.025490273381402,283374567.0,3074735.36,0,-0.31792837109402516,64.0,-36.0,100.0,21.8415,21.646412176714122,21.85697687970153,-0.11748204634064884,-0.1970710676763403,-0.07958902133569147
1677733200,2023-03-02,20.78,20.79,20.37,20.43,5173723.0,21.75,22.768017681575785,20.731982318424215,22.297333333333334,21.281333333333336,21.78933333333333,21.75,0.4599999999999973,22.543499999999998,20.956500000000002,0,36.966368953325905,-8.221024258760115,-14.518548842737754,33.613777987036485,21.570676471972877,0.5393923432838335,12.295985983121005,278200844.0,3069062.28,-1,-0.3224233071981629,60.0,-40.0,100.0,21.75,21.530563397979442,21.801017002066178,-0.15118860636320713,-0.2685747792897004,-0.11738617292649327
1677819600,2023-03-03,20.46,20.72,20.32,20.54,3455670.0,21.66,22.767772539829778,20.552227460170222,22.181333333333335,21.205333333333336,21.693333333333335,21.66,0.3999999999999986,22.4235,20.8965,0,38.32637319275352,-8.057296329453898,-17.13327590708431,28.508578542136704,21.47593063656119,0.5294357473349881,13.558659768413236,281656514.0,3072093.32,0,-0.3294533095683698,56.00000000000001,-39.99999999999999,96.0,21.66,21.436224026743304,21.751565354926328,-0.15629953825641185,-0.3127605957470081,-0.15646105749059624
1678078800,2023-03-06,21.16,24.02,21.16,23.39,16329223.0,21.732000000000003,23.069229972742512,20.394770027257493,22.348666666666666,21.13366666666667,21.74116666666667,21.732000000000003,3.4800000000000004,22.704,20.760000000000005,0,61.17327337572827,6.560364464692489,-5.989309738190389,46.527311807119396,21.823939468848764,0.7401903368110604,15.43335457768995,297985737.0,3317830.28,1,-0.08173299526209449,100.0,8.0,92.0,21.732000000000003,21.622297928958226,21.815817693948826,0.0319972761919706,-0.116464462250633,-0.1484617384426036
1678165200,2023-03-07,23.94,26.19,23.61,25.44,14242644.0,21.902,24.000443232494266,19.803556767505736,22.614333333333335,21.174333333333337,21.894333333333332,21.902,2.8000000000000007,23.05925,20.744750000000003,0,69.6781632843611,15.426497277676962,8.406507495630551,59.67239010624472,22.445284529438634,0.8873195984674133,18.358528502295147,312228381.0,3518377.22,1,0.030019211509748976,100.0,12.0,88.0,21.902,21.985888602390776,21.957942490264557,0.28052042963849244,0.20218879860551198,-0.07833163103298049
1678251600,2023-03-08,25.44,26.09,25.12,25.14,7018559.0,22.044,24.571460385446432,19.51653961455357,22.797,21.323,22.06,22.044,0.9699999999999989,23.22675,20.861250000000002,0,67.40376832617302,12.73542600896861,16.45842825603736,62.038982745296074,22.72586103581902,0.8932253414340264,21.07476143228569,305209822.0,3611140.88,0,-0.09653268962912362,96.0,12.0,84.0,22.044,22.286280164067847,22.082729059273788,0.40315341844815544,0.4256101420272138,0.02245672357905837
1678338000,2023-03-09,25.18,25.43,24.64,24.65,6132967.0,22.179499999999997,24.949102679086124,19.40989732091387,22.9625,21.444499999999998,22.2035,22.179499999999997,0.7899999999999991,23.392249999999997,20.966749999999998,0,63.8220521033101,12.351868732907919,20.20161687083811,60.26896515805696,22.939853344599396,0.8858521027601673,22.859714211071605,299076855.0,3688810.5,0,-0.1508172534023873,92.0,12.0,80.0,22.179499999999997,22.51139633891853,22.18340635106697,0.42740804273085164,0.5567167769926229,0.12930873426177128
1678424400,2023-03-10,24.84,24.88,23.52,23.53,5888508.0,22.267500000000002,25.090787976810212,19.44421202318979,23.12083333333333,21.496833333333335,22.308833333333332,22.267500000000002,1.3599999999999994,23.55975,20.975250000000003,0,56.587290370462604,8.084519981626098,19.147476250130126,54.00677073071646,23.05504283493624,0.9197198097058698,23.032986149905184,293188347.0,3762416.18,0,-0.21287325616472846,88.0,12.0,76.0,22.267500000000002,22.60840621140248,22.236213945142776,0.34755026895965246,0.5637465704613369,0.21619630150168442
1678680000,2023-03-13,23.39,24.03,23.05,23.36,7307163.0,22.330000000000002,25.191656862728497,19.468343137271507,23.218999999999998,21.546,22.3825,22.330000000000002,0.9800000000000004,23.659,21.001000000000005,0,55.58062714219755,5.653550429669832,17.892292426427684,51.20686303221546,23.14207549489504,0.924025537584022,22.653313765788265,285881184.0,3801505.2,0,-0.21777028488117564,84.0,12.0,72.0,22.330000000000002,22.679986572221292,22.28028398650973,0.26645778080202664,0.5492685275042177,0.2828107467021911
1678766400,2023-03-14,23.68,24.67,23.56,24.47,6021957.0,22.447499999999998,25.45431808561827,19.440681914381727,23.358166666666666,21.609166666666667,22.483666666666668,22.447499999999998,1.3100000000000023,23.848499999999998,21.046499999999998,0,60.42002446351935,10.62386980108498,19.202974753331087,56.37810541008946,23.274646913600748,0.9515951420423062,22.779018691744493,291903141.0,3882849.28,0,-0.16356832247198305,80.0,12.0,68.0,22.447499999999998,22.85046404153355,22.366155202725036,0.2699216983208814,0.6202128696032929,0.3502911712824115
1678852800,2023-03-15,23.76,24.1,22.93,23.42,6411523.0,22.5145,25.54519942422556,19.483800575774442,23.45283333333333,21.644833333333334,22.54883333333333,22.5145,1.5399999999999991,23.9875,21.041500000000003,0,54.506948706703184,6.0688405797101606,17.262907543141367,51.63390571864204,23.320998186582038,0.9936240604678558,22.190026375987554,285491618.0,3942585.5,0,-0.15660986825329967,76.0,12.0,64.0,22.5145,22.904705561387495,22.407482449676994,0.18774098851159182,0.5849674069219013,0.3972264184103095
1678939200,2023-03-16,23.03,24.46,23.02,24.32,5547064.0,22.606,25.737053496828374,19.47494650317163,23.573666666666664,21.686666666666667,22.630166666666664,22.606,1.4400000000000013,24.13825,21.073750000000004,0,58.19807131485476,8.136949755446873,17.504607241558023,55.667082336188194,23.402764135842713,1.0255080561487233,21.92754312855303,291038682.0,3976149.58,0,-0.11007992084229631,72.0,12.0,60.0,22.606,23.03949550792202,22.482483137924955,0.18020447886609314,0.6224820169929259,0.4422775381268328
1679025600,2023-03-17,24.08,24.11,23.24,23.84,5046351.0,22.703,25.8606453252386,19.5453546747614,23.66466666666667,21.769666666666666,22.717166666666667,22.703,1.0800000000000018,24.252499999999998,21.1535,0,55.66263733145885,8.858447488584481,16.49452773431873,51.685660456890396,23.469776282539467,1.0294003378523862,21.683808684506687,285992331.0,3998395.46,0,-0.06404530678204857,68.0,11.999999999999993,56.00000000000001,22.703,23.115734030977066,22.535719093300447,0.13136948554657252,0.6064893950600485,0.475119909513476
1679284800,2023-03-20,24.08,24.61,24.05,24.08,4331129.0,22.805500000000002,26.001957257652798,19.609042742347206,23.7785,21.8755,22.827,22.805500000000002,0.7699999999999996,24.37675,21.234250000000003,0,56.65647251376704,9.305492510213332,16.153782765988247,56.2188595166285,23.618357173321336,1.0108717422915015,21.86380952486827,290323460.0,4038634.7,0,-0.0744404834621052,64.0,12.0,52.0,22.805500000000002,23.207568885169728,22.596279128857294,0.10485871410840941,0.6061933021489878,0.5013345880405784
1679371200,2023-03-21,24.31,24.83,23.93,24.24,3389309.0,22.9345,26.143845571919805,19.725154428080195,23.930833333333332,21.983833333333333,22.95733333333333,22.9345,0.8999999999999986,24.53575,21.33325,0,57.32770907760513,11.911357340720214,16.16570202566037,60.101006901327146,23.762351405289888,1.0029523321278226,22.204313116089246,293712769.0,4038182.38,0,-0.05372955339860644,60.0,12.0,48.0,22.9345,23.30589565801071,22.66073877086289,0.08838566357359778,0.6118166675075756,0.5234310039339778
1679457600,2023-03-22,24.04,24.17,23.42,23.43,3333138.0,23.030499999999996,26.17792736214853,19.883072637851463,24.0585,22.0715,23.065,23.030499999999996,0.8199999999999967,24.666999999999994,21.394,0,52.95733227219135,8.92608089260808,14.287232202495048,60.82698245002224,23.936260098742043,0.9898843084044066,21.850959295941067,290379631.0,4046603.7,0,-0.049999019983012656,56.00000000000001,12.000000000000007,44.0,23.030499999999996,23.317715119152545,22.69090587788787,0.016963023858489468,0.5446347837570897,0.5276717598986003
1679544000,2023-03-23,23.53,23.81,22.85,23.12,3234478.0,23.107,26.18425267080903,20.02974732919097,24.166,22.124000000000002,23.145,23.107,0.9599999999999973,24.78475,21.42925,0,51.37937167523737,7.086614173228352,12.122394382413876,60.71150026147552,24.03808194648359,0.9877497149469487,20.837675488578732,287145153.0,4053821.86,0,-0.06880019857898387,52.0,12.0,40.0,23.107,23.298885107804683,22.70773309836286,-0.05328669126400132,0.46106339581859856,0.5143500870825999
1679630400,2023-03-24,23.04,23.06,22.28,22.65,4852278.0,23.166500000000003,26.158918921207615,20.17408107879239,24.250833333333333,22.161833333333334,23.206333333333333,23.166500000000003,0.8399999999999999,24.88325,21.449750000000005,0,49.04701382329118,5.545200372786569,9.376159392234715,50.05181125092246,24.19058772530865,0.9771961638793095,19.424427884995364,282292875.0,4102957.84,0,-0.19173447791643602,48.0,12.0,36.0,23.166500000000003,23.237086526109,22.705469055289804,-0.12920800888894263,0.35284007597142164,0.48204808486036427
1679889600,2023-03-27,22.72,22.96,22.36,22.44,4108836.0,23.221,26.117258966322133,20.324741033677867,24.306333333333335,22.21333333333333,23.259833333333333,23.221,0.6000000000000014,24.940749999999998,21.501250000000002,0,48.02173479934174,5.105386416861825,6.740860958394987,37.11006455628573,23.92541330344208,0.9502535807450733,18.112126538810802,278184039.0,4118819.94,0,-0.3420745178628829,44.0,12.0,32.0,23.221,23.16117352362243,22.69505850410197,-0.1878171723803529,0.24727661938492318,0.4350937917652761
1679976000,2023-03-28,22.41,22.98,22.34,22.57,2799495.0,23.2945,26.04254275803732,20.546457241962678,24.3855,22.2775,23.3315,23.2945,0.6400000000000006,25.025499999999997,21.5635,0,48.720249986443726,6.9668246445497575,4.866079695349823,32.64144984743888,23.715968480110973,0.9280926106918538,16.893561003067997,280983534.0,4118671.94,0,-0.2763103996176323,40.0,11.999999999999996,28.000000000000004,23.2945,23.104871283277436,22.69015424903915,-0.21037694483038394,0.17212261072729618,0.3824995555576801
1680062400,2023-03-29,22.71,22.97,22.55,22.74,3517361.0,23.39,25.912300537208324,20.867699462791677,24.444666666666667,22.388666666666666,23.416666666666664,23.39,0.41999999999999815,25.082,21.698,0,49.65161849706146,9.16946711473836,3.671299084242251,39.33813356058018,23.553501888144027,0.8918002813567212,15.762035862735392,284500895.0,4117146.1,0,-0.20152545420914741,36.0,12.0,24.0,23.39,23.070121637251013,22.692108984370947,-0.20612683865349568,0.1248410072408106,0.3309678458943063
1680148800,2023-03-30,22.89,23.08,22.71,22.81,2154015.0,23.508999999999997,25.6584920330165,21.359507966983493,24.559,22.508,23.5335,23.508999999999997,0.36999999999999744,25.194249999999997,21.823749999999997,0,50.04487976312156,11.649534997552614,2.828538656417086,45.19832598327186,23.48950510557479,0.8545288326883839,14.70959273555311,286654910.0,4086530.88,0,-0.1361045630070054,32.0,12.0,20.0,23.508999999999997,23.04534814798901,22.696732161454438,-0.19120757915697723,0.09195837194808476,0.283165951105062
1680235200,2023-03-31,22.87,23.21,22.76,23.21,2284259.0,23.642500000000002,25.31698947443735,21.968010525562654,24.688166666666667,22.632166666666667,23.660166666666665,23.642500000000002,0.4499999999999993,25.331500000000002,21.953500000000002,1,52.286565279182355,12.999026290165538,2.9676149342520537,53.147286058120706,23.473520071784808,0.825633916067785,13.91279847879006,288939169.0,4057219.96,0,-0.060972296262426603,28.000000000000004,12.000000000000004,16.0,23.642500000000002,23.06102927675196,22.716860311985638,-0.14888756348123333,0.09705649675352035,0.24594406023475368
1680494400,2023-04-03,23.09,23.31,22.89,22.92,3017936.0,23.619,25.319986772435772,21.918013227564227,24.575333333333333,22.763333333333332,23.669333333333334,23.619,0.41999999999999815,25.0785,22.1595,0,50.55525316446847,-2.0094057289439884,2.4251990851983654,44.80329691590521,23.36461378625062,0.796660064920086,13.31558955848247,285921233.0,4049171.92,0,-0.18353741496806972,24.0,12.0,12.0,23.619,23.047597917061296,22.72482657426071,-0.13530661298560026,0.07681079400275337,0.21211740698835363
1680580800,2023-04-04,22.89,22.97,22.43,22.64,2587234.0,23.479,25.009828533834348,21.94817146616565,24.35333333333333,22.74533333333333,23.549333333333333,23.479,0.5399999999999991,24.769,22.189,0,48.90931592656332,-11.006289308176102,1.3300497401598035,48.32058689230499,23.31416988701625,0.7783272031400799,12.669445673817053,283333999.0,4044952.44,0,-0.18823143842312154,20.0,12.0,8.0,23.479,23.008779067817365,22.72150004193676,-0.13950411986420075,0.03773725715810272,0.17724137702230347
1680667200,2023-04-05,22.59,23.2,22.56,23.13,2736327.0,23.3785,24.711020543932207,22.04597945606779,24.2125,22.6375,23.425,23.3785,0.6400000000000006,24.643749999999997,22.11325,0,51.80004918931473,-7.995226730310269,1.5363829592723068,45.03697638976285,23.221442649097735,0.7684466886300741,11.814870210986927,286070326.0,4047029.86,0,-0.2485743868519879,16.0,12.0,4.0,23.3785,23.020323918501425,22.73751964813532,-0.10516721990483255,0.045782352141262805,0.15094957204609535
1680753600,2023-04-06,23.33,23.5,23.09,23.28,3021854.0,23.31,24.50809849344758,22.111901506552417,24.112666666666662,22.575666666666667,23.34416666666667,23.31,0.41000000000000014,24.54675,22.073249999999998,1,52.66310258488604,-5.5578093306287935,2.053169622079721,53.847780183059584,23.16944108756146,0.742843353727926,11.466822996007224,289092180.0,4062831.64,0,-0.3067321835383976,12.0,8.0,4.0,23.31,23.04505497388224,22.75879338742413,-0.06993600564055152,0.06352956499540596,0.1334655706359575
1681099200,2023-04-10,23.05,23.68,23.02,23.62,2735076.0,23.3145,24.516539516821872,22.112460483178126,24.050833333333333,22.583833333333335,23.317333333333334,23.3145,0.6600000000000001,24.498749999999998,22.13025,0,54.602586717826746,0.3824904377390559,3.2789293140482774,51.979043419036635,23.079757271663873,0.7369259713187885,11.402887212006645,291827256.0,4077290.86,0,-0.17844560936143122,8.0,-56.0,64.0,23.3145,23.09981164303631,22.79256619576044,-0.02370637653544505,0.10383259996665117,0.12753897650209622
1681185600,2023-04-11,23.74,24.09,23.64,23.88,2742393.0,23.3405,24.567585571588783,22.113414428411215,24.043833333333332,22.629833333333334,23.336833333333335,23.3405,0.46999999999999886,24.4865,22.194499999999998,0,56.0520133948704,2.226027397260272,4.9081477441733865,51.156526086238124,23.031487916354777,0.7178598305103036,11.901291039817483,294569649.0,4094142.3,0,-0.1524317683529131,4.0,-56.0,60.0,23.3405,23.174115296080473,22.835210658671798,0.021942030890677866,0.15496651511544357,0.1330244842247657
1681272000,2023-04-12,23.98,24.06,23.61,23.74,2962556.0,23.304,24.434122117295896,22.1738778827041,23.98933333333333,22.641333333333332,23.315333333333335,23.304,0.4499999999999993,24.385499999999997,22.2225,0,55.05569426607718,-2.983244789538212,5.890639752534884,51.59222183839102,23.034932636944724,0.6987269854738533,12.306310697489518,291607093.0,4110735.08,0,-0.10712830124100094,4.0,-52.00000000000001,56.00000000000001,23.304,23.228009077406142,22.870692593625844,0.03925609902697444,0.18209460800848376,0.14283850898150932
1681358400,2023-04-13,23.63,24.29,23.52,24.01,3680394.0,23.333499999999997,24.504265134431908,22.162734865568087,23.992166666666666,22.684166666666666,23.33816666666667,23.333499999999997,0.7699999999999996,24.357249999999997,22.309749999999998,0,56.62099907720553,2.519214346712211,7.363310874804981,59.75753065504674,23.095187919692183,0.7038179150828637,12.996854669749363,295287487.0,4132882.24,0,-0.050031139958645346,4.0,-48.0,52.0,23.333499999999997,23.302484403367462,22.91537131544444,0.06397888973679877,0.2228121211525078,0.15883323141570904
1681444800,2023-04-14,23.89,24.13,23.5,23.68,3169602.0,23.301499999999997,24.395104590334803,22.20789540966519,23.9435,22.7165,23.330000000000002,23.301499999999997,0.629999999999999,24.264499999999995,22.3385,0,54.19275657289168,-2.6315789473684235,7.6509770594631075,61.906089704994805,23.197178182843352,0.6985452068626591,13.594716232613951,292117885.0,4146357.96,0,-0.07878424273159104,12.0,-36.0,48.0,23.301499999999997,23.338438269713418,22.945356754054462,0.05361289556150853,0.22584935086759472,0.1722364553060862
1681704000,2023-04-17,23.72,23.72,23.25,23.45,2382115.0,23.282,24.350112353641393,22.213887646358607,23.910666666666664,22.723666666666666,23.31716666666667,23.282,0.46999999999999886,24.19925,22.36475,0,52.5396826880755,-1.6359060402684589,7.220866302902518,64.37169755413501,23.276752847955752,0.682220549229612,13.605578255002891,289735770.0,4133759.8,0,-0.015394300612828303,8.0,-36.0,44.0,23.282,23.34906319640738,22.96514668526801,0.028056905094628187,0.20730758667437144,0.17925068157974325
1681790400,2023-04-18,23.47,23.56,23.14,23.51,2834637.0,23.2535,24.26377273545382,22.243227264546178,23.8615,22.6885,23.275,23.2535,0.41999999999999815,24.144499999999997,22.3625,0,52.93392102204949,-2.3671096345514817,7.017073897517425,57.3466498698168,23.33122490689171,0.6634905099989252,13.380929085783155,292570407.0,4090227.14,0,0.05861866129540798,4.0,-36.0,40.0,23.2535,23.364390511035246,22.986513481924167,0.012762981625938752,0.1952044086121667,0.18244142698622795
1681876800,2023-04-19,23.36,23.47,23.02,23.46,3231677.0,23.2145,24.124697231374242,22.30430276862576,23.788166666666665,22.66016666666667,23.22416666666667,23.2145,0.490000000000002,24.07475,22.35425,0,52.551004256461056,-3.2178217821782082,6.691983114664803,48.980216915792084,23.381442458400322,0.6510983307132879,12.913312270696311,289338730.0,4073116.62,0,0.14561344030504422,8.0,-28.0,36.0,23.2145,23.37349617665094,23.00508158067224,-0.002346176754077667,0.1795087060436309,0.18185488279770856
1681963200,2023-04-20,23.27,23.45,22.96,23.0,1985778.0,23.193,24.102133653541287,22.283866346458716,23.74833333333333,22.646333333333335,23.197333333333333,23.193,0.5,24.02925,22.35675,0,49.11059775954665,-1.8352539479300032,4.975339598275501,43.8093710410071,23.39725996722158,0.6403055928051959,12.346549054313497,287352952.0,4074220.88,0,0.12917048910183654,4.0,-28.0,32.0,23.193,23.33792511220799,23.00488230299882,-0.042707375660856695,0.1284706632216377,0.1711780388824944
1682049600,2023-04-21,23.02,23.11,22.69,22.92,1809401.0,23.183,24.09949549917134,22.26650450082866,23.703666666666663,22.65566666666667,23.17966666666667,23.183,0.41999999999999815,23.978749999999998,22.38725,0,48.52897895003572,-0.8650519031141838,3.288273015030467,38.561233144788076,23.394244543063923,0.6245694790333961,11.69121961607993,285543551.0,4082432.86,0,0.07645180875379508,12.0,-16.000000000000004,28.000000000000004,23.183,23.298122720569133,23.00155358523416,-0.07243221261742541,0.08063777311071263,0.15306998572813804
1682308800,2023-04-24,23.01,23.11,22.63,22.87,4037992.0,23.194,24.08968744548605,22.29831255451395,23.698999999999998,22.681,23.19,23.194,0.4800000000000004,23.96275,22.42525,0,48.1537899398175,0.9713024282560814,1.7065585187946197,37.618033400057975,23.3679949008906,0.6142430876738679,11.20886380797634,281505559.0,4109008.4,0,0.1393025965598871,8.0,-16.0,24.0,23.194,23.257349128133978,22.99639462110733,-0.09185254131433596,0.0382543090852181,0.13010685039955405
1682395200,2023-04-25,22.82,22.94,22.48,22.58,3717102.0,23.201,24.074931347418854,22.327068652581147,23.695999999999998,22.692,23.194,23.201,0.46000000000000085,23.95925,22.44275,0,45.98332051532986,0.6238859180035518,-0.5755225682927215,36.614114141801856,23.347849537852273,0.6032257242685917,11.078828072713737,277788457.0,4145908.24,0,0.09829040833411347,4.0,-16.0,20.0,23.201,23.192839687359314,22.980065420279594,-0.11890304693944893,-0.01852195827475711,0.10038108866469182
1682481600,2023-04-26,22.55,22.75,22.2,22.21,2636722.0,23.183,24.120680116031753,22.245319883968246,23.679333333333332,22.684333333333335,23.181833333333337,23.183,0.5500000000000007,23.9345,22.4315,0,43.358625619175484,-1.5950376606114287,-3.6891303205020507,30.17746226231077,23.311651547110184,0.5994238868208352,11.514771761005465,275151735.0,4166832.74,0,-0.015729479830619047,64.0,-36.0,100.0,23.183,23.099235907610808,22.94986677634706,-0.15415237644818497,-0.09230938189553939,0.06184299455264559
1682568000,2023-04-27,22.29,22.51,22.2,22.37,2603348.0,23.164499999999997,24.14980147670716,22.179198523292833,23.654166666666665,22.670166666666667,23.162166666666668,23.164499999999997,0.3100000000000023,23.907749999999997,22.421249999999997,0,44.79301538455469,-1.6270888302550461,-5.710118900883961,23.098908370505214,23.252137010429433,0.5787507520479186,11.919576614419213,277755083.0,4170270.0,0,-0.004220000882344272,60.0,-36.0,96.0,23.164499999999997,23.02978486879073,22.927126902764826,-0.15851803555885097,-0.13630454989591811,0.022213485662932853
1682654400,2023-04-28,22.38,23.17,22.29,23.08,3154053.0,23.178000000000004,24.150822697104324,22.205177302895684,23.678666666666665,22.643666666666668,23.161166666666666,23.178000000000004,0.8800000000000026,23.959500000000006,22.396500000000003,0,50.63267761643848,1.1836913634370874,-4.80836487671368,23.742178053201187,23.20835698264724,0.6002685554730675,11.43431953040815,280909136.0,4165090.34,0,0.002444206331351116,56.00000000000001,-35.99999999999999,92.0,23.178000000000004,23.034567262239232,22.933121926185816,-0.10783654354797964,-0.1125821937720417,-0.004745650224062058
1682913600,2023-05-01,23.08,23.33,22.65,22.66,2539565.0,23.1505,24.14890823313979,22.152091766860213,23.681166666666662,22.623166666666666,23.152166666666666,23.1505,0.6799999999999997,23.94925,22.351750000000003,0,47.503794504048486,-2.369668246445501,-5.449884697612217,23.14732900530626,23.143358262562582,0.6059636586535626,11.304582889365244,278369571.0,4123602.46,0,-0.06252587899317591,52.0,-36.0,88.0,23.1505,22.99889418964502,22.922411262413824,-0.09717755003119695,-0.12621758776305825,-0.0290400377318613
1683000000,2023-05-02,22.64,22.81,21.92,22.35,2937145.0,23.122,24.17608918028851,22.06791081971149,23.670666666666666,22.565666666666665,23.118166666666667,23.122,0.889999999999997,23.956,22.288,0,45.327541389509136,-2.486910994764399,-6.958658944498959,23.26685290845785,23.03883716899064,0.6262519687497365,11.287861352857874,275432426.0,4110704.18,0,-0.034277438581957746,48.0,-36.0,84.0,23.122,22.937094743012164,22.899963761927008,-0.10492121494570417,-0.16019155641399152,-0.05527034146828735
1683086400,2023-05-03,22.63,22.78,22.22,22.25,1951115.0,23.1025,24.2048588345005,22.0001411654995,23.658499999999997,22.551499999999997,23.104999999999997,23.1025,0.5600000000000023,23.938,22.267,0,44.63323026395534,-1.7226148409894018,-8.485575651929098,19.457397437763206,22.922639908303232,0.6215196852676127,11.272334211815316,273481311.0,4085405.86,0,-0.10622070371348641,44.0,-36.0,80.0,23.1025,22.871657148439578,22.874474986949476,-0.11015252786163732,-0.192961001295334,-0.08280847343369668
1683172800,2023-05-04,22.3,22.45,21.95,22.41,2640211.0,23.066499999999998,24.20920337358445,21.923796626415545,23.616833333333332,22.523833333333336,23.070333333333334,23.066499999999998,0.5,23.891499999999997,22.2415,0,46.025667469480496,-3.112840466926065,-9.115429572772904,19.82435630095317,22.808006455185698,0.6128397077484975,11.733652578077981,276121522.0,4075926.8,0,-0.014700500549462625,40.0,-36.0,76.0,23.066499999999998,22.827689800969143,22.85626028157891,-0.09669126066466517,-0.20367254926452816,-0.10698128859986299
1683259200,2023-05-05,22.5,22.79,22.44,22.65,3008352.0,23.035000000000004,24.187119785439556,21.88288021456045,23.580666666666666,22.493666666666666,23.037166666666668,23.035000000000004,0.379999999999999,23.857750000000003,22.212250000000004,0,48.087101149788374,-2.70618556701032,-8.702281809262265,27.207097409393384,22.75350204936336,0.5962083000521761,11.386665971767686,279129874.0,4099694.84,0,0.010004825040811554,36.0,-36.0,72.0,23.035000000000004,22.810766962781607,22.848171643085617,-0.06689371621143778,-0.1905984338641602,-0.12370471765272242
1683518400,2023-05-08,22.68,22.79,22.47,22.61,2425982.0,22.9845,24.118016210735984,21.850983789264017,23.52283333333333,22.469833333333334,22.996333333333332,22.9845,0.3200000000000003,23.781750000000002,22.18725,0,47.76703809641015,-4.276037256562242,-8.495985615313913,27.562131461339348,22.697713279289275,0.576479135762735,11.064464123050982,276703892.0,4101411.22,0,-0.0535676061657498,32.0,-36.0,68.0,22.9845,22.791646299659547,22.83883157865089,-0.04613542773710913,-0.18137400232410883,-0.1352385745869997
1683604800,2023-05-09,22.81,23.84,22.81,23.79,6624281.0,22.98,24.09989285201811,21.86010714798189,23.532333333333334,22.42133333333333,22.97683333333333,22.98,1.2300000000000004,23.83425,22.12575,0,56.71361117640533,-0.3768844221105522,-3.791692520644474,41.489416799513016,22.77334319252858,0.6231591974939682,11.678157202876477,283328173.0,4181830.54,1,0.0195190865939359,28.000000000000004,-36.0,64.0,22.98,22.886727604453874,22.87613230105674,0.04583174825546921,-0.07794888926766319,-0.1237806375231324
1683691200,2023-05-10,24.18,24.86,24.02,24.39,8049179.0,23.0125,24.25025401433454,21.774745985665458,23.582833333333333,22.432833333333335,23.00783333333333,23.0125,1.0700000000000003,23.913249999999998,22.11175,0,60.348700777214255,2.7379949452401102,1.9535621605236637,53.58300451195657,23.034270381924117,0.6550763976729704,13.431167170519725,291377352.0,4245139.24,0,0.031672164625036386,100.0,40.0,60.0,23.0125,23.029896404029696,22.935499661799614,0.14049149922566598,0.05183373650895007,-0.08865776271671591
1683777600,2023-05-11,24.19,24.38,23.71,23.83,3650513.0,23.003500000000003,24.214438066129425,21.79256193387058,23.579500000000003,22.4395,23.0095,23.003500000000003,0.6799999999999997,23.8975,22.109500000000004,0,55.74915227184725,-0.7496876301541161,4.357410512026217,51.44547322308462,23.10748512532926,0.6568566549820439,14.443902647995015,287726839.0,4229043.8,0,-0.01982305542568196,96.0,39.99999999999999,56.00000000000001,23.003500000000003,23.106096746503056,22.970578106434925,0.15752798489057931,0.10825221839650823,-0.04927576649407109
1683864000,2023-05-12,24.01,24.04,23.41,23.71,3458736.0,23.005000000000003,24.219355796297474,21.79064420370253,23.576999999999998,22.437,23.006999999999998,23.005000000000003,0.629999999999999,23.899,22.111000000000004,0,54.80693212806596,0.126689189189194,5.769857643887311,51.90880353675194,23.16978716079648,0.6549383224833265,14.820928874166546,284268103.0,4194744.06,0,-0.023389806858732293,92.0,40.0,52.0,23.005000000000003,23.16361134207419,22.999575043437478,0.1527393648822493,0.14164843960874052,-0.01109092527350877
1684123200,2023-05-15,23.69,23.99,23.61,23.98,3242149.0,23.0315,24.305223282350322,21.75777671764968,23.591833333333334,22.460833333333333,23.026333333333334,23.0315,0.379999999999999,23.918750000000003,22.14425,0,56.546332146024724,2.260127931769728,7.706799438527362,59.023542100577345,23.253757103927892,0.6352998708773745,15.171024655611538,287510252.0,4190473.64,0,0.08211364123007127,88.0,40.0,48.0,23.0315,23.241362642829028,23.038023080949735,0.15906298381446365,0.18773780449457078,0.02867482068010714
1684209600,2023-05-16,23.94,24.01,23.27,23.55,2840082.0,23.033499999999997,24.31034415650512,21.756655843494872,23.618166666666667,22.455166666666667,23.03666666666667,23.033499999999997,0.740000000000002,23.944749999999996,22.122249999999998,0,53.11898199496007,0.17014036580178282,7.693339851156435,58.60999118118314,23.320893080945215,0.6427784515289908,14.853586100407444,284670170.0,3920690.82,0,0.11943318522011494,84.0,40.0,44.0,23.033499999999997,23.270756676845313,23.058100607187,0.12698514289345328,0.18740624929692373,0.06042110640347046
1684296000,2023-05-17,23.66,23.8,23.41,23.55,3512216.0,23.038,24.321442246461164,21.754557753538837,23.628666666666668,22.471666666666668,23.050166666666666,23.038,0.39000000000000057,23.94175,22.13425,0,53.11898199496007,0.3836317135549866,7.682755610733441,57.37642234499132,23.389546840865943,0.6247228478483488,14.558821727717929,288182386.0,3706082.26,0,0.09242910204126684,80.0,40.0,40.0,23.038,23.29735127905052,23.077390779454177,0.09967175493803518,0.18501080007601445,0.08533904513797927
1684382400,2023-05-18,23.37,23.72,23.22,23.64,2611549.0,23.07,24.379702256240435,21.760297743759565,23.648666666666667,22.490666666666666,23.06966666666667,23.07,0.5,23.97375,22.16625,0,53.768835863702954,2.7826086956521765,7.950705198771097,51.68786273437528,23.431379999390458,0.6158140730020382,13.917859672442676,290793935.0,3617942.06,0,0.0786304662694492,76.0,40.0,36.0,23.07,23.32998449056952,23.099453886142246,0.08229286438107028,0.18820512561431713,0.10591226123324685
1684468800,2023-05-19,23.87,24.12,23.7,23.7,2772298.0,23.109,24.444708051933993,21.77329194806601,23.695333333333334,22.537333333333333,23.116333333333333,23.109,0.4800000000000004,24.01725,22.200750000000003,0,54.21421967868392,3.4031413612565333,8.355908085582497,52.01830717541507,23.48232303574443,0.606113067787607,13.965029569528182,293566233.0,3550728.68,0,0.07207976137288148,72.0,40.0,32.0,23.109,23.36522406289623,23.12300471413667,0.06994966249192466,0.19334933934815268,0.12339967685622802
1684728000,2023-05-22,23.65,24.05,23.63,23.7,2455984.0,23.1505,24.505364937918653,21.79563506208135,23.7385,22.5865,23.1625,23.1505,0.4200000000000017,24.054250000000003,22.24675,0,54.21421967868392,3.6292085701792667,8.690675509898051,52.342796967392275,23.564777210223212,0.5928192772313494,13.86450911415018,296022217.0,3482078.2,0,0.041544526153615376,68.0,40.0,28.000000000000004,23.1505,23.39710748547754,23.145631980248957,0.057421294482229934,0.19517629495901545,0.13775500047678552
1684814400,2023-05-23,23.65,24.15,23.59,23.75,2062726.0,23.209,24.561315052050123,21.856684947949876,23.80166666666667,22.639666666666663,23.220666666666666,23.209,0.5599999999999987,24.12025,22.29775,0,54.61791672629138,5.181576616474764,9.134160019530308,52.5642497828152,23.62125010152788,0.5904750431433958,13.93614075130518,298084943.0,3377189.46,0,0.05883593613906691,64.0,40.0,24.0,23.209,23.430716296384443,23.16933268690586,0.048493634134275654,0.19837204314463008,0.14987840901035443
1684900800,2023-05-24,23.68,23.73,23.47,23.6,2972780.0,23.2785,24.559285305974953,21.99771469402505,23.847833333333334,22.714833333333335,23.281333333333333,23.2785,0.28000000000000114,24.169500000000003,22.3875,0,53.13836288856264,6.258442143178751,8.902746595226434,52.0569858169488,23.691780133662657,0.5682982543474391,13.731839480972479,295112163.0,3316205.92,0,0.013807014319490838,60.0,40.0,20.0,23.2785,23.446838553871636,23.186221601144847,0.02941677073412538,0.18664937242801116,0.15723260169388578
1684987200,2023-05-25,23.66,23.8,23.07,23.47,2598335.0,23.3335,24.546171018867597,22.120828981132405,23.923166666666667,22.748166666666666,23.33566666666667,23.3335,0.7300000000000004,24.256,22.411,0,51.856829025119545,4.917299955297263,8.169160527978828,46.55720960315777,23.743880692290478,0.5798483790369078,12.800343078644698,292513828.0,3239942.16,0,0.006768127702218969,56.00000000000001,40.00000000000001,16.0,23.3335,23.44904440588386,23.197350165805837,0.006187930691500698,0.16496751505826168,0.15877958436676098
1685073600,2023-05-26,23.54,23.74,23.29,23.65,2569317.0,23.362,24.57629156301169,22.147708436988307,23.937333333333335,22.805333333333333,23.371333333333332,23.362,0.4499999999999993,24.252249999999997,22.47175,0,53.49160707072686,2.469670710571925,8.200616242683118,51.4823032966411,23.78932734029817,0.5705734948199858,11.93538213362604,295083145.0,3180387.22,0,0.044078172834943606,52.0,40.0,12.0,23.362,23.468183033894924,23.215101139695804,0.001343778543134444,0.16045930754567905,0.1591155290025446
1685419200,2023-05-30,23.72,23.77,23.13,23.16,2434536.0,23.387,24.562416521919523,22.211583478080478,23.959,22.831,23.395000000000003,23.387,0.6400000000000006,24.274250000000002,22.49975,0,48.74827701989272,2.206531332744925,6.1154774295042476,41.75763659244671,23.81116283406735,0.5755325309042725,11.464476560574113,292648609.0,3128150.92,0,-0.1328552362900197,48.0,40.0,8.0,23.387,23.438832268762074,23.212940310688126,-0.03448416644444863,0.11601032094698382,0.15049448739143245
1685505600,2023-05-31,23.03,23.29,22.76,23.18,4908367.0,23.4285,24.50933810073544,22.34766189926456,23.976833333333335,22.884833333333333,23.430833333333332,23.4285,0.5299999999999976,24.28875,22.56825,0,48.9427973625983,3.713646532438471,4.477585854906181,25.474985132897373,23.608437003707422,0.5722802072682528,11.73353624274054,297556976.0,3139695.68,1,-0.05179257736484844,44.0,40.0,4.0,23.4285,23.41418157649902,23.211648533798396,-0.05522838751095255,0.08145900300274178,0.13668739051369433
1685592000,2023-06-01,23.25,23.92,23.2,23.83,4771986.0,23.5075,24.454978231940675,22.560021768059325,24.0465,22.9385,23.4925,23.5075,0.740000000000002,24.38125,22.63375,0,54.810329611878714,7.101123595505611,5.684641497320401,35.91661694940608,23.582200185349144,0.5842601924633778,11.130692952556027,302328962.0,3167349.22,1,0.0865965269747529,40.0,20.0,20.0,23.5075,23.45378333111816,23.235897610904342,-0.02509997142569051,0.10531242623158121,0.13041239765727172
1685678400,2023-06-02,23.88,24.21,23.66,23.91,3299621.0,23.582500000000003,24.399026178393232,22.765973821606774,24.131833333333336,23.018833333333333,23.575333333333333,23.582500000000003,0.5500000000000007,24.460000000000004,22.705000000000002,1,55.47326671747726,6.693440428380187,6.963329888406301,43.7971200910117,23.59753040191648,0.5818130358588508,11.080776254692196,305628583.0,3166678.88,0,0.08377470273528043,36.0,20.0,16.0,23.582500000000003,23.497232537678332,23.262332998712015,-0.0009838137604855635,0.12918263045666478,0.13016644421715035
1685937600,2023-06-05,23.76,24.17,23.75,24.08,2683070.0,23.654,24.376396013279056,22.931603986720944,24.204,23.084,23.644,23.654,0.4200000000000017,24.5345,22.7735,1,56.88797503022874,6.3134657836644585,8.658059338563815,43.07065338089595,23.602916919130607,0.570254961868933,11.03442503524721,308311653.0,3155650.72,0,0.0486749283478745,32.0,20.0,12.0,23.654,23.552734200756586,23.294398371311544,0.023845600023113034,0.15997344424604165,0.13612784422292862
1686024000,2023-06-06,24.08,24.17,23.85,23.92,2493847.0,23.719500000000004,24.268006153111795,23.170993846888212,24.271833333333333,23.151833333333336,23.711833333333335,23.719500000000004,0.3200000000000003,24.600000000000005,22.839000000000002,1,55.151956134662264,5.79389650597082,9.297923461057255,43.384344507870665,23.62475190180479,0.5523796074497235,10.991384617191153,305817806.0,3108482.1,0,0.03218238353606802,28.000000000000004,20.000000000000004,8.0,23.719500000000004,23.587711895922624,23.318931768515014,0.02670629201870542,0.1695107092463104,0.14280441722760498
1686110400,2023-06-07,23.97,24.4,23.83,24.33,3010487.0,23.7465,24.356000615259333,23.13699938474067,24.284166666666668,23.21016666666667,23.74716666666667,23.7465,0.5700000000000003,24.5775,22.9155,1,58.56282034416535,2.2698612862547254,11.39613296672545,51.21289651637757,23.668584412759145,0.5536382069176004,11.387324085255145,308828293.0,3086515.12,0,0.11089167963170453,24.0,20.0,4.0,23.7465,23.658406001072848,23.35858150308305,0.05196265193539512,0.2077577321468489,0.15579508021145377
1686196800,2023-06-08,24.33,24.35,23.87,24.0,2612497.0,23.727,24.27472620897808,23.17927379102192,24.24866666666667,23.210666666666665,23.729666666666667,23.727,0.4800000000000004,24.51375,22.94025,1,55.017708811358354,-1.599015990159904,11.500021827947439,51.13764507388467,23.702874274878745,0.5483783349949146,11.754982162743135,306215796.0,3082775.16,0,0.039495542147429,20.0,16.0,4.0,23.727,23.690938762875433,23.383735169628814,0.042588697888056304,0.20903095257152415,0.16644225468346785
1686283200,2023-06-09,24.15,24.24,23.96,24.0,1514171.0,23.7355,24.294516099948382,23.176483900051615,24.233833333333333,23.234833333333334,23.734333333333332,23.7355,0.2799999999999976,24.49225,22.978749999999998,1,55.017708811358354,0.7133864876206535,11.583239993234281,45.81855535678581,23.707100571863535,0.5292084539238491,12.096378948981982,307729967.0,3042711.36,0,0.08258877745005706,16.0,8.0,8.0,23.7355,23.720373166411104,23.407902417878667,0.032963292912151027,0.20764637082365667,0.17468307791150564
1686542400,2023-06-12,23.99,24.16,23.79,23.89,1771290.0,23.7445,24.30736676931713,23.181633230682866,24.232166666666668,23.259166666666665,23.74566666666667,23.7445,0.370000000000001,24.481749999999998,23.00725,1,53.814506070858556,0.7591733445803446,11.113813269685307,46.59819098383969,23.71245418708177,0.5178364215007171,11.920810274405138,305958677.0,3035056.86,0,0.10475420817683335,12.0,8.0,4.0,23.7445,23.736528102943378,23.426808205412836,0.016589789967424162,0.19542031537078586,0.1788305254033617
1686628800,2023-06-13,23.89,24.19,23.79,24.08,3407897.0,23.749499999999998,24.3223341819423,23.176665818057696,24.241166666666665,23.266166666666667,23.753666666666668,23.749499999999998,0.40000000000000213,24.488249999999997,23.010749999999998,1,55.58072716456793,0.4170141784820595,11.481104425744084,48.39091168575497,23.732080373591362,0.509419534250666,11.829562644344422,309366574.0,3057529.62,1,0.1602174611365415,8.0,-52.0,60.0,23.749499999999998,23.769239712186867,23.45242356990645,0.015952523686705106,0.1987711800117431,0.182818656325038
1686715200,2023-06-14,24.1,24.3,23.93,23.99,5449229.0,23.7715,24.345791737709604,23.197208262290395,24.24583333333333,23.30783333333333,23.776833333333336,23.7715,0.370000000000001,24.4825,23.060499999999998,1,54.54074511181525,1.8683651804670816,11.327452570841686,58.21055788944976,23.783826026171376,0.49946099608990424,12.013330271278305,303917345.0,3106155.48,0,0.06650776196835298,4.0,-52.00000000000001,56.00000000000001,23.7715,23.790264501502403,23.47350499853757,0.007306527339603991,0.191951815499543,0.184645288159939
1686801600,2023-06-15,24.02,24.56,23.99,24.5,5900629.0,23.819,24.464845182688183,23.173154817311815,24.293,23.336999999999996,23.815,23.819,0.5700000000000003,24.543499999999998,23.0945,1,59.105056772103836,4.03397027600849,13.258418501913901,66.75362354525411,23.873877504512496,0.5044994963691968,12.775345309606283,309817974.0,3172423.38,0,0.15597778421727634,100.0,48.0,52.0,23.819,23.857858358502174,23.513759704477273,0.0323679967939563,0.2251052841523844,0.1927372873584281
1686888000,2023-06-16,24.57,24.62,24.17,24.24,6531966.0,23.849,24.51424882562959,23.18375117437041,24.331333333333333,23.380333333333333,23.855833333333333,23.849,0.4499999999999993,24.56975,23.12825,1,56.08325642054642,2.538071065989839,13.453342747432142,56.373150428995736,23.950131715106806,0.5006066751999684,13.612567956400271,303286008.0,3248336.16,0,0.024858910895119653,96.0,48.0,48.0,23.849,23.894252800549587,23.542239716066398,0.028029514797945687,0.2277741808558602,0.19974466605791452
1687233600,2023-06-20,24.33,24.53,24.1,24.35,4547903.0,23.8815,24.57726648381591,23.185733516184087,24.356166666666667,23.404166666666665,23.880166666666668,23.8815,0.4299999999999997,24.5985,23.164499999999997,1,57.06092034936889,2.7426160337552834,14.045710327662425,53.98628476797409,24.00996525903276,0.4955633412571135,14.135240221641196,307833911.0,3278857.14,0,0.07956508518827621,92.0,48.0,44.0,23.8815,23.93765729573534,23.573916589946148,0.02903979387831651,0.2360444084058102,0.2070046145274937
1687320000,2023-06-21,24.25,24.61,24.08,24.52,3948361.0,23.9225,24.665678982481055,23.179321017518944,24.392166666666668,23.429166666666667,23.910666666666664,23.9225,0.5300000000000011,24.64775,23.19725,0,58.56162360311208,3.4599156118143473,15.198690023851242,62.40300244598468,24.128058873329895,0.49802310259589117,14.81292994908662,311782272.0,3303122.84,0,0.07596227748521404,100.0,60.0,40.0,23.9225,23.993118505665308,23.611017900144336,0.03711248454450922,0.2533952202081302,0.216282735663621
1687406400,2023-06-22,24.63,24.68,24.31,24.67,2493094.0,23.9685,24.774509305158194,23.162490694841804,24.418833333333332,23.474833333333333,23.946833333333334,23.9685,0.370000000000001,24.6795,23.257499999999997,0,59.864460153042806,3.873684210526323,16.725459661028523,60.78716925927911,24.195341719732866,0.4888785952676133,15.611850168530541,314275366.0,3298136.86,0,0.05486961069177023,100.0,64.0,36.0,23.9685,24.05758340988766,23.6525466099426,0.04782763405111812,0.27606727822751864,0.22823964417640052
1687492800,2023-06-23,24.7,24.89,24.29,24.47,7452558.0,24.011999999999997,24.827612653164238,23.196387346835756,24.483333333333334,23.505333333333333,23.994333333333334,24.011999999999997,0.6000000000000014,24.746999999999996,23.276999999999997,0,57.334473874299576,3.6864406779660905,16.855576260438884,49.8979981264576,24.26092763713314,0.4968158384627839,16.83624492968506,306822808.0,3387936.9,0,0.0008174014453401834,96.0,64.0,32.0,24.011999999999997,24.09686118037455,23.68460360563113,0.037192128534162094,0.27472980484410314,0.23753767630994105
1687752000,2023-06-26,24.84,25.42,24.8,24.96,5450994.0,24.0865,24.960577227710257,23.212422772289745,24.558500000000002,23.5915,24.075,24.0865,0.9500000000000028,24.838,23.335,0,61.527625492351355,6.348530038346835,18.880434440815268,52.523649984472875,24.350276981496762,0.5291861357154424,18.92805478478535,312273802.0,3423348.9,0,-0.07293056679270966,100.0,72.0,28.000000000000004,24.0865,24.179064877481736,23.73461915050834,0.05768139650296289,0.3096394219386447,0.2519580254356818
1687838400,2023-06-27,25.05,25.49,24.92,25.15,4740550.0,24.1615,25.125663367900728,23.197336632099272,24.645833333333336,23.666833333333333,24.156333333333333,24.1615,0.5699999999999967,24.922,23.401,0,63.01139134400865,6.342494714587739,21.201493767716872,58.652298719552164,24.433367686171604,0.5321014117357677,20.97627429770863,317014352.0,3454767.86,0,-0.061851504006841605,100.0,76.0,24.0,24.1615,24.271534889150143,23.790124281860955,0.07732822150606067,0.34861830231825763,0.27129008081219697
1687924800,2023-06-28,25.13,25.17,24.92,25.09,1866706.0,24.258,25.187614974062765,23.328385025937234,24.711666666666666,23.77166666666667,24.241666666666667,24.258,0.25,24.98925,23.52675,0,62.213805946047245,8.333333333333332,22.704988885347667,54.57526429565867,24.466519011413926,0.5119513108974986,22.87819241685168,315147646.0,3444459.68,0,-0.09079693532699842,96.0,76.0,20.0,24.258,24.34948394732632,23.84109980021935,0.07928643793446744,0.3703981282302813,0.29111169029581385
1688011200,2023-06-29,25.09,25.48,25.0,25.39,1686932.0,24.3685,25.284584603080834,23.452415396919168,24.81983333333333,23.884833333333333,24.352333333333334,24.3685,0.4800000000000004,25.096,23.641000000000002,0,64.57389265128019,9.53408110440035,25.01058181451583,58.43544681424443,24.509088704447155,0.5096690744048201,25.10742500568181,316834578.0,3421505.58,0,-0.052608044872150345,100.0,84.0,16.0,24.3685,24.448580714247623,23.901840984524476,0.09284877339688391,0.40717265704191874,0.31432388364503483
1688097600,2023-06-30,25.45,25.74,25.32,25.59,2275769.0,24.4565,25.480536620439818,23.43246337956018,24.899833333333333,23.994833333333332,24.447333333333336,24.4565,0.41999999999999815,25.16,23.752999999999997,0,66.06144838948967,7.3856483424255215,27.562903271629935,61.653132536987805,24.56191505036106,0.5032641405187614,27.507143334809562,319110347.0,3402387.42,0,-0.02180628616022931,100.0,88.0,12.0,24.4565,24.557287312890704,23.968043298856852,0.1063799983073263,0.4472988815291927,0.3409188832218664
1688356800,2023-07-03,25.51,25.77,25.44,25.44,1218173.0,24.532999999999998,25.60955190306916,23.456448096930835,24.97,24.087,24.5285,24.532999999999998,0.3299999999999983,25.22,23.845999999999997,0,63.941759827753025,6.398996235884572,28.68305232436581,63.56130291301158,24.60217152011245,0.49088813048170693,29.771850028133173,317892174.0,3387035.32,0,-0.029115271933407814,96.0,88.0,8.0,24.532999999999998,24.641355187853495,24.025767091058544,0.09660375068662086,0.46167357158014255,0.3650698208935217
1688529600,2023-07-05,25.26,26.27,25.23,26.17,3070025.0,24.6375,25.906434592483745,23.368565407516254,25.0955,24.1505,24.623,24.6375,1.0399999999999991,25.371,23.904,0,69.03206890267992,8.679401993355498,32.01660814123568,63.49805311853494,24.707016007312166,0.5301104068758706,32.403021376708715,320962199.0,3412247.8,0,-0.012583452556076643,100.0,96.0,4.0,24.6375,24.786940408057923,24.109854656115072,0.12867068254973507,0.5259081740806906,0.3972374915309555
1688616000,2023-07-06,25.94,26.28,25.86,26.28,3374596.0,24.755499999999998,26.166563074423653,23.344436925576343,25.2085,24.2535,24.731,24.755499999999998,0.4200000000000017,25.496499999999997,24.014499999999998,0,69.71030476390857,9.866220735785951,34.932911675527656,62.31443272524988,24.858942125581628,0.5222453778133086,34.85553008591142,324336795.0,3398979.88,0,0.11627699783221579,100.0,96.0,4.0,24.755499999999998,24.929136559671452,24.194958395090953,0.14542288903996586,0.5790161028309129,0.433593213790947
1688702400,2023-07-07,26.06,26.39,25.97,26.03,2043786.0,24.8405,26.34078630601028,23.340213693989718,25.298166666666667,24.35816666666667,24.828166666666668,24.8405,0.4200000000000017,25.570249999999998,24.11075,0,66.23965843642051,6.98725852856557,35.63622960845664,55.23466495429695,24.969409440456158,0.5149421365409296,37.23751977182279,322293009.0,3365513.56,0,0.004450206466530839,96.0,92.0,4.0,24.8405,25.0339806968456,24.26692081096974,0.12839213686157136,0.5940833848679112,0.4656912480063399
1688961600,2023-07-10,26.03,26.14,25.68,25.8,1651668.0,24.930500000000002,26.434261616747158,23.426738383252847,25.387166666666666,24.449166666666667,24.918166666666668,24.930500000000002,0.46000000000000085,25.65875,24.202250000000003,0,63.192847367723395,7.500000000000003,34.74466488222798,60.97625038652466,25.09124170083305,0.5110176982165775,38.11375582905907,320641341.0,3345812.48,0,0.08588840280473105,92.0,64.0,28.000000000000004,24.930500000000002,25.106934916193637,24.32704156348073,0.0920633824709175,0.5807704760949868,0.4887070936240693
1689048000,2023-07-11,25.78,25.86,25.6,25.86,1917538.0,25.0235,26.515589474529612,23.531410525470385,25.4715,24.5355,25.0035,25.0235,0.259999999999998,25.750249999999998,24.29675,0,63.651948521129675,7.749999999999997,34.22207920975164,64.50632717193852,25.20203277800609,0.49308786262967896,38.586001460403985,322558879.0,3332096.28,0,0.11837451490785225,88.0,64.0,24.0,25.0235,25.17865540036567,24.387157580599133,0.0638407189295882,0.5685079922860545,0.5046672733564663
1689134400,2023-07-12,25.96,26.26,25.91,26.09,1991098.0,25.1335,26.59925953007378,23.667740469926223,25.577499999999997,24.6435,25.110500000000002,25.1335,0.40000000000000213,25.8625,24.404500000000002,0,65.39369283089482,9.208874005860189,34.50932437061239,62.95014554783564,25.32123071303671,0.4864387295847021,39.60435996360388,324549977.0,3308837.18,0,0.06213795079942783,84.0,64.0,20.0,25.1335,25.26545012414037,24.453935714693287,0.05288177168703034,0.5707694879652543,0.5178877162782239
1689220800,2023-07-13,25.91,26.13,25.89,26.04,1712298.0,25.2315,26.664123816639297,23.798876183360704,25.6695,24.7515,25.210500000000003,25.2315,0.23999999999999844,25.9485,24.5145,0,64.68440676446164,8.139534883720936,34.42357476291309,57.85865802698329,25.39813391837558,0.4688359631857947,40.46432137349056,322837679.0,3292291.84,0,0.015620882287723488,80.0,64.0,16.0,25.2315,25.339216778984145,24.516134314117078,0.035328399366534535,0.5620482154863922,0.5267198161198576
1689307200,2023-07-14,26.01,26.01,25.64,25.68,1288708.0,25.316,26.641072073512294,23.990927926487704,25.75466666666666,24.836666666666666,25.295666666666666,25.316,0.3999999999999986,26.035249999999998,24.59675,0,59.77097638347068,7.0446019174656165,32.07119147155631,68.0928839295251,25.59669955083443,0.46391910867252356,40.22811448002393,321548971.0,3259323.1,0,0.07590987084982632,76.0,64.0,12.0,25.316,25.371672323842798,24.56177610572033,-0.005302050406788661,0.5200922531113719,0.5253943035181605
1689566400,2023-07-17,25.55,25.66,25.4,25.48,2146729.0,25.365000000000002,26.637171372104483,24.09282862789552,25.797333333333334,24.910333333333334,25.353833333333334,25.365000000000002,0.28000000000000114,26.062500000000004,24.6675,0,57.22881089177722,4.000000000000002,28.945235170922206,57.516489550137656,25.685343053804143,0.4507820294816291,39.12817880556421,319402242.0,3263235.38,0,0.1424829642282579,72.0,64.0,8.0,25.365000000000002,25.38198924538158,24.597784885888164,-0.0480439392783113,0.46533937942027137,0.5133833186985827
1689652800,2023-07-18,25.53,26.11,25.51,26.11,2470313.0,25.4585,26.65905445524234,24.25794554475766,25.883166666666664,24.981166666666667,25.432166666666667,25.4585,0.629999999999999,26.1695,24.747500000000002,0,62.515162543872826,7.7145214521452194,28.588445099403298,54.19888732851686,25.786998652485085,0.46358331309008405,38.93163650322642,321872555.0,3259837.42,0,0.2716388566803473,68.0,64.0,4.0,25.4585,25.451323602964287,24.657087439382746,-0.0367904740043794,0.46739522619310847,0.5041857001974879
1689739200,2023-07-19,26.15,26.73,26.07,26.65,3692333.0,25.5735,26.76790822167393,24.379091778326067,26.002499999999998,25.0775,25.54,25.5735,0.6600000000000001,26.30175,24.84525,0,66.27591310964533,9.445585215605737,30.070166594738996,63.423838072277135,25.91562329691744,0.4776130764407923,39.59269896522249,325564888.0,3273517.04,1,0.32498850935161105,100.0,92.0,8.0,25.5735,25.56548325982483,24.73524087313244,0.0020565711275688514,0.5067564141069489,0.5046998429793801
1689825600,2023-07-20,26.63,26.82,26.53,26.69,1512644.0,25.682,26.86811297944265,24.495887020557348,26.104333333333336,25.203333333333333,25.653833333333335,25.682,0.28999999999999915,26.392249999999997,24.97175,0,66.5376817092405,8.849918433931492,31.325426111566312,63.31261041167351,25.988455979697424,0.46421214240930714,40.31090831908968,327077532.0,3255250.28,0,0.29728583500694417,100.0,96.0,4.0,25.682,25.672580092222464,24.811898093793914,0.024248791990098773,0.5350108329670036,0.5107620409769048
1689912000,2023-07-21,26.86,27.81,26.69,27.65,4584033.0,25.831,27.204985443883007,24.45701455611699,26.28333333333333,25.307333333333332,25.79533333333334,25.831,1.1199999999999974,26.5975,25.0645,0,72.02367900082807,12.079448723145507,35.11555433726676,66.3074795768932,26.214690951482577,0.5110541322372136,41.878428981018374,331661565.0,3214445.32,1,0.35659534167045265,100.0,92.0,8.0,25.831,25.860905797725085,24.923196207762782,0.09349572157987773,0.627631692951752,0.5341359713718743
1690171200,2023-07-24,27.65,27.77,27.41,27.59,1939689.0,25.987000000000002,27.414880947419096,24.559119052580908,26.423333333333336,25.471333333333334,25.947333333333336,25.987000000000002,0.35999999999999943,26.735500000000002,25.238500000000002,0,71.25512903792041,12.750306497752353,37.59026875251788,68.35894175262182,26.31881829728661,0.5002645513631269,43.33398388138073,329721876.0,3092255.52,0,0.38536822915291513,96.0,92.0,4.0,25.987000000000002,26.02558143603698,25.02777674863483,0.12329847976874087,0.6882590710828005,0.5649605913140596
1690257600,2023-07-25,27.72,27.82,27.37,27.4,2748772.0,26.108999999999998,27.581302957954815,24.63669704204518,26.538333333333334,25.603333333333335,26.070833333333336,26.108999999999998,0.4499999999999993,26.819999999999997,25.398,0,68.80768649150448,9.775641025641017,38.38947838990322,59.57397459694037,26.459282603063823,0.4966742262657606,44.724541791257785,326973104.0,3074220.7,0,0.2421114541565177,92.0,88.0,4.0,26.108999999999998,26.156478442128694,25.120805111433466,0.11823876718070958,0.7127590502899466,0.594520283109237
1690344000,2023-07-26,27.5,27.83,27.38,27.7,2838691.0,26.2365,27.793731838873892,24.679268161126107,26.654833333333336,25.731833333333334,26.193333333333335,26.2365,0.4499999999999993,26.938499999999998,25.5345,0,70.49221011365896,10.139165009940362,39.764134984947745,59.11802861773561,26.595112666099126,0.4933403529610633,46.02402092605066,329811795.0,3061819.8,0,0.17922283247259385,100.0,88.0,12.0,26.2365,26.303480495259297,25.22195000902431,0.12259433700566236,0.7477632043663149,0.6251688673606526
1690430400,2023-07-27,27.66,27.8,27.37,27.4,2048848.0,26.351999999999997,27.894551133675186,24.809448866324807,26.787,25.845999999999997,26.3165,26.351999999999997,0.4299999999999997,27.067499999999995,25.636499999999998,0,66.70050102848009,9.206855320844953,39.1227041500312,58.914670398398094,26.682761072339932,0.48881604203527307,47.19191282994973,327762947.0,3037953.78,0,0.16988076401393196,96.0,88.0,8.0,26.351999999999997,26.40791092428222,25.307363734160614,0.0940528816923607,0.7427349694761034,0.6486820877837427
1690516800,2023-07-28,27.48,27.64,26.89,27.03,1875031.0,26.433999999999997,27.93713538977786,24.930864610222134,26.895333333333333,25.92733333333333,26.411333333333335,26.433999999999997,0.75,27.169749999999997,25.698249999999998,0,62.346740857116416,6.459235919653408,36.56315724138386,58.36075456212766,26.752397098072308,0.5074720390327536,46.57250927262719,325887916.0,3018652.76,0,0.15697021741990796,92.0,88.0,4.0,26.433999999999997,26.46715750292201,25.374918097526862,0.04170679658417176,0.7008155835139576,0.6591087869297858
1690776000,2023-07-31,27.3,27.84,27.15,27.36,2793352.0,26.5225,28.024869794691934,25.020130205308067,27.003833333333336,26.008833333333335,26.506333333333334,26.5225,0.8099999999999987,27.2875,25.7575,0,64.52092491026173,6.916764361078545,35.417542715638156,65.08432271854667,26.866123426356133,0.5290811791018426,46.26893044040373,328681268.0,3004275.48,0,0.06339626045405321,88.0,84.0,4.0,26.5225,26.552190121691343,25.452764446643457,0.021761805418571534,0.6863110437030002,0.6645492382844287
1690862400,2023-08-01,27.27,27.66,27.06,27.19,2377844.0,26.610000000000003,28.05265033878717,25.167349661212835,27.105,26.083,26.594,26.610000000000003,0.6000000000000014,27.395250000000004,25.82475,0,62.56200899218665,6.878930817610063,33.62003307753912,58.497435796520975,26.942281116691106,0.5341468091659968,45.69122498568869,326303424.0,2999601.38,0,0.021407376533495323,84.0,76.0,8.0,26.610000000000003,26.612933919625497,25.520891331088812,-0.00878768984821865,0.6535646259741554,0.6623523158223741
1690948800,2023-08-02,26.96,27.37,26.85,27.29,1935122.0,26.665999999999997,28.12286512759512,25.209134872404874,27.143,26.173000000000002,26.657999999999998,26.665999999999997,0.5199999999999996,27.412249999999997,25.919749999999997,0,63.25283163438964,4.2797095911348775,32.46376370391899,57.989957987306944,27.00125219880621,0.533136322796997,44.482267822769835,328238546.0,2982857.86,0,0.04788327233556517,80.0,76.0,4.0,26.665999999999997,26.677416403470687,25.59026814163435,-0.02713162966622018,0.6284377787395989,0.6555694084058191
1691035200,2023-08-03,27.27,27.6,27.01,27.24,4245105.0,26.714,28.180061390257165,25.24793860974283,27.208666666666666,26.221666666666664,26.715166666666665,26.714,0.5899999999999999,27.473,25.955,0,62.644440382344584,3.65296803652967,31.271286777617068,64.73169348421989,27.075847970174703,0.5371980140257829,43.73816383425269,323993441.0,3018640.28,0,0.04608648831809561,76.0,72.0,4.0,26.714,26.730995793616337,25.65496350862908,-0.04637455525311651,0.5976012143394236,0.6439757695925401
1691121600,2023-08-04,27.31,28.13,27.2,27.83,4728050.0,26.803999999999995,28.31146674921963,25.29653325078036,27.313666666666666,26.275666666666666,26.794666666666664,26.803999999999995,0.9299999999999997,27.601249999999993,26.006749999999997,0,66.6310518164989,6.915097963887811,31.934928963777764,72.26824596281683,27.2366900489414,0.565255298738227,43.781138747213056,328721491.0,3071946.76,0,0.1060112560527866,100.0,92.0,8.0,26.803999999999995,26.835662860890974,25.740259057310293,-0.02422319991167965,0.6136967697029405,0.6379199696146202
1691380800,2023-08-07,27.95,28.28,27.88,27.98,3243178.0,26.913,28.429550032146274,25.396449967853727,27.419333333333334,26.387333333333334,26.90333333333333,26.913,0.45000000000000284,27.7095,26.116500000000002,0,67.55761922603013,8.449612403100774,32.86664389180547,72.94124292897024,27.382248386686626,0.5570227773997825,44.00131615333653,331964669.0,3077354.72,0,0.0031128983843847578,100.0,96.0,4.0,26.913,26.944647350329927,25.82809203545499,-0.0053124843825503865,0.6312793641364323,0.6365918485189827
1691467200,2023-08-08,27.85,28.16,27.68,28.1,4245532.0,27.025,28.54479603894829,25.505203961051706,27.54066666666667,26.486666666666668,27.013666666666666,27.025,0.4800000000000004,27.837999999999997,26.212,0,68.29888745862559,8.662026295436977,33.935348951516154,62.9468862896837,27.524696164799153,0.5515211504426552,43.564515872413594,336210201.0,3110298.66,0,0.012481659918209508,100.0,64.0,36.0,27.025,27.054680936012794,25.917186465437148,0.008673308249319334,0.6474334838306319,0.6387601755813126
1691553600,2023-08-09,28.8,30.0,28.46,29.55,7461173.0,27.198,29.011930538913493,25.384069461086508,27.762666666666668,26.589666666666666,27.176166666666667,27.198,1.8999999999999986,28.1235,26.2725,0,75.43730360683092,13.261786124952094,38.45511565670772,67.9956453144265,27.839098211416037,0.6478410682681796,44.83241986308426,343671374.0,3208135.78,1,0.0734623177271129,100.0,68.0,32.0,27.198,27.29233037067824,26.05964974130236,0.10369682091417043,0.7683812017240257,0.6646843808098553
1691640000,2023-08-10,29.68,30.21,29.68,29.92,5922514.0,27.391999999999996,29.478495626643646,25.305504373356346,27.972999999999995,26.771000000000004,27.372000000000003,27.391999999999996,0.6600000000000001,28.348999999999997,26.434999999999995,0,76.83821145242757,14.90015360983104,42.62633144056101,69.21223434070882,28.138917426457557,0.648709563391881,46.1321880323163,349593888.0,3277895.34,0,-0.007759362313449331,100.0,72.0,28.000000000000004,27.391999999999996,27.542584621089837,26.211036025957167,0.17537249402772137,0.883899998344507,0.7085275043167857
1691726400,2023-08-11,29.86,30.08,29.32,29.39,4828650.0,27.577500000000004,29.681789666372758,25.47321033362725,28.1835,26.942500000000003,27.563,27.577500000000004,0.759999999999998,28.561500000000002,26.593500000000006,0,70.75360310837578,14.447040498442371,42.98099297853534,61.26205903215119,28.29690915549137,0.6566588802924608,46.4586141430983,344765238.0,3276301.0,0,-0.08412128785627389,96.0,72.0,24.0,27.577500000000004,27.718528942890806,26.3357012798412,0.17082122958629076,0.9220540412996492,0.7512328117133584
1691985600,2023-08-14,29.29,29.58,29.17,29.56,4458710.0,27.7815,29.823002143031754,25.739997856968248,28.387166666666666,27.131166666666665,27.75916666666667,27.7815,0.4099999999999966,28.77525,26.787750000000003,0,71.5151877700915,16.01255886970172,43.588411915995,59.00277307242494,28.432563163955436,0.6390403888429991,46.40848636044789,349223948.0,3270035.48,0,0.03945612188868018,92.0,72.0,20.0,27.7815,27.893907138805968,26.46214436690625,0.16301401078576072,0.9550003251955594,0.7919863144097987
1692072000,2023-08-15,29.28,29.56,29.24,29.48,3258406.0,27.95,29.968008919703607,25.93199108029639,28.549,27.321000000000005,27.934999999999995,27.95,0.3200000000000003,28.920499999999997,26.9795,0,70.60444584677299,12.906932209881274,43.652570675057,53.18167412923401,28.535489803936358,0.6162517896399278,46.36193913370108,345965542.0,3269211.18,0,0.047207385617896704,88.0,72.0,16.0,27.95,28.04496360177683,26.58049164663542,0.13724933232226588,0.9635479798126312,0.8262986474903653
1692158400,2023-08-16,29.52,29.67,29.27,29.32,3004544.0,28.083499999999997,30.09308975913079,26.073910240869203,28.68283333333334,27.480833333333333,28.08183333333334,28.083499999999997,0.40000000000000213,29.034499999999998,27.132499999999997,0,68.7609370177897,10.018761726078807,42.89984235497324,52.08816547602901,28.622498763682454,0.600805233237076,46.42391502962511,342960998.0,3275640.66,0,0.03735837594641297,84.0,72.0,12.0,28.083499999999997,28.166395639702845,26.687923346767363,0.09616166095854295,0.9465007236885441,0.8503390627300011
1692244800,2023-08-17,29.25,29.68,28.73,28.97,3470723.0,28.197499999999998,30.135353193614883,26.259646806385113,28.838166666666666,27.570166666666665,28.20416666666667,28.197499999999998,0.9499999999999993,29.197999999999997,27.197,0,64.86130767284138,8.542525290370916,40.563740792283916,50.463302455283326,28.701859607793907,0.6257477165772849,45.16140712164711,339490275.0,3295178.18,0,0.02660875354776525,80.0,72.0,8.0,28.197499999999998,28.242929388302574,26.77741654885492,0.03527919012551273,0.8944380503868921,0.8591588602613793
1692331200,2023-08-18,28.86,29.34,28.83,29.11,3267543.0,28.2705,30.230229318044568,26.31077068195543,28.893166666666666,27.68616666666667,28.289666666666665,28.2705,0.5100000000000016,29.22525,27.315749999999998,0,65.68081878640774,5.280289330922246,39.003484451834225,45.1734303536702,28.78647054933716,0.6174800225360503,43.98907834995326,342757818.0,3300319.3,0,0.05142456610485284,76.0,72.0,4.0,28.2705,28.325507541797567,26.868890409684138,-0.003628470941187345,0.8546232715848951,0.8582517425260825
1692590400,2023-08-21,29.2,29.27,29.0,29.25,3003104.0,28.353499999999997,30.331441101247318,26.375558898752676,28.967833333333335,27.76983333333333,28.368833333333335,28.353499999999997,0.2699999999999996,29.301499999999997,27.405499999999996,0,66.5031552487614,6.016672707502719,38.05376893107194,49.86885603578013,28.868619922470106,0.5926600209263323,42.90048734766611,345760922.0,3308131.44,0,0.1192943952139572,72.0,68.0,4.0,28.353499999999997,28.41355444257875,26.962267256363194,-0.026714873064946798,0.8248581511948991,0.8515730242598459
1692676800,2023-08-22,29.15,29.16,28.74,28.92,3676934.0,28.429499999999997,30.371534757671316,26.48746524232868,29.036833333333334,27.84183333333333,28.43933333333333,28.429499999999997,0.5100000000000016,29.381999999999998,27.476999999999997,0,62.77120866151262,5.5474452554744635,35.669605409107405,48.29100966378386,28.928970971494632,0.5867557337173087,41.24419167775018,342083988.0,3351386.7,0,0.08405178816951679,68.0,64.0,4.0,28.429499999999997,28.461787352809345,27.03904108944699,-0.06860800263891642,0.7658130209612004,0.8344210236001168
1692763200,2023-08-23,29.16,29.58,29.12,29.57,5043369.0,28.523000000000003,30.495370147817987,26.55062985218202,29.126666666666672,27.930666666666667,28.52866666666667,28.523000000000003,0.6599999999999966,29.491250000000004,27.554750000000002,0,66.6513475359823,6.750902527075817,35.260278194408286,49.2623278819518,29.087984056121627,0.591987467023215,40.33023180187983,347127357.0,3416828.28,0,0.17954124714593034,64.0,60.0,4.0,28.523000000000003,28.56733141444655,27.138294380056912,-0.057395035497144864,0.7626772292286859,0.8200722647258307
1692849600,2023-08-24,29.67,29.71,29.14,29.26,3957944.0,28.615999999999996,30.542669665511852,26.68933033448814,29.226,28.016000000000002,28.621000000000002,28.615999999999996,0.5700000000000003,29.594749999999998,27.637249999999995,0,63.337344398254416,6.788321167883223,33.46644960415374,42.06343919805485,29.216872580808783,0.590416933664414,39.66044165024437,343169413.0,3427829.22,0,0.11443724763745357,60.0,36.0,24.0,28.615999999999996,28.633299851165923,27.221498522015466,-0.07461814040536052,0.7267995892191301,0.8014177296244906
1692936000,2023-08-25,29.37,29.61,29.28,29.37,2932599.0,28.732999999999997,30.540740025557767,26.925259974442227,29.31666666666667,28.148666666666667,28.732666666666667,28.732999999999997,0.34999999999999787,29.681749999999997,27.784249999999997,0,64.00581711420696,8.657047724750276,32.308280476658254,41.905182164146936,29.29188960520483,0.5732442955455271,39.03849365229716,346102012.0,3377496.62,0,0.1199749479141058,56.00000000000001,36.00000000000001,20.0,28.732999999999997,28.7034617701025,27.305753481936428,-0.08178807211803396,0.6991826394769483,0.7809707115949822
1693195200,2023-08-28,29.38,29.52,29.09,29.22,2761601.0,28.826,30.530035210904884,27.121964789095117,29.395,28.252999999999997,28.824,28.826,0.4299999999999997,29.74625,27.90575,0,62.373388958345444,6.7982456140350855,30.676285572027744,42.85346712055488,29.388784284062723,0.563012560149418,37.937097605858526,343340411.0,3314716.06,0,0.04814204298013313,52.0,36.0,16.0,28.826,28.752655887235594,27.38082197284088,-0.09868719099814904,0.657611722847296,0.756298913845445
1693281600,2023-08-29,29.32,29.69,29.25,29.66,4530619.0,28.9495,30.51364161763048,27.38535838236952,29.4985,28.372500000000002,28.935499999999998,28.9495,0.4700000000000024,29.86,28.039,0,65.1201861879496,9.084222140492823,30.458227659722763,39.798380549598505,29.408071203407804,0.5563688058530312,37.19372296005183,347871030.0,3274689.12,0,0.06575459309863825,48.0,36.0,12.0,28.9495,28.839069612260776,27.47020150331771,-0.0829211464498999,0.6526474807830702,0.7355686272329701
1693368000,2023-08-30,29.63,30.57,29.6,30.55,4426537.0,29.1125,30.629666767367304,27.595333232632697,29.674500000000002,28.503500000000003,29.089,29.1125,0.9699999999999989,30.05675,28.16825,0,69.81236273496368,11.945767680469043,32.45073932927905,38.10897613932284,29.418560297107668,0.5859138911492432,37.652897081648305,352297567.0,3272261.8,0,0.15889360847615244,100.0,92.0,8.0,29.1125,29.002015363474033,27.590977914952312,-0.018600749617571966,0.7123176902110053,0.7309184398285773
1693454400,2023-08-31,30.59,30.89,30.53,30.64,5297394.0,29.282500000000006,30.67949498925509,27.88550501074492,29.83316666666667,28.685166666666667,29.25916666666667,29.282500000000006,0.35999999999999943,30.209500000000006,28.355500000000006,0,70.2385332650047,12.481644640234958,34.197376197338855,48.0007246791524,29.52889449889838,0.569777184638583,38.40143829206617,357594961.0,3299242.46,0,0.19288462057013825,100.0,96.0,4.0,29.282500000000006,29.15801390028603,27.710547408483595,0.021769056902721795,0.7581297609569795,0.7363607040542577
1693540800,2023-09-01,30.82,31.19,30.8,31.0,3880283.0,29.441000000000003,30.861956016210172,28.020043983789833,29.970000000000006,28.876000000000005,29.423000000000002,29.441000000000003,0.5500000000000007,30.3395,28.542500000000004,0,71.90834679690414,11.3905856988861,36.37581539285375,56.06534903119822,29.645184776633478,0.5683645285929699,39.373390084801294,361475244.0,3326986.24,0,0.12027876216705986,100.0,92.0,8.0,29.441000000000003,29.333441147877835,27.839545549327376,0.06219199859640279,0.8141007022997613,0.7519087037033585
1693886400,2023-09-05,31.79,32.22,31.18,31.69,9795618.0,29.6265,31.196904724905,28.056095275095,30.184500000000003,29.026500000000006,29.6055,29.6265,1.2199999999999989,30.58275,28.67025,0,74.76489611811168,13.259471050750538,39.54126144416819,66.80139181428464,29.997563646665746,0.6149099194077577,41.01807017069201,371270862.0,3373847.44,0,0.07618188792995552,100.0,96.0,4.0,29.6265,29.557875324270423,27.990543763079245,0.12144728790291204,0.9037178135819985,0.7822705256790865
1693972800,2023-09-06,31.43,32.32,31.43,31.99,6026756.0,29.820999999999998,31.543218336914343,28.098781663085653,30.401666666666664,29.20266666666667,29.802166666666672,29.820999999999998,0.8900000000000006,30.807999999999996,28.834,0,75.8870769534087,13.84341637010675,42.57346286605078,73.3551675881159,30.21153130801687,0.6345592108786322,42.60472400121057,377297618.0,3385362.68,1,0.13386816766296472,100.0,92.0,8.0,29.820999999999998,29.78950624576848,28.14738518413496,0.16423437584549128,0.9875634954859507,0.8233291196404594
1694059200,2023-09-07,32.2,32.75,31.84,32.54,6964701.0,29.970499999999998,32.053896025724356,27.887103974275636,30.522166666666664,29.386166666666668,29.95416666666667,29.970499999999998,0.9100000000000001,30.883249999999997,29.05775,0,77.79283878828016,10.118443316412854,45.934978952252806,80.06817667100303,30.498952714030775,0.6542335529587299,44.32222551283375,384262319.0,3429845.7,1,0.21012204651607613,100.0,96.0,4.0,29.970499999999998,30.051458031885765,28.319644588678692,0.21003663695364527,1.085874915832516,0.8758382788788708
1694145600,2023-09-08,32.5,33.31,32.5,33.21,7432173.0,30.135,32.65108028488841,27.618919715111595,30.68966666666667,29.525666666666666,30.107666666666667,30.135,0.8100000000000023,31.059,29.211000000000002,0,79.83634743127152,10.99598930481283,49.6436429497248,85.8828716259718,30.832106425476812,0.6653597277473923,46.19184028498386,391694492.0,3541155.04,1,0.2732464385110333,100.0,96.0,4.0,30.135,30.35227155265855,28.51142323225992,0.2625071236528862,1.2039721834449786,0.9414650597920924
1694404800,2023-09-11,33.22,33.43,32.83,32.85,5262937.0,30.308,33.0601235437393,27.555876456260695,30.85366666666667,29.705666666666666,30.279666666666667,30.308,0.6000000000000014,31.22,29.396,0,75.88674439580844,11.772711806736988,50.761204901569556,86.42743387854895,31.062472490430828,0.6606911757654358,47.98255503277035,386431555.0,3612675.14,0,0.16089992286576915,96.0,92.0,4.0,30.308,30.590150452405357,28.681563497661493,0.2500760347847528,1.2540601032730336,1.0039840684882808
1694491200,2023-09-12,32.97,33.34,32.74,32.86,6221315.0,30.473000000000003,33.41509517181281,27.530904828187193,31.04033333333333,29.873333333333335,30.456833333333332,30.473000000000003,0.6000000000000014,31.399250000000002,29.546750000000003,0,75.92157449949082,11.163734776725308,51.6397306788796,82.77153242282981,31.327234541248995,0.6563560917821905,49.39441698500285,392652870.0,3691586.06,0,0.11237292989499256,92.0,88.0,4.0,30.473000000000003,30.806326599795323,28.84542375265516,0.22066011566740107,1.2798092130725323,1.0591490974051312
1694577600,2023-09-13,32.47,32.89,32.12,32.35,6629563.0,30.616500000000002,33.62996494919126,27.60303505080874,31.214166666666664,30.002166666666664,30.608166666666666,30.616500000000002,0.7700000000000031,31.576500000000003,29.6565,0,70.45801248949849,9.735413839891455,49.93092789606259,74.29211821537905,31.551454329065862,0.6644735137977484,49.12277438296849,386023307.0,3799813.86,0,0.011592869896676551,88.0,48.0,40.0,30.616500000000002,30.953343114100534,28.982858115296136,0.14845235086456898,1.2447145359858425,1.0962621851212735
1694664000,2023-09-14,32.62,32.7,32.11,32.21,6554075.0,30.761000000000003,33.789054821168925,27.73294517883108,31.369666666666667,30.138666666666666,30.754166666666663,30.761000000000003,0.5900000000000034,31.735250000000004,29.78675,0,69.02273106563814,9.856753069577083,47.94055884383926,71.44485321736393,31.726796464816186,0.6591539770979095,48.84673019396019,379469232.0,3869494.86,0,-0.014716971911771893,84.0,48.0,36.0,30.761000000000003,31.073024722281435,29.10941269901001,0.07648291922662542,1.1918658341545552,1.1153829149279297
1694750400,2023-09-15,32.31,32.4,31.97,32.09,53404060.0,30.917,33.880694316221636,27.95330568377837,31.495000000000005,30.316000000000003,30.905499999999996,30.917,0.4299999999999997,31.85225,29.98175,0,67.77701597635192,10.769761822575093,45.80073974183465,41.13108034278471,31.955484838982112,0.6427858358766302,48.24427006332126,326065172.0,4870084.14,-1,-0.1813068833311475,80.0,48.0,32.0,30.917,31.169879510635585,29.226298475519425,0.009537659961987854,1.1273049898804146,1.1177673299184268
1695009600,2023-09-18,32.07,32.76,32.07,32.65,6597482.0,31.094,34.02756029425073,28.160439705749265,31.674,30.476999999999997,31.075499999999998,31.094,0.6899999999999977,32.04275,30.14525,0,70.40114215778983,12.160769495018892,45.04258144513105,44.8725814282448,32.037773093568305,0.6461582761711565,48.04479434829128,332662654.0,4961158.06,0,-0.1340881304508354,76.0,48.0,28.000000000000004,31.094,31.310843366765532,29.36056128040102,-0.007374891141320061,1.1085487159917768,1.115923607133097
1695096000,2023-09-19,32.83,33.14,32.49,32.52,4450678.0,31.2575,34.1255088912004,28.389491108799604,31.870166666666666,30.63516666666667,31.252666666666663,31.2575,0.6499999999999986,32.23475,30.28025,0,69.02750244406693,11.179487179487191,43.84789546444612,45.02488757669108,32.14585051947203,0.6464326850160739,48.20128740645446,328211976.0,5017138.26,0,-0.19398852670341646,72.0,48.0,24.0,31.2575,31.42600114135929,29.484460838032355,-0.03605870535372069,1.070850225440946,1.1069089307946667
1695182400,2023-09-20,32.65,32.72,31.65,31.73,4081931.0,31.398000000000003,34.06227926464261,28.733720735357394,32.05733333333333,30.75733333333334,31.407333333333334,31.398000000000003,1.0700000000000003,32.41725,30.378750000000004,0,61.36808345132756,9.716459197786993,39.371227209484154,41.923074283379165,32.20600958927035,0.6766874932292115,46.49309696526849,324130045.0,5060426.12,0,-0.25267976714927515,68.0,48.0,20.0,31.398000000000003,31.454953413610784,29.572521197325205,-0.11265433933310165,0.9660910066282895,1.0787453459613912
1695268800,2023-09-21,32.12,33.03,32.12,32.82,5138060.0,31.5605,34.15450443330474,28.966495566695265,32.241499999999995,30.896500000000003,31.569,31.5605,1.3000000000000007,32.62775,30.49325,0,66.72981094450506,10.990869124112276,37.9568579223786,41.99414783984996,32.28426457253118,0.7212098151414107,45.25431750722508,329268105.0,5123365.36,0,-0.21653888689558037,64.0,48.0,16.0,31.5605,31.584957850409758,29.69987330723402,-0.09503093403056972,0.959956678423179,1.0549876124537487
1695355200,2023-09-22,32.67,32.9,32.49,32.59,3962315.0,31.726999999999997,34.12939130867656,29.324608691323434,32.398,31.069,31.7335,31.726999999999997,0.4099999999999966,32.78225,30.671749999999996,0,64.73422619221611,11.380724538619281,35.949746068732516,42.1177901903225,32.33320016682958,0.6989805426313096,44.104022296184766,325305790.0,5168365.7,0,-0.23246994049721414,60.0,48.0,12.0,31.726999999999997,31.680676150370733,29.813211608911118,-0.10329942977738682,0.9258633252320152,1.029162755009402
1695614400,2023-09-25,32.41,33.2,32.4,33.02,3411656.0,31.9095,34.11438979316536,29.704610206834648,32.594166666666666,31.21816666666667,31.906166666666667,31.9095,0.8000000000000043,32.9985,30.8205,0,66.69435727601231,12.42764725910794,35.21928123333696,39.30851965467451,32.39724119058392,0.706196218157645,43.37621136905883,328717446.0,5210824.66,0,-0.22786617180833896,56.00000000000001,48.00000000000001,8.0,31.9095,31.808230802716377,29.9389680164048,-0.08500792086691722,0.9229028539257556,1.0079107747926728
1695700800,2023-09-26,32.95,33.06,32.29,32.37,4370834.0,32.067,33.89949665756989,30.23450334243011,32.775999999999996,31.366000000000003,32.071000000000005,32.067,0.7700000000000031,33.1815,30.9525,0,61.27513149010013,10.780287474332646,32.151076900170345,35.03024364791668,32.42685246467395,0.7107536311463848,42.45295738777721,324346612.0,5255306.76,0,-0.2712252371258729,52.0,48.0,4.0,32.067,31.861732631029103,30.03430260399677,-0.11975731338851814,0.8582141330570252,0.9779714464455433
1695787200,2023-09-27,32.38,32.93,32.24,32.69,5572380.0,32.2185,33.696718860657946,30.740281139342052,32.942833333333326,31.50783333333333,32.22533333333333,32.2185,0.6899999999999977,33.3495,31.0875,0,62.839858327955525,10.215778826702621,30.4176570766367,34.31880393019536,32.43843607672368,0.7092712289216428,41.4791390935747,329918992.0,5317348.1,0,-0.29098252982495393,48.0,32.0,16.0,32.2185,31.94061523759776,30.138447599918468,-0.12375400973333206,0.8232789342788784,0.9470329440122105
1695873600,2023-09-28,32.78,33.3,32.6,32.8,4491845.0,32.330999999999996,33.61371430958141,31.04828569041858,33.062333333333335,31.654333333333334,32.358333333333334,32.330999999999996,0.6999999999999957,33.44175,31.220249999999997,0,63.3753359559607,7.364975450081822,29.284597084526155,32.67429441211563,32.420542360560226,0.7086089982843823,41.03560746266014,334410837.0,5333338.34,0,-0.36071028394480814,44.0,32.0,12.0,32.330999999999996,32.0224614054456,30.242822203843232,-0.12138564744730596,0.795300884703078,0.916686532150384
1695960000,2023-09-29,33.09,33.2,32.21,32.55,4839877.0,32.4265,33.44952052765571,31.40347947234429,33.192166666666665,31.721166666666665,32.45666666666666,32.4265,0.990000000000002,33.5845,31.268499999999996,1,61.263362206771184,6.233681462140981,27.480751367600526,28.32583827781866,32.40286915275677,0.7287083555497836,39.72257929235601,329570960.0,5399883.0,0,-0.33361547181985746,40.0,32.0,8.0,32.4265,32.07270317635554,30.333299764476834,-0.13784963971774677,0.7443744825032006,0.8822241222209474
1696219200,2023-10-02,32.75,33.1,31.35,31.91,4982443.0,32.471999999999994,33.29944425794429,31.6445557420557,33.31633333333333,31.70933333333333,32.51283333333333,32.471999999999994,1.75,33.71999999999999,31.223999999999993,1,56.21514602700153,2.9354838709677424,23.778796742460333,28.659328622872124,32.36067141098227,0.801657758724799,36.91473026581713,324588517.0,5407851.2,0,-0.32073810898173655,36.0,32.0,4.0,32.471999999999994,32.05720763575025,30.395131146262056,-0.18982901897642857,0.6449378485004118,0.8347668674768404
1696305600,2023-10-03,31.73,32.07,30.78,31.39,6436456.0,32.457,33.34896636708173,31.565033632918272,33.31466666666667,31.682666666666666,32.498666666666665,32.457,1.2899999999999991,33.71025,31.20375,1,52.51419296809926,-0.946670874092776,19.10547195764546,28.756532155262406,32.30393309216716,0.8365393473873134,35.07040520228224,318152061.0,5497786.54,0,-0.3016514159972628,32.0,28.0,4.0,32.457,31.993664051393086,30.434145611114523,-0.2532531314085331,0.5182004532161741,0.7714535846247073
1696392000,2023-10-04,31.58,31.7,30.57,30.8,6521110.0,32.3975,33.53194039067945,31.26305960932055,33.28216666666667,31.626166666666666,32.454166666666666,32.3975,1.129999999999999,33.66875,31.12625,1,48.68603620340361,-3.7199124726476955,13.554429984510733,28.82935094420752,32.23131990700546,0.8575008225739339,33.633995952457035,311630951.0,5573233.3,0,-0.2977962872318227,28.000000000000004,24.000000000000004,4.0,32.3975,31.879981760784222,30.44849284205121,-0.32441580544826976,0.36593382781437,0.6903496332626398
1696478400,2023-10-05,30.8,31.45,30.75,31.23,4402296.0,32.33200000000001,33.57229996372045,31.09170003627957,33.21,31.575,32.3925,32.33200000000001,0.6999999999999993,33.587500000000006,31.076500000000006,1,51.403779012397976,-4.025814382298706,10.265229326132008,55.38362523273616,32.2222981768785,0.8462507638186529,32.30018736333363,316033247.0,5604505.4,0,-0.14417463295856214,24.0,20.0,4.0,32.33200000000001,31.81807873594763,30.479140181578614,-0.3308649686816961,0.2767684224105196,0.6076333910922157
1696564800,2023-10-06,31.13,31.32,30.62,30.94,4792189.0,32.2185,33.5300528963808,30.906947103619196,33.10216666666666,31.47816666666667,32.290166666666664,32.2185,0.6999999999999993,33.46575,30.971249999999998,0,49.54107373928349,-6.8352905751279724,6.83697290847614,47.172998115802656,32.10611065840801,0.8358042806887491,31.245566945472827,311241058.0,5659372.22,0,-0.22074486107516456,20.0,-72.0,92.0,32.2185,31.734452189666904,30.497213115634356,-0.34160949101533156,0.18062152732305137,0.5222310183383829
1696824000,2023-10-09,30.97,31.5,30.97,31.25,3306842.0,32.1385,33.48103901247034,30.79596098752966,33.00883333333333,31.39183333333333,32.20033333333333,32.1385,0.5599999999999987,33.38275,30.89425,0,51.5179092196685,-4.870624048706245,4.919402995310421,46.12048942707354,32.02193844306647,0.8161039749252669,29.903612113775402,314547900.0,5688008.44,0,-0.1608064509414941,16.0,-72.0,88.0,32.1385,31.6883138858891,30.526734169923206,-0.3154138201817162,0.1279637431112377,0.4433775632929539
1696910400,2023-10-10,31.32,31.59,31.24,31.49,5909574.0,32.07,33.39802108417179,30.741978915828213,32.919333333333334,31.327333333333332,32.12333333333333,32.07,0.3500000000000014,33.2955,30.8445,0,53.01790769916288,-4.169202678028001,4.016244398923894,53.48420163067203,31.97078449460153,0.7828108338591765,28.474913404679068,320457474.0,5750332.88,0,-0.06837445235957303,12.0,-72.0,84.0,32.07,31.66942684913776,30.56450930051445,-0.2711863168421093,0.10439466724031732,0.3755809840824266
1696996800,2023-10-11,31.49,32.19,31.35,32.15,6961743.0,32.059999999999995,33.382437144065754,30.737562855934232,32.894999999999996,31.296000000000003,32.0955,32.059999999999995,0.8399999999999963,33.290749999999996,30.829249999999995,0,56.87979326943572,-0.6182380216383395,5.0104961684969656,54.61474838474239,31.913037168458406,0.7868957742978065,26.8351237330412,327419217.0,5842010.86,0,-0.016106242627862633,8.0,-72.0,80.0,32.059999999999995,31.715195720648452,30.62668540637663,-0.19055378175509163,0.1373887568885621,0.32794253864365375
1697083200,2023-10-12,32.17,32.4,30.82,31.2,3725945.0,32.0095,33.38138155465579,30.637618445344213,32.90116666666667,31.203166666666668,32.052166666666665,32.0095,1.5799999999999983,33.3145,30.704500000000003,0,50.580314232373084,-3.135672151505748,3.1366984300465237,49.08555208159757,31.84709235944713,0.8435460761336774,25.41169635027069,323693272.0,5877827.32,0,-0.014787449650390489,4.0,-72.0,76.0,32.0095,31.666129461539075,30.649168331616764,-0.19364229691241475,0.08588966750313531,0.27953196441555006
1697169600,2023-10-13,31.33,31.49,30.81,31.04,2954571.0,31.957,33.39147690814623,30.52252309185377,32.861666666666665,31.138666666666666,32.000166666666665,31.957,0.6799999999999997,33.28075,30.63325,0,49.60631994898601,-3.2720473667809418,1.2560236493581005,44.43965744467059,31.765249145812966,0.8318642135527003,24.105814278707708,320738701.0,5852016.64,0,-0.05577399806355285,44.0,-28.0,72.0,31.957,31.606498084249637,30.664495063710227,-0.19818633496811877,0.031799045705401596,0.22998538067352037
1697428800,2023-10-16,31.37,31.85,31.24,31.68,3368734.0,31.908499999999997,33.31121558058101,30.505784419418976,32.8125,31.097500000000004,31.955000000000002,31.908499999999997,0.8100000000000023,33.241249999999994,30.575749999999996,0,53.385779462140235,-2.9709035222052034,1.4393192439284894,50.09472609364266,31.70486228711738,0.8303024840132219,22.522875536655953,324107435.0,5824830.32,0,0.015971764902858294,40.0,-28.0,68.0,31.908499999999997,31.613498266702052,30.704318786701982,-0.15189862279432448,0.040112102180614784,0.19201072497493926
1697515200,2023-10-17,31.37,32.17,31.37,31.95,3255616.0,31.880000000000003,33.25474361246188,30.505256387538125,32.775666666666666,31.045666666666666,31.910666666666668,31.880000000000003,0.8000000000000007,33.224000000000004,30.536,0,54.88824169065896,-1.7527675276752883,2.2709402023183873,48.225394247493924,31.633715224966217,0.8281380208694203,21.578304574546927,327363051.0,5825079.08,0,0.013031447072862313,36.0,-28.0,64.0,31.880000000000003,31.645546050825665,30.75316903036073,-0.0994433606355449,0.06770652418050815,0.16714988481605306
1697601600,2023-10-18,31.87,32.04,31.65,31.81,3175563.0,31.884000000000004,33.257439478100416,30.510560521899592,32.73166666666667,31.069666666666667,31.900666666666666,31.884000000000004,0.39000000000000057,33.17700000000001,30.591000000000005,0,53.93931807692518,0.2521273242987655,2.555990227579698,47.04006581816347,31.555518974408496,0.7968424479501761,20.70120296687426,324187488.0,5803679.7,0,0.03426297759328272,32.0,-28.0,60.0,31.884000000000004,31.66120833169941,30.79461338211129,-0.07181077978308217,0.07738641008720037,0.14919718987028255
1697688000,2023-10-19,31.68,32.22,31.49,31.5,3717419.0,31.818,33.13070103222505,30.50529896777495,32.67666666666666,31.032666666666664,31.854666666666663,31.818,0.7300000000000004,33.06825,30.567750000000004,0,51.84997138724925,-4.021937842778795,1.9529538058800384,47.98252081284669,31.482462007135897,0.7920679873823063,20.188952332364885,320470069.0,5728804.62,0,0.0018022651450831898,28.000000000000004,-28.000000000000004,56.00000000000001,31.818,31.645855157251848,30.82227560242065,-0.0718704517831813,0.059359125141305924,0.13122957692448722
1697774400,2023-10-20,31.58,31.78,31.14,31.33,3267465.0,31.754999999999995,33.0339605154205,30.476039484579488,32.626,30.958999999999996,31.7925,31.754999999999995,0.6400000000000006,33.022499999999994,30.487499999999997,0,50.71597043311423,-3.86621663086838,1.009821453166367,49.400271784777374,31.42757970309057,0.7812059882835702,18.991688131326125,317202604.0,5675703.64,0,0.009397680573867036,24.0,-28.0,52.0,31.754999999999995,31.61577371370405,30.842186363110038,-0.08018568304634154,0.030997473116560315,0.11118315616290185
1698033600,2023-10-23,31.08,31.53,30.84,31.29,2998270.0,31.668499999999995,32.82132739384725,30.51567260615274,32.53783333333333,30.881833333333333,31.70983333333333,31.668499999999995,0.6900000000000013,32.927749999999996,30.409249999999993,1,50.44272625700076,-5.2392489400363536,0.13201552916178122,52.32588324594841,31.418486007394975,0.7746912748347439,17.951096714659297,314204334.0,5639096.04,0,0.03157300678120982,20.0,-28.0,48.0,31.668499999999995,31.584747645732236,30.85974768220376,-0.08476038506789231,0.0052326748280364654,0.08999305989592878
1698120000,2023-10-24,31.63,32.21,31.63,32.08,2668446.0,31.653999999999996,32.77810675649808,30.52989324350191,32.498333333333335,30.861333333333334,31.679833333333328,31.653999999999996,0.9200000000000017,32.924499999999995,30.383499999999998,1,55.434433435639036,-0.8958912573370379,1.555432472031125,60.8626052064785,31.492927591181033,0.7850704694894051,17.518895188963548,316872780.0,5603290.76,0,0.13175496925478958,16.0,-28.0,44.0,31.653999999999996,31.631914536614882,30.907600714274203,-0.033588935356096444,0.048006890700808214,0.08159582605690466
1698206400,2023-10-25,32.27,32.41,31.91,32.16,2652463.0,31.627499999999998,32.67504713497992,30.579952865020076,32.465833333333336,30.847833333333334,31.65683333333333,31.627499999999998,0.49999999999999645,32.88375,30.371249999999996,1,55.90784871811026,-1.6212909146528027,2.9175454093833766,59.64481168454771,31.555640363803583,0.7647082930973045,17.4144475942383,319525243.0,5591171.9,0,0.10513012646937447,12.0,-28.0,40.0,31.627499999999998,31.68220839027061,30.956714411753648,0.004606644996511075,0.08735413230254352,0.08274748730603244
1698292800,2023-10-26,32.53,32.81,32.05,32.28,2924048.0,31.601500000000005,32.55273656363948,30.650263436360532,32.44283333333333,30.818833333333334,31.630833333333328,31.601500000000005,0.7600000000000051,32.86225,30.340750000000003,1,56.63520598622918,-1.5853658536585244,4.354062698286374,67.50943886940362,31.659103320692893,0.7643719864474974,17.87053247180096,322449291.0,5589561.98,0,0.09437933053056304,8.0,-28.0,36.0,31.601500000000005,31.739140924530552,31.0086079642339,0.03520913345878743,0.12675890412951674,0.09154977067072931
1698379200,2023-10-27,32.06,32.15,31.32,31.41,3259050.0,31.5445,32.39259138658792,30.696408613412082,32.383500000000005,30.7755,31.579499999999996,31.5445,0.9600000000000009,32.803,30.285999999999998,1,50.302485236671345,-3.5023041474654284,2.976453619144936,61.1058566423117,31.68428473904838,0.7783454159869619,16.936957918234164,319190241.0,5585328.52,0,0.04058318516548855,4.0,-28.0,32.0,31.5445,31.707794169813358,31.02434882838159,-0.0038115499032881778,0.08678533329161908,0.09059688319490726
1698638400,2023-10-30,31.56,32.07,31.56,31.96,2499522.0,31.547000000000004,32.39966875162904,30.694331248370972,32.30866666666667,30.824666666666666,31.566666666666663,31.547000000000004,0.6600000000000001,32.72375,30.370250000000006,1,53.74431069041038,0.1566906925728634,3.37456878647704,58.361835626879646,31.724158243120137,0.7698921719878932,16.07006726135071,321689763.0,5569968.1,0,0.020068522179018135,12.0,-16.000000000000004,28.000000000000004,31.547000000000004,31.731813772688277,31.061041031190157,0.006204610074889996,0.09835264578851977,0.09214803571362977
1698724800,2023-10-31,32.14,32.2,31.73,32.1,2819596.0,31.5825,32.46467628624024,30.700323713759754,32.2975,30.8955,31.5965,31.5825,0.4700000000000024,32.69775,30.46725,1,54.58701642059248,2.2618668365721595,4.068048272583748,54.36431258396139,31.715033016139728,0.7484713025601867,15.474007510594825,324509359.0,5566297.94,0,-0.08610321934752643,8.0,-16.0,24.0,31.5825,31.766879127670347,31.101784520163093,0.020251666073574953,0.11746261830559845,0.0972109522320235
1698811200,2023-11-01,32.26,33.46,32.05,33.29,3786534.0,31.707,32.791842845763696,30.622157154236305,32.407,30.976999999999997,31.692,31.707,1.4100000000000037,32.843250000000005,30.57075,1,60.95209599143551,8.084415584415579,7.741699519966216,63.10612703832073,31.842231150268333,0.7957233523773165,16.520905945829416,328295893.0,5568489.94,0,0.024916488823113855,100.0,80.0,20.0,31.707,31.91193825836841,31.187596891921405,0.1030512290844413,0.22602498858757514,0.12297375950313384
1698897600,2023-11-02,33.36,34.38,33.28,34.0,3556509.0,31.845499999999998,33.29678184719741,30.394218152802587,32.564166666666665,31.094166666666666,31.82916666666667,31.845499999999998,1.1000000000000014,33.01175,30.679249999999996,0,64.11124410122505,8.86967659301953,12.287036774953547,70.37971495831728,32.056674784289946,0.8174573986360797,18.293125779336982,331852402.0,5538752.74,0,0.07133770721742341,100.0,84.0,16.0,31.845499999999998,32.110801281380944,31.29788720988527,0.19373568839163963,0.3651433699926834,0.17140768160104375
1698984000,2023-11-03,34.2,34.64,34.09,34.33,3980944.0,32.015,33.764817133304156,30.26518286669584,32.72633333333333,31.27133333333333,31.998833333333334,32.015,0.6400000000000006,33.17675,30.85325,0,65.47772526822526,10.956690368455064,16.51192256394089,71.00414990633823,32.297128662830985,0.804781870162074,20.133715565921225,335833346.0,5539212.74,0,0.02552639563759958,100.0,88.0,12.0,32.015,32.322153540297045,31.41679359381134,0.2599161436624532,0.49630286117911027,0.23638671751665707
1699246800,2023-11-06,34.49,34.85,34.21,34.66,5641442.0,32.185500000000005,34.24164663874074,30.129353361259266,32.8985,31.432500000000005,32.165499999999994,32.185500000000005,0.6400000000000006,33.35325,31.017750000000003,0,66.80804041151008,10.91199999999999,20.490654328011797,72.73594000776852,32.60304353011985,0.7930117365790688,21.998234950991282,341474788.0,5593389.6,1,0.041840593625837585,100.0,92.0,8.0,32.185500000000005,32.544805584078276,31.543978158759916,0.3066762736343507,0.6197320595595954,0.31305578592524475
1699333200,2023-11-07,34.68,35.81,33.2,34.09,6032452.0,32.3155,34.50383703985581,30.12716296014419,33.15783333333333,31.465833333333336,32.31183333333333,32.3155,2.6099999999999994,33.65275,30.97825,0,62.43371000315427,8.256589393458256,21.796568140857758,61.83979435008997,32.865737151274104,0.9227966125377066,21.97819399298617,335442336.0,5658806.62,0,0.012366608978468804,96.0,92.0,4.0,32.3155,32.691966957023205,31.64382215253404,0.28067800196479203,0.6639032883812348,0.38322528641644277
1699419600,2023-11-08,34.43,34.87,33.94,34.01,4593390.0,32.4085,34.71566514363513,30.101334856364865,33.281166666666664,31.580166666666663,32.43066666666666,32.4085,0.9299999999999997,33.7525,31.064499999999995,0,61.83555650076162,5.785381026438568,22.5658377704355,60.38437582189807,33.076132548605024,0.9233111402135847,21.95958453198142,330848946.0,5660062.04,0,0.0065029141469030985,92.0,84.0,8.0,32.4085,32.81749391349719,31.73661344066996,0.24106997940072372,0.6845627606673474,0.4434927812666237
1699506000,2023-11-09,34.0,34.38,33.87,33.91,2870938.0,32.544,34.86959153765336,30.21840846234663,33.35666666666667,31.762666666666668,32.55966666666667,32.544,0.5100000000000051,33.80775,31.280249999999995,0,61.06575693871616,8.685897435897427,22.860097938986588,60.56096260368984,33.239759037160496,0.8937889159126148,21.826690715954204,327978008.0,5628950.06,0,-0.015186234209006031,88.0,84.0,4.0,32.544,32.92154211221174,31.82184428613388,0.19318214610977702,0.684970463903845,0.49178831779406795
1699592400,2023-11-10,34.2,34.45,33.77,33.83,2719368.0,32.683499999999995,34.96579949831414,30.401200501685853,33.50183333333334,31.907833333333336,32.70483333333333,32.683499999999995,0.6799999999999997,33.94725,31.419749999999993,0,60.43221657206844,8.988402061855668,22.838483393400306,60.60092370946356,33.40311328882631,0.8785182790617138,21.53130598566141,325258640.0,5577389.54,0,-0.07830493766667067,84.0,64.0,20.0,32.683499999999995,33.00806191104871,31.900595490599223,0.1434510993024618,0.6711021919221452,0.5276510926196833
1699851600,2023-11-13,33.83,33.98,33.59,33.75,2692229.0,32.787,35.06562326855604,30.508376731443956,33.6,32.028000000000006,32.814,32.787,0.38999999999999346,34.01925,31.55475,0,59.77938018988387,6.53409090909091,22.555082353345597,55.30731132364064,33.49929864689419,0.8436241162715908,20.94254224698626,322566411.0,5553628.46,0,-0.11735477762038045,80.0,64.0,16.0,32.787,33.07872268142503,31.973121157634548,0.09484479154987868,0.6462070820570318,0.5513622905071531
1699938000,2023-11-14,34.24,34.63,34.2,34.55,4171592.0,32.917,35.28470859693609,30.54929140306391,33.713,32.178000000000004,32.945499999999996,32.917,0.8800000000000026,34.15525,31.67875,0,63.88602815505588,8.137715179968694,24.010380610916148,56.81349653839807,33.64596099650056,0.846222393680763,21.182444818103992,326738003.0,5441147.94,0,-0.06308167844450362,76.0,64.0,12.0,32.917,33.21884433081312,32.074175229884176,0.10543484511195267,0.683155846897094,0.5777210017851413
1700024400,2023-11-15,34.41,34.63,33.99,34.04,4098761.0,33.028499999999994,35.38719688599554,30.669803114004445,33.844833333333334,32.28483333333334,33.06483333333334,33.028499999999994,0.6400000000000006,34.28549999999999,31.771499999999993,0,59.78946223668098,7.010374096196166,23.447115594258147,50.03938512031623,33.76079999819937,0.8314922227035657,21.029485247421196,322639242.0,5402588.04,0,-0.10537869716932712,72.0,64.0,8.0,33.028499999999994,33.297049632640444,32.1512663973397,0.0687314360745872,0.6636352968783754,0.5949038608037882
1700110800,2023-11-16,34.34,34.64,33.66,34.08,4827786.0,33.1575,35.44895259606328,30.86604740393672,33.97683333333334,32.39183333333334,33.184333333333335,33.1575,0.980000000000004,34.43325,31.881749999999997,0,60.001214021203246,8.190476190476186,23.07960788633276,48.363372556688915,33.92144472924883,0.8420999210818828,20.319209191601065,327467028.0,5359849.74,0,-0.06802640377462854,68.0,64.0,4.0,33.1575,33.37161633429373,32.22690300920873,0.03925251651172168,0.6439695064434403,0.6047169899317186
1700197200,2023-11-17,33.99,34.31,33.98,34.2,2903050.0,33.301,35.473048802399525,31.12895119760048,34.09866666666667,32.544666666666664,33.321666666666665,33.301,0.3300000000000054,34.55350000000001,32.0485,0,60.65550187337236,9.160548994573906,23.039447623694752,48.90534957900638,34.02833846988634,0.8055213552903202,19.659667139768086,330370078.0,5269267.28,0,-0.0758180870789918,64.0,40.0,24.0,33.301,33.45051001674195,32.30427936178879,0.02086304934526728,0.6307958016133028,0.6099327522680356
1700456400,2023-11-20,34.2,34.41,34.0,34.03,3877707.0,33.438,35.42298967251854,31.453010327481465,34.231,32.705,33.468,33.438,0.4099999999999966,34.669500000000006,32.2065,0,59.21116102520085,8.756791307126884,22.40715127838025,43.08018764135714,34.13864238221135,0.7772698299124399,19.192976359456825,326492371.0,5241562.68,0,-0.1628054701457922,60.0,40.0,20.0,33.438,33.505699538957,32.37195468093432,-0.00816643125823946,0.5997247131952363,0.6078911444534758
1700542800,2023-11-21,34.04,34.27,33.82,33.84,5000219.0,33.525999999999996,35.41615766538278,31.635842334617216,34.324666666666666,32.81166666666666,33.56816666666667,33.525999999999996,0.45000000000000284,34.722249999999995,32.32975,0,57.59760159018464,5.486284289276824,21.20423596555791,35.681193157558056,34.20454141217229,0.753893413490123,18.415486073797798,321492152.0,5217140.76,0,-0.28975102482323223,56.00000000000001,40.00000000000001,16.0,33.525999999999996,33.53753767810395,32.429525085603565,-0.0436008331382145,0.5533901030307078,0.5969909361689223
1700629200,2023-11-22,33.9,34.16,33.6,34.15,2980371.0,33.6255,35.42488294979288,31.826117050207127,34.418166666666664,32.899166666666666,33.65866666666667,33.6255,0.5599999999999952,34.82625,32.42475,0,59.49339797566366,6.187810945273639,20.941675520297256,29.790737826821072,34.21219351475701,0.7400438839551138,17.282878359074587,324472523.0,5144156.92,0,-0.2612406346202761,52.0,40.0,12.0,33.6255,33.595867423046435,32.4969946900897,-0.0491839786641155,0.535510962838778,0.5846949415028935
1700802000,2023-11-24,33.97,34.37,33.96,34.2,1190463.0,33.7215,35.42586234410566,32.01713765589434,34.4905,33.0065,33.7485,33.7215,0.4099999999999966,34.896,32.547,0,59.79855797501679,5.947955390334577,20.84545841980055,26.111198840259306,34.20092176611659,0.7164693208154626,16.59130406333423,325662986.0,5036884.68,0,-0.26159645046723906,48.0,40.0,8.0,33.7215,33.653403858946774,32.56377921204697,-0.05224474966437165,0.519389004422429,0.5716337540868006
1701061200,2023-11-27,34.23,35.01,34.04,34.97,3560777.0,33.8995,35.321209886019446,32.47779011398056,34.64983333333333,33.151833333333336,33.90083333333333,33.8995,0.9699999999999989,35.07475,32.724250000000005,0,64.1737782010905,11.333970073225084,22.64888919815856,23.10882969502012,34.192793014078674,0.7345786550429294,16.90723597102294,329223763.0,4040019.02,0,-0.25323112083423355,100.0,96.0,4.0,33.8995,33.77879396761851,32.65814081157454,-0.007496300203709616,0.5622633788321636,0.5697596790358732
1701147600,2023-11-28,34.87,34.97,34.49,34.55,2591075.0,34.028999999999996,35.16322925372494,32.89477074627505,34.788666666666664,33.29366666666667,34.04116666666667,34.028999999999996,0.4799999999999969,35.190749999999994,32.86725,1,60.39955986345077,8.103879849812254,22.495652441757052,24.76012143029513,34.19669491717085,0.7163944653970057,17.20060131387674,326632688.0,3959890.88,0,-0.27187601354894686,96.0,80.0,16.0,34.028999999999996,33.85224216117865,32.732331367983384,-0.011053679599209776,0.5559425795368611,0.5669962591360709
1701234000,2023-11-29,34.84,35.16,34.22,34.26,4312890.0,34.137,34.84853636590513,33.42546363409487,34.939,33.397000000000006,34.168,34.137,0.9399999999999977,35.334,32.94,1,57.923564684761,6.728971962616812,21.265574535099322,24.887804706492147,34.220908864738995,0.7323662892972195,16.89977291125289,322319798.0,3957135.12,0,-0.2743904862137729,92.0,80.0,12.0,34.137,33.8910762410664,32.792239941787955,-0.03638024310810306,0.5215209552509421,0.5579011983590452
1701320400,2023-11-30,34.3,34.86,34.23,34.74,6258191.0,34.2095,34.85331596749809,33.565684032501906,34.98383333333334,33.51983333333334,34.25183333333333,34.2095,0.6300000000000026,35.348,33.071,1,60.728441494079696,4.355662361069399,21.46551804612514,35.547368562375325,34.27788132316439,0.7250544114902755,16.6204322516736,328577989.0,4000660.32,0,-0.13325115723851655,88.0,80.0,8.0,34.2095,33.9719261228696,32.86862268916882,-0.024801130098175306,0.526899785736326,0.5517009158345013
1701406800,2023-12-01,34.74,35.59,34.74,35.59,4204245.0,34.289,35.16169467742478,33.41630532257523,35.04233333333333,33.60333333333333,34.322833333333335,34.289,0.8500000000000014,35.40875,33.169250000000005,1,65.068949679396,4.676470588235304,23.6721303193788,42.64815840185098,34.37348918315993,0.7339790963838274,17.430969075412182,332782234.0,3981984.02,0,-0.007151530958319374,100.0,96.0,4.0,34.289,34.12602839688202,32.975343368024944,0.03297181213920386,0.5929156810085061,0.5599438688693023
1701666000,2023-12-04,35.36,36.46,35.31,36.42,5748408.0,34.3935,35.668572939092336,33.11842706090767,35.157833333333336,33.658833333333334,34.40833333333333,34.3935,1.1499999999999986,35.551500000000004,33.2355,0,68.63246326944001,6.08796970579669,27.24362399932104,50.83123050556663,34.57680119470066,0.763694875213554,19.114694854678728,338530642.0,4017705.88,0,0.09789179785498606,100.0,96.0,4.0,34.3935,34.344501882893255,33.110427941827886,0.11531809581008623,0.7040914886319101,0.5887733928218238
1701752400,2023-12-05,36.43,36.7,36.03,36.66,4136026.0,34.4935,36.10564484461092,32.88135515538907,35.25383333333333,33.75183333333333,34.502833333333335,34.4935,0.6700000000000017,35.653749999999995,33.33325,0,69.57712552783964,5.770340450086556,30.465961497340594,51.01073732951311,34.72566090953771,0.7570023841268716,20.893148720577535,342666668.0,4032193.28,0,0.11632028805590607,100.0,96.0,4.0,34.4935,34.5650255130939,33.24962684606993,0.17083449064672096,0.8023165061302251,0.6314820154835041
1701838800,2023-12-06,36.7,37.01,35.53,35.59,4382031.0,34.5685,36.237155446761136,32.899844553238864,35.281166666666664,33.89216666666667,34.586666666666666,34.5685,1.4799999999999969,35.644,33.493,0,60.96125821413916,4.400117336462305,28.91560988058198,50.54851941088238,34.865846912069294,0.8086450709749519,21.488051901801338,338284637.0,4032417.22,0,0.1055767317747208,96.0,92.0,4.0,34.5685,34.66264213089448,33.34140618543974,0.12263366382795349,0.7847740952684461,0.6621404314404926
1701925200,2023-12-07,35.56,36.5,35.49,36.47,3413465.0,34.691500000000005,36.53124210149294,32.85175789850707,35.37916666666667,33.982166666666664,34.68066666666667,34.691500000000005,1.009999999999998,35.773,33.61000000000001,0,64.74112315814972,7.233166715671864,29.488134021259523,58.1031481920697,35.01180643929437,0.8230275659053123,21.95950403534186,341698102.0,3989238.92,0,0.17980269065711943,92.0,60.0,32.0,34.691500000000005,34.834771451761675,33.4640961389519,0.13611659632033946,0.8322861768409169,0.6961695805205774
1702011600,2023-12-08,36.4,36.49,35.76,36.26,3606031.0,34.809,36.73236060061698,32.88563939938302,35.495999999999995,34.077,34.786500000000004,34.809,0.730000000000004,35.907,33.711,0,63.20389845618689,6.9301091123562415,29.186184591825747,58.77757515447431,35.13195507432707,0.8163827397692189,22.397281016486623,338092071.0,3971522.64,0,0.18413942697768004,88.0,60.0,28.000000000000004,34.809,34.970507503974844,33.57373942762045,0.11768342571738599,0.84327386266731,0.725590436949924
1702270800,2023-12-11,36.3,36.36,35.78,36.18,3211560.0,34.9265,36.88311212303454,32.96988787696545,35.5955,34.18650000000001,34.891,34.9265,0.5799999999999983,36.016999999999996,33.836,0,62.60778006998248,6.946497191841565,28.682014741194024,59.27991690096069,35.259272754957195,0.7994982583571317,22.803788213263907,334880511.0,3938956.3,0,0.2693306620178015,84.0,60.0,24.0,34.9265,35.08569726550105,33.675945724576515,0.08824022923850361,0.8358907234980535,0.7476504942595499
1702357200,2023-12-12,36.16,36.89,36.11,36.62,4330774.0,35.07,37.08065163566586,33.05934836433414,35.75333333333333,34.30533333333334,35.029333333333334,35.07,0.7800000000000011,36.189750000000004,33.95025,0,64.54384269068183,8.503703703703696,29.113788681684895,67.91127833987645,35.481054149817204,0.7981055256173367,23.832332387804435,339211285.0,3925922.92,0,0.3818657740564796,80.0,60.0,20.0,35.07,35.231821335453326,33.79139883341665,0.08642369070581912,0.8556801076418239,0.7692564169360048
1702443600,2023-12-13,36.68,37.46,36.6,37.4,4128167.0,35.2125,37.447045815150325,32.97795418484967,35.9095,34.4185,35.164,35.2125,0.8599999999999994,36.330749999999995,34.09425,0,67.66771235349412,8.248914616497833,30.87394650163126,73.91341684213496,35.68817417695088,0.8025265595018126,25.361605871181755,343339452.0,3879757.14,0,0.38622191420285673,100.0,84.0,16.0,35.2125,35.438314541600626,33.932912604655215,0.1235192607332446,0.9236554928525607,0.8001362321193161
1702530000,2023-12-14,37.6,37.61,36.68,36.78,3702751.0,35.3495,37.61546094406013,33.083539055939866,36.064166666666665,34.54416666666667,35.30416666666666,35.3495,0.9299999999999997,36.4895,34.2095,0,63.02185467576459,8.04935370152762,30.162661541905777,68.48442591925436,35.80527051776289,0.8116318052516831,26.91857451909624,339636701.0,3823389.96,0,0.3153716516253274,96.0,84.0,12.0,35.3495,35.56609410906724,34.04456309074717,0.09343332074965771,0.9169278830563883,0.8234945623067306
1702616400,2023-12-15,36.79,37.19,36.68,36.97,14998797.0,35.494,37.78614659217205,33.20185340782795,36.181666666666665,34.708666666666666,35.445166666666665,35.494,0.509999999999998,36.598749999999995,34.389250000000004,0,63.82307934123056,8.48004694835681,29.947824188900707,51.69783042981481,36.11168595426334,0.7900866763051342,28.36433112073112,354635498.0,4035319.98,1,0.24560396440722276,92.0,84.0,8.0,35.494,35.699799432013215,34.1592861067963,0.07429582075659802,0.9163643382524782,0.8420685174958802
1702875600,2023-12-18,36.97,37.34,36.75,37.05,4450615.0,35.6365,37.943457086728316,33.32954291327168,36.33883333333333,34.83983333333334,35.58933333333333,35.6365,0.5900000000000034,36.760749999999994,34.51225,0,64.16719369493055,8.333333333333316,29.920081723891023,56.60827480968903,36.2230899534179,0.7757947708547677,29.854085733096458,359086113.0,4028488.5,0,0.2676404054426349,88.0,84.0,4.0,35.6365,35.82838996229767,34.27264743594154,0.05583453199197508,0.9118616824858492,0.8560271504938741
1702962000,2023-12-19,37.21,37.47,36.88,37.22,3445335.0,35.79600000000001,38.07758190736298,33.51441809263703,36.5,34.983000000000004,35.7415,35.79600000000001,0.5899999999999963,36.93375,34.65825000000001,0,64.91371786149244,9.374081692624149,30.20132562075293,62.10318176422469,36.37393402506274,0.7625237157937125,31.36487386533002,362531448.0,4031258.36,0,0.33481878292053097,84.0,60.0,24.0,35.79600000000001,35.960924251602655,34.38822988943404,0.04438118213884512,0.9115036281674307,0.8671224460285856
1703048400,2023-12-20,37.03,37.6,36.98,37.11,3122897.0,35.959500000000006,38.12255778933578,33.79644221066423,36.671166666666664,35.137166666666666,35.90416666666666,35.959500000000006,0.6200000000000045,37.11000000000001,34.809000000000005,0,64.0054784237588,9.663120567375874,30.058874970136902,60.549002573738406,36.57896117765324,0.7523434503798762,32.895345815991575,359408551.0,3975524.82,0,0.26547695375666186,80.0,60.0,20.0,35.959500000000006,36.070360037164306,34.49496597220133,0.019950576593728342,0.892060666770746,0.8721100901770177
1703134800,2023-12-21,37.26,37.48,37.07,37.28,2076758.0,36.116,38.18354346991937,34.04845653008063,36.82899999999999,35.309999999999995,36.0695,36.116,0.4099999999999966,37.25525,34.97675,0,64.80652659773496,9.165446559297227,30.25574302563621,59.369446587051264,36.68394378429683,0.7278903467813134,34.31649834160588,361485309.0,3877825.12,0,0.21005466423758665,76.0,60.0,16.0,36.116,36.18556384314866,34.60418299289932,0.006490245773738357,0.8802228973941908,0.8737326516204524
1703221200,2023-12-22,37.39,37.65,37.28,37.51,1610078.0,36.2815,38.235882511180016,34.32711748881999,36.99216666666667,35.47716666666666,36.23466666666667,36.2815,0.36999999999999744,37.41775,35.145250000000004,0,65.887683562402,9.6783625730994,30.84956797199871,56.689965605162044,36.763943980301335,0.7023267505826479,35.8128298455524,363095387.0,3835507.78,0,0.1426194845699965,100.0,88.0,12.0,36.2815,36.31170061999164,34.71813660102091,0.004425750651743776,0.8792648399351322,0.8748390892833884
1703566800,2023-12-26,37.45,37.9,37.37,37.69,1454182.0,36.4175,38.366447151670954,34.46855284832904,37.11916666666666,35.64816666666666,36.38366666666667,36.4175,0.5300000000000011,37.52075,35.314249999999994,0,66.72966942354466,7.778095510437515,31.682876467215554,54.738971533495786,36.80772987314873,0.6900176969696018,37.44712541921393,364549569.0,3805500.0,0,0.09156300439672399,100.0,92.0,8.0,36.4175,36.44296722761148,34.83468026372597,0.006411198445086752,0.8828530873397469,0.8764418888946601
1703653200,2023-12-27,37.64,38.08,37.59,37.87,1984295.0,36.5835,38.43082536387243,34.73617463612757,37.278499999999994,35.8065,36.5425,36.5835,0.4899999999999949,37.6875,35.4795,0,67.5722033973428,9.609261939218525,32.721127170446984,60.61570913661252,36.90516568347036,0.6757307186146299,39.13015600575222,366533864.0,3777811.22,0,0.17312757290963016,100.0,96.0,4.0,36.5835,36.5788751106961,34.953712410246524,0.01081637912508937,0.8899623628010218,0.8791459836759324
1703739600,2023-12-28,37.71,38.32,37.71,38.3,2040354.0,36.7855,38.44650541841575,35.12449458158425,37.44016666666666,36.00116666666666,36.720666666666666,36.7855,0.6099999999999994,37.86475,35.70625,0,69.51357700962312,11.792177466433158,34.41064116255374,59.71850923348128,36.99793527885068,0.6710356672850134,40.90052927405886,368574218.0,3753505.98,0,0.15343868520342782,100.0,96.0,4.0,36.7855,36.74279176682028,35.08493937455058,0.03243703788843999,0.9196922810364825,0.8872552431480425
1703826000,2023-12-29,38.24,38.38,37.83,38.0,2312390.0,36.9485,38.40137680138631,35.49562319861369,37.60916666666667,36.17816666666666,36.89366666666667,36.9485,0.5500000000000043,38.021750000000004,35.87525,0,66.58602922293423,9.383995394358083,34.61682535912393,54.35982174283502,37.10129635774452,0.6623902624789413,42.595146694447415,366261828.0,3736242.52,0,0.115265894748509,96.0,92.0,4.0,36.9485,36.86252588426597,35.19925547750938,0.017053808978799045,0.9085725043715414,0.8915186953927423
1704171600,2024-01-02,37.78,38.08,37.3,37.56,2722311.0,37.047,38.38031316651661,35.713686833483386,37.72266666666666,36.29866666666667,37.010666666666665,37.047,0.7800000000000011,38.114999999999995,35.979,0,62.52096118749527,5.535262714245571,33.03083486937903,54.735779548385075,37.190624478455746,0.6707909580161598,42.31522309941888,363539517.0,3716340.36,0,0.0757616392969197,92.0,80.0,12.0,37.047,36.92895199052636,35.291833694077646,-0.029689667575583334,0.8544066109232631,0.8840962784988464
1704258000,2024-01-03,37.52,37.82,37.26,37.67,2941899.0,37.109500000000004,38.43656405271434,35.78243594728567,37.76916666666666,36.40416666666666,37.086666666666666,37.109500000000004,0.5600000000000023,38.133250000000004,36.085750000000004,0,63.11356949530539,3.4321801208127405,31.960264087462164,47.781895379182295,37.26854079086783,0.6628773181578629,41.92999785185566,366481416.0,3709829.04,0,0.0784789765497842,88.0,80.0,8.0,37.109500000000004,36.999527991428614,35.385095117839306,-0.05847138566609389,0.8110070464162291,0.869478432082323
1704344400,2024-01-04,37.81,38.22,37.69,37.89,3312178.0,37.171,38.522812117125234,35.819187882874765,37.83566666666666,36.48466666666667,37.16016666666666,37.171,0.5499999999999972,38.18575,36.15625,0,64.30188288717343,3.3551554828150683,31.541674623124916,47.008553567519705,37.321904326418036,0.6548146525751583,42.11246391626883,369793594.0,3716107.2,0,-0.007231844549922532,84.0,80.0,4.0,37.171,37.084334849387794,35.483326681845604,-0.0673330251712786,0.7853121506182248,0.8526451757895034
1704430800,2024-01-05,38.07,38.51,37.92,38.07,2625488.0,37.295,38.48983053191934,36.100169468080665,37.89733333333333,36.63533333333333,37.26633333333333,37.295,0.6199999999999974,38.24525,36.344750000000005,0,65.2656017495117,6.968249508288836,31.58343233989361,53.41163585158977,37.38959498720951,0.6523278916769325,42.62131302784523,372419082.0,3715248.04,0,0.025522842348685047,80.0,76.0,4.0,37.295,37.178207720874674,35.58476485118499,-0.06564384451747762,0.7705903701426564,0.836234214660134
1704690000,2024-01-08,38.14,38.67,37.98,38.62,3977698.0,37.402499999999996,38.665985259117285,36.13901474088271,37.99483333333333,36.76483333333333,37.37983333333334,37.402499999999996,0.6900000000000048,38.32875,36.47624999999999,0,68.04064428292503,5.895256375102821,32.808591926882976,79.00997458385656,37.67206047462337,0.655018756557152,43.269298516758276,376396780.0,3741752.74,1,0.06816994299457436,100.0,96.0,4.0,37.402499999999996,37.31552127126756,35.70379368055029,-0.03366801261990693,0.7941491988852505,0.8278172115051574
1704776400,2024-01-09,38.48,39.23,37.91,39.06,3582242.0,37.542500000000004,38.88652194922804,36.19847805077197,38.1525,36.8635,37.507999999999996,37.542500000000004,1.3200000000000003,38.513000000000005,36.572,0,70.05527988530515,7.722007722007734,34.733546854275865,78.62054288591217,37.849041357431844,0.7025174168030698,44.40331981825023,379979022.0,3754916.62,0,0.13921108009080801,100.0,88.0,12.0,37.542500000000004,37.48166210257541,35.83540961464636,0.00867147277284519,0.838656552471214,0.8299850796983688
1704862800,2024-01-10,39.15,39.15,37.87,37.95,2686594.0,37.631,38.82974767987544,36.43225232012456,38.29833333333333,36.93933333333333,37.61883333333333,37.631,1.2800000000000011,38.654,36.608,0,60.009865843530974,4.892205638474304,31.570119610119367,70.78744310064735,37.94629540641641,0.7437661727457077,45.32302065754554,377292428.0,3743467.5,0,0.06319592185232774,96.0,88.0,8.0,37.631,37.526265711853945,35.918334727797486,-0.04364995334581834,0.7754226380160958,0.8190725913619141
1704949200,2024-01-11,37.95,38.57,37.57,38.35,3466546.0,37.7175,38.86031888329113,36.574681116708874,38.3905,37.009499999999996,37.7,37.7175,1.0,38.757,36.678000000000004,0,62.07282609197695,4.724194429273632,29.99748293817363,61.66672529882791,38.02754150423433,0.7620685889781571,45.2049336686821,380758974.0,3762807.98,0,0.16465115132509273,92.0,88.0,4.0,37.7175,37.60471659643928,36.0136941502368,-0.05609606986121052,0.748952504035401,0.8050485738966116
1705035600,2024-01-12,38.61,38.86,38.56,38.7,1978105.0,37.7825,38.99164639312483,36.573353606875166,38.44016666666666,37.11516666666667,37.77766666666666,37.7825,0.509999999999998,38.79575,36.76925,0,63.793161208663655,3.475935828877017,29.531497028096894,61.64345707469773,38.106648108228796,0.7440636897654314,45.42777408076913,382737079.0,3745978.16,0,0.16011958378225138,88.0,76.0,12.0,37.7825,37.7090293015403,36.1190394776785,-0.04595969773701425,0.7475989517253439,0.7935586494623581
1705381200,2024-01-16,38.43,39.18,38.43,38.79,2887829.0,37.882999999999996,39.07616553755412,36.68983446244587,38.519999999999996,37.213,37.8665,37.882999999999996,0.75,38.882749999999994,36.88325,0,64.2323026404221,5.46492659053833,29.359841664712327,63.011119193099304,38.18594930992028,0.7444877119250435,45.96474714845452,385624908.0,3728004.06,0,0.14137565055999937,84.0,76.0,8.0,37.882999999999996,37.81197889186979,36.22378302757346,-0.038688265750110085,0.7451983172747205,0.7838865830248306
1705467600,2024-01-17,38.62,39.46,38.56,39.19,2752086.0,37.994,39.23870719448665,36.74929280551335,38.64566666666666,37.29966666666667,37.97266666666666,37.994,0.8999999999999986,39.022999999999996,36.965,0,66.15286994781528,6.004868812550714,30.07580899379932,64.30996949472964,38.26762750875784,0.755595732501826,46.72455601489896,388376994.0,3711915.6,0,0.15704997661118597,100.0,96.0,4.0,37.994,37.943218997406,36.34010526178627,-0.01372204905140939,0.7667340217105689,0.7804560707619783
1705554000,2024-01-18,39.14,39.43,38.56,38.88,3238045.0,38.0855,39.30802975424194,36.86297024575806,38.75516666666667,37.381166666666665,38.06816666666667,38.0855,0.8699999999999974,39.1355,37.035500000000006,0,63.37669865178916,4.939271255060744,29.426412645592965,57.364119406644676,38.34329792818279,0.7637674658945526,47.43009281945451,385138949.0,3697057.62,0,0.1240716240933628,96.0,92.0,4.0,38.0855,38.032436235748285,36.43970897701034,-0.02425312041944483,0.7501396702376724,0.7743927906571172
1705640400,2024-01-19,39.03,39.63,38.93,39.63,2639922.0,38.206,39.534072287191805,36.8779277128082,38.870999999999995,37.486000000000004,38.1785,38.206,0.75,39.268,37.144000000000005,0,66.91286507493714,6.47501343363784,30.4938012669617,58.072339764912115,38.42249437045063,0.762784075473513,48.27272119563668,387778871.0,3637027.22,0,0.14009591690551507,100.0,92.0,8.0,38.206,38.18458516567702,36.56481842889229,0.011220853325988878,0.7884188573146034,0.7771980039886145
1705899600,2024-01-22,39.71,39.95,39.4,39.44,2799039.0,38.3225,39.6543389542309,36.990661045769095,38.98583333333333,37.60783333333334,38.29683333333333,38.3225,0.5500000000000043,39.37925,37.26575,0,65.23323797198773,6.278631096739419,30.59024989720877,64.16096290765225,38.52106827771919,0.7475852129396909,49.33003142633606,384979832.0,3572358.96,0,0.10219224641228881,96.0,92.0,4.0,38.3225,38.30414848323159,36.6775706473671,0.013656115177935857,0.7942681479610343,0.7806120327830984
1705986000,2024-01-23,39.52,39.77,38.99,39.32,2988204.0,38.4245,39.73362909982434,37.11537090017566,39.10850000000001,37.69350000000001,38.400999999999996,38.4245,0.7800000000000011,39.509,37.34,0,64.16248700047751,5.472103004291843,30.20016738010702,63.56099599104853,38.63777729579779,0.7499005548725702,48.969692880315655,381991628.0,3540255.24,0,0.11223480921765001,92.0,88.0,4.0,38.4245,38.400896246733346,36.781195327862505,-0.00030819655070346563,0.780226787094719,0.7805349836454225
1706072400,2024-01-24,39.59,39.62,38.61,38.71,1918413.0,38.484500000000004,39.72887092541046,37.24012907458955,39.215500000000006,37.7365,38.476,38.484500000000004,1.009999999999998,39.617000000000004,37.352000000000004,0,58.98207202829373,3.199146894161565,27.536367737864275,64.99863224371649,38.72978151428712,0.7684790866673865,47.57208750357775,380073215.0,3521204.74,0,0.043951405761165,88.0,84.0,4.0,38.484500000000004,38.43033469942541,36.856834726769854,-0.05508936381973961,0.711673278870748,0.7667626426904877
1706158800,2024-01-25,39.21,40.01,39.16,39.89,2193456.0,38.594500000000004,39.92449962406269,37.26450037593732,39.33316666666667,37.82216666666667,38.577666666666666,38.594500000000004,1.2999999999999972,39.78475,37.404250000000005,0,64.77345148040057,5.837092066861245,27.960639763789374,64.12358291697092,38.8489968794809,0.8064448661911444,46.79034535664389,382266671.0,3510686.5,0,0.10525251019944083,100.0,92.0,8.0,38.594500000000004,38.569350442337274,36.975782384543585,-0.018222848040585715,0.7439840826397557,0.7622069306803414
1706245200,2024-01-26,39.94,40.31,39.77,40.23,1739458.0,38.7125,40.17646550506044,37.248534494939555,39.4485,37.9325,38.6905,38.7125,0.5399999999999991,39.9065,37.518499999999996,0,66.2200263423008,6.231845788222866,28.974827547107925,63.401673993440966,38.95127634026577,0.787413090034634,46.418190888995454,384006129.0,3491631.08,0,0.17238179325838032,100.0,96.0,4.0,38.7125,38.72750754306706,37.10339876162031,0.0205887522363023,0.7879428709757192,0.767354118739417
1706504400,2024-01-29,40.24,40.25,40.0,40.02,1941283.0,38.798500000000004,40.3546140703711,37.24238592962891,39.5295,38.0495,38.789500000000004,38.798500000000004,0.25,39.965500000000006,37.6315,0,64.49802297819058,4.490861618798971,28.994649846185116,56.08128058791736,39.06837603136348,0.7490264407464459,46.0726188833219,382064846.0,3447024.9,0,0.04522337185451743,96.0,92.0,4.0,38.798500000000004,38.85060206277496,37.21777528077246,0.02343828454342156,0.796651974418694,0.7732136898752724
1706590800,2024-01-30,40.18,40.71,40.03,40.68,2420318.0,38.9325,40.64426955224904,37.22073044775095,39.656166666666664,38.16316666666667,38.909666666666666,38.9325,0.6899999999999977,40.11,37.754999999999995,0,67.31029116645053,7.052631578947367,30.30362705369286,54.79913998778116,39.1974289925709,0.7448102664074139,46.26088379623839,384485164.0,3413456.04,0,0.03399631620534622,100.0,96.0,4.0,38.9325,39.02483043774877,37.35354879917354,0.059066059085777445,0.8470462637324943,0.7879802046467168
1706677200,2024-01-31,40.8,41.1,40.23,40.48,2626534.0,39.078500000000005,40.79520935222212,37.36179064777789,39.8085,38.3065,39.0575,39.078500000000005,0.8700000000000045,40.262750000000004,37.89425000000001,0,65.65142701891199,7.774227902023415,30.602128927166948,62.266816316219554,39.367171196809544,0.753752390235456,46.80294457214802,381858630.0,3369431.0,0,0.06871973083990057,96.0,76.0,20.0,39.078500000000005,39.163418015106025,37.476154728617715,0.058353119647806095,0.8609216042064745,0.8025684845586684
1706763600,2024-02-01,40.48,42.83,40.47,42.68,5523832.0,39.32899999999999,41.54112024989757,37.11687975010242,40.119,38.437,39.278,39.32899999999999,2.3599999999999994,40.64824999999999,38.00975,0,73.27715247145352,13.299707990443318,34.79518941232813,73.58829292760097,39.86335612419356,0.8684843623614948,48.37367580858226,387382462.0,3421846.64,1,0.14147566617993348,100.0,84.0,16.0,39.32899999999999,39.49833058509592,37.680227092201335,0.18792929278608406,1.0374801005412735,0.8495508077551894
1706850000,2024-02-02,42.52,44.36,42.15,43.95,6605405.0,39.632,42.52731069144693,36.73668930855307,40.480666666666664,38.63066666666667,39.55566666666667,39.632,2.210000000000001,41.07575,38.18825,0,76.45368206126426,15.993665874901037,39.78097885261607,76.83969910945999,40.48363326716472,0.9643069079071024,50.357611090040464,393987867.0,3476400.6,1,0.22738589902659034,100.0,88.0,12.0,39.632,39.92229910080107,37.926100539565994,0.3325968042343591,1.2652968130481383,0.9327000088137792
1707109200,2024-02-05,43.45,43.56,42.34,42.77,4184704.0,39.867000000000004,42.97237662772279,36.76162337227722,40.748333333333335,38.83533333333334,39.79183333333334,39.867000000000004,1.6099999999999994,41.385000000000005,38.349000000000004,0,68.49101668186798,12.345679012345686,39.47635328127023,67.62781304611963,40.8263401277236,1.010427843056595,52.19983670853737,389803163.0,3460090.3,0,0.19492810861279197,96.0,88.0,8.0,39.867000000000004,40.19350871024859,38.11605738115164,0.32202823241812206,1.335235299336432,1.01320706691831
1707195600,2024-02-06,42.72,43.29,42.37,42.68,5362389.0,40.07000000000001,43.34873756192943,36.79126243807058,40.97766666666667,39.04166666666667,40.00966666666667,40.07000000000001,0.9200000000000017,41.605250000000005,38.53475000000001,0,67.92306131518717,10.512687726566552,38.98094924276523,57.634285076683575,41.1578592074868,1.0039687114096953,53.91047478285592,384440774.0,3507730.66,0,0.12220857482286021,92.0,88.0,4.0,40.07000000000001,40.430317404510625,38.29503552306726,0.2835419991126986,1.3676345658091833,1.0840925666964847
1707282000,2024-02-07,42.85,43.46,42.71,43.17,2696156.0,40.2755,43.78251853431186,36.76848146568814,41.168166666666664,39.289166666666674,40.22866666666666,40.2755,0.7800000000000011,41.770250000000004,38.78075,0,69.37831799733766,10.52227342549923,39.256718764032925,64.08379720855721,41.429552125753766,0.9879709463090028,55.55288590179898,387136930.0,3537844.52,0,0.15580666558314704,88.0,84.0,4.0,40.2755,40.691239556461994,38.48621060059404,0.26594302382980484,1.4165213464837407,1.150578322653936
1707368400,2024-02-08,43.02,43.24,42.04,42.33,3702035.0,40.4945,43.93977778270591,37.049222217294094,41.37483333333334,39.50383333333333,40.43933333333334,40.4945,1.2000000000000028,41.983250000000005,39.00575,0,64.1283533671783,11.541501976284572,37.023269594287264,56.97222925612786,41.63222851430067,1.0031158787155028,55.580566509730225,383434895.0,3540669.68,0,0.05477881744194713,84.0,80.0,4.0,40.4945,40.84731197965609,38.63694743978643,0.17687471376371988,1.3716717148585857,1.1947970010948659
1707454800,2024-02-09,42.25,42.91,42.22,42.65,2610676.0,40.709500000000006,44.12922206473084,37.28977793526917,41.58083333333333,39.740833333333335,40.660833333333336,40.709500000000006,0.6899999999999977,42.175000000000004,39.24400000000001,0,65.18480242934004,11.212516297262052,35.751290363827124,56.980300473621426,41.80866896009677,0.9807504588072524,55.60626993138067,386045571.0,3541061.7,0,0.12025391808068442,80.0,64.0,16.0,40.709500000000006,41.01899655302218,38.79432204999089,0.1213052740164442,1.3464285936154212,1.225123319598977
1707714000,2024-02-12,42.63,42.89,41.66,42.24,4260919.0,40.8865,44.23762682541364,37.535373174586354,41.805166666666665,39.87216666666667,40.83866666666667,40.8865,1.230000000000004,42.406,39.367,0,62.69458342410486,9.147286821705423,33.64886283497743,55.20696571800348,42.00233430506305,0.9985539974638776,54.482458757082846,381784652.0,3540022.28,0,0.12159707232179087,76.0,64.0,12.0,40.8865,41.13528259559149,38.929446675481444,0.042781945215820016,1.278600751118752,1.235818805902932
1707800400,2024-02-13,41.99,43.63,41.77,43.61,4587975.0,41.127500000000005,44.53369362338769,37.72130637661232,42.07083333333334,40.02683333333333,41.048833333333334,41.127500000000005,1.8599999999999994,42.730250000000005,39.524750000000004,0,67.11355514318694,12.425882959525653,33.83898413755993,61.29533929496058,42.20827256899231,1.0600858547878864,53.98812858116865,386372627.0,3506617.96,0,0.2346326755330787,72.0,64.0,8.0,41.127500000000005,41.370969967439926,39.11299778624688,0.06748581898504957,1.320176079634244,1.2526902606491945
1707886800,2024-02-14,43.93,44.4,43.4,43.68,3128629.0,41.352,44.80928564049991,37.894714359500085,42.31366666666666,40.25966666666667,41.28666666666667,41.352,1.0,42.96225,39.741749999999996,0,67.3217461844974,11.457004337841292,34.07445654495095,62.184366302368154,42.41442788669789,1.0557940080173231,53.99856831759782,389501256.0,3485105.64,0,0.17294505455799095,68.0,64.0,4.0,41.352,41.5908775895885,39.292095912276416,0.07247870880222629,1.3432886466519776,1.2708099378497513
1707973200,2024-02-15,43.78,44.84,43.66,44.78,3776016.0,41.647,45.215305480197415,38.07869451980258,42.602666666666664,40.51766666666667,41.56016666666667,41.647,1.1800000000000068,43.280499999999996,40.0135,0,70.4193370377809,15.17489711934156,35.64467749238034,63.81138716247113,42.63188957818622,1.0646658645875149,54.24285703500804,393277272.0,3445657.8,0,0.20693055038505948,100.0,96.0,4.0,41.647,41.89460353343721,39.50730783728519,0.1304224003027883,1.433837938228237,1.3034155379254486
1708059600,2024-02-16,44.59,45.69,44.59,44.97,4619782.0,41.914,45.634545121350754,38.19345487864925,42.907000000000004,40.782000000000004,41.8445,41.914,1.0999999999999943,43.573750000000004,40.25425,0,70.92051189951992,13.474640423921262,37.08822567693124,69.00352270774391,42.92169539820044,1.067189731402692,54.86405463819347,397897054.0,3455332.92,0,0.2006652290716501,100.0,96.0,4.0,41.914,42.18749843501462,39.72153105935244,0.16014579130902917,1.503597777061735,1.3434519857527059
1708405200,2024-02-20,45.05,46.28,44.91,45.53,4732888.0,42.2185,46.07369532579179,38.36330467420821,43.24683333333333,41.039833333333334,42.14333333333333,42.2185,1.3700000000000045,43.93975,40.49725,0,72.37272467354038,15.441176470588244,38.88292975836077,70.44832025807837,43.23796331418053,1.0888190363024999,55.67477723555982,402629942.0,3462350.06,0,0.14725836332475953,100.0,72.0,28.000000000000004,42.2185,42.505831917394175,39.949314155064116,0.19387062637136565,1.585790268716913,1.3919196423455473
1708491600,2024-02-21,45.56,46.72,45.19,45.56,4256866.0,42.5305,46.406840929279426,38.65415907072058,43.6075,41.3255,42.466499999999996,42.5305,1.5300000000000011,44.30800000000001,40.753,0,72.45030826174013,15.869786368260433,40.339290951903486,71.44778575499492,43.53648179534624,1.120331962280893,56.58749504240324,406886808.0,3479218.08,0,0.12525876348892326,100.0,76.0,24.0,42.5305,42.79670506811854,40.169341050943956,0.19407034526872846,1.634507573931458,1.4404372286627296
1708578000,2024-02-22,45.56,47.45,45.56,46.98,6149350.0,42.944,46.86604742449742,39.02195257550259,44.03566666666667,41.66566666666667,42.85066666666667,42.944,1.8900000000000006,44.7875,41.100500000000004,0,75.83187695123526,21.363988633428043,43.08161387344159,72.03593969738044,43.99388189117575,1.1753082506894006,57.67355118309758,413036158.0,3530084.46,1,0.09544261955546067,100.0,80.0,20.0,42.944,43.195114109250106,40.43642571561282,0.26151092838198986,1.767325889140217,1.5058149607582272
1708664400,2024-02-23,47.13,48.12,46.95,47.97,5202262.0,43.348,47.580770251266514,39.11522974873348,44.45133333333333,42.04933333333334,43.25033333333333,43.348,1.1699999999999946,45.18175,41.51425,0,77.82902182210215,20.255703183755323,46.23736693453077,71.61911448819274,44.37394378159338,1.1749290899258718,58.872874442586244,418238420.0,3569898.5,0,0.0928736846084746,100.0,84.0,16.0,43.348,43.649865146464386,40.73186000127507,0.33952380396108484,1.9302197157095833,1.5906959117484984
1708923600,2024-02-26,48.32,48.89,47.88,48.1,4644330.0,43.7415,48.198953420957615,39.28404657904239,44.88416666666667,42.43516666666667,43.659666666666666,43.7415,1.009999999999998,45.6105,41.8725,0,78.07940408184477,19.56251553566991,48.81307494503262,78.80431912566017,44.78240203282959,1.1631484406454522,60.17792082845933,422882750.0,3576169.62,0,0.06895090768780411,100.0,88.0,12.0,43.7415,44.07368751346778,41.020806667891726,0.3644165894793776,2.0462166485977207,1.681800059118343
1709010000,2024-02-27,47.98,50.5,47.57,50.3,8679589.0,44.2555,49.21987095713109,39.2911290428689,45.4865,42.7695,44.128,44.2555,2.9299999999999997,46.3255,42.1855,0,81.7507087449499,25.687156421789087,52.79014593451048,88.2579100984535,45.596207124325716,1.289352123456491,61.70176817338298,431562339.0,3667198.06,1,0.2119311557902945,100.0,92.0,8.0,44.2555,44.66666965504228,41.384696602484205,0.48598179568571265,2.289277303725484,1.8032955080397715
1709096400,2024-02-28,49.43,52.39,49.07,52.31,8231646.0,44.837,50.643079916777474,39.03092008322253,46.15766666666667,43.17666666666666,44.66716666666666,44.837,3.3200000000000003,47.10425000000001,42.56975,0,84.28236651941971,28.588987217305807,57.306004555552526,89.38650532904995,46.373209340148605,1.4343984003524561,63.37375004743399,439793985.0,3757775.96,1,0.30015523385725923,100.0,96.0,4.0,44.837,45.39460587837158,41.81313987297502,0.6485337463952607,2.613962691033848,1.965428944638587
1709182800,2024-02-29,52.47,55.23,52.31,53.81,10144748.0,45.503499999999995,52.15481047238111,38.85218952761888,46.91916666666667,43.73316666666667,45.326166666666666,45.503499999999995,2.9199999999999946,47.924499999999995,43.082499999999996,0,85.82689395944523,32.92984189723322,61.57504563163222,94.95368638671235,47.56449291906413,1.5405128003272803,65.18102428657633,449938733.0,3660694.98,1,0.3035786266369927,100.0,96.0,4.0,45.503499999999995,46.196071985193335,42.28360497599561,0.7942290045137281,2.9582152002807476,2.1639861957670194
1709269200,2024-03-01,53.67,53.96,52.71,53.77,7128396.0,46.05800000000001,53.47976690552908,38.63623309447093,47.438,44.36300000000001,45.9005,46.05800000000001,1.25,48.39575000000001,43.72025000000001,0,85.59080227252838,25.98406747891285,64.59303267492699,85.37724452142047,48.257776922633106,1.519761886018189,66.85920750863707,442810337.0,3714250.6,0,0.3406234411918557,96.0,88.0,8.0,46.05800000000001,46.91739846279397,42.73405183968206,0.8216318172674479,3.1910259673513295,2.3693941500838815
1709528400,2024-03-04,54.54,56.98,54.54,56.23,7083466.0,46.672000000000004,55.23820242581312,38.10579757418689,48.071000000000005,44.973,46.522000000000006,46.672000000000004,3.2099999999999937,49.08475000000001,44.25925,0,87.7688870793458,27.94084186575653,68.10694643263065,90.59765453159767,49.22654290499654,1.640493179874032,68.60195383951886,449893803.0,3787013.22,0,0.36502602587469135,100.0,96.0,4.0,46.672000000000004,47.804312894908826,43.26330470871414,0.931126210680068,3.5333019134339665,2.6021757027538985
1709614800,2024-03-05,56.16,58.95,56.16,58.1,8054148.0,47.4385,57.139244868308126,37.73775513169187,48.89183333333334,45.636833333333335,47.26433333333333,47.4385,2.7900000000000063,49.93975,44.93725,0,89.08865120116042,35.84288052373158,71.46416707322253,91.18003022084203,50.357747991555975,1.72260080988303,70.30643114288716,457947951.0,3885638.24,0,0.3346417160844496,100.0,92.0,8.0,47.4385,48.78485452396512,43.84513589660771,1.046559492803861,3.910375068758725,2.863815575954864
1709701200,2024-03-06,58.48,60.54,58.48,60.09,8495231.0,48.309,59.19737894270797,37.420621057292024,49.795,46.426,48.1105,48.309,2.4399999999999977,50.92425,45.693749999999994,0,90.2652853109312,40.79194001874415,74.60576001609601,91.87563786033878,51.452349307585656,1.7738436091770993,71.94682944009193,466443182.0,4014007.7,0,0.38249798274663455,100.0,96.0,4.0,48.309,49.86153504549225,44.48218939085839,1.1649367507998383,4.319986514454662,3.155049763654824
1709787600,2024-03-07,60.39,60.98,59.77,60.85,5436409.0,49.193,61.09276655233229,37.2932334476677,50.689,47.274,48.9815,49.193,1.2099999999999937,51.8405,46.5455,0,90.66976122391856,40.95436645818856,77.10654105785159,92.1456759558884,52.26968465068907,1.733569065664449,73.48492660894058,471879591.0,4090534.32,0,0.385094859363858,100.0,68.0,32.0,49.193,50.908055517350135,45.12406431670708,1.1978028513716414,4.652303327869376,3.4545004764977345
1709874000,2024-03-08,60.88,61.29,56.88,59.68,8957513.0,50.0605,62.35560060959268,37.76539939040732,51.68683333333333,47.950833333333335,49.81883333333333,50.0605,4.409999999999997,52.94875,47.17225,0,84.94995576692804,40.98747932908103,76.36610976583381,82.37684357403151,53.257620305160394,1.9247427038312739,72.4315171676512,462922078.0,4240600.94,0,0.4074680285591933,96.0,68.0,28.000000000000004,50.0605,51.743478801412024,45.694885323895036,1.0494511936387765,4.766314468546206,3.7168632749074293
1710129600,2024-03-11,59.43,59.69,56.73,57.27,8162618.0,50.7915,62.97527326611121,38.60772673388879,52.5655,48.6025,50.583999999999996,50.7915,2.960000000000001,53.849999999999994,47.733000000000004,0,74.72850263823928,34.27901524032826,70.78782221887154,74.51219254370875,53.99535420044585,1.9986896535576115,71.34067765396708,454759460.0,4364167.4,0,0.34652225126000386,92.0,68.0,24.0,50.7915,52.2698141536585,46.14881138962464,0.7137667801234295,4.609071750061716,3.8953049699382865
1710216000,2024-03-12,57.73,59.41,57.22,59.39,5732920.0,51.649,63.71814727725228,39.579852722747724,53.434000000000005,49.375,51.4045,51.649,2.1899999999999977,54.7795,48.5185,0,77.26187667366119,40.60132575757575,67.46976231324383,75.15825255782318,54.598724361669866,2.0123546783034962,70.32775524840325,460492380.0,4438018.72,0,0.4181630454090758,88.0,68.0,20.0,51.649,52.94792709140531,46.668073688070734,0.5657301543927993,4.6024676629292856,4.036737508536486
1710302400,2024-03-13,59.82,60.87,59.13,60.34,5365753.0,52.4855,64.52904511761409,40.44195488238592,54.283500000000004,50.2365,52.260000000000005,52.4855,1.7399999999999949,55.607,49.364000000000004,0,78.2885252359373,38.36276083467096,65.39424600214517,75.31590408908548,55.37239469020835,1.992900772710389,69.69582466977259,465858133.0,4499085.98,0,0.41158668085202005,84.0,68.0,16.0,52.4855,53.651934035081,47.20422766108757,0.4671117711196331,4.620627222436028,4.1535154513163945
1710388800,2024-03-14,60.6,62.37,60.57,62.27,6297720.0,53.415,65.46618334438597,41.36381665561402,55.21900000000001,51.092,53.1555,53.415,2.029999999999994,56.613749999999996,50.21625,0,80.20029666623735,42.55952380952382,64.56974291852598,75.92004664811732,56.15449356941724,1.9955507175167893,69.38525162494628,472155853.0,4570594.16,0,0.4240726951053933,100.0,88.0,12.0,53.415,54.47270222221614,47.795042262613556,0.46611419176661606,4.736158191024664,4.270043999258048
1710475200,2024-03-15,60.6,62.37,60.57,62.27,6297720.0,54.2895,66.24531778884263,42.33368221115737,56.1155,51.9265,54.021,54.2895,1.7999999999999972,57.534749999999995,51.04425,0,80.20029666623735,39.05761500669943,63.952681630706586,74.94288729423542,56.84327735787929,1.9815828091227328,69.09686236903613,478453573.0,4637710.58,0,0.4963127899496991,96.0,88.0,8.0,54.2895,55.21530201057651,48.362687664079694,0.4021252761432672,4.772700594437133,4.370575318293866
1710734400,2024-03-18,61.12,62.19,60.05,61.64,5772018.0,55.123000000000005,66.68146200841642,43.564537991583585,56.97800000000001,52.685,54.831500000000005,55.123000000000005,2.220000000000006,58.45225000000001,51.79375,0,77.72491080946264,37.069157215921734,62.42383563782323,68.10598756577883,57.730962969408175,1.9986126084711096,68.3708551859373,472681555.0,4686907.38,0,0.4642201167695539,92.0,88.0,4.0,55.123000000000005,55.827178009569224,48.88336657921382,0.2608873629332553,4.696684521960435,4.43579715902718
1710820800,2024-03-19,61.87,64.09,61.5,63.04,5980136.0,55.9985,67.1637447801204,44.833255219879604,57.90416666666666,53.48916666666666,55.69666666666667,55.9985,2.5900000000000034,59.41925,52.57775,0,79.22485427452021,38.45815945530419,61.76962413507434,67.83506484233703,58.5808987343586,2.0408545650088876,68.08521434122979,478661691.0,4754000.34,0,0.4070121930932226,100.0,96.0,4.0,55.9985,56.5141134372293,49.43852867414661,0.207590441870396,4.695285211365174,4.487694769494778
1710907200,2024-03-20,63.36,66.21,63.3,66.08,7788460.0,57.0245,67.93260978125934,46.11639021874066,58.94183333333333,54.38883333333333,56.66533333333333,57.0245,3.1699999999999946,60.56825,53.48075000000001,0,81.99592823083486,45.03950834064968,62.412567258385685,67.60832810478271,59.61864221707563,2.121507810365395,68.1693791360987,486450151.0,4830215.58,0,0.48752468991895637,100.0,96.0,4.0,57.0245,57.42515025273127,50.09113539280753,0.31639497170907127,4.883188484131118,4.566793512422047
1710993600,2024-03-21,67.17,68.56,66.69,67.68,6271543.0,58.0595,68.88684958334706,47.23215041665294,59.98983333333333,55.438833333333335,57.71433333333333,58.0595,2.480000000000004,61.6475,54.4715,0,83.23482447500025,44.06130268199236,63.469807374566486,74.91178010283662,60.60182027278738,2.1471143953392957,68.55669597574864,492721694.0,4884001.6,0,0.44389980090230036,100.0,96.0,4.0,58.0595,58.40180260961401,50.78089478916802,0.4284792732626599,5.1023926040003715,4.673913330737712
1711080000,2024-03-22,67.8,68.57,65.77,68.4,5790510.0,59.081,69.76197542362146,48.400024576378534,61.06633333333333,56.35233333333334,58.70933333333333,59.081,2.799999999999997,62.79125,55.37075000000001,0,83.76403823684188,42.58911819887431,64.5192855949466,67.6507018943294,61.38139910417179,2.1937490813864886,68.22144980713654,498512204.0,4946079.92,0,0.4749629308656819,100.0,96.0,4.0,59.081,59.35401188488886,51.47184009155359,0.47960749279371306,5.2734226967298525,4.7938152039361395
1711339200,2024-03-25,68.8,71.64,67.53,70.48,8282259.0,60.2,70.73306982792793,49.66693017207207,62.301,57.277,59.789,60.2,4.109999999999999,64.14275,56.257250000000006,0,85.18604385544961,46.52806652806653,65.99949083303892,68.31750563782902,62.43571149734426,2.3306241470017395,68.34285189282171,506794463.0,5042394.18,1,0.4786844285554728,100.0,96.0,4.0,60.2,60.413629800613734,52.217258127178944,0.5755482955767048,5.513250573407021,4.937702277830316
1711425600,2024-03-26,70.47,72.32,67.15,67.21,7808375.0,61.04549999999999,70.96074578616211,51.130254213837866,63.38483333333333,58.136833333333335,60.76083333333334,61.04549999999999,5.1699999999999875,65.15624999999999,56.934749999999994,0,74.40228042829446,33.6182902584493,62.2763126749863,58.800851807340784,63.21953752819472,2.5334367079301856,68.53819176952356,498986088.0,5158999.58,0,0.3500750753588141,96.0,92.0,4.0,61.04549999999999,61.060903152936234,52.8052087888582,0.3518110895498827,5.3774661397676695,5.025655050217787
1711512000,2024-03-27,68.31,68.68,66.74,67.61,5728388.0,61.810500000000005,71.26184588299496,52.35915411700505,64.13683333333333,59.02683333333334,61.581833333333336,61.810500000000005,1.940000000000012,65.81775,57.803250000000006,0,74.81283400499635,29.24870961575224,59.61861592014378,52.319390280310685,63.64544162288922,2.491048371649459,68.42192580577247,504714476.0,5215810.76,0,0.2974303476375344,92.0,88.0,4.0,61.810500000000005,61.684626662180406,53.38578883635396,0.17284355241509353,5.241709490736653,5.06886593832156
1711598400,2024-03-28,67.49,69.13,67.11,68.95,3826357.0,62.56750000000001,71.75600559122678,53.37899440877324,64.8225,59.802499999999995,62.3125,62.56750000000001,2.019999999999996,66.50725000000001,58.62775000000001,0,76.16110116194328,28.136034194387662,58.05390086990067,59.859651847314844,64.2879832109338,2.457402059388783,68.3801090685556,508540833.0,5237296.18,0,0.3227206507648491,88.0,84.0,4.0,62.56750000000001,62.37656698006799,53.99615005845773,0.09091320900562216,5.182507449578587,5.091594240572965
1711944000,2024-04-01,69.3,72.34,68.76,70.81,5401131.0,63.419500000000006,72.34326484450402,54.49573515549599,65.79683333333334,60.543833333333325,63.17033333333334,63.419500000000006,3.5799999999999983,67.534,59.30500000000001,0,77.8903705577838,31.6905337548819,57.51494053892091,68.16741069145854,65.28933428858996,2.537587626575298,68.7477907684658,513941964.0,5280557.9,0,0.40217182976711047,100.0,96.0,4.0,63.419500000000006,63.17975107720437,54.65551672283193,0.10707679827736527,5.225440238419672,5.118363440142307
1712030400,2024-04-02,69.05,70.56,68.51,70.44,5143571.0,64.13000000000001,72.91259870425638,55.34740129574364,66.47333333333333,61.25933333333332,63.86633333333333,64.13000000000001,2.299999999999997,68.17625000000001,60.08375000000001,0,76.72496168666302,25.271207540458835,56.60907525245046,61.49094034171798,66.00438633667771,2.52061708181992,68.90795036287174,508798393.0,5330630.88,0,0.3922621658768833,96.0,92.0,4.0,64.13000000000001,63.871203355565854,55.274516067034604,0.04131900210363959,5.170012192771857,5.128693190668217
1712116800,2024-04-03,70.53,73.57,70.34,73.02,7145134.0,64.876,74.01067109424339,55.74132890575662,67.22399999999999,61.96600000000001,64.595,64.876,3.2299999999999898,68.95525,60.79675000000001,0,79.02813194134832,25.679862306368324,56.83262146302673,62.858631717041455,66.88021725627337,2.5712872902613535,69.38695103019164,515943527.0,5417552.78,0,0.41416081887293904,100.0,96.0,4.0,64.876,64.74251732170244,55.970417397739126,0.11582953484705527,5.273480109227037,5.157650574379982
1712203200,2024-04-04,73.81,75.13,69.66,69.83,5664442.0,65.363,74.463593607013,56.26240639298701,67.98633333333332,62.38733333333333,65.18683333333334,65.363,5.469999999999999,69.6695,61.0565,0,70.01135192489937,16.209019803627882,52.97556157571477,55.57772997715319,67.5567153084909,2.7783381980998283,69.97403819402784,510279085.0,5471077.54,0,0.29162865509321406,96.0,88.0,8.0,65.363,65.2270394815403,56.51393044096504,-0.09414034571036378,5.039975142242028,5.134115487952392
1712289600,2024-04-05,69.74,74.88,69.21,74.57,6099662.0,66.049,75.73500825934016,56.36299174065985,68.827,62.782000000000004,65.80449999999999,66.049,5.670000000000002,70.69,61.40800000000001,0,74.55261775481375,22.547247329498752,51.85268268797812,58.910143278188194,68.35443565706403,2.984885469664126,70.20520290835135,516378747.0,5554702.52,0,0.2903883791659703,100.0,96.0,4.0,66.049,66.11684524520312,57.222011600142885,0.03487856903889863,5.177713699251015,5.1428351302121165
1712548800,2024-04-08,74.21,74.55,71.19,73.67,5816644.0,66.7485,76.51398263016252,56.9830173698375,69.46716666666666,63.527166666666666,66.49716666666667,66.7485,3.3799999999999955,71.31225,62.18475000000001,0,72.36246722339209,23.4416890080429,50.014823403389705,65.2991166316801,69.14493736589198,3.0131079361166884,70.41985585736604,510562103.0,5627166.28,0,0.28983249284004353,96.0,92.0,4.0,66.7485,66.83619331708854,57.86703075307846,0.009594589431619838,5.154828367001642,5.145233777570022
1712635200,2024-04-09,74.15,74.84,67.81,68.83,8451529.0,67.3265,76.09727254294089,58.555727457059106,70.3005,63.9535,67.12700000000001,67.3265,7.030000000000001,72.1955,62.457499999999996,0,62.044510998937554,20.185088178802154,43.527375165873075,56.94388886811045,69.69282138199944,3.3000287978226397,68.42480623638512,502110574.0,5761407.7,0,0.20188287108590955,92.0,72.0,20.0,67.3265,67.02607966784201,58.29695111570284,-0.3625414904754125,4.6920569144757565,5.054598404951169
1712721600,2024-04-10,67.89,70.58,66.92,70.05,6583940.0,67.8595,75.90163771332013,59.817362286679874,70.8995,64.40549999999999,67.6525,67.8595,3.6599999999999966,72.83874999999999,62.880250000000004,0,63.42813561369062,17.94914968849974,39.275309423837015,49.191001753147624,70.05258082580563,3.325741026549594,66.08488350048583,508694514.0,5854260.84,0,0.17720147088999244,88.0,72.0,16.0,67.8595,67.31407208042849,58.75785499351842,-0.5450084108476103,4.373337891391657,4.918346302239267
1712808000,2024-04-11,70.31,71.42,69.44,71.28,4234762.0,68.40650000000001,75.78962474498474,61.023375255015274,71.44149999999999,64.9235,68.18249999999999,68.40650000000001,1.980000000000004,73.40375,63.409250000000014,0,64.79029446553326,18.13059330460722,36.60155144877496,48.1415313176503,70.26086781546468,3.2296166675103377,64.12538208172343,512929276.0,5890549.72,0,0.21939793683778994,84.0,72.0,12.0,68.40650000000001,67.69177950134006,59.24891950357652,-0.5971487979970522,4.171910304742951,4.7690591027400036
1712894400,2024-04-12,71.05,71.64,68.17,69.04,4263651.0,68.745,75.57150276495996,61.91849723504005,71.919,65.234,68.5765,68.745,3.469999999999999,73.85025,63.63975000000001,0,60.472537899665184,10.872008993094592,32.5824886246982,48.90662044845207,70.41216404367981,3.2467869055453136,61.60999967492416,508665625.0,5923292.06,0,0.13795233040621158,80.0,72.0,8.0,68.745,67.82018145359339,59.632883444612744,-0.7849560242605902,3.7878640724142656,4.572820096674856
1713153600,2024-04-15,70.12,71.75,67.51,67.53,4413063.0,69.00800000000001,75.19141200309393,62.8245879969061,72.40066666666667,65.47166666666666,68.93616666666667,69.00800000000001,4.239999999999995,74.29625000000001,63.71975000000001,0,57.74201718972932,8.447085273807609,28.236570777203607,41.0695556164371,70.38534655812133,3.317730698006362,58.92591134242192,504252562.0,5901076.68,0,0.04556313956255194,76.0,72.0,4.0,69.00800000000001,67.79254512467973,59.94257428992205,-0.9995754636934713,3.3233507670580167,4.322926230751488
1713240000,2024-04-16,67.68,67.91,65.02,66.92,6553659.0,69.272,74.56069208784233,63.98330791215769,72.70433333333332,65.70033333333333,69.20233333333333,69.272,2.8900000000000006,74.6105,63.93350000000001,1,56.65421780277813,8.56586632057106,24.373104340805437,41.81688859890626,70.22085502765742,3.287178505291622,55.25312018402784,497698903.0,5900041.76,0,0.16844746556662996,72.0,68.0,4.0,69.272,67.70944558899595,60.216198827572164,-1.1600354411341502,2.8728819293338006,4.032917370467951
1713326400,2024-04-17,67.93,68.8,66.58,67.96,4546390.0,69.518,74.02409631499438,65.01190368500562,72.93100000000001,65.964,69.4475,69.518,2.219999999999999,74.82875,64.20725,1,58.07178334469225,7.804568527918773,21.837048768100676,48.03470841125135,70.26535008908027,3.210951469199363,52.164974891959034,502245293.0,5907275.48,0,0.19270448154580977,68.0,64.0,4.0,69.518,67.73330791385348,60.519877304922275,-1.1701946391557456,2.570174071523269,3.7403687106790144
1713412800,2024-04-18,68.3,68.59,64.26,65.22,7846135.0,69.475,74.12560211155565,64.82439788844434,73.04333333333332,65.93433333333334,69.48883333333333,69.475,4.329999999999998,74.87275,64.07724999999999,1,53.24284994479604,-1.3014527845036312,17.72472189151679,41.33864087276464,69.94728770740923,3.290883507113694,48.544202347801615,494399158.0,5956950.4,0,0.09185608600937771,64.0,52.0,12.0,69.475,67.49394525539125,60.704195841984145,-1.3241793174419456,2.0851445638765824,3.409323881318528
1713499200,2024-04-19,64.94,66.51,63.61,65.0,7598073.0,69.341,74.33269269887539,64.3493073011246,72.96466666666666,65.75266666666667,69.35866666666666,69.341,2.9000000000000057,74.77024999999999,63.91175,1,52.8712682650946,-3.9598108747045018,14.313313167708161,34.03308299463406,69.46116824448553,3.2629632566055733,45.42886062400474,486801085.0,6054988.74,0,0.07643743693383029,60.0,52.0,8.0,69.341,67.25642665963971,60.87265875014163,-1.3964003037731576,1.6638235016020815,3.060223805375239
1713758400,2024-04-22,65.47,67.32,64.66,66.05,4505826.0,69.2235,74.40527681881476,64.04172318118525,72.87916666666668,65.68116666666666,69.28016666666666,69.2235,2.6599999999999966,74.64225,63.804750000000006,1,54.4677186406015,-3.4356725146198954,12.159403633108976,39.52557684134162,69.25236319457441,3.219894452562318,42.199157367074655,491306911.0,6071064.56,0,0.025204400539559198,56.00000000000001,52.00000000000001,4.0,69.2235,67.14152888253116,61.07569174033216,-1.3293563367664278,1.3985283844172045,2.7278847211836323
1713844800,2024-04-23,66.7,68.46,65.93,67.76,4165514.0,69.0875,74.27300238646228,63.90199761353772,72.67516666666667,65.63516666666666,69.15516666666667,69.0875,2.529999999999987,74.38775,63.78725000000001,1,56.966670150129765,-3.859250851305333,11.40251209161457,36.959848777795955,68.88536434239096,3.1706162773792945,39.62626973771227,495472425.0,6102161.32,0,-0.009178897509413902,52.0,48.0,4.0,69.0875,67.20043089371867,61.33782147600541,-1.1333888204410907,1.3111486956322693,2.44453751607336
1713931200,2024-04-24,69.3,70.77,68.18,69.75,5167567.0,69.2145,74.33384556364443,64.09515443635557,72.57983333333333,65.79783333333333,69.18883333333333,69.2145,3.009999999999991,74.35275,64.07625,1,59.67759925632096,3.7791995238803846,11.941637356820616,43.78322883010906,68.7418519586202,3.1591436861379156,38.05593902848314,500639992.0,6120294.28,0,0.07063968439906068,48.0,-40.0,88.0,69.2145,67.4432469990788,61.667710829887554,-0.8464352938420743,1.3864933987707673,2.2329286926128415
1714017600,2024-04-25,66.99,72.32,66.0,71.75,4980049.0,69.42150000000001,74.59906419564317,64.24393580435685,72.91616666666667,65.69616666666666,69.30616666666666,69.42150000000001,6.319999999999993,74.88825,63.95475000000001,1,62.19697571692021,6.123354533353055,13.512472192205898,42.788991434428674,68.50299321221146,3.384919137128064,35.669614219541934,505620041.0,6128135.76,0,0.05456622514360013,44.0,-40.0,84.0,69.42150000000001,67.85341395154748,62.06309471891157,-0.5149287028388905,1.589267814064229,2.1041965169031194
1714104000,2024-04-26,71.94,72.81,70.82,71.97,3583116.0,69.57249999999999,74.86121203602595,64.28378796397404,73.08816666666667,65.87116666666667,69.47966666666666,69.57249999999999,1.990000000000009,75.03699999999999,64.10799999999999,1,62.46850186953718,4.37998549673676,14.892998783789418,40.960170021933614,68.30921817899616,3.2852820559046316,33.63110279990619,509203157.0,6137225.5,0,0.027388536816377596,40.0,-40.0,80.0,69.57249999999999,68.24546976568581,62.45160080836602,-0.28529705241482217,1.747575201384592,2.032872253799414
1714363200,2024-04-29,72.57,77.22,72.25,77.18,5245706.0,69.89099999999999,76.12263188900032,63.659368110999665,73.40333333333334,66.04733333333334,69.72533333333334,69.89099999999999,5.25,75.48074999999999,64.30125,0,68.16804305862927,8.99590453325802,18.841976439056733,50.42006150934208,68.57417374214776,3.425619051911444,33.07505937327363,514448863.0,6166619.3,0,0.1800345225768431,100.0,24.0,76.0,69.89099999999999,69.09637740704906,63.029185090390875,0.18754408047854865,2.2673023543976,2.0797582739190514
1714449600,2024-04-30,77.05,77.94,75.05,75.08,6002111.0,70.123,76.75193686800574,63.49406313199427,73.75466666666667,66.31466666666668,70.03466666666667,70.123,2.8900000000000006,75.757,64.489,0,64.0417046202076,6.587166382737082,20.287605968889395,59.44082082063432,69.13090264220719,3.387360548203483,32.73999272033141,508446752.0,6194265.88,0,0.03709248947684291,96.0,24.0,72.0,70.123,69.66624622542534,63.50176606723829,0.3211025183110019,2.481136421807804,2.160033903496802
1714536000,2024-05-01,74.91,78.3,73.95,76.09,6171054.0,70.2765,77.29725857724831,63.25574142275169,74.00083333333333,66.44883333333334,70.22483333333334,70.2765,4.349999999999994,75.99449999999999,64.55850000000001,0,65.11088850026178,4.2043275814845344,21.91650232349297,60.76258109197412,69.61580151469306,3.456120509046091,31.94005403309902,514617806.0,6223029.2,0,-0.013639598400769466,92.0,24.0,68.0,70.2765,70.27803229919435,63.995422299895615,0.4327448587526712,2.700964976937641,2.2682201181849697
1714622400,2024-05-02,76.67,80.0,75.35,79.07,6810210.0,70.7385,78.72990356883605,62.74709643116395,74.28983333333333,66.81983333333334,70.55483333333333,70.7385,4.650000000000006,76.395,65.08200000000001,0,68.06042468827741,13.232135185450373,24.63192014566786,67.89076000788725,70.36395250692286,3.541397615542799,31.653916191102915,521428016.0,6274096.08,0,0.06686903530731576,100.0,36.0,64.0,70.7385,71.11536255641394,64.58658220970364,0.6495326226214164,3.0801358964617407,2.4306032738403243
1714708800,2024-05-03,79.79,82.2,79.27,80.67,5588512.0,71.04350000000001,80.00348275668014,62.08351724331987,74.54416666666665,67.34816666666667,70.94616666666667,71.04350000000001,3.1300000000000097,76.5095,65.57750000000001,0,69.51689979484283,8.180233337803418,27.478639221283007,74.15786064799207,71.17861180858922,3.5120120715754566,31.91317508557193,527016528.0,6262879.32,0,0.11822344516222198,100.0,40.0,60.0,71.04350000000001,72.02532802723167,65.21730447598976,0.8313103357798082,3.469741193565085,2.6384308577852766
1714968000,2024-05-06,81.48,82.77,79.3,82.4,8043449.0,71.47999999999999,81.6747770941794,61.285222905820575,74.96733333333334,67.76033333333334,71.36383333333333,71.47999999999999,3.469999999999999,76.95275,66.00724999999998,0,71.02094425557473,11.85014252748745,30.465231010703413,82.62361171732361,72.58460979998034,3.5090112093200667,32.281812802318186,535059977.0,6319703.06,1,0.16916681274352166,100.0,43.99999999999999,56.00000000000001,71.47999999999999,73.01339202463818,65.89113567300977,0.9880169111974428,3.87345199678208,2.8854350855846373
1715054400,2024-05-07,82.05,83.98,80.36,80.92,86269019.0,72.0845,82.98816997849829,61.18083002150171,75.35983333333333,68.49383333333333,71.92683333333332,72.0845,3.6200000000000045,77.3015,66.8675,0,67.99960204029236,17.565015254976032,31.622382414642335,91.94731932617452,77.60275263266175,3.5169389800829194,32.891503207228155,448790958.0,7952196.84,-1,-0.29083053416024596,96.0,44.0,52.0,72.0845,73.76640230800596,66.4805029015192,0.9136879743084778,4.027545053470234,3.1138570791617566
1715140800,2024-05-08,80.96,90.13,80.92,88.3,15076454.0,72.99699999999999,85.93222493039855,60.061775069601424,76.50066666666666,69.07966666666667,72.79016666666666,72.99699999999999,9.209999999999994,78.63024999999999,67.36374999999998,0,73.84087752762716,26.05281941470378,35.47924125720003,96.29971219561135,78.92798891475863,3.9235861957912817,34.496022184093704,463867412.0,8080134.14,0,-0.19890167914169174,100.0,52.0,48.0,72.99699999999999,75.15055446914825,67.3361694544008,1.261788921612859,4.691093231177831,3.429304309564972
1715227200,2024-05-09,88.66,93.23,88.66,92.23,11060030.0,74.0445,89.41730257467727,58.67169742532273,77.66316666666667,69.98316666666666,73.82316666666667,74.0445,4.930000000000007,79.899,68.19,0,76.269052464884,29.391133557800224,39.74561746139813,100.0,80.33628093940197,3.9954728960919046,36.361119842725216,474927442.0,8136701.82,0,-0.15707157419594894,100.0,56.0,44.0,74.0445,76.77716832922937,68.31239810324783,1.6333658972786087,5.471011681163233,3.8376457838846245
1715313600,2024-05-10,93.79,95.1,91.09,92.48,7428015.0,75.2165,92.35689821591096,58.07610178408903,78.85383333333333,71.11983333333333,74.98683333333332,75.2165,4.009999999999991,81.11149999999999,69.3215,0,76.4156425853914,33.95133256083429,43.00657751574551,100.0,81.23496661789912,3.9965105463710535,38.2927828423641,482355457.0,8082367.16,0,-0.16859094774231423,100.0,60.0,40.0,75.2165,78.272676107398,69.26014719723811,1.761606739523927,6.039654208289534,4.278047468765607
1715572800,2024-05-13,93.58,94.79,89.15,89.26,7957463.0,76.303,94.09903450210196,58.50696549789804,80.03066666666666,72.15666666666667,76.09366666666668,76.303,5.640000000000001,82.303,70.303,0,70.51043367696906,32.178291129868214,42.976866089417676,95.07305303200002,81.99275719668073,4.113902650201693,39.228628784618586,474397994.0,8098948.5,0,-0.21802860813230146,96.0,60.0,36.0,76.303,79.31908790669343,70.0444551502876,1.5051442591440942,6.159477792695725,4.654333533551631
1715659200,2024-05-14,88.13,90.65,87.04,90.55,5848530.0,77.4845,95.76296653852566,59.20603346147433,81.20649999999999,73.26050000000001,77.23349999999999,77.4845,3.6099999999999994,83.5385,71.4305,0,71.44112222050579,35.31081888822474,43.34788009771648,91.61084329765237,82.59039073834963,4.077909603758715,39.240483291543384,480246524.0,8074249.78,0,-0.19261748480491184,92.0,60.0,32.0,77.4845,80.38869858224643,70.84859416400181,1.3053885116820467,6.286069173154189,4.980680661472142
1715745600,2024-05-15,92.56,96.63,91.84,95.94,7198666.0,78.8835,98.28070111253172,59.48629888746827,82.68616666666665,74.48316666666668,78.58466666666666,78.8835,6.079999999999998,85.227,72.53999999999999,0,74.92210948032506,41.17127722189524,45.21770676611177,91.79497547133946,83.41604099283673,4.220916060633092,40.09475676583168,487445190.0,8057140.14,0,-0.18455129327472058,100.0,72.0,28.000000000000004,78.8835,81.86977490774677,71.83257086345273,1.410324149364925,6.743585848178299,5.333261698813374
1715832000,2024-05-16,96.03,96.92,92.1,92.2,5988015.0,80.2325,99.39234851192727,61.07265148807274,84.09649999999999,75.84450000000001,79.97049999999999,80.2325,4.820000000000007,86.61275,73.85225,0,68.79730857214929,41.367678626188294,43.871686074615546,88.3364284468088,83.9748385182378,4.263707770587872,40.923114634234004,481457175.0,8006995.82,0,-0.2162475624164417,96.0,72.0,24.0,80.2325,82.85360586891375,72.63129357468988,1.1148638602074126,6.72684152407264,5.611977663865227
1715918400,2024-05-17,93.1,95.61,92.36,93.13,6084169.0,81.63900000000001,100.24142231538681,63.036577684613206,85.547,77.25999999999999,81.4035,81.63900000000001,3.4099999999999966,88.0575,75.22050000000002,0,69.45099105367922,43.27692307692307,43.11482436718317,84.8305715004586,84.53197833036573,4.202728644117309,41.69230408346473,487541344.0,8019951.02,0,-0.26034474975395866,92.0,72.0,20.0,81.63900000000001,83.83231007187435,73.43516441489813,0.8794191674243885,6.7112516231457136,5.831832455721325
1716177600,2024-05-20,94.0,95.72,89.94,90.59,5603009.0,82.866,100.40021500951782,65.33178499048218,87.00666666666666,78.40766666666667,82.70716666666667,82.866,5.780000000000001,89.5185,76.2135,0,65.50568288967797,37.15367146101439,40.75768982968699,81.61064908953207,85.03639068546579,4.315390883823215,41.44428283209561,481938335.0,7952860.94,0,-0.2526160983179736,88.0,72.0,16.0,82.866,84.4758995888387,74.10790306529428,0.4704818199851388,6.4199347307027494,5.949452910717611
1716264000,2024-05-21,90.85,93.49,90.58,93.29,5926810.0,84.1425,100.7865558458568,67.4984441541432,88.27916666666667,79.64216666666667,83.96066666666665,84.1425,2.9099999999999966,90.8235,77.4615,0,67.56722868120544,37.67709563164108,39.71670633306023,81.70160795028592,85.57199334350379,4.215005820692985,41.21397738439572,487865145.0,7908144.78,0,-0.22476199252513748,84.0,72.0,12.0,84.1425,85.31533772323502,74.86014216077294,0.30757204437642205,6.333917966188139,6.026345921811717
1716350400,2024-05-22,93.12,93.73,91.51,93.32,6531853.0,85.321,101.03359482071625,69.60840517928375,89.425,80.825,85.125,85.321,2.219999999999999,91.94274999999999,78.69925,0,67.58988346449652,33.792114695340494,38.913084872156304,81.7872046158234,86.10380241067084,4.072505404929201,41.04474275052646,494396998.0,7924123.44,0,-0.22492181299671835,80.0,72.0,8.0,85.321,86.07768651149834,75.58405815446811,0.13631340278029125,6.196737675287082,6.060424272506791
1716436800,2024-05-23,95.04,97.12,91.74,95.16,8472605.0,86.4915,101.45586203117256,71.52713796882745,90.6105,82.1045,86.3575,86.4915,5.38000000000001,93.04275,79.94025,0,68.98841658730132,32.627177700348426,38.81901761876587,82.18076365339282,86.65173563304852,4.165897876005688,41.46991202069915,502869603.0,7986260.48,0,-0.20787589261934467,76.0,72.0,4.0,86.4915,86.9426687484985,76.35174214841054,0.08399880040330032,6.165422773010917,6.081423972607617
1716523200,2024-05-24,95.09,103.07,93.21,101.07,8340256.0,87.9465,102.63648880190172,73.25651119809828,92.3665,83.0735,87.72,87.9465,9.86,95.088,80.805,0,72.93678448834524,40.43351396415172,40.46540556082229,82.36657985364776,87.4264458350237,4.572619456290996,42.62666966001186,511209859.0,8027111.2,0,-0.21485008149992363,100.0,96.0,4.0,87.9465,88.28812886768912,77.32108559357091,0.3685248768628355,6.542080068686161,6.173555191823326
1716868800,2024-05-28,104.21,106.16,100.35,105.13,8089487.0,89.34400000000001,104.95985015296951,73.72814984703051,93.82499999999999,84.44800000000001,89.13649999999998,89.34400000000001,5.810000000000002,96.5275,82.16050000000001,0,75.21837835505022,36.21404508940138,42.84801407920368,71.63189364722506,93.10604627937818,4.661003780841639,44.00674325047284,519299346.0,8062946.54,1,0.22310698260855855,100.0,96.0,4.0,89.34400000000001,89.89211659457587,78.41163125656814,0.7303582172417125,7.086502963375466,6.3561447461337535
1716955200,2024-05-29,103.85,105.63,101.38,102.58,6491678.0,90.719,105.90577964546786,75.53222035453213,95.25166666666667,85.73866666666666,90.49516666666666,90.719,4.25,98.0045,83.4335,0,71.2472182321213,36.62759722962174,42.99500476428039,62.75537440867791,94.74783673511192,4.63164636792438,45.28824015590089,512807668.0,8077339.74,0,0.12416056238213387,96.0,92.0,4.0,90.719,91.1004864427115,79.35941042297723,0.6981789594026147,7.228868445387022,6.530689485984407
1717041600,2024-05-30,102.96,104.42,101.52,104.31,4796584.0,92.13,106.85467724603824,77.40532275396176,96.54433333333333,87.17633333333333,91.86033333333333,92.13,2.9000000000000057,99.30675,84.95325,0,72.29189647903361,37.087659350768824,43.55559674328413,60.63942295455291,95.58052205895336,4.507957341644067,46.47820156808407,517604252.0,8053668.7,0,0.11350831921357647,92.0,88.0,4.0,92.13,92.35853535292947,80.33786491619382,0.6922754382266607,7.396033783767734,6.703758345541074
1717128000,2024-05-31,104.88,105.32,94.45,98.08,15074413.0,93.0805,106.72491640378935,79.43608359621065,97.9125,87.92249999999999,92.91749999999999,93.0805,10.86999999999999,100.72375,85.43725,0,63.540601134346176,24.041988111799682,40.0264826576853,48.68498829966446,96.32075961424952,4.962388960098061,44.988803668086796,502529839.0,8199387.76,-1,0.07839405380663748,88.0,84.0,4.0,93.0805,92.90343674788858,81.03363491948033,0.19358407233545538,6.9457384359603935,6.752154363624938
1717387200,2024-06-03,98.87,98.87,90.58,92.31,11391376.0,93.6625,106.07740374509588,81.24759625490411,98.84083333333334,88.31483333333333,93.57783333333333,93.6625,8.290000000000006,101.69274999999999,85.63225,0,56.83327302210819,14.42915582000744,33.9347765126206,47.038668874629806,96.45739645348539,5.2000754629482,42.557969948299494,491138463.0,8301784.42,-1,0.08539453851994781,84.0,76.0,8.0,93.6625,92.84691896237538,81.47584531479484,-0.5589200341905771,6.0535043208867165,6.612424355077294
1717473600,2024-06-04,91.82,92.31,85.76,88.65,11177810.0,93.975,105.52469523407416,82.42530476592583,99.36566666666667,88.53166666666667,93.94866666666665,93.975,6.549999999999997,102.23625,85.71374999999999,0,53.09127901510176,7.584951456310679,27.3768179098457,44.96482431627477,96.06876211972686,5.296498644166185,39.80868542129299,479960653.0,8409530.42,-1,0.019784659700633825,80.0,76.0,4.0,93.975,92.44721239453011,81.75718471421465,-1.2951323781873496,4.993508882343107,6.288641260530457
1717560000,2024-06-05,89.17,92.01,88.7,91.08,6167801.0,94.483,104.48063992150125,84.48536007849876,99.79233333333333,88.98933333333333,94.39083333333333,94.483,3.3599999999999994,102.72475,86.24125000000001,0,55.15484123752142,12.555610479485907,23.170584903224732,44.32002427849972,95.84502577004902,5.158177312440029,37.255778360501246,486128454.0,8367241.26,0,-0.002028640671902071,76.0,72.0,4.0,94.483,92.31700169028915,82.12278531365722,-1.5909384521313452,4.299968195366276,5.890906647497621
1717646400,2024-06-06,90.29,92.94,82.18,85.39,13449030.0,94.3375,104.76624656897921,83.9087534310208,99.88916666666667,88.93116666666667,94.41016666666667,94.3375,10.759999999999991,102.69550000000001,85.9795,0,49.75946127929617,-3.2955832389580935,17.246416418069092,41.911750890866436,94.92196756457058,5.558307504408598,36.0858499342013,472679424.0,8480054.36,-1,0.0007782076758760154,72.0,68.0,4.0,94.3375,91.65728724359495,82.2509113797883,-2.1097731245542874,3.2536902418047617,5.363463366359049
1717732800,2024-06-07,84.59,89.1,83.05,84.22,8785041.0,93.937,105.23751343966262,82.63648656033737,99.66733333333335,88.56133333333334,94.11433333333333,93.937,6.049999999999997,102.37899999999999,85.495,0,48.72773472647752,-8.684809714843333,12.235353977248144,41.24425627529456,94.29254268005043,5.5934283969508405,34.99948782406564,463894383.0,8541187.42,0,-0.017410688593257916,68.0,64.0,4.0,93.937,90.94897417277639,82.32813054136523,-2.4479351906899014,2.3035443779966727,4.751479568686574
1717992000,2024-06-10,83.7,89.99,83.69,87.33,8743610.0,93.6795,105.33034971150155,82.02865028849845,99.4875,88.1525,93.82000000000001,93.6795,6.299999999999997,102.29325,85.06575000000001,0,51.53918602302676,-5.568771626297584,9.432262295303987,46.93780126680429,93.876498701665,5.643897797168637,33.75769026730384,472637993.0,8639532.48,0,0.029232948614328652,64.0,56.0,8.0,93.6795,90.6043099658453,82.52428228484109,-2.3764092125159184,1.7809680530416756,4.157377265557594
1718078400,2024-06-11,86.93,91.41,86.68,90.3,7243266.0,93.73150000000001,105.31205659284113,82.15094340715889,99.36183333333334,88.11783333333332,93.73983333333334,93.73150000000001,4.72999999999999,102.27700000000002,85.186,0,54.07086580113814,1.1651355590409949,8.286824993875538,47.39203176310434,93.68788152587729,5.578619383085162,32.232260949415796,479881259.0,8676375.18,0,0.018756928079011245,60.0,56.0,4.0,93.73150000000001,90.57532806433622,82.82921239131792,-2.0553663707530023,1.5881693021163414,3.6435356728693438
1718164800,2024-06-12,91.95,93.55,88.11,89.65,8781375.0,93.6865,105.32301713357548,82.04998286642451,99.5045,88.0775,93.791,93.6865,5.439999999999998,102.36925,85.00375,0,53.42785377011189,-0.9939260077305263,7.12445498223784,48.22331920817243,93.5060059126172,5.568717998579079,30.27704207542835,471099884.0,8749131.26,0,-0.04400429958156083,56.00000000000001,-31.999999999999993,88.0,93.6865,90.48720158201849,83.09669425832507,-1.8210961364039662,1.3671655023643865,3.1882616387683527
1718251200,2024-06-13,89.67,89.77,83.67,87.51,8288223.0,93.265,105.15247492110903,81.37752507889097,99.179,87.62100000000001,93.39999999999999,93.265,6.099999999999994,101.94925,84.58075,0,51.31309517679332,-8.786741713570974,5.332757646641126,41.75439184144606,93.00173454967718,5.6066667129662875,29.34753918200955,462811661.0,8771993.04,0,-0.04527054428687986,52.0,-32.0,84.0,93.265,90.2036585742072,83.2697650717241,-1.744431796738536,1.0077218928451828,2.752153689583719
1718337600,2024-06-14,87.02,87.24,84.72,86.71,3728443.0,92.9905,105.21250552282628,80.76849447717372,98.68816666666666,87.36016666666667,93.02416666666667,92.9905,2.7900000000000063,101.5225,84.4585,0,50.52611894109209,-5.954446854663784,3.5738105779373064,36.30034295580038,92.37761095433439,5.405476233468696,28.48442935240638,459083218.0,8733273.06,0,-0.06986329800950092,48.0,-32.0,80.0,92.9905,89.87092918618747,83.40467624538198,-1.6810790674516034,0.6508048552692145,2.331883922720818
1718596800,2024-06-17,86.71,87.03,81.5,83.2,7445562.0,92.494,105.43842953551822,79.54957046448177,98.31266666666667,86.75666666666667,92.53466666666667,92.494,5.530000000000001,101.185,83.803,0,47.18400155230878,-10.66251476430795,0.7587829437658955,29.418461563607025,91.09356076852617,5.414370788220933,28.267007063502657,451637656.0,8760191.06,0,-0.13677506927430624,44.0,-56.0,100.0,92.494,89.23560259702676,83.39664972595524,-1.7985052021196208,0.08375242007129202,1.8822576221909129
1718683200,2024-06-18,83.27,87.0,82.77,86.92,8668104.0,92.3105,105.46011668642842,79.16088331357159,97.90916666666666,86.50816666666665,92.20866666666666,92.3105,4.230000000000004,100.88525,83.73575000000001,0,50.81363451694482,-4.051219781432831,-0.059110671580249304,35.883540953739754,90.0712122912011,5.329772874776581,28.06511493809206,460305760.0,8817220.26,0,-0.044132080655806226,40.0,-56.0,96.0,92.3105,89.01506901635753,83.53482032493739,-1.5575834878716874,-0.06472173764869638,1.492861750222991
1718856000,2024-06-20,87.61,89.27,86.04,87.52,6583077.0,92.022,105.32528470716902,78.71871529283099,97.683,86.25,91.96650000000001,92.022,3.2299999999999898,100.62075,83.42325000000001,0,51.38090319987708,-6.185014471004405,-0.4793319753968494,36.34442700496197,89.43218754557529,5.179789098006824,27.207793850295936,466888837.0,8779851.22,0,-0.08320054093077844,36.0,-56.0,92.0,92.022,88.87268149099015,83.6911018808222,-1.3002468619153478,-0.1324468271711936,1.1678000347441542
1718942400,2024-06-21,87.05,88.0,83.98,86.2,18597816.0,91.66600000000001,105.19051906723479,78.14148093276523,97.43333333333332,85.82033333333334,91.62683333333334,91.66600000000001,4.019999999999996,100.39975000000001,82.93225000000001,0,50.04431416761431,-7.629661380197161,-1.3383891380209711,36.01116958571833,87.79549874568258,5.096947019577764,26.81993170474803,448291021.0,9020128.74,0,-0.027078973611184907,32.0,-56.0,88.0,91.66600000000001,88.61814039661013,83.78949004235858,-1.16567808738983,-0.2892975744931334,0.8763805128966966
1719201600,2024-06-24,85.58,88.97,85.15,87.56,8497137.0,91.286,104.82354985217034,77.74845014782966,96.98299999999999,85.526,91.2545,91.286,3.819999999999993,99.90275,82.66925,0,51.41500556785052,-7.986548970155521,-1.4855343409257082,43.82426219272345,87.20416923092633,5.0057365181793525,26.169468039770262,456788158.0,9105376.24,0,0.04254071584536393,28.000000000000004,-56.0,84.0,91.286,88.5173651207425,83.93735317795236,-0.9414239860726823,-0.3003994696941561,0.6410245163785262
1719288000,2024-06-25,87.21,90.67,86.44,88.73,6284423.0,90.66900000000001,103.47149178871042,77.8665082112896,96.17633333333333,85.28233333333333,90.72933333333333,90.66900000000001,4.230000000000004,98.86350000000002,82.4745,0,52.59294004366223,-12.209359849609172,-1.1200339566034332,50.9079304073773,87.12026550690999,4.950326766880828,25.06721703398932,463072581.0,9145791.68,0,0.059381714995068675,24.0,-56.0,80.0,90.66900000000001,88.53761606162416,84.12530011215031,-0.6826922904000445,-0.21234084662152952,0.47035144377851507
1719374400,2024-06-26,88.08,90.15,84.65,85.26,4998077.0,89.6755,100.81026443396976,78.54073556603024,95.30116666666666,84.43816666666666,89.86966666666667,89.6755,5.5,97.84675,81.50425,0,48.89227934578046,-18.90040901740701,-2.2441964140606556,46.16717345534746,86.92367723975075,4.989589140675055,24.44514896260642,458074504.0,9157491.96,0,0.005075059152226211,20.0,-56.0,76.0,89.6755,88.2254621509933,84.16979814696795,-0.7104718158380847,-0.4177383260190908,0.2927334898189939
1719460800,2024-06-27,84.35,86.88,83.03,86.56,6696658.0,88.8745,98.36410584007567,79.38489415992433,94.39583333333334,83.57283333333334,88.98433333333334,88.8745,3.8499999999999943,97.01575,80.73325,0,50.27216049519266,-15.617079352700328,-2.599285390897691,48.95951680564202,86.84929416272402,4.908189916341122,24.21295162167471,464771162.0,9160351.94,0,0.10250090749929139,16.0,-56.0,72.0,88.8745,88.06684670804157,84.2635315529692,-0.6103452100043636,-0.4701980226864606,0.140147187317903
1719547200,2024-06-28,86.34,87.6,82.71,85.33,17877986.0,87.9255,94.35293953686059,81.49806046313941,93.58516666666667,82.56316666666666,88.07416666666667,87.9255,4.890000000000001,96.216,79.635,1,48.955733188019124,-18.19576263062027,-3.4041816850768196,45.396011731714,86.7103341604282,4.906890636602471,23.764222041401712,446893176.0,9426983.86,0,0.14934065094489674,12.0,-56.0,68.0,87.9255,87.80619464060904,84.30535384500962,-0.5953659104371886,-0.6040602007285827,-0.008694290291394152
1719806400,2024-07-01,88.07,91.13,85.65,86.68,6732262.0,87.35549999999999,91.79395232034759,82.9170476796524,92.74249999999999,82.2595,87.501,87.35549999999999,5.799999999999997,95.26574999999998,79.44525,1,50.45464917712937,-11.623164763458394,-3.454871520563315,44.51007756848053,86.7510964297351,4.9706841625594365,22.298941649061135,453625438.0,9404706.4,0,0.10565059101014762,8.0,-56.0,64.0,87.35549999999999,87.69893800817009,84.3984772236367,-0.4685340005062646,-0.5943617909242249,-0.1258277904179603
1719892800,2024-07-02,86.31,89.75,86.15,87.03,3981287.0,87.0915,90.9036976601429,83.2793023398571,92.19416666666666,82.18016666666666,87.18716666666667,87.0915,3.5999999999999943,94.64999999999999,79.533,1,50.84854139733554,-5.719857003574911,-3.3341383484609457,39.436132111972704,86.6137360413978,4.872778150948048,20.93832414188774,457606725.0,9332370.68,0,0.058416826459868926,4.0,-56.0,60.0,87.0915,87.63522962643961,84.50167419525879,-0.34099355969870915,-0.5520697400413468,-0.21107618034263761
1719979200,2024-07-03,87.23,91.78,87.03,91.02,3371739.0,87.21,91.34249561403263,83.07750438596736,92.15599999999999,82.322,87.239,87.21,4.75,94.63349999999998,79.7865,1,55.12928063433332,2.673434856175962,-1.3557037092909372,36.35743739711847,86.4137906667282,4.864008283023188,19.775929380605266,460978464.0,9309688.94,0,0.11585143746595505,8.0,-48.00000000000001,56.00000000000001,87.21,87.95758870963583,84.75729481505256,0.013378583472848954,-0.19435295100157646,-0.2077315344744254
1720152000,2024-07-05,91.4,92.76,87.93,88.68,4526628.0,87.09,90.8921993635262,83.2878006364738,92.19166666666666,82.20566666666667,87.19866666666667,87.09,4.829999999999998,94.62375,79.55625,1,52.31647210871232,-2.6350461133069736,-0.8141398844407866,37.58134120608011,86.51159995849831,4.861579119950103,18.957557759714046,456451836.0,9316911.22,0,0.0711076816721394,4.0,-48.0,52.0,87.09,88.02638978490862,84.91112639093286,0.08735136544482242,-0.09854232766839743,-0.18589369311321985
1720411200,2024-07-08,89.27,92.19,88.74,92.18,4437924.0,87.4295,91.74219045956221,83.1168095404378,92.03616666666666,82.78116666666666,87.40866666666668,87.4295,3.509999999999991,94.4195,80.43950000000001,1,55.86213731074048,7.951750790490697,1.2542689316246056,41.53892041336334,86.70623606471884,4.765037754239381,18.19764125460077,460889760.0,9302318.36,0,0.09136200012977155,4.0,-44.0,48.0,87.4295,88.42197171015542,85.1961802579551,0.35419354985397544,0.25684824420424945,-0.097345305649726
1720497600,2024-07-09,91.25,95.27,90.05,90.71,5754169.0,87.754,92.0283720006568,83.47962799934321,92.32233333333332,83.15033333333335,87.73633333333333,87.754,5.219999999999999,94.68175,80.82625000000002,1,54.084164339384024,7.706008074091658,2.215533223491196,47.638197479655055,87.18600061576491,4.797535057507996,18.294721297672226,455135591.0,9317800.76,0,0.0794306417609025,4.0,-40.0,44.0,87.754,88.63987916633108,85.41240848313335,0.40995316304707874,0.41509614815912244,0.005142985112043683
1720584000,2024-07-10,90.86,92.25,86.14,91.61,5020765.0,87.96799999999999,92.55328777722823,83.38271222277174,92.46266666666666,83.30966666666667,87.88616666666667,87.96799999999999,6.109999999999999,94.88149999999999,81.05449999999999,1,55.00706196667877,4.900950417954885,3.4072054608307893,40.96084490003831,87.45877434413312,4.8912825534002815,17.159178354161888,460156356.0,9346553.74,0,0.039941745480689746,92.0,52.0,40.0,87.96799999999999,88.92274781715669,85.65545128771636,0.48080079595323544,0.6061439800535879,0.12534318410035253
1720670400,2024-07-11,91.91,92.35,89.64,90.91,5859394.0,87.9985,92.65302156510192,83.34397843489809,92.43683333333334,83.48583333333333,87.96133333333333,87.9985,2.7099999999999937,94.76050000000001,81.2365,1,54.11652316161774,0.6755260243632331,4.031431384316725,40.67382750111326,87.64933655029243,4.735476656728833,16.13219693596561,454296962.0,9358827.5,0,0.04200368597724567,88.0,52.0,36.0,87.9985,89.11200992980844,85.86151202153141,0.454187252946661,0.6930772502836788,0.23888999733701782
1720756800,2024-07-12,90.49,91.59,87.93,90.64,5239504.0,88.048,92.79192074132766,83.30407925867235,92.32866666666666,83.55566666666667,87.94216666666668,88.048,3.6599999999999966,94.6765,81.4195,1,53.763127638149776,1.1042944785276014,4.408291876662168,46.50914988715816,88.1215017161441,4.658656895533917,15.277579670337877,449057458.0,9343575.36,0,0.05474575508083279,84.0,52.0,32.0,88.048,89.25753279363622,86.04890370696157,0.39428846973542653,0.731750584506301,0.3374621147708745
1721016000,2024-07-15,89.68,89.77,84.66,85.54,6018990.0,87.94950000000001,92.81428149560686,83.08471850439317,92.26283333333333,83.58883333333333,87.92583333333334,87.94950000000001,5.980000000000004,94.56900000000002,81.33000000000001,1,47.58465800709669,-2.2511712947091747,2.0777224930965033,38.15310109209108,88.1075236721535,4.753038545852923,15.320601679862104,443038468.0,9340534.08,0,-0.014777748166278058,80.0,52.0,28.000000000000004,87.94950000000001,88.90348205138514,86.02894669884543,0.007529156581948027,0.34687356049830953,0.3393444039163615
1721102400,2024-07-16,85.63,86.68,83.92,85.22,4974905.0,87.875,92.85763584862458,82.89236415137542,92.22733333333335,83.52933333333333,87.87833333333334,87.875,2.760000000000005,94.49225,81.25775,1,47.2262022086811,-1.718371583439044,0.03406399896823376,31.416348487506397,87.90541241530654,4.610678649720571,15.534340643764457,438063563.0,9303827.98,0,-0.024460014481188994,76.0,52.0,24.0,87.875,88.5526742369675,85.99722329889072,-0.25879416953601236,0.015851691996346062,0.2746458615323584
1721188800,2024-07-17,82.13,82.43,75.49,75.62,14373527.0,87.49600000000001,94.56126545856552,80.4307345414345,91.99466666666667,83.15566666666666,87.57516666666666,87.49600000000001,9.730000000000004,94.42825,80.56375000000001,0,38.15073121104924,-9.110576923076922,-6.263025866585399,28.789619798629715,86.44557800692314,4.976344460454816,17.260977950150536,423690036.0,9479528.28,-1,-0.12688162032807243,72.0,-28.0,100.0,87.49600000000001,87.32099097630393,85.5902733656009,-1.0273075193462506,-1.009488537650455,0.017818981695795738
1721275200,2024-07-18,76.89,77.56,73.19,75.97,8680261.0,86.9485,95.62158082517388,78.27541917482611,91.50216666666668,82.64916666666667,87.07566666666666,86.9485,4.3700000000000045,93.89124999999999,80.00575,0,38.603527415026164,-12.597791072250347,-10.885143247278855,28.49944127360206,85.53721103808715,4.933034141850901,19.17201414028983,432370297.0,9492264.52,0,-0.15752748870104627,68.0,-28.0,96.0,86.9485,86.23994421665593,85.21300774342048,-1.432969910638871,-1.7733934066027928,-0.34042349596392196
1721361600,2024-07-19,76.09,77.37,74.76,75.89,5141383.0,86.36699999999999,96.27974553289849,76.45425446710149,90.89099999999999,82.1,86.49549999999999,86.36699999999999,2.6099999999999994,93.26324999999999,79.47075,0,38.535649385411105,-13.288391224862883,-14.544416633341989,38.477435037757466,85.02349695900598,4.767103131718693,20.94654774541917,427228914.0,7869711.8,0,-0.2047906395628273,64.0,-28.0,92.0,86.36699999999999,85.25423524364108,84.84739959661967,-1.6141144250022164,-2.3580665272166925,-0.7439521022144762
1721620800,2024-07-22,76.69,78.81,76.49,78.57,4578168.0,85.9855,96.4656440352697,75.5053559647303,90.40083333333334,81.77983333333333,86.09033333333333,85.9855,2.9200000000000017,92.79925,79.17175,0,42.12421065531248,-8.851508120649664,-15.955934310418357,36.39329281504382,84.39903656088633,4.635167193738787,22.086929266764145,431807082.0,7659746.08,0,-0.11460681813661877,60.0,-28.0,88.0,85.9855,84.61764141091335,84.60122706341889,-1.4652239435572276,-2.5754820316610108,-1.1102580881037831
1721707200,2024-07-23,78.54,80.65,78.08,79.46,4712209.0,85.5805,96.40629969332517,74.75470030667483,89.94683333333333,81.45083333333334,85.69883333333334,85.5805,2.5700000000000074,92.3005,78.8605,0,43.28179110448853,-9.250799451804486,-16.575845963974515,41.65027588761324,83.95776336565444,4.487655251328873,22.524268127358678,436519291.0,7532789.66,0,-0.08477207338824488,56.00000000000001,-27.999999999999993,84.0,85.5805,84.12643746701684,84.39961031583383,-1.2281730821290755,-2.6454744407651276,-1.417301358636052
1721793600,2024-07-24,78.4,78.93,71.58,72.03,8862509.0,84.74549999999999,96.95813194401597,72.53286805598401,89.38116666666666,80.57316666666667,84.97716666666668,84.74549999999999,7.8799999999999955,91.73925,77.75174999999999,0,36.81163745764604,-18.82114279274203,-20.02427654045011,35.47242577860192,82.74618604159849,4.729965590519668,23.928879107944887,427656782.0,7561479.54,0,-0.19369230225796188,52.0,-48.0,100.0,84.74549999999999,82.97439580349143,83.91452755835016,-1.4764553084168144,-3.2628704941570703,-1.786415185740256
1721880000,2024-07-25,72.99,73.4,68.5,69.85,11659233.0,83.975,97.79874551270385,70.15125448729614,88.546,79.798,84.172,83.975,4.900000000000006,90.92375,77.02624999999999,0,35.187074292738785,-18.074126202205033,-23.48030195749944,33.55693849746616,80.92382847568061,4.742110905482549,25.60639233076831,415997549.0,7635514.94,-1,-0.20137629642923058,48.0,-52.0,100.0,83.975,81.72445334601606,83.3629774580227,-1.6775116717047442,-3.8833047753711867,-2.2057931036664424
1721966400,2024-07-26,71.53,71.75,69.59,70.58,4229800.0,83.176,98.11223433131659,68.23976566868342,87.719,79.14,83.42949999999999,83.176,2.1599999999999966,89.998,76.354,0,36.179852039076316,-18.461182994454717,-25.739769699674643,32.63799663098466,79.9945533055036,4.557674412233795,27.164083180532916,420227349.0,7603140.34,0,-0.2519162336229401,44.0,-52.0,96.0,83.176,80.66307683687168,82.86168422437476,-1.6488952820530316,-4.266912206232732,-2.6180169241797002
1722225600,2024-07-29,71.4,72.62,70.3,70.7,4846457.0,82.4445,98.29230423276361,66.5966957672364,86.89016666666667,78.56816666666666,82.72916666666666,82.4445,2.3200000000000074,89.07375,75.81525,0,36.34855916501278,-17.145200984413446,-27.4613726539675,30.96526303476479,78.80843377872387,4.397840525645668,28.30769997211928,425073806.0,7556096.16,0,-0.24241318719364274,40.0,-52.0,92.0,82.4445,79.71421237621723,82.38475543126202,-1.5129951878350072,-4.509260908973459,-2.9962657211384522
1722312000,2024-07-30,71.38,72.34,68.22,68.48,6362514.0,81.53450000000001,98.364653267276,64.70434673272402,85.91516666666668,77.72916666666666,81.82216666666667,81.53450000000001,4.1200000000000045,88.03775000000002,75.03125,0,34.56900729378356,-20.996769727734197,-29.607398953810538,31.000879883442806,77.6123757676641,4.3779947738138345,29.649450830985153,418711292.0,7563586.14,0,-0.3387422923264534,36.0,-64.0,100.0,81.53450000000001,78.64428738800608,81.83947090454586,-1.4628607647815248,-4.824841677115359,-3.361980912333834
1722398400,2024-07-31,81.81,82.25,76.59,78.62,15755919.0,81.114,97.793494476752,64.434505523248,85.59366666666668,77.20166666666667,81.39766666666667,81.114,13.769999999999996,88.38000000000001,73.848,0,47.03609057549347,-9.6633344823624,-25.209489494035886,37.06228836449114,77.10050916375359,5.048852289969989,28.15003607681887,434467211.0,7757021.14,0,-0.3457042344798079,32.0,-64.0,96.0,81.114,78.64197430343407,81.71321714358328,-0.6769902517808988,-4.208218727059958,-3.531228475279059
1722484800,2024-08-01,78.88,81.05,74.66,75.46,5827137.0,80.336,96.53946185233269,64.1325381476673,85.03133333333334,76.47533333333334,80.75333333333334,80.336,6.390000000000001,87.725,72.947,0,44.269100680958324,-17.09514392441222,-22.990174714186576,37.16659947803546,76.45798968614473,5.1446485549721315,27.096702057432534,428640074.0,7761503.7,0,-0.40875157228912296,28.000000000000004,-64.0,92.0,80.336,78.33892913167844,81.46799294187413,-0.3184031731091226,-3.9292324416654623,-3.6108292685563397
1722571200,2024-08-02,73.73,74.0,69.29,71.88,9363191.0,79.49600000000001,95.62380505834571,63.36819494165431,84.12200000000001,75.578,79.85,79.49600000000001,6.1699999999999875,86.9855,72.00650000000002,0,41.3670609122901,-18.944519621109617,-22.52975874491817,36.49147570474943,75.49136336725216,5.217887943902693,26.951839808980814,419276883.0,7830231.32,0,-0.3516303234597049,24.0,-64.0,88.0,79.49600000000001,77.72379302389953,81.09199321866338,-0.2725045139855218,-3.951459911038242,-3.6789553970527202
1722830400,2024-08-05,66.31,70.91,66.0,69.67,6967624.0,78.37049999999999,93.93238867072378,62.808611329276204,83.08616666666668,74.39616666666667,78.74116666666666,78.37049999999999,5.8799999999999955,86.03774999999999,70.70325,0,39.676907536144085,-24.419613799088744,-22.91431672530497,36.24753378979492,74.63944817530958,5.265181662195358,27.25419867812645,412309259.0,7838946.74,0,-0.31178263375584975,20.0,-64.0,84.0,78.37049999999999,76.95676511686148,80.6440719159707,-0.3369476896690209,-4.100140009138997,-3.763192319469976
1722916800,2024-08-06,69.47,75.2,69.47,73.83,6285628.0,77.5265,92.12080063415172,62.93219936584827,82.15283333333335,73.41183333333332,77.78233333333333,77.5265,5.730000000000004,85.232,69.821,0,44.19468146178777,-18.608753169441073,-21.065255823544398,45.36361929659977,74.08313485471908,5.298382972038547,26.5713651309991,418594887.0,7795207.2,0,-0.17047326209133334,16.0,-64.0,80.0,77.5265,76.65897796287467,80.37685340946204,-0.05988628151560782,-3.838050171364486,-3.7781638898488783
1723003200,2024-08-07,76.1,76.47,71.98,73.39,8856511.0,76.6155,89.78467077875452,63.44632922124548,81.26916666666668,72.69016666666667,76.97966666666666,76.6155,4.489999999999995,84.1995,69.0315,0,43.82922100775273,-19.888658443401376,-19.788836432534676,53.93138723927478,73.94641007461992,5.24064133117865,25.670442266734142,409738376.0,7805532.3,0,-0.22487490238619565,12.0,-64.0,76.0,76.6155,76.34764672831517,80.10285915811059,0.12327480629395104,-3.62407038198144,-3.747345188275391
1723089600,2024-08-08,74.93,79.85,73.02,78.48,10747736.0,75.994,87.47052978909575,64.51747021090425,80.78266666666667,71.79166666666666,76.28716666666666,75.994,6.829999999999998,83.887,68.101,0,48.967941209724465,-13.672863271367278,-16.309611575067812,56.42658564380205,74.16171969873889,5.354166950380175,24.155044673150506,420486112.0,7858697.28,0,-0.14797548182587664,8.0,-64.0,72.0,75.994,76.55072799228515,80.03921762249841,0.5906100982733751,-3.0090825654336726,-3.5996926637070477
1723176000,2024-08-09,77.41,78.33,75.34,78.04,5586342.0,75.364,84.74799147484707,65.98000852515294,80.10833333333333,71.18433333333333,75.64633333333333,75.364,3.1400000000000006,83.218,67.51,0,48.56367507863242,-13.90114739629302,-13.760213104701565,56.82467979103396,74.15993708592393,5.196012168210162,22.747889764822844,414899770.0,7840590.56,0,-0.13869961508817896,4.0,-64.0,68.0,75.364,76.69256342159133,79.96081693142004,0.8573039870229553,-2.528062679928354,-3.385366666951309
1723435200,2024-08-12,78.39,78.4,74.52,77.37,5417571.0,74.9555,83.17051180766056,66.74048819233944,79.55216666666668,70.75116666666666,75.15166666666667,74.9555,3.8800000000000097,82.652,67.259,0,47.929431164306706,-9.551087210661679,-11.975632437779657,51.975200931161254,74.06449017135836,5.102011299052294,21.597709966539668,409482199.0,7853010.3,0,-0.11801956118592392,8.0,-56.0,64.0,74.9555,76.75708119096359,79.85921626744279,0.9676271650797359,-2.1758327106016395,-3.1434598756813754
1723521600,2024-08-13,78.43,81.31,77.34,79.84,6495533.0,74.6865,81.82068888171615,67.55231111828384,79.32383333333334,70.40183333333333,74.86283333333333,74.6865,3.969999999999999,82.47375,66.89925,1,50.44111425978076,-6.313072048814828,-9.409003722292999,59.28869959544416,74.38054918228639,5.021153349119987,20.19401723193747,415977732.0,7681432.7,0,-0.033304689702668505,4.0,-56.0,60.0,74.6865,77.05069250610993,79.85846268832738,1.1723389341315875,-1.6780362080168914,-2.850375142148479
1723608000,2024-08-14,79.66,80.29,76.88,78.65,5144672.0,74.838,82.17096829394498,67.50503170605501,79.18533333333333,70.61633333333334,74.90083333333334,74.838,3.410000000000011,82.15124999999999,67.52475,0,49.23666759051602,4.006876487701668,-7.794977289390779,62.534842729157496,75.02847138155067,4.906070967039988,18.79207440627319,410833060.0,7556498.62,0,0.01786908231788322,4.0,-52.00000000000001,56.00000000000001,74.838,77.20300750552802,79.81107199466747,1.1892356670611206,-1.3638305583220784,-2.553066225383199
1723694400,2024-08-15,78.95,80.95,77.78,80.83,4956630.0,75.08099999999999,82.85665148395954,67.30534851604044,79.33933333333333,70.89033333333334,75.11483333333334,75.08099999999999,3.1700000000000017,82.30425,67.85774999999998,0,51.47120848271898,6.397262077135711,-5.50343596566043,63.00433197942903,75.44242691599976,4.782065897965704,17.63569713069676,415789690.0,7432075.02,0,0.06582438901624099,4.0,-48.0,52.0,75.08099999999999,77.5484353621444,79.8510299556609,1.2998828376930263,-0.9282126782669167,-2.228095515959943
1723780800,2024-08-16,80.51,80.51,77.97,78.75,4821816.0,75.224,83.15749708514488,67.29050291485513,79.48933333333335,71.04733333333334,75.26833333333335,75.224,2.8599999999999994,82.46600000000001,67.982,0,49.29200443175648,3.768612465410462,-4.487698758735757,58.27404023414558,75.81334514865543,4.644775476682439,16.561918231947214,410967874.0,7405155.32,0,0.07865718266457064,4.0,-44.0,48.0,75.224,77.66287008955922,79.80785231034088,1.188664715119063,-0.7422646220611142,-1.9309293371801772
1724040000,2024-08-19,78.9,80.15,77.81,80.13,3848515.0,75.30199999999999,83.39463022755903,67.20936977244095,79.56066666666666,71.11666666666667,75.33866666666667,75.30199999999999,2.3400000000000034,82.50049999999999,68.1035,0,50.74829145440111,1.9854906452844627,-3.0436950581786966,63.32393067852337,76.3398079943682,4.4801486569194084,15.522888534827954,414816389.0,7213145.02,0,0.17398536085316207,4.0,-40.0,44.0,75.30199999999999,77.89783484293453,79.82048555307261,1.1623158722544327,-0.4780344968621364,-1.640350369116569
1724126400,2024-08-20,79.84,80.03,78.4,79.04,4433553.0,75.281,83.3324368903943,67.2295631096057,79.50166666666667,71.15166666666667,75.32666666666667,75.281,1.7299999999999898,82.4165,68.14550000000001,0,49.56479315004536,-0.5285678328718695,-2.3285774531236703,53.24561198683578,75.98104627117992,4.28370946713945,14.558075244645783,410382836.0,7126115.26,0,0.23563893218217508,88.0,48.0,40.0,75.281,78.00661247694077,79.78987827648153,1.030263916987969,-0.3525204728816078,-1.3827843898695769
1724212800,2024-08-21,79.05,82.36,78.43,81.66,4041440.0,75.76250000000002,84.1244851112043,67.40051488879574,79.6625,71.6545,75.6585,75.76250000000002,3.9299999999999926,82.60175000000001,68.92325000000002,0,52.37496397049322,13.36942940441482,-0.5550098837516592,59.16291354178688,76.13369174148778,4.258444505200917,14.279129413352923,414424276.0,7032071.86,0,0.3206207551111103,100.0,64.0,36.0,75.76250000000002,78.35455414580356,79.86321638328619,1.073297033273962,-0.04116309827712428,-1.1144601315510863
1724299200,2024-08-22,81.78,84.12,81.43,82.67,5187467.0,76.4035,84.81958287744374,67.98741712255625,80.15983333333334,72.37283333333333,76.26633333333334,76.4035,2.6899999999999977,83.077,69.72999999999999,0,53.42794558194466,18.35361488904797,1.3505415362920679,68.1394542352514,77.04641171773527,4.146412754829423,14.44712037450581,419611743.0,6990955.88,0,0.3206149945589339,100.0,68.0,32.0,76.4035,78.76554898906036,79.97328632903967,1.1186215135920312,0.28381676043895254,-0.8348047531530786
1724385600,2024-08-23,83.3,85.54,82.75,85.12,5315622.0,77.13050000000001,85.91282195948212,68.34817804051791,80.88283333333334,73.03283333333333,76.95783333333334,77.13050000000001,2.8700000000000045,83.85725000000001,70.40375000000002,0,55.91669256154015,20.60073675262115,4.012602593432635,75.54313974982851,78.23573849197156,4.0552404151987504,14.930288924208508,424927365.0,6921640.82,0,0.3304319831446953,100.0,72.0,28.000000000000004,77.13050000000001,79.37073479962605,80.17511823770478,1.252354063534971,0.7306378262656352,-0.5217162372693358
1724644800,2024-08-26,85.66,87.22,83.53,84.24,4774010.0,77.8075,86.59013030076989,69.02486969923012,81.64083333333333,73.65383333333334,77.64733333333334,77.8075,3.6899999999999977,84.637,70.97800000000001,0,54.80929753632896,19.15134370579914,5.760290010815125,75.34103361481189,79.06754052086264,4.029151814113125,15.747126966121312,420153355.0,6851356.56,0,0.25863127253466145,96.0,72.0,24.0,77.8075,79.8344743425188,80.33452536563792,1.2191214087704831,1.0021855236937682,-0.21693588507671502
1724731200,2024-08-27,83.49,85.29,82.78,83.95,2950976.0,78.58099999999999,86.63624648909024,70.52575351090974,82.27666666666667,74.45066666666668,78.36366666666666,78.58099999999999,2.510000000000005,85.28974999999998,71.87225,0,54.43533019652266,22.590537383177566,7.056554295778137,69.4271374714718,79.88043780315992,3.920640970247902,16.23037627028881,417202379.0,6835807.22,0,0.32132037835311467,92.0,72.0,20.0,78.58099999999999,80.22642916704082,80.47630868463251,1.1178541063849534,1.1803817479044767,0.06252764151952334
1724817600,2024-08-28,83.93,84.27,81.61,81.87,3549034.0,78.74350000000001,86.9254662062368,70.56153379376322,82.29816666666667,74.77216666666666,78.53516666666667,78.74350000000001,2.6599999999999966,84.61900000000001,72.86800000000001,0,51.768550290166985,4.133808191299924,7.043189656209449,60.89239473583735,80.47116347327606,3.830595186658766,16.252647454611513,413653345.0,6757876.66,0,0.21642159167023808,88.0,72.0,16.0,78.74350000000001,80.38295972256074,80.53096324601947,0.8624711703873342,1.1406166045036912,0.27814543411635695
1724904000,2024-08-29,82.57,85.58,82.57,84.03,4849227.0,79.172,87.51725398055689,70.8267460194431,82.47933333333333,75.29133333333334,78.88533333333334,79.172,3.7099999999999937,84.84649999999999,73.4975,0,54.220138895349734,11.357010336602185,8.028817463416269,60.7174208054302,81.0103671451236,3.821981244754568,16.604182062915545,418502572.0,6681499.12,0,0.14819787923084043,84.0,72.0,12.0,79.172,80.73029689184067,80.66818037362656,0.792500284792536,1.2687707901070269,0.47627050531449094
1724990400,2024-08-30,84.42,85.5,83.58,84.78,3947053.0,79.817,87.79412003169065,71.83987996830933,82.98466666666666,76.07566666666666,79.53016666666666,79.817,1.9200000000000017,85.17275,74.46124999999999,0,55.055128990020286,17.94657762938231,9.188963050642302,68.02968377452683,81.58963639745917,3.686125441557813,16.930607056340715,422449625.0,6628778.64,0,0.12741688769266402,80.0,72.0,8.0,79.817,81.11598290214155,80.8294282021118,0.7506208953679085,1.4145466245243767,0.6639257291564682
1725336000,2024-09-03,84.35,84.39,75.11,75.17,9487867.0,80.09200000000001,86.9519230316382,73.23207696836182,83.67133333333334,76.32533333333333,79.99833333333333,80.09200000000001,9.670000000000002,85.73200000000001,74.45200000000001,0,44.18529059348953,7.89435912157313,4.895604828361157,55.7886943684748,81.31709652167235,4.1135450528751125,16.752406866143726,412961758.0,6446579.66,-1,-0.04242491464148723,76.0,72.0,4.0,80.09200000000001,80.5496988162233,80.60748984124467,0.06568228430951939,0.7460285845433674,0.680346300233848
1725422400,2024-09-04,74.93,77.85,74.46,76.1,5282696.0,80.2055,86.71331829801663,73.69768170198337,83.71950000000001,76.6075,80.16350000000001,80.2055,3.3900000000000006,85.67,74.741,0,45.28571940311248,3.0746309088446377,2.0348254839336706,55.811114053622546,81.11808720759616,4.061863263384033,16.731851894617698,418244454.0,6382290.84,0,-0.047787589266269484,72.0,56.0,16.0,80.2055,80.125917976583,80.43072553374488,-0.3139193015163624,0.28794717333839515,0.6018664748547575
1725508800,2024-09-05,76.03,76.63,74.93,75.25,4306901.0,80.2985,86.45790670844198,74.13909329155803,83.66283333333334,76.82983333333334,80.24633333333334,80.2985,1.6999999999999886,85.55375000000001,75.04325,0,44.44272186767365,2.534405232320479,-0.6313694267443072,49.2079298120102,80.85635692952906,3.8931587445708864,16.712765135343535,413937553.0,6342740.4,0,-0.1570437382651739,68.0,56.0,12.0,80.2985,79.66154483595605,80.2275598265392,-0.5951221689047642,-0.14203623627619777,0.45308593262856645
1725595200,2024-09-06,75.15,75.85,72.58,73.14,5161526.0,80.03150000000001,86.90467764938462,73.15832235061539,83.32183333333333,76.84483333333334,80.08333333333334,80.03150000000001,3.269999999999996,85.01975,75.04325000000001,0,42.38124408294883,-6.804281345565753,-3.769708212817508,49.20865899336044,80.44602877970961,3.8486474056729656,17.234622378515876,408776027.0,6346009.38,0,-0.1790875202245688,64.0,56.0,8.0,80.03150000000001,79.04044532776976,79.94961630392983,-0.8789633595087696,-0.6456182667573955,0.23334509275137408
1725854400,2024-09-09,74.43,74.92,72.35,74.38,4121872.0,79.8485,87.10806548286467,72.58893451713533,83.13316666666667,76.69816666666667,79.91566666666667,79.8485,2.5700000000000074,84.794,74.903,0,43.988448930835204,-4.689902614044093,-5.629360209277974,49.20025633042746,80.10655277343464,3.757315448124897,17.770445052829878,412897899.0,6294513.66,0,-0.1990261822912203,60.0,56.0,4.0,79.8485,78.59659339179169,79.73119997828553,-0.933786266673243,-0.9338877405901798,-0.00010147391693668406
1725940800,2024-09-10,74.84,76.24,73.93,75.5,3392869.0,79.755,87.18599051271096,72.32400948728903,82.97766666666666,76.69966666666667,79.83866666666667,79.755,2.309999999999988,84.58274999999999,74.92725,0,45.43552080776853,-2.4169574770582973,-6.532034691618387,54.899863701813125,79.92036893186572,3.6539357732588322,17.77674418664718,416290768.0,6004811.32,0,-0.16943462048319408,56.00000000000001,-35.99999999999999,92.0,79.755,78.30167973543057,79.56527056737238,-0.8477208750859561,-1.0597525677743818,-0.21203169268842573
1726027200,2024-09-11,76.38,79.68,74.64,79.45,4994280.0,79.7355,87.16754272054463,72.30345727945537,82.9525,76.5675,79.76,79.7355,5.040000000000006,84.6435,74.8275,0,50.21084366168861,-0.4884769539078163,-5.156637550873213,55.42555374068045,79.71841103339106,3.7529403608832017,16.654470605699277,421285048.0,5970051.68,0,-0.13826836920708524,52.0,-36.0,88.0,79.7355,78.41104357015146,79.56075015296561,-0.4953250013896888,-0.8311879444255368,-0.33586294303584796
1726113600,2024-09-12,79.49,81.24,78.43,79.86,3863004.0,79.796,87.21139317905669,72.38060682094333,82.98433333333334,76.65933333333334,79.82183333333333,79.796,2.809999999999988,84.659,74.933,0,50.68242605798445,1.5384615384615303,-3.844629959577524,54.399335586685915,79.48822129432057,3.6855874779629723,15.765179247429844,425148052.0,5967686.02,0,-0.13386551442543884,48.0,-36.0,84.0,79.796,78.54903942061323,79.57248544108461,-0.21925709923452902,-0.6099343170790092,-0.39067721784448023
1726200000,2024-09-13,81.89,85.31,80.5,84.9,6323094.0,79.9995,87.73375749506701,72.26524250493298,83.25216666666667,76.76316666666668,80.00766666666667,79.9995,5.450000000000003,85.03349999999999,74.9655,0,56.066838829224395,5.035259185945821,-0.2001029569325716,55.07931699774502,79.47819535641801,3.81161694382276,15.946506194129926,431471146.0,6026713.12,0,-0.10901952879412934,44.0,-36.0,80.0,79.9995,79.15389280912626,79.78140758064993,0.2904734882217524,-0.027585357567289748,-0.31805884578904214
1726459200,2024-09-16,84.35,89.39,84.28,88.72,6947155.0,80.498,89.08414605046991,71.9118539495301,83.8,77.054,80.42699999999999,80.498,5.109999999999999,85.70075,75.29525000000001,0,59.58703284534091,12.660317460317458,4.499724860139194,56.7197532236877,79.89926768866867,3.9043585906925626,16.91496441733288,438418301.0,6075123.66,0,0.01094956549866911,100.0,24.0,76.0,80.498,80.06495063682853,80.13194061670288,0.8414188026480496,0.7337146575210198,-0.10770414512702975
1726545600,2024-09-17,89.63,91.71,88.22,90.46,5981609.0,81.0145,90.63094523719653,71.39805476280347,84.39583333333334,77.53483333333334,80.96533333333335,81.0145,3.489999999999995,86.3035,75.7255,0,61.08218329266668,12.891551229252462,8.943135047488525,63.14659015012594,80.57890536830678,3.8747615485002362,18.204270774614862,444399910.0,6105997.36,0,0.03675649491637362,100.0,28.0,72.0,81.0145,81.05495533808296,80.53696255330277,1.254656741307485,1.4606167815073263,0.2059600401998415
1726632000,2024-09-18,91.13,93.23,90.05,90.5,5958134.0,81.5875,91.99797141103609,71.17702858896392,85.0785,78.0625,81.57050000000001,81.5875,3.180000000000007,86.98525000000001,76.18975,0,61.1169938622052,14.498987854251002,12.460196752792452,69.49783123526517,81.33644577692385,3.825135723607363,19.64220209767086,450358044.0,6110076.66,0,0.016584468927527973,100.0,32.0,68.0,81.5875,81.95448340112269,80.92766990415365,1.448570104089185,2.0166726703113227,0.5681025662221377
1726718400,2024-09-19,93.61,94.53,89.58,92.04,7887721.0,82.1065,93.47093447779076,70.74206552220923,85.69116666666667,78.57316666666667,82.13216666666668,82.1065,4.950000000000003,87.58075,76.63225,0,62.47717066182717,12.711241734019115,15.935846608311339,71.01845816885516,82.25457953383619,3.905483171921123,21.17807255023062,458245765.0,6167415.78,0,0.01718709398273699,100.0,36.0,64.0,82.1065,82.91500879149196,81.36344755497115,1.5872747242738792,2.552195971564487,0.9649212472906077
1726804800,2024-09-20,99.17,107.66,97.31,107.28,23358448.0,83.337,99.14115654187212,67.53284345812789,87.14133333333334,79.25733333333332,83.19933333333333,83.337,15.61999999999999,89.781,76.893,0,72.49862205501518,29.768960928994797,24.503635769052778,78.18197998480308,87.41131110067526,4.742234373926756,23.997106968353567,481604213.0,6517396.86,1,0.2265560115619032,100.0,40.0,60.0,83.337,85.2354841446832,82.37978294497228,2.5547887229139494,4.158407150933044,1.603618428019095
1727064000,2024-09-23,109.74,113.91,106.44,111.01,15614964.0,84.63149999999999,104.520984935513,64.74201506448698,88.6745,80.3225,84.4985,84.63149999999999,7.469999999999999,91.42049999999999,77.84249999999999,0,74.2690990909669,30.415883458646615,31.846373140384504,88.28564068415098,91.7427012613061,4.93707477578913,27.022912447017347,497219177.0,6724906.06,1,0.3376856667138645,100.0,43.99999999999999,56.00000000000001,84.63149999999999,87.69019994042766,83.50253655497337,3.250701509892674,5.666995315384938,2.4162938054922636
1727150400,2024-09-24,111.27,114.93,110.56,111.77,9722739.0,86.008,109.14415318068235,62.87184681931764,90.07966666666667,81.65966666666665,85.86966666666667,86.008,4.3700000000000045,92.848,79.16799999999999,0,74.61954134481526,32.680436847103515,37.43845078974458,93.04174935308401,94.3764515922908,4.896569434661336,29.89237961298139,506941916.0,6798981.04,0,0.2850403194284875,100.0,48.0,52.0,86.008,89.9835142318155,84.61106453320971,3.542951553128349,6.8449832469027,3.3020316937743512
1727236800,2024-09-25,113.54,119.94,113.07,118.42,15868441.0,87.73150000000001,114.79919755631236,60.66380244368766,91.9545,83.0985,87.5265,87.73150000000001,8.170000000000002,94.99600000000001,80.46700000000001,0,77.44846963643671,41.060154854079805,43.281735002417996,96.73937464607704,98.08571545683601,5.130385903614098,32.829414551968206,522810357.0,7016851.76,1,0.3541414843587108,100.0,52.0,48.0,87.73150000000001,92.69175097164259,85.93690513975051,3.934684315277094,8.22038708787072,4.285702772593625
1727323200,2024-09-26,119.33,121.33,112.99,113.52,12987425.0,89.314,118.44784519763905,60.18015480236093,93.90666666666667,84.48266666666667,89.19466666666666,89.314,8.340000000000003,97.0045,81.62349999999999,0,71.2857027847007,38.65884939538291,44.76700746832431,88.25028720616791,100.89646728082128,5.359644053355948,35.62620226601751,509822932.0,6989129.72,0,0.26978934571567165,96.0,52.0,44.0,89.314,94.67539373624805,87.0185951342701,3.622173681087121,8.813419873952526,5.191246192865405
1727409600,2024-09-27,114.61,119.03,113.68,117.06,7133482.0,90.96549999999999,122.37019867710873,59.560801322891244,95.65016666666666,85.99216666666668,90.82116666666666,90.96549999999999,5.510000000000005,98.791,83.13999999999999,0,72.9241361933277,39.307390217779364,46.610328349438646,88.71448765935892,102.6136743500921,5.370383763830524,38.22321942906329,516956414.0,6958194.14,0,0.25962130487941953,92.0,52.0,40.0,90.96549999999999,96.80726099946253,88.1966894427301,3.41500466948893,9.460002029726567,6.0449973602376375
1727668800,2024-09-30,117.22,119.61,114.2,117.88,7526095.0,92.6205,125.97503460925509,59.265965390744924,97.45516666666666,87.44816666666667,92.45166666666667,92.6205,5.409999999999997,100.70775,84.53325000000001,0,73.29567079102087,39.042226940316105,48.16152690637661,89.22104269989762,104.12623938446293,5.373213494985486,40.666738013237094,524482509.0,7005888.38,0,0.2627560392179899,88.0,52.0,36.0,92.6205,98.81418852332324,89.36074083713285,3.103354356033213,9.924190305279154,6.820835949245941
1727755200,2024-10-01,117.34,121.96,114.39,121.87,7126675.0,94.9555,129.60977446939256,60.301225530607425,99.42883333333333,89.59283333333335,94.51083333333334,94.9555,7.569999999999993,102.88525,87.02575,0,75.04928997534574,62.12584807769057,50.11199773381051,89.56595104155728,105.88533749495393,5.530126816772237,43.064163572050866,531609184.0,7056858.52,0,0.2763912389111349,100.0,68.0,32.0,94.9555,101.00998009253055,90.63561374548058,2.9377832331019977,10.493064990623438,7.55528175752144
1727841600,2024-10-02,119.38,126.86,119.02,124.67,8792652.0,97.384,133.20037357410703,61.56762642589296,102.02033333333333,91.73933333333333,96.87983333333332,97.384,7.840000000000003,105.6475,89.1205,0,76.2036099830012,63.823915900131425,52.11852161599341,90.09939842791556,107.69535647416939,5.695117758431363,45.52550690767157,540401836.0,7138467.38,0,0.29373320624862526,100.0,72.0,28.000000000000004,97.384,103.26331532181337,91.9702955593833,2.7898124064409906,11.04254726557268,8.252734859131689
1727928000,2024-10-03,127.68,134.55,125.31,131.71,14026803.0,100.20700000000001,137.47102238084332,62.94297761915669,105.14333333333335,94.10833333333332,99.62583333333333,100.20700000000001,9.88000000000001,109.084,91.33000000000001,0,78.79946885954888,75.02990033222594,54.848459819496796,90.88031702499484,110.86961950890681,5.99403791854341,48.09614933333851,554428639.0,7241753.26,0,0.2796079093895957,100.0,76.0,24.0,100.20700000000001,105.97252338640257,93.52871534136828,2.9248583275431113,11.908807768560578,8.983949441017467
1728014400,2024-10-04,133.59,138.6,132.06,137.64,12401402.0,103.43199999999999,141.91220613250385,64.95179386749611,108.41900000000001,97.057,102.73799999999999,103.43199999999999,6.889999999999986,112.58049999999999,94.28349999999999,0,80.66919644871629,88.18703855619358,57.821986302533105,91.4402880493254,113.94954496822986,6.058035210076023,50.60399486900014,566830041.0,7256596.64,0,0.2932760438799638,100.0,80.0,20.0,103.43199999999999,108.98847354007852,95.25856964170677,3.152710382256547,12.924837418838152,9.772127036581605
1728273600,2024-10-07,139.08,143.06,127.65,130.54,15672337.0,106.24000000000001,144.02030968639602,68.459690313604,112.05433333333333,99.40833333333333,105.73133333333332,106.24000000000001,15.409999999999997,116.35150000000002,96.1285,0,72.59969939386379,75.50416778703952,56.28292099446837,81.18982285125269,116.70921104571362,6.726032695070592,53.05014030680523,551157704.0,7485447.38,0,0.2059221872377306,96.0,80.0,16.0,106.24000000000001,111.04099986959486,96.64215514595357,2.588057318115162,13.007198684225557,10.419141366110395
1728360000,2024-10-08,130.27,130.52,127.02,127.25,9002428.0,108.82750000000001,144.88114995392266,72.77385004607737,114.76583333333333,102.00083333333333,108.38333333333333,108.82750000000001,3.519999999999996,119.02975,98.62525000000002,0,69.2221792487025,68.54304635761589,53.46795641022055,75.92794237074996,118.2389052638506,6.497030359708407,55.12782027361833,542155276.0,7568566.8,0,0.1809447488483213,92.0,80.0,12.0,108.82750000000001,112.58471416772868,97.84246278728872,1.7935240385254918,12.661046414267261,10.86752237574177
1728446400,2024-10-09,125.71,125.8,120.1,123.49,9781248.0,111.02949999999998,144.95383844601815,77.10516155398183,117.05916666666664,104.22816666666668,110.64366666666668,111.02949999999998,7.150000000000006,121.38999999999999,100.66899999999998,0,65.55335913523217,55.43108873505348,49.514121265758874,70.54600103313447,119.74416562175534,6.543671048300664,55.132931909935955,532374028.0,7636941.48,0,0.19016563702557077,88.0,80.0,8.0,111.02949999999998,113.62331281842118,98.84824856033623,0.8624749347620551,11.945616044194338,11.083141109432283
1728532800,2024-10-10,123.31,126.33,122.28,123.42,5842529.0,113.20750000000001,144.32475172633318,82.09024827366684,119.32950000000001,106.37449999999998,112.852,113.20750000000001,4.049999999999997,123.661,102.75400000000002,0,65.48534301626947,54.545454545454554,46.442258242696695,67.8334361430893,122.32329439687325,6.365551687707759,55.17624531460724,526531499.0,7438673.68,0,0.052437443045251136,84.0,80.0,4.0,113.20750000000001,114.55633064523822,99.81184665600932,0.1281889143125845,11.243377252323015,11.11518833801043
1728619200,2024-10-11,116.85,124.61,113.86,124.59,10896181.0,115.19200000000001,143.79584142034045,86.58815857965956,121.499,107.95,114.7245,115.19200000000001,10.75,126.043,104.34100000000001,0,66.1041114296385,46.74911660777384,44.221387731318,59.83779957005526,123.48930865968649,6.678726567157205,53.314808764880844,537427680.0,7540054.56,0,0.1042984578699855,80.0,76.0,4.0,115.19200000000001,115.51191820283458,100.78353894400897,-0.36543559623975597,10.658393842710737,11.023829438950493
1728878400,2024-10-14,127.06,133.0,126.58,131.52,12001881.0,117.332,144.0345973268516,90.62940267314838,123.70966666666666,110.02966666666666,116.86966666666665,117.332,8.409999999999997,128.4305,106.23349999999999,0,69.511942771782,48.24165915238955,43.68886292354821,60.85627860769109,124.76507525367872,6.802388955217404,52.371150181387854,549429561.0,7592828.36,0,0.1752037597749916,76.0,72.0,4.0,117.332,117.03649742161224,101.9888903579694,-0.3139188770242143,10.631430842670227,10.945349719694441
1728964800,2024-10-15,131.27,132.04,125.82,127.58,6937815.0,119.18800000000002,143.18452441500608,95.19147558499395,125.76366666666668,111.81066666666668,118.78716666666666,119.18800000000002,6.219999999999999,130.49125,107.88475000000003,0,65.56687098727573,41.034711474684954,41.51534112748344,53.65210149205661,125.81210100722963,6.760789744130447,51.345826090309686,542491746.0,7592232.18,0,0.10174634530337655,72.0,68.0,4.0,119.18800000000002,118.04064052431583,102.99246328510785,-0.6164013087574247,10.174848083747662,10.791249392505087
1729051200,2024-10-16,130.01,135.32,127.73,134.93,7574240.0,121.40950000000001,142.41080422140448,100.40819577859554,128.05416666666665,113.66016666666667,120.85716666666667,121.40950000000001,7.739999999999995,133.05475,109.76425,0,69.01951074608093,49.09392265193371,41.15331025481202,61.08763376813359,127.1482045809218,6.830733333835414,50.68041322295715,550065986.0,7618004.42,0,0.2404337221134692,68.0,64.0,4.0,121.40950000000001,119.64915095057147,104.2449157052997,-0.40300059353289086,10.287498650588972,10.690499244121863
1729137600,2024-10-17,138.7,138.7,126.28,126.56,11724077.0,123.13550000000001,139.31976702078228,106.95123297921775,130.35083333333333,115.20983333333334,122.78033333333333,123.13550000000001,12.419999999999987,135.341,110.93,0,61.61379177336698,37.50543242068665,37.376894908461644,54.029015507808765,127.97207068773065,7.229966667132883,50.34012148710442,538341909.0,7675355.74,0,0.13864922434026755,64.0,60.0,4.0,123.13550000000001,120.30732705051703,105.12001705018992,-0.8797362895750069,9.590828882153104,10.470565171728111
1729224000,2024-10-18,126.59,131.52,124.67,130.43,6257314.0,124.293,139.02167421053164,109.56432578946837,131.4153333333333,116.62433333333334,124.01983333333332,124.293,6.8500000000000085,135.84075,112.74525000000001,0,63.51892303614259,21.579045488441466,35.24066980735641,49.28976537520185,128.598605335828,7.202826190909106,49.67762524745638,544599223.0,7585547.3,0,0.15117565204326724,60.0,56.0,4.0,124.293,121.27139114094398,106.11256540116285,-0.9809115429955693,9.244425742983651,10.22533728597922
1729483200,2024-10-21,130.85,132.69,127.1,129.65,4314826.0,125.225,138.78638709719544,111.66361290280454,132.28933333333333,117.68633333333332,124.98783333333333,125.225,5.590000000000003,136.63174999999998,113.81824999999999,0,62.85706654802759,16.79128006485902,33.299703804812495,48.4450573680471,129.1217993898888,7.087624320129884,49.16920181653557,540284397.0,7560116.98,0,0.100073278058859,56.00000000000001,52.00000000000001,4.0,125.225,122.0693538894255,107.03560205209764,-1.1359054537549458,8.805455468785539,9.941360922540484
1729569600,2024-10-22,127.29,128.16,124.01,124.34,5757959.0,125.85349999999998,137.9481438971959,113.75885610280405,132.9325,118.35150000000002,125.64200000000001,125.85349999999998,5.640000000000001,137.35549999999998,114.35149999999999,0,58.48973024161344,11.246309385344912,29.7834082852778,43.12259533591748,129.33701066481763,6.98422258297775,48.01206198442221,534526438.0,7566924.74,0,0.03638534334234151,52.0,48.0,4.0,125.85349999999998,122.2856058999564,107.71420589319186,-1.6030118781711877,7.9375960748265015,9.54060795299769
1729656000,2024-10-23,123.31,127.98,122.42,125.41,4554642.0,126.203,137.81246872169345,114.59353127830654,133.27333333333334,118.82333333333334,126.04833333333333,126.203,5.560000000000002,137.50925,114.89675,0,59.09260896936192,5.902719135281198,27.247957274994207,34.993708204917695,129.0504688365295,6.8824923984793385,46.596230257544036,539081080.0,7528106.92,0,-0.0020403871443481648,48.0,44.0,4.0,126.203,122.58316724281768,108.40815860326278,-1.8304476054156673,7.252548446228104,9.082996051643772
1729742400,2024-10-24,125.21,126.4,122.61,124.88,3317361.0,126.77099999999999,136.85403704247773,116.68796295752225,133.48,119.48499999999999,126.48249999999999,126.77099999999999,3.7900000000000063,137.736,115.80599999999998,1,58.64848959107941,10.007047216349543,25.03267852864027,26.46583401147953,128.15207920015982,6.661600084302243,45.28152936830002,535763719.0,7491560.7,0,-0.07352100593826508,44.0,40.0,4.0,126.77099999999999,122.80191321969218,109.05411316784071,-1.9936761279780608,6.590900891671197,8.584577019649258
1729828800,2024-10-25,126.64,127.64,122.41,123.34,3792453.0,127.085,136.2918941560104,117.8781058439896,133.86766666666665,119.88466666666667,126.87616666666668,127.085,5.230000000000004,138.029,116.14099999999999,1,57.33061405014178,5.36477020331454,22.680912458359913,29.78808608088029,127.15240407276221,6.559342935423513,44.222218289425605,531971266.0,7468277.16,0,-0.009869900180634123,40.0,36.0,4.0,127.085,122.8531595797215,109.61434402400383,-2.1680159589518766,5.874557070959412,8.042573029911289
1730088000,2024-10-28,124.51,127.9,123.28,127.07,5213272.0,127.54450000000001,135.72838532421966,119.36061467578035,134.27083333333331,120.36683333333333,127.31883333333333,127.54450000000001,4.6200000000000045,138.42925000000002,116.65975000000002,1,59.64270100771213,7.796063793688496,21.620153722203288,36.26235922105739,126.99342596457318,6.42081844003612,43.273638836030464,537184538.0,7476106.28,0,0.10365909043108468,36.0,32.0,4.0,127.54450000000001,123.25476342927185,110.29887955247428,-1.9989205255195035,5.54392237301191,7.542842898531413
1730174400,2024-10-29,124.88,127.15,123.65,125.95,4738626.0,127.74849999999999,135.55093622210254,119.94606377789745,134.37616666666668,120.87916666666668,127.62766666666667,127.74849999999999,3.5,138.328,117.169,1,58.638419166649605,3.347829654549929,20.350527315909858,38.12968077246551,127.32818880010441,6.212188551462112,42.39281505787784,532445912.0,7493908.5,0,0.10536702788162756,32.0,24.0,8.0,127.74849999999999,123.51145262648406,110.912648981789,-1.9283905091395086,5.132354762107028,7.060745271246536
1730260800,2024-10-30,126.34,127.74,120.82,123.42,4166528.0,127.68599999999999,135.6052257197265,119.76677428027348,134.354,120.949,127.65149999999998,127.68599999999999,6.920000000000002,138.1965,117.1755,1,56.38101116138301,-1.0026469880484479,18.38714444228784,32.578528419685895,127.38837527287829,6.262746512071962,40.8096732058223,528279384.0,7488568.0,0,0.12393621428415738,28.000000000000004,24.000000000000004,4.0,127.68599999999999,123.5027428525332,111.40313333544434,-2.008924400581729,4.5495897705193755,6.558514171101105
1730347200,2024-10-31,123.62,125.03,121.74,124.26,4073477.0,127.31350000000002,135.14089362750963,119.48610637249041,133.71416666666667,120.90416666666667,127.30916666666667,127.31350000000002,3.2900000000000063,137.32975000000002,117.29725000000002,1,56.96008556166151,-5.656366259205833,16.984635121494655,35.03454440787321,128.031215072385,6.050407475495393,39.339612914627864,532352861.0,7489208.74,0,0.031032891494608493,24.0,20.0,4.0,127.31350000000002,123.57486258086337,111.90732418503477,-1.9602762310492805,4.108168882289505,6.068445113338785
1730433600,2024-11-01,123.91,125.64,118.43,118.84,5979565.0,126.37349999999999,133.49855515767973,119.24844484232025,132.99116666666666,120.11416666666666,126.55266666666667,126.37349999999999,7.209999999999994,136.41375,116.33324999999999,1,52.248879015171845,-13.658820110433004,13.84436705070444,22.294350181828193,127.13515798543206,6.133235512960007,37.116675333514955,526373296.0,7505050.7,0,-0.11667882770833418,20.0,16.0,4.0,126.37349999999999,123.12392328744781,112.17919382483733,-2.2282401752493817,3.283144894277058,5.5113850695264395
1730696400,2024-11-04,117.03,118.14,110.88,115.1,10742732.0,125.60149999999999,133.98773222907516,117.21526777092481,131.63150000000002,119.56949999999999,125.60050000000001,125.60149999999999,7.960000000000008,135.083,116.11999999999999,1,49.287802192187776,-11.827792247586945,9.958086046887129,21.55710125288718,125.39751895964213,6.263718690605721,35.40151899342341,515630564.0,7613592.9,0,-0.05340435840072277,16.0,-84.0,100.0,125.60149999999999,122.35974011721468,112.29373524347116,-2.5683110604970123,2.3009962439051748,4.869307304402187
1730782800,2024-11-05,115.66,121.59,115.24,121.22,6438761.0,125.3,133.8592803435791,116.74071965642091,131.32833333333332,118.98133333333332,125.15483333333334,125.3,6.490000000000009,135.00425,115.59575,1,53.7979441648626,-4.738703339882123,8.604548982061184,19.716534670644236,124.23871227850015,6.279881641276741,33.09476695415295,522069325.0,7646887.92,0,-0.06781238827365761,12.0,-84.0,96.0,125.3,122.2511934393847,112.6437848417664,-2.300654236039523,1.9934895093527842,4.294143745392307
1730869200,2024-11-06,124.47,126.29,120.4,125.39,7411320.0,125.39500000000001,133.91389546830922,116.8761045316908,131.3826666666667,119.01666666666668,125.19966666666667,125.39500000000001,5.890000000000001,135.00475,115.78525,1,56.568360454358526,1.5385861203336348,8.74094699287087,30.705095885397114,123.2598584788336,6.252032952614116,31.35436030400387,529480645.0,7736094.8,0,0.14127620829990797,8.0,-84.0,92.0,125.39500000000001,122.55012739753855,113.14363641659911,-1.7853172578671228,2.0624971730584036,3.8478144309255264
1730955600,2024-11-07,137.34,142.99,129.3,134.97,14877347.0,125.97250000000001,135.39553321653804,116.54946678346198,132.45183333333333,119.12183333333334,125.7868333333333,125.97250000000001,17.60000000000001,136.5985,115.3465,1,62.068675749055885,9.358288770053473,11.545160745832217,46.13547121576976,125.0254532637734,7.062602027427395,31.72796754482963,544357992.0,7962661.06,0,0.04713630351070739,4.0,-84.0,88.0,125.97250000000001,123.73297240729677,113.99957224339914,-0.792431313241118,2.8572752893741296,3.6497066026152476
1731042000,2024-11-08,134.49,143.96,134.49,141.11,9826064.0,126.79849999999999,138.266323289534,115.33067671046598,133.3295,120.12750000000001,126.72849999999998,126.79849999999999,9.469999999999999,137.3285,116.26849999999999,0,65.05442168458447,13.25949113090939,15.299643997482784,49.952323030223255,126.4011896697037,7.234559025468295,32.15974307485897,554184056.0,8062197.8,0,0.0914776761173857,100.0,16.0,84.0,126.79849999999999,125.38792741612565,115.06272627306977,0.22999769773605738,3.93720372478532,3.7072060270492626
1731301200,2024-11-11,145.47,148.97,141.16,144.99,7850401.0,127.47200000000001,141.3076128884838,113.63638711151624,134.13266666666667,120.79166666666667,127.46216666666666,127.47200000000001,7.859999999999985,137.96075000000002,116.98325,0,66.7931140400953,10.241788321167881,19.112087089830098,57.771411310117045,128.0304411460047,7.279233380791987,32.98011350788163,562034457.0,8140264.76,0,0.13987436742476653,100.0,20.0,80.0,127.47200000000001,127.25479147173273,116.23634485059645,1.0725941806137742,5.047948752816481,3.975354572202707
1731387600,2024-11-12,143.12,145.17,136.48,141.37,5314726.0,128.1615,143.26617116490715,113.05682883509283,134.8825,121.2945,128.0885,128.1615,8.689999999999998,138.8355,117.48749999999998,0,63.68142271060699,10.80890421696191,20.771063027264013,56.91631431427582,128.90024714279858,7.3800024250211305,32.852311962203835,556719731.0,8056801.94,0,0.14218134611826538,96.0,20.0,76.0,128.1615,128.59909704585343,117.22197838586719,1.2772276811230512,5.571889173606522,4.2946614924834705
1731474000,2024-11-13,144.62,146.78,140.52,141.33,3863155.0,128.4815,144.3956713890475,112.56732861095253,135.32683333333335,121.87183333333334,128.5993333333333,128.4815,6.259999999999991,139.04450000000003,117.91850000000001,0,63.64693454264564,4.74320017787001,22.048824557773738,60.78736901797106,129.62312510848582,7.300002251805334,32.88659702436521,552856576.0,8028411.12,0,0.10402717929950202,92.0,20.0,72.0,128.4815,129.8115639938674,118.16739099818614,1.296827293668434,5.915695609569013,4.6188683159005794
1731560400,2024-11-14,141.44,142.61,137.4,137.69,3230222.0,129.03799999999998,145.41612394628814,112.65987605371183,135.40233333333333,122.66833333333332,129.0353333333333,129.03799999999998,5.210000000000008,139.06025,119.01574999999998,0,60.50796087892405,8.794247787610615,21.76768505365453,60.898317547367284,130.16311687161613,7.150716376676383,32.33760677455307,549626354.0,8006877.54,0,0.10009626908614638,88.0,20.0,68.0,129.03799999999998,130.56189123254669,118.9329835080612,0.9667244843966314,5.827273921396369,4.8605494369997375
1731646800,2024-11-15,136.83,141.81,136.27,141.36,3562142.0,129.5845,146.81897414341316,112.35002585658683,135.88383333333334,123.28083333333333,129.58233333333334,129.5845,5.539999999999992,139.5085,119.66049999999998,0,62.47224299994746,8.379973932377526,22.37959530608526,60.38107704375,130.76745488700854,7.035665206913784,31.620043978798982,553188496.0,7974889.86,0,0.09801776522634345,84.0,20.0,64.0,129.5845,131.5902825437327,119.81247435088234,0.8990432685815755,5.984353522726707,5.085310254145131
1731906000,2024-11-18,141.93,151.79,141.93,145.81,5753270.0,130.39249999999998,149.02226529642755,111.76273470357243,136.93216666666666,123.90216666666667,130.41716666666667,130.39249999999998,10.429999999999978,140.6795,120.10549999999998,0,64.71244031459364,12.464327034323174,23.864662670947016,66.02285858315642,132.00429111416648,7.278117692134226,31.95835441575763,558941766.0,8007517.82,0,0.06778803225958065,100.0,40.0,60.0,130.39249999999998,132.9445413490915,120.83198516065167,1.047119461075928,6.394209580490042,5.347090119414114
1731992400,2024-11-19,143.34,154.09,142.33,154.0,6372412.0,131.87550000000002,152.90897947915363,110.84202052084642,138.5445,124.75349999999999,131.64899999999997,131.87550000000002,11.759999999999991,142.62150000000003,121.12950000000002,0,68.37031495338506,23.853948849927615,26.80402410833689,71.25656777421992,133.56728141184226,7.598252142696067,32.46792817885368,565314178.0,8067108.68,0,0.1429326769496604,100.0,43.99999999999999,56.00000000000001,131.87550000000002,134.9498231253685,122.13269162493984,1.5589572841039327,7.29578672454403,5.736829440440097
1732078800,2024-11-20,154.9,156.84,150.42,153.77,4440893.0,133.2935,156.13814162555357,110.44885837444643,140.00783333333334,126.13083333333331,133.0693333333333,133.2935,6.420000000000016,144.10399999999998,122.483,0,68.16144963182803,22.613826648592628,29.011836840531497,75.55770271974222,134.92196197115967,7.514091275360634,33.169293320649096,560873285.0,8056040.94,0,0.12175860945286165,96.0,44.0,52.0,133.2935,136.74222092295247,123.37337038474612,1.7310645571217202,7.900660136842248,6.169595579720528
1732165200,2024-11-21,156.86,166.67,155.99,165.68,7868541.0,135.33350000000002,161.80708931085798,108.85991068914204,142.25983333333335,127.69383333333334,134.97683333333333,135.33350000000002,12.899999999999977,146.82725000000002,123.83975000000001,0,72.70631707127875,32.67136450992954,33.07684152125048,81.9419719216441,138.02419279497462,7.898799041406302,34.513078889617205,568741826.0,8136151.68,0,0.23943197972995772,100.0,52.0,48.0,135.33350000000002,139.4981998826713,125.03245389906981,2.452014147884615,9.234613264576296,6.7825991166916815
1732251600,2024-11-22,167.73,167.73,157.24,161.02,6993281.0,137.21750000000003,165.3216554756583,109.11334452434176,144.39950000000002,129.3075,136.8535,137.21750000000003,10.48999999999998,149.10575000000003,125.32925000000003,0,68.66911984933732,30.549700016215343,34.45971718797521,82.55123995920488,142.481856760552,8.083884824162993,35.826510214677846,561748545.0,8149555.42,0,0.20956451272730892,96.0,52.0,44.0,137.21750000000003,141.5478951319407,126.44373021675335,2.4161267760137797,9.802757586708907,7.386630810695127
1732510800,2024-11-25,165.08,165.45,151.86,153.28,7673782.0,138.528,167.05834076207242,109.99765923792756,146.387,130.398,138.3925,138.528,13.589999999999975,151.089,125.967,0,62.592506524196175,20.6264263791611,32.729885066646695,74.3791312578861,145.21026039526942,8.477178765294207,36.011997112798966,554074763.0,8164087.96,0,0.08311586562302052,92.0,52.0,40.0,138.528,142.66523845270822,127.49613295335126,1.7056846874540925,9.518736670012743,7.81305198255865
1732597200,2024-11-26,153.52,163.23,152.75,161.75,5331061.0,140.318,169.93851626828896,110.69748373171106,148.41899999999998,131.732,140.0755,140.318,10.47999999999999,153.4025,127.23350000000002,0,66.05287223551012,28.423977768955933,32.90947007943451,74.2480140681586,147.7039813532157,8.620237424916048,36.184234946768576,559405824.0,8151077.0,0,0.07076442572518366,88.0,52.0,36.0,140.318,144.48283479054552,128.83942185714142,1.6402840490595256,9.863407043883058,8.223122994823532
1732683600,2024-11-27,160.78,162.24,152.55,153.66,4819867.0,141.82999999999998,170.92851748800905,112.73148251199092,150.1653333333333,133.20133333333334,141.68333333333334,141.82999999999998,9.689999999999998,155.12224999999998,128.53775,0,60.4323771199706,24.501701507049095,30.355140807767118,65.59122870945748,150.33972449392337,8.696649037422045,36.30397057937022,554585957.0,8128311.66,0,0.06533503563048723,84.0,52.0,32.0,141.82999999999998,145.35685052477928,129.81277786274373,0.9220522526694435,9.375688310660337,8.453636057990893
1732856400,2024-11-29,157.61,160.0,155.86,158.95,2475784.0,143.5645,172.40141486619137,114.72758513380865,151.93749999999997,134.8885,143.41299999999998,143.5645,6.340000000000003,157.0855,130.04350000000002,0,62.62158638821182,27.917270239819718,29.35024431747493,62.64700212311042,151.96347501256028,8.52831696332047,36.41515366678603,557061741.0,8020072.92,0,0.03606197108106449,80.0,52.0,28.000000000000004,143.5645,146.651436189086,130.95541402498907,0.6840682297619978,9.30872134519339,8.624653115431393
1733115600,2024-12-02,160.7,162.42,152.68,153.25,4843847.0,145.28500000000003,172.04745093409736,118.52254906590268,153.8213333333333,136.51933333333335,145.17033333333333,145.28500000000003,9.73999999999998,158.99575000000002,131.57425000000003,0,58.92386550311344,28.95489734096264,26.846884365857314,54.54625593442614,152.9900316417004,8.61486575165472,35.83161108980905,552217894.0,7649780.9,0,-0.01932188069468345,76.0,52.0,24.0,145.28500000000003,147.27987083774448,131.82971151420517,0.056654467834249544,8.695471200224205,8.638816732389955
1733202000,2024-12-03,154.77,158.0,153.04,153.3,3898821.0,147.195,170.26570826827748,124.12429173172252,155.70999999999998,138.638,147.174,147.195,4.960000000000008,160.68075,133.70925,0,58.946249335473226,33.188531711555186,24.938240513176034,55.27314226767322,153.98356419796502,8.353803912250813,35.28975012547328,556116715.0,7415458.04,0,-0.07814709773681178,72.0,52.0,20.0,147.195,147.853216472245,132.6716836116873,-0.4151338038919903,8.119899477524967,8.535033281416958
1733288400,2024-12-04,158.05,163.34,156.14,160.41,5327192.0,149.1545,169.57228976774826,128.73671023225177,157.78316666666666,140.62616666666668,149.20466666666667,149.1545,10.039999999999992,162.9065,135.40250000000003,0,62.04238370071813,32.329648572842764,24.698890565609545,56.466380376277364,155.01348425129805,8.474246489947182,35.39950767767469,561443907.0,7327547.1,0,-0.023467063450469776,68.0,52.0,16.0,149.1545,149.04910061774547,133.7594607249545,-0.31314823206489706,8.143597991335838,8.456746223400735
1733374800,2024-12-05,160.1,163.94,158.69,159.98,3554231.0,150.88400000000001,168.64377071923974,133.1242292807603,159.59333333333333,142.50033333333334,151.04683333333332,150.88400000000001,5.25,164.588,137.18000000000004,0,61.74593430083456,27.58593189249541,24.387007069944115,60.88738169057751,155.99803720199392,8.243943169236669,35.56578928052795,557889676.0,7081262.9,0,-0.008783652180643375,64.0,52.0,12.0,150.88400000000001,150.09013865415065,134.78771716711316,-0.33735004016439873,8.035058673195238,8.372408713359636
1733461200,2024-12-06,160.2,162.58,156.41,159.09,3220359.0,152.08999999999997,168.5947968784824,135.58520312151754,160.39766666666668,144.05666666666667,152.22716666666668,152.08999999999997,6.170000000000016,164.93674999999996,139.24325,0,61.10976796935431,17.87063791953768,23.877947140844487,56.43368313084728,156.9416197850576,8.09580437143405,35.17762233031188,554669317.0,6885921.58,0,-0.05575994829253403,60.0,52.0,8.0,152.08999999999997,150.9472683061363,135.74074786644206,-0.46796219094959923,7.787455974672639,8.255418165622238
1733720400,2024-12-09,159.28,159.81,145.34,147.48,6844247.0,152.4085,168.28744489567754,136.52955510432247,161.1988333333333,144.35783333333333,152.77833333333334,152.4085,14.469999999999999,165.63025,139.18675000000002,0,53.53577319027887,4.51420877329741,20.128544948358034,48.22969803011299,157.19283894349863,8.551104059188761,32.73665719605204,547825070.0,6880136.88,0,-0.10372959531454921,56.00000000000001,52.00000000000001,4.0,152.4085,150.61705227698047,136.20111069520905,-1.3414821538820156,6.57856547326972,7.920047627151735
1733806800,2024-12-10,145.07,146.98,138.52,140.73,7109745.0,152.19549999999998,168.57323058149277,135.8177694185072,161.08316666666667,144.17716666666666,152.63016666666667,152.19549999999998,8.95999999999998,165.49974999999998,138.89124999999999,0,49.76131868362634,-2.938133664390661,15.356856244783955,39.783838896980946,156.3524202981284,8.58031091210385,31.25946622701257,540715325.0,6871809.88,-1,-0.23267282540250972,52.0,48.0,4.0,152.19549999999998,149.67542825060136,136.37871419735774,-2.3216396257355125,5.017998094982346,7.3396377207178585
1733893200,2024-12-11,145.13,147.58,142.64,145.19,6209303.0,152.3865,168.33834161781843,136.4346583821816,161.10216666666665,144.57116666666667,152.83666666666667,152.3865,6.850000000000023,165.55275,139.22025000000002,0,52.10968215264149,2.7021291646035177,12.516981511096455,40.895201151637245,155.59412660187664,8.456717275525005,29.790921469765287,546924628.0,6853462.44,0,-0.22717344458073876,48.0,44.0,4.0,152.3865,149.24824460768693,136.7242548170692,-2.596566450238469,4.093929657919773,6.690496108158242
1733979600,2024-12-12,145.61,148.15,143.79,144.27,3703005.0,152.5335,168.12519942629615,136.94180057370386,161.1335,144.7925,152.96300000000002,152.5335,4.360000000000014,165.55725,139.50975,0,51.58609485696998,2.0802377414561644,10.04689227860282,36.94531339373043,154.28477975344833,8.164094612987506,28.33056669772397,543221623.0,6751669.5,0,-0.3694385335613295,44.0,40.0,4.0,152.5335,148.77412607362152,137.0201663928704,-2.7524771803021846,3.2498996327805116,6.002376813082696
1734066000,2024-12-13,145.53,148.52,142.79,144.08,4016382.0,152.853,167.44475123143084,138.26124876856917,161.45433333333332,145.06133333333335,153.25783333333334,152.853,5.730000000000018,165.91575,139.79025000000001,0,51.473660795062486,4.640859902679944,8.01502008969934,38.86965957103287,152.97080605775622,7.990230712059828,27.120768535769987,539205241.0,6551461.08,0,-0.389059970003309,40.0,20.0,20.0,152.853,148.32706644756234,137.29702261275784,-2.77275748314642,2.5364299591496717,5.309187442296092
1734325200,2024-12-16,143.9,146.4,142.48,144.52,4801267.0,153.011,167.16336079246014,138.85863920753985,161.606,145.375,153.4905,153.011,3.920000000000016,165.95225,140.06975,0,51.730119204762666,2.235427277872097,6.4497586766526895,40.84275964577939,151.90208969563466,7.6994999469127,26.04474823530387,544006508.0,6399458.38,0,-0.3112349008306718,36.0,20.0,16.0,153.011,147.96448869065165,137.58027662794382,-2.660439331440397,1.9836382779955954,4.644077609435993
1734411600,2024-12-17,142.08,142.57,135.34,138.99,5475158.0,152.67000000000002,167.79517768490552,137.5448223150945,161.09733333333332,145.12933333333334,153.11333333333334,152.67000000000002,9.180000000000007,165.5175,139.82250000000002,0,48.349616422279674,-4.677319799739382,3.758172332414897,32.68130186285174,150.24354646644747,7.80524995070465,26.02905049243958,538531350.0,6195514.8,0,-0.36745704509698995,32.0,20.0,12.0,152.67000000000002,147.10977548201816,137.6355598974362,-2.8458267139941285,1.086794216943332,3.9326209309374605
1734498000,2024-12-18,140.46,140.46,130.91,132.15,5690551.0,151.57750000000001,169.12335634843637,134.03164365156366,160.20516666666668,144.45816666666667,152.33166666666668,151.57750000000001,9.550000000000011,164.25925,138.89575000000002,0,44.5584306146651,-14.188311688311684,-0.12428923397345393,32.63937699657552,148.48651166944458,7.929874954225747,26.51623115648641,532840799.0,6129277.26,0,-0.3700955985879339,28.000000000000004,-72.0,100.0,151.57750000000001,145.6850349599212,137.4204399014583,-3.285206769844092,-0.17388753136765445,3.1113192384764377
1734584400,2024-12-19,133.86,138.95,132.58,136.44,7554355.0,150.711,169.41183302957293,132.0101669704271,159.31833333333333,143.57633333333337,151.44733333333335,150.711,6.799999999999983,163.42125000000001,138.00075,0,47.287253012307026,-11.270078688951038,-2.190163024563095,36.67413540146526,146.84460976094857,7.849169600352478,26.96861320167275,540395154.0,6084739.4,0,-0.33880625904719147,24.0,-72.0,96.0,150.711,144.80455543992872,137.38199127787172,-3.14297323504346,-0.8173973053278871,2.3255759297155727
1734670800,2024-12-20,131.92,141.06,131.47,139.39,8735096.0,149.3965,167.38617289863734,131.40682710136267,157.99016666666665,142.35716666666667,150.17366666666666,149.3965,9.590000000000003,161.8585,136.9345,0,49.10065088900657,-15.867938194109138,-3.1106061118013026,46.05532371170697,145.1605047094653,7.973514628898729,26.916946141647877,549130250.0,6142590.74,0,-0.1905507856482027,20.0,-72.0,92.0,149.3965,144.28888349326883,137.4607367179552,-2.722003884029644,-1.0769289253214822,1.645074958708162
1734930000,2024-12-23,139.44,140.8,135.08,140.23,2871442.0,148.357,165.93795230640163,130.77604769359837,156.587,141.43099999999998,149.00900000000001,148.357,5.719999999999999,160.46125,136.25275,0,49.62013008597808,-12.911439572723898,-3.6414371263658136,50.598163025076026,144.4143411821154,7.8125492982631055,26.868969585910488,552001692.0,5982095.96,0,-0.11608275703715079,16.0,-72.0,88.0,148.357,143.90232316057654,137.5693352780354,-2.2768475056213426,-1.2009844233185163,1.0758630823028263
1735016400,2024-12-24,141.46,143.58,140.46,142.79,1642685.0,147.8325,165.42058104939164,130.24441895060838,155.33416666666668,141.22516666666667,148.27966666666666,147.8325,3.3500000000000227,159.16875000000002,136.49625,0,51.21732748689826,-6.843684759916499,-3.405992614607985,47.611314138737725,143.2055126723769,7.493795776958599,26.18778762227746,553644377.0,5774912.04,0,-0.12459967431188636,12.0,-72.0,84.0,147.8325,143.796387621474,137.77406722791636,-1.7249112221743492,-1.08027594541511,0.6446352767592392
1735189200,2024-12-26,142.33,144.3,140.88,143.53,1929165.0,146.92149999999998,163.38308713490196,130.459912865098,154.1641666666667,140.76116666666667,147.46266666666665,146.92149999999998,3.420000000000016,157.72825,136.11474999999996,0,51.68341336850034,-11.264296754250386,-3.0145166040537656,46.04966513236163,142.29771730348963,7.2028103643187,25.393418015385155,555573542.0,5674739.04,0,-0.08641244060545117,8.0,-72.0,80.0,146.92149999999998,143.77101737180982,137.99979008172357,-1.2471975014885461,-0.9143616001014436,0.3328359013871026
1735275600,2024-12-27,142.43,142.43,136.19,139.12,3214672.0,146.1945,162.6857382494454,129.70326175055462,153.1465,140.0885,146.6175,146.1945,7.340000000000003,156.82500000000002,135.564,0,48.7609074301675,-9.4624495639724,-3.816231997182165,46.35564855974949,141.3699591624709,7.212609624010222,25.379569065420128,552358870.0,5587547.68,0,-0.08316712869142869,4.0,-72.0,76.0,146.1945,143.32806333639937,138.0437198824403,-1.1668659411072806,-1.1257465249969982,0.041119416110282414
1735534800,2024-12-30,135.51,140.61,134.32,139.53,4930578.0,145.2235,160.86102317344316,129.58597682655684,152.2481666666667,138.97516666666667,145.61166666666668,145.2235,6.2900000000000205,155.85025000000002,134.59675,0,49.042895424722786,-12.217678515256363,-4.363704261552817,48.06778097399408,140.1778256792583,7.1467089365809215,25.627078070607535,557289448.0,5451677.7,0,0.03318056976754627,12.0,-60.0,72.0,145.2235,142.96634301864705,138.10200537724657,-1.0295562702562777,-1.2458259217100647,-0.21626965145378702
1735621200,2024-12-31,139.35,139.88,136.47,137.32,2761579.0,144.427,159.97057114693956,128.88342885306042,151.02033333333333,138.38033333333334,144.70033333333333,144.427,3.4099999999999966,154.579,134.27499999999998,0,47.55786168732226,-10.394779771615012,-5.403209100923008,51.4719355817733,139.86589977496683,6.87980115539657,25.856907861138698,554527869.0,5381763.0,0,0.06709298330316621,8.0,-60.0,68.0,144.427,142.4285960644902,138.07133849970748,-1.02858753565631,-1.5020040710241744,-0.47341653536786454
1735794000,2025-01-02,139.07,149.29,137.71,149.06,6169614.0,144.215,159.37975321263002,129.05024678736999,150.88,137.578,144.22899999999998,144.215,11.969999999999999,154.89275,133.53725,0,55.15165626537107,-2.7658186562296208,-2.829882698655845,51.44776670097126,139.88365784227383,7.243386787153958,24.032490606551743,560697483.0,5418858.76,0,0.15727388979541762,4.0,-60.0,64.0,144.215,143.06015834406256,138.50226640167975,-0.2205246718920616,-0.7490723752329416,-0.52854770334088
1735880400,2025-01-03,153.74,162.01,151.05,161.71,8762610.0,144.28,159.7303152071397,128.8296847928603,150.98266666666666,137.30466666666666,144.14366666666666,144.28,12.949999999999989,155.17600000000002,133.384,0,61.478416893184665,0.8104232903185657,2.6573177185326604,55.680672480250536,141.93392126831677,7.651002016642961,24.04003524475224,569460093.0,5478951.78,1,0.30860934975741605,100.0,40.0,60.0,144.28,144.83633373986612,139.4123736016139,1.10962585985051,0.8584846214722575,-0.25114123837825253
1736139600,2025-01-06,164.5,165.34,158.86,163.29,7406885.0,144.44549999999998,160.61895661879277,128.2720433812072,151.12550000000002,137.3245,144.225,144.44549999999998,6.47999999999999,155.43374999999997,133.45725,0,62.179873686296666,2.0690086260782614,7.249926327920192,63.9695934539192,143.87245686833694,7.567359015454177,24.395491310566857,576866978.0,5535996.64,1,0.36256740520316383,100.0,43.99999999999999,56.00000000000001,144.44549999999998,146.59382576464077,140.34875110743297,1.9882915382690838,2.234223184458102,0.24593164618901842
1736226000,2025-01-07,163.95,164.55,155.18,162.72,5258711.0,144.627,161.51925041254043,127.73474958745959,151.35833333333332,137.23733333333334,144.29783333333336,144.627,9.370000000000005,155.85525,133.39875,0,61.75285390353568,2.281727324156135,10.675057061476824,63.043429635928646,145.06372825541453,7.6961190857788795,24.070432553369518,571608267.0,5574823.64,0,0.40183078346425416,96.0,44.0,52.0,144.627,148.129651882294,141.22605498557286,2.3961744547366965,3.2411497146098895,0.8449752598731928
1736312400,2025-01-08,162.32,162.35,152.0,160.17,7198722.0,145.2615,163.43914591469346,127.08385408530657,151.5171666666667,137.80816666666666,144.66266666666667,145.2615,10.719999999999999,156.20850000000002,134.3145,0,59.81832972728544,8.604556550040684,12.641576385587994,60.85457071889391,146.78719413668478,7.9121105796518165,23.237413059188892,564409545.0,5642949.02,0,0.4479764718746705,92.0,44.0,48.0,145.2615,149.27635170302793,141.9689547900602,2.355777619477773,3.7896972842204093,1.4339196647426362
1736485200,2025-01-10,160.85,168.51,153.78,166.06,9743449.0,146.528,166.687844840672,126.36815515932798,152.866,138.53,145.698,146.528,14.72999999999999,157.90775,135.14825,0,62.66224612862369,17.999005187237984,15.572674172006057,70.14112093076413,149.67465635407382,8.399102681105258,23.180960425659997,574152994.0,5733552.56,1,0.5618097989376435,100.0,56.0,44.0,146.528,150.87479439797767,142.91370166103823,2.569777178217006,4.646141137513894,2.076363959296888
1736744400,2025-01-13,161.06,164.08,155.69,161.48,6289177.0,147.3425,168.5113477485188,126.17365225148122,153.8025,139.12150000000003,146.462,147.3425,10.370000000000005,158.98625,135.69875,0,59.23090581549856,11.219780976651279,16.475033261568832,61.45854803082539,151.89709051048555,8.539881061026312,23.12854012309745,567863817.0,5764563.58,0,0.5813253225001196,96.0,56.0,40.0,147.3425,151.88481397912264,143.64179179197794,2.2579812755779556,4.8988405537693325,2.640859278191377
1736830800,2025-01-14,166.01,174.3,165.03,169.83,7486299.0,148.6205,171.87639084511636,125.36460915488362,155.26383333333334,140.09183333333334,147.67783333333335,148.6205,12.820000000000022,160.89875,136.34224999999998,0,63.10784712293167,17.71678103555833,19.008231580016844,61.69196804424245,155.34484515484107,8.845603842381577,24.080751745259185,575350116.0,5830959.0,0,0.5192048559360608,100.0,64.0,36.0,148.6205,153.59387931444428,144.66878034915527,2.4529878176251323,5.707094050222793,3.2541062325976604
1736917200,2025-01-15,174.3,177.37,166.42,168.49,7817337.0,149.841,174.53339064975214,125.14860935024788,156.80633333333336,141.1123333333333,148.95933333333332,149.841,10.950000000000017,162.51075,137.17125000000001,0,62.11011215110174,16.941976679622428,20.563620911122474,64.51917252764824,157.43252038492662,8.995917853640035,25.21558191902044,567532779.0,5905836.2,0,0.3985168964365547,96.0,64.0,32.0,149.841,155.0125574749734,145.60294582565896,2.331441730621614,6.168408395874678,3.836966665253064
1737003600,2025-01-16,170.25,177.69,169.32,173.3,5771979.0,151.28000000000003,177.84752905333815,124.71247094666191,158.47733333333335,142.33833333333334,150.40783333333334,151.28000000000003,9.199999999999989,164.34575000000004,138.21425000000002,0,64.24597537464854,19.91419872681982,22.782255341668353,66.54220759740696,158.81641010092852,9.010495149808603,26.29576966491147,573304758.0,5901684.48,0,0.3661931047880145,100.0,72.0,28.000000000000004,151.28000000000003,156.75421866783307,146.68910481288805,2.405023040271119,6.843245465591963,4.438222425320844
1737090000,2025-01-17,168.35,172.59,165.83,170.18,8263482.0,152.8395,179.99347980038954,125.68552019961044,159.98216666666667,143.89016666666666,151.93616666666668,152.8395,7.469999999999999,165.777,139.902,0,61.86486197630441,22.44046334268652,23.532191273346083,59.51746797591593,160.12585758795188,8.90045978196513,26.622410900640535,565041276.0,5852099.48,0,0.3551188671853857,96.0,72.0,24.0,152.8395,158.03286450899185,147.61031638885325,2.085493559988686,7.045089375306702,4.959595815318016
1737435600,2025-01-21,178.58,188.02,174.15,184.61,10678236.0,155.4625,184.20410668786562,126.7208933121344,162.58583333333334,146.06183333333334,154.3238333333333,155.4625,17.840000000000003,169.02175,141.90325,0,67.69401288979608,39.69731365872116,26.911291674710608,66.07319930450075,163.20559657496722,9.538998368967622,28.126403604324334,575719512.0,5936888.98,0,0.3852894332643572,100.0,80.0,20.0,155.4625,160.56402027004023,149.0612843736041,2.6515668540771866,8.2740543829145,5.622487528837313
1737522000,2025-01-22,192.22,193.89,182.57,186.11,9003524.0,157.94599999999997,188.2262182290676,127.66578177093234,165.41000000000003,148.391,156.90050000000002,157.94599999999997,11.319999999999993,171.84425,144.04774999999995,0,68.22546062743841,36.40428026971564,29.75536728024501,72.05874291856985,166.54310862203587,9.66621277118422,29.8615399376955,584723036.0,5968733.06,0,0.3055809601852106,100.0,84.0,16.0,157.94599999999997,162.9969707205126,150.5141751824824,2.9118384623169824,9.262285606733542,6.3504471444165596
1737608400,2025-01-23,188.24,199.04,187.47,191.12,10217834.0,160.5325,192.80275743622067,128.26224256377932,168.27083333333331,151.05383333333333,159.66233333333332,160.5325,12.929999999999978,174.68125,146.38375,0,69.96270619100223,37.111700982853876,32.82049192014283,76.4714232612948,169.67566526709672,9.899340430385346,31.740713092733436,594940870.0,5875542.8,0,0.26320143801727464,100.0,88.0,12.0,160.5325,165.67535446141616,152.10656046944388,3.184158961587607,10.330645846401069,7.146486884813462
1737694800,2025-01-24,193.24,193.66,188.35,190.35,5265563.0,163.0385,196.37958173110093,129.69741826889907,170.8545,153.6785,162.2665,163.0385,5.310000000000002,177.1565,148.9205,0,69.34929262358663,35.74128217927691,34.962921244350945,71.25822552607882,172.06858937133572,9.571530399643535,33.48565959384009,589675307.0,5784332.78,0,0.19920931327982208,96.0,88.0,8.0,163.0385,168.02532070318605,153.60630319613236,3.0736325425418336,10.988527562990754,7.91489502044892
1737954000,2025-01-27,153.47,156.3,132.06,136.53,32356914.0,162.72549999999998,196.92748267644657,128.5235173235534,171.8781666666667,152.59016666666668,162.23416666666668,162.72549999999998,58.28999999999999,180.964,144.48699999999997,0,42.15547701152923,-4.38406050843896,20.459797116761173,54.58764639271106,165.56148925109247,13.051421085383282,32.65774727296208,557318393.0,6274463.04,-1,-0.05242434846105831,92.0,88.0,4.0,162.72549999999998,165.02576635050167,152.9366442472644,-0.6635934262282124,7.085403237663655,7.748996663891868
1738040400,2025-01-28,141.61,149.3,134.38,149.04,20930978.0,163.00100000000003,196.6645879846453,129.33741201535477,172.51999999999998,152.08200000000002,162.301,163.00100000000003,14.920000000000016,182.10200000000003,143.90000000000003,0,47.21945696810571,3.83891869295617,13.179365836782061,58.05246091538573,162.6658613514884,13.184891007855907,31.88897154643249,578249371.0,6586788.08,0,0.0719246240385184,88.0,84.0,4.0,163.00100000000003,163.50331241235864,152.78383466894033,-2.2435147464882297,4.944603230781581,7.188117977269811
1738126800,2025-01-29,146.66,159.36,146.04,154.59,14323395.0,163.7745,195.88263758223843,131.66636241776155,173.57816666666665,152.43216666666666,163.00516666666664,163.7745,13.320000000000022,183.32399999999998,144.225,0,49.29252606758419,11.119896492236917,9.212838312210357,63.668533616377275,161.86766802962282,13.194541650151915,30.357704557287686,592572766.0,6795992.88,0,0.07326458349805023,84.0,-8.0,92.0,163.7745,162.65442551594353,152.85466468192305,-2.8275147369414633,3.653724556092982,6.481239293034445
1738213200,2025-01-30,158.38,175.78,156.37,175.6,18034761.0,165.578,196.04653104434067,135.10946895565934,175.78900000000002,153.33100000000002,164.56,165.578,21.189999999999998,186.245,144.911,0,56.15484635788696,25.851071454167556,9.792793533954706,70.44598008789367,162.82885630018907,13.765645817998207,28.560281253666265,610607527.0,7092083.66,0,0.1499280117660793,80.0,-8.0,88.0,165.578,163.88733737156798,153.74663861596528,-1.7636107269064132,4.276725884401429,6.0403366113078425
1738299600,2025-01-31,174.3,175.72,166.47,167.36,12211844.0,167.07999999999998,194.6524420391076,139.50755796089237,177.67900000000003,154.637,166.158,167.07999999999998,9.25,188.18499999999997,145.975,0,53.18349871456255,21.875910282551718,8.728859586717995,70.96964420508543,163.3398790466253,13.443099688141192,26.89124532887494,598395683.0,7265077.7,0,0.0507042536869261,76.0,-8.0,84.0,167.07999999999998,164.21806714570437,154.28049592514313,-1.585251061873322,4.058772783966191,5.644023845839513
1738558800,2025-02-03,156.87,170.81,155.66,167.86,9846388.0,168.02,194.3236643835027,141.71633561649733,178.8286666666667,155.42966666666666,167.12916666666666,168.02,15.150000000000006,189.36350000000002,146.6765,0,53.341194116539775,12.612370857372879,8.036787277215028,69.42337482801236,163.5287882004926,13.565021138988252,25.33277303942806,608242071.0,7346940.06,0,0.0706813053472339,72.0,-8.0,80.0,168.02,164.56491789373254,154.81302549670616,-1.4099038552093361,3.8816440268278427,5.291547882037179
1738645200,2025-02-04,167.85,170.09,162.32,167.66,5640481.0,168.3175,194.46308155788367,142.17191844211632,179.09083333333336,156.01083333333332,167.55083333333332,168.3175,7.77000000000001,189.2725,147.36249999999998,0,53.26564947084973,3.679426133201403,7.484834941426014,69.06041644605833,163.36138943930274,13.151091057631948,23.88562019922738,602601590.0,7332301.44,0,0.0822825550444416,68.0,-8.0,76.0,168.3175,164.85968761813896,155.31682841840396,-1.2870956980030543,3.682678259533361,4.9697739575364155
1738731600,2025-02-05,171.69,175.66,168.0,170.92,7017680.0,168.699,194.76255148478324,142.63544851521678,179.60133333333334,156.40333333333334,168.0023333333333,168.699,8.0,189.76800000000003,147.63,0,54.374349411464244,4.672668258925835,7.51741240608847,68.91390413988888,163.35822761033504,12.783155982086809,22.230764935013905,609619270.0,7383837.18,0,0.1015093419627481,64.0,-8.0,72.0,168.699,165.43686022593525,155.92871750003516,-0.9799131374203718,3.7448825357609508,4.7247956731813225
1738818000,2025-02-06,170.92,174.25,166.61,169.2,5943833.0,169.023,194.9418989735279,143.10410102647208,179.975,156.95,168.46249999999998,169.023,7.639999999999986,189.96224999999998,148.08375,0,53.66725976994103,3.982300884955746,7.261290120684177,65.27747787345297,163.248785918644,12.415787697652036,20.696582470191096,603675437.0,7345343.02,0,0.0917967883010034,60.0,-8.0,68.0,169.023,165.79525449013187,156.44915995101417,-0.8888498357037209,3.6137333785516716,4.5025832142553925
1738904400,2025-02-07,170.2,174.27,164.47,166.23,6407721.0,169.326,194.9640017942106,143.6879982057894,180.45499999999998,157.48499999999999,168.97,169.326,9.800000000000011,190.19625,148.45575,0,52.42803975656023,3.7834800524442795,6.567031361297468,66.04585528150216,163.13313153170245,12.228945719248319,19.439464353274538,597267716.0,7333631.82,0,0.05422635800737629,56.00000000000001,-7.999999999999993,64.0,169.326,165.83665882440502,156.83272230587636,-1.015765798470123,3.2328759661677395,4.2486417646378625
1739163600,2025-02-10,168.32,172.01,164.87,167.72,5717730.0,169.40900000000002,195.0148992421658,143.80310075783424,180.34633333333335,158.13533333333334,169.24083333333334,169.40900000000002,7.139999999999986,189.71000000000004,149.108,0,53.00114253239583,0.9996386848127161,6.221717144435844,61.13717180505758,162.0573171059049,11.865449596444867,18.272140387566303,602985446.0,7294510.78,0,0.015484201634956642,52.0,-8.0,60.0,169.40900000000002,166.01602465065216,157.25967437231256,-0.9857118804176785,3.0165019141157643,4.002213794533443
1739250000,2025-02-11,165.84,169.72,163.67,166.94,4000039.0,169.68200000000002,195.05933918282108,144.30466081717896,180.54733333333334,158.57033333333334,169.55883333333333,169.68200000000002,6.050000000000011,189.65900000000002,149.705,0,52.651617798481446,3.3812236809512064,5.805784405495329,56.94503228797632,160.724916184689,11.450060339555948,17.292932322565168,598985407.0,7267890.34,0,0.0393817788276185,48.0,-8.000000000000007,56.00000000000001,169.68200000000002,166.104022302971,157.63929498516308,-1.0014672182276145,2.750379771748925,3.7518469899765394
1739336400,2025-02-12,162.78,170.3,160.43,165.94,5265433.0,169.4875,194.91689549025784,144.05810450974218,180.36916666666667,158.33216666666667,169.35066666666665,169.4875,9.870000000000005,189.24325000000002,149.73175,0,52.18716860917789,-2.290525819937593,5.2862779871474945,51.41303900509168,158.76578543853853,11.337198886730523,16.670958255940583,593719974.0,7276801.66,0,0.0693204848498264,44.0,-8.0,52.0,169.4875,166.08840113125947,157.96481282888217,-1.0568663289704068,2.4307640787635307,3.4876304077339375
